{
  "violations": [
    {
      "id": "STORAGE_SMOOTHING_CHEAT",
      "severity": 99.91722383111113,
      "hardfail": false,
      "details": {
        "adequacy_var": 2.0694042222221923e-06,
        "loss_share": 0.02138569718985113
      }
    }
  ]
}