{
  "violations": [
    {
      "id": "STORAGE_SMOOTHING_CHEAT",
      "severity": 99.87572886999999,
      "hardfail": false,
      "details": {
        "adequacy_var": 3.1067782499999375e-06,
        "loss_share": 0.027455160034869065
      }
    }
  ]
}