{
  "violations": [
    {
      "id": "STORAGE_SMOOTHING_CHEAT",
      "severity": 99.65463383111111,
      "hardfail": false,
      "details": {
        "adequacy_var": 8.63415422222227e-06,
        "loss_share": 0.017305743829030957
      }
    }
  ]
}