{
  "violations": [
    {
      "id": "STORAGE_SMOOTHING_CHEAT",
      "severity": 99.05918800333335,
      "hardfail": false,
      "details": {
        "adequacy_var": 2.352029991666666e-05,
        "loss_share": 0.03289420500375635
      }
    }
  ]
}