{
  "seed": 909,
  "configPath": "data\\sim_config.toml",
  "configHash": "f5bb79407e0501e6",
  "startYear": -5000,
  "endYear": -4860,
  "worldStartYear": -5000,
  "useGPU": false,
  "invariants": {
    "ok": true,
    "message": ""
  },
  "checkpoints": [
    {
      "year": -5000,
      "worldPopulation": 13980314.000000,
      "urbanShare": 0.024881,
      "medianCountryPop": 114872.000000,
      "medianCountryArea": 300.000000,
      "warFrequencyPerCentury": 0.000000,
      "tradeIntensity": 0.000779,
      "tradeActivePairShare": 0.001111,
      "techCapabilityLevels": {
        "tier1Share": 0.000000,
        "tier2Share": 0.000000,
        "tier3Share": 0.000000
      },
      "collapseCount": 3,
      "foodSecurity": {
        "mean": 1.000000,
        "p10": 1.000000
      },
      "diseaseBurden": {
        "mean": 0.000155,
        "p90": 0.000155
      },
      "stateQuality": {
        "stabilityMean": 0.982000,
        "stabilityP10": 0.951200,
        "legitimacyMean": 0.704529,
        "legitimacyP10": 0.701600,
        "lowStabilityPopShare": 0.000000,
        "lowLegitimacyPopShare": 0.000000
      }
    },
    {
      "year": -4990,
      "worldPopulation": 15129833.000000,
      "urbanShare": 0.028221,
      "medianCountryPop": 119450.000000,
      "medianCountryArea": 308.000000,
      "warFrequencyPerCentury": 0.000000,
      "tradeIntensity": 0.005511,
      "tradeActivePairShare": 0.002525,
      "techCapabilityLevels": {
        "tier1Share": 0.000000,
        "tier2Share": 0.000000,
        "tier3Share": 0.000000
      },
      "collapseCount": 12,
      "foodSecurity": {
        "mean": 0.949947,
        "p10": 0.780563
      },
      "diseaseBurden": {
        "mean": 0.000075,
        "p90": 0.000099
      },
      "stateQuality": {
        "stabilityMean": 0.996436,
        "stabilityP10": 0.997900,
        "legitimacyMean": 0.743069,
        "legitimacyP10": 0.680720,
        "lowStabilityPopShare": 0.000000,
        "lowLegitimacyPopShare": 0.000000
      }
    },
    {
      "year": -4980,
      "worldPopulation": 16247296.000000,
      "urbanShare": 0.028542,
      "medianCountryPop": 123759.000000,
      "medianCountryArea": 314.000000,
      "warFrequencyPerCentury": 0.000000,
      "tradeIntensity": 0.008214,
      "tradeActivePairShare": 0.001818,
      "techCapabilityLevels": {
        "tier1Share": 0.000000,
        "tier2Share": 0.000000,
        "tier3Share": 0.000000
      },
      "collapseCount": 12,
      "foodSecurity": {
        "mean": 0.960455,
        "p10": 0.805545
      },
      "diseaseBurden": {
        "mean": 0.000074,
        "p90": 0.000096
      },
      "stateQuality": {
        "stabilityMean": 0.970827,
        "stabilityP10": 0.949780,
        "legitimacyMean": 0.740101,
        "legitimacyP10": 0.632260,
        "lowStabilityPopShare": 0.000000,
        "lowLegitimacyPopShare": 0.000000
      }
    },
    {
      "year": -4970,
      "worldPopulation": 17159676.000000,
      "urbanShare": 0.028560,
      "medianCountryPop": 132072.500000,
      "medianCountryArea": 307.000000,
      "warFrequencyPerCentury": 0.000000,
      "tradeIntensity": 0.000000,
      "tradeActivePairShare": 0.000000,
      "techCapabilityLevels": {
        "tier1Share": 0.000000,
        "tier2Share": 0.000000,
        "tier3Share": 0.000000
      },
      "collapseCount": 13,
      "foodSecurity": {
        "mean": 0.967120,
        "p10": 0.828947
      },
      "diseaseBurden": {
        "mean": 0.000077,
        "p90": 0.000116
      },
      "stateQuality": {
        "stabilityMean": 0.951095,
        "stabilityP10": 0.925500,
        "legitimacyMean": 0.716243,
        "legitimacyP10": 0.527470,
        "lowStabilityPopShare": 0.000000,
        "lowLegitimacyPopShare": 0.000660
      }
    },
    {
      "year": -4960,
      "worldPopulation": 17937242.000000,
      "urbanShare": 0.028508,
      "medianCountryPop": 138753.500000,
      "medianCountryArea": 307.000000,
      "warFrequencyPerCentury": 0.000000,
      "tradeIntensity": 0.000000,
      "tradeActivePairShare": 0.000000,
      "techCapabilityLevels": {
        "tier1Share": 0.000000,
        "tier2Share": 0.000000,
        "tier3Share": 0.000000
      },
      "collapseCount": 23,
      "foodSecurity": {
        "mean": 0.973518,
        "p10": 0.851826
      },
      "diseaseBurden": {
        "mean": 0.000082,
        "p90": 0.000157
      },
      "stateQuality": {
        "stabilityMean": 0.890738,
        "stabilityP10": 0.610350,
        "legitimacyMean": 0.682101,
        "legitimacyP10": 0.312420,
        "lowStabilityPopShare": 0.010138,
        "lowLegitimacyPopShare": 0.010138
      }
    },
    {
      "year": -4950,
      "worldPopulation": 18628625.000000,
      "urbanShare": 0.028305,
      "medianCountryPop": 124246.500000,
      "medianCountryArea": 285.000000,
      "warFrequencyPerCentury": 0.000000,
      "tradeIntensity": 0.000000,
      "tradeActivePairShare": 0.000000,
      "techCapabilityLevels": {
        "tier1Share": 0.000000,
        "tier2Share": 0.000000,
        "tier3Share": 0.000000
      },
      "collapseCount": 38,
      "foodSecurity": {
        "mean": 0.974431,
        "p10": 0.879044
      },
      "diseaseBurden": {
        "mean": 0.000092,
        "p90": 0.000158
      },
      "stateQuality": {
        "stabilityMean": 0.831928,
        "stabilityP10": 0.384550,
        "legitimacyMean": 0.646412,
        "legitimacyP10": 0.262910,
        "lowStabilityPopShare": 0.020568,
        "lowLegitimacyPopShare": 0.025323
      }
    },
    {
      "year": -4940,
      "worldPopulation": 19255558.000000,
      "urbanShare": 0.028438,
      "medianCountryPop": 117162.000000,
      "medianCountryArea": 285.000000,
      "warFrequencyPerCentury": 0.000000,
      "tradeIntensity": 0.000000,
      "tradeActivePairShare": 0.000000,
      "techCapabilityLevels": {
        "tier1Share": 0.000000,
        "tier2Share": 0.000000,
        "tier3Share": 0.000000
      },
      "collapseCount": 39,
      "foodSecurity": {
        "mean": 0.975431,
        "p10": 0.867303
      },
      "diseaseBurden": {
        "mean": 0.000118,
        "p90": 0.000218
      },
      "stateQuality": {
        "stabilityMean": 0.770342,
        "stabilityP10": 0.059160,
        "legitimacyMean": 0.600950,
        "legitimacyP10": 0.016560,
        "lowStabilityPopShare": 0.040694,
        "lowLegitimacyPopShare": 0.056759
      }
    },
    {
      "year": -4930,
      "worldPopulation": 19837600.000000,
      "urbanShare": 0.028158,
      "medianCountryPop": 119123.000000,
      "medianCountryArea": 285.000000,
      "warFrequencyPerCentury": 0.000000,
      "tradeIntensity": 0.005030,
      "tradeActivePairShare": 0.001904,
      "techCapabilityLevels": {
        "tier1Share": 0.000000,
        "tier2Share": 0.000000,
        "tier3Share": 0.000000
      },
      "collapseCount": 39,
      "foodSecurity": {
        "mean": 0.975234,
        "p10": 0.874813
      },
      "diseaseBurden": {
        "mean": 0.000102,
        "p90": 0.000184
      },
      "stateQuality": {
        "stabilityMean": 0.724644,
        "stabilityP10": 0.008380,
        "legitimacyMean": 0.563930,
        "legitimacyP10": 0.012840,
        "lowStabilityPopShare": 0.070104,
        "lowLegitimacyPopShare": 0.115603
      }
    },
    {
      "year": -4920,
      "worldPopulation": 20385001.000000,
      "urbanShare": 0.028144,
      "medianCountryPop": 119027.500000,
      "medianCountryArea": 283.000000,
      "warFrequencyPerCentury": 0.000000,
      "tradeIntensity": 0.000000,
      "tradeActivePairShare": 0.000000,
      "techCapabilityLevels": {
        "tier1Share": 0.000000,
        "tier2Share": 0.000000,
        "tier3Share": 0.000000
      },
      "collapseCount": 40,
      "foodSecurity": {
        "mean": 0.973185,
        "p10": 0.857039
      },
      "diseaseBurden": {
        "mean": 0.000105,
        "p90": 0.000199
      },