{
  "violations": [
    {
      "id": "STORAGE_SMOOTHING_CHEAT",
      "severity": 99.44936471111112,
      "hardfail": false,
      "details": {
        "adequacy_var": 1.3765882222222296e-05,
        "loss_share": 0.01715703192288688
      }
    }
  ]
}