{
  "violations": [
    {
      "id": "STORAGE_SMOOTHING_CHEAT",
      "severity": 99.82554407111111,
      "hardfail": false,
      "details": {
        "adequacy_var": 4.361398222222242e-06,
        "loss_share": 0.020485674454177673
      }
    }
  ]
}