{
  "violations": [
    {
      "id": "STORAGE_SMOOTHING_CHEAT",
      "severity": 99.86125816777778,
      "hardfail": false,
      "details": {
        "adequacy_var": 3.468545805555641e-06,
        "loss_share": 0.02973968450971034
      }
    }
  ]
}