{
  "violations": [
    {
      "id": "STORAGE_SMOOTHING_CHEAT",
      "severity": 99.88793253777779,
      "hardfail": false,
      "details": {
        "adequacy_var": 2.8016865555555467e-06,
        "loss_share": 0.017275666522488756
      }
    }
  ]
}