{
  "violations": [
    {
      "id": "STORAGE_SMOOTHING_CHEAT",
      "severity": 98.99078894111112,
      "hardfail": false,
      "details": {
        "adequacy_var": 2.5230276472222263e-05,
        "loss_share": 0.021794190435031627
      }
    }
  ]
}