{
  "violations": [
    {
      "id": "STORAGE_SMOOTHING_CHEAT",
      "severity": 99.3330560211111,
      "hardfail": false,
      "details": {
        "adequacy_var": 1.6673599472222165e-05,
        "loss_share": 0.031484650773348305
      }
    }
  ]
}