{
  "violations": [
    {
      "id": "STORAGE_SMOOTHING_CHEAT",
      "severity": 99.29396384777777,
      "hardfail": false,
      "details": {
        "adequacy_var": 1.7650903805555627e-05,
        "loss_share": 0.034372653126221196
      }
    }
  ]
}