{
  "violations": [
    {
      "id": "STORAGE_SMOOTHING_CHEAT",
      "severity": 99.81616972777778,
      "hardfail": false,
      "details": {
        "adequacy_var": 4.595756805555625e-06,
        "loss_share": 0.01543108089114951
      }
    }
  ]
}