{
  "violations": [
    {
      "id": "STORAGE_SMOOTHING_CHEAT",
      "severity": 97.32588182666667,
      "hardfail": false,
      "details": {
        "adequacy_var": 6.685295433333347e-05,
        "loss_share": 0.014333982674258524
      }
    }
  ]
}