{
  "violations": [
    {
      "id": "STORAGE_SMOOTHING_CHEAT",
      "severity": 99.63290380777778,
      "hardfail": false,
      "details": {
        "adequacy_var": 9.177404805555543e-06,
        "loss_share": 0.012758831652279097
      }
    }
  ]
}