{
  "violations": [
    {
      "id": "STORAGE_SMOOTHING_CHEAT",
      "severity": 99.88380584777778,
      "hardfail": false,
      "details": {
        "adequacy_var": 2.90485380555554e-06,
        "loss_share": 0.019975510125703904
      }
    }
  ]
}