{
  "violations": [
    {
      "id": "STORAGE_SMOOTHING_CHEAT",
      "severity": 99.4630861111111,
      "hardfail": false,
      "details": {
        "adequacy_var": 1.3422847222222241e-05,
        "loss_share": 0.030318251807453022
      }
    }
  ]
}