{
  "violations": [
    {
      "id": "STORAGE_SMOOTHING_CHEAT",
      "severity": 99.86650277777778,
      "hardfail": false,
      "details": {
        "adequacy_var": 3.337430555555575e-06,
        "loss_share": 0.017613972401551842
      }
    }
  ]
}