{
  "violations": [
    {
      "id": "STORAGE_SMOOTHING_CHEAT",
      "severity": 99.80202285333334,
      "hardfail": false,
      "details": {
        "adequacy_var": 4.949428666666574e-06,
        "loss_share": 0.015396047283848462
      }
    }
  ]
}