year,event_type,country_index,country_name,country_culture,tech_id,tech_name,total_unlocked_techs
-5000,initial,0,Old tanvarnagar Tribe,Indic Riverine,100,Cordage and Knots,19
-5000,initial,0,Old tanvarnagar Tribe,Indic Riverine,101,Hide Working and Tailored Clothing,19
-5000,initial,0,Old tanvarnagar Tribe,Indic Riverine,102,Hafted Stone Tools,19
-5000,initial,0,Old tanvarnagar Tribe,Indic Riverine,105,Food Preservation,19
-5000,initial,0,Old tanvarnagar Tribe,Indic Riverine,106,Storage Pits and Containers,19
-5000,initial,0,Old tanvarnagar Tribe,Indic Riverine,107,Seasonal Aggregation Camps,19
-5000,initial,0,Old tanvarnagar Tribe,Indic Riverine,110,Dog Domestication,19
-5000,initial,0,Old tanvarnagar Tribe,Indic Riverine,111,Grinding Stones,19
-5000,initial,0,Old tanvarnagar Tribe,Indic Riverine,112,Proto-cultivation,19
-5000,initial,0,Old tanvarnagar Tribe,Indic Riverine,113,Sedentism,19
-5000,initial,0,Old tanvarnagar Tribe,Indic Riverine,114,Enclosures and Herd Management,19
-5000,initial,0,Old tanvarnagar Tribe,Indic Riverine,115,Counting Tokens and Tallies,19
-5000,initial,0,Old tanvarnagar Tribe,Indic Riverine,116,Charcoal Firing,19
-5000,initial,0,Old tanvarnagar Tribe,Indic Riverine,1,Pottery,19
-5000,initial,0,Old tanvarnagar Tribe,Indic Riverine,2,Animal Husbandry,19
-5000,initial,0,Old tanvarnagar Tribe,Indic Riverine,4,Mining,19
-5000,initial,0,Old tanvarnagar Tribe,Indic Riverine,20,Agriculture,19
-5000,initial,0,Old tanvarnagar Tribe,Indic Riverine,3,Archery,19
-5000,initial,0,Old tanvarnagar Tribe,Indic Riverine,6,Calendar,19
-5000,initial,1,South shanaltan Tribe,Indic Riverine,100,Cordage and Knots,19
-5000,initial,1,South shanaltan Tribe,Indic Riverine,101,Hide Working and Tailored Clothing,19
-5000,initial,1,South shanaltan Tribe,Indic Riverine,102,Hafted Stone Tools,19
-5000,initial,1,South shanaltan Tribe,Indic Riverine,105,Food Preservation,19
-5000,initial,1,South shanaltan Tribe,Indic Riverine,106,Storage Pits and Containers,19
-5000,initial,1,South shanaltan Tribe,Indic Riverine,107,Seasonal Aggregation Camps,19
-5000,initial,1,South shanaltan Tribe,Indic Riverine,110,Dog Domestication,19
-5000,initial,1,South shanaltan Tribe,Indic Riverine,111,Grinding Stones,19
-5000,initial,1,South shanaltan Tribe,Indic Riverine,112,Proto-cultivation,19
-5000,initial,1,South shanaltan Tribe,Indic Riverine,113,Sedentism,19
-5000,initial,1,South shanaltan Tribe,Indic Riverine,114,Enclosures and Herd Management,19
-5000,initial,1,South shanaltan Tribe,Indic Riverine,115,Counting Tokens and Tallies,19
-5000,initial,1,South shanaltan Tribe,Indic Riverine,116,Charcoal Firing,19
-5000,initial,1,South shanaltan Tribe,Indic Riverine,1,Pottery,19
-5000,initial,1,South shanaltan Tribe,Indic Riverine,2,Animal Husbandry,19
-5000,initial,1,South shanaltan Tribe,Indic Riverine,4,Mining,19
-5000,initial,1,South shanaltan Tribe,Indic Riverine,20,Agriculture,19
-5000,initial,1,South shanaltan Tribe,Indic Riverine,3,Archery,19
-5000,initial,1,South shanaltan Tribe,Indic Riverine,6,Calendar,19
-5000,initial,2,New mitra Tribe,Indic Riverine,100,Cordage and Knots,19
-5000,initial,2,New mitra Tribe,Indic Riverine,101,Hide Working and Tailored Clothing,19
-5000,initial,2,New mitra Tribe,Indic Riverine,102,Hafted Stone Tools,19
-5000,initial,2,New mitra Tribe,Indic Riverine,105,Food Preservation,19
-5000,initial,2,New mitra Tribe,Indic Riverine,106,Storage Pits and Containers,19
-5000,initial,2,New mitra Tribe,Indic Riverine,107,Seasonal Aggregation Camps,19
-5000,initial,2,New mitra Tribe,Indic Riverine,110,Dog Domestication,19
-5000,initial,2,New mitra Tribe,Indic Riverine,111,Grinding Stones,19
-5000,initial,2,New mitra Tribe,Indic Riverine,112,Proto-cultivation,19
-5000,initial,2,New mitra Tribe,Indic Riverine,113,Sedentism,19
-5000,initial,2,New mitra Tribe,Indic Riverine,114,Enclosures and Herd Management,19
-5000,initial,2,New mitra Tribe,Indic Riverine,115,Counting Tokens and Tallies,19
-5000,initial,2,New mitra Tribe,Indic Riverine,116,Charcoal Firing,19
-5000,initial,2,New mitra Tribe,Indic Riverine,1,Pottery,19
-5000,initial,2,New mitra Tribe,Indic Riverine,2,Animal Husbandry,19
-5000,initial,2,New mitra Tribe,Indic Riverine,4,Mining,19
-5000,initial,2,New mitra Tribe,Indic Riverine,20,Agriculture,19
-5000,initial,2,New mitra Tribe,Indic Riverine,3,Archery,19
-5000,initial,2,New mitra Tribe,Indic Riverine,6,Calendar,19
-5000,initial,3,Great vitana Tribe,Indic Riverine,100,Cordage and Knots,19
-5000,initial,3,Great vitana Tribe,Indic Riverine,101,Hide Working and Tailored Clothing,19
-5000,initial,3,Great vitana Tribe,Indic Riverine,102,Hafted Stone Tools,19
-5000,initial,3,Great vitana Tribe,Indic Riverine,105,Food Preservation,19
-5000,initial,3,Great vitana Tribe,Indic Riverine,106,Storage Pits and Containers,19
-5000,initial,3,Great vitana Tribe,Indic Riverine,107,Seasonal Aggregation Camps,19
-5000,initial,3,Great vitana Tribe,Indic Riverine,110,Dog Domestication,19
-5000,initial,3,Great vitana Tribe,Indic Riverine,111,Grinding Stones,19
-5000,initial,3,Great vitana Tribe,Indic Riverine,112,Proto-cultivation,19
-5000,initial,3,Great vitana Tribe,Indic Riverine,113,Sedentism,19
-5000,initial,3,Great vitana Tribe,Indic Riverine,114,Enclosures and Herd Management,19
-5000,initial,3,Great vitana Tribe,Indic Riverine,115,Counting Tokens and Tallies,19
-5000,initial,3,Great vitana Tribe,Indic Riverine,116,Charcoal Firing,19
-5000,initial,3,Great vitana Tribe,Indic Riverine,1,Pottery,19
-5000,initial,3,Great vitana Tribe,Indic Riverine,2,Animal Husbandry,19
-5000,initial,3,Great vitana Tribe,Indic Riverine,4,Mining,19
-5000,initial,3,Great vitana Tribe,Indic Riverine,20,Agriculture,19
-5000,initial,3,Great vitana Tribe,Indic Riverine,3,Archery,19
-5000,initial,3,Great vitana Tribe,Indic Riverine,6,Calendar,19
-5000,initial,4,Old surranagar Tribe,Indic Riverine,100,Cordage and Knots,19
-5000,initial,4,Old surranagar Tribe,Indic Riverine,101,Hide Working and Tailored Clothing,19
-5000,initial,4,Old surranagar Tribe,Indic Riverine,102,Hafted Stone Tools,19
-5000,initial,4,Old surranagar Tribe,Indic Riverine,105,Food Preservation,19
-5000,initial,4,Old surranagar Tribe,Indic Riverine,106,Storage Pits and Containers,19
-5000,initial,4,Old surranagar Tribe,Indic Riverine,107,Seasonal Aggregation Camps,19
-5000,initial,4,Old surranagar Tribe,Indic Riverine,110,Dog Domestication,19
-5000,initial,4,Old surranagar Tribe,Indic Riverine,111,Grinding Stones,19
-5000,initial,4,Old surranagar Tribe,Indic Riverine,112,Proto-cultivation,19
-5000,initial,4,Old surranagar Tribe,Indic Riverine,113,Sedentism,19
-5000,initial,4,Old surranagar Tribe,Indic Riverine,114,Enclosures and Herd Management,19
-5000,initial,4,Old surranagar Tribe,Indic Riverine,115,Counting Tokens and Tallies,19
-5000,initial,4,Old surranagar Tribe,Indic Riverine,116,Charcoal Firing,19
-5000,initial,4,Old surranagar Tribe,Indic Riverine,1,Pottery,19
-5000,initial,4,Old surranagar Tribe,Indic Riverine,2,Animal Husbandry,19
-5000,initial,4,Old surranagar Tribe,Indic Riverine,4,Mining,19
-5000,initial,4,Old surranagar Tribe,Indic Riverine,20,Agriculture,19
-5000,initial,4,Old surranagar Tribe,Indic Riverine,3,Archery,19
-5000,initial,4,Old surranagar Tribe,Indic Riverine,6,Calendar,19
-5000,initial,5,Great ravivia Tribe,Indic Riverine,100,Cordage and Knots,19
-5000,initial,5,Great ravivia Tribe,Indic Riverine,101,Hide Working and Tailored Clothing,19
-5000,initial,5,Great ravivia Tribe,Indic Riverine,102,Hafted Stone Tools,19
-5000,initial,5,Great ravivia Tribe,Indic Riverine,105,Food Preservation,19
-5000,initial,5,Great ravivia Tribe,Indic Riverine,106,Storage Pits and Containers,19
-5000,initial,5,Great ravivia Tribe,Indic Riverine,107,Seasonal Aggregation Camps,19
-5000,initial,5,Great ravivia Tribe,Indic Riverine,110,Dog Domestication,19
-5000,initial,5,Great ravivia Tribe,Indic Riverine,111,Grinding Stones,19
-5000,initial,5,Great ravivia Tribe,Indic Riverine,112,Proto-cultivation,19
-5000,initial,5,Great ravivia Tribe,Indic Riverine,113,Sedentism,19
-5000,initial,5,Great ravivia Tribe,Indic Riverine,114,Enclosures and Herd Management,19
-5000,initial,5,Great ravivia Tribe,Indic Riverine,115,Counting Tokens and Tallies,19
-5000,initial,5,Great ravivia Tribe,Indic Riverine,116,Charcoal Firing,19
-5000,initial,5,Great ravivia Tribe,Indic Riverine,1,Pottery,19
-5000,initial,5,Great ravivia Tribe,Indic Riverine,2,Animal Husbandry,19
-5000,initial,5,Great ravivia Tribe,Indic Riverine,4,Mining,19
-5000,initial,5,Great ravivia Tribe,Indic Riverine,20,Agriculture,19
-5000,initial,5,Great ravivia Tribe,Indic Riverine,3,Archery,19
-5000,initial,5,Great ravivia Tribe,Indic Riverine,6,Calendar,19
-5000,initial,6,New varranagar Tribe,Indic Riverine,100,Cordage and Knots,19
-5000,initial,6,New varranagar Tribe,Indic Riverine,101,Hide Working and Tailored Clothing,19
-5000,initial,6,New varranagar Tribe,Indic Riverine,102,Hafted Stone Tools,19
-5000,initial,6,New varranagar Tribe,Indic Riverine,105,Food Preservation,19
-5000,initial,6,New varranagar Tribe,Indic Riverine,106,Storage Pits and Containers,19
-5000,initial,6,New varranagar Tribe,Indic Riverine,107,Seasonal Aggregation Camps,19
-5000,initial,6,New varranagar Tribe,Indic Riverine,110,Dog Domestication,19
-5000,initial,6,New varranagar Tribe,Indic Riverine,111,Grinding Stones,19
-5000,initial,6,New varranagar Tribe,Indic Riverine,112,Proto-cultivation,19
-5000,initial,6,New varranagar Tribe,Indic Riverine,113,Sedentism,19
-5000,initial,6,New varranagar Tribe,Indic Riverine,114,Enclosures and Herd Management,19
-5000,initial,6,New varranagar Tribe,Indic Riverine,115,Counting Tokens and Tallies,19
-5000,initial,6,New varranagar Tribe,Indic Riverine,116,Charcoal Firing,19
-5000,initial,6,New varranagar Tribe,Indic Riverine,1,Pottery,19
-5000,initial,6,New varranagar Tribe,Indic Riverine,2,Animal Husbandry,19
-5000,initial,6,New varranagar Tribe,Indic Riverine,4,Mining,19
-5000,initial,6,New varranagar Tribe,Indic Riverine,20,Agriculture,19
-5000,initial,6,New varranagar Tribe,Indic Riverine,3,Archery,19
-5000,initial,6,New varranagar Tribe,Indic Riverine,6,Calendar,19
-5000,initial,7,New tanvarvar Tribe,Indic Riverine,100,Cordage and Knots,19
-5000,initial,7,New tanvarvar Tribe,Indic Riverine,101,Hide Working and Tailored Clothing,19
-5000,initial,7,New tanvarvar Tribe,Indic Riverine,102,Hafted Stone Tools,19
-5000,initial,7,New tanvarvar Tribe,Indic Riverine,105,Food Preservation,19
-5000,initial,7,New tanvarvar Tribe,Indic Riverine,106,Storage Pits and Containers,19
-5000,initial,7,New tanvarvar Tribe,Indic Riverine,107,Seasonal Aggregation Camps,19
-5000,initial,7,New tanvarvar Tribe,Indic Riverine,110,Dog Domestication,19
-5000,initial,7,New tanvarvar Tribe,Indic Riverine,111,Grinding Stones,19
-5000,initial,7,New tanvarvar Tribe,Indic Riverine,112,Proto-cultivation,19
-5000,initial,7,New tanvarvar Tribe,Indic Riverine,113,Sedentism,19
-5000,initial,7,New tanvarvar Tribe,Indic Riverine,114,Enclosures and Herd Management,19
-5000,initial,7,New tanvarvar Tribe,Indic Riverine,115,Counting Tokens and Tallies,19
-5000,initial,7,New tanvarvar Tribe,Indic Riverine,116,Charcoal Firing,19
-5000,initial,7,New tanvarvar Tribe,Indic Riverine,1,Pottery,19
-5000,initial,7,New tanvarvar Tribe,Indic Riverine,2,Animal Husbandry,19
-5000,initial,7,New tanvarvar Tribe,Indic Riverine,4,Mining,19
-5000,initial,7,New tanvarvar Tribe,Indic Riverine,20,Agriculture,19
-5000,initial,7,New tanvarvar Tribe,Indic Riverine,3,Archery,19
-5000,initial,7,New tanvarvar Tribe,Indic Riverine,6,Calendar,19
-5000,initial,8,Old shadratan Tribe,Indic Riverine,100,Cordage and Knots,19
-5000,initial,8,Old shadratan Tribe,Indic Riverine,101,Hide Working and Tailored Clothing,19
-5000,initial,8,Old shadratan Tribe,Indic Riverine,102,Hafted Stone Tools,19
-5000,initial,8,Old shadratan Tribe,Indic Riverine,105,Food Preservation,19
-5000,initial,8,Old shadratan Tribe,Indic Riverine,106,Storage Pits and Containers,19
-5000,initial,8,Old shadratan Tribe,Indic Riverine,107,Seasonal Aggregation Camps,19
-5000,initial,8,Old shadratan Tribe,Indic Riverine,110,Dog Domestication,19
-5000,initial,8,Old shadratan Tribe,Indic Riverine,111,Grinding Stones,19
-5000,initial,8,Old shadratan Tribe,Indic Riverine,112,Proto-cultivation,19
-5000,initial,8,Old shadratan Tribe,Indic Riverine,113,Sedentism,19
-5000,initial,8,Old shadratan Tribe,Indic Riverine,114,Enclosures and Herd Management,19
-5000,initial,8,Old shadratan Tribe,Indic Riverine,115,Counting Tokens and Tallies,19
-5000,initial,8,Old shadratan Tribe,Indic Riverine,116,Charcoal Firing,19
-5000,initial,8,Old shadratan Tribe,Indic Riverine,1,Pottery,19
-5000,initial,8,Old shadratan Tribe,Indic Riverine,2,Animal Husbandry,19
-5000,initial,8,Old shadratan Tribe,Indic Riverine,4,Mining,19
-5000,initial,8,Old shadratan Tribe,Indic Riverine,20,Agriculture,19
-5000,initial,8,Old shadratan Tribe,Indic Riverine,3,Archery,19
-5000,initial,8,Old shadratan Tribe,Indic Riverine,6,Calendar,19
-5000,initial,9,New tankanshadesh Tribe,Indic Riverine,100,Cordage and Knots,19
-5000,initial,9,New tankanshadesh Tribe,Indic Riverine,101,Hide Working and Tailored Clothing,19
-5000,initial,9,New tankanshadesh Tribe,Indic Riverine,102,Hafted Stone Tools,19
-5000,initial,9,New tankanshadesh Tribe,Indic Riverine,105,Food Preservation,19
-5000,initial,9,New tankanshadesh Tribe,Indic Riverine,106,Storage Pits and Containers,19
-5000,initial,9,New tankanshadesh Tribe,Indic Riverine,107,Seasonal Aggregation Camps,19
-5000,initial,9,New tankanshadesh Tribe,Indic Riverine,110,Dog Domestication,19
-5000,initial,9,New tankanshadesh Tribe,Indic Riverine,111,Grinding Stones,19
-5000,initial,9,New tankanshadesh Tribe,Indic Riverine,112,Proto-cultivation,19
-5000,initial,9,New tankanshadesh Tribe,Indic Riverine,113,Sedentism,19
-5000,initial,9,New tankanshadesh Tribe,Indic Riverine,114,Enclosures and Herd Management,19
-5000,initial,9,New tankanshadesh Tribe,Indic Riverine,115,Counting Tokens and Tallies,19
-5000,initial,9,New tankanshadesh Tribe,Indic Riverine,116,Charcoal Firing,19
-5000,initial,9,New tankanshadesh Tribe,Indic Riverine,1,Pottery,19
-5000,initial,9,New tankanshadesh Tribe,Indic Riverine,2,Animal Husbandry,19
-5000,initial,9,New tankanshadesh Tribe,Indic Riverine,4,Mining,19
-5000,initial,9,New tankanshadesh Tribe,Indic Riverine,20,Agriculture,19
-5000,initial,9,New tankanshadesh Tribe,Indic Riverine,3,Archery,19
-5000,initial,9,New tankanshadesh Tribe,Indic Riverine,6,Calendar,19
-5000,initial,10,Old surmitnagar Tribe,Indic Riverine,100,Cordage and Knots,19
-5000,initial,10,Old surmitnagar Tribe,Indic Riverine,101,Hide Working and Tailored Clothing,19
-5000,initial,10,Old surmitnagar Tribe,Indic Riverine,102,Hafted Stone Tools,19
-5000,initial,10,Old surmitnagar Tribe,Indic Riverine,105,Food Preservation,19
-5000,initial,10,Old surmitnagar Tribe,Indic Riverine,106,Storage Pits and Containers,19
-5000,initial,10,Old surmitnagar Tribe,Indic Riverine,107,Seasonal Aggregation Camps,19
-5000,initial,10,Old surmitnagar Tribe,Indic Riverine,110,Dog Domestication,19
-5000,initial,10,Old surmitnagar Tribe,Indic Riverine,111,Grinding Stones,19
-5000,initial,10,Old surmitnagar Tribe,Indic Riverine,112,Proto-cultivation,19
-5000,initial,10,Old surmitnagar Tribe,Indic Riverine,113,Sedentism,19
-5000,initial,10,Old surmitnagar Tribe,Indic Riverine,114,Enclosures and Herd Management,19
-5000,initial,10,Old surmitnagar Tribe,Indic Riverine,115,Counting Tokens and Tallies,19
-5000,initial,10,Old surmitnagar Tribe,Indic Riverine,116,Charcoal Firing,19
-5000,initial,10,Old surmitnagar Tribe,Indic Riverine,1,Pottery,19
-5000,initial,10,Old surmitnagar Tribe,Indic Riverine,2,Animal Husbandry,19
-5000,initial,10,Old surmitnagar Tribe,Indic Riverine,4,Mining,19
-5000,initial,10,Old surmitnagar Tribe,Indic Riverine,20,Agriculture,19
-5000,initial,10,Old surmitnagar Tribe,Indic Riverine,3,Archery,19
-5000,initial,10,Old surmitnagar Tribe,Indic Riverine,6,Calendar,19
-5000,initial,11,Old nalviraa Tribe,Indic Riverine,100,Cordage and Knots,19
-5000,initial,11,Old nalviraa Tribe,Indic Riverine,101,Hide Working and Tailored Clothing,19
-5000,initial,11,Old nalviraa Tribe,Indic Riverine,102,Hafted Stone Tools,19
-5000,initial,11,Old nalviraa Tribe,Indic Riverine,105,Food Preservation,19
-5000,initial,11,Old nalviraa Tribe,Indic Riverine,106,Storage Pits and Containers,19
-5000,initial,11,Old nalviraa Tribe,Indic Riverine,107,Seasonal Aggregation Camps,19
-5000,initial,11,Old nalviraa Tribe,Indic Riverine,110,Dog Domestication,19
-5000,initial,11,Old nalviraa Tribe,Indic Riverine,111,Grinding Stones,19
-5000,initial,11,Old nalviraa Tribe,Indic Riverine,112,Proto-cultivation,19
-5000,initial,11,Old nalviraa Tribe,Indic Riverine,113,Sedentism,19
-5000,initial,11,Old nalviraa Tribe,Indic Riverine,114,Enclosures and Herd Management,19
-5000,initial,11,Old nalviraa Tribe,Indic Riverine,115,Counting Tokens and Tallies,19
-5000,initial,11,Old nalviraa Tribe,Indic Riverine,116,Charcoal Firing,19
-5000,initial,11,Old nalviraa Tribe,Indic Riverine,1,Pottery,19
-5000,initial,11,Old nalviraa Tribe,Indic Riverine,2,Animal Husbandry,19
-5000,initial,11,Old nalviraa Tribe,Indic Riverine,4,Mining,19
-5000,initial,11,Old nalviraa Tribe,Indic Riverine,20,Agriculture,19
-5000,initial,11,Old nalviraa Tribe,Indic Riverine,3,Archery,19
-5000,initial,11,Old nalviraa Tribe,Indic Riverine,6,Calendar,19
-5000,initial,12,North ravishaa Tribe,Indic Riverine,100,Cordage and Knots,19
-5000,initial,12,North ravishaa Tribe,Indic Riverine,101,Hide Working and Tailored Clothing,19
-5000,initial,12,North ravishaa Tribe,Indic Riverine,102,Hafted Stone Tools,19
-5000,initial,12,North ravishaa Tribe,Indic Riverine,105,Food Preservation,19
-5000,initial,12,North ravishaa Tribe,Indic Riverine,106,Storage Pits and Containers,19
-5000,initial,12,North ravishaa Tribe,Indic Riverine,107,Seasonal Aggregation Camps,19
-5000,initial,12,North ravishaa Tribe,Indic Riverine,110,Dog Domestication,19
-5000,initial,12,North ravishaa Tribe,Indic Riverine,111,Grinding Stones,19
-5000,initial,12,North ravishaa Tribe,Indic Riverine,112,Proto-cultivation,19
-5000,initial,12,North ravishaa Tribe,Indic Riverine,113,Sedentism,19
-5000,initial,12,North ravishaa Tribe,Indic Riverine,114,Enclosures and Herd Management,19
-5000,initial,12,North ravishaa Tribe,Indic Riverine,115,Counting Tokens and Tallies,19
-5000,initial,12,North ravishaa Tribe,Indic Riverine,116,Charcoal Firing,19
-5000,initial,12,North ravishaa Tribe,Indic Riverine,1,Pottery,19
-5000,initial,12,North ravishaa Tribe,Indic Riverine,2,Animal Husbandry,19
-5000,initial,12,North ravishaa Tribe,Indic Riverine,4,Mining,19
-5000,initial,12,North ravishaa Tribe,Indic Riverine,20,Agriculture,19
-5000,initial,12,North ravishaa Tribe,Indic Riverine,3,Archery,19
-5000,initial,12,North ravishaa Tribe,Indic Riverine,6,Calendar,19
-5000,initial,14,South linminhanling Tribe,East Riverine,100,Cordage and Knots,19
-5000,initial,14,South linminhanling Tribe,East Riverine,101,Hide Working and Tailored Clothing,19
-5000,initial,14,South linminhanling Tribe,East Riverine,102,Hafted Stone Tools,19
-5000,initial,14,South linminhanling Tribe,East Riverine,105,Food Preservation,19
-5000,initial,14,South linminhanling Tribe,East Riverine,106,Storage Pits and Containers,19
-5000,initial,14,South linminhanling Tribe,East Riverine,107,Seasonal Aggregation Camps,19
-5000,initial,14,South linminhanling Tribe,East Riverine,110,Dog Domestication,19
-5000,initial,14,South linminhanling Tribe,East Riverine,111,Grinding Stones,19
-5000,initial,14,South linminhanling Tribe,East Riverine,112,Proto-cultivation,19
-5000,initial,14,South linminhanling Tribe,East Riverine,113,Sedentism,19
-5000,initial,14,South linminhanling Tribe,East Riverine,114,Enclosures and Herd Management,19
-5000,initial,14,South linminhanling Tribe,East Riverine,115,Counting Tokens and Tallies,19
-5000,initial,14,South linminhanling Tribe,East Riverine,116,Charcoal Firing,19
-5000,initial,14,South linminhanling Tribe,East Riverine,1,Pottery,19
-5000,initial,14,South linminhanling Tribe,East Riverine,2,Animal Husbandry,19
-5000,initial,14,South linminhanling Tribe,East Riverine,4,Mining,19
-5000,initial,14,South linminhanling Tribe,East Riverine,20,Agriculture,19
-5000,initial,14,South linminhanling Tribe,East Riverine,3,Archery,19
-5000,initial,14,South linminhanling Tribe,East Riverine,6,Calendar,19
-5000,initial,15,South weirenling Tribe,East Riverine,100,Cordage and Knots,19
-5000,initial,15,South weirenling Tribe,East Riverine,101,Hide Working and Tailored Clothing,19
-5000,initial,15,South weirenling Tribe,East Riverine,102,Hafted Stone Tools,19
-5000,initial,15,South weirenling Tribe,East Riverine,105,Food Preservation,19
-5000,initial,15,South weirenling Tribe,East Riverine,106,Storage Pits and Containers,19
-5000,initial,15,South weirenling Tribe,East Riverine,107,Seasonal Aggregation Camps,19
-5000,initial,15,South weirenling Tribe,East Riverine,110,Dog Domestication,19
-5000,initial,15,South weirenling Tribe,East Riverine,111,Grinding Stones,19
-5000,initial,15,South weirenling Tribe,East Riverine,112,Proto-cultivation,19
-5000,initial,15,South weirenling Tribe,East Riverine,113,Sedentism,19
-5000,initial,15,South weirenling Tribe,East Riverine,114,Enclosures and Herd Management,19
-5000,initial,15,South weirenling Tribe,East Riverine,115,Counting Tokens and Tallies,19
-5000,initial,15,South weirenling Tribe,East Riverine,116,Charcoal Firing,19
-5000,initial,15,South weirenling Tribe,East Riverine,1,Pottery,19
-5000,initial,15,South weirenling Tribe,East Riverine,2,Animal Husbandry,19
-5000,initial,15,South weirenling Tribe,East Riverine,4,Mining,19
-5000,initial,15,South weirenling Tribe,East Riverine,20,Agriculture,19
-5000,initial,15,South weirenling Tribe,East Riverine,3,Archery,19
-5000,initial,15,South weirenling Tribe,East Riverine,6,Calendar,19
-5000,initial,16,Old hanlishan Tribe,East Riverine,100,Cordage and Knots,19
-5000,initial,16,Old hanlishan Tribe,East Riverine,101,Hide Working and Tailored Clothing,19
-5000,initial,16,Old hanlishan Tribe,East Riverine,102,Hafted Stone Tools,19
-5000,initial,16,Old hanlishan Tribe,East Riverine,105,Food Preservation,19
-5000,initial,16,Old hanlishan Tribe,East Riverine,106,Storage Pits and Containers,19
-5000,initial,16,Old hanlishan Tribe,East Riverine,107,Seasonal Aggregation Camps,19
-5000,initial,16,Old hanlishan Tribe,East Riverine,110,Dog Domestication,19
-5000,initial,16,Old hanlishan Tribe,East Riverine,111,Grinding Stones,19
-5000,initial,16,Old hanlishan Tribe,East Riverine,112,Proto-cultivation,19
-5000,initial,16,Old hanlishan Tribe,East Riverine,113,Sedentism,19
-5000,initial,16,Old hanlishan Tribe,East Riverine,114,Enclosures and Herd Management,19
-5000,initial,16,Old hanlishan Tribe,East Riverine,115,Counting Tokens and Tallies,19
-5000,initial,16,Old hanlishan Tribe,East Riverine,116,Charcoal Firing,19
-5000,initial,16,Old hanlishan Tribe,East Riverine,1,Pottery,19
-5000,initial,16,Old hanlishan Tribe,East Riverine,2,Animal Husbandry,19
-5000,initial,16,Old hanlishan Tribe,East Riverine,4,Mining,19
-5000,initial,16,Old hanlishan Tribe,East Riverine,20,Agriculture,19
-5000,initial,16,Old hanlishan Tribe,East Riverine,3,Archery,19
-5000,initial,16,Old hanlishan Tribe,East Riverine,6,Calendar,19
-5000,initial,17,Great litaiguo Tribe,East Riverine,100,Cordage and Knots,19
-5000,initial,17,Great litaiguo Tribe,East Riverine,101,Hide Working and Tailored Clothing,19
-5000,initial,17,Great litaiguo Tribe,East Riverine,102,Hafted Stone Tools,19
-5000,initial,17,Great litaiguo Tribe,East Riverine,105,Food Preservation,19
-5000,initial,17,Great litaiguo Tribe,East Riverine,106,Storage Pits and Containers,19
-5000,initial,17,Great litaiguo Tribe,East Riverine,107,Seasonal Aggregation Camps,19
-5000,initial,17,Great litaiguo Tribe,East Riverine,110,Dog Domestication,19
-5000,initial,17,Great litaiguo Tribe,East Riverine,111,Grinding Stones,19
-5000,initial,17,Great litaiguo Tribe,East Riverine,112,Proto-cultivation,19
-5000,initial,17,Great litaiguo Tribe,East Riverine,113,Sedentism,19
-5000,initial,17,Great litaiguo Tribe,East Riverine,114,Enclosures and Herd Management,19
-5000,initial,17,Great litaiguo Tribe,East Riverine,115,Counting Tokens and Tallies,19
-5000,initial,17,Great litaiguo Tribe,East Riverine,116,Charcoal Firing,19
-5000,initial,17,Great litaiguo Tribe,East Riverine,1,Pottery,19
-5000,initial,17,Great litaiguo Tribe,East Riverine,2,Animal Husbandry,19
-5000,initial,17,Great litaiguo Tribe,East Riverine,4,Mining,19
-5000,initial,17,Great litaiguo Tribe,East Riverine,20,Agriculture,19
-5000,initial,17,Great litaiguo Tribe,East Riverine,3,Archery,19
-5000,initial,17,Great litaiguo Tribe,East Riverine,6,Calendar,19
-5000,initial,18,New minzhoguo Tribe,East Riverine,100,Cordage and Knots,19
-5000,initial,18,New minzhoguo Tribe,East Riverine,101,Hide Working and Tailored Clothing,19
-5000,initial,18,New minzhoguo Tribe,East Riverine,102,Hafted Stone Tools,19
-5000,initial,18,New minzhoguo Tribe,East Riverine,105,Food Preservation,19
-5000,initial,18,New minzhoguo Tribe,East Riverine,106,Storage Pits and Containers,19
-5000,initial,18,New minzhoguo Tribe,East Riverine,107,Seasonal Aggregation Camps,19
-5000,initial,18,New minzhoguo Tribe,East Riverine,110,Dog Domestication,19
-5000,initial,18,New minzhoguo Tribe,East Riverine,111,Grinding Stones,19
-5000,initial,18,New minzhoguo Tribe,East Riverine,112,Proto-cultivation,19
-5000,initial,18,New minzhoguo Tribe,East Riverine,113,Sedentism,19
-5000,initial,18,New minzhoguo Tribe,East Riverine,114,Enclosures and Herd Management,19
-5000,initial,18,New minzhoguo Tribe,East Riverine,115,Counting Tokens and Tallies,19
-5000,initial,18,New minzhoguo Tribe,East Riverine,116,Charcoal Firing,19
-5000,initial,18,New minzhoguo Tribe,East Riverine,1,Pottery,19
-5000,initial,18,New minzhoguo Tribe,East Riverine,2,Animal Husbandry,19
-5000,initial,18,New minzhoguo Tribe,East Riverine,4,Mining,19
-5000,initial,18,New minzhoguo Tribe,East Riverine,20,Agriculture,19
-5000,initial,18,New minzhoguo Tribe,East Riverine,3,Archery,19
-5000,initial,18,New minzhoguo Tribe,East Riverine,6,Calendar,19
-5000,initial,19,North hanwei Tribe,East Riverine,100,Cordage and Knots,19
-5000,initial,19,North hanwei Tribe,East Riverine,101,Hide Working and Tailored Clothing,19
-5000,initial,19,North hanwei Tribe,East Riverine,102,Hafted Stone Tools,19
-5000,initial,19,North hanwei Tribe,East Riverine,105,Food Preservation,19
-5000,initial,19,North hanwei Tribe,East Riverine,106,Storage Pits and Containers,19
-5000,initial,19,North hanwei Tribe,East Riverine,107,Seasonal Aggregation Camps,19
-5000,initial,19,North hanwei Tribe,East Riverine,110,Dog Domestication,19
-5000,initial,19,North hanwei Tribe,East Riverine,111,Grinding Stones,19
-5000,initial,19,North hanwei Tribe,East Riverine,112,Proto-cultivation,19
-5000,initial,19,North hanwei Tribe,East Riverine,113,Sedentism,19
-5000,initial,19,North hanwei Tribe,East Riverine,114,Enclosures and Herd Management,19
-5000,initial,19,North hanwei Tribe,East Riverine,115,Counting Tokens and Tallies,19
-5000,initial,19,North hanwei Tribe,East Riverine,116,Charcoal Firing,19
-5000,initial,19,North hanwei Tribe,East Riverine,1,Pottery,19
-5000,initial,19,North hanwei Tribe,East Riverine,2,Animal Husbandry,19
-5000,initial,19,North hanwei Tribe,East Riverine,4,Mining,19
-5000,initial,19,North hanwei Tribe,East Riverine,20,Agriculture,19
-5000,initial,19,North hanwei Tribe,East Riverine,3,Archery,19
-5000,initial,19,North hanwei Tribe,East Riverine,6,Calendar,19
-5000,initial,20,New hanlinqinguo Tribe,East Riverine,100,Cordage and Knots,19
-5000,initial,20,New hanlinqinguo Tribe,East Riverine,101,Hide Working and Tailored Clothing,19
-5000,initial,20,New hanlinqinguo Tribe,East Riverine,102,Hafted Stone Tools,19
-5000,initial,20,New hanlinqinguo Tribe,East Riverine,105,Food Preservation,19
-5000,initial,20,New hanlinqinguo Tribe,East Riverine,106,Storage Pits and Containers,19
-5000,initial,20,New hanlinqinguo Tribe,East Riverine,107,Seasonal Aggregation Camps,19
-5000,initial,20,New hanlinqinguo Tribe,East Riverine,110,Dog Domestication,19
-5000,initial,20,New hanlinqinguo Tribe,East Riverine,111,Grinding Stones,19
-5000,initial,20,New hanlinqinguo Tribe,East Riverine,112,Proto-cultivation,19
-5000,initial,20,New hanlinqinguo Tribe,East Riverine,113,Sedentism,19
-5000,initial,20,New hanlinqinguo Tribe,East Riverine,114,Enclosures and Herd Management,19
-5000,initial,20,New hanlinqinguo Tribe,East Riverine,115,Counting Tokens and Tallies,19
-5000,initial,20,New hanlinqinguo Tribe,East Riverine,116,Charcoal Firing,19
-5000,initial,20,New hanlinqinguo Tribe,East Riverine,1,Pottery,19
-5000,initial,20,New hanlinqinguo Tribe,East Riverine,2,Animal Husbandry,19
-5000,initial,20,New hanlinqinguo Tribe,East Riverine,4,Mining,19
-5000,initial,20,New hanlinqinguo Tribe,East Riverine,20,Agriculture,19
-5000,initial,20,New hanlinqinguo Tribe,East Riverine,3,Archery,19
-5000,initial,20,New hanlinqinguo Tribe,East Riverine,6,Calendar,19
-5000,initial,21,Great tailizhou Tribe,East Riverine,100,Cordage and Knots,19
-5000,initial,21,Great tailizhou Tribe,East Riverine,101,Hide Working and Tailored Clothing,19
-5000,initial,21,Great tailizhou Tribe,East Riverine,102,Hafted Stone Tools,19
-5000,initial,21,Great tailizhou Tribe,East Riverine,105,Food Preservation,19
-5000,initial,21,Great tailizhou Tribe,East Riverine,106,Storage Pits and Containers,19
-5000,initial,21,Great tailizhou Tribe,East Riverine,107,Seasonal Aggregation Camps,19
-5000,initial,21,Great tailizhou Tribe,East Riverine,110,Dog Domestication,19
-5000,initial,21,Great tailizhou Tribe,East Riverine,111,Grinding Stones,19
-5000,initial,21,Great tailizhou Tribe,East Riverine,112,Proto-cultivation,19
-5000,initial,21,Great tailizhou Tribe,East Riverine,113,Sedentism,19
-5000,initial,21,Great tailizhou Tribe,East Riverine,114,Enclosures and Herd Management,19
-5000,initial,21,Great tailizhou Tribe,East Riverine,115,Counting Tokens and Tallies,19
-5000,initial,21,Great tailizhou Tribe,East Riverine,116,Charcoal Firing,19
-5000,initial,21,Great tailizhou Tribe,East Riverine,1,Pottery,19
-5000,initial,21,Great tailizhou Tribe,East Riverine,2,Animal Husbandry,19
-5000,initial,21,Great tailizhou Tribe,East Riverine,4,Mining,19
-5000,initial,21,Great tailizhou Tribe,East Riverine,20,Agriculture,19
-5000,initial,21,Great tailizhou Tribe,East Riverine,3,Archery,19
-5000,initial,21,Great tailizhou Tribe,East Riverine,6,Calendar,19
-5000,initial,22,South weitaishan Tribe,East Riverine,100,Cordage and Knots,19
-5000,initial,22,South weitaishan Tribe,East Riverine,101,Hide Working and Tailored Clothing,19
-5000,initial,22,South weitaishan Tribe,East Riverine,102,Hafted Stone Tools,19
-5000,initial,22,South weitaishan Tribe,East Riverine,105,Food Preservation,19
-5000,initial,22,South weitaishan Tribe,East Riverine,106,Storage Pits and Containers,19
-5000,initial,22,South weitaishan Tribe,East Riverine,107,Seasonal Aggregation Camps,19
-5000,initial,22,South weitaishan Tribe,East Riverine,110,Dog Domestication,19
-5000,initial,22,South weitaishan Tribe,East Riverine,111,Grinding Stones,19
-5000,initial,22,South weitaishan Tribe,East Riverine,112,Proto-cultivation,19
-5000,initial,22,South weitaishan Tribe,East Riverine,113,Sedentism,19
-5000,initial,22,South weitaishan Tribe,East Riverine,114,Enclosures and Herd Management,19
-5000,initial,22,South weitaishan Tribe,East Riverine,115,Counting Tokens and Tallies,19
-5000,initial,22,South weitaishan Tribe,East Riverine,116,Charcoal Firing,19
-5000,initial,22,South weitaishan Tribe,East Riverine,1,Pottery,19
-5000,initial,22,South weitaishan Tribe,East Riverine,2,Animal Husbandry,19
-5000,initial,22,South weitaishan Tribe,East Riverine,4,Mining,19
-5000,initial,22,South weitaishan Tribe,East Riverine,20,Agriculture,19
-5000,initial,22,South weitaishan Tribe,East Riverine,3,Archery,19
-5000,initial,22,South weitaishan Tribe,East Riverine,6,Calendar,19
-5000,initial,23,New qinrenweiguo Tribe,East Riverine,100,Cordage and Knots,19
-5000,initial,23,New qinrenweiguo Tribe,East Riverine,101,Hide Working and Tailored Clothing,19
-5000,initial,23,New qinrenweiguo Tribe,East Riverine,102,Hafted Stone Tools,19
-5000,initial,23,New qinrenweiguo Tribe,East Riverine,105,Food Preservation,19
-5000,initial,23,New qinrenweiguo Tribe,East Riverine,106,Storage Pits and Containers,19
-5000,initial,23,New qinrenweiguo Tribe,East Riverine,107,Seasonal Aggregation Camps,19
-5000,initial,23,New qinrenweiguo Tribe,East Riverine,110,Dog Domestication,19
-5000,initial,23,New qinrenweiguo Tribe,East Riverine,111,Grinding Stones,19
-5000,initial,23,New qinrenweiguo Tribe,East Riverine,112,Proto-cultivation,19
-5000,initial,23,New qinrenweiguo Tribe,East Riverine,113,Sedentism,19
-5000,initial,23,New qinrenweiguo Tribe,East Riverine,114,Enclosures and Herd Management,19
-5000,initial,23,New qinrenweiguo Tribe,East Riverine,115,Counting Tokens and Tallies,19
-5000,initial,23,New qinrenweiguo Tribe,East Riverine,116,Charcoal Firing,19
-5000,initial,23,New qinrenweiguo Tribe,East Riverine,1,Pottery,19
-5000,initial,23,New qinrenweiguo Tribe,East Riverine,2,Animal Husbandry,19
-5000,initial,23,New qinrenweiguo Tribe,East Riverine,4,Mining,19
-5000,initial,23,New qinrenweiguo Tribe,East Riverine,20,Agriculture,19
-5000,initial,23,New qinrenweiguo Tribe,East Riverine,3,Archery,19
-5000,initial,23,New qinrenweiguo Tribe,East Riverine,6,Calendar,19
-5000,initial,24,Old renlinzhou Tribe,East Riverine,100,Cordage and Knots,19
-5000,initial,24,Old renlinzhou Tribe,East Riverine,101,Hide Working and Tailored Clothing,19
-5000,initial,24,Old renlinzhou Tribe,East Riverine,102,Hafted Stone Tools,19
-5000,initial,24,Old renlinzhou Tribe,East Riverine,105,Food Preservation,19
-5000,initial,24,Old renlinzhou Tribe,East Riverine,106,Storage Pits and Containers,19
-5000,initial,24,Old renlinzhou Tribe,East Riverine,107,Seasonal Aggregation Camps,19
-5000,initial,24,Old renlinzhou Tribe,East Riverine,110,Dog Domestication,19
-5000,initial,24,Old renlinzhou Tribe,East Riverine,111,Grinding Stones,19
-5000,initial,24,Old renlinzhou Tribe,East Riverine,112,Proto-cultivation,19
-5000,initial,24,Old renlinzhou Tribe,East Riverine,113,Sedentism,19
-5000,initial,24,Old renlinzhou Tribe,East Riverine,114,Enclosures and Herd Management,19
-5000,initial,24,Old renlinzhou Tribe,East Riverine,115,Counting Tokens and Tallies,19
-5000,initial,24,Old renlinzhou Tribe,East Riverine,116,Charcoal Firing,19
-5000,initial,24,Old renlinzhou Tribe,East Riverine,1,Pottery,19
-5000,initial,24,Old renlinzhou Tribe,East Riverine,2,Animal Husbandry,19
-5000,initial,24,Old renlinzhou Tribe,East Riverine,4,Mining,19
-5000,initial,24,Old renlinzhou Tribe,East Riverine,20,Agriculture,19
-5000,initial,24,Old renlinzhou Tribe,East Riverine,3,Archery,19
-5000,initial,24,Old renlinzhou Tribe,East Riverine,6,Calendar,19
-5000,initial,25,Renweiguo Tribe,East Riverine,100,Cordage and Knots,19
-5000,initial,25,Renweiguo Tribe,East Riverine,101,Hide Working and Tailored Clothing,19
-5000,initial,25,Renweiguo Tribe,East Riverine,102,Hafted Stone Tools,19
-5000,initial,25,Renweiguo Tribe,East Riverine,105,Food Preservation,19
-5000,initial,25,Renweiguo Tribe,East Riverine,106,Storage Pits and Containers,19
-5000,initial,25,Renweiguo Tribe,East Riverine,107,Seasonal Aggregation Camps,19
-5000,initial,25,Renweiguo Tribe,East Riverine,110,Dog Domestication,19
-5000,initial,25,Renweiguo Tribe,East Riverine,111,Grinding Stones,19
-5000,initial,25,Renweiguo Tribe,East Riverine,112,Proto-cultivation,19
-5000,initial,25,Renweiguo Tribe,East Riverine,113,Sedentism,19
-5000,initial,25,Renweiguo Tribe,East Riverine,114,Enclosures and Herd Management,19
-5000,initial,25,Renweiguo Tribe,East Riverine,115,Counting Tokens and Tallies,19
-5000,initial,25,Renweiguo Tribe,East Riverine,116,Charcoal Firing,19
-5000,initial,25,Renweiguo Tribe,East Riverine,1,Pottery,19
-5000,initial,25,Renweiguo Tribe,East Riverine,2,Animal Husbandry,19
-5000,initial,25,Renweiguo Tribe,East Riverine,4,Mining,19
-5000,initial,25,Renweiguo Tribe,East Riverine,20,Agriculture,19
-5000,initial,25,Renweiguo Tribe,East Riverine,3,Archery,19
-5000,initial,25,Renweiguo Tribe,East Riverine,6,Calendar,19
-5000,initial,26,New renqinzhou Tribe,East Riverine,100,Cordage and Knots,19
-5000,initial,26,New renqinzhou Tribe,East Riverine,101,Hide Working and Tailored Clothing,19
-5000,initial,26,New renqinzhou Tribe,East Riverine,102,Hafted Stone Tools,19
-5000,initial,26,New renqinzhou Tribe,East Riverine,105,Food Preservation,19
-5000,initial,26,New renqinzhou Tribe,East Riverine,106,Storage Pits and Containers,19
-5000,initial,26,New renqinzhou Tribe,East Riverine,107,Seasonal Aggregation Camps,19
-5000,initial,26,New renqinzhou Tribe,East Riverine,110,Dog Domestication,19
-5000,initial,26,New renqinzhou Tribe,East Riverine,111,Grinding Stones,19
-5000,initial,26,New renqinzhou Tribe,East Riverine,112,Proto-cultivation,19
-5000,initial,26,New renqinzhou Tribe,East Riverine,113,Sedentism,19
-5000,initial,26,New renqinzhou Tribe,East Riverine,114,Enclosures and Herd Management,19
-5000,initial,26,New renqinzhou Tribe,East Riverine,115,Counting Tokens and Tallies,19
-5000,initial,26,New renqinzhou Tribe,East Riverine,116,Charcoal Firing,19
-5000,initial,26,New renqinzhou Tribe,East Riverine,1,Pottery,19
-5000,initial,26,New renqinzhou Tribe,East Riverine,2,Animal Husbandry,19
-5000,initial,26,New renqinzhou Tribe,East Riverine,4,Mining,19
-5000,initial,26,New renqinzhou Tribe,East Riverine,20,Agriculture,19
-5000,initial,26,New renqinzhou Tribe,East Riverine,3,Archery,19
-5000,initial,26,New renqinzhou Tribe,East Riverine,6,Calendar,19
-5000,initial,27,Great linlinminling Tribe,East Riverine,100,Cordage and Knots,19
-5000,initial,27,Great linlinminling Tribe,East Riverine,101,Hide Working and Tailored Clothing,19
-5000,initial,27,Great linlinminling Tribe,East Riverine,102,Hafted Stone Tools,19
-5000,initial,27,Great linlinminling Tribe,East Riverine,105,Food Preservation,19
-5000,initial,27,Great linlinminling Tribe,East Riverine,106,Storage Pits and Containers,19
-5000,initial,27,Great linlinminling Tribe,East Riverine,107,Seasonal Aggregation Camps,19
-5000,initial,27,Great linlinminling Tribe,East Riverine,110,Dog Domestication,19
-5000,initial,27,Great linlinminling Tribe,East Riverine,111,Grinding Stones,19
-5000,initial,27,Great linlinminling Tribe,East Riverine,112,Proto-cultivation,19
-5000,initial,27,Great linlinminling Tribe,East Riverine,113,Sedentism,19
-5000,initial,27,Great linlinminling Tribe,East Riverine,114,Enclosures and Herd Management,19
-5000,initial,27,Great linlinminling Tribe,East Riverine,115,Counting Tokens and Tallies,19
-5000,initial,27,Great linlinminling Tribe,East Riverine,116,Charcoal Firing,19
-5000,initial,27,Great linlinminling Tribe,East Riverine,1,Pottery,19
-5000,initial,27,Great linlinminling Tribe,East Riverine,2,Animal Husbandry,19
-5000,initial,27,Great linlinminling Tribe,East Riverine,4,Mining,19
-5000,initial,27,Great linlinminling Tribe,East Riverine,20,Agriculture,19
-5000,initial,27,Great linlinminling Tribe,East Riverine,3,Archery,19
-5000,initial,27,Great linlinminling Tribe,East Riverine,6,Calendar,19
-5000,initial,28,Great ursamar Tribe,Fertile Crescent,100,Cordage and Knots,21
-5000,initial,28,Great ursamar Tribe,Fertile Crescent,101,Hide Working and Tailored Clothing,21
-5000,initial,28,Great ursamar Tribe,Fertile Crescent,102,Hafted Stone Tools,21
-5000,initial,28,Great ursamar Tribe,Fertile Crescent,105,Food Preservation,21
-5000,initial,28,Great ursamar Tribe,Fertile Crescent,106,Storage Pits and Containers,21
-5000,initial,28,Great ursamar Tribe,Fertile Crescent,107,Seasonal Aggregation Camps,21
-5000,initial,28,Great ursamar Tribe,Fertile Crescent,110,Dog Domestication,21
-5000,initial,28,Great ursamar Tribe,Fertile Crescent,111,Grinding Stones,21
-5000,initial,28,Great ursamar Tribe,Fertile Crescent,112,Proto-cultivation,21
-5000,initial,28,Great ursamar Tribe,Fertile Crescent,113,Sedentism,21
-5000,initial,28,Great ursamar Tribe,Fertile Crescent,114,Enclosures and Herd Management,21
-5000,initial,28,Great ursamar Tribe,Fertile Crescent,115,Counting Tokens and Tallies,21
-5000,initial,28,Great ursamar Tribe,Fertile Crescent,116,Charcoal Firing,21
-5000,initial,28,Great ursamar Tribe,Fertile Crescent,1,Pottery,21
-5000,initial,28,Great ursamar Tribe,Fertile Crescent,119,Native Copper Working,21
-5000,initial,28,Great ursamar Tribe,Fertile Crescent,2,Animal Husbandry,21
-5000,initial,28,Great ursamar Tribe,Fertile Crescent,4,Mining,21
-5000,initial,28,Great ursamar Tribe,Fertile Crescent,20,Agriculture,21
-5000,initial,28,Great ursamar Tribe,Fertile Crescent,3,Archery,21
-5000,initial,28,Great ursamar Tribe,Fertile Crescent,6,Calendar,21
-5000,initial,28,Great ursamar Tribe,Fertile Crescent,10,Irrigation,21
-5000,initial,29,Samurad Tribe,Fertile Crescent,100,Cordage and Knots,21
-5000,initial,29,Samurad Tribe,Fertile Crescent,101,Hide Working and Tailored Clothing,21
-5000,initial,29,Samurad Tribe,Fertile Crescent,102,Hafted Stone Tools,21
-5000,initial,29,Samurad Tribe,Fertile Crescent,105,Food Preservation,21
-5000,initial,29,Samurad Tribe,Fertile Crescent,106,Storage Pits and Containers,21
-5000,initial,29,Samurad Tribe,Fertile Crescent,107,Seasonal Aggregation Camps,21
-5000,initial,29,Samurad Tribe,Fertile Crescent,110,Dog Domestication,21
-5000,initial,29,Samurad Tribe,Fertile Crescent,111,Grinding Stones,21
-5000,initial,29,Samurad Tribe,Fertile Crescent,112,Proto-cultivation,21
-5000,initial,29,Samurad Tribe,Fertile Crescent,113,Sedentism,21
-5000,initial,29,Samurad Tribe,Fertile Crescent,114,Enclosures and Herd Management,21
-5000,initial,29,Samurad Tribe,Fertile Crescent,115,Counting Tokens and Tallies,21
-5000,initial,29,Samurad Tribe,Fertile Crescent,116,Charcoal Firing,21
-5000,initial,29,Samurad Tribe,Fertile Crescent,1,Pottery,21
-5000,initial,29,Samurad Tribe,Fertile Crescent,119,Native Copper Working,21
-5000,initial,29,Samurad Tribe,Fertile Crescent,2,Animal Husbandry,21
-5000,initial,29,Samurad Tribe,Fertile Crescent,4,Mining,21
-5000,initial,29,Samurad Tribe,Fertile Crescent,20,Agriculture,21
-5000,initial,29,Samurad Tribe,Fertile Crescent,3,Archery,21
-5000,initial,29,Samurad Tribe,Fertile Crescent,6,Calendar,21
-5000,initial,29,Samurad Tribe,Fertile Crescent,10,Irrigation,21
-5000,initial,30,North barbelbarad Tribe,Fertile Crescent,100,Cordage and Knots,21
-5000,initial,30,North barbelbarad Tribe,Fertile Crescent,101,Hide Working and Tailored Clothing,21
-5000,initial,30,North barbelbarad Tribe,Fertile Crescent,102,Hafted Stone Tools,21
-5000,initial,30,North barbelbarad Tribe,Fertile Crescent,105,Food Preservation,21
-5000,initial,30,North barbelbarad Tribe,Fertile Crescent,106,Storage Pits and Containers,21
-5000,initial,30,North barbelbarad Tribe,Fertile Crescent,107,Seasonal Aggregation Camps,21
-5000,initial,30,North barbelbarad Tribe,Fertile Crescent,110,Dog Domestication,21
-5000,initial,30,North barbelbarad Tribe,Fertile Crescent,111,Grinding Stones,21
-5000,initial,30,North barbelbarad Tribe,Fertile Crescent,112,Proto-cultivation,21
-5000,initial,30,North barbelbarad Tribe,Fertile Crescent,113,Sedentism,21
-5000,initial,30,North barbelbarad Tribe,Fertile Crescent,114,Enclosures and Herd Management,21
-5000,initial,30,North barbelbarad Tribe,Fertile Crescent,115,Counting Tokens and Tallies,21
-5000,initial,30,North barbelbarad Tribe,Fertile Crescent,116,Charcoal Firing,21
-5000,initial,30,North barbelbarad Tribe,Fertile Crescent,1,Pottery,21
-5000,initial,30,North barbelbarad Tribe,Fertile Crescent,119,Native Copper Working,21
-5000,initial,30,North barbelbarad Tribe,Fertile Crescent,2,Animal Husbandry,21
-5000,initial,30,North barbelbarad Tribe,Fertile Crescent,4,Mining,21
-5000,initial,30,North barbelbarad Tribe,Fertile Crescent,20,Agriculture,21
-5000,initial,30,North barbelbarad Tribe,Fertile Crescent,3,Archery,21
-5000,initial,30,North barbelbarad Tribe,Fertile Crescent,6,Calendar,21
-5000,initial,30,North barbelbarad Tribe,Fertile Crescent,10,Irrigation,21
-5000,initial,31,Great tameshninar Tribe,Fertile Crescent,100,Cordage and Knots,21
-5000,initial,31,Great tameshninar Tribe,Fertile Crescent,101,Hide Working and Tailored Clothing,21
-5000,initial,31,Great tameshninar Tribe,Fertile Crescent,102,Hafted Stone Tools,21
-5000,initial,31,Great tameshninar Tribe,Fertile Crescent,105,Food Preservation,21
-5000,initial,31,Great tameshninar Tribe,Fertile Crescent,106,Storage Pits and Containers,21
-5000,initial,31,Great tameshninar Tribe,Fertile Crescent,107,Seasonal Aggregation Camps,21
-5000,initial,31,Great tameshninar Tribe,Fertile Crescent,110,Dog Domestication,21
-5000,initial,31,Great tameshninar Tribe,Fertile Crescent,111,Grinding Stones,21
-5000,initial,31,Great tameshninar Tribe,Fertile Crescent,112,Proto-cultivation,21
-5000,initial,31,Great tameshninar Tribe,Fertile Crescent,113,Sedentism,21
-5000,initial,31,Great tameshninar Tribe,Fertile Crescent,114,Enclosures and Herd Management,21
-5000,initial,31,Great tameshninar Tribe,Fertile Crescent,115,Counting Tokens and Tallies,21
-5000,initial,31,Great tameshninar Tribe,Fertile Crescent,116,Charcoal Firing,21
-5000,initial,31,Great tameshninar Tribe,Fertile Crescent,1,Pottery,21
-5000,initial,31,Great tameshninar Tribe,Fertile Crescent,119,Native Copper Working,21
-5000,initial,31,Great tameshninar Tribe,Fertile Crescent,2,Animal Husbandry,21
-5000,initial,31,Great tameshninar Tribe,Fertile Crescent,4,Mining,21
-5000,initial,31,Great tameshninar Tribe,Fertile Crescent,20,Agriculture,21
-5000,initial,31,Great tameshninar Tribe,Fertile Crescent,3,Archery,21
-5000,initial,31,Great tameshninar Tribe,Fertile Crescent,6,Calendar,21
-5000,initial,31,Great tameshninar Tribe,Fertile Crescent,10,Irrigation,21
-5000,initial,32,North barsameshar Tribe,Fertile Crescent,100,Cordage and Knots,21
-5000,initial,32,North barsameshar Tribe,Fertile Crescent,101,Hide Working and Tailored Clothing,21
-5000,initial,32,North barsameshar Tribe,Fertile Crescent,102,Hafted Stone Tools,21
-5000,initial,32,North barsameshar Tribe,Fertile Crescent,105,Food Preservation,21
-5000,initial,32,North barsameshar Tribe,Fertile Crescent,106,Storage Pits and Containers,21
-5000,initial,32,North barsameshar Tribe,Fertile Crescent,107,Seasonal Aggregation Camps,21
-5000,initial,32,North barsameshar Tribe,Fertile Crescent,110,Dog Domestication,21
-5000,initial,32,North barsameshar Tribe,Fertile Crescent,111,Grinding Stones,21
-5000,initial,32,North barsameshar Tribe,Fertile Crescent,112,Proto-cultivation,21
-5000,initial,32,North barsameshar Tribe,Fertile Crescent,113,Sedentism,21
-5000,initial,32,North barsameshar Tribe,Fertile Crescent,114,Enclosures and Herd Management,21
-5000,initial,32,North barsameshar Tribe,Fertile Crescent,115,Counting Tokens and Tallies,21
-5000,initial,32,North barsameshar Tribe,Fertile Crescent,116,Charcoal Firing,21
-5000,initial,32,North barsameshar Tribe,Fertile Crescent,1,Pottery,21
-5000,initial,32,North barsameshar Tribe,Fertile Crescent,119,Native Copper Working,21
-5000,initial,32,North barsameshar Tribe,Fertile Crescent,2,Animal Husbandry,21
-5000,initial,32,North barsameshar Tribe,Fertile Crescent,4,Mining,21
-5000,initial,32,North barsameshar Tribe,Fertile Crescent,20,Agriculture,21
-5000,initial,32,North barsameshar Tribe,Fertile Crescent,3,Archery,21
-5000,initial,32,North barsameshar Tribe,Fertile Crescent,6,Calendar,21
-5000,initial,32,North barsameshar Tribe,Fertile Crescent,10,Irrigation,21
-5000,initial,33,North bareshar Tribe,Fertile Crescent,100,Cordage and Knots,21
-5000,initial,33,North bareshar Tribe,Fertile Crescent,101,Hide Working and Tailored Clothing,21
-5000,initial,33,North bareshar Tribe,Fertile Crescent,102,Hafted Stone Tools,21
-5000,initial,33,North bareshar Tribe,Fertile Crescent,105,Food Preservation,21
-5000,initial,33,North bareshar Tribe,Fertile Crescent,106,Storage Pits and Containers,21
-5000,initial,33,North bareshar Tribe,Fertile Crescent,107,Seasonal Aggregation Camps,21
-5000,initial,33,North bareshar Tribe,Fertile Crescent,110,Dog Domestication,21
-5000,initial,33,North bareshar Tribe,Fertile Crescent,111,Grinding Stones,21
-5000,initial,33,North bareshar Tribe,Fertile Crescent,112,Proto-cultivation,21
-5000,initial,33,North bareshar Tribe,Fertile Crescent,113,Sedentism,21
-5000,initial,33,North bareshar Tribe,Fertile Crescent,114,Enclosures and Herd Management,21
-5000,initial,33,North bareshar Tribe,Fertile Crescent,115,Counting Tokens and Tallies,21
-5000,initial,33,North bareshar Tribe,Fertile Crescent,116,Charcoal Firing,21
-5000,initial,33,North bareshar Tribe,Fertile Crescent,1,Pottery,21
-5000,initial,33,North bareshar Tribe,Fertile Crescent,119,Native Copper Working,21
-5000,initial,33,North bareshar Tribe,Fertile Crescent,2,Animal Husbandry,21
-5000,initial,33,North bareshar Tribe,Fertile Crescent,4,Mining,21
-5000,initial,33,North bareshar Tribe,Fertile Crescent,20,Agriculture,21
-5000,initial,33,North bareshar Tribe,Fertile Crescent,3,Archery,21
-5000,initial,33,North bareshar Tribe,Fertile Crescent,6,Calendar,21
-5000,initial,33,North bareshar Tribe,Fertile Crescent,10,Irrigation,21
-5000,initial,34,New urninan Tribe,Fertile Crescent,100,Cordage and Knots,21
-5000,initial,34,New urninan Tribe,Fertile Crescent,101,Hide Working and Tailored Clothing,21
-5000,initial,34,New urninan Tribe,Fertile Crescent,102,Hafted Stone Tools,21
-5000,initial,34,New urninan Tribe,Fertile Crescent,105,Food Preservation,21
-5000,initial,34,New urninan Tribe,Fertile Crescent,106,Storage Pits and Containers,21
-5000,initial,34,New urninan Tribe,Fertile Crescent,107,Seasonal Aggregation Camps,21
-5000,initial,34,New urninan Tribe,Fertile Crescent,110,Dog Domestication,21
-5000,initial,34,New urninan Tribe,Fertile Crescent,111,Grinding Stones,21
-5000,initial,34,New urninan Tribe,Fertile Crescent,112,Proto-cultivation,21
-5000,initial,34,New urninan Tribe,Fertile Crescent,113,Sedentism,21
-5000,initial,34,New urninan Tribe,Fertile Crescent,114,Enclosures and Herd Management,21
-5000,initial,34,New urninan Tribe,Fertile Crescent,115,Counting Tokens and Tallies,21
-5000,initial,34,New urninan Tribe,Fertile Crescent,116,Charcoal Firing,21
-5000,initial,34,New urninan Tribe,Fertile Crescent,1,Pottery,21
-5000,initial,34,New urninan Tribe,Fertile Crescent,119,Native Copper Working,21
-5000,initial,34,New urninan Tribe,Fertile Crescent,2,Animal Husbandry,21
-5000,initial,34,New urninan Tribe,Fertile Crescent,4,Mining,21
-5000,initial,34,New urninan Tribe,Fertile Crescent,20,Agriculture,21
-5000,initial,34,New urninan Tribe,Fertile Crescent,3,Archery,21
-5000,initial,34,New urninan Tribe,Fertile Crescent,6,Calendar,21
-5000,initial,34,New urninan Tribe,Fertile Crescent,10,Irrigation,21
-5000,initial,35,North ururum Tribe,Fertile Crescent,100,Cordage and Knots,21
-5000,initial,35,North ururum Tribe,Fertile Crescent,101,Hide Working and Tailored Clothing,21
-5000,initial,35,North ururum Tribe,Fertile Crescent,102,Hafted Stone Tools,21
-5000,initial,35,North ururum Tribe,Fertile Crescent,105,Food Preservation,21
-5000,initial,35,North ururum Tribe,Fertile Crescent,106,Storage Pits and Containers,21
-5000,initial,35,North ururum Tribe,Fertile Crescent,107,Seasonal Aggregation Camps,21
-5000,initial,35,North ururum Tribe,Fertile Crescent,110,Dog Domestication,21
-5000,initial,35,North ururum Tribe,Fertile Crescent,111,Grinding Stones,21
-5000,initial,35,North ururum Tribe,Fertile Crescent,112,Proto-cultivation,21
-5000,initial,35,North ururum Tribe,Fertile Crescent,113,Sedentism,21
-5000,initial,35,North ururum Tribe,Fertile Crescent,114,Enclosures and Herd Management,21
-5000,initial,35,North ururum Tribe,Fertile Crescent,115,Counting Tokens and Tallies,21
-5000,initial,35,North ururum Tribe,Fertile Crescent,116,Charcoal Firing,21
-5000,initial,35,North ururum Tribe,Fertile Crescent,1,Pottery,21
-5000,initial,35,North ururum Tribe,Fertile Crescent,119,Native Copper Working,21
-5000,initial,35,North ururum Tribe,Fertile Crescent,2,Animal Husbandry,21
-5000,initial,35,North ururum Tribe,Fertile Crescent,4,Mining,21
-5000,initial,35,North ururum Tribe,Fertile Crescent,20,Agriculture,21
-5000,initial,35,North ururum Tribe,Fertile Crescent,3,Archery,21
-5000,initial,35,North ururum Tribe,Fertile Crescent,6,Calendar,21
-5000,initial,35,North ururum Tribe,Fertile Crescent,10,Irrigation,21
-5000,initial,36,North ashbelkalar Tribe,Fertile Crescent,100,Cordage and Knots,21
-5000,initial,36,North ashbelkalar Tribe,Fertile Crescent,101,Hide Working and Tailored Clothing,21
-5000,initial,36,North ashbelkalar Tribe,Fertile Crescent,102,Hafted Stone Tools,21
-5000,initial,36,North ashbelkalar Tribe,Fertile Crescent,105,Food Preservation,21
-5000,initial,36,North ashbelkalar Tribe,Fertile Crescent,106,Storage Pits and Containers,21
-5000,initial,36,North ashbelkalar Tribe,Fertile Crescent,107,Seasonal Aggregation Camps,21
-5000,initial,36,North ashbelkalar Tribe,Fertile Crescent,110,Dog Domestication,21
-5000,initial,36,North ashbelkalar Tribe,Fertile Crescent,111,Grinding Stones,21
-5000,initial,36,North ashbelkalar Tribe,Fertile Crescent,112,Proto-cultivation,21
-5000,initial,36,North ashbelkalar Tribe,Fertile Crescent,113,Sedentism,21
-5000,initial,36,North ashbelkalar Tribe,Fertile Crescent,114,Enclosures and Herd Management,21
-5000,initial,36,North ashbelkalar Tribe,Fertile Crescent,115,Counting Tokens and Tallies,21
-5000,initial,36,North ashbelkalar Tribe,Fertile Crescent,116,Charcoal Firing,21
-5000,initial,36,North ashbelkalar Tribe,Fertile Crescent,1,Pottery,21
-5000,initial,36,North ashbelkalar Tribe,Fertile Crescent,119,Native Copper Working,21
-5000,initial,36,North ashbelkalar Tribe,Fertile Crescent,2,Animal Husbandry,21
-5000,initial,36,North ashbelkalar Tribe,Fertile Crescent,4,Mining,21
-5000,initial,36,North ashbelkalar Tribe,Fertile Crescent,20,Agriculture,21
-5000,initial,36,North ashbelkalar Tribe,Fertile Crescent,3,Archery,21
-5000,initial,36,North ashbelkalar Tribe,Fertile Crescent,6,Calendar,21
-5000,initial,36,North ashbelkalar Tribe,Fertile Crescent,10,Irrigation,21
-5000,initial,37,South eshbarad Tribe,Fertile Crescent,100,Cordage and Knots,21
-5000,initial,37,South eshbarad Tribe,Fertile Crescent,101,Hide Working and Tailored Clothing,21
-5000,initial,37,South eshbarad Tribe,Fertile Crescent,102,Hafted Stone Tools,21
-5000,initial,37,South eshbarad Tribe,Fertile Crescent,105,Food Preservation,21
-5000,initial,37,South eshbarad Tribe,Fertile Crescent,106,Storage Pits and Containers,21
-5000,initial,37,South eshbarad Tribe,Fertile Crescent,107,Seasonal Aggregation Camps,21
-5000,initial,37,South eshbarad Tribe,Fertile Crescent,110,Dog Domestication,21
-5000,initial,37,South eshbarad Tribe,Fertile Crescent,111,Grinding Stones,21
-5000,initial,37,South eshbarad Tribe,Fertile Crescent,112,Proto-cultivation,21
-5000,initial,37,South eshbarad Tribe,Fertile Crescent,113,Sedentism,21
-5000,initial,37,South eshbarad Tribe,Fertile Crescent,114,Enclosures and Herd Management,21
-5000,initial,37,South eshbarad Tribe,Fertile Crescent,115,Counting Tokens and Tallies,21
-5000,initial,37,South eshbarad Tribe,Fertile Crescent,116,Charcoal Firing,21
-5000,initial,37,South eshbarad Tribe,Fertile Crescent,1,Pottery,21
-5000,initial,37,South eshbarad Tribe,Fertile Crescent,119,Native Copper Working,21
-5000,initial,37,South eshbarad Tribe,Fertile Crescent,2,Animal Husbandry,21
-5000,initial,37,South eshbarad Tribe,Fertile Crescent,4,Mining,21
-5000,initial,37,South eshbarad Tribe,Fertile Crescent,20,Agriculture,21
-5000,initial,37,South eshbarad Tribe,Fertile Crescent,3,Archery,21
-5000,initial,37,South eshbarad Tribe,Fertile Crescent,6,Calendar,21
-5000,initial,37,South eshbarad Tribe,Fertile Crescent,10,Irrigation,21
-5000,initial,38,Sameshuran Tribe,Fertile Crescent,100,Cordage and Knots,21
-5000,initial,38,Sameshuran Tribe,Fertile Crescent,101,Hide Working and Tailored Clothing,21
-5000,initial,38,Sameshuran Tribe,Fertile Crescent,102,Hafted Stone Tools,21
-5000,initial,38,Sameshuran Tribe,Fertile Crescent,105,Food Preservation,21
-5000,initial,38,Sameshuran Tribe,Fertile Crescent,106,Storage Pits and Containers,21
-5000,initial,38,Sameshuran Tribe,Fertile Crescent,107,Seasonal Aggregation Camps,21
-5000,initial,38,Sameshuran Tribe,Fertile Crescent,110,Dog Domestication,21
-5000,initial,38,Sameshuran Tribe,Fertile Crescent,111,Grinding Stones,21
-5000,initial,38,Sameshuran Tribe,Fertile Crescent,112,Proto-cultivation,21
-5000,initial,38,Sameshuran Tribe,Fertile Crescent,113,Sedentism,21
-5000,initial,38,Sameshuran Tribe,Fertile Crescent,114,Enclosures and Herd Management,21
-5000,initial,38,Sameshuran Tribe,Fertile Crescent,115,Counting Tokens and Tallies,21
-5000,initial,38,Sameshuran Tribe,Fertile Crescent,116,Charcoal Firing,21
-5000,initial,38,Sameshuran Tribe,Fertile Crescent,1,Pottery,21
-5000,initial,38,Sameshuran Tribe,Fertile Crescent,119,Native Copper Working,21
-5000,initial,38,Sameshuran Tribe,Fertile Crescent,2,Animal Husbandry,21
-5000,initial,38,Sameshuran Tribe,Fertile Crescent,4,Mining,21
-5000,initial,38,Sameshuran Tribe,Fertile Crescent,20,Agriculture,21
-5000,initial,38,Sameshuran Tribe,Fertile Crescent,3,Archery,21
-5000,initial,38,Sameshuran Tribe,Fertile Crescent,6,Calendar,21
-5000,initial,38,Sameshuran Tribe,Fertile Crescent,10,Irrigation,21
-5000,initial,39,Old belgarviagrad Tribe,Monsoon Coastal,100,Cordage and Knots,20
-5000,initial,39,Old belgarviagrad Tribe,Monsoon Coastal,101,Hide Working and Tailored Clothing,20
-5000,initial,39,Old belgarviagrad Tribe,Monsoon Coastal,102,Hafted Stone Tools,20
-5000,initial,39,Old belgarviagrad Tribe,Monsoon Coastal,104,Fishing Technology,20
-5000,initial,39,Old belgarviagrad Tribe,Monsoon Coastal,105,Food Preservation,20
-5000,initial,39,Old belgarviagrad Tribe,Monsoon Coastal,106,Storage Pits and Containers,20
-5000,initial,39,Old belgarviagrad Tribe,Monsoon Coastal,107,Seasonal Aggregation Camps,20
-5000,initial,39,Old belgarviagrad Tribe,Monsoon Coastal,108,Watercraft,20
-5000,initial,39,Old belgarviagrad Tribe,Monsoon Coastal,110,Dog Domestication,20
-5000,initial,39,Old belgarviagrad Tribe,Monsoon Coastal,111,Grinding Stones,20
-5000,initial,39,Old belgarviagrad Tribe,Monsoon Coastal,112,Proto-cultivation,20
-5000,initial,39,Old belgarviagrad Tribe,Monsoon Coastal,113,Sedentism,20
-5000,initial,39,Old belgarviagrad Tribe,Monsoon Coastal,114,Enclosures and Herd Management,20
-5000,initial,39,Old belgarviagrad Tribe,Monsoon Coastal,116,Charcoal Firing,20
-5000,initial,39,Old belgarviagrad Tribe,Monsoon Coastal,1,Pottery,20
-5000,initial,39,Old belgarviagrad Tribe,Monsoon Coastal,2,Animal Husbandry,20
-5000,initial,39,Old belgarviagrad Tribe,Monsoon Coastal,20,Agriculture,20
-5000,initial,39,Old belgarviagrad Tribe,Monsoon Coastal,3,Archery,20
-5000,initial,39,Old belgarviagrad Tribe,Monsoon Coastal,5,Sailing,20
-5000,initial,39,Old belgarviagrad Tribe,Monsoon Coastal,6,Calendar,20
-5000,initial,40,Solromland Tribe,Monsoon Coastal,100,Cordage and Knots,20
-5000,initial,40,Solromland Tribe,Monsoon Coastal,101,Hide Working and Tailored Clothing,20
-5000,initial,40,Solromland Tribe,Monsoon Coastal,102,Hafted Stone Tools,20
-5000,initial,40,Solromland Tribe,Monsoon Coastal,104,Fishing Technology,20
-5000,initial,40,Solromland Tribe,Monsoon Coastal,105,Food Preservation,20
-5000,initial,40,Solromland Tribe,Monsoon Coastal,106,Storage Pits and Containers,20
-5000,initial,40,Solromland Tribe,Monsoon Coastal,107,Seasonal Aggregation Camps,20
-5000,initial,40,Solromland Tribe,Monsoon Coastal,108,Watercraft,20
-5000,initial,40,Solromland Tribe,Monsoon Coastal,110,Dog Domestication,20
-5000,initial,40,Solromland Tribe,Monsoon Coastal,111,Grinding Stones,20
-5000,initial,40,Solromland Tribe,Monsoon Coastal,112,Proto-cultivation,20
-5000,initial,40,Solromland Tribe,Monsoon Coastal,113,Sedentism,20
-5000,initial,40,Solromland Tribe,Monsoon Coastal,114,Enclosures and Herd Management,20
-5000,initial,40,Solromland Tribe,Monsoon Coastal,116,Charcoal Firing,20
-5000,initial,40,Solromland Tribe,Monsoon Coastal,1,Pottery,20
-5000,initial,40,Solromland Tribe,Monsoon Coastal,2,Animal Husbandry,20
-5000,initial,40,Solromland Tribe,Monsoon Coastal,20,Agriculture,20
-5000,initial,40,Solromland Tribe,Monsoon Coastal,3,Archery,20
-5000,initial,40,Solromland Tribe,Monsoon Coastal,5,Sailing,20
-5000,initial,40,Solromland Tribe,Monsoon Coastal,6,Calendar,20
-5000,initial,41,North garbelnagrad Tribe,Monsoon Coastal,100,Cordage and Knots,20
-5000,initial,41,North garbelnagrad Tribe,Monsoon Coastal,101,Hide Working and Tailored Clothing,20
-5000,initial,41,North garbelnagrad Tribe,Monsoon Coastal,102,Hafted Stone Tools,20
-5000,initial,41,North garbelnagrad Tribe,Monsoon Coastal,104,Fishing Technology,20
-5000,initial,41,North garbelnagrad Tribe,Monsoon Coastal,105,Food Preservation,20
-5000,initial,41,North garbelnagrad Tribe,Monsoon Coastal,106,Storage Pits and Containers,20
-5000,initial,41,North garbelnagrad Tribe,Monsoon Coastal,107,Seasonal Aggregation Camps,20
-5000,initial,41,North garbelnagrad Tribe,Monsoon Coastal,108,Watercraft,20
-5000,initial,41,North garbelnagrad Tribe,Monsoon Coastal,110,Dog Domestication,20
-5000,initial,41,North garbelnagrad Tribe,Monsoon Coastal,111,Grinding Stones,20
-5000,initial,41,North garbelnagrad Tribe,Monsoon Coastal,112,Proto-cultivation,20
-5000,initial,41,North garbelnagrad Tribe,Monsoon Coastal,113,Sedentism,20
-5000,initial,41,North garbelnagrad Tribe,Monsoon Coastal,114,Enclosures and Herd Management,20
-5000,initial,41,North garbelnagrad Tribe,Monsoon Coastal,116,Charcoal Firing,20
-5000,initial,41,North garbelnagrad Tribe,Monsoon Coastal,1,Pottery,20
-5000,initial,41,North garbelnagrad Tribe,Monsoon Coastal,2,Animal Husbandry,20
-5000,initial,41,North garbelnagrad Tribe,Monsoon Coastal,20,Agriculture,20
-5000,initial,41,North garbelnagrad Tribe,Monsoon Coastal,3,Archery,20
-5000,initial,41,North garbelnagrad Tribe,Monsoon Coastal,5,Sailing,20
-5000,initial,41,North garbelnagrad Tribe,Monsoon Coastal,6,Calendar,20
-5000,initial,42,New duslinstan Tribe,Monsoon Coastal,100,Cordage and Knots,20
-5000,initial,42,New duslinstan Tribe,Monsoon Coastal,101,Hide Working and Tailored Clothing,20
-5000,initial,42,New duslinstan Tribe,Monsoon Coastal,102,Hafted Stone Tools,20
-5000,initial,42,New duslinstan Tribe,Monsoon Coastal,104,Fishing Technology,20
-5000,initial,42,New duslinstan Tribe,Monsoon Coastal,105,Food Preservation,20
-5000,initial,42,New duslinstan Tribe,Monsoon Coastal,106,Storage Pits and Containers,20
-5000,initial,42,New duslinstan Tribe,Monsoon Coastal,107,Seasonal Aggregation Camps,20
-5000,initial,42,New duslinstan Tribe,Monsoon Coastal,108,Watercraft,20
-5000,initial,42,New duslinstan Tribe,Monsoon Coastal,110,Dog Domestication,20
-5000,initial,42,New duslinstan Tribe,Monsoon Coastal,111,Grinding Stones,20
-5000,initial,42,New duslinstan Tribe,Monsoon Coastal,112,Proto-cultivation,20
-5000,initial,42,New duslinstan Tribe,Monsoon Coastal,113,Sedentism,20
-5000,initial,42,New duslinstan Tribe,Monsoon Coastal,114,Enclosures and Herd Management,20
-5000,initial,42,New duslinstan Tribe,Monsoon Coastal,116,Charcoal Firing,20
-5000,initial,42,New duslinstan Tribe,Monsoon Coastal,1,Pottery,20
-5000,initial,42,New duslinstan Tribe,Monsoon Coastal,2,Animal Husbandry,20
-5000,initial,42,New duslinstan Tribe,Monsoon Coastal,20,Agriculture,20
-5000,initial,42,New duslinstan Tribe,Monsoon Coastal,3,Archery,20
-5000,initial,42,New duslinstan Tribe,Monsoon Coastal,5,Sailing,20
-5000,initial,42,New duslinstan Tribe,Monsoon Coastal,6,Calendar,20
-5000,initial,43,Rankinromgrad Tribe,Monsoon Coastal,100,Cordage and Knots,20
-5000,initial,43,Rankinromgrad Tribe,Monsoon Coastal,101,Hide Working and Tailored Clothing,20
-5000,initial,43,Rankinromgrad Tribe,Monsoon Coastal,102,Hafted Stone Tools,20
-5000,initial,43,Rankinromgrad Tribe,Monsoon Coastal,104,Fishing Technology,20
-5000,initial,43,Rankinromgrad Tribe,Monsoon Coastal,105,Food Preservation,20
-5000,initial,43,Rankinromgrad Tribe,Monsoon Coastal,106,Storage Pits and Containers,20
-5000,initial,43,Rankinromgrad Tribe,Monsoon Coastal,107,Seasonal Aggregation Camps,20
-5000,initial,43,Rankinromgrad Tribe,Monsoon Coastal,108,Watercraft,20
-5000,initial,43,Rankinromgrad Tribe,Monsoon Coastal,110,Dog Domestication,20
-5000,initial,43,Rankinromgrad Tribe,Monsoon Coastal,111,Grinding Stones,20
-5000,initial,43,Rankinromgrad Tribe,Monsoon Coastal,112,Proto-cultivation,20
-5000,initial,43,Rankinromgrad Tribe,Monsoon Coastal,113,Sedentism,20
-5000,initial,43,Rankinromgrad Tribe,Monsoon Coastal,114,Enclosures and Herd Management,20
-5000,initial,43,Rankinromgrad Tribe,Monsoon Coastal,116,Charcoal Firing,20
-5000,initial,43,Rankinromgrad Tribe,Monsoon Coastal,1,Pottery,20
-5000,initial,43,Rankinromgrad Tribe,Monsoon Coastal,2,Animal Husbandry,20
-5000,initial,43,Rankinromgrad Tribe,Monsoon Coastal,20,Agriculture,20
-5000,initial,43,Rankinromgrad Tribe,Monsoon Coastal,3,Archery,20
-5000,initial,43,Rankinromgrad Tribe,Monsoon Coastal,5,Sailing,20
-5000,initial,43,Rankinromgrad Tribe,Monsoon Coastal,6,Calendar,20
-5000,initial,44,Great romsolia Tribe,Monsoon Coastal,100,Cordage and Knots,20
-5000,initial,44,Great romsolia Tribe,Monsoon Coastal,101,Hide Working and Tailored Clothing,20
-5000,initial,44,Great romsolia Tribe,Monsoon Coastal,102,Hafted Stone Tools,20
-5000,initial,44,Great romsolia Tribe,Monsoon Coastal,104,Fishing Technology,20
-5000,initial,44,Great romsolia Tribe,Monsoon Coastal,105,Food Preservation,20
-5000,initial,44,Great romsolia Tribe,Monsoon Coastal,106,Storage Pits and Containers,20
-5000,initial,44,Great romsolia Tribe,Monsoon Coastal,107,Seasonal Aggregation Camps,20
-5000,initial,44,Great romsolia Tribe,Monsoon Coastal,108,Watercraft,20
-5000,initial,44,Great romsolia Tribe,Monsoon Coastal,110,Dog Domestication,20
-5000,initial,44,Great romsolia Tribe,Monsoon Coastal,111,Grinding Stones,20
-5000,initial,44,Great romsolia Tribe,Monsoon Coastal,112,Proto-cultivation,20
-5000,initial,44,Great romsolia Tribe,Monsoon Coastal,113,Sedentism,20
-5000,initial,44,Great romsolia Tribe,Monsoon Coastal,114,Enclosures and Herd Management,20
-5000,initial,44,Great romsolia Tribe,Monsoon Coastal,116,Charcoal Firing,20
-5000,initial,44,Great romsolia Tribe,Monsoon Coastal,1,Pottery,20
-5000,initial,44,Great romsolia Tribe,Monsoon Coastal,2,Animal Husbandry,20
-5000,initial,44,Great romsolia Tribe,Monsoon Coastal,20,Agriculture,20
-5000,initial,44,Great romsolia Tribe,Monsoon Coastal,3,Archery,20
-5000,initial,44,Great romsolia Tribe,Monsoon Coastal,5,Sailing,20
-5000,initial,44,Great romsolia Tribe,Monsoon Coastal,6,Calendar,20
-5000,initial,45,Old zenzenland Tribe,Steppe Nomadic,100,Cordage and Knots,14
-5000,initial,45,Old zenzenland Tribe,Steppe Nomadic,101,Hide Working and Tailored Clothing,14
-5000,initial,45,Old zenzenland Tribe,Steppe Nomadic,102,Hafted Stone Tools,14
-5000,initial,45,Old zenzenland Tribe,Steppe Nomadic,105,Food Preservation,14
-5000,initial,45,Old zenzenland Tribe,Steppe Nomadic,106,Storage Pits and Containers,14
-5000,initial,45,Old zenzenland Tribe,Steppe Nomadic,107,Seasonal Aggregation Camps,14
-5000,initial,45,Old zenzenland Tribe,Steppe Nomadic,110,Dog Domestication,14
-5000,initial,45,Old zenzenland Tribe,Steppe Nomadic,111,Grinding Stones,14
-5000,initial,45,Old zenzenland Tribe,Steppe Nomadic,113,Sedentism,14
-5000,initial,45,Old zenzenland Tribe,Steppe Nomadic,114,Enclosures and Herd Management,14
-5000,initial,45,Old zenzenland Tribe,Steppe Nomadic,2,Animal Husbandry,14
-5000,initial,45,Old zenzenland Tribe,Steppe Nomadic,4,Mining,14
-5000,initial,45,Old zenzenland Tribe,Steppe Nomadic,3,Archery,14
-5000,initial,45,Old zenzenland Tribe,Steppe Nomadic,6,Calendar,14
-5000,initial,46,South viaviaromia Tribe,Steppe Nomadic,100,Cordage and Knots,14
-5000,initial,46,South viaviaromia Tribe,Steppe Nomadic,101,Hide Working and Tailored Clothing,14
-5000,initial,46,South viaviaromia Tribe,Steppe Nomadic,102,Hafted Stone Tools,14
-5000,initial,46,South viaviaromia Tribe,Steppe Nomadic,105,Food Preservation,14
-5000,initial,46,South viaviaromia Tribe,Steppe Nomadic,106,Storage Pits and Containers,14
-5000,initial,46,South viaviaromia Tribe,Steppe Nomadic,107,Seasonal Aggregation Camps,14
-5000,initial,46,South viaviaromia Tribe,Steppe Nomadic,110,Dog Domestication,14
-5000,initial,46,South viaviaromia Tribe,Steppe Nomadic,111,Grinding Stones,14
-5000,initial,46,South viaviaromia Tribe,Steppe Nomadic,113,Sedentism,14
-5000,initial,46,South viaviaromia Tribe,Steppe Nomadic,114,Enclosures and Herd Management,14
-5000,initial,46,South viaviaromia Tribe,Steppe Nomadic,2,Animal Husbandry,14
-5000,initial,46,South viaviaromia Tribe,Steppe Nomadic,4,Mining,14
-5000,initial,46,South viaviaromia Tribe,Steppe Nomadic,3,Archery,14
-5000,initial,46,South viaviaromia Tribe,Steppe Nomadic,6,Calendar,14
-5000,initial,47,South gardusstan Tribe,Steppe Nomadic,100,Cordage and Knots,14
-5000,initial,47,South gardusstan Tribe,Steppe Nomadic,101,Hide Working and Tailored Clothing,14
-5000,initial,47,South gardusstan Tribe,Steppe Nomadic,102,Hafted Stone Tools,14
-5000,initial,47,South gardusstan Tribe,Steppe Nomadic,105,Food Preservation,14
-5000,initial,47,South gardusstan Tribe,Steppe Nomadic,106,Storage Pits and Containers,14
-5000,initial,47,South gardusstan Tribe,Steppe Nomadic,107,Seasonal Aggregation Camps,14
-5000,initial,47,South gardusstan Tribe,Steppe Nomadic,110,Dog Domestication,14
-5000,initial,47,South gardusstan Tribe,Steppe Nomadic,111,Grinding Stones,14
-5000,initial,47,South gardusstan Tribe,Steppe Nomadic,113,Sedentism,14
-5000,initial,47,South gardusstan Tribe,Steppe Nomadic,114,Enclosures and Herd Management,14
-5000,initial,47,South gardusstan Tribe,Steppe Nomadic,2,Animal Husbandry,14
-5000,initial,47,South gardusstan Tribe,Steppe Nomadic,4,Mining,14
-5000,initial,47,South gardusstan Tribe,Steppe Nomadic,3,Archery,14
-5000,initial,47,South gardusstan Tribe,Steppe Nomadic,6,Calendar,14
-5000,initial,48,South barlamene Tribe,Nile Floodplain,100,Cordage and Knots,19
-5000,initial,48,South barlamene Tribe,Nile Floodplain,101,Hide Working and Tailored Clothing,19
-5000,initial,48,South barlamene Tribe,Nile Floodplain,102,Hafted Stone Tools,19
-5000,initial,48,South barlamene Tribe,Nile Floodplain,105,Food Preservation,19
-5000,initial,48,South barlamene Tribe,Nile Floodplain,106,Storage Pits and Containers,19
-5000,initial,48,South barlamene Tribe,Nile Floodplain,107,Seasonal Aggregation Camps,19
-5000,initial,48,South barlamene Tribe,Nile Floodplain,110,Dog Domestication,19
-5000,initial,48,South barlamene Tribe,Nile Floodplain,111,Grinding Stones,19
-5000,initial,48,South barlamene Tribe,Nile Floodplain,112,Proto-cultivation,19
-5000,initial,48,South barlamene Tribe,Nile Floodplain,113,Sedentism,19
-5000,initial,48,South barlamene Tribe,Nile Floodplain,114,Enclosures and Herd Management,19
-5000,initial,48,South barlamene Tribe,Nile Floodplain,115,Counting Tokens and Tallies,19
-5000,initial,48,South barlamene Tribe,Nile Floodplain,116,Charcoal Firing,19
-5000,initial,48,South barlamene Tribe,Nile Floodplain,1,Pottery,19
-5000,initial,48,South barlamene Tribe,Nile Floodplain,2,Animal Husbandry,19
-5000,initial,48,South barlamene Tribe,Nile Floodplain,20,Agriculture,19
-5000,initial,48,South barlamene Tribe,Nile Floodplain,3,Archery,19
-5000,initial,48,South barlamene Tribe,Nile Floodplain,6,Calendar,19
-5000,initial,48,South barlamene Tribe,Nile Floodplain,10,Irrigation,19
-5000,initial,49,North machilamara Tribe,Nile Floodplain,100,Cordage and Knots,19
-5000,initial,49,North machilamara Tribe,Nile Floodplain,101,Hide Working and Tailored Clothing,19
-5000,initial,49,North machilamara Tribe,Nile Floodplain,102,Hafted Stone Tools,19
-5000,initial,49,North machilamara Tribe,Nile Floodplain,105,Food Preservation,19
-5000,initial,49,North machilamara Tribe,Nile Floodplain,106,Storage Pits and Containers,19
-5000,initial,49,North machilamara Tribe,Nile Floodplain,107,Seasonal Aggregation Camps,19
-5000,initial,49,North machilamara Tribe,Nile Floodplain,110,Dog Domestication,19
-5000,initial,49,North machilamara Tribe,Nile Floodplain,111,Grinding Stones,19
-5000,initial,49,North machilamara Tribe,Nile Floodplain,112,Proto-cultivation,19
-5000,initial,49,North machilamara Tribe,Nile Floodplain,113,Sedentism,19
-5000,initial,49,North machilamara Tribe,Nile Floodplain,114,Enclosures and Herd Management,19
-5000,initial,49,North machilamara Tribe,Nile Floodplain,115,Counting Tokens and Tallies,19
-5000,initial,49,North machilamara Tribe,Nile Floodplain,116,Charcoal Firing,19
-5000,initial,49,North machilamara Tribe,Nile Floodplain,1,Pottery,19
-5000,initial,49,North machilamara Tribe,Nile Floodplain,2,Animal Husbandry,19
-5000,initial,49,North machilamara Tribe,Nile Floodplain,20,Agriculture,19
-5000,initial,49,North machilamara Tribe,Nile Floodplain,3,Archery,19
-5000,initial,49,North machilamara Tribe,Nile Floodplain,6,Calendar,19
-5000,initial,49,North machilamara Tribe,Nile Floodplain,10,Irrigation,19
-5000,initial,50,New kazuka Tribe,North Saharan,100,Cordage and Knots,19
-5000,initial,50,New kazuka Tribe,North Saharan,101,Hide Working and Tailored Clothing,19
-5000,initial,50,New kazuka Tribe,North Saharan,102,Hafted Stone Tools,19
-5000,initial,50,New kazuka Tribe,North Saharan,105,Food Preservation,19
-5000,initial,50,New kazuka Tribe,North Saharan,106,Storage Pits and Containers,19
-5000,initial,50,New kazuka Tribe,North Saharan,107,Seasonal Aggregation Camps,19
-5000,initial,50,New kazuka Tribe,North Saharan,110,Dog Domestication,19
-5000,initial,50,New kazuka Tribe,North Saharan,111,Grinding Stones,19
-5000,initial,50,New kazuka Tribe,North Saharan,112,Proto-cultivation,19
-5000,initial,50,New kazuka Tribe,North Saharan,113,Sedentism,19
-5000,initial,50,New kazuka Tribe,North Saharan,114,Enclosures and Herd Management,19
-5000,initial,50,New kazuka Tribe,North Saharan,115,Counting Tokens and Tallies,19
-5000,initial,50,New kazuka Tribe,North Saharan,116,Charcoal Firing,19
-5000,initial,50,New kazuka Tribe,North Saharan,1,Pottery,19
-5000,initial,50,New kazuka Tribe,North Saharan,2,Animal Husbandry,19
-5000,initial,50,New kazuka Tribe,North Saharan,4,Mining,19
-5000,initial,50,New kazuka Tribe,North Saharan,20,Agriculture,19
-5000,initial,50,New kazuka Tribe,North Saharan,3,Archery,19
-5000,initial,50,New kazuka Tribe,North Saharan,6,Calendar,19
-5000,initial,51,New makaseu Tribe,West Sahel,100,Cordage and Knots,15
-5000,initial,51,New makaseu Tribe,West Sahel,101,Hide Working and Tailored Clothing,15
-5000,initial,51,New makaseu Tribe,West Sahel,102,Hafted Stone Tools,15
-5000,initial,51,New makaseu Tribe,West Sahel,105,Food Preservation,15
-5000,initial,51,New makaseu Tribe,West Sahel,106,Storage Pits and Containers,15
-5000,initial,51,New makaseu Tribe,West Sahel,107,Seasonal Aggregation Camps,15
-5000,initial,51,New makaseu Tribe,West Sahel,111,Grinding Stones,15
-5000,initial,51,New makaseu Tribe,West Sahel,112,Proto-cultivation,15
-5000,initial,51,New makaseu Tribe,West Sahel,113,Sedentism,15
-5000,initial,51,New makaseu Tribe,West Sahel,116,Charcoal Firing,15
-5000,initial,51,New makaseu Tribe,West Sahel,1,Pottery,15
-5000,initial,51,New makaseu Tribe,West Sahel,4,Mining,15
-5000,initial,51,New makaseu Tribe,West Sahel,20,Agriculture,15
-5000,initial,51,New makaseu Tribe,West Sahel,3,Archery,15
-5000,initial,51,New makaseu Tribe,West Sahel,6,Calendar,15
-5000,initial,52,South ofilam Tribe,West Sahel,100,Cordage and Knots,15
-5000,initial,52,South ofilam Tribe,West Sahel,101,Hide Working and Tailored Clothing,15
-5000,initial,52,South ofilam Tribe,West Sahel,102,Hafted Stone Tools,15
-5000,initial,52,South ofilam Tribe,West Sahel,105,Food Preservation,15
-5000,initial,52,South ofilam Tribe,West Sahel,106,Storage Pits and Containers,15
-5000,initial,52,South ofilam Tribe,West Sahel,107,Seasonal Aggregation Camps,15
-5000,initial,52,South ofilam Tribe,West Sahel,111,Grinding Stones,15
-5000,initial,52,South ofilam Tribe,West Sahel,112,Proto-cultivation,15
-5000,initial,52,South ofilam Tribe,West Sahel,113,Sedentism,15
-5000,initial,52,South ofilam Tribe,West Sahel,116,Charcoal Firing,15
-5000,initial,52,South ofilam Tribe,West Sahel,1,Pottery,15
-5000,initial,52,South ofilam Tribe,West Sahel,4,Mining,15
-5000,initial,52,South ofilam Tribe,West Sahel,20,Agriculture,15
-5000,initial,52,South ofilam Tribe,West Sahel,3,Archery,15
-5000,initial,52,South ofilam Tribe,West Sahel,6,Calendar,15
-5000,initial,53,Old barngoara Tribe,East Horn,100,Cordage and Knots,15
-5000,initial,53,Old barngoara Tribe,East Horn,101,Hide Working and Tailored Clothing,15
-5000,initial,53,Old barngoara Tribe,East Horn,102,Hafted Stone Tools,15
-5000,initial,53,Old barngoara Tribe,East Horn,105,Food Preservation,15
-5000,initial,53,Old barngoara Tribe,East Horn,106,Storage Pits and Containers,15
-5000,initial,53,Old barngoara Tribe,East Horn,107,Seasonal Aggregation Camps,15
-5000,initial,53,Old barngoara Tribe,East Horn,111,Grinding Stones,15
-5000,initial,53,Old barngoara Tribe,East Horn,112,Proto-cultivation,15
-5000,initial,53,Old barngoara Tribe,East Horn,113,Sedentism,15
-5000,initial,53,Old barngoara Tribe,East Horn,116,Charcoal Firing,15
-5000,initial,53,Old barngoara Tribe,East Horn,1,Pottery,15
-5000,initial,53,Old barngoara Tribe,East Horn,4,Mining,15
-5000,initial,53,Old barngoara Tribe,East Horn,20,Agriculture,15
-5000,initial,53,Old barngoara Tribe,East Horn,3,Archery,15
-5000,initial,53,Old barngoara Tribe,East Horn,6,Calendar,15
-5000,initial,54,New tansebara Tribe,East Horn,100,Cordage and Knots,15
-5000,initial,54,New tansebara Tribe,East Horn,101,Hide Working and Tailored Clothing,15
-5000,initial,54,New tansebara Tribe,East Horn,102,Hafted Stone Tools,15
-5000,initial,54,New tansebara Tribe,East Horn,105,Food Preservation,15
-5000,initial,54,New tansebara Tribe,East Horn,106,Storage Pits and Containers,15
-5000,initial,54,New tansebara Tribe,East Horn,107,Seasonal Aggregation Camps,15
-5000,initial,54,New tansebara Tribe,East Horn,111,Grinding Stones,15
-5000,initial,54,New tansebara Tribe,East Horn,112,Proto-cultivation,15
-5000,initial,54,New tansebara Tribe,East Horn,113,Sedentism,15
-5000,initial,54,New tansebara Tribe,East Horn,116,Charcoal Firing,15
-5000,initial,54,New tansebara Tribe,East Horn,1,Pottery,15
-5000,initial,54,New tansebara Tribe,East Horn,4,Mining,15
-5000,initial,54,New tansebara Tribe,East Horn,20,Agriculture,15
-5000,initial,54,New tansebara Tribe,East Horn,3,Archery,15
-5000,initial,54,New tansebara Tribe,East Horn,6,Calendar,15
-5000,initial,55,Great kalamu Tribe,Central Forest,100,Cordage and Knots,13
-5000,initial,55,Great kalamu Tribe,Central Forest,101,Hide Working and Tailored Clothing,13
-5000,initial,55,Great kalamu Tribe,Central Forest,102,Hafted Stone Tools,13
-5000,initial,55,Great kalamu Tribe,Central Forest,105,Food Preservation,13
-5000,initial,55,Great kalamu Tribe,Central Forest,106,Storage Pits and Containers,13
-5000,initial,55,Great kalamu Tribe,Central Forest,107,Seasonal Aggregation Camps,13
-5000,initial,55,Great kalamu Tribe,Central Forest,111,Grinding Stones,13
-5000,initial,55,Great kalamu Tribe,Central Forest,113,Sedentism,13
-5000,initial,55,Great kalamu Tribe,Central Forest,116,Charcoal Firing,13
-5000,initial,55,Great kalamu Tribe,Central Forest,1,Pottery,13
-5000,initial,55,Great kalamu Tribe,Central Forest,4,Mining,13
-5000,initial,55,Great kalamu Tribe,Central Forest,3,Archery,13
-5000,initial,55,Great kalamu Tribe,Central Forest,6,Calendar,13
-5000,initial,56,North karvenbel Tribe,Mediterranean Highland,100,Cordage and Knots,20
-5000,initial,56,North karvenbel Tribe,Mediterranean Highland,101,Hide Working and Tailored Clothing,20
-5000,initial,56,North karvenbel Tribe,Mediterranean Highland,102,Hafted Stone Tools,20
-5000,initial,56,North karvenbel Tribe,Mediterranean Highland,105,Food Preservation,20
-5000,initial,56,North karvenbel Tribe,Mediterranean Highland,106,Storage Pits and Containers,20
-5000,initial,56,North karvenbel Tribe,Mediterranean Highland,107,Seasonal Aggregation Camps,20
-5000,initial,56,North karvenbel Tribe,Mediterranean Highland,110,Dog Domestication,20
-5000,initial,56,North karvenbel Tribe,Mediterranean Highland,111,Grinding Stones,20
-5000,initial,56,North karvenbel Tribe,Mediterranean Highland,112,Proto-cultivation,20
-5000,initial,56,North karvenbel Tribe,Mediterranean Highland,113,Sedentism,20
-5000,initial,56,North karvenbel Tribe,Mediterranean Highland,114,Enclosures and Herd Management,20
-5000,initial,56,North karvenbel Tribe,Mediterranean Highland,115,Counting Tokens and Tallies,20
-5000,initial,56,North karvenbel Tribe,Mediterranean Highland,116,Charcoal Firing,20
-5000,initial,56,North karvenbel Tribe,Mediterranean Highland,1,Pottery,20
-5000,initial,56,North karvenbel Tribe,Mediterranean Highland,119,Native Copper Working,20
-5000,initial,56,North karvenbel Tribe,Mediterranean Highland,2,Animal Husbandry,20
-5000,initial,56,North karvenbel Tribe,Mediterranean Highland,4,Mining,20
-5000,initial,56,North karvenbel Tribe,Mediterranean Highland,20,Agriculture,20
-5000,initial,56,North karvenbel Tribe,Mediterranean Highland,3,Archery,20
-5000,initial,56,North karvenbel Tribe,Mediterranean Highland,6,Calendar,20
-5000,initial,57,Great lenromland Tribe,Mediterranean Highland,100,Cordage and Knots,20
-5000,initial,57,Great lenromland Tribe,Mediterranean Highland,101,Hide Working and Tailored Clothing,20
-5000,initial,57,Great lenromland Tribe,Mediterranean Highland,102,Hafted Stone Tools,20
-5000,initial,57,Great lenromland Tribe,Mediterranean Highland,105,Food Preservation,20
-5000,initial,57,Great lenromland Tribe,Mediterranean Highland,106,Storage Pits and Containers,20
-5000,initial,57,Great lenromland Tribe,Mediterranean Highland,107,Seasonal Aggregation Camps,20
-5000,initial,57,Great lenromland Tribe,Mediterranean Highland,110,Dog Domestication,20
-5000,initial,57,Great lenromland Tribe,Mediterranean Highland,111,Grinding Stones,20
-5000,initial,57,Great lenromland Tribe,Mediterranean Highland,112,Proto-cultivation,20
-5000,initial,57,Great lenromland Tribe,Mediterranean Highland,113,Sedentism,20
-5000,initial,57,Great lenromland Tribe,Mediterranean Highland,114,Enclosures and Herd Management,20
-5000,initial,57,Great lenromland Tribe,Mediterranean Highland,115,Counting Tokens and Tallies,20
-5000,initial,57,Great lenromland Tribe,Mediterranean Highland,116,Charcoal Firing,20
-5000,initial,57,Great lenromland Tribe,Mediterranean Highland,1,Pottery,20
-5000,initial,57,Great lenromland Tribe,Mediterranean Highland,119,Native Copper Working,20
-5000,initial,57,Great lenromland Tribe,Mediterranean Highland,2,Animal Husbandry,20
-5000,initial,57,Great lenromland Tribe,Mediterranean Highland,4,Mining,20
-5000,initial,57,Great lenromland Tribe,Mediterranean Highland,20,Agriculture,20
-5000,initial,57,Great lenromland Tribe,Mediterranean Highland,3,Archery,20
-5000,initial,57,Great lenromland Tribe,Mediterranean Highland,6,Calendar,20
-5000,initial,58,Great tarromia Tribe,Mediterranean Urban,100,Cordage and Knots,22
-5000,initial,58,Great tarromia Tribe,Mediterranean Urban,101,Hide Working and Tailored Clothing,22
-5000,initial,58,Great tarromia Tribe,Mediterranean Urban,102,Hafted Stone Tools,22
-5000,initial,58,Great tarromia Tribe,Mediterranean Urban,104,Fishing Technology,22
-5000,initial,58,Great tarromia Tribe,Mediterranean Urban,105,Food Preservation,22
-5000,initial,58,Great tarromia Tribe,Mediterranean Urban,106,Storage Pits and Containers,22
-5000,initial,58,Great tarromia Tribe,Mediterranean Urban,107,Seasonal Aggregation Camps,22
-5000,initial,58,Great tarromia Tribe,Mediterranean Urban,108,Watercraft,22
-5000,initial,58,Great tarromia Tribe,Mediterranean Urban,110,Dog Domestication,22
-5000,initial,58,Great tarromia Tribe,Mediterranean Urban,111,Grinding Stones,22
-5000,initial,58,Great tarromia Tribe,Mediterranean Urban,112,Proto-cultivation,22
-5000,initial,58,Great tarromia Tribe,Mediterranean Urban,113,Sedentism,22
-5000,initial,58,Great tarromia Tribe,Mediterranean Urban,114,Enclosures and Herd Management,22
-5000,initial,58,Great tarromia Tribe,Mediterranean Urban,115,Counting Tokens and Tallies,22
-5000,initial,58,Great tarromia Tribe,Mediterranean Urban,116,Charcoal Firing,22
-5000,initial,58,Great tarromia Tribe,Mediterranean Urban,1,Pottery,22
-5000,initial,58,Great tarromia Tribe,Mediterranean Urban,2,Animal Husbandry,22
-5000,initial,58,Great tarromia Tribe,Mediterranean Urban,4,Mining,22
-5000,initial,58,Great tarromia Tribe,Mediterranean Urban,20,Agriculture,22
-5000,initial,58,Great tarromia Tribe,Mediterranean Urban,3,Archery,22
-5000,initial,58,Great tarromia Tribe,Mediterranean Urban,5,Sailing,22
-5000,initial,58,Great tarromia Tribe,Mediterranean Urban,6,Calendar,22
-5000,initial,59,Great romdoralburg Tribe,Mediterranean Urban,100,Cordage and Knots,22
-5000,initial,59,Great romdoralburg Tribe,Mediterranean Urban,101,Hide Working and Tailored Clothing,22
-5000,initial,59,Great romdoralburg Tribe,Mediterranean Urban,102,Hafted Stone Tools,22
-5000,initial,59,Great romdoralburg Tribe,Mediterranean Urban,104,Fishing Technology,22
-5000,initial,59,Great romdoralburg Tribe,Mediterranean Urban,105,Food Preservation,22
-5000,initial,59,Great romdoralburg Tribe,Mediterranean Urban,106,Storage Pits and Containers,22
-5000,initial,59,Great romdoralburg Tribe,Mediterranean Urban,107,Seasonal Aggregation Camps,22
-5000,initial,59,Great romdoralburg Tribe,Mediterranean Urban,108,Watercraft,22
-5000,initial,59,Great romdoralburg Tribe,Mediterranean Urban,110,Dog Domestication,22
-5000,initial,59,Great romdoralburg Tribe,Mediterranean Urban,111,Grinding Stones,22
-5000,initial,59,Great romdoralburg Tribe,Mediterranean Urban,112,Proto-cultivation,22
-5000,initial,59,Great romdoralburg Tribe,Mediterranean Urban,113,Sedentism,22
-5000,initial,59,Great romdoralburg Tribe,Mediterranean Urban,114,Enclosures and Herd Management,22
-5000,initial,59,Great romdoralburg Tribe,Mediterranean Urban,115,Counting Tokens and Tallies,22
-5000,initial,59,Great romdoralburg Tribe,Mediterranean Urban,116,Charcoal Firing,22
-5000,initial,59,Great romdoralburg Tribe,Mediterranean Urban,1,Pottery,22
-5000,initial,59,Great romdoralburg Tribe,Mediterranean Urban,2,Animal Husbandry,22
-5000,initial,59,Great romdoralburg Tribe,Mediterranean Urban,4,Mining,22
-5000,initial,59,Great romdoralburg Tribe,Mediterranean Urban,20,Agriculture,22
-5000,initial,59,Great romdoralburg Tribe,Mediterranean Urban,3,Archery,22
-5000,initial,59,Great romdoralburg Tribe,Mediterranean Urban,5,Sailing,22
-5000,initial,59,Great romdoralburg Tribe,Mediterranean Urban,6,Calendar,22
-5000,initial,60,South alselland Tribe,Central Plain,100,Cordage and Knots,18
-5000,initial,60,South alselland Tribe,Central Plain,101,Hide Working and Tailored Clothing,18
-5000,initial,60,South alselland Tribe,Central Plain,102,Hafted Stone Tools,18
-5000,initial,60,South alselland Tribe,Central Plain,105,Food Preservation,18
-5000,initial,60,South alselland Tribe,Central Plain,106,Storage Pits and Containers,18
-5000,initial,60,South alselland Tribe,Central Plain,107,Seasonal Aggregation Camps,18
-5000,initial,60,South alselland Tribe,Central Plain,110,Dog Domestication,18
-5000,initial,60,South alselland Tribe,Central Plain,111,Grinding Stones,18
-5000,initial,60,South alselland Tribe,Central Plain,112,Proto-cultivation,18
-5000,initial,60,South alselland Tribe,Central Plain,113,Sedentism,18
-5000,initial,60,South alselland Tribe,Central Plain,114,Enclosures and Herd Management,18
-5000,initial,60,South alselland Tribe,Central Plain,116,Charcoal Firing,18
-5000,initial,60,South alselland Tribe,Central Plain,1,Pottery,18
-5000,initial,60,South alselland Tribe,Central Plain,2,Animal Husbandry,18
-5000,initial,60,South alselland Tribe,Central Plain,4,Mining,18
-5000,initial,60,South alselland Tribe,Central Plain,20,Agriculture,18
-5000,initial,60,South alselland Tribe,Central Plain,3,Archery,18
-5000,initial,60,South alselland Tribe,Central Plain,6,Calendar,18
-5000,initial,61,North karvenia Tribe,Central Plain,100,Cordage and Knots,18
-5000,initial,61,North karvenia Tribe,Central Plain,101,Hide Working and Tailored Clothing,18
-5000,initial,61,North karvenia Tribe,Central Plain,102,Hafted Stone Tools,18
-5000,initial,61,North karvenia Tribe,Central Plain,105,Food Preservation,18
-5000,initial,61,North karvenia Tribe,Central Plain,106,Storage Pits and Containers,18
-5000,initial,61,North karvenia Tribe,Central Plain,107,Seasonal Aggregation Camps,18
-5000,initial,61,North karvenia Tribe,Central Plain,110,Dog Domestication,18
-5000,initial,61,North karvenia Tribe,Central Plain,111,Grinding Stones,18
-5000,initial,61,North karvenia Tribe,Central Plain,112,Proto-cultivation,18
-5000,initial,61,North karvenia Tribe,Central Plain,113,Sedentism,18
-5000,initial,61,North karvenia Tribe,Central Plain,114,Enclosures and Herd Management,18
-5000,initial,61,North karvenia Tribe,Central Plain,116,Charcoal Firing,18
-5000,initial,61,North karvenia Tribe,Central Plain,1,Pottery,18
-5000,initial,61,North karvenia Tribe,Central Plain,2,Animal Husbandry,18
-5000,initial,61,North karvenia Tribe,Central Plain,4,Mining,18
-5000,initial,61,North karvenia Tribe,Central Plain,20,Agriculture,18
-5000,initial,61,North karvenia Tribe,Central Plain,3,Archery,18
-5000,initial,61,North karvenia Tribe,Central Plain,6,Calendar,18
-5000,initial,62,Great norvenia Tribe,Atlantic Fringe,100,Cordage and Knots,15
-5000,initial,62,Great norvenia Tribe,Atlantic Fringe,101,Hide Working and Tailored Clothing,15
-5000,initial,62,Great norvenia Tribe,Atlantic Fringe,102,Hafted Stone Tools,15
-5000,initial,62,Great norvenia Tribe,Atlantic Fringe,105,Food Preservation,15
-5000,initial,62,Great norvenia Tribe,Atlantic Fringe,106,Storage Pits and Containers,15
-5000,initial,62,Great norvenia Tribe,Atlantic Fringe,107,Seasonal Aggregation Camps,15
-5000,initial,62,Great norvenia Tribe,Atlantic Fringe,111,Grinding Stones,15
-5000,initial,62,Great norvenia Tribe,Atlantic Fringe,112,Proto-cultivation,15
-5000,initial,62,Great norvenia Tribe,Atlantic Fringe,113,Sedentism,15
-5000,initial,62,Great norvenia Tribe,Atlantic Fringe,116,Charcoal Firing,15
-5000,initial,62,Great norvenia Tribe,Atlantic Fringe,1,Pottery,15
-5000,initial,62,Great norvenia Tribe,Atlantic Fringe,4,Mining,15
-5000,initial,62,Great norvenia Tribe,Atlantic Fringe,20,Agriculture,15
-5000,initial,62,Great norvenia Tribe,Atlantic Fringe,3,Archery,15
-5000,initial,62,Great norvenia Tribe,Atlantic Fringe,6,Calendar,15
-5000,initial,63,North norlenvenia Tribe,Atlantic Fringe,100,Cordage and Knots,15
-5000,initial,63,North norlenvenia Tribe,Atlantic Fringe,101,Hide Working and Tailored Clothing,15
-5000,initial,63,North norlenvenia Tribe,Atlantic Fringe,102,Hafted Stone Tools,15
-5000,initial,63,North norlenvenia Tribe,Atlantic Fringe,105,Food Preservation,15
-5000,initial,63,North norlenvenia Tribe,Atlantic Fringe,106,Storage Pits and Containers,15
-5000,initial,63,North norlenvenia Tribe,Atlantic Fringe,107,Seasonal Aggregation Camps,15
-5000,initial,63,North norlenvenia Tribe,Atlantic Fringe,111,Grinding Stones,15
-5000,initial,63,North norlenvenia Tribe,Atlantic Fringe,112,Proto-cultivation,15
-5000,initial,63,North norlenvenia Tribe,Atlantic Fringe,113,Sedentism,15
-5000,initial,63,North norlenvenia Tribe,Atlantic Fringe,116,Charcoal Firing,15
-5000,initial,63,North norlenvenia Tribe,Atlantic Fringe,1,Pottery,15
-5000,initial,63,North norlenvenia Tribe,Atlantic Fringe,4,Mining,15
-5000,initial,63,North norlenvenia Tribe,Atlantic Fringe,20,Agriculture,15
-5000,initial,63,North norlenvenia Tribe,Atlantic Fringe,3,Archery,15
-5000,initial,63,North norlenvenia Tribe,Atlantic Fringe,6,Calendar,15
-5000,initial,64,Karkarkarland Tribe,Northern Maritime,100,Cordage and Knots,11
-5000,initial,64,Karkarkarland Tribe,Northern Maritime,101,Hide Working and Tailored Clothing,11
-5000,initial,64,Karkarkarland Tribe,Northern Maritime,102,Hafted Stone Tools,11
-5000,initial,64,Karkarkarland Tribe,Northern Maritime,105,Food Preservation,11
-5000,initial,64,Karkarkarland Tribe,Northern Maritime,106,Storage Pits and Containers,11
-5000,initial,64,Karkarkarland Tribe,Northern Maritime,107,Seasonal Aggregation Camps,11
-5000,initial,64,Karkarkarland Tribe,Northern Maritime,111,Grinding Stones,11
-5000,initial,64,Karkarkarland Tribe,Northern Maritime,113,Sedentism,11
-5000,initial,64,Karkarkarland Tribe,Northern Maritime,4,Mining,11
-5000,initial,64,Karkarkarland Tribe,Northern Maritime,3,Archery,11
-5000,initial,64,Karkarkarland Tribe,Northern Maritime,6,Calendar,11
-5000,initial,65,New mixtemcalco Tribe,Mesoamerican,100,Cordage and Knots,14
-5000,initial,65,New mixtemcalco Tribe,Mesoamerican,101,Hide Working and Tailored Clothing,14
-5000,initial,65,New mixtemcalco Tribe,Mesoamerican,102,Hafted Stone Tools,14
-5000,initial,65,New mixtemcalco Tribe,Mesoamerican,105,Food Preservation,14
-5000,initial,65,New mixtemcalco Tribe,Mesoamerican,106,Storage Pits and Containers,14
-5000,initial,65,New mixtemcalco Tribe,Mesoamerican,107,Seasonal Aggregation Camps,14
-5000,initial,65,New mixtemcalco Tribe,Mesoamerican,111,Grinding Stones,14
-5000,initial,65,New mixtemcalco Tribe,Mesoamerican,112,Proto-cultivation,14
-5000,initial,65,New mixtemcalco Tribe,Mesoamerican,113,Sedentism,14
-5000,initial,65,New mixtemcalco Tribe,Mesoamerican,116,Charcoal Firing,14
-5000,initial,65,New mixtemcalco Tribe,Mesoamerican,1,Pottery,14
-5000,initial,65,New mixtemcalco Tribe,Mesoamerican,20,Agriculture,14
-5000,initial,65,New mixtemcalco Tribe,Mesoamerican,3,Archery,14
-5000,initial,65,New mixtemcalco Tribe,Mesoamerican,6,Calendar,14
-5000,initial,66,Great xoctol Tribe,Mesoamerican,100,Cordage and Knots,14
-5000,initial,66,Great xoctol Tribe,Mesoamerican,101,Hide Working and Tailored Clothing,14
-5000,initial,66,Great xoctol Tribe,Mesoamerican,102,Hafted Stone Tools,14
-5000,initial,66,Great xoctol Tribe,Mesoamerican,105,Food Preservation,14
-5000,initial,66,Great xoctol Tribe,Mesoamerican,106,Storage Pits and Containers,14
-5000,initial,66,Great xoctol Tribe,Mesoamerican,107,Seasonal Aggregation Camps,14
-5000,initial,66,Great xoctol Tribe,Mesoamerican,111,Grinding Stones,14
-5000,initial,66,Great xoctol Tribe,Mesoamerican,112,Proto-cultivation,14
-5000,initial,66,Great xoctol Tribe,Mesoamerican,113,Sedentism,14
-5000,initial,66,Great xoctol Tribe,Mesoamerican,116,Charcoal Firing,14
-5000,initial,66,Great xoctol Tribe,Mesoamerican,1,Pottery,14
-5000,initial,66,Great xoctol Tribe,Mesoamerican,20,Agriculture,14
-5000,initial,66,Great xoctol Tribe,Mesoamerican,3,Archery,14
-5000,initial,66,Great xoctol Tribe,Mesoamerican,6,Calendar,14
-5000,initial,67,New itznahan Tribe,Mesoamerican,100,Cordage and Knots,14
-5000,initial,67,New itznahan Tribe,Mesoamerican,101,Hide Working and Tailored Clothing,14
-5000,initial,67,New itznahan Tribe,Mesoamerican,102,Hafted Stone Tools,14
-5000,initial,67,New itznahan Tribe,Mesoamerican,105,Food Preservation,14
-5000,initial,67,New itznahan Tribe,Mesoamerican,106,Storage Pits and Containers,14
-5000,initial,67,New itznahan Tribe,Mesoamerican,107,Seasonal Aggregation Camps,14
-5000,initial,67,New itznahan Tribe,Mesoamerican,111,Grinding Stones,14
-5000,initial,67,New itznahan Tribe,Mesoamerican,112,Proto-cultivation,14
-5000,initial,67,New itznahan Tribe,Mesoamerican,113,Sedentism,14
-5000,initial,67,New itznahan Tribe,Mesoamerican,116,Charcoal Firing,14
-5000,initial,67,New itznahan Tribe,Mesoamerican,1,Pottery,14
-5000,initial,67,New itznahan Tribe,Mesoamerican,20,Agriculture,14
-5000,initial,67,New itznahan Tribe,Mesoamerican,3,Archery,14
-5000,initial,67,New itznahan Tribe,Mesoamerican,6,Calendar,14
-5000,initial,68,Great chinahco Tribe,Mesoamerican,100,Cordage and Knots,14
-5000,initial,68,Great chinahco Tribe,Mesoamerican,101,Hide Working and Tailored Clothing,14
-5000,initial,68,Great chinahco Tribe,Mesoamerican,102,Hafted Stone Tools,14
-5000,initial,68,Great chinahco Tribe,Mesoamerican,105,Food Preservation,14
-5000,initial,68,Great chinahco Tribe,Mesoamerican,106,Storage Pits and Containers,14
-5000,initial,68,Great chinahco Tribe,Mesoamerican,107,Seasonal Aggregation Camps,14
-5000,initial,68,Great chinahco Tribe,Mesoamerican,111,Grinding Stones,14
-5000,initial,68,Great chinahco Tribe,Mesoamerican,112,Proto-cultivation,14
-5000,initial,68,Great chinahco Tribe,Mesoamerican,113,Sedentism,14
-5000,initial,68,Great chinahco Tribe,Mesoamerican,116,Charcoal Firing,14
-5000,initial,68,Great chinahco Tribe,Mesoamerican,1,Pottery,14
-5000,initial,68,Great chinahco Tribe,Mesoamerican,20,Agriculture,14
-5000,initial,68,Great chinahco Tribe,Mesoamerican,3,Archery,14
-5000,initial,68,Great chinahco Tribe,Mesoamerican,6,Calendar,14
-5000,initial,69,North caltoltolpan Tribe,Mesoamerican,100,Cordage and Knots,14
-5000,initial,69,North caltoltolpan Tribe,Mesoamerican,101,Hide Working and Tailored Clothing,14
-5000,initial,69,North caltoltolpan Tribe,Mesoamerican,102,Hafted Stone Tools,14
-5000,initial,69,North caltoltolpan Tribe,Mesoamerican,105,Food Preservation,14
-5000,initial,69,North caltoltolpan Tribe,Mesoamerican,106,Storage Pits and Containers,14
-5000,initial,69,North caltoltolpan Tribe,Mesoamerican,107,Seasonal Aggregation Camps,14
-5000,initial,69,North caltoltolpan Tribe,Mesoamerican,111,Grinding Stones,14
-5000,initial,69,North caltoltolpan Tribe,Mesoamerican,112,Proto-cultivation,14
-5000,initial,69,North caltoltolpan Tribe,Mesoamerican,113,Sedentism,14
-5000,initial,69,North caltoltolpan Tribe,Mesoamerican,116,Charcoal Firing,14
-5000,initial,69,North caltoltolpan Tribe,Mesoamerican,1,Pottery,14
-5000,initial,69,North caltoltolpan Tribe,Mesoamerican,20,Agriculture,14
-5000,initial,69,North caltoltolpan Tribe,Mesoamerican,3,Archery,14
-5000,initial,69,North caltoltolpan Tribe,Mesoamerican,6,Calendar,14
-5000,initial,70,South itztol Tribe,Mesoamerican,100,Cordage and Knots,14
-5000,initial,70,South itztol Tribe,Mesoamerican,101,Hide Working and Tailored Clothing,14
-5000,initial,70,South itztol Tribe,Mesoamerican,102,Hafted Stone Tools,14
-5000,initial,70,South itztol Tribe,Mesoamerican,105,Food Preservation,14
-5000,initial,70,South itztol Tribe,Mesoamerican,106,Storage Pits and Containers,14
-5000,initial,70,South itztol Tribe,Mesoamerican,107,Seasonal Aggregation Camps,14
-5000,initial,70,South itztol Tribe,Mesoamerican,111,Grinding Stones,14
-5000,initial,70,South itztol Tribe,Mesoamerican,112,Proto-cultivation,14
-5000,initial,70,South itztol Tribe,Mesoamerican,113,Sedentism,14
-5000,initial,70,South itztol Tribe,Mesoamerican,116,Charcoal Firing,14
-5000,initial,70,South itztol Tribe,Mesoamerican,1,Pottery,14
-5000,initial,70,South itztol Tribe,Mesoamerican,20,Agriculture,14
-5000,initial,70,South itztol Tribe,Mesoamerican,3,Archery,14
-5000,initial,70,South itztol Tribe,Mesoamerican,6,Calendar,14
-5000,initial,71,Great chichitempan Tribe,Mesoamerican,100,Cordage and Knots,14
-5000,initial,71,Great chichitempan Tribe,Mesoamerican,101,Hide Working and Tailored Clothing,14
-5000,initial,71,Great chichitempan Tribe,Mesoamerican,102,Hafted Stone Tools,14
-5000,initial,71,Great chichitempan Tribe,Mesoamerican,105,Food Preservation,14
-5000,initial,71,Great chichitempan Tribe,Mesoamerican,106,Storage Pits and Containers,14
-5000,initial,71,Great chichitempan Tribe,Mesoamerican,107,Seasonal Aggregation Camps,14
-5000,initial,71,Great chichitempan Tribe,Mesoamerican,111,Grinding Stones,14
-5000,initial,71,Great chichitempan Tribe,Mesoamerican,112,Proto-cultivation,14
-5000,initial,71,Great chichitempan Tribe,Mesoamerican,113,Sedentism,14
-5000,initial,71,Great chichitempan Tribe,Mesoamerican,116,Charcoal Firing,14
-5000,initial,71,Great chichitempan Tribe,Mesoamerican,1,Pottery,14
-5000,initial,71,Great chichitempan Tribe,Mesoamerican,20,Agriculture,14
-5000,initial,71,Great chichitempan Tribe,Mesoamerican,3,Archery,14
-5000,initial,71,Great chichitempan Tribe,Mesoamerican,6,Calendar,14
-5000,initial,72,New yuctemmix Tribe,Mesoamerican,100,Cordage and Knots,14
-5000,initial,72,New yuctemmix Tribe,Mesoamerican,101,Hide Working and Tailored Clothing,14
-5000,initial,72,New yuctemmix Tribe,Mesoamerican,102,Hafted Stone Tools,14
-5000,initial,72,New yuctemmix Tribe,Mesoamerican,105,Food Preservation,14
-5000,initial,72,New yuctemmix Tribe,Mesoamerican,106,Storage Pits and Containers,14
-5000,initial,72,New yuctemmix Tribe,Mesoamerican,107,Seasonal Aggregation Camps,14
-5000,initial,72,New yuctemmix Tribe,Mesoamerican,111,Grinding Stones,14
-5000,initial,72,New yuctemmix Tribe,Mesoamerican,112,Proto-cultivation,14
-5000,initial,72,New yuctemmix Tribe,Mesoamerican,113,Sedentism,14
-5000,initial,72,New yuctemmix Tribe,Mesoamerican,116,Charcoal Firing,14
-5000,initial,72,New yuctemmix Tribe,Mesoamerican,1,Pottery,14
-5000,initial,72,New yuctemmix Tribe,Mesoamerican,20,Agriculture,14
-5000,initial,72,New yuctemmix Tribe,Mesoamerican,3,Archery,14
-5000,initial,72,New yuctemmix Tribe,Mesoamerican,6,Calendar,14
-5000,initial,73,Calitz Tribe,Mesoamerican,100,Cordage and Knots,14
-5000,initial,73,Calitz Tribe,Mesoamerican,101,Hide Working and Tailored Clothing,14
-5000,initial,73,Calitz Tribe,Mesoamerican,102,Hafted Stone Tools,14
-5000,initial,73,Calitz Tribe,Mesoamerican,105,Food Preservation,14
-5000,initial,73,Calitz Tribe,Mesoamerican,106,Storage Pits and Containers,14
-5000,initial,73,Calitz Tribe,Mesoamerican,107,Seasonal Aggregation Camps,14
-5000,initial,73,Calitz Tribe,Mesoamerican,111,Grinding Stones,14
-5000,initial,73,Calitz Tribe,Mesoamerican,112,Proto-cultivation,14
-5000,initial,73,Calitz Tribe,Mesoamerican,113,Sedentism,14
-5000,initial,73,Calitz Tribe,Mesoamerican,116,Charcoal Firing,14
-5000,initial,73,Calitz Tribe,Mesoamerican,1,Pottery,14
-5000,initial,73,Calitz Tribe,Mesoamerican,20,Agriculture,14
-5000,initial,73,Calitz Tribe,Mesoamerican,3,Archery,14
-5000,initial,73,Calitz Tribe,Mesoamerican,6,Calendar,14
-5000,initial,74,Great itzcalxoc Tribe,Mesoamerican,100,Cordage and Knots,14
-5000,initial,74,Great itzcalxoc Tribe,Mesoamerican,101,Hide Working and Tailored Clothing,14
-5000,initial,74,Great itzcalxoc Tribe,Mesoamerican,102,Hafted Stone Tools,14
-5000,initial,74,Great itzcalxoc Tribe,Mesoamerican,105,Food Preservation,14
-5000,initial,74,Great itzcalxoc Tribe,Mesoamerican,106,Storage Pits and Containers,14
-5000,initial,74,Great itzcalxoc Tribe,Mesoamerican,107,Seasonal Aggregation Camps,14
-5000,initial,74,Great itzcalxoc Tribe,Mesoamerican,111,Grinding Stones,14
-5000,initial,74,Great itzcalxoc Tribe,Mesoamerican,112,Proto-cultivation,14
-5000,initial,74,Great itzcalxoc Tribe,Mesoamerican,113,Sedentism,14
-5000,initial,74,Great itzcalxoc Tribe,Mesoamerican,116,Charcoal Firing,14
-5000,initial,74,Great itzcalxoc Tribe,Mesoamerican,1,Pottery,14
-5000,initial,74,Great itzcalxoc Tribe,Mesoamerican,20,Agriculture,14
-5000,initial,74,Great itzcalxoc Tribe,Mesoamerican,3,Archery,14
-5000,initial,74,Great itzcalxoc Tribe,Mesoamerican,6,Calendar,14
-5000,initial,75,North sumllaqkusyu Tribe,Andean Highland,100,Cordage and Knots,15
-5000,initial,75,North sumllaqkusyu Tribe,Andean Highland,101,Hide Working and Tailored Clothing,15
-5000,initial,75,North sumllaqkusyu Tribe,Andean Highland,102,Hafted Stone Tools,15
-5000,initial,75,North sumllaqkusyu Tribe,Andean Highland,105,Food Preservation,15
-5000,initial,75,North sumllaqkusyu Tribe,Andean Highland,106,Storage Pits and Containers,15
-5000,initial,75,North sumllaqkusyu Tribe,Andean Highland,107,Seasonal Aggregation Camps,15
-5000,initial,75,North sumllaqkusyu Tribe,Andean Highland,111,Grinding Stones,15
-5000,initial,75,North sumllaqkusyu Tribe,Andean Highland,112,Proto-cultivation,15
-5000,initial,75,North sumllaqkusyu Tribe,Andean Highland,113,Sedentism,15
-5000,initial,75,North sumllaqkusyu Tribe,Andean Highland,116,Charcoal Firing,15
-5000,initial,75,North sumllaqkusyu Tribe,Andean Highland,1,Pottery,15
-5000,initial,75,North sumllaqkusyu Tribe,Andean Highland,4,Mining,15
-5000,initial,75,North sumllaqkusyu Tribe,Andean Highland,20,Agriculture,15
-5000,initial,75,North sumllaqkusyu Tribe,Andean Highland,3,Archery,15
-5000,initial,75,North sumllaqkusyu Tribe,Andean Highland,6,Calendar,15
-5000,initial,76,Great intiintisuyuna Tribe,Andean Highland,100,Cordage and Knots,15
-5000,initial,76,Great intiintisuyuna Tribe,Andean Highland,101,Hide Working and Tailored Clothing,15
-5000,initial,76,Great intiintisuyuna Tribe,Andean Highland,102,Hafted Stone Tools,15
-5000,initial,76,Great intiintisuyuna Tribe,Andean Highland,105,Food Preservation,15
-5000,initial,76,Great intiintisuyuna Tribe,Andean Highland,106,Storage Pits and Containers,15
-5000,initial,76,Great intiintisuyuna Tribe,Andean Highland,107,Seasonal Aggregation Camps,15
-5000,initial,76,Great intiintisuyuna Tribe,Andean Highland,111,Grinding Stones,15
-5000,initial,76,Great intiintisuyuna Tribe,Andean Highland,112,Proto-cultivation,15
-5000,initial,76,Great intiintisuyuna Tribe,Andean Highland,113,Sedentism,15
-5000,initial,76,Great intiintisuyuna Tribe,Andean Highland,116,Charcoal Firing,15
-5000,initial,76,Great intiintisuyuna Tribe,Andean Highland,1,Pottery,15
-5000,initial,76,Great intiintisuyuna Tribe,Andean Highland,4,Mining,15
-5000,initial,76,Great intiintisuyuna Tribe,Andean Highland,20,Agriculture,15
-5000,initial,76,Great intiintisuyuna Tribe,Andean Highland,3,Archery,15
-5000,initial,76,Great intiintisuyuna Tribe,Andean Highland,6,Calendar,15
-5000,initial,77,New rumsumna Tribe,Andean Highland,100,Cordage and Knots,15
-5000,initial,77,New rumsumna Tribe,Andean Highland,101,Hide Working and Tailored Clothing,15
-5000,initial,77,New rumsumna Tribe,Andean Highland,102,Hafted Stone Tools,15
-5000,initial,77,New rumsumna Tribe,Andean Highland,105,Food Preservation,15
-5000,initial,77,New rumsumna Tribe,Andean Highland,106,Storage Pits and Containers,15
-5000,initial,77,New rumsumna Tribe,Andean Highland,107,Seasonal Aggregation Camps,15
-5000,initial,77,New rumsumna Tribe,Andean Highland,111,Grinding Stones,15
-5000,initial,77,New rumsumna Tribe,Andean Highland,112,Proto-cultivation,15
-5000,initial,77,New rumsumna Tribe,Andean Highland,113,Sedentism,15
-5000,initial,77,New rumsumna Tribe,Andean Highland,116,Charcoal Firing,15
-5000,initial,77,New rumsumna Tribe,Andean Highland,1,Pottery,15
-5000,initial,77,New rumsumna Tribe,Andean Highland,4,Mining,15
-5000,initial,77,New rumsumna Tribe,Andean Highland,20,Agriculture,15
-5000,initial,77,New rumsumna Tribe,Andean Highland,3,Archery,15
-5000,initial,77,New rumsumna Tribe,Andean Highland,6,Calendar,15
-5000,initial,78,North pachsuyullaq Tribe,Andean Highland,100,Cordage and Knots,15
-5000,initial,78,North pachsuyullaq Tribe,Andean Highland,101,Hide Working and Tailored Clothing,15
-5000,initial,78,North pachsuyullaq Tribe,Andean Highland,102,Hafted Stone Tools,15
-5000,initial,78,North pachsuyullaq Tribe,Andean Highland,105,Food Preservation,15
-5000,initial,78,North pachsuyullaq Tribe,Andean Highland,106,Storage Pits and Containers,15
-5000,initial,78,North pachsuyullaq Tribe,Andean Highland,107,Seasonal Aggregation Camps,15
-5000,initial,78,North pachsuyullaq Tribe,Andean Highland,111,Grinding Stones,15
-5000,initial,78,North pachsuyullaq Tribe,Andean Highland,112,Proto-cultivation,15
-5000,initial,78,North pachsuyullaq Tribe,Andean Highland,113,Sedentism,15
-5000,initial,78,North pachsuyullaq Tribe,Andean Highland,116,Charcoal Firing,15
-5000,initial,78,North pachsuyullaq Tribe,Andean Highland,1,Pottery,15
-5000,initial,78,North pachsuyullaq Tribe,Andean Highland,4,Mining,15
-5000,initial,78,North pachsuyullaq Tribe,Andean Highland,20,Agriculture,15
-5000,initial,78,North pachsuyullaq Tribe,Andean Highland,3,Archery,15
-5000,initial,78,North pachsuyullaq Tribe,Andean Highland,6,Calendar,15
-5000,initial,79,Old pachllaqa Tribe,Andean Highland,100,Cordage and Knots,15
-5000,initial,79,Old pachllaqa Tribe,Andean Highland,101,Hide Working and Tailored Clothing,15
-5000,initial,79,Old pachllaqa Tribe,Andean Highland,102,Hafted Stone Tools,15
-5000,initial,79,Old pachllaqa Tribe,Andean Highland,105,Food Preservation,15
-5000,initial,79,Old pachllaqa Tribe,Andean Highland,106,Storage Pits and Containers,15
-5000,initial,79,Old pachllaqa Tribe,Andean Highland,107,Seasonal Aggregation Camps,15
-5000,initial,79,Old pachllaqa Tribe,Andean Highland,111,Grinding Stones,15
-5000,initial,79,Old pachllaqa Tribe,Andean Highland,112,Proto-cultivation,15
-5000,initial,79,Old pachllaqa Tribe,Andean Highland,113,Sedentism,15
-5000,initial,79,Old pachllaqa Tribe,Andean Highland,116,Charcoal Firing,15
-5000,initial,79,Old pachllaqa Tribe,Andean Highland,1,Pottery,15
-5000,initial,79,Old pachllaqa Tribe,Andean Highland,4,Mining,15
-5000,initial,79,Old pachllaqa Tribe,Andean Highland,20,Agriculture,15
-5000,initial,79,Old pachllaqa Tribe,Andean Highland,3,Archery,15
-5000,initial,79,Old pachllaqa Tribe,Andean Highland,6,Calendar,15
-5000,initial,80,New tupayamarca Tribe,Andean Highland,100,Cordage and Knots,15
-5000,initial,80,New tupayamarca Tribe,Andean Highland,101,Hide Working and Tailored Clothing,15
-5000,initial,80,New tupayamarca Tribe,Andean Highland,102,Hafted Stone Tools,15
-5000,initial,80,New tupayamarca Tribe,Andean Highland,105,Food Preservation,15
-5000,initial,80,New tupayamarca Tribe,Andean Highland,106,Storage Pits and Containers,15
-5000,initial,80,New tupayamarca Tribe,Andean Highland,107,Seasonal Aggregation Camps,15
-5000,initial,80,New tupayamarca Tribe,Andean Highland,111,Grinding Stones,15
-5000,initial,80,New tupayamarca Tribe,Andean Highland,112,Proto-cultivation,15
-5000,initial,80,New tupayamarca Tribe,Andean Highland,113,Sedentism,15
-5000,initial,80,New tupayamarca Tribe,Andean Highland,116,Charcoal Firing,15
-5000,initial,80,New tupayamarca Tribe,Andean Highland,1,Pottery,15
-5000,initial,80,New tupayamarca Tribe,Andean Highland,4,Mining,15
-5000,initial,80,New tupayamarca Tribe,Andean Highland,20,Agriculture,15
-5000,initial,80,New tupayamarca Tribe,Andean Highland,3,Archery,15
-5000,initial,80,New tupayamarca Tribe,Andean Highland,6,Calendar,15
-5000,initial,81,North qorikusrumyu Tribe,Andean Highland,100,Cordage and Knots,15
-5000,initial,81,North qorikusrumyu Tribe,Andean Highland,101,Hide Working and Tailored Clothing,15
-5000,initial,81,North qorikusrumyu Tribe,Andean Highland,102,Hafted Stone Tools,15
-5000,initial,81,North qorikusrumyu Tribe,Andean Highland,105,Food Preservation,15
-5000,initial,81,North qorikusrumyu Tribe,Andean Highland,106,Storage Pits and Containers,15
-5000,initial,81,North qorikusrumyu Tribe,Andean Highland,107,Seasonal Aggregation Camps,15
-5000,initial,81,North qorikusrumyu Tribe,Andean Highland,111,Grinding Stones,15
-5000,initial,81,North qorikusrumyu Tribe,Andean Highland,112,Proto-cultivation,15
-5000,initial,81,North qorikusrumyu Tribe,Andean Highland,113,Sedentism,15
-5000,initial,81,North qorikusrumyu Tribe,Andean Highland,116,Charcoal Firing,15
-5000,initial,81,North qorikusrumyu Tribe,Andean Highland,1,Pottery,15
-5000,initial,81,North qorikusrumyu Tribe,Andean Highland,4,Mining,15
-5000,initial,81,North qorikusrumyu Tribe,Andean Highland,20,Agriculture,15
-5000,initial,81,North qorikusrumyu Tribe,Andean Highland,3,Archery,15
-5000,initial,81,North qorikusrumyu Tribe,Andean Highland,6,Calendar,15
-5000,initial,82,North zenkinqui Tribe,Eastern Woodland,100,Cordage and Knots,11
-5000,initial,82,North zenkinqui Tribe,Eastern Woodland,101,Hide Working and Tailored Clothing,11
-5000,initial,82,North zenkinqui Tribe,Eastern Woodland,102,Hafted Stone Tools,11
-5000,initial,82,North zenkinqui Tribe,Eastern Woodland,105,Food Preservation,11
-5000,initial,82,North zenkinqui Tribe,Eastern Woodland,106,Storage Pits and Containers,11
-5000,initial,82,North zenkinqui Tribe,Eastern Woodland,107,Seasonal Aggregation Camps,11
-5000,initial,82,North zenkinqui Tribe,Eastern Woodland,111,Grinding Stones,11
-5000,initial,82,North zenkinqui Tribe,Eastern Woodland,113,Sedentism,11
-5000,initial,82,North zenkinqui Tribe,Eastern Woodland,4,Mining,11
-5000,initial,82,North zenkinqui Tribe,Eastern Woodland,3,Archery,11
-5000,initial,82,North zenkinqui Tribe,Eastern Woodland,6,Calendar,11
-5000,initial,83,New terlinteria Tribe,Eastern Woodland,100,Cordage and Knots,11
-5000,initial,83,New terlinteria Tribe,Eastern Woodland,101,Hide Working and Tailored Clothing,11
-5000,initial,83,New terlinteria Tribe,Eastern Woodland,102,Hafted Stone Tools,11
-5000,initial,83,New terlinteria Tribe,Eastern Woodland,105,Food Preservation,11
-5000,initial,83,New terlinteria Tribe,Eastern Woodland,106,Storage Pits and Containers,11
-5000,initial,83,New terlinteria Tribe,Eastern Woodland,107,Seasonal Aggregation Camps,11
-5000,initial,83,New terlinteria Tribe,Eastern Woodland,111,Grinding Stones,11
-5000,initial,83,New terlinteria Tribe,Eastern Woodland,113,Sedentism,11
-5000,initial,83,New terlinteria Tribe,Eastern Woodland,4,Mining,11
-5000,initial,83,New terlinteria Tribe,Eastern Woodland,3,Archery,11
-5000,initial,83,New terlinteria Tribe,Eastern Woodland,6,Calendar,11
-5000,initial,84,North terkinsolgrad Tribe,Eastern Woodland,100,Cordage and Knots,11
-5000,initial,84,North terkinsolgrad Tribe,Eastern Woodland,101,Hide Working and Tailored Clothing,11
-5000,initial,84,North terkinsolgrad Tribe,Eastern Woodland,102,Hafted Stone Tools,11
-5000,initial,84,North terkinsolgrad Tribe,Eastern Woodland,105,Food Preservation,11
-5000,initial,84,North terkinsolgrad Tribe,Eastern Woodland,106,Storage Pits and Containers,11
-5000,initial,84,North terkinsolgrad Tribe,Eastern Woodland,107,Seasonal Aggregation Camps,11
-5000,initial,84,North terkinsolgrad Tribe,Eastern Woodland,111,Grinding Stones,11
-5000,initial,84,North terkinsolgrad Tribe,Eastern Woodland,113,Sedentism,11
-5000,initial,84,North terkinsolgrad Tribe,Eastern Woodland,4,Mining,11
-5000,initial,84,North terkinsolgrad Tribe,Eastern Woodland,3,Archery,11
-5000,initial,84,North terkinsolgrad Tribe,Eastern Woodland,6,Calendar,11
-5000,initial,85,Romnaquiia Tribe,Eastern Woodland,100,Cordage and Knots,11
-5000,initial,85,Romnaquiia Tribe,Eastern Woodland,101,Hide Working and Tailored Clothing,11
-5000,initial,85,Romnaquiia Tribe,Eastern Woodland,102,Hafted Stone Tools,11
-5000,initial,85,Romnaquiia Tribe,Eastern Woodland,105,Food Preservation,11
-5000,initial,85,Romnaquiia Tribe,Eastern Woodland,106,Storage Pits and Containers,11
-5000,initial,85,Romnaquiia Tribe,Eastern Woodland,107,Seasonal Aggregation Camps,11
-5000,initial,85,Romnaquiia Tribe,Eastern Woodland,111,Grinding Stones,11
-5000,initial,85,Romnaquiia Tribe,Eastern Woodland,113,Sedentism,11
-5000,initial,85,Romnaquiia Tribe,Eastern Woodland,4,Mining,11
-5000,initial,85,Romnaquiia Tribe,Eastern Woodland,3,Archery,11
-5000,initial,85,Romnaquiia Tribe,Eastern Woodland,6,Calendar,11
-5000,initial,86,Kinkinmargrad Tribe,Eastern Woodland,100,Cordage and Knots,11
-5000,initial,86,Kinkinmargrad Tribe,Eastern Woodland,101,Hide Working and Tailored Clothing,11
-5000,initial,86,Kinkinmargrad Tribe,Eastern Woodland,102,Hafted Stone Tools,11
-5000,initial,86,Kinkinmargrad Tribe,Eastern Woodland,105,Food Preservation,11
-5000,initial,86,Kinkinmargrad Tribe,Eastern Woodland,106,Storage Pits and Containers,11
-5000,initial,86,Kinkinmargrad Tribe,Eastern Woodland,107,Seasonal Aggregation Camps,11
-5000,initial,86,Kinkinmargrad Tribe,Eastern Woodland,111,Grinding Stones,11
-5000,initial,86,Kinkinmargrad Tribe,Eastern Woodland,113,Sedentism,11
-5000,initial,86,Kinkinmargrad Tribe,Eastern Woodland,4,Mining,11
-5000,initial,86,Kinkinmargrad Tribe,Eastern Woodland,3,Archery,11
-5000,initial,86,Kinkinmargrad Tribe,Eastern Woodland,6,Calendar,11
-5000,initial,87,Kinquinaland Tribe,Eastern Woodland,100,Cordage and Knots,11
-5000,initial,87,Kinquinaland Tribe,Eastern Woodland,101,Hide Working and Tailored Clothing,11
-5000,initial,87,Kinquinaland Tribe,Eastern Woodland,102,Hafted Stone Tools,11
-5000,initial,87,Kinquinaland Tribe,Eastern Woodland,105,Food Preservation,11
-5000,initial,87,Kinquinaland Tribe,Eastern Woodland,106,Storage Pits and Containers,11
-5000,initial,87,Kinquinaland Tribe,Eastern Woodland,107,Seasonal Aggregation Camps,11
-5000,initial,87,Kinquinaland Tribe,Eastern Woodland,111,Grinding Stones,11
-5000,initial,87,Kinquinaland Tribe,Eastern Woodland,113,Sedentism,11
-5000,initial,87,Kinquinaland Tribe,Eastern Woodland,4,Mining,11
-5000,initial,87,Kinquinaland Tribe,Eastern Woodland,3,Archery,11
-5000,initial,87,Kinquinaland Tribe,Eastern Woodland,6,Calendar,11
-5000,initial,88,Old namar Tribe,Eastern Woodland,100,Cordage and Knots,11
-5000,initial,88,Old namar Tribe,Eastern Woodland,101,Hide Working and Tailored Clothing,11
-5000,initial,88,Old namar Tribe,Eastern Woodland,102,Hafted Stone Tools,11
-5000,initial,88,Old namar Tribe,Eastern Woodland,105,Food Preservation,11
-5000,initial,88,Old namar Tribe,Eastern Woodland,106,Storage Pits and Containers,11
-5000,initial,88,Old namar Tribe,Eastern Woodland,107,Seasonal Aggregation Camps,11
-5000,initial,88,Old namar Tribe,Eastern Woodland,111,Grinding Stones,11
-5000,initial,88,Old namar Tribe,Eastern Woodland,113,Sedentism,11
-5000,initial,88,Old namar Tribe,Eastern Woodland,4,Mining,11
-5000,initial,88,Old namar Tribe,Eastern Woodland,3,Archery,11
-5000,initial,88,Old namar Tribe,Eastern Woodland,6,Calendar,11
-5000,initial,89,North terviagargrad Tribe,Western Plains,100,Cordage and Knots,11
-5000,initial,89,North terviagargrad Tribe,Western Plains,101,Hide Working and Tailored Clothing,11
-5000,initial,89,North terviagargrad Tribe,Western Plains,102,Hafted Stone Tools,11
-5000,initial,89,North terviagargrad Tribe,Western Plains,105,Food Preservation,11
-5000,initial,89,North terviagargrad Tribe,Western Plains,106,Storage Pits and Containers,11
-5000,initial,89,North terviagargrad Tribe,Western Plains,107,Seasonal Aggregation Camps,11
-5000,initial,89,North terviagargrad Tribe,Western Plains,111,Grinding Stones,11
-5000,initial,89,North terviagargrad Tribe,Western Plains,113,Sedentism,11
-5000,initial,89,North terviagargrad Tribe,Western Plains,4,Mining,11
-5000,initial,89,North terviagargrad Tribe,Western Plains,3,Archery,11
-5000,initial,89,North terviagargrad Tribe,Western Plains,6,Calendar,11
-5000,initial,90,Great zenlingar Tribe,Western Plains,100,Cordage and Knots,11
-5000,initial,90,Great zenlingar Tribe,Western Plains,101,Hide Working and Tailored Clothing,11
-5000,initial,90,Great zenlingar Tribe,Western Plains,102,Hafted Stone Tools,11
-5000,initial,90,Great zenlingar Tribe,Western Plains,105,Food Preservation,11
-5000,initial,90,Great zenlingar Tribe,Western Plains,106,Storage Pits and Containers,11
-5000,initial,90,Great zenlingar Tribe,Western Plains,107,Seasonal Aggregation Camps,11
-5000,initial,90,Great zenlingar Tribe,Western Plains,111,Grinding Stones,11
-5000,initial,90,Great zenlingar Tribe,Western Plains,113,Sedentism,11
-5000,initial,90,Great zenlingar Tribe,Western Plains,4,Mining,11
-5000,initial,90,Great zenlingar Tribe,Western Plains,3,Archery,11
-5000,initial,90,Great zenlingar Tribe,Western Plains,6,Calendar,11
-5000,initial,91,New viamarnaia Tribe,Western Plains,100,Cordage and Knots,11
-5000,initial,91,New viamarnaia Tribe,Western Plains,101,Hide Working and Tailored Clothing,11
-5000,initial,91,New viamarnaia Tribe,Western Plains,102,Hafted Stone Tools,11
-5000,initial,91,New viamarnaia Tribe,Western Plains,105,Food Preservation,11
-5000,initial,91,New viamarnaia Tribe,Western Plains,106,Storage Pits and Containers,11
-5000,initial,91,New viamarnaia Tribe,Western Plains,107,Seasonal Aggregation Camps,11
-5000,initial,91,New viamarnaia Tribe,Western Plains,111,Grinding Stones,11
-5000,initial,91,New viamarnaia Tribe,Western Plains,113,Sedentism,11
-5000,initial,91,New viamarnaia Tribe,Western Plains,4,Mining,11
-5000,initial,91,New viamarnaia Tribe,Western Plains,3,Archery,11
-5000,initial,91,New viamarnaia Tribe,Western Plains,6,Calendar,11
-5000,initial,92,Great belbelkin Tribe,Western Plains,100,Cordage and Knots,11
-5000,initial,92,Great belbelkin Tribe,Western Plains,101,Hide Working and Tailored Clothing,11
-5000,initial,92,Great belbelkin Tribe,Western Plains,102,Hafted Stone Tools,11
-5000,initial,92,Great belbelkin Tribe,Western Plains,105,Food Preservation,11
-5000,initial,92,Great belbelkin Tribe,Western Plains,106,Storage Pits and Containers,11
-5000,initial,92,Great belbelkin Tribe,Western Plains,107,Seasonal Aggregation Camps,11
-5000,initial,92,Great belbelkin Tribe,Western Plains,111,Grinding Stones,11
-5000,initial,92,Great belbelkin Tribe,Western Plains,113,Sedentism,11
-5000,initial,92,Great belbelkin Tribe,Western Plains,4,Mining,11
-5000,initial,92,Great belbelkin Tribe,Western Plains,3,Archery,11
-5000,initial,92,Great belbelkin Tribe,Western Plains,6,Calendar,11
-5000,initial,93,New zenviaia Tribe,Western Plains,100,Cordage and Knots,11
-5000,initial,93,New zenviaia Tribe,Western Plains,101,Hide Working and Tailored Clothing,11
-5000,initial,93,New zenviaia Tribe,Western Plains,102,Hafted Stone Tools,11
-5000,initial,93,New zenviaia Tribe,Western Plains,105,Food Preservation,11
-5000,initial,93,New zenviaia Tribe,Western Plains,106,Storage Pits and Containers,11
-5000,initial,93,New zenviaia Tribe,Western Plains,107,Seasonal Aggregation Camps,11
-5000,initial,93,New zenviaia Tribe,Western Plains,111,Grinding Stones,11
-5000,initial,93,New zenviaia Tribe,Western Plains,113,Sedentism,11
-5000,initial,93,New zenviaia Tribe,Western Plains,4,Mining,11
-5000,initial,93,New zenviaia Tribe,Western Plains,3,Archery,11
-5000,initial,93,New zenviaia Tribe,Western Plains,6,Calendar,11
-5000,initial,94,New belkinlinstan Tribe,Western Plains,100,Cordage and Knots,11
-5000,initial,94,New belkinlinstan Tribe,Western Plains,101,Hide Working and Tailored Clothing,11
-5000,initial,94,New belkinlinstan Tribe,Western Plains,102,Hafted Stone Tools,11
-5000,initial,94,New belkinlinstan Tribe,Western Plains,105,Food Preservation,11
-5000,initial,94,New belkinlinstan Tribe,Western Plains,106,Storage Pits and Containers,11
-5000,initial,94,New belkinlinstan Tribe,Western Plains,107,Seasonal Aggregation Camps,11
-5000,initial,94,New belkinlinstan Tribe,Western Plains,111,Grinding Stones,11
-5000,initial,94,New belkinlinstan Tribe,Western Plains,113,Sedentism,11
-5000,initial,94,New belkinlinstan Tribe,Western Plains,4,Mining,11
-5000,initial,94,New belkinlinstan Tribe,Western Plains,3,Archery,11
-5000,initial,94,New belkinlinstan Tribe,Western Plains,6,Calendar,11
-5000,initial,95,North garterzenia Tribe,Western Plains,100,Cordage and Knots,11
-5000,initial,95,North garterzenia Tribe,Western Plains,101,Hide Working and Tailored Clothing,11
-5000,initial,95,North garterzenia Tribe,Western Plains,102,Hafted Stone Tools,11
-5000,initial,95,North garterzenia Tribe,Western Plains,105,Food Preservation,11
-5000,initial,95,North garterzenia Tribe,Western Plains,106,Storage Pits and Containers,11
-5000,initial,95,North garterzenia Tribe,Western Plains,107,Seasonal Aggregation Camps,11
-5000,initial,95,North garterzenia Tribe,Western Plains,111,Grinding Stones,11
-5000,initial,95,North garterzenia Tribe,Western Plains,113,Sedentism,11
-5000,initial,95,North garterzenia Tribe,Western Plains,4,Mining,11
-5000,initial,95,North garterzenia Tribe,Western Plains,3,Archery,11
-5000,initial,95,North garterzenia Tribe,Western Plains,6,Calendar,11
-5000,initial,96,South vianaia Tribe,Western Plains,100,Cordage and Knots,11
-5000,initial,96,South vianaia Tribe,Western Plains,101,Hide Working and Tailored Clothing,11
-5000,initial,96,South vianaia Tribe,Western Plains,102,Hafted Stone Tools,11
-5000,initial,96,South vianaia Tribe,Western Plains,105,Food Preservation,11
-5000,initial,96,South vianaia Tribe,Western Plains,106,Storage Pits and Containers,11
-5000,initial,96,South vianaia Tribe,Western Plains,107,Seasonal Aggregation Camps,11
-5000,initial,96,South vianaia Tribe,Western Plains,111,Grinding Stones,11
-5000,initial,96,South vianaia Tribe,Western Plains,113,Sedentism,11
-5000,initial,96,South vianaia Tribe,Western Plains,4,Mining,11
-5000,initial,96,South vianaia Tribe,Western Plains,3,Archery,11
-5000,initial,96,South vianaia Tribe,Western Plains,6,Calendar,11
-5000,initial,97,Great duskinloria Tribe,Caribbean Seafaring,100,Cordage and Knots,12
-5000,initial,97,Great duskinloria Tribe,Caribbean Seafaring,101,Hide Working and Tailored Clothing,12
-5000,initial,97,Great duskinloria Tribe,Caribbean Seafaring,102,Hafted Stone Tools,12
-5000,initial,97,Great duskinloria Tribe,Caribbean Seafaring,104,Fishing Technology,12
-5000,initial,97,Great duskinloria Tribe,Caribbean Seafaring,105,Food Preservation,12
-5000,initial,97,Great duskinloria Tribe,Caribbean Seafaring,106,Storage Pits and Containers,12
-5000,initial,97,Great duskinloria Tribe,Caribbean Seafaring,107,Seasonal Aggregation Camps,12
-5000,initial,97,Great duskinloria Tribe,Caribbean Seafaring,108,Watercraft,12
-5000,initial,97,Great duskinloria Tribe,Caribbean Seafaring,113,Sedentism,12
-5000,initial,97,Great duskinloria Tribe,Caribbean Seafaring,3,Archery,12
-5000,initial,97,Great duskinloria Tribe,Caribbean Seafaring,5,Sailing,12
-5000,initial,97,Great duskinloria Tribe,Caribbean Seafaring,6,Calendar,12
-5000,initial,98,Old rangihanaa Tribe,Oceanic Navigators,100,Cordage and Knots,12
-5000,initial,98,Old rangihanaa Tribe,Oceanic Navigators,101,Hide Working and Tailored Clothing,12
-5000,initial,98,Old rangihanaa Tribe,Oceanic Navigators,102,Hafted Stone Tools,12
-5000,initial,98,Old rangihanaa Tribe,Oceanic Navigators,104,Fishing Technology,12
-5000,initial,98,Old rangihanaa Tribe,Oceanic Navigators,105,Food Preservation,12
-5000,initial,98,Old rangihanaa Tribe,Oceanic Navigators,106,Storage Pits and Containers,12
-5000,initial,98,Old rangihanaa Tribe,Oceanic Navigators,107,Seasonal Aggregation Camps,12
-5000,initial,98,Old rangihanaa Tribe,Oceanic Navigators,108,Watercraft,12
-5000,initial,98,Old rangihanaa Tribe,Oceanic Navigators,113,Sedentism,12
-5000,initial,98,Old rangihanaa Tribe,Oceanic Navigators,3,Archery,12
-5000,initial,98,Old rangihanaa Tribe,Oceanic Navigators,5,Sailing,12
-5000,initial,98,Old rangihanaa Tribe,Oceanic Navigators,6,Calendar,12
-5000,initial,99,Old hanahana Tribe,Oceanic Navigators,100,Cordage and Knots,12
-5000,initial,99,Old hanahana Tribe,Oceanic Navigators,101,Hide Working and Tailored Clothing,12
-5000,initial,99,Old hanahana Tribe,Oceanic Navigators,102,Hafted Stone Tools,12
-5000,initial,99,Old hanahana Tribe,Oceanic Navigators,104,Fishing Technology,12
-5000,initial,99,Old hanahana Tribe,Oceanic Navigators,105,Food Preservation,12
-5000,initial,99,Old hanahana Tribe,Oceanic Navigators,106,Storage Pits and Containers,12
-5000,initial,99,Old hanahana Tribe,Oceanic Navigators,107,Seasonal Aggregation Camps,12
-5000,initial,99,Old hanahana Tribe,Oceanic Navigators,108,Watercraft,12
-5000,initial,99,Old hanahana Tribe,Oceanic Navigators,113,Sedentism,12
-5000,initial,99,Old hanahana Tribe,Oceanic Navigators,3,Archery,12
-5000,initial,99,Old hanahana Tribe,Oceanic Navigators,5,Sailing,12
-5000,initial,99,Old hanahana Tribe,Oceanic Navigators,6,Calendar,12
-4975,initial,100,Old romgarterstan Tribe,Caribbean Seafaring,100,Cordage and Knots,7
-4975,initial,100,Old romgarterstan Tribe,Caribbean Seafaring,101,Hide Working and Tailored Clothing,7
-4975,initial,100,Old romgarterstan Tribe,Caribbean Seafaring,102,Hafted Stone Tools,7
-4975,initial,100,Old romgarterstan Tribe,Caribbean Seafaring,105,Food Preservation,7
-4975,initial,100,Old romgarterstan Tribe,Caribbean Seafaring,106,Storage Pits and Containers,7
-4975,initial,100,Old romgarterstan Tribe,Caribbean Seafaring,107,Seasonal Aggregation Camps,7
-4975,initial,100,Old romgarterstan Tribe,Caribbean Seafaring,3,Archery,7
-4970,initial,101,New vendornorum Tribe,Northern Maritime,100,Cordage and Knots,8
-4970,initial,101,New vendornorum Tribe,Northern Maritime,101,Hide Working and Tailored Clothing,8
-4970,initial,101,New vendornorum Tribe,Northern Maritime,102,Hafted Stone Tools,8
-4970,initial,101,New vendornorum Tribe,Northern Maritime,105,Food Preservation,8
-4970,initial,101,New vendornorum Tribe,Northern Maritime,106,Storage Pits and Containers,8
-4970,initial,101,New vendornorum Tribe,Northern Maritime,107,Seasonal Aggregation Camps,8
-4970,initial,101,New vendornorum Tribe,Northern Maritime,111,Grinding Stones,8
-4970,initial,101,New vendornorum Tribe,Northern Maritime,3,Archery,8
-4965,initial,102,South minlilishan Tribe,East Riverine,100,Cordage and Knots,10
-4965,initial,102,South minlilishan Tribe,East Riverine,101,Hide Working and Tailored Clothing,10
-4965,initial,102,South minlilishan Tribe,East Riverine,102,Hafted Stone Tools,10
-4965,initial,102,South minlilishan Tribe,East Riverine,105,Food Preservation,10
-4965,initial,102,South minlilishan Tribe,East Riverine,106,Storage Pits and Containers,10
-4965,initial,102,South minlilishan Tribe,East Riverine,107,Seasonal Aggregation Camps,10
-4965,initial,102,South minlilishan Tribe,East Riverine,110,Dog Domestication,10
-4965,initial,102,South minlilishan Tribe,East Riverine,111,Grinding Stones,10
-4965,initial,102,South minlilishan Tribe,East Riverine,116,Charcoal Firing,10
-4965,initial,102,South minlilishan Tribe,East Riverine,3,Archery,10
-4960,initial,103,Tanmalamara Tribe,Central Forest,100,Cordage and Knots,9
-4960,initial,103,Tanmalamara Tribe,Central Forest,101,Hide Working and Tailored Clothing,9
-4960,initial,103,Tanmalamara Tribe,Central Forest,102,Hafted Stone Tools,9
-4960,initial,103,Tanmalamara Tribe,Central Forest,105,Food Preservation,9
-4960,initial,103,Tanmalamara Tribe,Central Forest,106,Storage Pits and Containers,9
-4960,initial,103,Tanmalamara Tribe,Central Forest,107,Seasonal Aggregation Camps,9
-4960,initial,103,Tanmalamara Tribe,Central Forest,111,Grinding Stones,9
-4960,initial,103,Tanmalamara Tribe,Central Forest,116,Charcoal Firing,9
-4960,initial,103,Tanmalamara Tribe,Central Forest,3,Archery,9
-4945,initial,104,Naldrapur Tribe,Indic Riverine,100,Cordage and Knots,17
-4945,initial,104,Naldrapur Tribe,Indic Riverine,101,Hide Working and Tailored Clothing,17
-4945,initial,104,Naldrapur Tribe,Indic Riverine,102,Hafted Stone Tools,17
-4945,initial,104,Naldrapur Tribe,Indic Riverine,105,Food Preservation,17
-4945,initial,104,Naldrapur Tribe,Indic Riverine,106,Storage Pits and Containers,17
-4945,initial,104,Naldrapur Tribe,Indic Riverine,107,Seasonal Aggregation Camps,17
-4945,initial,104,Naldrapur Tribe,Indic Riverine,110,Dog Domestication,17
-4945,initial,104,Naldrapur Tribe,Indic Riverine,111,Grinding Stones,17
-4945,initial,104,Naldrapur Tribe,Indic Riverine,112,Proto-cultivation,17
-4945,initial,104,Naldrapur Tribe,Indic Riverine,113,Sedentism,17
-4945,initial,104,Naldrapur Tribe,Indic Riverine,114,Enclosures and Herd Management,17
-4945,initial,104,Naldrapur Tribe,Indic Riverine,115,Counting Tokens and Tallies,17
-4945,initial,104,Naldrapur Tribe,Indic Riverine,116,Charcoal Firing,17
-4945,initial,104,Naldrapur Tribe,Indic Riverine,1,Pottery,17
-4945,initial,104,Naldrapur Tribe,Indic Riverine,20,Agriculture,17
-4945,initial,104,Naldrapur Tribe,Indic Riverine,3,Archery,17
-4945,initial,104,Naldrapur Tribe,Indic Riverine,6,Calendar,17
-4925,initial,105,South belsel Tribe,Central Plain,100,Cordage and Knots,11
-4925,initial,105,South belsel Tribe,Central Plain,101,Hide Working and Tailored Clothing,11
-4925,initial,105,South belsel Tribe,Central Plain,102,Hafted Stone Tools,11
-4925,initial,105,South belsel Tribe,Central Plain,105,Food Preservation,11
-4925,initial,105,South belsel Tribe,Central Plain,106,Storage Pits and Containers,11
-4925,initial,105,South belsel Tribe,Central Plain,107,Seasonal Aggregation Camps,11
-4925,initial,105,South belsel Tribe,Central Plain,110,Dog Domestication,11
-4925,initial,105,South belsel Tribe,Central Plain,111,Grinding Stones,11
-4925,initial,105,South belsel Tribe,Central Plain,116,Charcoal Firing,11
-4925,initial,105,South belsel Tribe,Central Plain,4,Mining,11
-4925,initial,105,South belsel Tribe,Central Plain,3,Archery,11
-4920,initial,106,Old ranmardusia Tribe,Western Plains,100,Cordage and Knots,9
-4920,initial,106,Old ranmardusia Tribe,Western Plains,101,Hide Working and Tailored Clothing,9
-4920,initial,106,Old ranmardusia Tribe,Western Plains,102,Hafted Stone Tools,9
-4920,initial,106,Old ranmardusia Tribe,Western Plains,105,Food Preservation,9
-4920,initial,106,Old ranmardusia Tribe,Western Plains,106,Storage Pits and Containers,9
-4920,initial,106,Old ranmardusia Tribe,Western Plains,107,Seasonal Aggregation Camps,9
-4920,initial,106,Old ranmardusia Tribe,Western Plains,111,Grinding Stones,9
-4920,initial,106,Old ranmardusia Tribe,Western Plains,4,Mining,9
-4920,initial,106,Old ranmardusia Tribe,Western Plains,3,Archery,9
-4905,initial,107,New romzenia Tribe,Western Plains,100,Cordage and Knots,8
-4905,initial,107,New romzenia Tribe,Western Plains,101,Hide Working and Tailored Clothing,8
-4905,initial,107,New romzenia Tribe,Western Plains,102,Hafted Stone Tools,8
-4905,initial,107,New romzenia Tribe,Western Plains,105,Food Preservation,8
-4905,initial,107,New romzenia Tribe,Western Plains,106,Storage Pits and Containers,8
-4905,initial,107,New romzenia Tribe,Western Plains,107,Seasonal Aggregation Camps,8
-4905,initial,107,New romzenia Tribe,Western Plains,111,Grinding Stones,8
-4905,initial,107,New romzenia Tribe,Western Plains,3,Archery,8
-4900,initial,108,Great tamtamar Tribe,Fertile Crescent,100,Cordage and Knots,10
-4900,initial,108,Great tamtamar Tribe,Fertile Crescent,101,Hide Working and Tailored Clothing,10
-4900,initial,108,Great tamtamar Tribe,Fertile Crescent,102,Hafted Stone Tools,10
-4900,initial,108,Great tamtamar Tribe,Fertile Crescent,105,Food Preservation,10
-4900,initial,108,Great tamtamar Tribe,Fertile Crescent,106,Storage Pits and Containers,10
-4900,initial,108,Great tamtamar Tribe,Fertile Crescent,107,Seasonal Aggregation Camps,10
-4900,initial,108,Great tamtamar Tribe,Fertile Crescent,110,Dog Domestication,10
-4900,initial,108,Great tamtamar Tribe,Fertile Crescent,111,Grinding Stones,10
-4900,initial,108,Great tamtamar Tribe,Fertile Crescent,116,Charcoal Firing,10
-4900,initial,108,Great tamtamar Tribe,Fertile Crescent,3,Archery,10
-4880,initial,109,South kalarar Tribe,Fertile Crescent,100,Cordage and Knots,12
-4880,initial,109,South kalarar Tribe,Fertile Crescent,101,Hide Working and Tailored Clothing,12
-4880,initial,109,South kalarar Tribe,Fertile Crescent,102,Hafted Stone Tools,12
-4880,initial,109,South kalarar Tribe,Fertile Crescent,105,Food Preservation,12
-4880,initial,109,South kalarar Tribe,Fertile Crescent,106,Storage Pits and Containers,12
-4880,initial,109,South kalarar Tribe,Fertile Crescent,107,Seasonal Aggregation Camps,12
-4880,initial,109,South kalarar Tribe,Fertile Crescent,110,Dog Domestication,12
-4880,initial,109,South kalarar Tribe,Fertile Crescent,111,Grinding Stones,12
-4880,initial,109,South kalarar Tribe,Fertile Crescent,116,Charcoal Firing,12
-4880,initial,109,South kalarar Tribe,Fertile Crescent,119,Native Copper Working,12
-4880,initial,109,South kalarar Tribe,Fertile Crescent,4,Mining,12
-4880,initial,109,South kalarar Tribe,Fertile Crescent,3,Archery,12
-4875,initial,110,Old urkalan Tribe,Fertile Crescent,100,Cordage and Knots,12
-4875,initial,110,Old urkalan Tribe,Fertile Crescent,101,Hide Working and Tailored Clothing,12
-4875,initial,110,Old urkalan Tribe,Fertile Crescent,102,Hafted Stone Tools,12
-4875,initial,110,Old urkalan Tribe,Fertile Crescent,105,Food Preservation,12
-4875,initial,110,Old urkalan Tribe,Fertile Crescent,106,Storage Pits and Containers,12
-4875,initial,110,Old urkalan Tribe,Fertile Crescent,107,Seasonal Aggregation Camps,12
-4875,initial,110,Old urkalan Tribe,Fertile Crescent,110,Dog Domestication,12
-4875,initial,110,Old urkalan Tribe,Fertile Crescent,111,Grinding Stones,12
-4875,initial,110,Old urkalan Tribe,Fertile Crescent,116,Charcoal Firing,12
-4875,initial,110,Old urkalan Tribe,Fertile Crescent,119,Native Copper Working,12
-4875,initial,110,Old urkalan Tribe,Fertile Crescent,4,Mining,12
-4875,initial,110,Old urkalan Tribe,Fertile Crescent,3,Archery,12
-4860,initial,111,Old solnaromland Tribe,Monsoon Coastal,100,Cordage and Knots,19
-4860,initial,111,Old solnaromland Tribe,Monsoon Coastal,101,Hide Working and Tailored Clothing,19
-4860,initial,111,Old solnaromland Tribe,Monsoon Coastal,102,Hafted Stone Tools,19
-4860,initial,111,Old solnaromland Tribe,Monsoon Coastal,104,Fishing Technology,19
-4860,initial,111,Old solnaromland Tribe,Monsoon Coastal,105,Food Preservation,19
-4860,initial,111,Old solnaromland Tribe,Monsoon Coastal,106,Storage Pits and Containers,19
-4860,initial,111,Old solnaromland Tribe,Monsoon Coastal,107,Seasonal Aggregation Camps,19
-4860,initial,111,Old solnaromland Tribe,Monsoon Coastal,108,Watercraft,19
-4860,initial,111,Old solnaromland Tribe,Monsoon Coastal,110,Dog Domestication,19
-4860,initial,111,Old solnaromland Tribe,Monsoon Coastal,111,Grinding Stones,19
-4860,initial,111,Old solnaromland Tribe,Monsoon Coastal,112,Proto-cultivation,19
-4860,initial,111,Old solnaromland Tribe,Monsoon Coastal,113,Sedentism,19
-4860,initial,111,Old solnaromland Tribe,Monsoon Coastal,114,Enclosures and Herd Management,19
-4860,initial,111,Old solnaromland Tribe,Monsoon Coastal,116,Charcoal Firing,19
-4860,initial,111,Old solnaromland Tribe,Monsoon Coastal,1,Pottery,19
-4860,initial,111,Old solnaromland Tribe,Monsoon Coastal,20,Agriculture,19
-4860,initial,111,Old solnaromland Tribe,Monsoon Coastal,3,Archery,19
-4860,initial,111,Old solnaromland Tribe,Monsoon Coastal,5,Sailing,19
-4860,initial,111,Old solnaromland Tribe,Monsoon Coastal,6,Calendar,19
-4850,initial,112,Randuszenstan Tribe,Eastern Woodland,100,Cordage and Knots,8
-4850,initial,112,Randuszenstan Tribe,Eastern Woodland,101,Hide Working and Tailored Clothing,8
-4850,initial,112,Randuszenstan Tribe,Eastern Woodland,102,Hafted Stone Tools,8
-4850,initial,112,Randuszenstan Tribe,Eastern Woodland,105,Food Preservation,8
-4850,initial,112,Randuszenstan Tribe,Eastern Woodland,106,Storage Pits and Containers,8
-4850,initial,112,Randuszenstan Tribe,Eastern Woodland,107,Seasonal Aggregation Camps,8
-4850,initial,112,Randuszenstan Tribe,Eastern Woodland,111,Grinding Stones,8
-4850,initial,112,Randuszenstan Tribe,Eastern Woodland,3,Archery,8
-4850,initial,113,New kannaldesh Tribe,Indic Riverine,100,Cordage and Knots,17
-4850,initial,113,New kannaldesh Tribe,Indic Riverine,101,Hide Working and Tailored Clothing,17
-4850,initial,113,New kannaldesh Tribe,Indic Riverine,102,Hafted Stone Tools,17
-4850,initial,113,New kannaldesh Tribe,Indic Riverine,105,Food Preservation,17
-4850,initial,113,New kannaldesh Tribe,Indic Riverine,106,Storage Pits and Containers,17
-4850,initial,113,New kannaldesh Tribe,Indic Riverine,107,Seasonal Aggregation Camps,17
-4850,initial,113,New kannaldesh Tribe,Indic Riverine,110,Dog Domestication,17
-4850,initial,113,New kannaldesh Tribe,Indic Riverine,111,Grinding Stones,17
-4850,initial,113,New kannaldesh Tribe,Indic Riverine,112,Proto-cultivation,17
-4850,initial,113,New kannaldesh Tribe,Indic Riverine,113,Sedentism,17
-4850,initial,113,New kannaldesh Tribe,Indic Riverine,114,Enclosures and Herd Management,17
-4850,initial,113,New kannaldesh Tribe,Indic Riverine,115,Counting Tokens and Tallies,17
-4850,initial,113,New kannaldesh Tribe,Indic Riverine,116,Charcoal Firing,17
-4850,initial,113,New kannaldesh Tribe,Indic Riverine,1,Pottery,17
-4850,initial,113,New kannaldesh Tribe,Indic Riverine,4,Mining,17
-4850,initial,113,New kannaldesh Tribe,Indic Riverine,3,Archery,17
-4850,initial,113,New kannaldesh Tribe,Indic Riverine,6,Calendar,17
-4825,initial,114,New linhanshan Tribe,East Riverine,100,Cordage and Knots,10
-4825,initial,114,New linhanshan Tribe,East Riverine,101,Hide Working and Tailored Clothing,10
-4825,initial,114,New linhanshan Tribe,East Riverine,102,Hafted Stone Tools,10
-4825,initial,114,New linhanshan Tribe,East Riverine,105,Food Preservation,10
-4825,initial,114,New linhanshan Tribe,East Riverine,106,Storage Pits and Containers,10
-4825,initial,114,New linhanshan Tribe,East Riverine,107,Seasonal Aggregation Camps,10
-4825,initial,114,New linhanshan Tribe,East Riverine,110,Dog Domestication,10
-4825,initial,114,New linhanshan Tribe,East Riverine,111,Grinding Stones,10
-4825,initial,114,New linhanshan Tribe,East Riverine,116,Charcoal Firing,10
-4825,initial,114,New linhanshan Tribe,East Riverine,3,Archery,10
-4815,initial,115,Great eshurarar Tribe,Fertile Crescent,100,Cordage and Knots,12
-4815,initial,115,Great eshurarar Tribe,Fertile Crescent,101,Hide Working and Tailored Clothing,12
-4815,initial,115,Great eshurarar Tribe,Fertile Crescent,102,Hafted Stone Tools,12
-4815,initial,115,Great eshurarar Tribe,Fertile Crescent,105,Food Preservation,12
-4815,initial,115,Great eshurarar Tribe,Fertile Crescent,106,Storage Pits and Containers,12
-4815,initial,115,Great eshurarar Tribe,Fertile Crescent,107,Seasonal Aggregation Camps,12
-4815,initial,115,Great eshurarar Tribe,Fertile Crescent,110,Dog Domestication,12
-4815,initial,115,Great eshurarar Tribe,Fertile Crescent,111,Grinding Stones,12
-4815,initial,115,Great eshurarar Tribe,Fertile Crescent,116,Charcoal Firing,12
-4815,initial,115,Great eshurarar Tribe,Fertile Crescent,119,Native Copper Working,12
-4815,initial,115,Great eshurarar Tribe,Fertile Crescent,4,Mining,12
-4815,initial,115,Great eshurarar Tribe,Fertile Crescent,3,Archery,12
-4800,initial,116,Great ashashbelum Tribe,Fertile Crescent,100,Cordage and Knots,12
-4800,initial,116,Great ashashbelum Tribe,Fertile Crescent,101,Hide Working and Tailored Clothing,12
-4800,initial,116,Great ashashbelum Tribe,Fertile Crescent,102,Hafted Stone Tools,12
-4800,initial,116,Great ashashbelum Tribe,Fertile Crescent,105,Food Preservation,12
-4800,initial,116,Great ashashbelum Tribe,Fertile Crescent,106,Storage Pits and Containers,12
-4800,initial,116,Great ashashbelum Tribe,Fertile Crescent,107,Seasonal Aggregation Camps,12
-4800,initial,116,Great ashashbelum Tribe,Fertile Crescent,110,Dog Domestication,12
-4800,initial,116,Great ashashbelum Tribe,Fertile Crescent,111,Grinding Stones,12
-4800,initial,116,Great ashashbelum Tribe,Fertile Crescent,116,Charcoal Firing,12
-4800,initial,116,Great ashashbelum Tribe,Fertile Crescent,119,Native Copper Working,12
-4800,initial,116,Great ashashbelum Tribe,Fertile Crescent,4,Mining,12
-4800,initial,116,Great ashashbelum Tribe,Fertile Crescent,3,Archery,12
-4770,initial,117,Old lizhominling Tribe,East Riverine,100,Cordage and Knots,10
-4770,initial,117,Old lizhominling Tribe,East Riverine,101,Hide Working and Tailored Clothing,10
-4770,initial,117,Old lizhominling Tribe,East Riverine,102,Hafted Stone Tools,10
-4770,initial,117,Old lizhominling Tribe,East Riverine,105,Food Preservation,10
-4770,initial,117,Old lizhominling Tribe,East Riverine,106,Storage Pits and Containers,10
-4770,initial,117,Old lizhominling Tribe,East Riverine,107,Seasonal Aggregation Camps,10
-4770,initial,117,Old lizhominling Tribe,East Riverine,110,Dog Domestication,10
-4770,initial,117,Old lizhominling Tribe,East Riverine,111,Grinding Stones,10
-4770,initial,117,Old lizhominling Tribe,East Riverine,116,Charcoal Firing,10
-4770,initial,117,Old lizhominling Tribe,East Riverine,3,Archery,10
-4745,initial,118,Old hantailing Tribe,East Riverine,100,Cordage and Knots,10
-4745,initial,118,Old hantailing Tribe,East Riverine,101,Hide Working and Tailored Clothing,10
-4745,initial,118,Old hantailing Tribe,East Riverine,102,Hafted Stone Tools,10
-4745,initial,118,Old hantailing Tribe,East Riverine,105,Food Preservation,10
-4745,initial,118,Old hantailing Tribe,East Riverine,106,Storage Pits and Containers,10
-4745,initial,118,Old hantailing Tribe,East Riverine,107,Seasonal Aggregation Camps,10
-4745,initial,118,Old hantailing Tribe,East Riverine,110,Dog Domestication,10
-4745,initial,118,Old hantailing Tribe,East Riverine,111,Grinding Stones,10
-4745,initial,118,Old hantailing Tribe,East Riverine,116,Charcoal Firing,10
-4745,initial,118,Old hantailing Tribe,East Riverine,3,Archery,10
-4740,initial,119,New suyupachyu Tribe,Andean Highland,100,Cordage and Knots,10
-4740,initial,119,New suyupachyu Tribe,Andean Highland,101,Hide Working and Tailored Clothing,10
-4740,initial,119,New suyupachyu Tribe,Andean Highland,102,Hafted Stone Tools,10
-4740,initial,119,New suyupachyu Tribe,Andean Highland,105,Food Preservation,10
-4740,initial,119,New suyupachyu Tribe,Andean Highland,106,Storage Pits and Containers,10
-4740,initial,119,New suyupachyu Tribe,Andean Highland,107,Seasonal Aggregation Camps,10
-4740,initial,119,New suyupachyu Tribe,Andean Highland,111,Grinding Stones,10
-4740,initial,119,New suyupachyu Tribe,Andean Highland,116,Charcoal Firing,10
-4740,initial,119,New suyupachyu Tribe,Andean Highland,4,Mining,10
-4740,initial,119,New suyupachyu Tribe,Andean Highland,3,Archery,10
-4725,initial,120,Old ayallaqintimarca Tribe,Andean Highland,100,Cordage and Knots,10
-4725,initial,120,Old ayallaqintimarca Tribe,Andean Highland,101,Hide Working and Tailored Clothing,10
-4725,initial,120,Old ayallaqintimarca Tribe,Andean Highland,102,Hafted Stone Tools,10
-4725,initial,120,Old ayallaqintimarca Tribe,Andean Highland,105,Food Preservation,10
-4725,initial,120,Old ayallaqintimarca Tribe,Andean Highland,106,Storage Pits and Containers,10
-4725,initial,120,Old ayallaqintimarca Tribe,Andean Highland,107,Seasonal Aggregation Camps,10
-4725,initial,120,Old ayallaqintimarca Tribe,Andean Highland,111,Grinding Stones,10
-4725,initial,120,Old ayallaqintimarca Tribe,Andean Highland,116,Charcoal Firing,10
-4725,initial,120,Old ayallaqintimarca Tribe,Andean Highland,4,Mining,10
-4725,initial,120,Old ayallaqintimarca Tribe,Andean Highland,3,Archery,10
-4700,initial,121,North sollinland Kingdom,Western Plains,100,Cordage and Knots,9
-4700,initial,121,North sollinland Kingdom,Western Plains,101,Hide Working and Tailored Clothing,9
-4700,initial,121,North sollinland Kingdom,Western Plains,102,Hafted Stone Tools,9
-4700,initial,121,North sollinland Kingdom,Western Plains,105,Food Preservation,9
-4700,initial,121,North sollinland Kingdom,Western Plains,106,Storage Pits and Containers,9
-4700,initial,121,North sollinland Kingdom,Western Plains,107,Seasonal Aggregation Camps,9
-4700,initial,121,North sollinland Kingdom,Western Plains,111,Grinding Stones,9
-4700,initial,121,North sollinland Kingdom,Western Plains,4,Mining,9
-4700,initial,121,North sollinland Kingdom,Western Plains,3,Archery,9
-4565,initial,122,Great ninkal Tribe,Fertile Crescent,100,Cordage and Knots,12
-4565,initial,122,Great ninkal Tribe,Fertile Crescent,101,Hide Working and Tailored Clothing,12
-4565,initial,122,Great ninkal Tribe,Fertile Crescent,102,Hafted Stone Tools,12
-4565,initial,122,Great ninkal Tribe,Fertile Crescent,105,Food Preservation,12
-4565,initial,122,Great ninkal Tribe,Fertile Crescent,106,Storage Pits and Containers,12
-4565,initial,122,Great ninkal Tribe,Fertile Crescent,107,Seasonal Aggregation Camps,12
-4565,initial,122,Great ninkal Tribe,Fertile Crescent,110,Dog Domestication,12
-4565,initial,122,Great ninkal Tribe,Fertile Crescent,111,Grinding Stones,12
-4565,initial,122,Great ninkal Tribe,Fertile Crescent,116,Charcoal Firing,12
-4565,initial,122,Great ninkal Tribe,Fertile Crescent,119,Native Copper Working,12
-4565,initial,122,Great ninkal Tribe,Fertile Crescent,4,Mining,12
-4565,initial,122,Great ninkal Tribe,Fertile Crescent,3,Archery,12
-4535,initial,123,Old viaranland Tribe,Eastern Woodland,100,Cordage and Knots,9
-4535,initial,123,Old viaranland Tribe,Eastern Woodland,101,Hide Working and Tailored Clothing,9
-4535,initial,123,Old viaranland Tribe,Eastern Woodland,102,Hafted Stone Tools,9
-4535,initial,123,Old viaranland Tribe,Eastern Woodland,105,Food Preservation,9
-4535,initial,123,Old viaranland Tribe,Eastern Woodland,106,Storage Pits and Containers,9
-4535,initial,123,Old viaranland Tribe,Eastern Woodland,107,Seasonal Aggregation Camps,9
-4535,initial,123,Old viaranland Tribe,Eastern Woodland,111,Grinding Stones,9
-4535,initial,123,Old viaranland Tribe,Eastern Woodland,4,Mining,9
-4535,initial,123,Old viaranland Tribe,Eastern Woodland,3,Archery,9
-4480,initial,124,North beltergrad Kingdom,Western Plains,100,Cordage and Knots,8
-4480,initial,124,North beltergrad Kingdom,Western Plains,101,Hide Working and Tailored Clothing,8
-4480,initial,124,North beltergrad Kingdom,Western Plains,102,Hafted Stone Tools,8
-4480,initial,124,North beltergrad Kingdom,Western Plains,105,Food Preservation,8
-4480,initial,124,North beltergrad Kingdom,Western Plains,106,Storage Pits and Containers,8
-4480,initial,124,North beltergrad Kingdom,Western Plains,107,Seasonal Aggregation Camps,8
-4480,initial,124,North beltergrad Kingdom,Western Plains,111,Grinding Stones,8
-4480,initial,124,North beltergrad Kingdom,Western Plains,3,Archery,8
-4345,initial,125,Great ninninum Kingdom,Fertile Crescent,100,Cordage and Knots,10
-4345,initial,125,Great ninninum Kingdom,Fertile Crescent,101,Hide Working and Tailored Clothing,10
-4345,initial,125,Great ninninum Kingdom,Fertile Crescent,102,Hafted Stone Tools,10
-4345,initial,125,Great ninninum Kingdom,Fertile Crescent,105,Food Preservation,10
-4345,initial,125,Great ninninum Kingdom,Fertile Crescent,106,Storage Pits and Containers,10
-4345,initial,125,Great ninninum Kingdom,Fertile Crescent,107,Seasonal Aggregation Camps,10
-4345,initial,125,Great ninninum Kingdom,Fertile Crescent,110,Dog Domestication,10
-4345,initial,125,Great ninninum Kingdom,Fertile Crescent,111,Grinding Stones,10
-4345,initial,125,Great ninninum Kingdom,Fertile Crescent,116,Charcoal Firing,10
-4345,initial,125,Great ninninum Kingdom,Fertile Crescent,3,Archery,10
-4340,initial,126,Drasur Tribe,Indic Riverine,100,Cordage and Knots,11
-4340,initial,126,Drasur Tribe,Indic Riverine,101,Hide Working and Tailored Clothing,11
-4340,initial,126,Drasur Tribe,Indic Riverine,102,Hafted Stone Tools,11
-4340,initial,126,Drasur Tribe,Indic Riverine,105,Food Preservation,11
-4340,initial,126,Drasur Tribe,Indic Riverine,106,Storage Pits and Containers,11
-4340,initial,126,Drasur Tribe,Indic Riverine,107,Seasonal Aggregation Camps,11
-4340,initial,126,Drasur Tribe,Indic Riverine,110,Dog Domestication,11
-4340,initial,126,Drasur Tribe,Indic Riverine,111,Grinding Stones,11
-4340,initial,126,Drasur Tribe,Indic Riverine,116,Charcoal Firing,11
-4340,initial,126,Drasur Tribe,Indic Riverine,4,Mining,11
-4340,initial,126,Drasur Tribe,Indic Riverine,3,Archery,11
-4285,initial,127,Bellinnagrad Tribe,Eastern Woodland,100,Cordage and Knots,8
-4285,initial,127,Bellinnagrad Tribe,Eastern Woodland,101,Hide Working and Tailored Clothing,8
-4285,initial,127,Bellinnagrad Tribe,Eastern Woodland,102,Hafted Stone Tools,8
-4285,initial,127,Bellinnagrad Tribe,Eastern Woodland,105,Food Preservation,8
-4285,initial,127,Bellinnagrad Tribe,Eastern Woodland,106,Storage Pits and Containers,8
-4285,initial,127,Bellinnagrad Tribe,Eastern Woodland,107,Seasonal Aggregation Camps,8
-4285,initial,127,Bellinnagrad Tribe,Eastern Woodland,111,Grinding Stones,8
-4285,initial,127,Bellinnagrad Tribe,Eastern Woodland,3,Archery,8
-4275,initial,128,New taixialing Tribe,East Riverine,100,Cordage and Knots,10
-4275,initial,128,New taixialing Tribe,East Riverine,101,Hide Working and Tailored Clothing,10
-4275,initial,128,New taixialing Tribe,East Riverine,102,Hafted Stone Tools,10
-4275,initial,128,New taixialing Tribe,East Riverine,105,Food Preservation,10
-4275,initial,128,New taixialing Tribe,East Riverine,106,Storage Pits and Containers,10
-4275,initial,128,New taixialing Tribe,East Riverine,107,Seasonal Aggregation Camps,10
-4275,initial,128,New taixialing Tribe,East Riverine,110,Dog Domestication,10
-4275,initial,128,New taixialing Tribe,East Riverine,111,Grinding Stones,10
-4275,initial,128,New taixialing Tribe,East Riverine,116,Charcoal Firing,10
-4275,initial,128,New taixialing Tribe,East Riverine,3,Archery,10
-4270,initial,129,New shavia Tribe,Indic Riverine,100,Cordage and Knots,10
-4270,initial,129,New shavia Tribe,Indic Riverine,101,Hide Working and Tailored Clothing,10
-4270,initial,129,New shavia Tribe,Indic Riverine,102,Hafted Stone Tools,10
-4270,initial,129,New shavia Tribe,Indic Riverine,105,Food Preservation,10
-4270,initial,129,New shavia Tribe,Indic Riverine,106,Storage Pits and Containers,10
-4270,initial,129,New shavia Tribe,Indic Riverine,107,Seasonal Aggregation Camps,10
-4270,initial,129,New shavia Tribe,Indic Riverine,110,Dog Domestication,10
-4270,initial,129,New shavia Tribe,Indic Riverine,111,Grinding Stones,10
-4270,initial,129,New shavia Tribe,Indic Riverine,116,Charcoal Firing,10
-4270,initial,129,New shavia Tribe,Indic Riverine,3,Archery,10
-4195,initial,130,Old ursamum Tribe,Fertile Crescent,100,Cordage and Knots,12
-4195,initial,130,Old ursamum Tribe,Fertile Crescent,101,Hide Working and Tailored Clothing,12
-4195,initial,130,Old ursamum Tribe,Fertile Crescent,102,Hafted Stone Tools,12
-4195,initial,130,Old ursamum Tribe,Fertile Crescent,105,Food Preservation,12
-4195,initial,130,Old ursamum Tribe,Fertile Crescent,106,Storage Pits and Containers,12
-4195,initial,130,Old ursamum Tribe,Fertile Crescent,107,Seasonal Aggregation Camps,12
-4195,initial,130,Old ursamum Tribe,Fertile Crescent,110,Dog Domestication,12
-4195,initial,130,Old ursamum Tribe,Fertile Crescent,111,Grinding Stones,12
-4195,initial,130,Old ursamum Tribe,Fertile Crescent,116,Charcoal Firing,12
-4195,initial,130,Old ursamum Tribe,Fertile Crescent,119,Native Copper Working,12
-4195,initial,130,Old ursamum Tribe,Fertile Crescent,4,Mining,12
-4195,initial,130,Old ursamum Tribe,Fertile Crescent,3,Archery,12
-4040,initial,131,Old ranui Tribe,Oceanic Navigators,100,Cordage and Knots,7
-4040,initial,131,Old ranui Tribe,Oceanic Navigators,101,Hide Working and Tailored Clothing,7
-4040,initial,131,Old ranui Tribe,Oceanic Navigators,102,Hafted Stone Tools,7
-4040,initial,131,Old ranui Tribe,Oceanic Navigators,105,Food Preservation,7
-4040,initial,131,Old ranui Tribe,Oceanic Navigators,106,Storage Pits and Containers,7
-4040,initial,131,Old ranui Tribe,Oceanic Navigators,107,Seasonal Aggregation Camps,7
-4040,initial,131,Old ranui Tribe,Oceanic Navigators,3,Archery,7
-4030,initial,132,North qinweiling Kingdom,East Riverine,100,Cordage and Knots,10
-4030,initial,132,North qinweiling Kingdom,East Riverine,101,Hide Working and Tailored Clothing,10
-4030,initial,132,North qinweiling Kingdom,East Riverine,102,Hafted Stone Tools,10
-4030,initial,132,North qinweiling Kingdom,East Riverine,105,Food Preservation,10
-4030,initial,132,North qinweiling Kingdom,East Riverine,106,Storage Pits and Containers,10
-4030,initial,132,North qinweiling Kingdom,East Riverine,107,Seasonal Aggregation Camps,10
-4030,initial,132,North qinweiling Kingdom,East Riverine,110,Dog Domestication,10
-4030,initial,132,North qinweiling Kingdom,East Riverine,111,Grinding Stones,10
-4030,initial,132,North qinweiling Kingdom,East Riverine,116,Charcoal Firing,10
-4030,initial,132,North qinweiling Kingdom,East Riverine,3,Archery,10
-4010,initial,133,New rasur Kingdom,Indic Riverine,100,Cordage and Knots,10
-4010,initial,133,New rasur Kingdom,Indic Riverine,101,Hide Working and Tailored Clothing,10
-4010,initial,133,New rasur Kingdom,Indic Riverine,102,Hafted Stone Tools,10
-4010,initial,133,New rasur Kingdom,Indic Riverine,105,Food Preservation,10
-4010,initial,133,New rasur Kingdom,Indic Riverine,106,Storage Pits and Containers,10
-4010,initial,133,New rasur Kingdom,Indic Riverine,107,Seasonal Aggregation Camps,10
-4010,initial,133,New rasur Kingdom,Indic Riverine,110,Dog Domestication,10
-4010,initial,133,New rasur Kingdom,Indic Riverine,111,Grinding Stones,10
-4010,initial,133,New rasur Kingdom,Indic Riverine,116,Charcoal Firing,10
-4010,initial,133,New rasur Kingdom,Indic Riverine,3,Archery,10
-3955,initial,134,New barureshan Kingdom,Fertile Crescent,100,Cordage and Knots,10
-3955,initial,134,New barureshan Kingdom,Fertile Crescent,101,Hide Working and Tailored Clothing,10
-3955,initial,134,New barureshan Kingdom,Fertile Crescent,102,Hafted Stone Tools,10
-3955,initial,134,New barureshan Kingdom,Fertile Crescent,105,Food Preservation,10
-3955,initial,134,New barureshan Kingdom,Fertile Crescent,106,Storage Pits and Containers,10
-3955,initial,134,New barureshan Kingdom,Fertile Crescent,107,Seasonal Aggregation Camps,10
-3955,initial,134,New barureshan Kingdom,Fertile Crescent,110,Dog Domestication,10
-3955,initial,134,New barureshan Kingdom,Fertile Crescent,111,Grinding Stones,10
-3955,initial,134,New barureshan Kingdom,Fertile Crescent,116,Charcoal Firing,10
-3955,initial,134,New barureshan Kingdom,Fertile Crescent,3,Archery,10
-3950,initial,135,Rasurshadesh Tribe,Indic Riverine,100,Cordage and Knots,10
-3950,initial,135,Rasurshadesh Tribe,Indic Riverine,101,Hide Working and Tailored Clothing,10
-3950,initial,135,Rasurshadesh Tribe,Indic Riverine,102,Hafted Stone Tools,10
-3950,initial,135,Rasurshadesh Tribe,Indic Riverine,105,Food Preservation,10
-3950,initial,135,Rasurshadesh Tribe,Indic Riverine,106,Storage Pits and Containers,10
-3950,initial,135,Rasurshadesh Tribe,Indic Riverine,107,Seasonal Aggregation Camps,10
-3950,initial,135,Rasurshadesh Tribe,Indic Riverine,110,Dog Domestication,10
-3950,initial,135,Rasurshadesh Tribe,Indic Riverine,111,Grinding Stones,10
-3950,initial,135,Rasurshadesh Tribe,Indic Riverine,116,Charcoal Firing,10
-3950,initial,135,Rasurshadesh Tribe,Indic Riverine,3,Archery,10
-3935,initial,136,Old nalvarvarnagar Kingdom,Indic Riverine,100,Cordage and Knots,11
-3935,initial,136,Old nalvarvarnagar Kingdom,Indic Riverine,101,Hide Working and Tailored Clothing,11
-3935,initial,136,Old nalvarvarnagar Kingdom,Indic Riverine,102,Hafted Stone Tools,11
-3935,initial,136,Old nalvarvarnagar Kingdom,Indic Riverine,105,Food Preservation,11
-3935,initial,136,Old nalvarvarnagar Kingdom,Indic Riverine,106,Storage Pits and Containers,11
-3935,initial,136,Old nalvarvarnagar Kingdom,Indic Riverine,107,Seasonal Aggregation Camps,11
-3935,initial,136,Old nalvarvarnagar Kingdom,Indic Riverine,110,Dog Domestication,11
-3935,initial,136,Old nalvarvarnagar Kingdom,Indic Riverine,111,Grinding Stones,11
-3935,initial,136,Old nalvarvarnagar Kingdom,Indic Riverine,116,Charcoal Firing,11
-3935,initial,136,Old nalvarvarnagar Kingdom,Indic Riverine,4,Mining,11
-3935,initial,136,Old nalvarvarnagar Kingdom,Indic Riverine,3,Archery,11
-3920,initial,137,Old zhoxiazho Kingdom,East Riverine,100,Cordage and Knots,10
-3920,initial,137,Old zhoxiazho Kingdom,East Riverine,101,Hide Working and Tailored Clothing,10
-3920,initial,137,Old zhoxiazho Kingdom,East Riverine,102,Hafted Stone Tools,10
-3920,initial,137,Old zhoxiazho Kingdom,East Riverine,105,Food Preservation,10
-3920,initial,137,Old zhoxiazho Kingdom,East Riverine,106,Storage Pits and Containers,10
-3920,initial,137,Old zhoxiazho Kingdom,East Riverine,107,Seasonal Aggregation Camps,10
-3920,initial,137,Old zhoxiazho Kingdom,East Riverine,110,Dog Domestication,10
-3920,initial,137,Old zhoxiazho Kingdom,East Riverine,111,Grinding Stones,10
-3920,initial,137,Old zhoxiazho Kingdom,East Riverine,116,Charcoal Firing,10
-3920,initial,137,Old zhoxiazho Kingdom,East Riverine,3,Archery,10
-3910,initial,138,New linduster Tribe,Western Plains,100,Cordage and Knots,8
-3910,initial,138,New linduster Tribe,Western Plains,101,Hide Working and Tailored Clothing,8
-3910,initial,138,New linduster Tribe,Western Plains,102,Hafted Stone Tools,8
-3910,initial,138,New linduster Tribe,Western Plains,105,Food Preservation,8
-3910,initial,138,New linduster Tribe,Western Plains,106,Storage Pits and Containers,8
-3910,initial,138,New linduster Tribe,Western Plains,107,Seasonal Aggregation Camps,8
-3910,initial,138,New linduster Tribe,Western Plains,111,Grinding Stones,8
-3910,initial,138,New linduster Tribe,Western Plains,3,Archery,8
-3890,initial,139,North llaqsuyumarca Tribe,Andean Highland,100,Cordage and Knots,10
-3890,initial,139,North llaqsuyumarca Tribe,Andean Highland,101,Hide Working and Tailored Clothing,10
-3890,initial,139,North llaqsuyumarca Tribe,Andean Highland,102,Hafted Stone Tools,10
-3890,initial,139,North llaqsuyumarca Tribe,Andean Highland,105,Food Preservation,10
-3890,initial,139,North llaqsuyumarca Tribe,Andean Highland,106,Storage Pits and Containers,10
-3890,initial,139,North llaqsuyumarca Tribe,Andean Highland,107,Seasonal Aggregation Camps,10
-3890,initial,139,North llaqsuyumarca Tribe,Andean Highland,111,Grinding Stones,10
-3890,initial,139,North llaqsuyumarca Tribe,Andean Highland,116,Charcoal Firing,10
-3890,initial,139,North llaqsuyumarca Tribe,Andean Highland,4,Mining,10
-3890,initial,139,North llaqsuyumarca Tribe,Andean Highland,3,Archery,10
-3815,initial,140,South soldusviaia Tribe,Steppe Nomadic,100,Cordage and Knots,9
-3815,initial,140,South soldusviaia Tribe,Steppe Nomadic,101,Hide Working and Tailored Clothing,9
-3815,initial,140,South soldusviaia Tribe,Steppe Nomadic,102,Hafted Stone Tools,9
-3815,initial,140,South soldusviaia Tribe,Steppe Nomadic,105,Food Preservation,9
-3815,initial,140,South soldusviaia Tribe,Steppe Nomadic,106,Storage Pits and Containers,9
-3815,initial,140,South soldusviaia Tribe,Steppe Nomadic,107,Seasonal Aggregation Camps,9
-3815,initial,140,South soldusviaia Tribe,Steppe Nomadic,110,Dog Domestication,9
-3815,initial,140,South soldusviaia Tribe,Steppe Nomadic,111,Grinding Stones,9
-3815,initial,140,South soldusviaia Tribe,Steppe Nomadic,3,Archery,9
-3790,initial,141,Rasurdra Kingdom,Indic Riverine,100,Cordage and Knots,10
-3790,initial,141,Rasurdra Kingdom,Indic Riverine,101,Hide Working and Tailored Clothing,10
-3790,initial,141,Rasurdra Kingdom,Indic Riverine,102,Hafted Stone Tools,10
-3790,initial,141,Rasurdra Kingdom,Indic Riverine,105,Food Preservation,10
-3790,initial,141,Rasurdra Kingdom,Indic Riverine,106,Storage Pits and Containers,10
-3790,initial,141,Rasurdra Kingdom,Indic Riverine,107,Seasonal Aggregation Camps,10
-3790,initial,141,Rasurdra Kingdom,Indic Riverine,110,Dog Domestication,10
-3790,initial,141,Rasurdra Kingdom,Indic Riverine,111,Grinding Stones,10
-3790,initial,141,Rasurdra Kingdom,Indic Riverine,116,Charcoal Firing,10
-3790,initial,141,Rasurdra Kingdom,Indic Riverine,3,Archery,10
-3765,initial,142,Qoritupintiyu Tribe,Andean Highland,100,Cordage and Knots,9
-3765,initial,142,Qoritupintiyu Tribe,Andean Highland,101,Hide Working and Tailored Clothing,9
-3765,initial,142,Qoritupintiyu Tribe,Andean Highland,102,Hafted Stone Tools,9
-3765,initial,142,Qoritupintiyu Tribe,Andean Highland,105,Food Preservation,9
-3765,initial,142,Qoritupintiyu Tribe,Andean Highland,106,Storage Pits and Containers,9
-3765,initial,142,Qoritupintiyu Tribe,Andean Highland,107,Seasonal Aggregation Camps,9
-3765,initial,142,Qoritupintiyu Tribe,Andean Highland,111,Grinding Stones,9
-3765,initial,142,Qoritupintiyu Tribe,Andean Highland,116,Charcoal Firing,9
-3765,initial,142,Qoritupintiyu Tribe,Andean Highland,3,Archery,9
-3747,unlock,69,Kingdom of South temtolxocco,Mesoamerican,104,Fishing Technology,14
-3720,initial,143,Old qinlizhou Tribe,East Riverine,100,Cordage and Knots,11
-3720,initial,143,Old qinlizhou Tribe,East Riverine,101,Hide Working and Tailored Clothing,11
-3720,initial,143,Old qinlizhou Tribe,East Riverine,102,Hafted Stone Tools,11
-3720,initial,143,Old qinlizhou Tribe,East Riverine,105,Food Preservation,11
-3720,initial,143,Old qinlizhou Tribe,East Riverine,106,Storage Pits and Containers,11
-3720,initial,143,Old qinlizhou Tribe,East Riverine,107,Seasonal Aggregation Camps,11
-3720,initial,143,Old qinlizhou Tribe,East Riverine,110,Dog Domestication,11
-3720,initial,143,Old qinlizhou Tribe,East Riverine,111,Grinding Stones,11
-3720,initial,143,Old qinlizhou Tribe,East Riverine,116,Charcoal Firing,11
-3720,initial,143,Old qinlizhou Tribe,East Riverine,4,Mining,11
-3720,initial,143,Old qinlizhou Tribe,East Riverine,3,Archery,11
-3690,unlock,42,New duslinstan Tribe,Monsoon Coastal,10,Irrigation,19
-3670,initial,144,Old kuskusa Kingdom,Andean Highland,100,Cordage and Knots,10
-3670,initial,144,Old kuskusa Kingdom,Andean Highland,101,Hide Working and Tailored Clothing,10
-3670,initial,144,Old kuskusa Kingdom,Andean Highland,102,Hafted Stone Tools,10
-3670,initial,144,Old kuskusa Kingdom,Andean Highland,105,Food Preservation,10
-3670,initial,144,Old kuskusa Kingdom,Andean Highland,106,Storage Pits and Containers,10
-3670,initial,144,Old kuskusa Kingdom,Andean Highland,107,Seasonal Aggregation Camps,10
-3670,initial,144,Old kuskusa Kingdom,Andean Highland,111,Grinding Stones,10
-3670,initial,144,Old kuskusa Kingdom,Andean Highland,116,Charcoal Firing,10
-3670,initial,144,Old kuskusa Kingdom,Andean Highland,4,Mining,10
-3670,initial,144,Old kuskusa Kingdom,Andean Highland,3,Archery,10
-3666,unlock,69,Kingdom of South temtolxocco,Mesoamerican,103,Bone and Antler Tools,15
-3652,unlock,42,New duslinstan Tribe,Monsoon Coastal,103,Bone and Antler Tools,20
-3645,initial,145,North sambararum Kingdom,Fertile Crescent,100,Cordage and Knots,10
-3645,initial,145,North sambararum Kingdom,Fertile Crescent,101,Hide Working and Tailored Clothing,10
-3645,initial,145,North sambararum Kingdom,Fertile Crescent,102,Hafted Stone Tools,10
-3645,initial,145,North sambararum Kingdom,Fertile Crescent,105,Food Preservation,10
-3645,initial,145,North sambararum Kingdom,Fertile Crescent,106,Storage Pits and Containers,10
-3645,initial,145,North sambararum Kingdom,Fertile Crescent,107,Seasonal Aggregation Camps,10
-3645,initial,145,North sambararum Kingdom,Fertile Crescent,110,Dog Domestication,10
-3645,initial,145,North sambararum Kingdom,Fertile Crescent,111,Grinding Stones,10
-3645,initial,145,North sambararum Kingdom,Fertile Crescent,116,Charcoal Firing,10
-3645,initial,145,North sambararum Kingdom,Fertile Crescent,3,Archery,10
-3605,initial,146,Great qoripachrumyu Tribe,Andean Highland,100,Cordage and Knots,9
-3605,initial,146,Great qoripachrumyu Tribe,Andean Highland,101,Hide Working and Tailored Clothing,9
-3605,initial,146,Great qoripachrumyu Tribe,Andean Highland,102,Hafted Stone Tools,9
-3605,initial,146,Great qoripachrumyu Tribe,Andean Highland,105,Food Preservation,9
-3605,initial,146,Great qoripachrumyu Tribe,Andean Highland,106,Storage Pits and Containers,9
-3605,initial,146,Great qoripachrumyu Tribe,Andean Highland,107,Seasonal Aggregation Camps,9
-3605,initial,146,Great qoripachrumyu Tribe,Andean Highland,111,Grinding Stones,9
-3605,initial,146,Great qoripachrumyu Tribe,Andean Highland,116,Charcoal Firing,9
-3605,initial,146,Great qoripachrumyu Tribe,Andean Highland,3,Archery,9
-3596,unlock,69,Kingdom of South temtolxocco,Mesoamerican,110,Dog Domestication,16
-3595,initial,147,South romzenran Kingdom,Steppe Nomadic,100,Cordage and Knots,9
-3595,initial,147,South romzenran Kingdom,Steppe Nomadic,101,Hide Working and Tailored Clothing,9
-3595,initial,147,South romzenran Kingdom,Steppe Nomadic,102,Hafted Stone Tools,9
-3595,initial,147,South romzenran Kingdom,Steppe Nomadic,105,Food Preservation,9
-3595,initial,147,South romzenran Kingdom,Steppe Nomadic,106,Storage Pits and Containers,9
-3595,initial,147,South romzenran Kingdom,Steppe Nomadic,107,Seasonal Aggregation Camps,9
-3595,initial,147,South romzenran Kingdom,Steppe Nomadic,110,Dog Domestication,9
-3595,initial,147,South romzenran Kingdom,Steppe Nomadic,111,Grinding Stones,9
-3595,initial,147,South romzenran Kingdom,Steppe Nomadic,3,Archery,9
-3590,initial,148,Taiweishan Kingdom,East Riverine,100,Cordage and Knots,10
-3590,initial,148,Taiweishan Kingdom,East Riverine,101,Hide Working and Tailored Clothing,10
-3590,initial,148,Taiweishan Kingdom,East Riverine,102,Hafted Stone Tools,10
-3590,initial,148,Taiweishan Kingdom,East Riverine,105,Food Preservation,10
-3590,initial,148,Taiweishan Kingdom,East Riverine,106,Storage Pits and Containers,10
-3590,initial,148,Taiweishan Kingdom,East Riverine,107,Seasonal Aggregation Camps,10
-3590,initial,148,Taiweishan Kingdom,East Riverine,110,Dog Domestication,10
-3590,initial,148,Taiweishan Kingdom,East Riverine,111,Grinding Stones,10
-3590,initial,148,Taiweishan Kingdom,East Riverine,116,Charcoal Firing,10
-3590,initial,148,Taiweishan Kingdom,East Riverine,3,Archery,10
-3581,unlock,42,New duslinstan Tribe,Monsoon Coastal,115,Counting Tokens and Tallies,21
-3559,unlock,40,Solromland Tribe,Monsoon Coastal,7,Wheel,19
-3540,unlock,49,North machilamara Tribe,Nile Floodplain,104,Fishing Technology,18
-3530,initial,149,Zumau Tribe,West Sahel,100,Cordage and Knots,13
-3530,initial,149,Zumau Tribe,West Sahel,101,Hide Working and Tailored Clothing,13
-3530,initial,149,Zumau Tribe,West Sahel,102,Hafted Stone Tools,13
-3530,initial,149,Zumau Tribe,West Sahel,105,Food Preservation,13
-3530,initial,149,Zumau Tribe,West Sahel,106,Storage Pits and Containers,13
-3530,initial,149,Zumau Tribe,West Sahel,107,Seasonal Aggregation Camps,13
-3530,initial,149,Zumau Tribe,West Sahel,111,Grinding Stones,13
-3530,initial,149,Zumau Tribe,West Sahel,112,Proto-cultivation,13
-3530,initial,149,Zumau Tribe,West Sahel,113,Sedentism,13
-3530,initial,149,Zumau Tribe,West Sahel,116,Charcoal Firing,13
-3530,initial,149,Zumau Tribe,West Sahel,20,Agriculture,13
-3530,initial,149,Zumau Tribe,West Sahel,3,Archery,13
-3530,initial,149,Zumau Tribe,West Sahel,6,Calendar,13
-3525,initial,150,Old garkinia Tribe,Western Plains,100,Cordage and Knots,8
-3525,initial,150,Old garkinia Tribe,Western Plains,101,Hide Working and Tailored Clothing,8
-3525,initial,150,Old garkinia Tribe,Western Plains,102,Hafted Stone Tools,8
-3525,initial,150,Old garkinia Tribe,Western Plains,105,Food Preservation,8
-3525,initial,150,Old garkinia Tribe,Western Plains,106,Storage Pits and Containers,8
-3525,initial,150,Old garkinia Tribe,Western Plains,107,Seasonal Aggregation Camps,8
-3525,initial,150,Old garkinia Tribe,Western Plains,111,Grinding Stones,8
-3525,initial,150,Old garkinia Tribe,Western Plains,3,Archery,8
-3520,initial,151,South mitshanagar Kingdom,Indic Riverine,100,Cordage and Knots,10
-3520,initial,151,South mitshanagar Kingdom,Indic Riverine,101,Hide Working and Tailored Clothing,10
-3520,initial,151,South mitshanagar Kingdom,Indic Riverine,102,Hafted Stone Tools,10
-3520,initial,151,South mitshanagar Kingdom,Indic Riverine,105,Food Preservation,10
-3520,initial,151,South mitshanagar Kingdom,Indic Riverine,106,Storage Pits and Containers,10
-3520,initial,151,South mitshanagar Kingdom,Indic Riverine,107,Seasonal Aggregation Camps,10
-3520,initial,151,South mitshanagar Kingdom,Indic Riverine,110,Dog Domestication,10
-3520,initial,151,South mitshanagar Kingdom,Indic Riverine,111,Grinding Stones,10
-3520,initial,151,South mitshanagar Kingdom,Indic Riverine,116,Charcoal Firing,10
-3520,initial,151,South mitshanagar Kingdom,Indic Riverine,3,Archery,10
-3486,unlock,42,New duslinstan Tribe,Monsoon Coastal,7,Wheel,22
-3470,initial,152,Old weihanhanling Kingdom,East Riverine,100,Cordage and Knots,10
-3470,initial,152,Old weihanhanling Kingdom,East Riverine,101,Hide Working and Tailored Clothing,10
-3470,initial,152,Old weihanhanling Kingdom,East Riverine,102,Hafted Stone Tools,10
-3470,initial,152,Old weihanhanling Kingdom,East Riverine,105,Food Preservation,10
-3470,initial,152,Old weihanhanling Kingdom,East Riverine,106,Storage Pits and Containers,10
-3470,initial,152,Old weihanhanling Kingdom,East Riverine,107,Seasonal Aggregation Camps,10
-3470,initial,152,Old weihanhanling Kingdom,East Riverine,110,Dog Domestication,10
-3470,initial,152,Old weihanhanling Kingdom,East Riverine,111,Grinding Stones,10
-3470,initial,152,Old weihanhanling Kingdom,East Riverine,116,Charcoal Firing,10
-3470,initial,152,Old weihanhanling Kingdom,East Riverine,3,Archery,10
-3450,initial,153,New sumayaaya Kingdom,Andean Highland,100,Cordage and Knots,10
-3450,initial,153,New sumayaaya Kingdom,Andean Highland,101,Hide Working and Tailored Clothing,10
-3450,initial,153,New sumayaaya Kingdom,Andean Highland,102,Hafted Stone Tools,10
-3450,initial,153,New sumayaaya Kingdom,Andean Highland,105,Food Preservation,10
-3450,initial,153,New sumayaaya Kingdom,Andean Highland,106,Storage Pits and Containers,10
-3450,initial,153,New sumayaaya Kingdom,Andean Highland,107,Seasonal Aggregation Camps,10
-3450,initial,153,New sumayaaya Kingdom,Andean Highland,111,Grinding Stones,10
-3450,initial,153,New sumayaaya Kingdom,Andean Highland,116,Charcoal Firing,10
-3450,initial,153,New sumayaaya Kingdom,Andean Highland,4,Mining,10
-3450,initial,153,New sumayaaya Kingdom,Andean Highland,3,Archery,10
-3439,unlock,44,Great romsolia Tribe,Monsoon Coastal,115,Counting Tokens and Tallies,19
-3403,unlock,41,North garbelnagrad Tribe,Monsoon Coastal,103,Bone and Antler Tools,19
-3402,unlock,49,North machilamara Tribe,Nile Floodplain,103,Bone and Antler Tools,19
-3400,unlock,74,Great itzcalxoc Tribe,Mesoamerican,103,Bone and Antler Tools,14
-3398,unlock,41,North garbelnagrad Tribe,Monsoon Coastal,7,Wheel,20
-3392,unlock,49,North machilamara Tribe,Nile Floodplain,7,Wheel,20
-3385,initial,154,North shamittanpur Kingdom,Indic Riverine,100,Cordage and Knots,10
-3385,initial,154,North shamittanpur Kingdom,Indic Riverine,101,Hide Working and Tailored Clothing,10
-3385,initial,154,North shamittanpur Kingdom,Indic Riverine,102,Hafted Stone Tools,10
-3385,initial,154,North shamittanpur Kingdom,Indic Riverine,105,Food Preservation,10
-3385,initial,154,North shamittanpur Kingdom,Indic Riverine,106,Storage Pits and Containers,10
-3385,initial,154,North shamittanpur Kingdom,Indic Riverine,107,Seasonal Aggregation Camps,10
-3385,initial,154,North shamittanpur Kingdom,Indic Riverine,110,Dog Domestication,10
-3385,initial,154,North shamittanpur Kingdom,Indic Riverine,111,Grinding Stones,10
-3385,initial,154,North shamittanpur Kingdom,Indic Riverine,116,Charcoal Firing,10
-3385,initial,154,North shamittanpur Kingdom,Indic Riverine,3,Archery,10
-3380,initial,155,North nabelviastan Kingdom,Steppe Nomadic,100,Cordage and Knots,9
-3380,initial,155,North nabelviastan Kingdom,Steppe Nomadic,101,Hide Working and Tailored Clothing,9
-3380,initial,155,North nabelviastan Kingdom,Steppe Nomadic,102,Hafted Stone Tools,9
-3380,initial,155,North nabelviastan Kingdom,Steppe Nomadic,105,Food Preservation,9
-3380,initial,155,North nabelviastan Kingdom,Steppe Nomadic,106,Storage Pits and Containers,9
-3380,initial,155,North nabelviastan Kingdom,Steppe Nomadic,107,Seasonal Aggregation Camps,9
-3380,initial,155,North nabelviastan Kingdom,Steppe Nomadic,110,Dog Domestication,9
-3380,initial,155,North nabelviastan Kingdom,Steppe Nomadic,111,Grinding Stones,9
-3380,initial,155,North nabelviastan Kingdom,Steppe Nomadic,3,Archery,9
-3375,initial,156,Great marvianaland Kingdom,Steppe Nomadic,100,Cordage and Knots,9
-3375,initial,156,Great marvianaland Kingdom,Steppe Nomadic,101,Hide Working and Tailored Clothing,9
-3375,initial,156,Great marvianaland Kingdom,Steppe Nomadic,102,Hafted Stone Tools,9
-3375,initial,156,Great marvianaland Kingdom,Steppe Nomadic,105,Food Preservation,9
-3375,initial,156,Great marvianaland Kingdom,Steppe Nomadic,106,Storage Pits and Containers,9
-3375,initial,156,Great marvianaland Kingdom,Steppe Nomadic,107,Seasonal Aggregation Camps,9
-3375,initial,156,Great marvianaland Kingdom,Steppe Nomadic,110,Dog Domestication,9
-3375,initial,156,Great marvianaland Kingdom,Steppe Nomadic,111,Grinding Stones,9
-3375,initial,156,Great marvianaland Kingdom,Steppe Nomadic,3,Archery,9
-3372,unlock,42,New duslinstan Tribe,Monsoon Coastal,109,Long-distance Exchange Networks,23
-3361,unlock,74,Great itzcalxoc Tribe,Mesoamerican,114,Enclosures and Herd Management,15
-3350,initial,157,Old ashuran Kingdom,Fertile Crescent,100,Cordage and Knots,12
-3350,initial,157,Old ashuran Kingdom,Fertile Crescent,101,Hide Working and Tailored Clothing,12
-3350,initial,157,Old ashuran Kingdom,Fertile Crescent,102,Hafted Stone Tools,12
-3350,initial,157,Old ashuran Kingdom,Fertile Crescent,105,Food Preservation,12
-3350,initial,157,Old ashuran Kingdom,Fertile Crescent,106,Storage Pits and Containers,12
-3350,initial,157,Old ashuran Kingdom,Fertile Crescent,107,Seasonal Aggregation Camps,12
-3350,initial,157,Old ashuran Kingdom,Fertile Crescent,110,Dog Domestication,12
-3350,initial,157,Old ashuran Kingdom,Fertile Crescent,111,Grinding Stones,12
-3350,initial,157,Old ashuran Kingdom,Fertile Crescent,116,Charcoal Firing,12
-3350,initial,157,Old ashuran Kingdom,Fertile Crescent,119,Native Copper Working,12
-3350,initial,157,Old ashuran Kingdom,Fertile Crescent,4,Mining,12
-3350,initial,157,Old ashuran Kingdom,Fertile Crescent,3,Archery,12
-3344,unlock,74,Great itzcalxoc Tribe,Mesoamerican,104,Fishing Technology,16
-3335,initial,158,South lorquistan Tribe,Western Plains,100,Cordage and Knots,8
-3335,initial,158,South lorquistan Tribe,Western Plains,101,Hide Working and Tailored Clothing,8
-3335,initial,158,South lorquistan Tribe,Western Plains,102,Hafted Stone Tools,8
-3335,initial,158,South lorquistan Tribe,Western Plains,105,Food Preservation,8
-3335,initial,158,South lorquistan Tribe,Western Plains,106,Storage Pits and Containers,8
-3335,initial,158,South lorquistan Tribe,Western Plains,107,Seasonal Aggregation Camps,8
-3335,initial,158,South lorquistan Tribe,Western Plains,111,Grinding Stones,8
-3335,initial,158,South lorquistan Tribe,Western Plains,3,Archery,8
-3325,initial,159,South dravarmitdesh Tribe,Indic Riverine,100,Cordage and Knots,10
-3325,initial,159,South dravarmitdesh Tribe,Indic Riverine,101,Hide Working and Tailored Clothing,10
-3325,initial,159,South dravarmitdesh Tribe,Indic Riverine,102,Hafted Stone Tools,10
-3325,initial,159,South dravarmitdesh Tribe,Indic Riverine,105,Food Preservation,10
-3325,initial,159,South dravarmitdesh Tribe,Indic Riverine,106,Storage Pits and Containers,10
-3325,initial,159,South dravarmitdesh Tribe,Indic Riverine,107,Seasonal Aggregation Camps,10
-3325,initial,159,South dravarmitdesh Tribe,Indic Riverine,110,Dog Domestication,10
-3325,initial,159,South dravarmitdesh Tribe,Indic Riverine,111,Grinding Stones,10
-3325,initial,159,South dravarmitdesh Tribe,Indic Riverine,116,Charcoal Firing,10
-3325,initial,159,South dravarmitdesh Tribe,Indic Riverine,3,Archery,10
-3320,initial,160,Old ofitantanara Tribe,East Horn,100,Cordage and Knots,13
-3320,initial,160,Old ofitantanara Tribe,East Horn,101,Hide Working and Tailored Clothing,13
-3320,initial,160,Old ofitantanara Tribe,East Horn,102,Hafted Stone Tools,13
-3320,initial,160,Old ofitantanara Tribe,East Horn,105,Food Preservation,13
-3320,initial,160,Old ofitantanara Tribe,East Horn,106,Storage Pits and Containers,13
-3320,initial,160,Old ofitantanara Tribe,East Horn,107,Seasonal Aggregation Camps,13
-3320,initial,160,Old ofitantanara Tribe,East Horn,111,Grinding Stones,13
-3320,initial,160,Old ofitantanara Tribe,East Horn,112,Proto-cultivation,13
-3320,initial,160,Old ofitantanara Tribe,East Horn,113,Sedentism,13
-3320,initial,160,Old ofitantanara Tribe,East Horn,116,Charcoal Firing,13
-3320,initial,160,Old ofitantanara Tribe,East Horn,20,Agriculture,13
-3320,initial,160,Old ofitantanara Tribe,East Horn,3,Archery,13
-3320,initial,160,Old ofitantanara Tribe,East Horn,6,Calendar,13
-3301,unlock,104,Naldrapur Tribe,Indic Riverine,104,Fishing Technology,17
-3295,initial,161,North kinlormargrad Kingdom,Eastern Woodland,100,Cordage and Knots,9
-3295,initial,161,North kinlormargrad Kingdom,Eastern Woodland,101,Hide Working and Tailored Clothing,9
-3295,initial,161,North kinlormargrad Kingdom,Eastern Woodland,102,Hafted Stone Tools,9
-3295,initial,161,North kinlormargrad Kingdom,Eastern Woodland,105,Food Preservation,9
-3295,initial,161,North kinlormargrad Kingdom,Eastern Woodland,106,Storage Pits and Containers,9
-3295,initial,161,North kinlormargrad Kingdom,Eastern Woodland,107,Seasonal Aggregation Camps,9
-3295,initial,161,North kinlormargrad Kingdom,Eastern Woodland,111,Grinding Stones,9
-3295,initial,161,North kinlormargrad Kingdom,Eastern Woodland,4,Mining,9
-3295,initial,161,North kinlormargrad Kingdom,Eastern Woodland,3,Archery,9
-3294,unlock,44,Great romsolia Tribe,Monsoon Coastal,103,Bone and Antler Tools,20
-3293,unlock,44,Great romsolia Tribe,Monsoon Coastal,109,Long-distance Exchange Networks,21
-3280,initial,162,Great kaleshnin Kingdom,Fertile Crescent,100,Cordage and Knots,12
-3280,initial,162,Great kaleshnin Kingdom,Fertile Crescent,101,Hide Working and Tailored Clothing,12
-3280,initial,162,Great kaleshnin Kingdom,Fertile Crescent,102,Hafted Stone Tools,12
-3280,initial,162,Great kaleshnin Kingdom,Fertile Crescent,105,Food Preservation,12
-3280,initial,162,Great kaleshnin Kingdom,Fertile Crescent,106,Storage Pits and Containers,12
-3280,initial,162,Great kaleshnin Kingdom,Fertile Crescent,107,Seasonal Aggregation Camps,12
-3280,initial,162,Great kaleshnin Kingdom,Fertile Crescent,110,Dog Domestication,12
-3280,initial,162,Great kaleshnin Kingdom,Fertile Crescent,111,Grinding Stones,12
-3280,initial,162,Great kaleshnin Kingdom,Fertile Crescent,116,Charcoal Firing,12
-3280,initial,162,Great kaleshnin Kingdom,Fertile Crescent,119,Native Copper Working,12
-3280,initial,162,Great kaleshnin Kingdom,Fertile Crescent,4,Mining,12
-3280,initial,162,Great kaleshnin Kingdom,Fertile Crescent,3,Archery,12
-3270,initial,163,South nabelromia Tribe,Western Plains,100,Cordage and Knots,8
-3270,initial,163,South nabelromia Tribe,Western Plains,101,Hide Working and Tailored Clothing,8
-3270,initial,163,South nabelromia Tribe,Western Plains,102,Hafted Stone Tools,8
-3270,initial,163,South nabelromia Tribe,Western Plains,105,Food Preservation,8
-3270,initial,163,South nabelromia Tribe,Western Plains,106,Storage Pits and Containers,8
-3270,initial,163,South nabelromia Tribe,Western Plains,107,Seasonal Aggregation Camps,8
-3270,initial,163,South nabelromia Tribe,Western Plains,111,Grinding Stones,8
-3270,initial,163,South nabelromia Tribe,Western Plains,3,Archery,8
-3270,initial,164,Surkankan Tribe,Indic Riverine,100,Cordage and Knots,10
-3270,initial,164,Surkankan Tribe,Indic Riverine,101,Hide Working and Tailored Clothing,10
-3270,initial,164,Surkankan Tribe,Indic Riverine,102,Hafted Stone Tools,10
-3270,initial,164,Surkankan Tribe,Indic Riverine,105,Food Preservation,10
-3270,initial,164,Surkankan Tribe,Indic Riverine,106,Storage Pits and Containers,10
-3270,initial,164,Surkankan Tribe,Indic Riverine,107,Seasonal Aggregation Camps,10
-3270,initial,164,Surkankan Tribe,Indic Riverine,110,Dog Domestication,10
-3270,initial,164,Surkankan Tribe,Indic Riverine,111,Grinding Stones,10
-3270,initial,164,Surkankan Tribe,Indic Riverine,116,Charcoal Firing,10
-3270,initial,164,Surkankan Tribe,Indic Riverine,3,Archery,10
-3264,unlock,51,New makaseu Tribe,West Sahel,110,Dog Domestication,14
-3263,unlock,41,North garbelnagrad Tribe,Monsoon Coastal,115,Counting Tokens and Tallies,21
-3250,initial,165,Great mitshavidesh Kingdom,Indic Riverine,100,Cordage and Knots,10
-3250,initial,165,Great mitshavidesh Kingdom,Indic Riverine,101,Hide Working and Tailored Clothing,10
-3250,initial,165,Great mitshavidesh Kingdom,Indic Riverine,102,Hafted Stone Tools,10
-3250,initial,165,Great mitshavidesh Kingdom,Indic Riverine,105,Food Preservation,10
-3250,initial,165,Great mitshavidesh Kingdom,Indic Riverine,106,Storage Pits and Containers,10
-3250,initial,165,Great mitshavidesh Kingdom,Indic Riverine,107,Seasonal Aggregation Camps,10
-3250,initial,165,Great mitshavidesh Kingdom,Indic Riverine,110,Dog Domestication,10
-3250,initial,165,Great mitshavidesh Kingdom,Indic Riverine,111,Grinding Stones,10
-3250,initial,165,Great mitshavidesh Kingdom,Indic Riverine,116,Charcoal Firing,10
-3250,initial,165,Great mitshavidesh Kingdom,Indic Riverine,3,Archery,10
-3249,unlock,104,Naldrapur Tribe,Indic Riverine,10,Irrigation,18
-3235,unlock,71,Kingdom of South tolmixco,Mesoamerican,110,Dog Domestication,14
-3230,initial,166,North garmargrad Tribe,Eastern Woodland,100,Cordage and Knots,8
-3230,initial,166,North garmargrad Tribe,Eastern Woodland,101,Hide Working and Tailored Clothing,8
-3230,initial,166,North garmargrad Tribe,Eastern Woodland,102,Hafted Stone Tools,8
-3230,initial,166,North garmargrad Tribe,Eastern Woodland,105,Food Preservation,8
-3230,initial,166,North garmargrad Tribe,Eastern Woodland,106,Storage Pits and Containers,8
-3230,initial,166,North garmargrad Tribe,Eastern Woodland,107,Seasonal Aggregation Camps,8
-3230,initial,166,North garmargrad Tribe,Eastern Woodland,111,Grinding Stones,8
-3230,initial,166,North garmargrad Tribe,Eastern Woodland,3,Archery,8
-3191,unlock,70,South itztol Tribe,Mesoamerican,104,Fishing Technology,14
-3187,unlock,44,Great romsolia Tribe,Monsoon Coastal,10,Irrigation,22
-3181,unlock,43,Kingdom of Quikinquiland,Monsoon Coastal,10,Irrigation,19
-3179,unlock,104,Naldrapur Tribe,Indic Riverine,117,Proto-writing and Administrative Notation,19
-3178,unlock,69,Kingdom of South temtolxocco,Mesoamerican,10,Irrigation,17
-3166,unlock,71,Kingdom of South tolmixco,Mesoamerican,10,Irrigation,15
-3161,unlock,54,Kingdom of Old masezu,East Horn,110,Dog Domestication,14
-3161,unlock,71,Kingdom of South tolmixco,Mesoamerican,103,Bone and Antler Tools,16
-3150,unlock,42,New duslinstan Tribe,Monsoon Coastal,12,Shipbuilding,24
-3149,unlock,67,New itznahan Tribe,Mesoamerican,103,Bone and Antler Tools,14
-3146,unlock,40,Solromland Tribe,Monsoon Coastal,10,Irrigation,20
-3146,unlock,73,Calitz Tribe,Mesoamerican,104,Fishing Technology,14
-3145,initial,167,South quisolstan Kingdom,Eastern Woodland,100,Cordage and Knots,8
-3145,initial,167,South quisolstan Kingdom,Eastern Woodland,101,Hide Working and Tailored Clothing,8
-3145,initial,167,South quisolstan Kingdom,Eastern Woodland,102,Hafted Stone Tools,8
-3145,initial,167,South quisolstan Kingdom,Eastern Woodland,105,Food Preservation,8
-3145,initial,167,South quisolstan Kingdom,Eastern Woodland,106,Storage Pits and Containers,8
-3145,initial,167,South quisolstan Kingdom,Eastern Woodland,107,Seasonal Aggregation Camps,8
-3145,initial,167,South quisolstan Kingdom,Eastern Woodland,111,Grinding Stones,8
-3145,initial,167,South quisolstan Kingdom,Eastern Woodland,3,Archery,8
-3136,unlock,43,Kingdom of Quikinquiland,Monsoon Coastal,103,Bone and Antler Tools,20
-3126,unlock,43,Kingdom of Quikinquiland,Monsoon Coastal,109,Long-distance Exchange Networks,21
-3116,unlock,70,South itztol Tribe,Mesoamerican,110,Dog Domestication,15
-3113,unlock,53,Old barngoara Tribe,East Horn,110,Dog Domestication,14
-3103,unlock,48,Kingdom of Sekau,Nile Floodplain,103,Bone and Antler Tools,18
-3101,unlock,72,Kingdom of Old itzteoxocpan,Mesoamerican,115,Counting Tokens and Tallies,14
-3085,unlock,69,Kingdom of South temtolxocco,Mesoamerican,115,Counting Tokens and Tallies,18
-3084,unlock,71,Kingdom of South tolmixco,Mesoamerican,115,Counting Tokens and Tallies,17
-3083,unlock,42,New duslinstan Tribe,Monsoon Coastal,17,Roads,25
-3072,unlock,53,Old barngoara Tribe,East Horn,104,Fishing Technology,15
-3070,unlock,54,Kingdom of Old masezu,East Horn,104,Fishing Technology,15
-3063,unlock,67,New itznahan Tribe,Mesoamerican,10,Irrigation,15
-3062,unlock,41,North garbelnagrad Tribe,Monsoon Coastal,17,Roads,22
-3048,unlock,54,Kingdom of Old masezu,East Horn,114,Enclosures and Herd Management,16
-3048,unlock,69,Kingdom of South temtolxocco,Mesoamerican,114,Enclosures and Herd Management,19
-3047,unlock,40,Solromland Tribe,Monsoon Coastal,12,Shipbuilding,21
-3045,unlock,10,New dravarpur Tribe,Indic Riverine,7,Wheel,17
-3039,unlock,65,Kingdom of Great temitztolco,Mesoamerican,10,Irrigation,14
-3036,unlock,104,Naldrapur Tribe,Indic Riverine,103,Bone and Antler Tools,20
-3030,initial,168,New kankanpur Kingdom,Indic Riverine,100,Cordage and Knots,10
-3030,initial,168,New kankanpur Kingdom,Indic Riverine,101,Hide Working and Tailored Clothing,10
-3030,initial,168,New kankanpur Kingdom,Indic Riverine,102,Hafted Stone Tools,10
-3030,initial,168,New kankanpur Kingdom,Indic Riverine,105,Food Preservation,10
-3030,initial,168,New kankanpur Kingdom,Indic Riverine,106,Storage Pits and Containers,10
-3030,initial,168,New kankanpur Kingdom,Indic Riverine,107,Seasonal Aggregation Camps,10
-3030,initial,168,New kankanpur Kingdom,Indic Riverine,110,Dog Domestication,10
-3030,initial,168,New kankanpur Kingdom,Indic Riverine,111,Grinding Stones,10
-3030,initial,168,New kankanpur Kingdom,Indic Riverine,116,Charcoal Firing,10
-3030,initial,168,New kankanpur Kingdom,Indic Riverine,3,Archery,10
-3029,unlock,70,South itztol Tribe,Mesoamerican,10,Irrigation,16
-3026,unlock,51,New makaseu Tribe,West Sahel,10,Irrigation,15
-3025,initial,169,South ninkalurar Kingdom,Fertile Crescent,100,Cordage and Knots,12
-3025,initial,169,South ninkalurar Kingdom,Fertile Crescent,101,Hide Working and Tailored Clothing,12
-3025,initial,169,South ninkalurar Kingdom,Fertile Crescent,102,Hafted Stone Tools,12
-3025,initial,169,South ninkalurar Kingdom,Fertile Crescent,105,Food Preservation,12
-3025,initial,169,South ninkalurar Kingdom,Fertile Crescent,106,Storage Pits and Containers,12
-3025,initial,169,South ninkalurar Kingdom,Fertile Crescent,107,Seasonal Aggregation Camps,12
-3025,initial,169,South ninkalurar Kingdom,Fertile Crescent,110,Dog Domestication,12
-3025,initial,169,South ninkalurar Kingdom,Fertile Crescent,111,Grinding Stones,12
-3025,initial,169,South ninkalurar Kingdom,Fertile Crescent,116,Charcoal Firing,12
-3025,initial,169,South ninkalurar Kingdom,Fertile Crescent,119,Native Copper Working,12
-3025,initial,169,South ninkalurar Kingdom,Fertile Crescent,4,Mining,12
-3025,initial,169,South ninkalurar Kingdom,Fertile Crescent,3,Archery,12
-3024,unlock,40,Solromland Tribe,Monsoon Coastal,103,Bone and Antler Tools,22
-3020,unlock,41,North garbelnagrad Tribe,Monsoon Coastal,12,Shipbuilding,23
-3017,unlock,73,Calitz Tribe,Mesoamerican,110,Dog Domestication,15
-3016,unlock,53,Old barngoara Tribe,East Horn,103,Bone and Antler Tools,16
-3015,initial,170,North nuimo Kingdom,Oceanic Navigators,100,Cordage and Knots,7
-3015,initial,170,North nuimo Kingdom,Oceanic Navigators,101,Hide Working and Tailored Clothing,7
-3015,initial,170,North nuimo Kingdom,Oceanic Navigators,102,Hafted Stone Tools,7
-3015,initial,170,North nuimo Kingdom,Oceanic Navigators,105,Food Preservation,7
-3015,initial,170,North nuimo Kingdom,Oceanic Navigators,106,Storage Pits and Containers,7
-3015,initial,170,North nuimo Kingdom,Oceanic Navigators,107,Seasonal Aggregation Camps,7
-3015,initial,170,North nuimo Kingdom,Oceanic Navigators,3,Archery,7
-3014,unlock,49,North machilamara Tribe,Nile Floodplain,117,Proto-writing and Administrative Notation,21
-3006,unlock,65,Kingdom of Great temitztolco,Mesoamerican,103,Bone and Antler Tools,15
-3002,unlock,104,Naldrapur Tribe,Indic Riverine,7,Wheel,21
-3000,unlock,54,Kingdom of Old masezu,East Horn,115,Counting Tokens and Tallies,17
-2998,unlock,43,Kingdom of Quikinquiland,Monsoon Coastal,7,Wheel,22
-2990,unlock,10,New dravarpur Tribe,Indic Riverine,104,Fishing Technology,18
-2990,unlock,74,Kingdom of Nahtoltem,Mesoamerican,108,Watercraft,16
-2977,unlock,72,Kingdom of Old itzteoxocpan,Mesoamerican,103,Bone and Antler Tools,15
-2972,unlock,53,Old barngoara Tribe,East Horn,115,Counting Tokens and Tallies,17
-2963,unlock,74,Kingdom of Nahtoltem,Mesoamerican,115,Counting Tokens and Tallies,16
-2955,unlock,44,Great romsolia Tribe,Monsoon Coastal,12,Shipbuilding,23
-2954,unlock,5,Kingdom of South surkanra,Indic Riverine,104,Fishing Technology,18
-2954,unlock,48,Kingdom of Sekau,Nile Floodplain,104,Fishing Technology,19
-2951,unlock,49,North machilamara Tribe,Nile Floodplain,17,Roads,22
-2950,unlock,40,Solromland Tribe,Monsoon Coastal,115,Counting Tokens and Tallies,23
-2947,unlock,72,Kingdom of Old itzteoxocpan,Mesoamerican,110,Dog Domestication,16
-2937,unlock,41,North garbelnagrad Tribe,Monsoon Coastal,10,Irrigation,24
-2937,unlock,43,Kingdom of Quikinquiland,Monsoon Coastal,115,Counting Tokens and Tallies,23
-2926,unlock,10,New dravarpur Tribe,Indic Riverine,103,Bone and Antler Tools,19
-2913,unlock,69,Kingdom of South temtolxocco,Mesoamerican,7,Wheel,20
-2909,unlock,72,Kingdom of Old itzteoxocpan,Mesoamerican,114,Enclosures and Herd Management,17
-2899,unlock,12,North ravishaa Tribe,Indic Riverine,103,Bone and Antler Tools,11
-2899,unlock,53,Old barngoara Tribe,East Horn,10,Irrigation,18
-2889,unlock,66,Great xoctol Tribe,Mesoamerican,104,Fishing Technology,14
-2884,unlock,40,Solromland Tribe,Monsoon Coastal,109,Long-distance Exchange Networks,24
-2884,unlock,44,Great romsolia Tribe,Monsoon Coastal,7,Wheel,24
-2872,unlock,49,North machilamara Tribe,Nile Floodplain,11,Writing,23
-2868,unlock,104,Naldrapur Tribe,Indic Riverine,11,Writing,22
-2863,unlock,73,Calitz Tribe,Mesoamerican,10,Irrigation,16
-2862,unlock,54,Kingdom of Old masezu,East Horn,7,Wheel,18
-2860,unlock,2,New mitra Tribe,Indic Riverine,103,Bone and Antler Tools,17
-2840,unlock,73,Calitz Tribe,Mesoamerican,108,Watercraft,17
-2837,unlock,71,Kingdom of South tolmixco,Mesoamerican,104,Fishing Technology,18
-2835,initial,171,New eshsamar Kingdom,Fertile Crescent,100,Cordage and Knots,10
-2835,initial,171,New eshsamar Kingdom,Fertile Crescent,101,Hide Working and Tailored Clothing,10
-2835,initial,171,New eshsamar Kingdom,Fertile Crescent,102,Hafted Stone Tools,10
-2835,initial,171,New eshsamar Kingdom,Fertile Crescent,105,Food Preservation,10
-2835,initial,171,New eshsamar Kingdom,Fertile Crescent,106,Storage Pits and Containers,10
-2835,initial,171,New eshsamar Kingdom,Fertile Crescent,107,Seasonal Aggregation Camps,10
-2835,initial,171,New eshsamar Kingdom,Fertile Crescent,110,Dog Domestication,10
-2835,initial,171,New eshsamar Kingdom,Fertile Crescent,111,Grinding Stones,10
-2835,initial,171,New eshsamar Kingdom,Fertile Crescent,116,Charcoal Firing,10
-2835,initial,171,New eshsamar Kingdom,Fertile Crescent,3,Archery,10
-2829,unlock,43,Kingdom of Quikinquiland,Monsoon Coastal,12,Shipbuilding,24
-2826,unlock,41,North garbelnagrad Tribe,Monsoon Coastal,109,Long-distance Exchange Networks,25
-2810,initial,172,South mitsurpur Kingdom,Indic Riverine,100,Cordage and Knots,10
-2810,initial,172,South mitsurpur Kingdom,Indic Riverine,101,Hide Working and Tailored Clothing,10
-2810,initial,172,South mitsurpur Kingdom,Indic Riverine,102,Hafted Stone Tools,10
-2810,initial,172,South mitsurpur Kingdom,Indic Riverine,105,Food Preservation,10
-2810,initial,172,South mitsurpur Kingdom,Indic Riverine,106,Storage Pits and Containers,10
-2810,initial,172,South mitsurpur Kingdom,Indic Riverine,107,Seasonal Aggregation Camps,10
-2810,initial,172,South mitsurpur Kingdom,Indic Riverine,110,Dog Domestication,10
-2810,initial,172,South mitsurpur Kingdom,Indic Riverine,111,Grinding Stones,10
-2810,initial,172,South mitsurpur Kingdom,Indic Riverine,116,Charcoal Firing,10
-2810,initial,172,South mitsurpur Kingdom,Indic Riverine,3,Archery,10
-2807,unlock,5,Kingdom of South surkanra,Indic Riverine,103,Bone and Antler Tools,19
-2805,unlock,69,Kingdom of South temtolxocco,Mesoamerican,17,Roads,21
-2795,unlock,65,Kingdom of Great temitztolco,Mesoamerican,110,Dog Domestication,16
-2791,unlock,49,North machilamara Tribe,Nile Floodplain,19,Alphabet,24
-2784,unlock,5,Kingdom of South surkanra,Indic Riverine,117,Proto-writing and Administrative Notation,20
-2784,unlock,54,Kingdom of Old masezu,East Horn,103,Bone and Antler Tools,19
-2778,unlock,70,South itztol Tribe,Mesoamerican,103,Bone and Antler Tools,17
-2775,unlock,43,Kingdom of Quikinquiland,Monsoon Coastal,17,Roads,25
-2774,unlock,48,Kingdom of Sekau,Nile Floodplain,117,Proto-writing and Administrative Notation,20
-2774,unlock,70,South itztol Tribe,Mesoamerican,108,Watercraft,18
-2773,unlock,66,Great xoctol Tribe,Mesoamerican,110,Dog Domestication,15
-2771,unlock,65,Kingdom of Great temitztolco,Mesoamerican,115,Counting Tokens and Tallies,17
-2771,unlock,72,Kingdom of New temmixco,Mesoamerican,7,Wheel,18
-2765,unlock,51,New makaseu Tribe,West Sahel,104,Fishing Technology,16
-2760,unlock,51,New makaseu Tribe,West Sahel,115,Counting Tokens and Tallies,17
-2753,unlock,66,Great xoctol Tribe,Mesoamerican,103,Bone and Antler Tools,16
-2747,unlock,104,Naldrapur Tribe,Indic Riverine,19,Alphabet,23
-2740,initial,173,Old tanratan Tribe,Indic Riverine,100,Cordage and Knots,10
-2740,initial,173,Old tanratan Tribe,Indic Riverine,101,Hide Working and Tailored Clothing,10
-2740,initial,173,Old tanratan Tribe,Indic Riverine,102,Hafted Stone Tools,10
-2740,initial,173,Old tanratan Tribe,Indic Riverine,105,Food Preservation,10
-2740,initial,173,Old tanratan Tribe,Indic Riverine,106,Storage Pits and Containers,10
-2740,initial,173,Old tanratan Tribe,Indic Riverine,107,Seasonal Aggregation Camps,10
-2740,initial,173,Old tanratan Tribe,Indic Riverine,110,Dog Domestication,10
-2740,initial,173,Old tanratan Tribe,Indic Riverine,111,Grinding Stones,10
-2740,initial,173,Old tanratan Tribe,Indic Riverine,116,Charcoal Firing,10
-2740,initial,173,Old tanratan Tribe,Indic Riverine,3,Archery,10
-2730,initial,174,New tarvennorum Tribe,Mediterranean Urban,100,Cordage and Knots,10
-2730,initial,174,New tarvennorum Tribe,Mediterranean Urban,101,Hide Working and Tailored Clothing,10
-2730,initial,174,New tarvennorum Tribe,Mediterranean Urban,102,Hafted Stone Tools,10
-2730,initial,174,New tarvennorum Tribe,Mediterranean Urban,105,Food Preservation,10
-2730,initial,174,New tarvennorum Tribe,Mediterranean Urban,106,Storage Pits and Containers,10
-2730,initial,174,New tarvennorum Tribe,Mediterranean Urban,107,Seasonal Aggregation Camps,10
-2730,initial,174,New tarvennorum Tribe,Mediterranean Urban,110,Dog Domestication,10
-2730,initial,174,New tarvennorum Tribe,Mediterranean Urban,111,Grinding Stones,10
-2730,initial,174,New tarvennorum Tribe,Mediterranean Urban,116,Charcoal Firing,10
-2730,initial,174,New tarvennorum Tribe,Mediterranean Urban,3,Archery,10
-2716,unlock,66,Great xoctol Tribe,Mesoamerican,114,Enclosures and Herd Management,17
-2716,unlock,72,Kingdom of New temmixco,Mesoamerican,104,Fishing Technology,19
-2705,unlock,40,Solromland Tribe,Monsoon Coastal,17,Roads,25
-2703,unlock,100,New dusgarbelland,Caribbean Seafaring,111,Grinding Stones,8
-2703,unlock,104,Naldrapur Tribe,Indic Riverine,17,Roads,24
-2699,unlock,49,North machilamara Tribe,Nile Floodplain,22,Philosophy,25
-2669,unlock,73,Kingdom of South tolmixchico,Mesoamerican,5,Sailing,18
-2665,unlock,9,New tankanshadesh Tribe,Indic Riverine,104,Fishing Technology,17
-2665,initial,175,New lindusromgrad Kingdom,Steppe Nomadic,100,Cordage and Knots,9
-2665,initial,175,New lindusromgrad Kingdom,Steppe Nomadic,101,Hide Working and Tailored Clothing,9
-2665,initial,175,New lindusromgrad Kingdom,Steppe Nomadic,102,Hafted Stone Tools,9
-2665,initial,175,New lindusromgrad Kingdom,Steppe Nomadic,105,Food Preservation,9
-2665,initial,175,New lindusromgrad Kingdom,Steppe Nomadic,106,Storage Pits and Containers,9
-2665,initial,175,New lindusromgrad Kingdom,Steppe Nomadic,107,Seasonal Aggregation Camps,9
-2665,initial,175,New lindusromgrad Kingdom,Steppe Nomadic,110,Dog Domestication,9
-2665,initial,175,New lindusromgrad Kingdom,Steppe Nomadic,111,Grinding Stones,9
-2665,initial,175,New lindusromgrad Kingdom,Steppe Nomadic,3,Archery,9
-2655,initial,176,South ranquiteria Kingdom,Caribbean Seafaring,100,Cordage and Knots,7
-2655,initial,176,South ranquiteria Kingdom,Caribbean Seafaring,101,Hide Working and Tailored Clothing,7
-2655,initial,176,South ranquiteria Kingdom,Caribbean Seafaring,102,Hafted Stone Tools,7
-2655,initial,176,South ranquiteria Kingdom,Caribbean Seafaring,105,Food Preservation,7
-2655,initial,176,South ranquiteria Kingdom,Caribbean Seafaring,106,Storage Pits and Containers,7
-2655,initial,176,South ranquiteria Kingdom,Caribbean Seafaring,107,Seasonal Aggregation Camps,7
-2655,initial,176,South ranquiteria Kingdom,Caribbean Seafaring,3,Archery,7
-2650,initial,177,New mitkannala Kingdom,Indic Riverine,100,Cordage and Knots,19
-2650,initial,177,New mitkannala Kingdom,Indic Riverine,101,Hide Working and Tailored Clothing,19
-2650,initial,177,New mitkannala Kingdom,Indic Riverine,102,Hafted Stone Tools,19
-2650,initial,177,New mitkannala Kingdom,Indic Riverine,103,Bone and Antler Tools,19
-2650,initial,177,New mitkannala Kingdom,Indic Riverine,104,Fishing Technology,19
-2650,initial,177,New mitkannala Kingdom,Indic Riverine,105,Food Preservation,19
-2650,initial,177,New mitkannala Kingdom,Indic Riverine,106,Storage Pits and Containers,19
-2650,initial,177,New mitkannala Kingdom,Indic Riverine,107,Seasonal Aggregation Camps,19
-2650,initial,177,New mitkannala Kingdom,Indic Riverine,110,Dog Domestication,19
-2650,initial,177,New mitkannala Kingdom,Indic Riverine,111,Grinding Stones,19
-2650,initial,177,New mitkannala Kingdom,Indic Riverine,112,Proto-cultivation,19
-2650,initial,177,New mitkannala Kingdom,Indic Riverine,113,Sedentism,19
-2650,initial,177,New mitkannala Kingdom,Indic Riverine,114,Enclosures and Herd Management,19
-2650,initial,177,New mitkannala Kingdom,Indic Riverine,115,Counting Tokens and Tallies,19
-2650,initial,177,New mitkannala Kingdom,Indic Riverine,116,Charcoal Firing,19
-2650,initial,177,New mitkannala Kingdom,Indic Riverine,20,Agriculture,19
-2650,initial,177,New mitkannala Kingdom,Indic Riverine,3,Archery,19
-2650,initial,177,New mitkannala Kingdom,Indic Riverine,6,Calendar,19
-2650,initial,177,New mitkannala Kingdom,Indic Riverine,7,Wheel,19
-2647,unlock,73,Kingdom of South tolmixchico,Mesoamerican,103,Bone and Antler Tools,19
-2642,unlock,49,North machilamara Tribe,Nile Floodplain,30,Education,26
-2635,unlock,65,Kingdom of Great temitztolco,Mesoamerican,104,Fishing Technology,18
-2632,unlock,71,Kingdom of South tolmixco,Mesoamerican,114,Enclosures and Herd Management,19
-2630,unlock,54,Kingdom of Old masezu,East Horn,10,Irrigation,20
-2611,unlock,41,North garbelnagrad Tribe,Monsoon Coastal,117,Proto-writing and Administrative Notation,26
-2605,initial,178,Great ururad Kingdom,Fertile Crescent,100,Cordage and Knots,10
-2605,initial,178,Great ururad Kingdom,Fertile Crescent,101,Hide Working and Tailored Clothing,10
-2605,initial,178,Great ururad Kingdom,Fertile Crescent,102,Hafted Stone Tools,10
-2605,initial,178,Great ururad Kingdom,Fertile Crescent,105,Food Preservation,10
-2605,initial,178,Great ururad Kingdom,Fertile Crescent,106,Storage Pits and Containers,10
-2605,initial,178,Great ururad Kingdom,Fertile Crescent,107,Seasonal Aggregation Camps,10
-2605,initial,178,Great ururad Kingdom,Fertile Crescent,110,Dog Domestication,10
-2605,initial,178,Great ururad Kingdom,Fertile Crescent,111,Grinding Stones,10
-2605,initial,178,Great ururad Kingdom,Fertile Crescent,116,Charcoal Firing,10
-2605,initial,178,Great ururad Kingdom,Fertile Crescent,3,Archery,10
-2590,unlock,54,Kingdom of Old masezu,East Horn,108,Watercraft,21
-2589,unlock,38,Sameshuran Tribe,Fertile Crescent,103,Bone and Antler Tools,13
-2587,unlock,9,New tankanshadesh Tribe,Indic Riverine,103,Bone and Antler Tools,18
-2576,unlock,72,Kingdom of New temmixco,Mesoamerican,17,Roads,20
-2573,unlock,66,Great xoctol Tribe,Mesoamerican,7,Wheel,18
-2570,initial,179,Great belgargrad Kingdom,Western Plains,100,Cordage and Knots,8
-2570,initial,179,Great belgargrad Kingdom,Western Plains,101,Hide Working and Tailored Clothing,8
-2570,initial,179,Great belgargrad Kingdom,Western Plains,102,Hafted Stone Tools,8
-2570,initial,179,Great belgargrad Kingdom,Western Plains,105,Food Preservation,8
-2570,initial,179,Great belgargrad Kingdom,Western Plains,106,Storage Pits and Containers,8
-2570,initial,179,Great belgargrad Kingdom,Western Plains,107,Seasonal Aggregation Camps,8
-2570,initial,179,Great belgargrad Kingdom,Western Plains,111,Grinding Stones,8
-2570,initial,179,Great belgargrad Kingdom,Western Plains,3,Archery,8
-2569,unlock,39,Kingdom of North marromsolland,Monsoon Coastal,7,Wheel,19
-2564,unlock,1,Kingdom of South varranaldesh,Indic Riverine,10,Irrigation,17
-2555,unlock,1,Kingdom of South varranaldesh,Indic Riverine,117,Proto-writing and Administrative Notation,18
-2552,unlock,48,Kingdom of Sekau,Nile Floodplain,7,Wheel,21
-2552,unlock,73,Kingdom of South tolmixchico,Mesoamerican,109,Long-distance Exchange Networks,20
-2545,initial,180,South barnin Kingdom,Fertile Crescent,100,Cordage and Knots,10
-2545,initial,180,South barnin Kingdom,Fertile Crescent,101,Hide Working and Tailored Clothing,10
-2545,initial,180,South barnin Kingdom,Fertile Crescent,102,Hafted Stone Tools,10
-2545,initial,180,South barnin Kingdom,Fertile Crescent,105,Food Preservation,10
-2545,initial,180,South barnin Kingdom,Fertile Crescent,106,Storage Pits and Containers,10
-2545,initial,180,South barnin Kingdom,Fertile Crescent,107,Seasonal Aggregation Camps,10
-2545,initial,180,South barnin Kingdom,Fertile Crescent,110,Dog Domestication,10
-2545,initial,180,South barnin Kingdom,Fertile Crescent,111,Grinding Stones,10
-2545,initial,180,South barnin Kingdom,Fertile Crescent,116,Charcoal Firing,10
-2545,initial,180,South barnin Kingdom,Fertile Crescent,3,Archery,10
-2539,unlock,69,Kingdom of New temtoltan,Mesoamerican,108,Watercraft,22
-2538,unlock,51,New makaseu Tribe,West Sahel,108,Watercraft,18
-2536,unlock,9,New tankanshadesh Tribe,Indic Riverine,7,Wheel,19
-2530,unlock,39,Kingdom of North marromsolland,Monsoon Coastal,12,Shipbuilding,20
-2529,unlock,5,Kingdom of South surkanra,Indic Riverine,10,Irrigation,21
-2517,unlock,1,Kingdom of South varranaldesh,Indic Riverine,7,Wheel,19
-2507,unlock,39,Kingdom of North marromsolland,Monsoon Coastal,10,Irrigation,21
-2506,unlock,48,Kingdom of Sekau,Nile Floodplain,11,Writing,22
-2505,unlock,49,North machilamara Tribe,Nile Floodplain,118,Numeracy and Measurement,27
-2501,unlock,54,Kingdom of Old masezu,East Horn,109,Long-distance Exchange Networks,22
-2493,unlock,49,North machilamara Tribe,Nile Floodplain,15,Currency,28
-2492,unlock,69,Kingdom of New temtoltan,Mesoamerican,5,Sailing,23
-2486,unlock,53,Old barngoara Tribe,East Horn,23,Engineering,19
-2478,unlock,51,New makaseu Tribe,West Sahel,114,Enclosures and Herd Management,19
-2478,unlock,67,Kingdom of Calyucan,Mesoamerican,104,Fishing Technology,16
-2474,unlock,68,Great chinahco Tribe,Mesoamerican,10,Irrigation,14
-2469,unlock,69,Kingdom of New temtoltan,Mesoamerican,109,Long-distance Exchange Networks,24
-2462,unlock,54,Kingdom of Old masezu,East Horn,17,Roads,23
-2459,unlock,48,Kingdom of Sekau,Nile Floodplain,118,Numeracy and Measurement,23
-2457,unlock,51,New makaseu Tribe,West Sahel,109,Long-distance Exchange Networks,20
-2456,unlock,9,New tankanshadesh Tribe,Indic Riverine,10,Irrigation,20
-2452,unlock,70,South itztol Tribe,Mesoamerican,109,Long-distance Exchange Networks,19
-2449,unlock,70,South itztol Tribe,Mesoamerican,5,Sailing,20
-2448,unlock,39,Kingdom of North marromsolland,Monsoon Coastal,109,Long-distance Exchange Networks,22
-2447,unlock,44,Great romsolia Tribe,Monsoon Coastal,17,Roads,25
-2447,unlock,54,Kingdom of Old masezu,East Horn,5,Sailing,24
-2445,unlock,73,Kingdom of South tolmixchico,Mesoamerican,115,Counting Tokens and Tallies,21
-2435,unlock,69,Kingdom of New temtoltan,Mesoamerican,12,Shipbuilding,25
-2433,unlock,48,Kingdom of Sekau,Nile Floodplain,17,Roads,24
-2431,unlock,53,Old barngoara Tribe,East Horn,29,Machinery,20
-2424,unlock,109,South kalarar Tribe,Fertile Crescent,103,Bone and Antler Tools,11
-2402,unlock,67,Kingdom of Calyucan,Mesoamerican,115,Counting Tokens and Tallies,17
-2394,unlock,160,Old ofitantanara Tribe,East Horn,104,Fishing Technology,14
-2392,unlock,65,Kingdom of Great temitztolco,Mesoamerican,114,Enclosures and Herd Management,19
-2390,unlock,54,Kingdom of Old masezu,East Horn,12,Shipbuilding,25
-2389,unlock,9,New tankanshadesh Tribe,Indic Riverine,108,Watercraft,21
-2385,unlock,19,North hanwei Tribe,East Riverine,103,Bone and Antler Tools,11
-2380,unlock,66,Great xoctol Tribe,Mesoamerican,10,Irrigation,19
-2375,unlock,48,Kingdom of Sekau,Nile Floodplain,14,Formal Mathematics,25
-2358,unlock,10,New dravarpur Tribe,Indic Riverine,10,Irrigation,20
-2356,unlock,1,Kingdom of South varranaldesh,Indic Riverine,17,Roads,20
-2355,initial,181,Great tarrombel Tribe,Mediterranean Highland,100,Cordage and Knots,10
-2355,initial,181,Great tarrombel Tribe,Mediterranean Highland,101,Hide Working and Tailored Clothing,10
-2355,initial,181,Great tarrombel Tribe,Mediterranean Highland,102,Hafted Stone Tools,10
-2355,initial,181,Great tarrombel Tribe,Mediterranean Highland,105,Food Preservation,10
-2355,initial,181,Great tarrombel Tribe,Mediterranean Highland,106,Storage Pits and Containers,10
-2355,initial,181,Great tarrombel Tribe,Mediterranean Highland,107,Seasonal Aggregation Camps,10
-2355,initial,181,Great tarrombel Tribe,Mediterranean Highland,110,Dog Domestication,10
-2355,initial,181,Great tarrombel Tribe,Mediterranean Highland,111,Grinding Stones,10
-2355,initial,181,Great tarrombel Tribe,Mediterranean Highland,116,Charcoal Firing,10
-2355,initial,181,Great tarrombel Tribe,Mediterranean Highland,3,Archery,10
-2346,unlock,71,Kingdom of South tolmixco,Mesoamerican,7,Wheel,20
-2345,initial,182,New zenlorzenstan Kingdom,Eastern Woodland,100,Cordage and Knots,8
-2345,initial,182,New zenlorzenstan Kingdom,Eastern Woodland,101,Hide Working and Tailored Clothing,8
-2345,initial,182,New zenlorzenstan Kingdom,Eastern Woodland,102,Hafted Stone Tools,8
-2345,initial,182,New zenlorzenstan Kingdom,Eastern Woodland,105,Food Preservation,8
-2345,initial,182,New zenlorzenstan Kingdom,Eastern Woodland,106,Storage Pits and Containers,8
-2345,initial,182,New zenlorzenstan Kingdom,Eastern Woodland,107,Seasonal Aggregation Camps,8
-2345,initial,182,New zenlorzenstan Kingdom,Eastern Woodland,111,Grinding Stones,8
-2345,initial,182,New zenlorzenstan Kingdom,Eastern Woodland,3,Archery,8
-2343,unlock,1,Kingdom of South varranaldesh,Indic Riverine,103,Bone and Antler Tools,21
-2336,unlock,104,Kingdom of Great vinal,Indic Riverine,118,Numeracy and Measurement,23
-2330,initial,183,New solbeldusland Kingdom,Caribbean Seafaring,100,Cordage and Knots,7
-2330,initial,183,New solbeldusland Kingdom,Caribbean Seafaring,101,Hide Working and Tailored Clothing,7
-2330,initial,183,New solbeldusland Kingdom,Caribbean Seafaring,102,Hafted Stone Tools,7
-2330,initial,183,New solbeldusland Kingdom,Caribbean Seafaring,105,Food Preservation,7
-2330,initial,183,New solbeldusland Kingdom,Caribbean Seafaring,106,Storage Pits and Containers,7
-2330,initial,183,New solbeldusland Kingdom,Caribbean Seafaring,107,Seasonal Aggregation Camps,7
-2330,initial,183,New solbeldusland Kingdom,Caribbean Seafaring,3,Archery,7
-2329,unlock,53,Old barngoara Tribe,East Horn,114,Enclosures and Herd Management,21
-2326,unlock,1,Kingdom of South varranaldesh,Indic Riverine,118,Numeracy and Measurement,22
-2315,initial,184,New shamitpur Kingdom,Indic Riverine,100,Cordage and Knots,19
-2315,initial,184,New shamitpur Kingdom,Indic Riverine,101,Hide Working and Tailored Clothing,19
-2315,initial,184,New shamitpur Kingdom,Indic Riverine,102,Hafted Stone Tools,19
-2315,initial,184,New shamitpur Kingdom,Indic Riverine,103,Bone and Antler Tools,19
-2315,initial,184,New shamitpur Kingdom,Indic Riverine,104,Fishing Technology,19
-2315,initial,184,New shamitpur Kingdom,Indic Riverine,105,Food Preservation,19
-2315,initial,184,New shamitpur Kingdom,Indic Riverine,106,Storage Pits and Containers,19
-2315,initial,184,New shamitpur Kingdom,Indic Riverine,107,Seasonal Aggregation Camps,19
-2315,initial,184,New shamitpur Kingdom,Indic Riverine,110,Dog Domestication,19
-2315,initial,184,New shamitpur Kingdom,Indic Riverine,111,Grinding Stones,19
-2315,initial,184,New shamitpur Kingdom,Indic Riverine,112,Proto-cultivation,19
-2315,initial,184,New shamitpur Kingdom,Indic Riverine,113,Sedentism,19
-2315,initial,184,New shamitpur Kingdom,Indic Riverine,114,Enclosures and Herd Management,19
-2315,initial,184,New shamitpur Kingdom,Indic Riverine,115,Counting Tokens and Tallies,19
-2315,initial,184,New shamitpur Kingdom,Indic Riverine,116,Charcoal Firing,19
-2315,initial,184,New shamitpur Kingdom,Indic Riverine,20,Agriculture,19
-2315,initial,184,New shamitpur Kingdom,Indic Riverine,3,Archery,19
-2315,initial,184,New shamitpur Kingdom,Indic Riverine,6,Calendar,19
-2315,initial,184,New shamitpur Kingdom,Indic Riverine,7,Wheel,19
-2314,unlock,160,Old ofitantanara Tribe,East Horn,115,Counting Tokens and Tallies,15
-2312,unlock,1,Kingdom of South varranaldesh,Indic Riverine,15,Currency,23
-2308,unlock,104,Kingdom of Great vinal,Indic Riverine,15,Currency,24
-2304,unlock,48,Kingdom of Sekau,Nile Floodplain,19,Alphabet,26
-2299,unlock,160,Old ofitantanara Tribe,East Horn,114,Enclosures and Herd Management,16
-2298,unlock,53,Old barngoara Tribe,East Horn,7,Wheel,22
-2285,unlock,51,New makaseu Tribe,West Sahel,5,Sailing,21
-2274,unlock,1,Kingdom of South varranaldesh,Indic Riverine,104,Fishing Technology,24
-2274,unlock,2,New mitra Tribe,Indic Riverine,10,Irrigation,18
-2273,unlock,122,Great ninkal Tribe,Fertile Crescent,103,Bone and Antler Tools,11
-2269,unlock,65,Kingdom of Great temitztolco,Mesoamerican,108,Watercraft,20
-2267,unlock,66,Great xoctol Tribe,Mesoamerican,115,Counting Tokens and Tallies,20
-2264,unlock,65,Kingdom of Great temitztolco,Mesoamerican,7,Wheel,21
-2262,unlock,70,South itztol Tribe,Mesoamerican,115,Counting Tokens and Tallies,21
-2261,unlock,73,Kingdom of North calmix,Mesoamerican,12,Shipbuilding,22
-2258,unlock,53,Old barngoara Tribe,East Horn,17,Roads,23
-2256,unlock,160,Old ofitantanara Tribe,East Horn,10,Irrigation,17
-2248,unlock,89,North terviagargrad Tribe,Western Plains,103,Bone and Antler Tools,9
-2239,unlock,66,Great xoctol Tribe,Mesoamerican,108,Watercraft,21
-2238,unlock,5,Kingdom of South surkanra,Indic Riverine,108,Watercraft,22
-2236,unlock,52,Kingdom of Great mangou,West Sahel,115,Counting Tokens and Tallies,14
-2224,unlock,51,New makaseu Tribe,West Sahel,12,Shipbuilding,22
-2212,unlock,1,Kingdom of South varranaldesh,Indic Riverine,108,Watercraft,25
-2209,unlock,70,Kingdom of Old xocchico,Mesoamerican,12,Shipbuilding,22
-2204,unlock,52,Kingdom of Great mangou,West Sahel,103,Bone and Antler Tools,15
-2203,unlock,51,New makaseu Tribe,West Sahel,103,Bone and Antler Tools,23
-2197,unlock,48,Kingdom of Sekau,Nile Floodplain,15,Currency,27
-2191,unlock,1,Kingdom of South varranaldesh,Indic Riverine,23,Engineering,26
-2191,unlock,52,Kingdom of Great mangou,West Sahel,104,Fishing Technology,16
-2189,unlock,1,Kingdom of South varranaldesh,Indic Riverine,29,Machinery,27
-2182,unlock,1,Kingdom of South varranaldesh,Indic Riverine,5,Sailing,28
-2175,unlock,71,Kingdom of South tolmixco,Mesoamerican,17,Roads,21
-2171,unlock,51,New makaseu Tribe,West Sahel,7,Wheel,24
-2163,unlock,9,New tankanshadesh Tribe,Indic Riverine,109,Long-distance Exchange Networks,22
-2161,unlock,73,Kingdom of North calmix,Mesoamerican,114,Enclosures and Herd Management,23
-2153,unlock,160,Old ofitantanara Tribe,East Horn,7,Wheel,18
-2147,unlock,1,Kingdom of South varranaldesh,Indic Riverine,12,Shipbuilding,29
-2135,unlock,65,Kingdom of Great temitztolco,Mesoamerican,5,Sailing,22
-2135,initial,185,Bellen Kingdom,Mediterranean Highland,100,Cordage and Knots,10
-2135,initial,185,Bellen Kingdom,Mediterranean Highland,101,Hide Working and Tailored Clothing,10
-2135,initial,185,Bellen Kingdom,Mediterranean Highland,102,Hafted Stone Tools,10
-2135,initial,185,Bellen Kingdom,Mediterranean Highland,105,Food Preservation,10
-2135,initial,185,Bellen Kingdom,Mediterranean Highland,106,Storage Pits and Containers,10
-2135,initial,185,Bellen Kingdom,Mediterranean Highland,107,Seasonal Aggregation Camps,10
-2135,initial,185,Bellen Kingdom,Mediterranean Highland,110,Dog Domestication,10
-2135,initial,185,Bellen Kingdom,Mediterranean Highland,111,Grinding Stones,10
-2135,initial,185,Bellen Kingdom,Mediterranean Highland,116,Charcoal Firing,10
-2135,initial,185,Bellen Kingdom,Mediterranean Highland,3,Archery,10
-2134,unlock,100,New dusgarbelland,Caribbean Seafaring,110,Dog Domestication,9
-2133,unlock,177,New mitkannala Kingdom,Indic Riverine,10,Irrigation,20
-2129,unlock,5,Kingdom of South surkanra,Indic Riverine,5,Sailing,22
-2129,unlock,48,Kingdom of Sekau,Nile Floodplain,21,Drama and Poetry,28
-2129,unlock,104,Kingdom of Great vinal,Indic Riverine,108,Watercraft,25
-2128,unlock,10,New dravarpur Tribe,Indic Riverine,17,Roads,21
-2122,unlock,68,Great chinahco Tribe,Mesoamerican,114,Enclosures and Herd Management,15
-2119,unlock,104,Kingdom of Great vinal,Indic Riverine,23,Engineering,26
-2115,initial,186,South kabarara Tribe,Nile Floodplain,100,Cordage and Knots,24
-2115,initial,186,South kabarara Tribe,Nile Floodplain,101,Hide Working and Tailored Clothing,24
-2115,initial,186,South kabarara Tribe,Nile Floodplain,102,Hafted Stone Tools,24
-2115,initial,186,South kabarara Tribe,Nile Floodplain,103,Bone and Antler Tools,24
-2115,initial,186,South kabarara Tribe,Nile Floodplain,104,Fishing Technology,24
-2115,initial,186,South kabarara Tribe,Nile Floodplain,105,Food Preservation,24
-2115,initial,186,South kabarara Tribe,Nile Floodplain,106,Storage Pits and Containers,24
-2115,initial,186,South kabarara Tribe,Nile Floodplain,107,Seasonal Aggregation Camps,24
-2115,initial,186,South kabarara Tribe,Nile Floodplain,110,Dog Domestication,24
-2115,initial,186,South kabarara Tribe,Nile Floodplain,111,Grinding Stones,24
-2115,initial,186,South kabarara Tribe,Nile Floodplain,112,Proto-cultivation,24
-2115,initial,186,South kabarara Tribe,Nile Floodplain,113,Sedentism,24
-2115,initial,186,South kabarara Tribe,Nile Floodplain,114,Enclosures and Herd Management,24
-2115,initial,186,South kabarara Tribe,Nile Floodplain,115,Counting Tokens and Tallies,24
-2115,initial,186,South kabarara Tribe,Nile Floodplain,116,Charcoal Firing,24
-2115,initial,186,South kabarara Tribe,Nile Floodplain,117,Proto-writing and Administrative Notation,24
-2115,initial,186,South kabarara Tribe,Nile Floodplain,118,Numeracy and Measurement,24
-2115,initial,186,South kabarara Tribe,Nile Floodplain,20,Agriculture,24
-2115,initial,186,South kabarara Tribe,Nile Floodplain,3,Archery,24
-2115,initial,186,South kabarara Tribe,Nile Floodplain,6,Calendar,24
-2115,initial,186,South kabarara Tribe,Nile Floodplain,7,Wheel,24
-2115,initial,186,South kabarara Tribe,Nile Floodplain,10,Irrigation,24
-2115,initial,186,South kabarara Tribe,Nile Floodplain,15,Currency,24
-2115,initial,186,South kabarara Tribe,Nile Floodplain,17,Roads,24
-2103,unlock,177,New mitkannala Kingdom,Indic Riverine,117,Proto-writing and Administrative Notation,21
-2102,unlock,51,New makaseu Tribe,West Sahel,17,Roads,25
-2098,unlock,22,South weitaishan Tribe,East Riverine,103,Bone and Antler Tools,11
-2090,initial,187,North shadramitnagar Kingdom,Indic Riverine,100,Cordage and Knots,11
-2090,initial,187,North shadramitnagar Kingdom,Indic Riverine,101,Hide Working and Tailored Clothing,11
-2090,initial,187,North shadramitnagar Kingdom,Indic Riverine,102,Hafted Stone Tools,11
-2090,initial,187,North shadramitnagar Kingdom,Indic Riverine,105,Food Preservation,11
-2090,initial,187,North shadramitnagar Kingdom,Indic Riverine,106,Storage Pits and Containers,11
-2090,initial,187,North shadramitnagar Kingdom,Indic Riverine,107,Seasonal Aggregation Camps,11
-2090,initial,187,North shadramitnagar Kingdom,Indic Riverine,110,Dog Domestication,11
-2090,initial,187,North shadramitnagar Kingdom,Indic Riverine,111,Grinding Stones,11
-2090,initial,187,North shadramitnagar Kingdom,Indic Riverine,116,Charcoal Firing,11
-2090,initial,187,North shadramitnagar Kingdom,Indic Riverine,4,Mining,11
-2090,initial,187,North shadramitnagar Kingdom,Indic Riverine,3,Archery,11
-2086,unlock,52,Kingdom of Great mangou,West Sahel,10,Irrigation,17
-2085,initial,188,Old chitana Tribe,East Horn,100,Cordage and Knots,25
-2085,initial,188,Old chitana Tribe,East Horn,101,Hide Working and Tailored Clothing,25
-2085,initial,188,Old chitana Tribe,East Horn,102,Hafted Stone Tools,25
-2085,initial,188,Old chitana Tribe,East Horn,103,Bone and Antler Tools,25
-2085,initial,188,Old chitana Tribe,East Horn,104,Fishing Technology,25
-2085,initial,188,Old chitana Tribe,East Horn,105,Food Preservation,25
-2085,initial,188,Old chitana Tribe,East Horn,106,Storage Pits and Containers,25
-2085,initial,188,Old chitana Tribe,East Horn,107,Seasonal Aggregation Camps,25
-2085,initial,188,Old chitana Tribe,East Horn,108,Watercraft,25
-2085,initial,188,Old chitana Tribe,East Horn,109,Long-distance Exchange Networks,25
-2085,initial,188,Old chitana Tribe,East Horn,110,Dog Domestication,25
-2085,initial,188,Old chitana Tribe,East Horn,111,Grinding Stones,25
-2085,initial,188,Old chitana Tribe,East Horn,112,Proto-cultivation,25
-2085,initial,188,Old chitana Tribe,East Horn,113,Sedentism,25
-2085,initial,188,Old chitana Tribe,East Horn,114,Enclosures and Herd Management,25
-2085,initial,188,Old chitana Tribe,East Horn,115,Counting Tokens and Tallies,25
-2085,initial,188,Old chitana Tribe,East Horn,116,Charcoal Firing,25
-2085,initial,188,Old chitana Tribe,East Horn,20,Agriculture,25
-2085,initial,188,Old chitana Tribe,East Horn,3,Archery,25
-2085,initial,188,Old chitana Tribe,East Horn,5,Sailing,25
-2085,initial,188,Old chitana Tribe,East Horn,6,Calendar,25
-2085,initial,188,Old chitana Tribe,East Horn,7,Wheel,25
-2085,initial,188,Old chitana Tribe,East Horn,10,Irrigation,25
-2085,initial,188,Old chitana Tribe,East Horn,12,Shipbuilding,25
-2085,initial,188,Old chitana Tribe,East Horn,17,Roads,25
-2079,unlock,65,Kingdom of Great temitztolco,Mesoamerican,17,Roads,23
-2077,unlock,160,Old ofitantanara Tribe,East Horn,108,Watercraft,19
-2076,unlock,51,New makaseu Tribe,West Sahel,23,Engineering,26
-2071,unlock,48,Kingdom of North mangolamu,Nile Floodplain,22,Philosophy,29
-2057,unlock,160,Old ofitantanara Tribe,East Horn,110,Dog Domestication,20
-2048,unlock,66,Great xoctol Tribe,Mesoamerican,117,Proto-writing and Administrative Notation,22
-2037,unlock,21,Kingdom of Minweixiashan,East Riverine,103,Bone and Antler Tools,11
-2029,unlock,25,Kingdom of Minminxiashan,East Riverine,103,Bone and Antler Tools,11
-2025,unlock,52,Kingdom of Great mangou,West Sahel,114,Enclosures and Herd Management,18
-2022,unlock,119,New suyupachyu Tribe,Andean Highland,103,Bone and Antler Tools,11
-2020,initial,189,Old urbar Kingdom,Fertile Crescent,100,Cordage and Knots,10
-2020,initial,189,Old urbar Kingdom,Fertile Crescent,101,Hide Working and Tailored Clothing,10
-2020,initial,189,Old urbar Kingdom,Fertile Crescent,102,Hafted Stone Tools,10
-2020,initial,189,Old urbar Kingdom,Fertile Crescent,105,Food Preservation,10
-2020,initial,189,Old urbar Kingdom,Fertile Crescent,106,Storage Pits and Containers,10
-2020,initial,189,Old urbar Kingdom,Fertile Crescent,107,Seasonal Aggregation Camps,10
-2020,initial,189,Old urbar Kingdom,Fertile Crescent,110,Dog Domestication,10
-2020,initial,189,Old urbar Kingdom,Fertile Crescent,111,Grinding Stones,10
-2020,initial,189,Old urbar Kingdom,Fertile Crescent,116,Charcoal Firing,10
-2020,initial,189,Old urbar Kingdom,Fertile Crescent,3,Archery,10
-2014,unlock,39,Kingdom of North ranzenterland,Monsoon Coastal,17,Roads,23
-2007,unlock,9,New tankanshadesh Tribe,Indic Riverine,117,Proto-writing and Administrative Notation,23
-1995,unlock,2,New mitra Tribe,Indic Riverine,117,Proto-writing and Administrative Notation,19
-1989,unlock,67,Kingdom of Calyucan,Mesoamerican,108,Watercraft,18
-1987,unlock,38,Sameshuran Tribe,Fertile Crescent,8,Masonry,14
-1973,unlock,65,Kingdom of Great temitztolco,Mesoamerican,12,Shipbuilding,24
-1960,unlock,53,Old barngoara Tribe,East Horn,108,Watercraft,24
-1960,initial,190,New ranquiloria Kingdom,Western Plains,100,Cordage and Knots,8
-1960,initial,190,New ranquiloria Kingdom,Western Plains,101,Hide Working and Tailored Clothing,8
-1960,initial,190,New ranquiloria Kingdom,Western Plains,102,Hafted Stone Tools,8
-1960,initial,190,New ranquiloria Kingdom,Western Plains,105,Food Preservation,8
-1960,initial,190,New ranquiloria Kingdom,Western Plains,106,Storage Pits and Containers,8
-1960,initial,190,New ranquiloria Kingdom,Western Plains,107,Seasonal Aggregation Camps,8
-1960,initial,190,New ranquiloria Kingdom,Western Plains,111,Grinding Stones,8
-1960,initial,190,New ranquiloria Kingdom,Western Plains,3,Archery,8
-1959,unlock,160,Old ofitantanara Tribe,East Horn,103,Bone and Antler Tools,21
-1958,unlock,160,Old ofitantanara Tribe,East Horn,17,Roads,22
-1956,unlock,104,Kingdom of Great vinal,Indic Riverine,109,Long-distance Exchange Networks,27
-1956,unlock,142,Qoritupintiyu Tribe,Andean Highland,4,Mining,10
-1954,unlock,104,Kingdom of Great vinal,Indic Riverine,5,Sailing,28
-1950,initial,191,Great linmarstan Kingdom,Western Plains,100,Cordage and Knots,8
-1950,initial,191,Great linmarstan Kingdom,Western Plains,101,Hide Working and Tailored Clothing,8
-1950,initial,191,Great linmarstan Kingdom,Western Plains,102,Hafted Stone Tools,8
-1950,initial,191,Great linmarstan Kingdom,Western Plains,105,Food Preservation,8
-1950,initial,191,Great linmarstan Kingdom,Western Plains,106,Storage Pits and Containers,8
-1950,initial,191,Great linmarstan Kingdom,Western Plains,107,Seasonal Aggregation Camps,8
-1950,initial,191,Great linmarstan Kingdom,Western Plains,111,Grinding Stones,8
-1950,initial,191,Great linmarstan Kingdom,Western Plains,3,Archery,8
-1944,unlock,66,Great xoctol Tribe,Mesoamerican,17,Roads,23
-1943,unlock,48,Kingdom of North mangolamu,Nile Floodplain,30,Education,30
-1935,initial,192,North tanbartana Kingdom,West Sahel,100,Cordage and Knots,18
-1935,initial,192,North tanbartana Kingdom,West Sahel,101,Hide Working and Tailored Clothing,18
-1935,initial,192,North tanbartana Kingdom,West Sahel,102,Hafted Stone Tools,18
-1935,initial,192,North tanbartana Kingdom,West Sahel,103,Bone and Antler Tools,18
-1935,initial,192,North tanbartana Kingdom,West Sahel,104,Fishing Technology,18
-1935,initial,192,North tanbartana Kingdom,West Sahel,105,Food Preservation,18
-1935,initial,192,North tanbartana Kingdom,West Sahel,106,Storage Pits and Containers,18
-1935,initial,192,North tanbartana Kingdom,West Sahel,107,Seasonal Aggregation Camps,18
-1935,initial,192,North tanbartana Kingdom,West Sahel,111,Grinding Stones,18
-1935,initial,192,North tanbartana Kingdom,West Sahel,112,Proto-cultivation,18
-1935,initial,192,North tanbartana Kingdom,West Sahel,113,Sedentism,18
-1935,initial,192,North tanbartana Kingdom,West Sahel,114,Enclosures and Herd Management,18
-1935,initial,192,North tanbartana Kingdom,West Sahel,115,Counting Tokens and Tallies,18
-1935,initial,192,North tanbartana Kingdom,West Sahel,116,Charcoal Firing,18
-1935,initial,192,North tanbartana Kingdom,West Sahel,20,Agriculture,18
-1935,initial,192,North tanbartana Kingdom,West Sahel,3,Archery,18
-1935,initial,192,North tanbartana Kingdom,West Sahel,6,Calendar,18
-1935,initial,192,North tanbartana Kingdom,West Sahel,10,Irrigation,18
-1932,unlock,1,Kingdom of South varranaldesh,Indic Riverine,109,Long-distance Exchange Networks,30
-1930,unlock,105,South belsel Tribe,Central Plain,103,Bone and Antler Tools,12
-1928,unlock,53,Old barngoara Tribe,East Horn,5,Sailing,25
-1926,unlock,9,New tankanshadesh Tribe,Indic Riverine,5,Sailing,24
-1925,unlock,110,Kingdom of North kalbarad,Fertile Crescent,103,Bone and Antler Tools,13
-1925,initial,193,New arbelkal Kingdom,Fertile Crescent,100,Cordage and Knots,10
-1925,initial,193,New arbelkal Kingdom,Fertile Crescent,101,Hide Working and Tailored Clothing,10
-1925,initial,193,New arbelkal Kingdom,Fertile Crescent,102,Hafted Stone Tools,10
-1925,initial,193,New arbelkal Kingdom,Fertile Crescent,105,Food Preservation,10
-1925,initial,193,New arbelkal Kingdom,Fertile Crescent,106,Storage Pits and Containers,10
-1925,initial,193,New arbelkal Kingdom,Fertile Crescent,107,Seasonal Aggregation Camps,10
-1925,initial,193,New arbelkal Kingdom,Fertile Crescent,110,Dog Domestication,10
-1925,initial,193,New arbelkal Kingdom,Fertile Crescent,111,Grinding Stones,10
-1925,initial,193,New arbelkal Kingdom,Fertile Crescent,116,Charcoal Firing,10
-1925,initial,193,New arbelkal Kingdom,Fertile Crescent,3,Archery,10
-1915,initial,194,Alselburg Kingdom,Mediterranean Highland,100,Cordage and Knots,10
-1915,initial,194,Alselburg Kingdom,Mediterranean Highland,101,Hide Working and Tailored Clothing,10
-1915,initial,194,Alselburg Kingdom,Mediterranean Highland,102,Hafted Stone Tools,10
-1915,initial,194,Alselburg Kingdom,Mediterranean Highland,105,Food Preservation,10
-1915,initial,194,Alselburg Kingdom,Mediterranean Highland,106,Storage Pits and Containers,10
-1915,initial,194,Alselburg Kingdom,Mediterranean Highland,107,Seasonal Aggregation Camps,10
-1915,initial,194,Alselburg Kingdom,Mediterranean Highland,110,Dog Domestication,10
-1915,initial,194,Alselburg Kingdom,Mediterranean Highland,111,Grinding Stones,10
-1915,initial,194,Alselburg Kingdom,Mediterranean Highland,116,Charcoal Firing,10
-1915,initial,194,Alselburg Kingdom,Mediterranean Highland,3,Archery,10
-1910,unlock,27,Kingdom of South linlinzhou,East Riverine,103,Bone and Antler Tools,11
-1900,unlock,160,Old ofitantanara Tribe,East Horn,5,Sailing,23
-1895,initial,195,South ngobar Kingdom,West Sahel,100,Cordage and Knots,13
-1895,initial,195,South ngobar Kingdom,West Sahel,101,Hide Working and Tailored Clothing,13
-1895,initial,195,South ngobar Kingdom,West Sahel,102,Hafted Stone Tools,13
-1895,initial,195,South ngobar Kingdom,West Sahel,105,Food Preservation,13
-1895,initial,195,South ngobar Kingdom,West Sahel,106,Storage Pits and Containers,13
-1895,initial,195,South ngobar Kingdom,West Sahel,107,Seasonal Aggregation Camps,13
-1895,initial,195,South ngobar Kingdom,West Sahel,111,Grinding Stones,13
-1895,initial,195,South ngobar Kingdom,West Sahel,112,Proto-cultivation,13
-1895,initial,195,South ngobar Kingdom,West Sahel,113,Sedentism,13
-1895,initial,195,South ngobar Kingdom,West Sahel,116,Charcoal Firing,13
-1895,initial,195,South ngobar Kingdom,West Sahel,20,Agriculture,13
-1895,initial,195,South ngobar Kingdom,West Sahel,3,Archery,13
-1895,initial,195,South ngobar Kingdom,West Sahel,6,Calendar,13
-1881,unlock,53,Old barngoara Tribe,East Horn,12,Shipbuilding,26
-1877,unlock,160,Old ofitantanara Tribe,East Horn,29,Machinery,24
-1873,unlock,10,Kingdom of Kanvia,Indic Riverine,117,Proto-writing and Administrative Notation,20
-1870,unlock,117,Kingdom of Great lixiarenshan,East Riverine,103,Bone and Antler Tools,11
-1865,initial,196,Great ngokatanu Tribe,West Sahel,100,Cordage and Knots,26
-1865,initial,196,Great ngokatanu Tribe,West Sahel,101,Hide Working and Tailored Clothing,26
-1865,initial,196,Great ngokatanu Tribe,West Sahel,102,Hafted Stone Tools,26
-1865,initial,196,Great ngokatanu Tribe,West Sahel,103,Bone and Antler Tools,26
-1865,initial,196,Great ngokatanu Tribe,West Sahel,104,Fishing Technology,26
-1865,initial,196,Great ngokatanu Tribe,West Sahel,105,Food Preservation,26
-1865,initial,196,Great ngokatanu Tribe,West Sahel,106,Storage Pits and Containers,26
-1865,initial,196,Great ngokatanu Tribe,West Sahel,107,Seasonal Aggregation Camps,26
-1865,initial,196,Great ngokatanu Tribe,West Sahel,108,Watercraft,26
-1865,initial,196,Great ngokatanu Tribe,West Sahel,109,Long-distance Exchange Networks,26
-1865,initial,196,Great ngokatanu Tribe,West Sahel,110,Dog Domestication,26
-1865,initial,196,Great ngokatanu Tribe,West Sahel,111,Grinding Stones,26
-1865,initial,196,Great ngokatanu Tribe,West Sahel,112,Proto-cultivation,26
-1865,initial,196,Great ngokatanu Tribe,West Sahel,113,Sedentism,26
-1865,initial,196,Great ngokatanu Tribe,West Sahel,114,Enclosures and Herd Management,26
-1865,initial,196,Great ngokatanu Tribe,West Sahel,115,Counting Tokens and Tallies,26
-1865,initial,196,Great ngokatanu Tribe,West Sahel,116,Charcoal Firing,26
-1865,initial,196,Great ngokatanu Tribe,West Sahel,20,Agriculture,26
-1865,initial,196,Great ngokatanu Tribe,West Sahel,3,Archery,26
-1865,initial,196,Great ngokatanu Tribe,West Sahel,5,Sailing,26
-1865,initial,196,Great ngokatanu Tribe,West Sahel,6,Calendar,26
-1865,initial,196,Great ngokatanu Tribe,West Sahel,7,Wheel,26
-1865,initial,196,Great ngokatanu Tribe,West Sahel,10,Irrigation,26
-1865,initial,196,Great ngokatanu Tribe,West Sahel,12,Shipbuilding,26
-1865,initial,196,Great ngokatanu Tribe,West Sahel,17,Roads,26
-1865,initial,196,Great ngokatanu Tribe,West Sahel,23,Engineering,26
-1861,unlock,114,Kingdom of North minweiweishan,East Riverine,103,Bone and Antler Tools,11
-1860,initial,197,New tankalama Kingdom,Nile Floodplain,100,Cordage and Knots,24
-1860,initial,197,New tankalama Kingdom,Nile Floodplain,101,Hide Working and Tailored Clothing,24
-1860,initial,197,New tankalama Kingdom,Nile Floodplain,102,Hafted Stone Tools,24
-1860,initial,197,New tankalama Kingdom,Nile Floodplain,103,Bone and Antler Tools,24
-1860,initial,197,New tankalama Kingdom,Nile Floodplain,104,Fishing Technology,24
-1860,initial,197,New tankalama Kingdom,Nile Floodplain,105,Food Preservation,24
-1860,initial,197,New tankalama Kingdom,Nile Floodplain,106,Storage Pits and Containers,24
-1860,initial,197,New tankalama Kingdom,Nile Floodplain,107,Seasonal Aggregation Camps,24
-1860,initial,197,New tankalama Kingdom,Nile Floodplain,110,Dog Domestication,24
-1860,initial,197,New tankalama Kingdom,Nile Floodplain,111,Grinding Stones,24
-1860,initial,197,New tankalama Kingdom,Nile Floodplain,112,Proto-cultivation,24
-1860,initial,197,New tankalama Kingdom,Nile Floodplain,113,Sedentism,24
-1860,initial,197,New tankalama Kingdom,Nile Floodplain,114,Enclosures and Herd Management,24
-1860,initial,197,New tankalama Kingdom,Nile Floodplain,115,Counting Tokens and Tallies,24
-1860,initial,197,New tankalama Kingdom,Nile Floodplain,116,Charcoal Firing,24
-1860,initial,197,New tankalama Kingdom,Nile Floodplain,117,Proto-writing and Administrative Notation,24
-1860,initial,197,New tankalama Kingdom,Nile Floodplain,118,Numeracy and Measurement,24
-1860,initial,197,New tankalama Kingdom,Nile Floodplain,20,Agriculture,24
-1860,initial,197,New tankalama Kingdom,Nile Floodplain,3,Archery,24
-1860,initial,197,New tankalama Kingdom,Nile Floodplain,6,Calendar,24
-1860,initial,197,New tankalama Kingdom,Nile Floodplain,7,Wheel,24
-1860,initial,197,New tankalama Kingdom,Nile Floodplain,10,Irrigation,24
-1860,initial,197,New tankalama Kingdom,Nile Floodplain,15,Currency,24
-1860,initial,197,New tankalama Kingdom,Nile Floodplain,17,Roads,24
-1858,unlock,104,Kingdom of Great vinal,Indic Riverine,12,Shipbuilding,29
-1858,unlock,177,New mitkannala Kingdom,Indic Riverine,108,Watercraft,21
-1849,unlock,2,New mitra Tribe,Indic Riverine,104,Fishing Technology,20
-1847,unlock,73,Kingdom of North calmix,Mesoamerican,7,Wheel,24
-1840,initial,198,North rumrumrumna Kingdom,Andean Highland,100,Cordage and Knots,10
-1840,initial,198,North rumrumrumna Kingdom,Andean Highland,101,Hide Working and Tailored Clothing,10
-1840,initial,198,North rumrumrumna Kingdom,Andean Highland,102,Hafted Stone Tools,10
-1840,initial,198,North rumrumrumna Kingdom,Andean Highland,105,Food Preservation,10
-1840,initial,198,North rumrumrumna Kingdom,Andean Highland,106,Storage Pits and Containers,10
-1840,initial,198,North rumrumrumna Kingdom,Andean Highland,107,Seasonal Aggregation Camps,10
-1840,initial,198,North rumrumrumna Kingdom,Andean Highland,111,Grinding Stones,10
-1840,initial,198,North rumrumrumna Kingdom,Andean Highland,116,Charcoal Firing,10
-1840,initial,198,North rumrumrumna Kingdom,Andean Highland,4,Mining,10
-1840,initial,198,North rumrumrumna Kingdom,Andean Highland,3,Archery,10
-1830,unlock,126,Kingdom of Old mitshasurpur,Indic Riverine,103,Bone and Antler Tools,11
-1823,unlock,2,New mitra Tribe,Indic Riverine,11,Writing,21
-1819,unlock,49,North machilamara Tribe,Nile Floodplain,14,Formal Mathematics,27
-1797,unlock,67,Kingdom of Chinahyucco,Mesoamerican,114,Enclosures and Herd Management,19
-1792,unlock,2,New mitra Tribe,Indic Riverine,7,Wheel,22
-1792,unlock,70,Kingdom of Old xocchico,Mesoamerican,114,Enclosures and Herd Management,23
-1791,unlock,104,Kingdom of North kanraa,Indic Riverine,29,Machinery,30
-1784,unlock,68,Great chinahco Tribe,Mesoamerican,7,Wheel,16
-1781,unlock,45,Kingdom of North zenviarangrad,Steppe Nomadic,103,Bone and Antler Tools,10
-1780,initial,199,New zhoqinhanzhou Tribe,East Riverine,100,Cordage and Knots,11
-1780,initial,199,New zhoqinhanzhou Tribe,East Riverine,101,Hide Working and Tailored Clothing,11
-1780,initial,199,New zhoqinhanzhou Tribe,East Riverine,102,Hafted Stone Tools,11
-1780,initial,199,New zhoqinhanzhou Tribe,East Riverine,103,Bone and Antler Tools,11
-1780,initial,199,New zhoqinhanzhou Tribe,East Riverine,105,Food Preservation,11
-1780,initial,199,New zhoqinhanzhou Tribe,East Riverine,106,Storage Pits and Containers,11
-1780,initial,199,New zhoqinhanzhou Tribe,East Riverine,107,Seasonal Aggregation Camps,11
-1780,initial,199,New zhoqinhanzhou Tribe,East Riverine,110,Dog Domestication,11
-1780,initial,199,New zhoqinhanzhou Tribe,East Riverine,111,Grinding Stones,11
-1780,initial,199,New zhoqinhanzhou Tribe,East Riverine,116,Charcoal Firing,11
-1780,initial,199,New zhoqinhanzhou Tribe,East Riverine,3,Archery,11
-1778,unlock,67,Kingdom of Chinahyucco,Mesoamerican,5,Sailing,20
-1768,unlock,67,Kingdom of Chinahyucco,Mesoamerican,110,Dog Domestication,21
-1759,unlock,12,Kingdom of North varrasurnagar,Indic Riverine,104,Fishing Technology,12
-1755,unlock,65,Kingdom of Great temitztolco,Mesoamerican,109,Long-distance Exchange Networks,25
-1752,unlock,2,New mitra Tribe,Indic Riverine,118,Numeracy and Measurement,23
-1745,unlock,49,North machilamara Tribe,Nile Floodplain,21,Drama and Poetry,29
-1740,unlock,49,North machilamara Tribe,Nile Floodplain,24,Optics,30
-1736,unlock,160,Old ofitantanara Tribe,East Horn,23,Engineering,25
-1731,unlock,31,Kingdom of South ashashkalum,Fertile Crescent,120,Copper Smelting,13
-1725,unlock,48,Kingdom of North mangolamu,Nile Floodplain,27,Democracy,31
-1720,unlock,72,Kingdom of New temmixco,Mesoamerican,10,Irrigation,21
-1720,unlock,107,New romzenia Tribe,Western Plains,110,Dog Domestication,9
-1719,unlock,49,North machilamara Tribe,Nile Floodplain,27,Democracy,31
-1715,initial,200,Old tanzuene Kingdom,West Sahel,100,Cordage and Knots,18
-1715,initial,200,Old tanzuene Kingdom,West Sahel,101,Hide Working and Tailored Clothing,18
-1715,initial,200,Old tanzuene Kingdom,West Sahel,102,Hafted Stone Tools,18
-1715,initial,200,Old tanzuene Kingdom,West Sahel,103,Bone and Antler Tools,18
-1715,initial,200,Old tanzuene Kingdom,West Sahel,104,Fishing Technology,18
-1715,initial,200,Old tanzuene Kingdom,West Sahel,105,Food Preservation,18
-1715,initial,200,Old tanzuene Kingdom,West Sahel,106,Storage Pits and Containers,18
-1715,initial,200,Old tanzuene Kingdom,West Sahel,107,Seasonal Aggregation Camps,18
-1715,initial,200,Old tanzuene Kingdom,West Sahel,111,Grinding Stones,18
-1715,initial,200,Old tanzuene Kingdom,West Sahel,112,Proto-cultivation,18
-1715,initial,200,Old tanzuene Kingdom,West Sahel,113,Sedentism,18
-1715,initial,200,Old tanzuene Kingdom,West Sahel,114,Enclosures and Herd Management,18
-1715,initial,200,Old tanzuene Kingdom,West Sahel,115,Counting Tokens and Tallies,18
-1715,initial,200,Old tanzuene Kingdom,West Sahel,116,Charcoal Firing,18
-1715,initial,200,Old tanzuene Kingdom,West Sahel,20,Agriculture,18
-1715,initial,200,Old tanzuene Kingdom,West Sahel,3,Archery,18
-1715,initial,200,Old tanzuene Kingdom,West Sahel,6,Calendar,18
-1715,initial,200,Old tanzuene Kingdom,West Sahel,10,Irrigation,18
-1714,unlock,2,New mitra Tribe,Indic Riverine,15,Currency,24
-1714,unlock,5,Kingdom of South surkanra,Indic Riverine,7,Wheel,23
-1710,unlock,95,Kingdom of Great romrania,Western Plains,103,Bone and Antler Tools,9
-1703,unlock,160,Old ofitantanara Tribe,East Horn,12,Shipbuilding,26
-1693,unlock,66,Kingdom of Teoitztolpan,Mesoamerican,5,Sailing,24
-1691,unlock,9,New tankanshadesh Tribe,Indic Riverine,17,Roads,25
-1679,unlock,108,Old tameshar,Fertile Crescent,103,Bone and Antler Tools,11
-1679,unlock,160,Old ofitantanara Tribe,East Horn,109,Long-distance Exchange Networks,27
-1675,initial,201,South quilorland Kingdom,Western Plains,100,Cordage and Knots,8
-1675,initial,201,South quilorland Kingdom,Western Plains,101,Hide Working and Tailored Clothing,8
-1675,initial,201,South quilorland Kingdom,Western Plains,102,Hafted Stone Tools,8
-1675,initial,201,South quilorland Kingdom,Western Plains,105,Food Preservation,8
-1675,initial,201,South quilorland Kingdom,Western Plains,106,Storage Pits and Containers,8
-1675,initial,201,South quilorland Kingdom,Western Plains,107,Seasonal Aggregation Camps,8
-1675,initial,201,South quilorland Kingdom,Western Plains,111,Grinding Stones,8
-1675,initial,201,South quilorland Kingdom,Western Plains,3,Archery,8
-1670,initial,202,Great ravarpur Kingdom,Indic Riverine,100,Cordage and Knots,19
-1670,initial,202,Great ravarpur Kingdom,Indic Riverine,101,Hide Working and Tailored Clothing,19
-1670,initial,202,Great ravarpur Kingdom,Indic Riverine,102,Hafted Stone Tools,19
-1670,initial,202,Great ravarpur Kingdom,Indic Riverine,103,Bone and Antler Tools,19
-1670,initial,202,Great ravarpur Kingdom,Indic Riverine,104,Fishing Technology,19
-1670,initial,202,Great ravarpur Kingdom,Indic Riverine,105,Food Preservation,19
-1670,initial,202,Great ravarpur Kingdom,Indic Riverine,106,Storage Pits and Containers,19
-1670,initial,202,Great ravarpur Kingdom,Indic Riverine,107,Seasonal Aggregation Camps,19
-1670,initial,202,Great ravarpur Kingdom,Indic Riverine,110,Dog Domestication,19
-1670,initial,202,Great ravarpur Kingdom,Indic Riverine,111,Grinding Stones,19
-1670,initial,202,Great ravarpur Kingdom,Indic Riverine,112,Proto-cultivation,19
-1670,initial,202,Great ravarpur Kingdom,Indic Riverine,113,Sedentism,19
-1670,initial,202,Great ravarpur Kingdom,Indic Riverine,114,Enclosures and Herd Management,19
-1670,initial,202,Great ravarpur Kingdom,Indic Riverine,115,Counting Tokens and Tallies,19
-1670,initial,202,Great ravarpur Kingdom,Indic Riverine,116,Charcoal Firing,19
-1670,initial,202,Great ravarpur Kingdom,Indic Riverine,20,Agriculture,19
-1670,initial,202,Great ravarpur Kingdom,Indic Riverine,3,Archery,19
-1670,initial,202,Great ravarpur Kingdom,Indic Riverine,6,Calendar,19
-1670,initial,202,Great ravarpur Kingdom,Indic Riverine,7,Wheel,19
-1665,unlock,177,New mitkannala Kingdom,Indic Riverine,5,Sailing,22
-1663,unlock,28,Kingdom of New eshninar,Fertile Crescent,8,Masonry,13
-1661,unlock,5,Kingdom of South surkanra,Indic Riverine,109,Long-distance Exchange Networks,24
-1656,unlock,39,Kingdom of North ranzenterland,Monsoon Coastal,103,Bone and Antler Tools,24
-1655,unlock,107,New romzenia Tribe,Western Plains,103,Bone and Antler Tools,10
-1655,initial,203,Rahivarangia Kingdom,Oceanic Navigators,100,Cordage and Knots,7
-1655,initial,203,Rahivarangia Kingdom,Oceanic Navigators,101,Hide Working and Tailored Clothing,7
-1655,initial,203,Rahivarangia Kingdom,Oceanic Navigators,102,Hafted Stone Tools,7
-1655,initial,203,Rahivarangia Kingdom,Oceanic Navigators,105,Food Preservation,7
-1655,initial,203,Rahivarangia Kingdom,Oceanic Navigators,106,Storage Pits and Containers,7
-1655,initial,203,Rahivarangia Kingdom,Oceanic Navigators,107,Seasonal Aggregation Camps,7
-1655,initial,203,Rahivarangia Kingdom,Oceanic Navigators,3,Archery,7
-1645,initial,204,New kachilamara Kingdom,West Sahel,100,Cordage and Knots,21
-1645,initial,204,New kachilamara Kingdom,West Sahel,101,Hide Working and Tailored Clothing,21
-1645,initial,204,New kachilamara Kingdom,West Sahel,102,Hafted Stone Tools,21
-1645,initial,204,New kachilamara Kingdom,West Sahel,103,Bone and Antler Tools,21
-1645,initial,204,New kachilamara Kingdom,West Sahel,104,Fishing Technology,21
-1645,initial,204,New kachilamara Kingdom,West Sahel,105,Food Preservation,21
-1645,initial,204,New kachilamara Kingdom,West Sahel,106,Storage Pits and Containers,21
-1645,initial,204,New kachilamara Kingdom,West Sahel,107,Seasonal Aggregation Camps,21
-1645,initial,204,New kachilamara Kingdom,West Sahel,110,Dog Domestication,21
-1645,initial,204,New kachilamara Kingdom,West Sahel,111,Grinding Stones,21
-1645,initial,204,New kachilamara Kingdom,West Sahel,112,Proto-cultivation,21
-1645,initial,204,New kachilamara Kingdom,West Sahel,113,Sedentism,21
-1645,initial,204,New kachilamara Kingdom,West Sahel,114,Enclosures and Herd Management,21
-1645,initial,204,New kachilamara Kingdom,West Sahel,115,Counting Tokens and Tallies,21
-1645,initial,204,New kachilamara Kingdom,West Sahel,116,Charcoal Firing,21
-1645,initial,204,New kachilamara Kingdom,West Sahel,20,Agriculture,21
-1645,initial,204,New kachilamara Kingdom,West Sahel,3,Archery,21
-1645,initial,204,New kachilamara Kingdom,West Sahel,6,Calendar,21
-1645,initial,204,New kachilamara Kingdom,West Sahel,7,Wheel,21
-1645,initial,204,New kachilamara Kingdom,West Sahel,10,Irrigation,21
-1645,initial,204,New kachilamara Kingdom,West Sahel,17,Roads,21
-1640,initial,205,North bararbelan Kingdom,Fertile Crescent,100,Cordage and Knots,10
-1640,initial,205,North bararbelan Kingdom,Fertile Crescent,101,Hide Working and Tailored Clothing,10
-1640,initial,205,North bararbelan Kingdom,Fertile Crescent,102,Hafted Stone Tools,10
-1640,initial,205,North bararbelan Kingdom,Fertile Crescent,105,Food Preservation,10
-1640,initial,205,North bararbelan Kingdom,Fertile Crescent,106,Storage Pits and Containers,10
-1640,initial,205,North bararbelan Kingdom,Fertile Crescent,107,Seasonal Aggregation Camps,10
-1640,initial,205,North bararbelan Kingdom,Fertile Crescent,110,Dog Domestication,10
-1640,initial,205,North bararbelan Kingdom,Fertile Crescent,111,Grinding Stones,10
-1640,initial,205,North bararbelan Kingdom,Fertile Crescent,116,Charcoal Firing,10
-1640,initial,205,North bararbelan Kingdom,Fertile Crescent,3,Archery,10
-1640,initial,206,New lamlamene Kingdom,Nile Floodplain,100,Cordage and Knots,32
-1640,initial,206,New lamlamene Kingdom,Nile Floodplain,101,Hide Working and Tailored Clothing,32
-1640,initial,206,New lamlamene Kingdom,Nile Floodplain,102,Hafted Stone Tools,32
-1640,initial,206,New lamlamene Kingdom,Nile Floodplain,103,Bone and Antler Tools,32
-1640,initial,206,New lamlamene Kingdom,Nile Floodplain,104,Fishing Technology,32
-1640,initial,206,New lamlamene Kingdom,Nile Floodplain,105,Food Preservation,32
-1640,initial,206,New lamlamene Kingdom,Nile Floodplain,106,Storage Pits and Containers,32
-1640,initial,206,New lamlamene Kingdom,Nile Floodplain,107,Seasonal Aggregation Camps,32
-1640,initial,206,New lamlamene Kingdom,Nile Floodplain,110,Dog Domestication,32
-1640,initial,206,New lamlamene Kingdom,Nile Floodplain,111,Grinding Stones,32
-1640,initial,206,New lamlamene Kingdom,Nile Floodplain,112,Proto-cultivation,32
-1640,initial,206,New lamlamene Kingdom,Nile Floodplain,113,Sedentism,32
-1640,initial,206,New lamlamene Kingdom,Nile Floodplain,114,Enclosures and Herd Management,32
-1640,initial,206,New lamlamene Kingdom,Nile Floodplain,115,Counting Tokens and Tallies,32
-1640,initial,206,New lamlamene Kingdom,Nile Floodplain,116,Charcoal Firing,32
-1640,initial,206,New lamlamene Kingdom,Nile Floodplain,117,Proto-writing and Administrative Notation,32
-1640,initial,206,New lamlamene Kingdom,Nile Floodplain,118,Numeracy and Measurement,32
-1640,initial,206,New lamlamene Kingdom,Nile Floodplain,20,Agriculture,32
-1640,initial,206,New lamlamene Kingdom,Nile Floodplain,11,Writing,32
-1640,initial,206,New lamlamene Kingdom,Nile Floodplain,3,Archery,32
-1640,initial,206,New lamlamene Kingdom,Nile Floodplain,6,Calendar,32
-1640,initial,206,New lamlamene Kingdom,Nile Floodplain,7,Wheel,32
-1640,initial,206,New lamlamene Kingdom,Nile Floodplain,10,Irrigation,32
-1640,initial,206,New lamlamene Kingdom,Nile Floodplain,14,Formal Mathematics,32
-1640,initial,206,New lamlamene Kingdom,Nile Floodplain,15,Currency,32
-1640,initial,206,New lamlamene Kingdom,Nile Floodplain,17,Roads,32
-1640,initial,206,New lamlamene Kingdom,Nile Floodplain,19,Alphabet,32
-1640,initial,206,New lamlamene Kingdom,Nile Floodplain,21,Drama and Poetry,32
-1640,initial,206,New lamlamene Kingdom,Nile Floodplain,22,Philosophy,32
-1640,initial,206,New lamlamene Kingdom,Nile Floodplain,24,Optics,32
-1640,initial,206,New lamlamene Kingdom,Nile Floodplain,27,Democracy,32
-1640,initial,206,New lamlamene Kingdom,Nile Floodplain,30,Education,32
-1633,unlock,73,Kingdom of North calmix,Mesoamerican,17,Roads,25
-1629,unlock,100,New dusgarbelland,Caribbean Seafaring,103,Bone and Antler Tools,10
-1625,unlock,70,Kingdom of Old xocchico,Mesoamerican,7,Wheel,24
-1622,unlock,2,New mitra Tribe,Indic Riverine,17,Roads,25
-1610,unlock,116,Great ashashbelum Tribe,Fertile Crescent,8,Masonry,13
-1602,unlock,9,New tankanshadesh Tribe,Indic Riverine,12,Shipbuilding,26
-1599,unlock,9,New tankanshadesh Tribe,Indic Riverine,29,Machinery,27
-1591,unlock,66,Kingdom of Teoitztolpan,Mesoamerican,109,Long-distance Exchange Networks,25
-1591,unlock,67,Kingdom of Chinahyucco,Mesoamerican,12,Shipbuilding,22
-1584,unlock,53,Old barngoara Tribe,East Horn,109,Long-distance Exchange Networks,27
-1575,initial,207,North kanvidesh Kingdom,Indic Riverine,100,Cordage and Knots,22
-1575,initial,207,North kanvidesh Kingdom,Indic Riverine,101,Hide Working and Tailored Clothing,22
-1575,initial,207,North kanvidesh Kingdom,Indic Riverine,102,Hafted Stone Tools,22
-1575,initial,207,North kanvidesh Kingdom,Indic Riverine,103,Bone and Antler Tools,22
-1575,initial,207,North kanvidesh Kingdom,Indic Riverine,104,Fishing Technology,22
-1575,initial,207,North kanvidesh Kingdom,Indic Riverine,105,Food Preservation,22
-1575,initial,207,North kanvidesh Kingdom,Indic Riverine,106,Storage Pits and Containers,22
-1575,initial,207,North kanvidesh Kingdom,Indic Riverine,107,Seasonal Aggregation Camps,22
-1575,initial,207,North kanvidesh Kingdom,Indic Riverine,108,Watercraft,22
-1575,initial,207,North kanvidesh Kingdom,Indic Riverine,110,Dog Domestication,22
-1575,initial,207,North kanvidesh Kingdom,Indic Riverine,111,Grinding Stones,22
-1575,initial,207,North kanvidesh Kingdom,Indic Riverine,112,Proto-cultivation,22
-1575,initial,207,North kanvidesh Kingdom,Indic Riverine,113,Sedentism,22
-1575,initial,207,North kanvidesh Kingdom,Indic Riverine,114,Enclosures and Herd Management,22
-1575,initial,207,North kanvidesh Kingdom,Indic Riverine,115,Counting Tokens and Tallies,22
-1575,initial,207,North kanvidesh Kingdom,Indic Riverine,116,Charcoal Firing,22
-1575,initial,207,North kanvidesh Kingdom,Indic Riverine,20,Agriculture,22
-1575,initial,207,North kanvidesh Kingdom,Indic Riverine,3,Archery,22
-1575,initial,207,North kanvidesh Kingdom,Indic Riverine,5,Sailing,22
-1575,initial,207,North kanvidesh Kingdom,Indic Riverine,6,Calendar,22
-1575,initial,207,North kanvidesh Kingdom,Indic Riverine,7,Wheel,22
-1575,initial,207,North kanvidesh Kingdom,Indic Riverine,10,Irrigation,22
-1570,unlock,184,New shamitpur Kingdom,Indic Riverine,10,Irrigation,20
-1566,unlock,26,New renqinzhou Tribe,East Riverine,103,Bone and Antler Tools,12
-1560,initial,208,North zhoxiazhou Kingdom,East Riverine,100,Cordage and Knots,11
-1560,initial,208,North zhoxiazhou Kingdom,East Riverine,101,Hide Working and Tailored Clothing,11
-1560,initial,208,North zhoxiazhou Kingdom,East Riverine,102,Hafted Stone Tools,11
-1560,initial,208,North zhoxiazhou Kingdom,East Riverine,103,Bone and Antler Tools,11
-1560,initial,208,North zhoxiazhou Kingdom,East Riverine,105,Food Preservation,11
-1560,initial,208,North zhoxiazhou Kingdom,East Riverine,106,Storage Pits and Containers,11
-1560,initial,208,North zhoxiazhou Kingdom,East Riverine,107,Seasonal Aggregation Camps,11
-1560,initial,208,North zhoxiazhou Kingdom,East Riverine,110,Dog Domestication,11
-1560,initial,208,North zhoxiazhou Kingdom,East Riverine,111,Grinding Stones,11
-1560,initial,208,North zhoxiazhou Kingdom,East Riverine,116,Charcoal Firing,11
-1560,initial,208,North zhoxiazhou Kingdom,East Riverine,3,Archery,11
-1545,unlock,5,Kingdom of South surkanra,Indic Riverine,17,Roads,25
-1534,unlock,53,Old barngoara Tribe,East Horn,117,Proto-writing and Administrative Notation,28
-1527,unlock,102,North rentaiguo,East Riverine,4,Mining,11
-1510,unlock,39,Kingdom of North ranzenterland,Monsoon Coastal,115,Counting Tokens and Tallies,25
-1510,initial,209,Great chikangou Kingdom,West Sahel,100,Cordage and Knots,16
-1510,initial,209,Great chikangou Kingdom,West Sahel,101,Hide Working and Tailored Clothing,16
-1510,initial,209,Great chikangou Kingdom,West Sahel,102,Hafted Stone Tools,16
-1510,initial,209,Great chikangou Kingdom,West Sahel,103,Bone and Antler Tools,16
-1510,initial,209,Great chikangou Kingdom,West Sahel,104,Fishing Technology,16
-1510,initial,209,Great chikangou Kingdom,West Sahel,105,Food Preservation,16
-1510,initial,209,Great chikangou Kingdom,West Sahel,106,Storage Pits and Containers,16
-1510,initial,209,Great chikangou Kingdom,West Sahel,107,Seasonal Aggregation Camps,16
-1510,initial,209,Great chikangou Kingdom,West Sahel,111,Grinding Stones,16
-1510,initial,209,Great chikangou Kingdom,West Sahel,112,Proto-cultivation,16
-1510,initial,209,Great chikangou Kingdom,West Sahel,113,Sedentism,16
-1510,initial,209,Great chikangou Kingdom,West Sahel,114,Enclosures and Herd Management,16
-1510,initial,209,Great chikangou Kingdom,West Sahel,115,Counting Tokens and Tallies,16
-1510,initial,209,Great chikangou Kingdom,West Sahel,116,Charcoal Firing,16
-1510,initial,209,Great chikangou Kingdom,West Sahel,3,Archery,16
-1510,initial,209,Great chikangou Kingdom,West Sahel,6,Calendar,16
-1505,initial,210,Old venrombelia Kingdom,Central Plain,100,Cordage and Knots,11
-1505,initial,210,Old venrombelia Kingdom,Central Plain,101,Hide Working and Tailored Clothing,11
-1505,initial,210,Old venrombelia Kingdom,Central Plain,102,Hafted Stone Tools,11
-1505,initial,210,Old venrombelia Kingdom,Central Plain,105,Food Preservation,11
-1505,initial,210,Old venrombelia Kingdom,Central Plain,106,Storage Pits and Containers,11
-1505,initial,210,Old venrombelia Kingdom,Central Plain,107,Seasonal Aggregation Camps,11
-1505,initial,210,Old venrombelia Kingdom,Central Plain,110,Dog Domestication,11
-1505,initial,210,Old venrombelia Kingdom,Central Plain,111,Grinding Stones,11
-1505,initial,210,Old venrombelia Kingdom,Central Plain,116,Charcoal Firing,11
-1505,initial,210,Old venrombelia Kingdom,Central Plain,4,Mining,11
-1505,initial,210,Old venrombelia Kingdom,Central Plain,3,Archery,11
-1504,unlock,15,Kingdom of Old lixialing,East Riverine,103,Bone and Antler Tools,11
-1504,unlock,131,Kingdom of North kiritamoa,Oceanic Navigators,110,Dog Domestication,8
-1503,unlock,9,New tankanshadesh Tribe,Indic Riverine,23,Engineering,28
-1501,unlock,159,South dravarmitdesh Tribe,Indic Riverine,112,Proto-cultivation,11
-1497,unlock,68,Great chinahco Tribe,Mesoamerican,103,Bone and Antler Tools,17
-1495,initial,211,New zuchiara Kingdom,West Sahel,100,Cordage and Knots,18
-1495,initial,211,New zuchiara Kingdom,West Sahel,101,Hide Working and Tailored Clothing,18
-1495,initial,211,New zuchiara Kingdom,West Sahel,102,Hafted Stone Tools,18
-1495,initial,211,New zuchiara Kingdom,West Sahel,103,Bone and Antler Tools,18
-1495,initial,211,New zuchiara Kingdom,West Sahel,104,Fishing Technology,18
-1495,initial,211,New zuchiara Kingdom,West Sahel,105,Food Preservation,18
-1495,initial,211,New zuchiara Kingdom,West Sahel,106,Storage Pits and Containers,18
-1495,initial,211,New zuchiara Kingdom,West Sahel,107,Seasonal Aggregation Camps,18
-1495,initial,211,New zuchiara Kingdom,West Sahel,111,Grinding Stones,18
-1495,initial,211,New zuchiara Kingdom,West Sahel,112,Proto-cultivation,18
-1495,initial,211,New zuchiara Kingdom,West Sahel,113,Sedentism,18
-1495,initial,211,New zuchiara Kingdom,West Sahel,114,Enclosures and Herd Management,18
-1495,initial,211,New zuchiara Kingdom,West Sahel,115,Counting Tokens and Tallies,18
-1495,initial,211,New zuchiara Kingdom,West Sahel,116,Charcoal Firing,18
-1495,initial,211,New zuchiara Kingdom,West Sahel,20,Agriculture,18
-1495,initial,211,New zuchiara Kingdom,West Sahel,3,Archery,18
-1495,initial,211,New zuchiara Kingdom,West Sahel,6,Calendar,18
-1495,initial,211,New zuchiara Kingdom,West Sahel,10,Irrigation,18
-1490,unlock,5,Kingdom of South surkanra,Indic Riverine,11,Writing,26
-1475,initial,212,Urninkal Kingdom,Fertile Crescent,100,Cordage and Knots,10
-1475,initial,212,Urninkal Kingdom,Fertile Crescent,101,Hide Working and Tailored Clothing,10
-1475,initial,212,Urninkal Kingdom,Fertile Crescent,102,Hafted Stone Tools,10
-1475,initial,212,Urninkal Kingdom,Fertile Crescent,105,Food Preservation,10
-1475,initial,212,Urninkal Kingdom,Fertile Crescent,106,Storage Pits and Containers,10
-1475,initial,212,Urninkal Kingdom,Fertile Crescent,107,Seasonal Aggregation Camps,10
-1475,initial,212,Urninkal Kingdom,Fertile Crescent,110,Dog Domestication,10
-1475,initial,212,Urninkal Kingdom,Fertile Crescent,111,Grinding Stones,10
-1475,initial,212,Urninkal Kingdom,Fertile Crescent,116,Charcoal Firing,10
-1475,initial,212,Urninkal Kingdom,Fertile Crescent,3,Archery,10
-1474,unlock,102,North rentaiguo,East Riverine,103,Bone and Antler Tools,12
-1470,initial,213,Great ngomabara Kingdom,Nile Floodplain,100,Cordage and Knots,24
-1470,initial,213,Great ngomabara Kingdom,Nile Floodplain,101,Hide Working and Tailored Clothing,24
-1470,initial,213,Great ngomabara Kingdom,Nile Floodplain,102,Hafted Stone Tools,24
-1470,initial,213,Great ngomabara Kingdom,Nile Floodplain,103,Bone and Antler Tools,24
-1470,initial,213,Great ngomabara Kingdom,Nile Floodplain,104,Fishing Technology,24
-1470,initial,213,Great ngomabara Kingdom,Nile Floodplain,105,Food Preservation,24
-1470,initial,213,Great ngomabara Kingdom,Nile Floodplain,106,Storage Pits and Containers,24
-1470,initial,213,Great ngomabara Kingdom,Nile Floodplain,107,Seasonal Aggregation Camps,24
-1470,initial,213,Great ngomabara Kingdom,Nile Floodplain,110,Dog Domestication,24
-1470,initial,213,Great ngomabara Kingdom,Nile Floodplain,111,Grinding Stones,24
-1470,initial,213,Great ngomabara Kingdom,Nile Floodplain,112,Proto-cultivation,24
-1470,initial,213,Great ngomabara Kingdom,Nile Floodplain,113,Sedentism,24
-1470,initial,213,Great ngomabara Kingdom,Nile Floodplain,114,Enclosures and Herd Management,24
-1470,initial,213,Great ngomabara Kingdom,Nile Floodplain,115,Counting Tokens and Tallies,24
-1470,initial,213,Great ngomabara Kingdom,Nile Floodplain,116,Charcoal Firing,24
-1470,initial,213,Great ngomabara Kingdom,Nile Floodplain,117,Proto-writing and Administrative Notation,24
-1470,initial,213,Great ngomabara Kingdom,Nile Floodplain,118,Numeracy and Measurement,24
-1470,initial,213,Great ngomabara Kingdom,Nile Floodplain,20,Agriculture,24
-1470,initial,213,Great ngomabara Kingdom,Nile Floodplain,3,Archery,24
-1470,initial,213,Great ngomabara Kingdom,Nile Floodplain,6,Calendar,24
-1470,initial,213,Great ngomabara Kingdom,Nile Floodplain,7,Wheel,24
-1470,initial,213,Great ngomabara Kingdom,Nile Floodplain,10,Irrigation,24
-1470,initial,213,Great ngomabara Kingdom,Nile Floodplain,15,Currency,24
-1470,initial,213,Great ngomabara Kingdom,Nile Floodplain,17,Roads,24
-1466,unlock,83,New terlinteria Tribe,Eastern Woodland,110,Dog Domestication,9
-1456,unlock,202,Great ravarpur Kingdom,Indic Riverine,10,Irrigation,20
-1447,unlock,83,New terlinteria Tribe,Eastern Woodland,103,Bone and Antler Tools,10
-1445,unlock,85,Kingdom of Old ranzenia,Eastern Woodland,116,Charcoal Firing,9
-1426,unlock,70,Kingdom of Old xocchico,Mesoamerican,17,Roads,25
-1425,initial,214,New seofimaa Kingdom,West Sahel,100,Cordage and Knots,21
-1425,initial,214,New seofimaa Kingdom,West Sahel,101,Hide Working and Tailored Clothing,21
-1425,initial,214,New seofimaa Kingdom,West Sahel,102,Hafted Stone Tools,21
-1425,initial,214,New seofimaa Kingdom,West Sahel,103,Bone and Antler Tools,21
-1425,initial,214,New seofimaa Kingdom,West Sahel,104,Fishing Technology,21
-1425,initial,214,New seofimaa Kingdom,West Sahel,105,Food Preservation,21
-1425,initial,214,New seofimaa Kingdom,West Sahel,106,Storage Pits and Containers,21
-1425,initial,214,New seofimaa Kingdom,West Sahel,107,Seasonal Aggregation Camps,21
-1425,initial,214,New seofimaa Kingdom,West Sahel,110,Dog Domestication,21
-1425,initial,214,New seofimaa Kingdom,West Sahel,111,Grinding Stones,21
-1425,initial,214,New seofimaa Kingdom,West Sahel,112,Proto-cultivation,21
-1425,initial,214,New seofimaa Kingdom,West Sahel,113,Sedentism,21
-1425,initial,214,New seofimaa Kingdom,West Sahel,114,Enclosures and Herd Management,21
-1425,initial,214,New seofimaa Kingdom,West Sahel,115,Counting Tokens and Tallies,21
-1425,initial,214,New seofimaa Kingdom,West Sahel,116,Charcoal Firing,21
-1425,initial,214,New seofimaa Kingdom,West Sahel,20,Agriculture,21
-1425,initial,214,New seofimaa Kingdom,West Sahel,3,Archery,21
-1425,initial,214,New seofimaa Kingdom,West Sahel,6,Calendar,21
-1425,initial,214,New seofimaa Kingdom,West Sahel,7,Wheel,21
-1425,initial,214,New seofimaa Kingdom,West Sahel,10,Irrigation,21
-1425,initial,214,New seofimaa Kingdom,West Sahel,17,Roads,21
-1420,initial,215,Old areshnin Kingdom,Fertile Crescent,100,Cordage and Knots,10
-1420,initial,215,Old areshnin Kingdom,Fertile Crescent,101,Hide Working and Tailored Clothing,10
-1420,initial,215,Old areshnin Kingdom,Fertile Crescent,102,Hafted Stone Tools,10
-1420,initial,215,Old areshnin Kingdom,Fertile Crescent,105,Food Preservation,10
-1420,initial,215,Old areshnin Kingdom,Fertile Crescent,106,Storage Pits and Containers,10
-1420,initial,215,Old areshnin Kingdom,Fertile Crescent,107,Seasonal Aggregation Camps,10
-1420,initial,215,Old areshnin Kingdom,Fertile Crescent,110,Dog Domestication,10
-1420,initial,215,Old areshnin Kingdom,Fertile Crescent,111,Grinding Stones,10
-1420,initial,215,Old areshnin Kingdom,Fertile Crescent,116,Charcoal Firing,10
-1420,initial,215,Old areshnin Kingdom,Fertile Crescent,3,Archery,10
-1415,unlock,17,Kingdom of South taizholing,East Riverine,103,Bone and Antler Tools,11
-1405,unlock,141,Rasurdra Kingdom,Indic Riverine,4,Mining,11
-1394,unlock,26,New renqinzhou Tribe,East Riverine,8,Masonry,13
-1383,unlock,2,New mitra Tribe,Indic Riverine,29,Machinery,26
-1373,unlock,5,Kingdom of South surkanra,Indic Riverine,19,Alphabet,27
-1360,initial,216,Suyurumyu Tribe,Andean Highland,100,Cordage and Knots,9
-1360,initial,216,Suyurumyu Tribe,Andean Highland,101,Hide Working and Tailored Clothing,9
-1360,initial,216,Suyurumyu Tribe,Andean Highland,102,Hafted Stone Tools,9
-1360,initial,216,Suyurumyu Tribe,Andean Highland,105,Food Preservation,9
-1360,initial,216,Suyurumyu Tribe,Andean Highland,106,Storage Pits and Containers,9
-1360,initial,216,Suyurumyu Tribe,Andean Highland,107,Seasonal Aggregation Camps,9
-1360,initial,216,Suyurumyu Tribe,Andean Highland,111,Grinding Stones,9
-1360,initial,216,Suyurumyu Tribe,Andean Highland,116,Charcoal Firing,9
-1360,initial,216,Suyurumyu Tribe,Andean Highland,3,Archery,9
-1360,initial,217,North minhan Kingdom,East Riverine,100,Cordage and Knots,10
-1360,initial,217,North minhan Kingdom,East Riverine,101,Hide Working and Tailored Clothing,10
-1360,initial,217,North minhan Kingdom,East Riverine,102,Hafted Stone Tools,10
-1360,initial,217,North minhan Kingdom,East Riverine,105,Food Preservation,10
-1360,initial,217,North minhan Kingdom,East Riverine,106,Storage Pits and Containers,10
-1360,initial,217,North minhan Kingdom,East Riverine,107,Seasonal Aggregation Camps,10
-1360,initial,217,North minhan Kingdom,East Riverine,110,Dog Domestication,10
-1360,initial,217,North minhan Kingdom,East Riverine,111,Grinding Stones,10
-1360,initial,217,North minhan Kingdom,East Riverine,116,Charcoal Firing,10
-1360,initial,217,North minhan Kingdom,East Riverine,3,Archery,10
-1358,unlock,4,Kingdom of Old shanalra,Indic Riverine,103,Bone and Antler Tools,11
-1350,unlock,76,Kingdom of North ayaayayu,Andean Highland,8,Masonry,11
-1340,initial,218,New xiaxialing Kingdom,East Riverine,100,Cordage and Knots,11
-1340,initial,218,New xiaxialing Kingdom,East Riverine,101,Hide Working and Tailored Clothing,11
-1340,initial,218,New xiaxialing Kingdom,East Riverine,102,Hafted Stone Tools,11
-1340,initial,218,New xiaxialing Kingdom,East Riverine,103,Bone and Antler Tools,11
-1340,initial,218,New xiaxialing Kingdom,East Riverine,105,Food Preservation,11
-1340,initial,218,New xiaxialing Kingdom,East Riverine,106,Storage Pits and Containers,11
-1340,initial,218,New xiaxialing Kingdom,East Riverine,107,Seasonal Aggregation Camps,11
-1340,initial,218,New xiaxialing Kingdom,East Riverine,110,Dog Domestication,11
-1340,initial,218,New xiaxialing Kingdom,East Riverine,111,Grinding Stones,11
-1340,initial,218,New xiaxialing Kingdom,East Riverine,116,Charcoal Firing,11
-1340,initial,218,New xiaxialing Kingdom,East Riverine,3,Archery,11
-1335,initial,219,Tailinling Kingdom,East Riverine,100,Cordage and Knots,11
-1335,initial,219,Tailinling Kingdom,East Riverine,101,Hide Working and Tailored Clothing,11
-1335,initial,219,Tailinling Kingdom,East Riverine,102,Hafted Stone Tools,11
-1335,initial,219,Tailinling Kingdom,East Riverine,103,Bone and Antler Tools,11
-1335,initial,219,Tailinling Kingdom,East Riverine,105,Food Preservation,11
-1335,initial,219,Tailinling Kingdom,East Riverine,106,Storage Pits and Containers,11
-1335,initial,219,Tailinling Kingdom,East Riverine,107,Seasonal Aggregation Camps,11
-1335,initial,219,Tailinling Kingdom,East Riverine,110,Dog Domestication,11
-1335,initial,219,Tailinling Kingdom,East Riverine,111,Grinding Stones,11
-1335,initial,219,Tailinling Kingdom,East Riverine,116,Charcoal Firing,11
-1335,initial,219,Tailinling Kingdom,East Riverine,3,Archery,11
-1325,unlock,171,Empire of South beltameshad,Fertile Crescent,4,Mining,11
-1325,initial,220,Samsaman Kingdom,Fertile Crescent,100,Cordage and Knots,12
-1325,initial,220,Samsaman Kingdom,Fertile Crescent,101,Hide Working and Tailored Clothing,12
-1325,initial,220,Samsaman Kingdom,Fertile Crescent,102,Hafted Stone Tools,12
-1325,initial,220,Samsaman Kingdom,Fertile Crescent,105,Food Preservation,12
-1325,initial,220,Samsaman Kingdom,Fertile Crescent,106,Storage Pits and Containers,12
-1325,initial,220,Samsaman Kingdom,Fertile Crescent,107,Seasonal Aggregation Camps,12
-1325,initial,220,Samsaman Kingdom,Fertile Crescent,110,Dog Domestication,12
-1325,initial,220,Samsaman Kingdom,Fertile Crescent,111,Grinding Stones,12
-1325,initial,220,Samsaman Kingdom,Fertile Crescent,116,Charcoal Firing,12
-1325,initial,220,Samsaman Kingdom,Fertile Crescent,119,Native Copper Working,12
-1325,initial,220,Samsaman Kingdom,Fertile Crescent,4,Mining,12
-1325,initial,220,Samsaman Kingdom,Fertile Crescent,3,Archery,12
-1301,unlock,2,New mitra Tribe,Indic Riverine,14,Formal Mathematics,27
-1298,unlock,71,Kingdom of South tolmixco,Mesoamerican,108,Watercraft,22
-1290,initial,221,North zuofiofiara Kingdom,West Sahel,100,Cordage and Knots,10
-1290,initial,221,North zuofiofiara Kingdom,West Sahel,101,Hide Working and Tailored Clothing,10
-1290,initial,221,North zuofiofiara Kingdom,West Sahel,102,Hafted Stone Tools,10
-1290,initial,221,North zuofiofiara Kingdom,West Sahel,103,Bone and Antler Tools,10
-1290,initial,221,North zuofiofiara Kingdom,West Sahel,105,Food Preservation,10
-1290,initial,221,North zuofiofiara Kingdom,West Sahel,106,Storage Pits and Containers,10
-1290,initial,221,North zuofiofiara Kingdom,West Sahel,107,Seasonal Aggregation Camps,10
-1290,initial,221,North zuofiofiara Kingdom,West Sahel,111,Grinding Stones,10
-1290,initial,221,North zuofiofiara Kingdom,West Sahel,116,Charcoal Firing,10
-1290,initial,221,North zuofiofiara Kingdom,West Sahel,3,Archery,10
-1280,initial,222,Great ngomaene Kingdom,West Sahel,100,Cordage and Knots,21
-1280,initial,222,Great ngomaene Kingdom,West Sahel,101,Hide Working and Tailored Clothing,21
-1280,initial,222,Great ngomaene Kingdom,West Sahel,102,Hafted Stone Tools,21
-1280,initial,222,Great ngomaene Kingdom,West Sahel,103,Bone and Antler Tools,21
-1280,initial,222,Great ngomaene Kingdom,West Sahel,104,Fishing Technology,21
-1280,initial,222,Great ngomaene Kingdom,West Sahel,105,Food Preservation,21
-1280,initial,222,Great ngomaene Kingdom,West Sahel,106,Storage Pits and Containers,21
-1280,initial,222,Great ngomaene Kingdom,West Sahel,107,Seasonal Aggregation Camps,21
-1280,initial,222,Great ngomaene Kingdom,West Sahel,110,Dog Domestication,21
-1280,initial,222,Great ngomaene Kingdom,West Sahel,111,Grinding Stones,21
-1280,initial,222,Great ngomaene Kingdom,West Sahel,112,Proto-cultivation,21
-1280,initial,222,Great ngomaene Kingdom,West Sahel,113,Sedentism,21
-1280,initial,222,Great ngomaene Kingdom,West Sahel,114,Enclosures and Herd Management,21
-1280,initial,222,Great ngomaene Kingdom,West Sahel,115,Counting Tokens and Tallies,21
-1280,initial,222,Great ngomaene Kingdom,West Sahel,116,Charcoal Firing,21
-1280,initial,222,Great ngomaene Kingdom,West Sahel,20,Agriculture,21
-1280,initial,222,Great ngomaene Kingdom,West Sahel,3,Archery,21
-1280,initial,222,Great ngomaene Kingdom,West Sahel,6,Calendar,21
-1280,initial,222,Great ngomaene Kingdom,West Sahel,7,Wheel,21
-1280,initial,222,Great ngomaene Kingdom,West Sahel,10,Irrigation,21
-1280,initial,222,Great ngomaene Kingdom,West Sahel,17,Roads,21
-1275,initial,223,South lendoria Tribe,Central Plain,100,Cordage and Knots,11
-1275,initial,223,South lendoria Tribe,Central Plain,101,Hide Working and Tailored Clothing,11
-1275,initial,223,South lendoria Tribe,Central Plain,102,Hafted Stone Tools,11
-1275,initial,223,South lendoria Tribe,Central Plain,105,Food Preservation,11
-1275,initial,223,South lendoria Tribe,Central Plain,106,Storage Pits and Containers,11
-1275,initial,223,South lendoria Tribe,Central Plain,107,Seasonal Aggregation Camps,11
-1275,initial,223,South lendoria Tribe,Central Plain,110,Dog Domestication,11
-1275,initial,223,South lendoria Tribe,Central Plain,111,Grinding Stones,11
-1275,initial,223,South lendoria Tribe,Central Plain,116,Charcoal Firing,11
-1275,initial,223,South lendoria Tribe,Central Plain,4,Mining,11
-1275,initial,223,South lendoria Tribe,Central Plain,3,Archery,11
-1275,initial,224,North sesea Kingdom,West Sahel,100,Cordage and Knots,18
-1275,initial,224,North sesea Kingdom,West Sahel,101,Hide Working and Tailored Clothing,18
-1275,initial,224,North sesea Kingdom,West Sahel,102,Hafted Stone Tools,18
-1275,initial,224,North sesea Kingdom,West Sahel,103,Bone and Antler Tools,18
-1275,initial,224,North sesea Kingdom,West Sahel,104,Fishing Technology,18
-1275,initial,224,North sesea Kingdom,West Sahel,105,Food Preservation,18
-1275,initial,224,North sesea Kingdom,West Sahel,106,Storage Pits and Containers,18
-1275,initial,224,North sesea Kingdom,West Sahel,107,Seasonal Aggregation Camps,18
-1275,initial,224,North sesea Kingdom,West Sahel,111,Grinding Stones,18
-1275,initial,224,North sesea Kingdom,West Sahel,112,Proto-cultivation,18
-1275,initial,224,North sesea Kingdom,West Sahel,113,Sedentism,18
-1275,initial,224,North sesea Kingdom,West Sahel,114,Enclosures and Herd Management,18
-1275,initial,224,North sesea Kingdom,West Sahel,115,Counting Tokens and Tallies,18
-1275,initial,224,North sesea Kingdom,West Sahel,116,Charcoal Firing,18
-1275,initial,224,North sesea Kingdom,West Sahel,20,Agriculture,18
-1275,initial,224,North sesea Kingdom,West Sahel,3,Archery,18
-1275,initial,224,North sesea Kingdom,West Sahel,6,Calendar,18
-1275,initial,224,North sesea Kingdom,West Sahel,10,Irrigation,18
-1268,unlock,68,Great chinahco Tribe,Mesoamerican,115,Counting Tokens and Tallies,18
-1267,unlock,2,New mitra Tribe,Indic Riverine,23,Engineering,28
-1250,initial,225,South ngongose Kingdom,Nile Floodplain,100,Cordage and Knots,21
-1250,initial,225,South ngongose Kingdom,Nile Floodplain,101,Hide Working and Tailored Clothing,21
-1250,initial,225,South ngongose Kingdom,Nile Floodplain,102,Hafted Stone Tools,21
-1250,initial,225,South ngongose Kingdom,Nile Floodplain,103,Bone and Antler Tools,21
-1250,initial,225,South ngongose Kingdom,Nile Floodplain,104,Fishing Technology,21
-1250,initial,225,South ngongose Kingdom,Nile Floodplain,105,Food Preservation,21
-1250,initial,225,South ngongose Kingdom,Nile Floodplain,106,Storage Pits and Containers,21
-1250,initial,225,South ngongose Kingdom,Nile Floodplain,107,Seasonal Aggregation Camps,21
-1250,initial,225,South ngongose Kingdom,Nile Floodplain,110,Dog Domestication,21
-1250,initial,225,South ngongose Kingdom,Nile Floodplain,111,Grinding Stones,21
-1250,initial,225,South ngongose Kingdom,Nile Floodplain,112,Proto-cultivation,21
-1250,initial,225,South ngongose Kingdom,Nile Floodplain,113,Sedentism,21
-1250,initial,225,South ngongose Kingdom,Nile Floodplain,114,Enclosures and Herd Management,21
-1250,initial,225,South ngongose Kingdom,Nile Floodplain,115,Counting Tokens and Tallies,21
-1250,initial,225,South ngongose Kingdom,Nile Floodplain,116,Charcoal Firing,21
-1250,initial,225,South ngongose Kingdom,Nile Floodplain,20,Agriculture,21
-1250,initial,225,South ngongose Kingdom,Nile Floodplain,3,Archery,21
-1250,initial,225,South ngongose Kingdom,Nile Floodplain,6,Calendar,21
-1250,initial,225,South ngongose Kingdom,Nile Floodplain,7,Wheel,21
-1250,initial,225,South ngongose Kingdom,Nile Floodplain,10,Irrigation,21
-1250,initial,225,South ngongose Kingdom,Nile Floodplain,17,Roads,21
-1243,unlock,120,Kingdom of Old rumsuyusumyu,Andean Highland,110,Dog Domestication,11
-1237,unlock,112,Kingdom of Old belromter,Eastern Woodland,103,Bone and Antler Tools,9
-1235,initial,226,Great arurkalad Kingdom,Fertile Crescent,100,Cordage and Knots,10
-1235,initial,226,Great arurkalad Kingdom,Fertile Crescent,101,Hide Working and Tailored Clothing,10
-1235,initial,226,Great arurkalad Kingdom,Fertile Crescent,102,Hafted Stone Tools,10
-1235,initial,226,Great arurkalad Kingdom,Fertile Crescent,105,Food Preservation,10
-1235,initial,226,Great arurkalad Kingdom,Fertile Crescent,106,Storage Pits and Containers,10
-1235,initial,226,Great arurkalad Kingdom,Fertile Crescent,107,Seasonal Aggregation Camps,10
-1235,initial,226,Great arurkalad Kingdom,Fertile Crescent,110,Dog Domestication,10
-1235,initial,226,Great arurkalad Kingdom,Fertile Crescent,111,Grinding Stones,10
-1235,initial,226,Great arurkalad Kingdom,Fertile Crescent,116,Charcoal Firing,10
-1235,initial,226,Great arurkalad Kingdom,Fertile Crescent,3,Archery,10
-1224,unlock,5,Kingdom of South surkanra,Indic Riverine,118,Numeracy and Measurement,28
-1201,unlock,5,Kingdom of South surkanra,Indic Riverine,22,Philosophy,29
-1200,initial,227,Belrangaria Kingdom,Western Plains,100,Cordage and Knots,8
-1200,initial,227,Belrangaria Kingdom,Western Plains,101,Hide Working and Tailored Clothing,8
-1200,initial,227,Belrangaria Kingdom,Western Plains,102,Hafted Stone Tools,8
-1200,initial,227,Belrangaria Kingdom,Western Plains,105,Food Preservation,8
-1200,initial,227,Belrangaria Kingdom,Western Plains,106,Storage Pits and Containers,8
-1200,initial,227,Belrangaria Kingdom,Western Plains,107,Seasonal Aggregation Camps,8
-1200,initial,227,Belrangaria Kingdom,Western Plains,111,Grinding Stones,8
-1200,initial,227,Belrangaria Kingdom,Western Plains,3,Archery,8
-1197,unlock,48,Kingdom of North mangolamu,Nile Floodplain,33,Paper,32
-1197,unlock,88,Old namar Tribe,Eastern Woodland,8,Masonry,10
-1190,unlock,5,Kingdom of South surkanra,Indic Riverine,15,Currency,30
-1190,initial,228,Old zubarbarara Kingdom,West Sahel,100,Cordage and Knots,16
-1190,initial,228,Old zubarbarara Kingdom,West Sahel,101,Hide Working and Tailored Clothing,16
-1190,initial,228,Old zubarbarara Kingdom,West Sahel,102,Hafted Stone Tools,16
-1190,initial,228,Old zubarbarara Kingdom,West Sahel,103,Bone and Antler Tools,16
-1190,initial,228,Old zubarbarara Kingdom,West Sahel,104,Fishing Technology,16
-1190,initial,228,Old zubarbarara Kingdom,West Sahel,105,Food Preservation,16
-1190,initial,228,Old zubarbarara Kingdom,West Sahel,106,Storage Pits and Containers,16
-1190,initial,228,Old zubarbarara Kingdom,West Sahel,107,Seasonal Aggregation Camps,16
-1190,initial,228,Old zubarbarara Kingdom,West Sahel,111,Grinding Stones,16
-1190,initial,228,Old zubarbarara Kingdom,West Sahel,112,Proto-cultivation,16
-1190,initial,228,Old zubarbarara Kingdom,West Sahel,113,Sedentism,16
-1190,initial,228,Old zubarbarara Kingdom,West Sahel,114,Enclosures and Herd Management,16
-1190,initial,228,Old zubarbarara Kingdom,West Sahel,115,Counting Tokens and Tallies,16
-1190,initial,228,Old zubarbarara Kingdom,West Sahel,116,Charcoal Firing,16
-1190,initial,228,Old zubarbarara Kingdom,West Sahel,3,Archery,16
-1190,initial,228,Old zubarbarara Kingdom,West Sahel,6,Calendar,16
-1189,unlock,71,Kingdom of South tolmixco,Mesoamerican,5,Sailing,23
-1188,unlock,24,Kingdom of Old zhozhoxiashan,East Riverine,103,Bone and Antler Tools,11
-1185,unlock,35,Kingdom of Ninurbarum,Fertile Crescent,103,Bone and Antler Tools,11
-1177,unlock,48,Kingdom of North mangolamu,Nile Floodplain,39,Universities,33
-1177,unlock,68,Great chinahco Tribe,Mesoamerican,17,Roads,19
-1176,unlock,184,Kingdom of Kanshadrapur,Indic Riverine,108,Watercraft,21
-1164,unlock,48,Kingdom of North mangolamu,Nile Floodplain,24,Optics,34
-1163,unlock,131,Kingdom of North kiritamoa,Oceanic Navigators,111,Grinding Stones,9
-1160,unlock,202,Great ravarpur Kingdom,Indic Riverine,108,Watercraft,21
-1155,unlock,31,Kingdom of Great ninkal,Fertile Crescent,103,Bone and Antler Tools,14
-1148,unlock,192,North tanbartana Kingdom,West Sahel,7,Wheel,19
-1140,initial,229,Ngosea Kingdom,Nile Floodplain,100,Cordage and Knots,24
-1140,initial,229,Ngosea Kingdom,Nile Floodplain,101,Hide Working and Tailored Clothing,24
-1140,initial,229,Ngosea Kingdom,Nile Floodplain,102,Hafted Stone Tools,24
-1140,initial,229,Ngosea Kingdom,Nile Floodplain,103,Bone and Antler Tools,24
-1140,initial,229,Ngosea Kingdom,Nile Floodplain,104,Fishing Technology,24
-1140,initial,229,Ngosea Kingdom,Nile Floodplain,105,Food Preservation,24
-1140,initial,229,Ngosea Kingdom,Nile Floodplain,106,Storage Pits and Containers,24
-1140,initial,229,Ngosea Kingdom,Nile Floodplain,107,Seasonal Aggregation Camps,24
-1140,initial,229,Ngosea Kingdom,Nile Floodplain,110,Dog Domestication,24
-1140,initial,229,Ngosea Kingdom,Nile Floodplain,111,Grinding Stones,24
-1140,initial,229,Ngosea Kingdom,Nile Floodplain,112,Proto-cultivation,24
-1140,initial,229,Ngosea Kingdom,Nile Floodplain,113,Sedentism,24
-1140,initial,229,Ngosea Kingdom,Nile Floodplain,114,Enclosures and Herd Management,24
-1140,initial,229,Ngosea Kingdom,Nile Floodplain,115,Counting Tokens and Tallies,24
-1140,initial,229,Ngosea Kingdom,Nile Floodplain,116,Charcoal Firing,24
-1140,initial,229,Ngosea Kingdom,Nile Floodplain,117,Proto-writing and Administrative Notation,24
-1140,initial,229,Ngosea Kingdom,Nile Floodplain,118,Numeracy and Measurement,24
-1140,initial,229,Ngosea Kingdom,Nile Floodplain,20,Agriculture,24
-1140,initial,229,Ngosea Kingdom,Nile Floodplain,3,Archery,24
-1140,initial,229,Ngosea Kingdom,Nile Floodplain,6,Calendar,24
-1140,initial,229,Ngosea Kingdom,Nile Floodplain,7,Wheel,24
-1140,initial,229,Ngosea Kingdom,Nile Floodplain,10,Irrigation,24
-1140,initial,229,Ngosea Kingdom,Nile Floodplain,15,Currency,24
-1140,initial,229,Ngosea Kingdom,Nile Floodplain,17,Roads,24
-1137,unlock,67,Kingdom of Chinahyucco,Mesoamerican,7,Wheel,23
-1135,unlock,85,Kingdom of Old ranzenia,Eastern Woodland,103,Bone and Antler Tools,10
-1126,unlock,5,Kingdom of South surkanra,Indic Riverine,12,Shipbuilding,31
-1120,initial,230,North linrenrenling Kingdom,East Riverine,100,Cordage and Knots,11
-1120,initial,230,North linrenrenling Kingdom,East Riverine,101,Hide Working and Tailored Clothing,11
-1120,initial,230,North linrenrenling Kingdom,East Riverine,102,Hafted Stone Tools,11
-1120,initial,230,North linrenrenling Kingdom,East Riverine,103,Bone and Antler Tools,11
-1120,initial,230,North linrenrenling Kingdom,East Riverine,105,Food Preservation,11
-1120,initial,230,North linrenrenling Kingdom,East Riverine,106,Storage Pits and Containers,11
-1120,initial,230,North linrenrenling Kingdom,East Riverine,107,Seasonal Aggregation Camps,11
-1120,initial,230,North linrenrenling Kingdom,East Riverine,110,Dog Domestication,11
-1120,initial,230,North linrenrenling Kingdom,East Riverine,111,Grinding Stones,11
-1120,initial,230,North linrenrenling Kingdom,East Riverine,116,Charcoal Firing,11
-1120,initial,230,North linrenrenling Kingdom,East Riverine,3,Archery,11
-1115,initial,231,New zengardusland Kingdom,Western Plains,100,Cordage and Knots,8
-1115,initial,231,New zengardusland Kingdom,Western Plains,101,Hide Working and Tailored Clothing,8
-1115,initial,231,New zengardusland Kingdom,Western Plains,102,Hafted Stone Tools,8
-1115,initial,231,New zengardusland Kingdom,Western Plains,105,Food Preservation,8
-1115,initial,231,New zengardusland Kingdom,Western Plains,106,Storage Pits and Containers,8
-1115,initial,231,New zengardusland Kingdom,Western Plains,107,Seasonal Aggregation Camps,8
-1115,initial,231,New zengardusland Kingdom,Western Plains,111,Grinding Stones,8
-1115,initial,231,New zengardusland Kingdom,Western Plains,3,Archery,8
-1113,unlock,86,Kingdom of Old viaromterstan,Eastern Woodland,103,Bone and Antler Tools,9
-1111,unlock,5,Kingdom of South surkanra,Indic Riverine,14,Formal Mathematics,32
-1111,unlock,48,Kingdom of North mangolamu,Nile Floodplain,32,Civil Service,35
-1108,unlock,12,Kingdom of Nalrashanagar,Indic Riverine,108,Watercraft,13
-1107,unlock,68,Great chinahco Tribe,Mesoamerican,110,Dog Domestication,20
-1105,initial,232,North ursamad Kingdom,Fertile Crescent,100,Cordage and Knots,10
-1105,initial,232,North ursamad Kingdom,Fertile Crescent,101,Hide Working and Tailored Clothing,10
-1105,initial,232,North ursamad Kingdom,Fertile Crescent,102,Hafted Stone Tools,10
-1105,initial,232,North ursamad Kingdom,Fertile Crescent,105,Food Preservation,10
-1105,initial,232,North ursamad Kingdom,Fertile Crescent,106,Storage Pits and Containers,10
-1105,initial,232,North ursamad Kingdom,Fertile Crescent,107,Seasonal Aggregation Camps,10
-1105,initial,232,North ursamad Kingdom,Fertile Crescent,110,Dog Domestication,10
-1105,initial,232,North ursamad Kingdom,Fertile Crescent,111,Grinding Stones,10
-1105,initial,232,North ursamad Kingdom,Fertile Crescent,116,Charcoal Firing,10
-1105,initial,232,North ursamad Kingdom,Fertile Crescent,3,Archery,10
-1090,initial,233,South tamkalum Kingdom,Fertile Crescent,100,Cordage and Knots,10
-1090,initial,233,South tamkalum Kingdom,Fertile Crescent,101,Hide Working and Tailored Clothing,10
-1090,initial,233,South tamkalum Kingdom,Fertile Crescent,102,Hafted Stone Tools,10
-1090,initial,233,South tamkalum Kingdom,Fertile Crescent,105,Food Preservation,10
-1090,initial,233,South tamkalum Kingdom,Fertile Crescent,106,Storage Pits and Containers,10
-1090,initial,233,South tamkalum Kingdom,Fertile Crescent,107,Seasonal Aggregation Camps,10
-1090,initial,233,South tamkalum Kingdom,Fertile Crescent,110,Dog Domestication,10
-1090,initial,233,South tamkalum Kingdom,Fertile Crescent,111,Grinding Stones,10
-1090,initial,233,South tamkalum Kingdom,Fertile Crescent,116,Charcoal Firing,10
-1090,initial,233,South tamkalum Kingdom,Fertile Crescent,3,Archery,10
-1076,unlock,159,South dravarmitdesh Tribe,Indic Riverine,113,Sedentism,12
-1075,initial,234,New qoriqoriintia Kingdom,Andean Highland,100,Cordage and Knots,9
-1075,initial,234,New qoriqoriintia Kingdom,Andean Highland,101,Hide Working and Tailored Clothing,9
-1075,initial,234,New qoriqoriintia Kingdom,Andean Highland,102,Hafted Stone Tools,9
-1075,initial,234,New qoriqoriintia Kingdom,Andean Highland,105,Food Preservation,9
-1075,initial,234,New qoriqoriintia Kingdom,Andean Highland,106,Storage Pits and Containers,9
-1075,initial,234,New qoriqoriintia Kingdom,Andean Highland,107,Seasonal Aggregation Camps,9
-1075,initial,234,New qoriqoriintia Kingdom,Andean Highland,111,Grinding Stones,9
-1075,initial,234,New qoriqoriintia Kingdom,Andean Highland,116,Charcoal Firing,9
-1075,initial,234,New qoriqoriintia Kingdom,Andean Highland,3,Archery,9
-1073,unlock,81,Kingdom of Sumtup,Andean Highland,103,Bone and Antler Tools,11
-1070,initial,235,South lamchiu Kingdom,West Sahel,100,Cordage and Knots,10
-1070,initial,235,South lamchiu Kingdom,West Sahel,101,Hide Working and Tailored Clothing,10
-1070,initial,235,South lamchiu Kingdom,West Sahel,102,Hafted Stone Tools,10
-1070,initial,235,South lamchiu Kingdom,West Sahel,103,Bone and Antler Tools,10
-1070,initial,235,South lamchiu Kingdom,West Sahel,105,Food Preservation,10
-1070,initial,235,South lamchiu Kingdom,West Sahel,106,Storage Pits and Containers,10
-1070,initial,235,South lamchiu Kingdom,West Sahel,107,Seasonal Aggregation Camps,10
-1070,initial,235,South lamchiu Kingdom,West Sahel,111,Grinding Stones,10
-1070,initial,235,South lamchiu Kingdom,West Sahel,116,Charcoal Firing,10
-1070,initial,235,South lamchiu Kingdom,West Sahel,3,Archery,10
-1060,initial,236,South zukangoara Kingdom,West Sahel,100,Cordage and Knots,21
-1060,initial,236,South zukangoara Kingdom,West Sahel,101,Hide Working and Tailored Clothing,21
-1060,initial,236,South zukangoara Kingdom,West Sahel,102,Hafted Stone Tools,21
-1060,initial,236,South zukangoara Kingdom,West Sahel,103,Bone and Antler Tools,21
-1060,initial,236,South zukangoara Kingdom,West Sahel,104,Fishing Technology,21
-1060,initial,236,South zukangoara Kingdom,West Sahel,105,Food Preservation,21
-1060,initial,236,South zukangoara Kingdom,West Sahel,106,Storage Pits and Containers,21
-1060,initial,236,South zukangoara Kingdom,West Sahel,107,Seasonal Aggregation Camps,21
-1060,initial,236,South zukangoara Kingdom,West Sahel,110,Dog Domestication,21
-1060,initial,236,South zukangoara Kingdom,West Sahel,111,Grinding Stones,21
-1060,initial,236,South zukangoara Kingdom,West Sahel,112,Proto-cultivation,21
-1060,initial,236,South zukangoara Kingdom,West Sahel,113,Sedentism,21
-1060,initial,236,South zukangoara Kingdom,West Sahel,114,Enclosures and Herd Management,21
-1060,initial,236,South zukangoara Kingdom,West Sahel,115,Counting Tokens and Tallies,21
-1060,initial,236,South zukangoara Kingdom,West Sahel,116,Charcoal Firing,21
-1060,initial,236,South zukangoara Kingdom,West Sahel,20,Agriculture,21
-1060,initial,236,South zukangoara Kingdom,West Sahel,3,Archery,21
-1060,initial,236,South zukangoara Kingdom,West Sahel,6,Calendar,21
-1060,initial,236,South zukangoara Kingdom,West Sahel,7,Wheel,21
-1060,initial,236,South zukangoara Kingdom,West Sahel,10,Irrigation,21
-1060,initial,236,South zukangoara Kingdom,West Sahel,17,Roads,21
-1059,unlock,142,Qoritupintiyu Tribe,Andean Highland,8,Masonry,11
-1055,unlock,89,Kingdom of Old garkinmarstan,Western Plains,110,Dog Domestication,10
-1046,unlock,71,Kingdom of South tolmixco,Mesoamerican,12,Shipbuilding,24
-1036,unlock,202,Great ravarpur Kingdom,Indic Riverine,5,Sailing,22
-1030,initial,237,South sesea Kingdom,East Horn,100,Cordage and Knots,28
-1030,initial,237,South sesea Kingdom,East Horn,101,Hide Working and Tailored Clothing,28
-1030,initial,237,South sesea Kingdom,East Horn,102,Hafted Stone Tools,28
-1030,initial,237,South sesea Kingdom,East Horn,103,Bone and Antler Tools,28
-1030,initial,237,South sesea Kingdom,East Horn,104,Fishing Technology,28
-1030,initial,237,South sesea Kingdom,East Horn,105,Food Preservation,28
-1030,initial,237,South sesea Kingdom,East Horn,106,Storage Pits and Containers,28
-1030,initial,237,South sesea Kingdom,East Horn,107,Seasonal Aggregation Camps,28
-1030,initial,237,South sesea Kingdom,East Horn,108,Watercraft,28
-1030,initial,237,South sesea Kingdom,East Horn,109,Long-distance Exchange Networks,28
-1030,initial,237,South sesea Kingdom,East Horn,110,Dog Domestication,28
-1030,initial,237,South sesea Kingdom,East Horn,111,Grinding Stones,28
-1030,initial,237,South sesea Kingdom,East Horn,112,Proto-cultivation,28
-1030,initial,237,South sesea Kingdom,East Horn,113,Sedentism,28
-1030,initial,237,South sesea Kingdom,East Horn,114,Enclosures and Herd Management,28
-1030,initial,237,South sesea Kingdom,East Horn,115,Counting Tokens and Tallies,28
-1030,initial,237,South sesea Kingdom,East Horn,116,Charcoal Firing,28
-1030,initial,237,South sesea Kingdom,East Horn,117,Proto-writing and Administrative Notation,28
-1030,initial,237,South sesea Kingdom,East Horn,20,Agriculture,28
-1030,initial,237,South sesea Kingdom,East Horn,3,Archery,28
-1030,initial,237,South sesea Kingdom,East Horn,5,Sailing,28
-1030,initial,237,South sesea Kingdom,East Horn,6,Calendar,28
-1030,initial,237,South sesea Kingdom,East Horn,7,Wheel,28
-1030,initial,237,South sesea Kingdom,East Horn,10,Irrigation,28
-1030,initial,237,South sesea Kingdom,East Horn,12,Shipbuilding,28
-1030,initial,237,South sesea Kingdom,East Horn,17,Roads,28
-1030,initial,237,South sesea Kingdom,East Horn,23,Engineering,28
-1030,initial,237,South sesea Kingdom,East Horn,29,Machinery,28
-1025,unlock,71,Kingdom of South tolmixco,Mesoamerican,109,Long-distance Exchange Networks,25
-1022,unlock,5,Kingdom of South surkanra,Indic Riverine,30,Education,33
-1021,unlock,31,Kingdom of Great ninkal,Fertile Crescent,9,Bronze Alloying,15
-1021,unlock,184,Kingdom of Kanshadrapur,Indic Riverine,17,Roads,22
-1016,unlock,202,Great ravarpur Kingdom,Indic Riverine,17,Roads,23
-1010,unlock,8,Kingdom of Great tandradradesh,Indic Riverine,8,Masonry,12
-1000,unlock,2,New mitra Tribe,Indic Riverine,19,Alphabet,29
-991,unlock,224,North sesea Kingdom,West Sahel,7,Wheel,19
-988,unlock,5,Kingdom of South surkanra,Indic Riverine,23,Engineering,34
-986,unlock,139,Kingdom of New kuspachmarca,Andean Highland,8,Masonry,11
-980,initial,238,South zungoa Tribe,West Sahel,100,Cordage and Knots,10
-980,initial,238,South zungoa Tribe,West Sahel,101,Hide Working and Tailored Clothing,10
-980,initial,238,South zungoa Tribe,West Sahel,102,Hafted Stone Tools,10
-980,initial,238,South zungoa Tribe,West Sahel,103,Bone and Antler Tools,10
-980,initial,238,South zungoa Tribe,West Sahel,105,Food Preservation,10
-980,initial,238,South zungoa Tribe,West Sahel,106,Storage Pits and Containers,10
-980,initial,238,South zungoa Tribe,West Sahel,107,Seasonal Aggregation Camps,10
-980,initial,238,South zungoa Tribe,West Sahel,111,Grinding Stones,10
-980,initial,238,South zungoa Tribe,West Sahel,116,Charcoal Firing,10
-980,initial,238,South zungoa Tribe,West Sahel,3,Archery,10
-976,unlock,5,Kingdom of South surkanra,Indic Riverine,26,Compass,35
-970,unlock,5,Kingdom of South surkanra,Indic Riverine,29,Machinery,36
-970,initial,239,New tanofiara Tribe,West Sahel,100,Cordage and Knots,16
-970,initial,239,New tanofiara Tribe,West Sahel,101,Hide Working and Tailored Clothing,16
-970,initial,239,New tanofiara Tribe,West Sahel,102,Hafted Stone Tools,16
-970,initial,239,New tanofiara Tribe,West Sahel,103,Bone and Antler Tools,16
-970,initial,239,New tanofiara Tribe,West Sahel,104,Fishing Technology,16
-970,initial,239,New tanofiara Tribe,West Sahel,105,Food Preservation,16
-970,initial,239,New tanofiara Tribe,West Sahel,106,Storage Pits and Containers,16
-970,initial,239,New tanofiara Tribe,West Sahel,107,Seasonal Aggregation Camps,16
-970,initial,239,New tanofiara Tribe,West Sahel,111,Grinding Stones,16
-970,initial,239,New tanofiara Tribe,West Sahel,112,Proto-cultivation,16
-970,initial,239,New tanofiara Tribe,West Sahel,113,Sedentism,16
-970,initial,239,New tanofiara Tribe,West Sahel,114,Enclosures and Herd Management,16
-970,initial,239,New tanofiara Tribe,West Sahel,115,Counting Tokens and Tallies,16
-970,initial,239,New tanofiara Tribe,West Sahel,116,Charcoal Firing,16
-970,initial,239,New tanofiara Tribe,West Sahel,3,Archery,16
-970,initial,239,New tanofiara Tribe,West Sahel,6,Calendar,16
-969,unlock,67,Kingdom of Chinahyucco,Mesoamerican,17,Roads,24
-959,unlock,153,Kingdom of South intiayaa,Andean Highland,110,Dog Domestication,10
-951,unlock,5,Kingdom of South surkanra,Indic Riverine,24,Optics,37
-947,unlock,202,Great ravarpur Kingdom,Indic Riverine,109,Long-distance Exchange Networks,24
-937,unlock,66,Kingdom of Teoitztolpan,Mesoamerican,118,Numeracy and Measurement,26
-930,initial,240,New tambarad Kingdom,Fertile Crescent,100,Cordage and Knots,10
-930,initial,240,New tambarad Kingdom,Fertile Crescent,101,Hide Working and Tailored Clothing,10
-930,initial,240,New tambarad Kingdom,Fertile Crescent,102,Hafted Stone Tools,10
-930,initial,240,New tambarad Kingdom,Fertile Crescent,105,Food Preservation,10
-930,initial,240,New tambarad Kingdom,Fertile Crescent,106,Storage Pits and Containers,10
-930,initial,240,New tambarad Kingdom,Fertile Crescent,107,Seasonal Aggregation Camps,10
-930,initial,240,New tambarad Kingdom,Fertile Crescent,110,Dog Domestication,10
-930,initial,240,New tambarad Kingdom,Fertile Crescent,111,Grinding Stones,10
-930,initial,240,New tambarad Kingdom,Fertile Crescent,116,Charcoal Firing,10
-930,initial,240,New tambarad Kingdom,Fertile Crescent,3,Archery,10
-925,unlock,11,Kingdom of Old dradradrapur,Indic Riverine,8,Masonry,12
-924,unlock,5,Kingdom of South surkanra,Indic Riverine,39,Universities,38
-922,unlock,1,Kingdom of South varranaldesh,Indic Riverine,49,Scientific Method,31
-902,unlock,5,Kingdom of South surkanra,Indic Riverine,21,Drama and Poetry,39
-902,unlock,224,North sesea Kingdom,West Sahel,108,Watercraft,20
-900,initial,241,Old renxia Tribe,East Riverine,100,Cordage and Knots,11
-900,initial,241,Old renxia Tribe,East Riverine,101,Hide Working and Tailored Clothing,11
-900,initial,241,Old renxia Tribe,East Riverine,102,Hafted Stone Tools,11
-900,initial,241,Old renxia Tribe,East Riverine,103,Bone and Antler Tools,11
-900,initial,241,Old renxia Tribe,East Riverine,105,Food Preservation,11
-900,initial,241,Old renxia Tribe,East Riverine,106,Storage Pits and Containers,11
-900,initial,241,Old renxia Tribe,East Riverine,107,Seasonal Aggregation Camps,11
-900,initial,241,Old renxia Tribe,East Riverine,110,Dog Domestication,11
-900,initial,241,Old renxia Tribe,East Riverine,111,Grinding Stones,11
-900,initial,241,Old renxia Tribe,East Riverine,116,Charcoal Firing,11
-900,initial,241,Old renxia Tribe,East Riverine,3,Archery,11
-900,initial,242,New chikaene Kingdom,East Horn,100,Cordage and Knots,28
-900,initial,242,New chikaene Kingdom,East Horn,101,Hide Working and Tailored Clothing,28
-900,initial,242,New chikaene Kingdom,East Horn,102,Hafted Stone Tools,28
-900,initial,242,New chikaene Kingdom,East Horn,103,Bone and Antler Tools,28
-900,initial,242,New chikaene Kingdom,East Horn,104,Fishing Technology,28
-900,initial,242,New chikaene Kingdom,East Horn,105,Food Preservation,28
-900,initial,242,New chikaene Kingdom,East Horn,106,Storage Pits and Containers,28
-900,initial,242,New chikaene Kingdom,East Horn,107,Seasonal Aggregation Camps,28
-900,initial,242,New chikaene Kingdom,East Horn,108,Watercraft,28
-900,initial,242,New chikaene Kingdom,East Horn,109,Long-distance Exchange Networks,28
-900,initial,242,New chikaene Kingdom,East Horn,110,Dog Domestication,28
-900,initial,242,New chikaene Kingdom,East Horn,111,Grinding Stones,28
-900,initial,242,New chikaene Kingdom,East Horn,112,Proto-cultivation,28
-900,initial,242,New chikaene Kingdom,East Horn,113,Sedentism,28
-900,initial,242,New chikaene Kingdom,East Horn,114,Enclosures and Herd Management,28
-900,initial,242,New chikaene Kingdom,East Horn,115,Counting Tokens and Tallies,28
-900,initial,242,New chikaene Kingdom,East Horn,116,Charcoal Firing,28
-900,initial,242,New chikaene Kingdom,East Horn,117,Proto-writing and Administrative Notation,28
-900,initial,242,New chikaene Kingdom,East Horn,20,Agriculture,28
-900,initial,242,New chikaene Kingdom,East Horn,3,Archery,28
-900,initial,242,New chikaene Kingdom,East Horn,5,Sailing,28
-900,initial,242,New chikaene Kingdom,East Horn,6,Calendar,28
-900,initial,242,New chikaene Kingdom,East Horn,7,Wheel,28
-900,initial,242,New chikaene Kingdom,East Horn,10,Irrigation,28
-900,initial,242,New chikaene Kingdom,East Horn,12,Shipbuilding,28
-900,initial,242,New chikaene Kingdom,East Horn,17,Roads,28
-900,initial,242,New chikaene Kingdom,East Horn,23,Engineering,28
-900,initial,242,New chikaene Kingdom,East Horn,29,Machinery,28
-892,unlock,105,South belsel Tribe,Central Plain,119,Native Copper Working,13
-878,unlock,34,Kingdom of North ureshan,Fertile Crescent,8,Masonry,12
-870,unlock,2,New mitra Tribe,Indic Riverine,33,Paper,30
-870,initial,243,Great eshbarbar Kingdom,Fertile Crescent,100,Cordage and Knots,10
-870,initial,243,Great eshbarbar Kingdom,Fertile Crescent,101,Hide Working and Tailored Clothing,10
-870,initial,243,Great eshbarbar Kingdom,Fertile Crescent,102,Hafted Stone Tools,10
-870,initial,243,Great eshbarbar Kingdom,Fertile Crescent,105,Food Preservation,10
-870,initial,243,Great eshbarbar Kingdom,Fertile Crescent,106,Storage Pits and Containers,10
-870,initial,243,Great eshbarbar Kingdom,Fertile Crescent,107,Seasonal Aggregation Camps,10
-870,initial,243,Great eshbarbar Kingdom,Fertile Crescent,110,Dog Domestication,10
-870,initial,243,Great eshbarbar Kingdom,Fertile Crescent,111,Grinding Stones,10
-870,initial,243,Great eshbarbar Kingdom,Fertile Crescent,116,Charcoal Firing,10
-870,initial,243,Great eshbarbar Kingdom,Fertile Crescent,3,Archery,10
-869,unlock,2,New mitra Tribe,Indic Riverine,24,Optics,31
-868,unlock,202,Great ravarpur Kingdom,Indic Riverine,12,Shipbuilding,25
-867,unlock,192,North tanbartana Kingdom,West Sahel,17,Roads,20
-860,unlock,184,Kingdom of Kanshadrapur,Indic Riverine,5,Sailing,23
-855,initial,244,New tamohivamoa Tribe,Oceanic Navigators,100,Cordage and Knots,7
-855,initial,244,New tamohivamoa Tribe,Oceanic Navigators,101,Hide Working and Tailored Clothing,7
-855,initial,244,New tamohivamoa Tribe,Oceanic Navigators,102,Hafted Stone Tools,7
-855,initial,244,New tamohivamoa Tribe,Oceanic Navigators,105,Food Preservation,7
-855,initial,244,New tamohivamoa Tribe,Oceanic Navigators,106,Storage Pits and Containers,7
-855,initial,244,New tamohivamoa Tribe,Oceanic Navigators,107,Seasonal Aggregation Camps,7
-855,initial,244,New tamohivamoa Tribe,Oceanic Navigators,3,Archery,7
-852,unlock,48,Kingdom of North mangolamu,Nile Floodplain,31,Acoustics,36
-841,unlock,82,Kingdom of South belsolvialand,Eastern Woodland,110,Dog Domestication,9
-810,initial,245,Barngotanu Kingdom,East Horn,100,Cordage and Knots,27
-810,initial,245,Barngotanu Kingdom,East Horn,101,Hide Working and Tailored Clothing,27
-810,initial,245,Barngotanu Kingdom,East Horn,102,Hafted Stone Tools,27
-810,initial,245,Barngotanu Kingdom,East Horn,103,Bone and Antler Tools,27
-810,initial,245,Barngotanu Kingdom,East Horn,104,Fishing Technology,27
-810,initial,245,Barngotanu Kingdom,East Horn,105,Food Preservation,27
-810,initial,245,Barngotanu Kingdom,East Horn,106,Storage Pits and Containers,27
-810,initial,245,Barngotanu Kingdom,East Horn,107,Seasonal Aggregation Camps,27
-810,initial,245,Barngotanu Kingdom,East Horn,108,Watercraft,27
-810,initial,245,Barngotanu Kingdom,East Horn,109,Long-distance Exchange Networks,27
-810,initial,245,Barngotanu Kingdom,East Horn,110,Dog Domestication,27
-810,initial,245,Barngotanu Kingdom,East Horn,111,Grinding Stones,27
-810,initial,245,Barngotanu Kingdom,East Horn,112,Proto-cultivation,27
-810,initial,245,Barngotanu Kingdom,East Horn,113,Sedentism,27
-810,initial,245,Barngotanu Kingdom,East Horn,114,Enclosures and Herd Management,27
-810,initial,245,Barngotanu Kingdom,East Horn,115,Counting Tokens and Tallies,27
-810,initial,245,Barngotanu Kingdom,East Horn,116,Charcoal Firing,27
-810,initial,245,Barngotanu Kingdom,East Horn,117,Proto-writing and Administrative Notation,27
-810,initial,245,Barngotanu Kingdom,East Horn,20,Agriculture,27
-810,initial,245,Barngotanu Kingdom,East Horn,3,Archery,27
-810,initial,245,Barngotanu Kingdom,East Horn,5,Sailing,27
-810,initial,245,Barngotanu Kingdom,East Horn,6,Calendar,27
-810,initial,245,Barngotanu Kingdom,East Horn,7,Wheel,27
-810,initial,245,Barngotanu Kingdom,East Horn,10,Irrigation,27
-810,initial,245,Barngotanu Kingdom,East Horn,12,Shipbuilding,27
-810,initial,245,Barngotanu Kingdom,East Horn,17,Roads,27
-810,initial,245,Barngotanu Kingdom,East Horn,29,Machinery,27
-802,unlock,224,North sesea Kingdom,West Sahel,17,Roads,21
-798,unlock,18,Kingdom of Old hanhanshan,East Riverine,103,Bone and Antler Tools,11
-797,unlock,131,Kingdom of North kiritamoa,Oceanic Navigators,4,Mining,10
-782,unlock,224,North sesea Kingdom,West Sahel,117,Proto-writing and Administrative Notation,22
-780,initial,246,South eshashad Kingdom,Fertile Crescent,100,Cordage and Knots,10
-780,initial,246,South eshashad Kingdom,Fertile Crescent,101,Hide Working and Tailored Clothing,10
-780,initial,246,South eshashad Kingdom,Fertile Crescent,102,Hafted Stone Tools,10
-780,initial,246,South eshashad Kingdom,Fertile Crescent,105,Food Preservation,10
-780,initial,246,South eshashad Kingdom,Fertile Crescent,106,Storage Pits and Containers,10
-780,initial,246,South eshashad Kingdom,Fertile Crescent,107,Seasonal Aggregation Camps,10
-780,initial,246,South eshashad Kingdom,Fertile Crescent,110,Dog Domestication,10
-780,initial,246,South eshashad Kingdom,Fertile Crescent,111,Grinding Stones,10
-780,initial,246,South eshashad Kingdom,Fertile Crescent,116,Charcoal Firing,10
-780,initial,246,South eshashad Kingdom,Fertile Crescent,3,Archery,10
-778,unlock,5,Kingdom of South surkanra,Indic Riverine,27,Democracy,40
-767,unlock,224,North sesea Kingdom,West Sahel,5,Sailing,23
-765,initial,247,New ureshurar Kingdom,Fertile Crescent,100,Cordage and Knots,10
-765,initial,247,New ureshurar Kingdom,Fertile Crescent,101,Hide Working and Tailored Clothing,10
-765,initial,247,New ureshurar Kingdom,Fertile Crescent,102,Hafted Stone Tools,10
-765,initial,247,New ureshurar Kingdom,Fertile Crescent,105,Food Preservation,10
-765,initial,247,New ureshurar Kingdom,Fertile Crescent,106,Storage Pits and Containers,10
-765,initial,247,New ureshurar Kingdom,Fertile Crescent,107,Seasonal Aggregation Camps,10
-765,initial,247,New ureshurar Kingdom,Fertile Crescent,110,Dog Domestication,10
-765,initial,247,New ureshurar Kingdom,Fertile Crescent,111,Grinding Stones,10
-765,initial,247,New ureshurar Kingdom,Fertile Crescent,116,Charcoal Firing,10
-765,initial,247,New ureshurar Kingdom,Fertile Crescent,3,Archery,10
-760,initial,248,Old katanmaene Kingdom,West Sahel,100,Cordage and Knots,10
-760,initial,248,Old katanmaene Kingdom,West Sahel,101,Hide Working and Tailored Clothing,10
-760,initial,248,Old katanmaene Kingdom,West Sahel,102,Hafted Stone Tools,10
-760,initial,248,Old katanmaene Kingdom,West Sahel,103,Bone and Antler Tools,10
-760,initial,248,Old katanmaene Kingdom,West Sahel,105,Food Preservation,10
-760,initial,248,Old katanmaene Kingdom,West Sahel,106,Storage Pits and Containers,10
-760,initial,248,Old katanmaene Kingdom,West Sahel,107,Seasonal Aggregation Camps,10
-760,initial,248,Old katanmaene Kingdom,West Sahel,111,Grinding Stones,10
-760,initial,248,Old katanmaene Kingdom,West Sahel,116,Charcoal Firing,10
-760,initial,248,Old katanmaene Kingdom,West Sahel,3,Archery,10
-754,unlock,12,Kingdom of Nalrashanagar,Indic Riverine,23,Engineering,14
-751,unlock,200,Old tanzuene Kingdom,West Sahel,29,Machinery,19
-745,unlock,135,Rasurshadesh Tribe,Indic Riverine,103,Bone and Antler Tools,11
-740,initial,249,Old weixiaguo Kingdom,East Riverine,100,Cordage and Knots,10
-740,initial,249,Old weixiaguo Kingdom,East Riverine,101,Hide Working and Tailored Clothing,10
-740,initial,249,Old weixiaguo Kingdom,East Riverine,102,Hafted Stone Tools,10
-740,initial,249,Old weixiaguo Kingdom,East Riverine,105,Food Preservation,10
-740,initial,249,Old weixiaguo Kingdom,East Riverine,106,Storage Pits and Containers,10
-740,initial,249,Old weixiaguo Kingdom,East Riverine,107,Seasonal Aggregation Camps,10
-740,initial,249,Old weixiaguo Kingdom,East Riverine,110,Dog Domestication,10
-740,initial,249,Old weixiaguo Kingdom,East Riverine,111,Grinding Stones,10
-740,initial,249,Old weixiaguo Kingdom,East Riverine,116,Charcoal Firing,10
-740,initial,249,Old weixiaguo Kingdom,East Riverine,3,Archery,10
-728,unlock,12,Kingdom of Nalrashanagar,Indic Riverine,5,Sailing,15
-726,unlock,139,Kingdom of New kuspachmarca,Andean Highland,110,Dog Domestication,12
-717,unlock,84,Kingdom of North terlorgrad,Eastern Woodland,8,Masonry,10
-714,unlock,159,South dravarmitdesh Tribe,Indic Riverine,103,Bone and Antler Tools,13
-710,initial,250,Chikakaene Tribe,Central Forest,100,Cordage and Knots,9
-710,initial,250,Chikakaene Tribe,Central Forest,101,Hide Working and Tailored Clothing,9
-710,initial,250,Chikakaene Tribe,Central Forest,102,Hafted Stone Tools,9
-710,initial,250,Chikakaene Tribe,Central Forest,105,Food Preservation,9
-710,initial,250,Chikakaene Tribe,Central Forest,106,Storage Pits and Containers,9
-710,initial,250,Chikakaene Tribe,Central Forest,107,Seasonal Aggregation Camps,9
-710,initial,250,Chikakaene Tribe,Central Forest,111,Grinding Stones,9
-710,initial,250,Chikakaene Tribe,Central Forest,116,Charcoal Firing,9
-710,initial,250,Chikakaene Tribe,Central Forest,3,Archery,9
-709,unlock,12,Kingdom of Old draranagar,Indic Riverine,29,Machinery,16
-703,unlock,60,Kingdom of Great alalselland,Central Plain,8,Masonry,12
-681,unlock,141,Rasurdra Kingdom,Indic Riverine,8,Masonry,12
-675,unlock,143,Old qinlizhou Tribe,East Riverine,103,Bone and Antler Tools,12
-675,unlock,153,Kingdom of South intiayaa,Andean Highland,103,Bone and Antler Tools,11
-661,unlock,2,New mitra Tribe,Indic Riverine,108,Watercraft,32
-656,unlock,224,North sesea Kingdom,West Sahel,109,Long-distance Exchange Networks,24
-650,initial,251,Samninad Kingdom,Fertile Crescent,100,Cordage and Knots,10
-650,initial,251,Samninad Kingdom,Fertile Crescent,101,Hide Working and Tailored Clothing,10
-650,initial,251,Samninad Kingdom,Fertile Crescent,102,Hafted Stone Tools,10
-650,initial,251,Samninad Kingdom,Fertile Crescent,105,Food Preservation,10
-650,initial,251,Samninad Kingdom,Fertile Crescent,106,Storage Pits and Containers,10
-650,initial,251,Samninad Kingdom,Fertile Crescent,107,Seasonal Aggregation Camps,10
-650,initial,251,Samninad Kingdom,Fertile Crescent,110,Dog Domestication,10
-650,initial,251,Samninad Kingdom,Fertile Crescent,111,Grinding Stones,10
-650,initial,251,Samninad Kingdom,Fertile Crescent,116,Charcoal Firing,10
-650,initial,251,Samninad Kingdom,Fertile Crescent,3,Archery,10
-635,initial,252,New kirinuinui Kingdom,Oceanic Navigators,100,Cordage and Knots,7
-635,initial,252,New kirinuinui Kingdom,Oceanic Navigators,101,Hide Working and Tailored Clothing,7
-635,initial,252,New kirinuinui Kingdom,Oceanic Navigators,102,Hafted Stone Tools,7
-635,initial,252,New kirinuinui Kingdom,Oceanic Navigators,105,Food Preservation,7
-635,initial,252,New kirinuinui Kingdom,Oceanic Navigators,106,Storage Pits and Containers,7
-635,initial,252,New kirinuinui Kingdom,Oceanic Navigators,107,Seasonal Aggregation Camps,7
-635,initial,252,New kirinuinui Kingdom,Oceanic Navigators,3,Archery,7
-626,unlock,197,New tankalama Kingdom,Nile Floodplain,29,Machinery,22
-623,unlock,66,Kingdom of Teoitztolpan,Mesoamerican,15,Currency,27
-620,initial,253,North xiatai Kingdom,East Riverine,100,Cordage and Knots,11
-620,initial,253,North xiatai Kingdom,East Riverine,101,Hide Working and Tailored Clothing,11
-620,initial,253,North xiatai Kingdom,East Riverine,102,Hafted Stone Tools,11
-620,initial,253,North xiatai Kingdom,East Riverine,103,Bone and Antler Tools,11
-620,initial,253,North xiatai Kingdom,East Riverine,105,Food Preservation,11
-620,initial,253,North xiatai Kingdom,East Riverine,106,Storage Pits and Containers,11
-620,initial,253,North xiatai Kingdom,East Riverine,107,Seasonal Aggregation Camps,11
-620,initial,253,North xiatai Kingdom,East Riverine,110,Dog Domestication,11
-620,initial,253,North xiatai Kingdom,East Riverine,111,Grinding Stones,11
-620,initial,253,North xiatai Kingdom,East Riverine,116,Charcoal Firing,11
-620,initial,253,North xiatai Kingdom,East Riverine,3,Archery,11
-616,unlock,142,Qoritupintiyu Tribe,Andean Highland,110,Dog Domestication,12
-612,unlock,80,New tupayamarca Tribe,Andean Highland,110,Dog Domestication,10
-609,unlock,8,Kingdom of Great tandradradesh,Indic Riverine,16,Construction,13
-606,unlock,79,Kingdom of Great llaqaya,Andean Highland,103,Bone and Antler Tools,10
-600,unlock,159,South dravarmitdesh Tribe,Indic Riverine,20,Agriculture,15
-600,unlock,159,South dravarmitdesh Tribe,Indic Riverine,6,Calendar,15
-596,unlock,86,Kingdom of Old viaromterstan,Eastern Woodland,110,Dog Domestication,10
-595,unlock,81,Kingdom of Sumtup,Andean Highland,119,Native Copper Working,12
-595,unlock,188,Old chitana Tribe,East Horn,29,Machinery,26
-592,unlock,37,Great ureshurad,Fertile Crescent,8,Masonry,13
-590,initial,254,Great kazua Kingdom,East Horn,100,Cordage and Knots,23
-590,initial,254,Great kazua Kingdom,East Horn,101,Hide Working and Tailored Clothing,23
-590,initial,254,Great kazua Kingdom,East Horn,102,Hafted Stone Tools,23
-590,initial,254,Great kazua Kingdom,East Horn,103,Bone and Antler Tools,23
-590,initial,254,Great kazua Kingdom,East Horn,104,Fishing Technology,23
-590,initial,254,Great kazua Kingdom,East Horn,105,Food Preservation,23
-590,initial,254,Great kazua Kingdom,East Horn,106,Storage Pits and Containers,23
-590,initial,254,Great kazua Kingdom,East Horn,107,Seasonal Aggregation Camps,23
-590,initial,254,Great kazua Kingdom,East Horn,110,Dog Domestication,23
-590,initial,254,Great kazua Kingdom,East Horn,111,Grinding Stones,23
-590,initial,254,Great kazua Kingdom,East Horn,112,Proto-cultivation,23
-590,initial,254,Great kazua Kingdom,East Horn,113,Sedentism,23
-590,initial,254,Great kazua Kingdom,East Horn,114,Enclosures and Herd Management,23
-590,initial,254,Great kazua Kingdom,East Horn,115,Counting Tokens and Tallies,23
-590,initial,254,Great kazua Kingdom,East Horn,116,Charcoal Firing,23
-590,initial,254,Great kazua Kingdom,East Horn,117,Proto-writing and Administrative Notation,23
-590,initial,254,Great kazua Kingdom,East Horn,20,Agriculture,23
-590,initial,254,Great kazua Kingdom,East Horn,3,Archery,23
-590,initial,254,Great kazua Kingdom,East Horn,6,Calendar,23
-590,initial,254,Great kazua Kingdom,East Horn,7,Wheel,23
-590,initial,254,Great kazua Kingdom,East Horn,10,Irrigation,23
-590,initial,254,Great kazua Kingdom,East Horn,17,Roads,23
-590,initial,254,Great kazua Kingdom,East Horn,29,Machinery,23
-589,unlock,28,Kingdom of New eshninar,Fertile Crescent,103,Bone and Antler Tools,14
-585,unlock,143,Old qinlizhou Tribe,East Riverine,8,Masonry,13
-576,unlock,192,North tanbartana Kingdom,West Sahel,29,Machinery,21
-575,unlock,2,New mitra Tribe,Indic Riverine,21,Drama and Poetry,33
-571,unlock,200,Kingdom of Old mabarzuu,West Sahel,7,Wheel,20
-568,unlock,100,New dusgarbelland,Caribbean Seafaring,116,Charcoal Firing,11
-567,unlock,159,South dravarmitdesh Tribe,Indic Riverine,115,Counting Tokens and Tallies,16
-565,initial,255,Nornorum Kingdom,Mediterranean Highland,100,Cordage and Knots,10
-565,initial,255,Nornorum Kingdom,Mediterranean Highland,101,Hide Working and Tailored Clothing,10
-565,initial,255,Nornorum Kingdom,Mediterranean Highland,102,Hafted Stone Tools,10
-565,initial,255,Nornorum Kingdom,Mediterranean Highland,105,Food Preservation,10
-565,initial,255,Nornorum Kingdom,Mediterranean Highland,106,Storage Pits and Containers,10
-565,initial,255,Nornorum Kingdom,Mediterranean Highland,107,Seasonal Aggregation Camps,10
-565,initial,255,Nornorum Kingdom,Mediterranean Highland,110,Dog Domestication,10
-565,initial,255,Nornorum Kingdom,Mediterranean Highland,111,Grinding Stones,10
-565,initial,255,Nornorum Kingdom,Mediterranean Highland,116,Charcoal Firing,10
-565,initial,255,Nornorum Kingdom,Mediterranean Highland,3,Archery,10
-561,unlock,2,New mitra Tribe,Indic Riverine,5,Sailing,34
-558,unlock,116,Kingdom of Old eshbararum,Fertile Crescent,16,Construction,14
-550,initial,256,North ninninbelum Kingdom,Fertile Crescent,100,Cordage and Knots,10
-550,initial,256,North ninninbelum Kingdom,Fertile Crescent,101,Hide Working and Tailored Clothing,10
-550,initial,256,North ninninbelum Kingdom,Fertile Crescent,102,Hafted Stone Tools,10
-550,initial,256,North ninninbelum Kingdom,Fertile Crescent,105,Food Preservation,10
-550,initial,256,North ninninbelum Kingdom,Fertile Crescent,106,Storage Pits and Containers,10
-550,initial,256,North ninninbelum Kingdom,Fertile Crescent,107,Seasonal Aggregation Camps,10
-550,initial,256,North ninninbelum Kingdom,Fertile Crescent,110,Dog Domestication,10
-550,initial,256,North ninninbelum Kingdom,Fertile Crescent,111,Grinding Stones,10
-550,initial,256,North ninninbelum Kingdom,Fertile Crescent,116,Charcoal Firing,10
-550,initial,256,North ninninbelum Kingdom,Fertile Crescent,3,Archery,10
-548,unlock,5,Kingdom of South surkanra,Indic Riverine,31,Acoustics,41
-544,unlock,128,New taixialing Tribe,East Riverine,103,Bone and Antler Tools,11
-543,unlock,184,Kingdom of Kanshadrapur,Indic Riverine,109,Long-distance Exchange Networks,24
-537,unlock,112,Kingdom of Old belromter,Eastern Woodland,110,Dog Domestication,10
-533,unlock,20,Kingdom of South minhanmin,East Riverine,103,Bone and Antler Tools,11
-532,unlock,142,Qoritupintiyu Tribe,Andean Highland,119,Native Copper Working,13
-531,unlock,83,Kingdom of South quilinromstan,Eastern Woodland,116,Charcoal Firing,11
-530,unlock,139,Kingdom of New kuspachmarca,Andean Highland,103,Bone and Antler Tools,13
-530,unlock,177,New mitkannala Kingdom,Indic Riverine,12,Shipbuilding,24
-522,unlock,12,Kingdom of Old draranagar,Indic Riverine,109,Long-distance Exchange Networks,17
-519,unlock,195,Kingdom of North selamlam,West Sahel,10,Irrigation,14
-519,unlock,200,Kingdom of Old mabarzuu,West Sahel,110,Dog Domestication,21
-509,unlock,32,North barsameshar Tribe,Fertile Crescent,120,Copper Smelting,13
-507,unlock,159,South dravarmitdesh Tribe,Indic Riverine,114,Enclosures and Herd Management,17
-496,unlock,106,Kingdom of South quinaia,Western Plains,110,Dog Domestication,10
-493,unlock,131,Kingdom of North kiritamoa,Oceanic Navigators,116,Charcoal Firing,11
-487,unlock,79,Kingdom of Great llaqaya,Andean Highland,110,Dog Domestication,11
-485,unlock,68,Kingdom of New temnahitzan,Mesoamerican,104,Fishing Technology,21
-485,initial,257,Great suyurumsuma Kingdom,Andean Highland,100,Cordage and Knots,9
-485,initial,257,Great suyurumsuma Kingdom,Andean Highland,101,Hide Working and Tailored Clothing,9
-485,initial,257,Great suyurumsuma Kingdom,Andean Highland,102,Hafted Stone Tools,9
-485,initial,257,Great suyurumsuma Kingdom,Andean Highland,105,Food Preservation,9
-485,initial,257,Great suyurumsuma Kingdom,Andean Highland,106,Storage Pits and Containers,9
-485,initial,257,Great suyurumsuma Kingdom,Andean Highland,107,Seasonal Aggregation Camps,9
-485,initial,257,Great suyurumsuma Kingdom,Andean Highland,111,Grinding Stones,9
-485,initial,257,Great suyurumsuma Kingdom,Andean Highland,116,Charcoal Firing,9
-485,initial,257,Great suyurumsuma Kingdom,Andean Highland,3,Archery,9
-485,initial,258,Great belbelur Kingdom,Fertile Crescent,100,Cordage and Knots,10
-485,initial,258,Great belbelur Kingdom,Fertile Crescent,101,Hide Working and Tailored Clothing,10
-485,initial,258,Great belbelur Kingdom,Fertile Crescent,102,Hafted Stone Tools,10
-485,initial,258,Great belbelur Kingdom,Fertile Crescent,105,Food Preservation,10
-485,initial,258,Great belbelur Kingdom,Fertile Crescent,106,Storage Pits and Containers,10
-485,initial,258,Great belbelur Kingdom,Fertile Crescent,107,Seasonal Aggregation Camps,10
-485,initial,258,Great belbelur Kingdom,Fertile Crescent,110,Dog Domestication,10
-485,initial,258,Great belbelur Kingdom,Fertile Crescent,111,Grinding Stones,10
-485,initial,258,Great belbelur Kingdom,Fertile Crescent,116,Charcoal Firing,10
-485,initial,258,Great belbelur Kingdom,Fertile Crescent,3,Archery,10
-477,unlock,97,Great marbelzenland Tribe,Caribbean Seafaring,111,Grinding Stones,8
-477,unlock,184,Kingdom of Kanshadrapur,Indic Riverine,12,Shipbuilding,25
-462,unlock,109,New esheshar,Fertile Crescent,23,Engineering,12
-460,initial,259,North yucitz Tribe,Mesoamerican,100,Cordage and Knots,12
-460,initial,259,North yucitz Tribe,Mesoamerican,101,Hide Working and Tailored Clothing,12
-460,initial,259,North yucitz Tribe,Mesoamerican,102,Hafted Stone Tools,12
-460,initial,259,North yucitz Tribe,Mesoamerican,103,Bone and Antler Tools,12
-460,initial,259,North yucitz Tribe,Mesoamerican,104,Fishing Technology,12
-460,initial,259,North yucitz Tribe,Mesoamerican,105,Food Preservation,12
-460,initial,259,North yucitz Tribe,Mesoamerican,106,Storage Pits and Containers,12
-460,initial,259,North yucitz Tribe,Mesoamerican,107,Seasonal Aggregation Camps,12
-460,initial,259,North yucitz Tribe,Mesoamerican,108,Watercraft,12
-460,initial,259,North yucitz Tribe,Mesoamerican,111,Grinding Stones,12
-460,initial,259,North yucitz Tribe,Mesoamerican,116,Charcoal Firing,12
-460,initial,259,North yucitz Tribe,Mesoamerican,3,Archery,12
-442,unlock,5,Kingdom of South surkanra,Indic Riverine,33,Paper,42
-441,unlock,159,South dravarmitdesh Tribe,Indic Riverine,29,Machinery,18
-439,unlock,2,Republic of New mitra,Indic Riverine,109,Long-distance Exchange Networks,35
-437,unlock,214,New seofimaa Kingdom,West Sahel,108,Watercraft,22
-431,unlock,2,Republic of New mitra,Indic Riverine,31,Acoustics,36
-430,unlock,129,Kingdom of North shakan,Indic Riverine,103,Bone and Antler Tools,11
-429,unlock,144,Old kuskusa Kingdom,Andean Highland,8,Masonry,11
-427,unlock,192,North tanbartana Kingdom,West Sahel,110,Dog Domestication,22
-425,unlock,159,South dravarmitdesh Tribe,Indic Riverine,23,Engineering,19
-423,unlock,2,Republic of New mitra,Indic Riverine,22,Philosophy,37
-423,unlock,141,Rasurdra Kingdom,Indic Riverine,103,Bone and Antler Tools,13
-422,unlock,139,Kingdom of New kuspachmarca,Andean Highland,119,Native Copper Working,14
-417,unlock,159,South dravarmitdesh Tribe,Indic Riverine,10,Irrigation,20
-416,unlock,2,Republic of New mitra,Indic Riverine,12,Shipbuilding,38
-410,initial,260,Old chitanu Kingdom,West Sahel,100,Cordage and Knots,16
-410,initial,260,Old chitanu Kingdom,West Sahel,101,Hide Working and Tailored Clothing,16
-410,initial,260,Old chitanu Kingdom,West Sahel,102,Hafted Stone Tools,16
-410,initial,260,Old chitanu Kingdom,West Sahel,103,Bone and Antler Tools,16
-410,initial,260,Old chitanu Kingdom,West Sahel,104,Fishing Technology,16
-410,initial,260,Old chitanu Kingdom,West Sahel,105,Food Preservation,16
-410,initial,260,Old chitanu Kingdom,West Sahel,106,Storage Pits and Containers,16
-410,initial,260,Old chitanu Kingdom,West Sahel,107,Seasonal Aggregation Camps,16
-410,initial,260,Old chitanu Kingdom,West Sahel,111,Grinding Stones,16
-410,initial,260,Old chitanu Kingdom,West Sahel,112,Proto-cultivation,16
-410,initial,260,Old chitanu Kingdom,West Sahel,113,Sedentism,16
-410,initial,260,Old chitanu Kingdom,West Sahel,114,Enclosures and Herd Management,16
-410,initial,260,Old chitanu Kingdom,West Sahel,115,Counting Tokens and Tallies,16
-410,initial,260,Old chitanu Kingdom,West Sahel,116,Charcoal Firing,16
-410,initial,260,Old chitanu Kingdom,West Sahel,3,Archery,16
-410,initial,260,Old chitanu Kingdom,West Sahel,6,Calendar,16
-409,unlock,121,Kingdom of Naranland,Western Plains,110,Dog Domestication,9
-400,initial,261,New mintaiguo Kingdom,East Riverine,100,Cordage and Knots,11
-400,initial,261,New mintaiguo Kingdom,East Riverine,101,Hide Working and Tailored Clothing,11
-400,initial,261,New mintaiguo Kingdom,East Riverine,102,Hafted Stone Tools,11
-400,initial,261,New mintaiguo Kingdom,East Riverine,103,Bone and Antler Tools,11
-400,initial,261,New mintaiguo Kingdom,East Riverine,105,Food Preservation,11
-400,initial,261,New mintaiguo Kingdom,East Riverine,106,Storage Pits and Containers,11
-400,initial,261,New mintaiguo Kingdom,East Riverine,107,Seasonal Aggregation Camps,11
-400,initial,261,New mintaiguo Kingdom,East Riverine,110,Dog Domestication,11
-400,initial,261,New mintaiguo Kingdom,East Riverine,111,Grinding Stones,11
-400,initial,261,New mintaiguo Kingdom,East Riverine,116,Charcoal Firing,11
-400,initial,261,New mintaiguo Kingdom,East Riverine,3,Archery,11
-400,initial,262,South lixialing Kingdom,East Riverine,100,Cordage and Knots,11
-400,initial,262,South lixialing Kingdom,East Riverine,101,Hide Working and Tailored Clothing,11
-400,initial,262,South lixialing Kingdom,East Riverine,102,Hafted Stone Tools,11
-400,initial,262,South lixialing Kingdom,East Riverine,103,Bone and Antler Tools,11
-400,initial,262,South lixialing Kingdom,East Riverine,105,Food Preservation,11
-400,initial,262,South lixialing Kingdom,East Riverine,106,Storage Pits and Containers,11
-400,initial,262,South lixialing Kingdom,East Riverine,107,Seasonal Aggregation Camps,11
-400,initial,262,South lixialing Kingdom,East Riverine,110,Dog Domestication,11
-400,initial,262,South lixialing Kingdom,East Riverine,111,Grinding Stones,11
-400,initial,262,South lixialing Kingdom,East Riverine,116,Charcoal Firing,11
-400,initial,262,South lixialing Kingdom,East Riverine,3,Archery,11
-395,unlock,34,Kingdom of North ureshan,Fertile Crescent,16,Construction,14
-393,unlock,66,Kingdom of Teoitztolpan,Mesoamerican,12,Shipbuilding,26
-383,unlock,174,New tarvennorum Tribe,Mediterranean Urban,103,Bone and Antler Tools,11
-377,unlock,171,Empire of South beltameshad,Fertile Crescent,119,Native Copper Working,12
-368,unlock,192,North tanbartana Kingdom,West Sahel,23,Engineering,23
-366,unlock,159,South dravarmitdesh Tribe,Indic Riverine,7,Wheel,21
-364,unlock,159,South dravarmitdesh Tribe,Indic Riverine,117,Proto-writing and Administrative Notation,22
-363,unlock,2,Republic of New mitra,Indic Riverine,27,Democracy,39
-360,unlock,200,Kingdom of Old mabarzuu,West Sahel,17,Roads,22
-359,unlock,80,New tupayamarca Tribe,Andean Highland,103,Bone and Antler Tools,11
-347,unlock,159,South dravarmitdesh Tribe,Indic Riverine,104,Fishing Technology,23
-343,unlock,123,Old viaranland Tribe,Eastern Woodland,103,Bone and Antler Tools,9
-342,unlock,2,Republic of New mitra,Indic Riverine,30,Education,40
-340,initial,263,Qinlinshan Kingdom,East Riverine,100,Cordage and Knots,10
-340,initial,263,Qinlinshan Kingdom,East Riverine,101,Hide Working and Tailored Clothing,10
-340,initial,263,Qinlinshan Kingdom,East Riverine,102,Hafted Stone Tools,10
-340,initial,263,Qinlinshan Kingdom,East Riverine,105,Food Preservation,10
-340,initial,263,Qinlinshan Kingdom,East Riverine,106,Storage Pits and Containers,10
-340,initial,263,Qinlinshan Kingdom,East Riverine,107,Seasonal Aggregation Camps,10
-340,initial,263,Qinlinshan Kingdom,East Riverine,110,Dog Domestication,10
-340,initial,263,Qinlinshan Kingdom,East Riverine,111,Grinding Stones,10
-340,initial,263,Qinlinshan Kingdom,East Riverine,116,Charcoal Firing,10
-340,initial,263,Qinlinshan Kingdom,East Riverine,3,Archery,10
-334,unlock,176,South linsolgrad,Caribbean Seafaring,111,Grinding Stones,8
-327,unlock,28,Kingdom of New eshninar,Fertile Crescent,16,Construction,15
-325,unlock,30,North barbelbarad Tribe,Fertile Crescent,103,Bone and Antler Tools,12
-313,unlock,144,Old kuskusa Kingdom,Andean Highland,110,Dog Domestication,12
-310,unlock,28,Kingdom of New eshninar,Fertile Crescent,120,Copper Smelting,16
-309,unlock,222,Great ngomaene Kingdom,West Sahel,108,Watercraft,22
-307,unlock,12,Kingdom of Old draranagar,Indic Riverine,12,Shipbuilding,18
-300,unlock,32,North barsameshar Tribe,Fertile Crescent,103,Bone and Antler Tools,14
-294,unlock,2,Republic of New mitra,Indic Riverine,26,Compass,41
-279,unlock,104,Kingdom of South surnalrapur,Indic Riverine,38,Mechanical Clock,31
-276,unlock,214,New seofimaa Kingdom,West Sahel,29,Machinery,23
-272,unlock,60,Kingdom of South vennoria,Central Plain,119,Native Copper Working,13
-272,unlock,136,Kingdom of Old kandranagar,Indic Riverine,103,Bone and Antler Tools,12
-270,initial,264,Great ayasuyurummarca Kingdom,Andean Highland,100,Cordage and Knots,10
-270,initial,264,Great ayasuyurummarca Kingdom,Andean Highland,101,Hide Working and Tailored Clothing,10
-270,initial,264,Great ayasuyurummarca Kingdom,Andean Highland,102,Hafted Stone Tools,10
-270,initial,264,Great ayasuyurummarca Kingdom,Andean Highland,105,Food Preservation,10
-270,initial,264,Great ayasuyurummarca Kingdom,Andean Highland,106,Storage Pits and Containers,10
-270,initial,264,Great ayasuyurummarca Kingdom,Andean Highland,107,Seasonal Aggregation Camps,10
-270,initial,264,Great ayasuyurummarca Kingdom,Andean Highland,111,Grinding Stones,10
-270,initial,264,Great ayasuyurummarca Kingdom,Andean Highland,116,Charcoal Firing,10
-270,initial,264,Great ayasuyurummarca Kingdom,Andean Highland,4,Mining,10
-270,initial,264,Great ayasuyurummarca Kingdom,Andean Highland,3,Archery,10
-259,unlock,2,Republic of New mitra,Indic Riverine,32,Civil Service,42
-259,unlock,94,Kingdom of South ranlinland,Western Plains,110,Dog Domestication,9
-257,unlock,26,Kingdom of Great litaiguo,East Riverine,16,Construction,14
-257,unlock,84,Kingdom of North terlorgrad,Eastern Woodland,103,Bone and Antler Tools,11
-253,unlock,102,North rentaiguo,East Riverine,8,Masonry,13
-248,unlock,225,South ngongose Kingdom,Nile Floodplain,29,Machinery,22
-247,unlock,224,North sesea Kingdom,West Sahel,12,Shipbuilding,25
-240,initial,265,Great mixxoccalpan Kingdom,Mesoamerican,100,Cordage and Knots,12
-240,initial,265,Great mixxoccalpan Kingdom,Mesoamerican,101,Hide Working and Tailored Clothing,12
-240,initial,265,Great mixxoccalpan Kingdom,Mesoamerican,102,Hafted Stone Tools,12
-240,initial,265,Great mixxoccalpan Kingdom,Mesoamerican,103,Bone and Antler Tools,12
-240,initial,265,Great mixxoccalpan Kingdom,Mesoamerican,104,Fishing Technology,12
-240,initial,265,Great mixxoccalpan Kingdom,Mesoamerican,105,Food Preservation,12
-240,initial,265,Great mixxoccalpan Kingdom,Mesoamerican,106,Storage Pits and Containers,12
-240,initial,265,Great mixxoccalpan Kingdom,Mesoamerican,107,Seasonal Aggregation Camps,12
-240,initial,265,Great mixxoccalpan Kingdom,Mesoamerican,108,Watercraft,12
-240,initial,265,Great mixxoccalpan Kingdom,Mesoamerican,111,Grinding Stones,12
-240,initial,265,Great mixxoccalpan Kingdom,Mesoamerican,116,Charcoal Firing,12
-240,initial,265,Great mixxoccalpan Kingdom,Mesoamerican,3,Archery,12
-238,unlock,58,Kingdom of Great romromia,Mediterranean Urban,119,Native Copper Working,12
-238,unlock,214,New seofimaa Kingdom,West Sahel,5,Sailing,24
-236,unlock,2,Republic of New mitra,Indic Riverine,39,Universities,43
-227,unlock,76,Kingdom of North ayaayayu,Andean Highland,103,Bone and Antler Tools,12
-219,unlock,59,Empire of New tarvenvenia,Mediterranean Urban,103,Bone and Antler Tools,11
-210,initial,266,South kakaofiu Kingdom,East Horn,100,Cordage and Knots,23
-210,initial,266,South kakaofiu Kingdom,East Horn,101,Hide Working and Tailored Clothing,23
-210,initial,266,South kakaofiu Kingdom,East Horn,102,Hafted Stone Tools,23
-210,initial,266,South kakaofiu Kingdom,East Horn,103,Bone and Antler Tools,23
-210,initial,266,South kakaofiu Kingdom,East Horn,104,Fishing Technology,23
-210,initial,266,South kakaofiu Kingdom,East Horn,105,Food Preservation,23
-210,initial,266,South kakaofiu Kingdom,East Horn,106,Storage Pits and Containers,23
-210,initial,266,South kakaofiu Kingdom,East Horn,107,Seasonal Aggregation Camps,23
-210,initial,266,South kakaofiu Kingdom,East Horn,110,Dog Domestication,23
-210,initial,266,South kakaofiu Kingdom,East Horn,111,Grinding Stones,23
-210,initial,266,South kakaofiu Kingdom,East Horn,112,Proto-cultivation,23
-210,initial,266,South kakaofiu Kingdom,East Horn,113,Sedentism,23
-210,initial,266,South kakaofiu Kingdom,East Horn,114,Enclosures and Herd Management,23
-210,initial,266,South kakaofiu Kingdom,East Horn,115,Counting Tokens and Tallies,23
-210,initial,266,South kakaofiu Kingdom,East Horn,116,Charcoal Firing,23
-210,initial,266,South kakaofiu Kingdom,East Horn,117,Proto-writing and Administrative Notation,23
-210,initial,266,South kakaofiu Kingdom,East Horn,20,Agriculture,23
-210,initial,266,South kakaofiu Kingdom,East Horn,3,Archery,23
-210,initial,266,South kakaofiu Kingdom,East Horn,6,Calendar,23
-210,initial,266,South kakaofiu Kingdom,East Horn,7,Wheel,23
-210,initial,266,South kakaofiu Kingdom,East Horn,10,Irrigation,23
-210,initial,266,South kakaofiu Kingdom,East Horn,17,Roads,23
-210,initial,266,South kakaofiu Kingdom,East Horn,29,Machinery,23
-207,unlock,159,South dravarmitdesh Tribe,Indic Riverine,17,Roads,24
-205,unlock,224,North sesea Kingdom,West Sahel,29,Machinery,26
-203,unlock,174,New tarvennorum Tribe,Mediterranean Urban,4,Mining,12
-191,unlock,104,Kingdom of South surnalrapur,Indic Riverine,49,Scientific Method,32
-190,initial,267,South zukase Kingdom,West Sahel,100,Cordage and Knots,16
-190,initial,267,South zukase Kingdom,West Sahel,101,Hide Working and Tailored Clothing,16
-190,initial,267,South zukase Kingdom,West Sahel,102,Hafted Stone Tools,16
-190,initial,267,South zukase Kingdom,West Sahel,103,Bone and Antler Tools,16
-190,initial,267,South zukase Kingdom,West Sahel,104,Fishing Technology,16
-190,initial,267,South zukase Kingdom,West Sahel,105,Food Preservation,16
-190,initial,267,South zukase Kingdom,West Sahel,106,Storage Pits and Containers,16
-190,initial,267,South zukase Kingdom,West Sahel,107,Seasonal Aggregation Camps,16
-190,initial,267,South zukase Kingdom,West Sahel,111,Grinding Stones,16
-190,initial,267,South zukase Kingdom,West Sahel,112,Proto-cultivation,16
-190,initial,267,South zukase Kingdom,West Sahel,113,Sedentism,16
-190,initial,267,South zukase Kingdom,West Sahel,114,Enclosures and Herd Management,16
-190,initial,267,South zukase Kingdom,West Sahel,115,Counting Tokens and Tallies,16
-190,initial,267,South zukase Kingdom,West Sahel,116,Charcoal Firing,16
-190,initial,267,South zukase Kingdom,West Sahel,3,Archery,16
-190,initial,267,South zukase Kingdom,West Sahel,6,Calendar,16
-190,initial,268,Old nalshanagar Kingdom,Indic Riverine,100,Cordage and Knots,10
-190,initial,268,Old nalshanagar Kingdom,Indic Riverine,101,Hide Working and Tailored Clothing,10
-190,initial,268,Old nalshanagar Kingdom,Indic Riverine,102,Hafted Stone Tools,10
-190,initial,268,Old nalshanagar Kingdom,Indic Riverine,105,Food Preservation,10
-190,initial,268,Old nalshanagar Kingdom,Indic Riverine,106,Storage Pits and Containers,10
-190,initial,268,Old nalshanagar Kingdom,Indic Riverine,107,Seasonal Aggregation Camps,10
-190,initial,268,Old nalshanagar Kingdom,Indic Riverine,110,Dog Domestication,10
-190,initial,268,Old nalshanagar Kingdom,Indic Riverine,111,Grinding Stones,10
-190,initial,268,Old nalshanagar Kingdom,Indic Riverine,116,Charcoal Firing,10
-190,initial,268,Old nalshanagar Kingdom,Indic Riverine,3,Archery,10
-187,unlock,82,Kingdom of South belsolvialand,Eastern Woodland,116,Charcoal Firing,10
-185,initial,269,South romlorzenland Tribe,Western Plains,100,Cordage and Knots,8
-185,initial,269,South romlorzenland Tribe,Western Plains,101,Hide Working and Tailored Clothing,8
-185,initial,269,South romlorzenland Tribe,Western Plains,102,Hafted Stone Tools,8
-185,initial,269,South romlorzenland Tribe,Western Plains,105,Food Preservation,8
-185,initial,269,South romlorzenland Tribe,Western Plains,106,Storage Pits and Containers,8
-185,initial,269,South romlorzenland Tribe,Western Plains,107,Seasonal Aggregation Camps,8
-185,initial,269,South romlorzenland Tribe,Western Plains,111,Grinding Stones,8
-185,initial,269,South romlorzenland Tribe,Western Plains,3,Archery,8
-183,unlock,222,Great ngomaene Kingdom,West Sahel,5,Sailing,23
-180,initial,270,Great taihanguo Kingdom,East Riverine,100,Cordage and Knots,11
-180,initial,270,Great taihanguo Kingdom,East Riverine,101,Hide Working and Tailored Clothing,11
-180,initial,270,Great taihanguo Kingdom,East Riverine,102,Hafted Stone Tools,11
-180,initial,270,Great taihanguo Kingdom,East Riverine,103,Bone and Antler Tools,11
-180,initial,270,Great taihanguo Kingdom,East Riverine,105,Food Preservation,11
-180,initial,270,Great taihanguo Kingdom,East Riverine,106,Storage Pits and Containers,11
-180,initial,270,Great taihanguo Kingdom,East Riverine,107,Seasonal Aggregation Camps,11
-180,initial,270,Great taihanguo Kingdom,East Riverine,110,Dog Domestication,11
-180,initial,270,Great taihanguo Kingdom,East Riverine,111,Grinding Stones,11
-180,initial,270,Great taihanguo Kingdom,East Riverine,116,Charcoal Firing,11
-180,initial,270,Great taihanguo Kingdom,East Riverine,3,Archery,11
-180,initial,271,North linqinling Kingdom,East Riverine,100,Cordage and Knots,11
-180,initial,271,North linqinling Kingdom,East Riverine,101,Hide Working and Tailored Clothing,11
-180,initial,271,North linqinling Kingdom,East Riverine,102,Hafted Stone Tools,11
-180,initial,271,North linqinling Kingdom,East Riverine,103,Bone and Antler Tools,11
-180,initial,271,North linqinling Kingdom,East Riverine,105,Food Preservation,11
-180,initial,271,North linqinling Kingdom,East Riverine,106,Storage Pits and Containers,11
-180,initial,271,North linqinling Kingdom,East Riverine,107,Seasonal Aggregation Camps,11
-180,initial,271,North linqinling Kingdom,East Riverine,110,Dog Domestication,11
-180,initial,271,North linqinling Kingdom,East Riverine,111,Grinding Stones,11
-180,initial,271,North linqinling Kingdom,East Riverine,116,Charcoal Firing,11
-180,initial,271,North linqinling Kingdom,East Riverine,3,Archery,11
-175,unlock,58,Kingdom of Great romromia,Mediterranean Urban,8,Masonry,13
-150,unlock,61,Kingdom of North noraldorburg,Central Plain,8,Masonry,12
-148,unlock,94,Kingdom of South ranlinland,Western Plains,103,Bone and Antler Tools,10
-148,unlock,159,South dravarmitdesh Tribe,Indic Riverine,108,Watercraft,25
-139,unlock,158,South lorquistan Tribe,Western Plains,110,Dog Domestication,9
-126,unlock,151,Kingdom of Old surtan,Indic Riverine,103,Bone and Antler Tools,11
-120,initial,272,Machichiu Tribe,Central Forest,100,Cordage and Knots,9
-120,initial,272,Machichiu Tribe,Central Forest,101,Hide Working and Tailored Clothing,9
-120,initial,272,Machichiu Tribe,Central Forest,102,Hafted Stone Tools,9
-120,initial,272,Machichiu Tribe,Central Forest,105,Food Preservation,9
-120,initial,272,Machichiu Tribe,Central Forest,106,Storage Pits and Containers,9
-120,initial,272,Machichiu Tribe,Central Forest,107,Seasonal Aggregation Camps,9
-120,initial,272,Machichiu Tribe,Central Forest,111,Grinding Stones,9
-120,initial,272,Machichiu Tribe,Central Forest,116,Charcoal Firing,9
-120,initial,272,Machichiu Tribe,Central Forest,3,Archery,9
-105,initial,273,South lormarloria Tribe,Steppe Nomadic,100,Cordage and Knots,9
-105,initial,273,South lormarloria Tribe,Steppe Nomadic,101,Hide Working and Tailored Clothing,9
-105,initial,273,South lormarloria Tribe,Steppe Nomadic,102,Hafted Stone Tools,9
-105,initial,273,South lormarloria Tribe,Steppe Nomadic,105,Food Preservation,9
-105,initial,273,South lormarloria Tribe,Steppe Nomadic,106,Storage Pits and Containers,9
-105,initial,273,South lormarloria Tribe,Steppe Nomadic,107,Seasonal Aggregation Camps,9
-105,initial,273,South lormarloria Tribe,Steppe Nomadic,110,Dog Domestication,9
-105,initial,273,South lormarloria Tribe,Steppe Nomadic,111,Grinding Stones,9
-105,initial,273,South lormarloria Tribe,Steppe Nomadic,3,Archery,9
-102,unlock,48,South ofichichia,Nile Floodplain,34,Banking,37
-99,unlock,214,New seofimaa Kingdom,West Sahel,12,Shipbuilding,25
-82,unlock,68,Kingdom of New temnahitzan,Mesoamerican,108,Watercraft,22
-71,unlock,1,Empire of Great varkankanpur,Indic Riverine,38,Mechanical Clock,32
-68,unlock,32,North barsameshar Tribe,Fertile Crescent,9,Bronze Alloying,15
-57,unlock,159,South dravarmitdesh Tribe,Indic Riverine,5,Sailing,26
-53,unlock,161,Kingdom of South nakinlor,Eastern Woodland,110,Dog Domestication,9
-53,unlock,174,New tarvennorum Tribe,Mediterranean Urban,104,Fishing Technology,13
-49,unlock,82,Kingdom of South belsolvialand,Eastern Woodland,103,Bone and Antler Tools,11
-46,unlock,131,Kingdom of North kiritamoa,Oceanic Navigators,8,Masonry,12
-45,initial,274,South chitemxoc Kingdom,Mesoamerican,100,Cordage and Knots,12
-45,initial,274,South chitemxoc Kingdom,Mesoamerican,101,Hide Working and Tailored Clothing,12
-45,initial,274,South chitemxoc Kingdom,Mesoamerican,102,Hafted Stone Tools,12
-45,initial,274,South chitemxoc Kingdom,Mesoamerican,103,Bone and Antler Tools,12
-45,initial,274,South chitemxoc Kingdom,Mesoamerican,104,Fishing Technology,12
-45,initial,274,South chitemxoc Kingdom,Mesoamerican,105,Food Preservation,12
-45,initial,274,South chitemxoc Kingdom,Mesoamerican,106,Storage Pits and Containers,12
-45,initial,274,South chitemxoc Kingdom,Mesoamerican,107,Seasonal Aggregation Camps,12
-45,initial,274,South chitemxoc Kingdom,Mesoamerican,108,Watercraft,12
-45,initial,274,South chitemxoc Kingdom,Mesoamerican,111,Grinding Stones,12
-45,initial,274,South chitemxoc Kingdom,Mesoamerican,116,Charcoal Firing,12
-45,initial,274,South chitemxoc Kingdom,Mesoamerican,3,Archery,12
-35,initial,275,North lintaishan Kingdom,East Riverine,100,Cordage and Knots,10
-35,initial,275,North lintaishan Kingdom,East Riverine,101,Hide Working and Tailored Clothing,10
-35,initial,275,North lintaishan Kingdom,East Riverine,102,Hafted Stone Tools,10
-35,initial,275,North lintaishan Kingdom,East Riverine,105,Food Preservation,10
-35,initial,275,North lintaishan Kingdom,East Riverine,106,Storage Pits and Containers,10
-35,initial,275,North lintaishan Kingdom,East Riverine,107,Seasonal Aggregation Camps,10
-35,initial,275,North lintaishan Kingdom,East Riverine,110,Dog Domestication,10
-35,initial,275,North lintaishan Kingdom,East Riverine,111,Grinding Stones,10
-35,initial,275,North lintaishan Kingdom,East Riverine,116,Charcoal Firing,10
-35,initial,275,North lintaishan Kingdom,East Riverine,3,Archery,10
0,unlock,156,Kingdom of New belmarmarland,Steppe Nomadic,103,Bone and Antler Tools,10
5,unlock,38,Kingdom of Great urarar,Fertile Crescent,16,Construction,15
15,unlock,142,Qoritupintiyu Tribe,Andean Highland,16,Construction,14
18,unlock,195,Kingdom of North selamlam,West Sahel,104,Fishing Technology,15
24,unlock,105,South romdordorland,Central Plain,8,Masonry,14
40,initial,276,North weirenling Kingdom,East Riverine,100,Cordage and Knots,11
40,initial,276,North weirenling Kingdom,East Riverine,101,Hide Working and Tailored Clothing,11
40,initial,276,North weirenling Kingdom,East Riverine,102,Hafted Stone Tools,11
40,initial,276,North weirenling Kingdom,East Riverine,103,Bone and Antler Tools,11
40,initial,276,North weirenling Kingdom,East Riverine,105,Food Preservation,11
40,initial,276,North weirenling Kingdom,East Riverine,106,Storage Pits and Containers,11
40,initial,276,North weirenling Kingdom,East Riverine,107,Seasonal Aggregation Camps,11
40,initial,276,North weirenling Kingdom,East Riverine,110,Dog Domestication,11
40,initial,276,North weirenling Kingdom,East Riverine,111,Grinding Stones,11
40,initial,276,North weirenling Kingdom,East Riverine,116,Charcoal Firing,11
40,initial,276,North weirenling Kingdom,East Riverine,3,Archery,11
46,unlock,61,Kingdom of North noraldorburg,Central Plain,103,Bone and Antler Tools,13
46,unlock,144,Old kuskusa Kingdom,Andean Highland,119,Native Copper Working,13
51,unlock,159,South dravarmitdesh Tribe,Indic Riverine,49,Scientific Method,27
57,unlock,150,Kingdom of South rommarland,Western Plains,103,Bone and Antler Tools,9
63,unlock,159,South dravarmitdesh Tribe,Indic Riverine,12,Shipbuilding,28
67,unlock,159,South dravarmitdesh Tribe,Indic Riverine,109,Long-distance Exchange Networks,29
83,unlock,86,Kingdom of Old viaromterstan,Eastern Woodland,116,Charcoal Firing,11
91,unlock,147,Kingdom of Great solkinzen,Steppe Nomadic,116,Charcoal Firing,10
92,unlock,147,Kingdom of Great solkinzen,Steppe Nomadic,103,Bone and Antler Tools,11
100,unlock,68,Kingdom of New temnahitzan,Mesoamerican,5,Sailing,23
101,unlock,84,Kingdom of North terlorgrad,Eastern Woodland,116,Charcoal Firing,12
102,unlock,60,Kingdom of South vennoria,Central Plain,120,Copper Smelting,14
103,unlock,119,Kingdom of Old qoriintirumyu,Andean Highland,110,Dog Domestication,12
105,unlock,58,Kingdom of Great romromia,Mediterranean Urban,120,Copper Smelting,14
105,unlock,146,Kingdom of South sumqoripachna,Andean Highland,4,Mining,10
111,unlock,32,North barsameshar Tribe,Fertile Crescent,8,Masonry,16
111,unlock,81,Kingdom of Sumtup,Andean Highland,110,Dog Domestication,13
111,unlock,177,New mitkannala Kingdom,Indic Riverine,109,Long-distance Exchange Networks,25
115,unlock,116,Kingdom of Old eshbararum,Fertile Crescent,103,Bone and Antler Tools,15
115,unlock,222,Great ngomaene Kingdom,West Sahel,12,Shipbuilding,24
120,initial,277,Old mixmixnahtan Kingdom,Mesoamerican,100,Cordage and Knots,12
120,initial,277,Old mixmixnahtan Kingdom,Mesoamerican,101,Hide Working and Tailored Clothing,12
120,initial,277,Old mixmixnahtan Kingdom,Mesoamerican,102,Hafted Stone Tools,12
120,initial,277,Old mixmixnahtan Kingdom,Mesoamerican,103,Bone and Antler Tools,12
120,initial,277,Old mixmixnahtan Kingdom,Mesoamerican,104,Fishing Technology,12
120,initial,277,Old mixmixnahtan Kingdom,Mesoamerican,105,Food Preservation,12
120,initial,277,Old mixmixnahtan Kingdom,Mesoamerican,106,Storage Pits and Containers,12
120,initial,277,Old mixmixnahtan Kingdom,Mesoamerican,107,Seasonal Aggregation Camps,12
120,initial,277,Old mixmixnahtan Kingdom,Mesoamerican,108,Watercraft,12
120,initial,277,Old mixmixnahtan Kingdom,Mesoamerican,111,Grinding Stones,12
120,initial,277,Old mixmixnahtan Kingdom,Mesoamerican,116,Charcoal Firing,12
120,initial,277,Old mixmixnahtan Kingdom,Mesoamerican,3,Archery,12
121,unlock,179,Great belgargrad Kingdom,Western Plains,103,Bone and Antler Tools,9
129,unlock,161,Kingdom of South nakinlor,Eastern Woodland,103,Bone and Antler Tools,10
131,unlock,125,Kingdom of Old barurar,Fertile Crescent,103,Bone and Antler Tools,11
131,unlock,187,Kingdom of South varnalnagar,Indic Riverine,8,Masonry,12
134,unlock,116,Kingdom of Old eshbararum,Fertile Crescent,120,Copper Smelting,16
141,unlock,2,Republic of New mitra,Indic Riverine,40,Astronomy,44
148,unlock,48,South ofichichia,Nile Floodplain,35,Markets,38
148,unlock,109,New esheshar,Fertile Crescent,29,Machinery,13
148,unlock,171,Empire of South beltameshad,Fertile Crescent,120,Copper Smelting,13
154,unlock,46,Kingdom of Great lornakinland,Steppe Nomadic,103,Bone and Antler Tools,10
163,unlock,11,Kingdom of Old dradradrapur,Indic Riverine,51,Steam Engine,13
167,unlock,37,Kingdom of South tambarashar,Fertile Crescent,103,Bone and Antler Tools,14
174,unlock,38,Kingdom of Great urarar,Fertile Crescent,23,Engineering,16
180,unlock,213,Great ngomabara Kingdom,Nile Floodplain,29,Machinery,22
187,unlock,163,Kingdom of North quiromsolland,Western Plains,103,Bone and Antler Tools,9
191,unlock,138,Kingdom of Linranzenia,Western Plains,110,Dog Domestication,9
198,unlock,106,Kingdom of South quinaia,Western Plains,103,Bone and Antler Tools,11
201,unlock,37,Kingdom of South tambarashar,Fertile Crescent,120,Copper Smelting,15
205,unlock,159,South dravarmitdesh Tribe,Indic Riverine,38,Mechanical Clock,30
207,unlock,11,Kingdom of Old dradradrapur,Indic Riverine,52,Industrialization,14
211,unlock,77,Kingdom of South kusayaa,Andean Highland,110,Dog Domestication,11
216,unlock,105,South romdordorland,Central Plain,120,Copper Smelting,15
216,unlock,134,Empire of Great barasharad,Fertile Crescent,103,Bone and Antler Tools,11
220,unlock,184,Kingdom of Kanshadrapur,Indic Riverine,23,Engineering,26
221,unlock,97,Great marbelzenland Tribe,Caribbean Seafaring,103,Bone and Antler Tools,9
224,unlock,2,Republic of New mitra,Indic Riverine,49,Scientific Method,45
227,unlock,93,Kingdom of Great linromvialand,Western Plains,116,Charcoal Firing,9
228,unlock,67,Kingdom of Chinahyucco,Mesoamerican,109,Long-distance Exchange Networks,25
234,unlock,161,Kingdom of South nakinlor,Eastern Woodland,116,Charcoal Firing,11
234,unlock,176,South linsolgrad,Caribbean Seafaring,103,Bone and Antler Tools,9
237,unlock,2,Republic of New mitra,Indic Riverine,36,Printing,46
245,unlock,2,Republic of New mitra,Indic Riverine,44,Architecture,47
250,unlock,84,Kingdom of North terlorgrad,Eastern Woodland,110,Dog Domestication,13
251,unlock,188,Old chitana Tribe,East Horn,38,Mechanical Clock,27
255,initial,278,Great mixyucmix Tribe,Mesoamerican,100,Cordage and Knots,10
255,initial,278,Great mixyucmix Tribe,Mesoamerican,101,Hide Working and Tailored Clothing,10
255,initial,278,Great mixyucmix Tribe,Mesoamerican,102,Hafted Stone Tools,10
255,initial,278,Great mixyucmix Tribe,Mesoamerican,103,Bone and Antler Tools,10
255,initial,278,Great mixyucmix Tribe,Mesoamerican,105,Food Preservation,10
255,initial,278,Great mixyucmix Tribe,Mesoamerican,106,Storage Pits and Containers,10
255,initial,278,Great mixyucmix Tribe,Mesoamerican,107,Seasonal Aggregation Camps,10
255,initial,278,Great mixyucmix Tribe,Mesoamerican,111,Grinding Stones,10
255,initial,278,Great mixyucmix Tribe,Mesoamerican,116,Charcoal Firing,10
255,initial,278,Great mixyucmix Tribe,Mesoamerican,3,Archery,10
260,initial,279,North renweiling Kingdom,East Riverine,100,Cordage and Knots,11
260,initial,279,North renweiling Kingdom,East Riverine,101,Hide Working and Tailored Clothing,11
260,initial,279,North renweiling Kingdom,East Riverine,102,Hafted Stone Tools,11
260,initial,279,North renweiling Kingdom,East Riverine,103,Bone and Antler Tools,11
260,initial,279,North renweiling Kingdom,East Riverine,105,Food Preservation,11
260,initial,279,North renweiling Kingdom,East Riverine,106,Storage Pits and Containers,11
260,initial,279,North renweiling Kingdom,East Riverine,107,Seasonal Aggregation Camps,11
260,initial,279,North renweiling Kingdom,East Riverine,110,Dog Domestication,11
260,initial,279,North renweiling Kingdom,East Riverine,111,Grinding Stones,11
260,initial,279,North renweiling Kingdom,East Riverine,116,Charcoal Firing,11
260,initial,279,North renweiling Kingdom,East Riverine,3,Archery,11
264,unlock,68,Kingdom of New temnahitzan,Mesoamerican,12,Shipbuilding,24
268,unlock,18,Kingdom of Old hanhanshan,East Riverine,23,Engineering,12
273,unlock,182,Kingdom of Lorterstan,Eastern Woodland,110,Dog Domestication,9
274,unlock,124,Kingdom of Belgargrad,Western Plains,103,Bone and Antler Tools,9
277,unlock,123,Old viaranland Tribe,Eastern Woodland,110,Dog Domestication,10
278,unlock,16,Kingdom of Great qinlinzho,East Riverine,103,Bone and Antler Tools,11
284,unlock,2,Republic of New mitra,Indic Riverine,38,Mechanical Clock,48
288,unlock,224,North sesea Kingdom,West Sahel,23,Engineering,27
290,unlock,5,Kingdom of South surkanra,Indic Riverine,49,Scientific Method,43
291,unlock,97,Great marbelzenland Tribe,Caribbean Seafaring,110,Dog Domestication,10
299,unlock,5,Kingdom of South surkanra,Indic Riverine,36,Printing,44
301,unlock,77,Kingdom of South kusayaa,Andean Highland,119,Native Copper Working,12
314,unlock,7,Kingdom of North surnalmita,Indic Riverine,23,Engineering,11
315,unlock,93,Kingdom of Great linromvialand,Western Plains,103,Bone and Antler Tools,10
317,unlock,240,New tambarad Kingdom,Fertile Crescent,4,Mining,11
319,unlock,60,Kingdom of South vennoria,Central Plain,103,Bone and Antler Tools,15
320,initial,280,Old weizhoguo Kingdom,East Riverine,100,Cordage and Knots,11
320,initial,280,Old weizhoguo Kingdom,East Riverine,101,Hide Working and Tailored Clothing,11
320,initial,280,Old weizhoguo Kingdom,East Riverine,102,Hafted Stone Tools,11
320,initial,280,Old weizhoguo Kingdom,East Riverine,103,Bone and Antler Tools,11
320,initial,280,Old weizhoguo Kingdom,East Riverine,105,Food Preservation,11
320,initial,280,Old weizhoguo Kingdom,East Riverine,106,Storage Pits and Containers,11
320,initial,280,Old weizhoguo Kingdom,East Riverine,107,Seasonal Aggregation Camps,11
320,initial,280,Old weizhoguo Kingdom,East Riverine,110,Dog Domestication,11
320,initial,280,Old weizhoguo Kingdom,East Riverine,111,Grinding Stones,11
320,initial,280,Old weizhoguo Kingdom,East Riverine,116,Charcoal Firing,11
320,initial,280,Old weizhoguo Kingdom,East Riverine,3,Archery,11
321,unlock,116,Kingdom of Old eshbararum,Fertile Crescent,9,Bronze Alloying,17
322,unlock,60,Kingdom of South vennoria,Central Plain,9,Bronze Alloying,16
328,unlock,38,Kingdom of Great urarar,Fertile Crescent,29,Machinery,17
330,unlock,112,Kingdom of Old belromter,Eastern Woodland,116,Charcoal Firing,11
335,unlock,5,Kingdom of South surkanra,Indic Riverine,44,Architecture,45
336,unlock,164,Kingdom of Old rasurtan,Indic Riverine,103,Bone and Antler Tools,11
339,unlock,15,Kingdom of Old lixialing,East Riverine,23,Engineering,12
347,unlock,34,Kingdom of Great kalsamninar,Fertile Crescent,103,Bone and Antler Tools,15
351,unlock,58,Kingdom of Great romromia,Mediterranean Urban,9,Bronze Alloying,15
352,unlock,184,Kingdom of Kanshadrapur,Indic Riverine,29,Machinery,27
372,unlock,224,North sesea Kingdom,West Sahel,110,Dog Domestication,28
374,unlock,150,Kingdom of South rommarland,Western Plains,110,Dog Domestication,10
380,initial,281,Old weilinhanshan Kingdom,East Riverine,100,Cordage and Knots,11
380,initial,281,Old weilinhanshan Kingdom,East Riverine,101,Hide Working and Tailored Clothing,11
380,initial,281,Old weilinhanshan Kingdom,East Riverine,102,Hafted Stone Tools,11
380,initial,281,Old weilinhanshan Kingdom,East Riverine,103,Bone and Antler Tools,11
380,initial,281,Old weilinhanshan Kingdom,East Riverine,105,Food Preservation,11
380,initial,281,Old weilinhanshan Kingdom,East Riverine,106,Storage Pits and Containers,11
380,initial,281,Old weilinhanshan Kingdom,East Riverine,107,Seasonal Aggregation Camps,11
380,initial,281,Old weilinhanshan Kingdom,East Riverine,110,Dog Domestication,11
380,initial,281,Old weilinhanshan Kingdom,East Riverine,111,Grinding Stones,11
380,initial,281,Old weilinhanshan Kingdom,East Riverine,116,Charcoal Firing,11
380,initial,281,Old weilinhanshan Kingdom,East Riverine,3,Archery,11
387,unlock,95,Kingdom of South belloria,Western Plains,116,Charcoal Firing,10
387,unlock,177,New mitkannala Kingdom,Indic Riverine,17,Roads,26
389,unlock,11,Kingdom of Old dradradrapur,Indic Riverine,54,Electricity,15
389,unlock,195,Kingdom of North ofitanseara,West Sahel,115,Counting Tokens and Tallies,16
394,unlock,97,Great marbelzenland Tribe,Caribbean Seafaring,116,Charcoal Firing,11
401,unlock,9,Kingdom of South ravarmitnagar,Indic Riverine,38,Mechanical Clock,29
407,unlock,171,Empire of South beltameshad,Fertile Crescent,9,Bronze Alloying,14
409,unlock,176,Vialinranland,Caribbean Seafaring,110,Dog Domestication,10
422,unlock,197,New tankalama Kingdom,Nile Floodplain,38,Mechanical Clock,23
428,unlock,11,Kingdom of Old dradradrapur,Indic Riverine,60,Combustion,15
436,unlock,131,Kingdom of North kiritamoa,Oceanic Navigators,119,Native Copper Working,13
438,unlock,105,South romdordorland,Central Plain,16,Construction,16
441,unlock,76,Kingdom of North ayaayayu,Andean Highland,16,Construction,13
441,unlock,123,Old viaranland Tribe,Eastern Woodland,116,Charcoal Firing,11
442,unlock,37,Kingdom of South tambarashar,Fertile Crescent,16,Construction,16
442,unlock,60,Kingdom of South vennoria,Central Plain,42,Metallurgy,17
448,unlock,5,Kingdom of South surkanra,Indic Riverine,40,Astronomy,46
454,unlock,58,Kingdom of Great romromia,Mediterranean Urban,16,Construction,16
455,unlock,5,Kingdom of South surkanra,Indic Riverine,32,Civil Service,47
460,unlock,211,Kingdom of North sekaa,West Sahel,7,Wheel,19
466,unlock,138,Kingdom of Linranzenia,Western Plains,116,Charcoal Firing,10
469,unlock,222,Great ngomaene Kingdom,West Sahel,109,Long-distance Exchange Networks,25
470,unlock,131,Kingdom of North kiritamoa,Oceanic Navigators,103,Bone and Antler Tools,14
472,unlock,149,Kingdom of North zuzutan,West Sahel,115,Counting Tokens and Tallies,14
474,unlock,68,Kingdom of New temnahitzan,Mesoamerican,109,Long-distance Exchange Networks,25
474,unlock,120,Kingdom of Old rumsuyusumyu,Andean Highland,103,Bone and Antler Tools,12
480,unlock,105,South romdordorland,Central Plain,9,Bronze Alloying,17
480,initial,282,South renweixialing Kingdom,East Riverine,100,Cordage and Knots,11
480,initial,282,South renweixialing Kingdom,East Riverine,101,Hide Working and Tailored Clothing,11
480,initial,282,South renweixialing Kingdom,East Riverine,102,Hafted Stone Tools,11
480,initial,282,South renweixialing Kingdom,East Riverine,103,Bone and Antler Tools,11
480,initial,282,South renweixialing Kingdom,East Riverine,105,Food Preservation,11
480,initial,282,South renweixialing Kingdom,East Riverine,106,Storage Pits and Containers,11
480,initial,282,South renweixialing Kingdom,East Riverine,107,Seasonal Aggregation Camps,11
480,initial,282,South renweixialing Kingdom,East Riverine,110,Dog Domestication,11
480,initial,282,South renweixialing Kingdom,East Riverine,111,Grinding Stones,11
480,initial,282,South renweixialing Kingdom,East Riverine,116,Charcoal Firing,11
480,initial,282,South renweixialing Kingdom,East Riverine,3,Archery,11
490,initial,283,Weizhoshan Tribe,East Riverine,100,Cordage and Knots,11
490,initial,283,Weizhoshan Tribe,East Riverine,101,Hide Working and Tailored Clothing,11
490,initial,283,Weizhoshan Tribe,East Riverine,102,Hafted Stone Tools,11
490,initial,283,Weizhoshan Tribe,East Riverine,103,Bone and Antler Tools,11
490,initial,283,Weizhoshan Tribe,East Riverine,105,Food Preservation,11
490,initial,283,Weizhoshan Tribe,East Riverine,106,Storage Pits and Containers,11
490,initial,283,Weizhoshan Tribe,East Riverine,107,Seasonal Aggregation Camps,11
490,initial,283,Weizhoshan Tribe,East Riverine,110,Dog Domestication,11
490,initial,283,Weizhoshan Tribe,East Riverine,111,Grinding Stones,11
490,initial,283,Weizhoshan Tribe,East Riverine,116,Charcoal Firing,11
490,initial,283,Weizhoshan Tribe,East Riverine,3,Archery,11
495,unlock,222,Great ngomaene Kingdom,West Sahel,29,Machinery,26
502,unlock,37,Kingdom of South tambarashar,Fertile Crescent,9,Bronze Alloying,17
504,unlock,5,Republic of Kingdom of South surkanra,Indic Riverine,34,Banking,48
509,unlock,174,New tarvennorum Tribe,Mediterranean Urban,108,Watercraft,14
511,unlock,236,South zukangoara Kingdom,West Sahel,29,Machinery,22
520,unlock,176,Vialinranland,Caribbean Seafaring,116,Charcoal Firing,11
530,unlock,60,Kingdom of South vennoria,Central Plain,16,Construction,18
535,unlock,11,Kingdom of Old dradradrapur,Indic Riverine,103,Bone and Antler Tools,16
539,unlock,12,Kingdom of Old draranagar,Indic Riverine,49,Scientific Method,19
544,unlock,7,Kingdom of North surnalmita,Indic Riverine,29,Machinery,12
545,unlock,143,Old qinlizhou Tribe,East Riverine,16,Construction,14
545,unlock,149,Kingdom of North zuzutan,West Sahel,10,Irrigation,15
546,unlock,126,Kingdom of North tantana,Indic Riverine,29,Machinery,12
549,unlock,21,Kingdom of Great minqinguo,East Riverine,23,Engineering,12
554,unlock,171,Empire of South beltameshad,Fertile Crescent,103,Bone and Antler Tools,15
557,unlock,5,Republic of Kingdom of South surkanra,Indic Riverine,38,Mechanical Clock,49
562,unlock,182,Kingdom of Lorterstan,Eastern Woodland,103,Bone and Antler Tools,10
570,unlock,139,Kingdom of New kuspachmarca,Andean Highland,16,Construction,15
571,unlock,116,Kingdom of Old eshbararum,Fertile Crescent,13,Iron Working,18
573,unlock,222,Great ngomaene Kingdom,West Sahel,23,Engineering,27
582,unlock,87,Kingdom of Old romnaromgrad,Eastern Woodland,103,Bone and Antler Tools,9
584,unlock,48,South ofichichia,Nile Floodplain,36,Printing,39
587,unlock,60,Kingdom of South vennoria,Central Plain,13,Iron Working,19
593,unlock,2,Republic of New mitra,Indic Riverine,34,Banking,49
594,unlock,94,Kingdom of New dusterstan,Western Plains,116,Charcoal Firing,11
595,unlock,38,Kingdom of Great urarar,Fertile Crescent,51,Steam Engine,18
610,unlock,76,Kingdom of New sumtupyu,Andean Highland,110,Dog Domestication,14
610,unlock,195,Kingdom of North ofitanseara,West Sahel,114,Enclosures and Herd Management,17
612,unlock,38,Kingdom of Great urarar,Fertile Crescent,52,Industrialization,19
612,unlock,204,Empire of South mamazu,West Sahel,29,Machinery,22
620,unlock,5,Republic of Kingdom of South surkanra,Indic Riverine,35,Markets,50
622,unlock,214,New seofimaa Kingdom,West Sahel,109,Long-distance Exchange Networks,26
629,unlock,144,Old kuskusa Kingdom,Andean Highland,103,Bone and Antler Tools,14
632,unlock,77,Kingdom of Old rumrummarca,Andean Highland,120,Copper Smelting,13
633,unlock,84,Kingdom of North terlorgrad,Eastern Woodland,16,Construction,14
638,unlock,38,Kingdom of Great urarar,Fertile Crescent,60,Combustion,20
640,unlock,133,New rasur Kingdom,Indic Riverine,103,Bone and Antler Tools,11
641,unlock,38,Kingdom of Great urarar,Fertile Crescent,54,Electricity,21
646,unlock,11,Kingdom of Old dradradrapur,Indic Riverine,63,Mass Production,17
646,unlock,195,Kingdom of North ofitanseara,West Sahel,103,Bone and Antler Tools,18
652,unlock,136,Kingdom of Old kandranagar,Indic Riverine,8,Masonry,13
653,unlock,61,Kingdom of North noraldorburg,Central Plain,16,Construction,14
655,unlock,34,Kingdom of Great kalsamninar,Fertile Crescent,23,Engineering,16
658,unlock,109,New esheshar,Fertile Crescent,51,Steam Engine,14
659,unlock,38,Kingdom of Great urarar,Fertile Crescent,64,Electronics,22
659,unlock,88,Kingdom of Old zenterterland,Eastern Woodland,116,Charcoal Firing,11
659,unlock,180,Kingdom of Tamarashan,Fertile Crescent,103,Bone and Antler Tools,11
660,unlock,36,South esharbarad,Fertile Crescent,103,Bone and Antler Tools,11
665,unlock,138,Kingdom of Linranzenia,Western Plains,103,Bone and Antler Tools,11
675,unlock,109,New esheshar,Fertile Crescent,52,Industrialization,15
677,unlock,38,Kingdom of Great urarar,Fertile Crescent,69,Computers,23
682,unlock,38,Kingdom of Great urarar,Fertile Crescent,63,Mass Production,24
682,unlock,160,Kingdom of South zulammaa,East Horn,38,Mechanical Clock,28
691,unlock,38,Kingdom of Great urarar,Fertile Crescent,79,Internet,25
692,unlock,38,Kingdom of Great urarar,Fertile Crescent,70,Transistors,26
694,unlock,11,Kingdom of Old dradradrapur,Indic Riverine,64,Electronics,17
694,unlock,38,Kingdom of Great urarar,Fertile Crescent,76,Integrated Circuit,27
695,unlock,38,Kingdom of Great urarar,Fertile Crescent,85,Artificial Intelligence,28
697,unlock,11,Kingdom of Old dradradrapur,Indic Riverine,69,Computers,19
699,unlock,11,Kingdom of Old dradradrapur,Indic Riverine,29,Machinery,20
700,unlock,38,Kingdom of Great urarar,Fertile Crescent,91,Quantum Computing,29
705,unlock,12,Kingdom of Old draranagar,Indic Riverine,38,Mechanical Clock,20
707,unlock,38,Kingdom of Great urarar,Fertile Crescent,120,Copper Smelting,30
710,unlock,11,Kingdom of Old dradradrapur,Indic Riverine,79,Internet,21
720,unlock,31,Kingdom of Great ninkal,Fertile Crescent,8,Masonry,16
720,unlock,115,Kingdom of South ashninar,Fertile Crescent,103,Bone and Antler Tools,11
723,unlock,124,Kingdom of Belgargrad,Western Plains,110,Dog Domestication,10
725,unlock,187,Kingdom of South varnalnagar,Indic Riverine,16,Construction,13
727,unlock,109,New esheshar,Fertile Crescent,54,Electricity,16
734,unlock,174,New tarvennorum Tribe,Mediterranean Urban,8,Masonry,14
748,unlock,171,Empire of South beltameshad,Fertile Crescent,8,Masonry,16
749,unlock,45,Kingdom of North zenviarangrad,Steppe Nomadic,23,Engineering,11
762,unlock,60,Kingdom of South vennoria,Central Plain,23,Engineering,20
765,unlock,58,Kingdom of Great romromia,Mediterranean Urban,103,Bone and Antler Tools,17
775,initial,284,Great mitmitshanagar Kingdom,Indic Riverine,100,Cordage and Knots,12
775,initial,284,Great mitmitshanagar Kingdom,Indic Riverine,101,Hide Working and Tailored Clothing,12
775,initial,284,Great mitmitshanagar Kingdom,Indic Riverine,102,Hafted Stone Tools,12
775,initial,284,Great mitmitshanagar Kingdom,Indic Riverine,103,Bone and Antler Tools,12
775,initial,284,Great mitmitshanagar Kingdom,Indic Riverine,104,Fishing Technology,12
775,initial,284,Great mitmitshanagar Kingdom,Indic Riverine,105,Food Preservation,12
775,initial,284,Great mitmitshanagar Kingdom,Indic Riverine,106,Storage Pits and Containers,12
775,initial,284,Great mitmitshanagar Kingdom,Indic Riverine,107,Seasonal Aggregation Camps,12
775,initial,284,Great mitmitshanagar Kingdom,Indic Riverine,110,Dog Domestication,12
775,initial,284,Great mitmitshanagar Kingdom,Indic Riverine,111,Grinding Stones,12
775,initial,284,Great mitmitshanagar Kingdom,Indic Riverine,116,Charcoal Firing,12
775,initial,284,Great mitmitshanagar Kingdom,Indic Riverine,3,Archery,12
784,unlock,29,Kingdom of South barbarbarar,Fertile Crescent,103,Bone and Antler Tools,11
788,unlock,109,New esheshar,Fertile Crescent,60,Combustion,17
795,unlock,124,Kingdom of Belgargrad,Western Plains,116,Charcoal Firing,11
799,unlock,109,New esheshar,Fertile Crescent,64,Electronics,18
803,unlock,109,New esheshar,Fertile Crescent,63,Mass Production,19
807,unlock,202,Great ravarpur Kingdom,Indic Riverine,23,Engineering,26
810,unlock,8,Kingdom of South vimita,Indic Riverine,103,Bone and Antler Tools,14
810,unlock,81,Kingdom of Sumtup,Andean Highland,120,Copper Smelting,14
810,initial,285,Great qinminling Kingdom,East Riverine,100,Cordage and Knots,11
810,initial,285,Great qinminling Kingdom,East Riverine,101,Hide Working and Tailored Clothing,11
810,initial,285,Great qinminling Kingdom,East Riverine,102,Hafted Stone Tools,11
810,initial,285,Great qinminling Kingdom,East Riverine,103,Bone and Antler Tools,11
810,initial,285,Great qinminling Kingdom,East Riverine,105,Food Preservation,11
810,initial,285,Great qinminling Kingdom,East Riverine,106,Storage Pits and Containers,11
810,initial,285,Great qinminling Kingdom,East Riverine,107,Seasonal Aggregation Camps,11
810,initial,285,Great qinminling Kingdom,East Riverine,110,Dog Domestication,11
810,initial,285,Great qinminling Kingdom,East Riverine,111,Grinding Stones,11
810,initial,285,Great qinminling Kingdom,East Riverine,116,Charcoal Firing,11
810,initial,285,Great qinminling Kingdom,East Riverine,3,Archery,11
813,unlock,217,North minhan Kingdom,East Riverine,4,Mining,11
817,unlock,58,Kingdom of Great romromia,Mediterranean Urban,13,Iron Working,18
818,unlock,195,Kingdom of North ofitanseara,West Sahel,108,Watercraft,19
823,unlock,109,New esheshar,Fertile Crescent,69,Computers,20
825,unlock,77,Kingdom of Old rumrummarca,Andean Highland,103,Bone and Antler Tools,14
827,unlock,174,New tarvennorum Tribe,Mediterranean Urban,5,Sailing,15
828,unlock,11,Kingdom of Old dradradrapur,Indic Riverine,70,Transistors,23
828,unlock,11,Kingdom of Old dradradrapur,Indic Riverine,76,Integrated Circuit,23
831,unlock,11,Kingdom of Old dradradrapur,Indic Riverine,85,Artificial Intelligence,25
833,unlock,89,Kingdom of Old garkinmarstan,Western Plains,116,Charcoal Firing,11
836,unlock,228,Old zubarbarara Kingdom,West Sahel,7,Wheel,17
840,initial,286,Great renlinminshan Kingdom,East Riverine,100,Cordage and Knots,11
840,initial,286,Great renlinminshan Kingdom,East Riverine,101,Hide Working and Tailored Clothing,11
840,initial,286,Great renlinminshan Kingdom,East Riverine,102,Hafted Stone Tools,11
840,initial,286,Great renlinminshan Kingdom,East Riverine,103,Bone and Antler Tools,11
840,initial,286,Great renlinminshan Kingdom,East Riverine,105,Food Preservation,11
840,initial,286,Great renlinminshan Kingdom,East Riverine,106,Storage Pits and Containers,11
840,initial,286,Great renlinminshan Kingdom,East Riverine,107,Seasonal Aggregation Camps,11
840,initial,286,Great renlinminshan Kingdom,East Riverine,110,Dog Domestication,11
840,initial,286,Great renlinminshan Kingdom,East Riverine,111,Grinding Stones,11
840,initial,286,Great renlinminshan Kingdom,East Riverine,116,Charcoal Firing,11
840,initial,286,Great renlinminshan Kingdom,East Riverine,3,Archery,11
845,unlock,11,Kingdom of Old dradradrapur,Indic Riverine,91,Quantum Computing,25
845,unlock,141,Rasurdra Kingdom,Indic Riverine,16,Construction,14
852,unlock,211,Kingdom of North sekaa,West Sahel,117,Proto-writing and Administrative Notation,20
854,unlock,182,Kingdom of Lorterstan,Eastern Woodland,116,Charcoal Firing,11
858,unlock,202,Great ravarpur Kingdom,Indic Riverine,29,Machinery,27
859,unlock,109,New esheshar,Fertile Crescent,79,Internet,21
864,unlock,195,Kingdom of North ofitanseara,West Sahel,117,Proto-writing and Administrative Notation,20
868,unlock,195,Kingdom of North ofitanseara,West Sahel,7,Wheel,21
875,unlock,83,Kingdom of South quilinromstan,Eastern Woodland,23,Engineering,12
875,unlock,109,New esheshar,Fertile Crescent,70,Transistors,22
878,unlock,109,New esheshar,Fertile Crescent,76,Integrated Circuit,23
880,unlock,109,New esheshar,Fertile Crescent,85,Artificial Intelligence,24
881,unlock,109,New esheshar,Fertile Crescent,91,Quantum Computing,25
881,unlock,131,Kingdom of North kiritamoa,Oceanic Navigators,120,Copper Smelting,15
883,unlock,211,Kingdom of North sekaa Kingdom,West Sahel,108,Watercraft,21
884,unlock,76,Kingdom of New sumtupyu,Andean Highland,23,Engineering,15
898,unlock,179,Great belgargrad Kingdom,Western Plains,110,Dog Domestication,10
915,unlock,5,Republic of Kingdom of South surkanra,Indic Riverine,85,Artificial Intelligence,51
916,unlock,5,Republic of Kingdom of South surkanra,Indic Riverine,79,Internet,52
920,unlock,105,South romdordorland,Central Plain,13,Iron Working,18
923,unlock,8,Kingdom of South vimita,Indic Riverine,51,Steam Engine,15
927,unlock,141,Rasurdra Kingdom,Indic Riverine,23,Engineering,15
927,unlock,223,Kingdom of Tartar,Central Plain,8,Masonry,12
929,unlock,183,Old marzenkinland,Caribbean Seafaring,111,Grinding Stones,8
933,unlock,228,Kingdom of Mamalamene,West Sahel,20,Agriculture,18
936,unlock,11,Kingdom of Old dradradrapur,Indic Riverine,16,Construction,26
941,unlock,240,New tambarad Kingdom,Fertile Crescent,8,Masonry,12
946,unlock,158,South lorquistan Tribe,Western Plains,103,Bone and Antler Tools,10
949,unlock,121,Kingdom of Naranland,Western Plains,103,Bone and Antler Tools,10
954,unlock,82,Kingdom of South belsolvialand,Eastern Woodland,8,Masonry,13
955,unlock,5,Republic of Kingdom of South surkanra,Indic Riverine,48,Physics,53
956,unlock,87,Kingdom of Old romnaromgrad,Eastern Woodland,110,Dog Domestication,10
957,unlock,149,Kingdom of Great zuseseara,West Sahel,103,Bone and Antler Tools,16
960,unlock,211,Kingdom of North sekaa Kingdom,West Sahel,17,Roads,22
962,unlock,11,Kingdom of Old dradradrapur,Indic Riverine,23,Engineering,26
971,unlock,77,Kingdom of Old rumrummarca,Andean Highland,9,Bronze Alloying,15
973,unlock,28,Kingdom of New eshninar,Fertile Crescent,79,Internet,17
975,unlock,5,Republic of Kingdom of South surkanra,Indic Riverine,91,Quantum Computing,54
978,unlock,166,Kingdom of Marquiland,Eastern Woodland,110,Dog Domestication,9
984,unlock,2,Republic of New mitra,Indic Riverine,48,Physics,50
986,unlock,11,Kingdom of Old dradradrapur,Indic Riverine,119,Native Copper Working,28
986,unlock,195,Kingdom of North ofitanseara,West Sahel,29,Machinery,22
989,unlock,14,Kingdom of South taizho,East Riverine,103,Bone and Antler Tools,11
989,unlock,254,Empire of South ofichikaa,East Horn,108,Watercraft,22
999,unlock,93,Kingdom of Great linromvialand,Western Plains,110,Dog Domestication,11
999,unlock,116,Kingdom of Old eshbararum,Fertile Crescent,60,Combustion,19
1006,unlock,236,South zukangoara Kingdom,West Sahel,23,Engineering,23
1007,unlock,106,Kingdom of Linlorgrad,Western Plains,8,Masonry,12
1008,unlock,174,Empire of Romkarbel,Mediterranean Urban,109,Long-distance Exchange Networks,17
1027,unlock,116,Kingdom of Old eshbararum,Fertile Crescent,52,Industrialization,20
1028,unlock,28,Kingdom of New eshninar,Fertile Crescent,69,Computers,18
1030,unlock,116,Kingdom of Old eshbararum,Fertile Crescent,64,Electronics,21
1032,unlock,116,Kingdom of Old eshbararum,Fertile Crescent,76,Integrated Circuit,22
1033,unlock,116,Kingdom of Old eshbararum,Fertile Crescent,91,Quantum Computing,23
1035,unlock,116,Kingdom of Old eshbararum,Fertile Crescent,85,Artificial Intelligence,24
1038,unlock,116,Kingdom of Old eshbararum,Fertile Crescent,70,Transistors,25
1039,unlock,28,Kingdom of New eshninar,Fertile Crescent,76,Integrated Circuit,19
1042,unlock,116,Kingdom of Old eshbararum,Fertile Crescent,69,Computers,27
1042,unlock,116,Kingdom of Old eshbararum,Fertile Crescent,79,Internet,27
1047,unlock,34,Kingdom of Great kalsamninar,Fertile Crescent,51,Steam Engine,17
1049,unlock,116,Kingdom of Old eshbararum,Fertile Crescent,54,Electricity,28
1051,unlock,8,Kingdom of South vimita,Indic Riverine,52,Industrialization,16
1051,unlock,116,Kingdom of Old eshbararum,Fertile Crescent,104,Fishing Technology,29
1053,unlock,88,Kingdom of Old zenterterland,Eastern Woodland,103,Bone and Antler Tools,12
1054,unlock,8,Kingdom of South vimita,Indic Riverine,60,Combustion,17
1066,unlock,116,Kingdom of Old eshbararum,Fertile Crescent,51,Steam Engine,30
1069,unlock,161,Kingdom of South nakinlor,Eastern Woodland,23,Engineering,12
1070,unlock,186,Kingdom of North lamngo Kingdom,Nile Floodplain,29,Machinery,25
1073,unlock,2,Republic of New mitra,Indic Riverine,91,Quantum Computing,51
1075,unlock,105,South romdordorland,Central Plain,42,Metallurgy,19
1076,unlock,19,Old xiatai,East Riverine,23,Engineering,12
1081,unlock,30,Kingdom of Belartamad,Fertile Crescent,8,Masonry,13
1082,unlock,28,Kingdom of New eshninar,Fertile Crescent,63,Mass Production,20
1083,unlock,28,Kingdom of New eshninar,Fertile Crescent,64,Electronics,21
1083,unlock,181,Kingdom of North norkaria,Mediterranean Highland,103,Bone and Antler Tools,11
1086,unlock,28,Kingdom of New eshninar,Fertile Crescent,70,Transistors,22
1087,unlock,28,Kingdom of New eshninar,Fertile Crescent,85,Artificial Intelligence,24
1087,unlock,28,Kingdom of New eshninar,Fertile Crescent,91,Quantum Computing,24
1089,unlock,142,Qoritupintiyu Tribe,Andean Highland,103,Bone and Antler Tools,15
1092,unlock,58,Kingdom of Great romromia,Mediterranean Urban,23,Engineering,19
1096,unlock,116,Kingdom of Old eshbararum,Fertile Crescent,108,Watercraft,31
1101,unlock,34,Kingdom of Great kalsamninar,Fertile Crescent,79,Internet,18
1102,unlock,166,Kingdom of Marquiland,Eastern Woodland,103,Bone and Antler Tools,10
1109,unlock,266,South kakaofiu Kingdom,East Horn,38,Mechanical Clock,23
1113,unlock,61,Kingdom of North noraldorburg,Central Plain,23,Engineering,15
1113,unlock,116,Kingdom of Old eshbararum,Fertile Crescent,63,Mass Production,32
1116,unlock,34,Kingdom of Great kalsamninar,Fertile Crescent,69,Computers,19
1116,unlock,146,Kingdom of South sumqoripachna,Andean Highland,8,Masonry,11
1117,unlock,34,Kingdom of Great kalsamninar,Fertile Crescent,52,Industrialization,20
1118,unlock,77,Kingdom of Old rumrummarca,Andean Highland,42,Metallurgy,16
1118,unlock,159,South dravarmitdesh Tribe,Indic Riverine,79,Internet,31
1120,unlock,201,South quilorland Kingdom,Western Plains,110,Dog Domestication,9
1121,unlock,34,Kingdom of Great kalsamninar,Fertile Crescent,60,Combustion,21
1122,unlock,28,Kingdom of New eshninar,Fertile Crescent,60,Combustion,25
1125,unlock,37,Kingdom of South tambarashar,Fertile Crescent,23,Engineering,18
1133,unlock,195,Kingdom of North ofitanseara,West Sahel,17,Roads,23
1136,unlock,8,Kingdom of South vimita,Indic Riverine,29,Machinery,18
1138,unlock,188,Old chitana Tribe,East Horn,23,Engineering,28
1140,unlock,195,Kingdom of North ofitanseara,West Sahel,5,Sailing,24
1142,unlock,120,Kingdom of Old rumsuyusumyu,Andean Highland,119,Native Copper Working,13
1142,unlock,195,Kingdom of North ofitanseara,West Sahel,109,Long-distance Exchange Networks,25
1144,unlock,34,Kingdom of Great kalsamninar,Fertile Crescent,85,Artificial Intelligence,22
1144,unlock,245,Empire of Old selamu Kingdom,East Horn,118,Numeracy and Measurement,28
1145,unlock,223,Kingdom of Tartar,Central Plain,103,Bone and Antler Tools,13
1151,unlock,131,Kingdom of North kiritamoa,Oceanic Navigators,9,Bronze Alloying,16
1159,unlock,2,Republic of New mitra,Indic Riverine,35,Markets,52
1160,unlock,34,Kingdom of Great kalsamninar,Fertile Crescent,76,Integrated Circuit,23
1160,unlock,240,New tambarad Kingdom,Fertile Crescent,119,Native Copper Working,13
1161,unlock,34,Kingdom of Great kalsamninar,Fertile Crescent,29,Machinery,24
1161,unlock,256,North ninninbelum Kingdom,Fertile Crescent,103,Bone and Antler Tools,11
1162,unlock,99,Kingdom of New tanemonui,Oceanic Navigators,103,Bone and Antler Tools,8
1165,unlock,228,Kingdom of Mamalamene,West Sahel,17,Roads,19
1168,unlock,77,Kingdom of Old rumrummarca,Andean Highland,13,Iron Working,17
1168,unlock,136,Kingdom of Old kandranagar,Indic Riverine,16,Construction,14
1172,unlock,260,Old chitanu Kingdom,West Sahel,20,Agriculture,17
1174,unlock,149,Kingdom of Great zuseseara,West Sahel,114,Enclosures and Herd Management,17
1175,unlock,34,Kingdom of Great kalsamninar,Fertile Crescent,91,Quantum Computing,25
1175,unlock,152,Kingdom of North linqinshan,East Riverine,4,Mining,11
1179,unlock,211,Kingdom of North sekaa Kingdom,West Sahel,5,Sailing,23
1181,unlock,26,Kingdom of Great litaiguo,East Riverine,119,Native Copper Working,15
1185,unlock,116,Kingdom of Old eshbararum,Fertile Crescent,109,Long-distance Exchange Networks,33
1192,unlock,28,Kingdom of New eshninar,Fertile Crescent,9,Bronze Alloying,26
1193,unlock,174,Empire of Romkarbel,Mediterranean Urban,12,Shipbuilding,18
1197,unlock,149,Kingdom of Great zuseseara,West Sahel,117,Proto-writing and Administrative Notation,18
1197,unlock,228,Kingdom of Mamalamene,West Sahel,10,Irrigation,20
1200,unlock,227,Belrangaria Kingdom,Western Plains,116,Charcoal Firing,9
1204,unlock,149,Kingdom of Great zuseseara Kingdom,West Sahel,104,Fishing Technology,19
1208,unlock,34,Kingdom of Great kalsamninar,Fertile Crescent,63,Mass Production,26
1208,unlock,190,New ranquiloria Kingdom,Western Plains,116,Charcoal Firing,9
1208,unlock,229,Kingdom of Great makazua,Nile Floodplain,29,Machinery,23
1209,unlock,237,Kingdom of North chiseu,East Horn,38,Mechanical Clock,23
1211,unlock,28,Kingdom of New eshninar,Fertile Crescent,54,Electricity,27
1212,unlock,141,Rasurdra Kingdom,Indic Riverine,60,Combustion,16
1216,unlock,141,Rasurdra Kingdom,Indic Riverine,119,Native Copper Working,17
1217,unlock,141,Rasurdra Kingdom,Indic Riverine,52,Industrialization,18
1217,unlock,201,South quilorland Kingdom,Western Plains,116,Charcoal Firing,10
1220,unlock,141,Rasurdra Kingdom,Indic Riverine,69,Computers,19
1224,unlock,211,Kingdom of North sekaa Kingdom,West Sahel,29,Machinery,24
1225,unlock,26,Kingdom of Great litaiguo,East Riverine,23,Engineering,16
1225,unlock,231,New zengardusland Kingdom,Western Plains,103,Bone and Antler Tools,9
1226,unlock,195,Kingdom of North ofitanseara Kingdom,West Sahel,23,Engineering,26
1229,unlock,141,Rasurdra Kingdom,Indic Riverine,91,Quantum Computing,20
1230,unlock,141,Rasurdra Kingdom,Indic Riverine,79,Internet,21
1231,unlock,61,Kingdom of North noraldorburg,Central Plain,119,Native Copper Working,16
1231,unlock,141,Rasurdra Kingdom,Indic Riverine,85,Artificial Intelligence,22
1231,unlock,180,Kingdom of Tamarashan,Fertile Crescent,52,Industrialization,12
1232,unlock,141,Rasurdra Kingdom,Indic Riverine,76,Integrated Circuit,23
1232,unlock,169,Kingdom of North belashbar,Fertile Crescent,103,Bone and Antler Tools,12
1234,unlock,260,Old chitanu Kingdom,West Sahel,7,Wheel,18
1236,unlock,255,Kingdom of Lenlenkaria,Mediterranean Highland,103,Bone and Antler Tools,11
1245,unlock,274,Kingdom of Great yucchiitztan,Mesoamerican,5,Sailing,13
1249,unlock,58,Kingdom of Great romromia,Mediterranean Urban,25,Metal Casting,20
1250,initial,287,South zhorenlinling Kingdom,East Riverine,100,Cordage and Knots,11
1250,initial,287,South zhorenlinling Kingdom,East Riverine,101,Hide Working and Tailored Clothing,11
1250,initial,287,South zhorenlinling Kingdom,East Riverine,102,Hafted Stone Tools,11
1250,initial,287,South zhorenlinling Kingdom,East Riverine,103,Bone and Antler Tools,11
1250,initial,287,South zhorenlinling Kingdom,East Riverine,105,Food Preservation,11
1250,initial,287,South zhorenlinling Kingdom,East Riverine,106,Storage Pits and Containers,11
1250,initial,287,South zhorenlinling Kingdom,East Riverine,107,Seasonal Aggregation Camps,11
1250,initial,287,South zhorenlinling Kingdom,East Riverine,110,Dog Domestication,11
1250,initial,287,South zhorenlinling Kingdom,East Riverine,111,Grinding Stones,11
1250,initial,287,South zhorenlinling Kingdom,East Riverine,116,Charcoal Firing,11
1250,initial,287,South zhorenlinling Kingdom,East Riverine,3,Archery,11
1257,unlock,84,Kingdom of North terlorgrad,Eastern Woodland,119,Native Copper Working,15
1267,unlock,82,Kingdom of South belsolvialand,Eastern Woodland,23,Engineering,12
1268,unlock,213,Great ngomabara Kingdom,Nile Floodplain,38,Mechanical Clock,23
1269,unlock,61,Kingdom of North noraldorburg,Central Plain,29,Machinery,17
1269,unlock,116,Kingdom of Old eshbararum,Fertile Crescent,23,Engineering,34
1273,unlock,12,Kingdom of Old draranagar,Indic Riverine,79,Internet,21
1274,unlock,11,Kingdom of Old dradradrapur,Indic Riverine,120,Copper Smelting,30
1278,unlock,141,Rasurdra Kingdom,Indic Riverine,51,Steam Engine,24
1286,unlock,11,Kingdom of Old dradradrapur,Indic Riverine,38,Mechanical Clock,31
1287,unlock,180,Kingdom of Tamarashan,Fertile Crescent,51,Steam Engine,13
1292,unlock,35,Kingdom of Ninurbarum,Fertile Crescent,51,Steam Engine,12
1293,unlock,59,Empire of New tarvenvenia,Mediterranean Urban,23,Engineering,12
1298,unlock,180,Kingdom of Tamarashan,Fertile Crescent,79,Internet,14
1298,unlock,190,New ranquiloria Kingdom,Western Plains,103,Bone and Antler Tools,10
1299,unlock,236,South zukangoara Kingdom,West Sahel,38,Mechanical Clock,24
1304,unlock,180,Kingdom of Tamarashan,Fertile Crescent,85,Artificial Intelligence,15
1306,unlock,48,Ofiseu,Nile Floodplain,45,Economics,40
1307,unlock,3,Kingdom of Old nalmitvarnagar,Indic Riverine,23,Engineering,11
1310,unlock,180,Kingdom of Tamarashan,Fertile Crescent,91,Quantum Computing,16
1313,unlock,121,Kingdom of Naranland,Western Plains,116,Charcoal Firing,11
1314,unlock,198,Kingdom of New ayaqoriyu,Andean Highland,119,Native Copper Working,11
1315,unlock,260,Old chitanu Kingdom,West Sahel,10,Irrigation,19
1317,unlock,169,Kingdom of North belashbar,Fertile Crescent,8,Masonry,13
1319,unlock,35,Kingdom of Ninurbarum,Fertile Crescent,79,Internet,13
1320,unlock,166,Kingdom of Marquiland,Eastern Woodland,116,Charcoal Firing,11
1323,unlock,102,South hanzholin,East Riverine,16,Construction,14
1329,unlock,245,Empire of Old selamu Kingdom,East Horn,15,Currency,29
1332,unlock,87,Kingdom of Old romnaromgrad,Eastern Woodland,116,Charcoal Firing,11
1338,unlock,180,Kingdom of Tamarashan,Fertile Crescent,76,Integrated Circuit,17
1342,unlock,144,Old kuskusa Kingdom,Andean Highland,16,Construction,15
1342,unlock,229,Kingdom of Great makazua,Nile Floodplain,38,Mechanical Clock,24
1345,unlock,1,Empire of Great varkankanpur,Indic Riverine,91,Quantum Computing,33
1345,initial,288,Aldorburg Kingdom,Northern Maritime,100,Cordage and Knots,8
1345,initial,288,Aldorburg Kingdom,Northern Maritime,101,Hide Working and Tailored Clothing,8
1345,initial,288,Aldorburg Kingdom,Northern Maritime,102,Hafted Stone Tools,8
1345,initial,288,Aldorburg Kingdom,Northern Maritime,105,Food Preservation,8
1345,initial,288,Aldorburg Kingdom,Northern Maritime,106,Storage Pits and Containers,8
1345,initial,288,Aldorburg Kingdom,Northern Maritime,107,Seasonal Aggregation Camps,8
1345,initial,288,Aldorburg Kingdom,Northern Maritime,111,Grinding Stones,8
1345,initial,288,Aldorburg Kingdom,Northern Maritime,3,Archery,8
1346,unlock,1,Empire of Great varkankanpur,Indic Riverine,85,Artificial Intelligence,34
1346,unlock,28,Kingdom of New eshninar,Fertile Crescent,52,Industrialization,28
1348,unlock,116,Kingdom of Old eshbararum,Fertile Crescent,29,Machinery,35
1350,initial,289,Hanxiataishan Kingdom,East Riverine,100,Cordage and Knots,10
1350,initial,289,Hanxiataishan Kingdom,East Riverine,101,Hide Working and Tailored Clothing,10
1350,initial,289,Hanxiataishan Kingdom,East Riverine,102,Hafted Stone Tools,10
1350,initial,289,Hanxiataishan Kingdom,East Riverine,105,Food Preservation,10
1350,initial,289,Hanxiataishan Kingdom,East Riverine,106,Storage Pits and Containers,10
1350,initial,289,Hanxiataishan Kingdom,East Riverine,107,Seasonal Aggregation Camps,10
1350,initial,289,Hanxiataishan Kingdom,East Riverine,110,Dog Domestication,10
1350,initial,289,Hanxiataishan Kingdom,East Riverine,111,Grinding Stones,10
1350,initial,289,Hanxiataishan Kingdom,East Riverine,116,Charcoal Firing,10
1350,initial,289,Hanxiataishan Kingdom,East Riverine,3,Archery,10
1350,initial,290,Motaneranui Kingdom,Oceanic Navigators,100,Cordage and Knots,7
1350,initial,290,Motaneranui Kingdom,Oceanic Navigators,101,Hide Working and Tailored Clothing,7
1350,initial,290,Motaneranui Kingdom,Oceanic Navigators,102,Hafted Stone Tools,7
1350,initial,290,Motaneranui Kingdom,Oceanic Navigators,105,Food Preservation,7
1350,initial,290,Motaneranui Kingdom,Oceanic Navigators,106,Storage Pits and Containers,7
1350,initial,290,Motaneranui Kingdom,Oceanic Navigators,107,Seasonal Aggregation Camps,7
1350,initial,290,Motaneranui Kingdom,Oceanic Navigators,3,Archery,7
1357,unlock,257,Kingdom of Great sumkusrumna,Andean Highland,103,Bone and Antler Tools,10
1361,unlock,254,Empire of South ofichikaa,East Horn,5,Sailing,23
1365,initial,291,New tanekirita Kingdom,Oceanic Navigators,100,Cordage and Knots,8
1365,initial,291,New tanekirita Kingdom,Oceanic Navigators,101,Hide Working and Tailored Clothing,8
1365,initial,291,New tanekirita Kingdom,Oceanic Navigators,102,Hafted Stone Tools,8
1365,initial,291,New tanekirita Kingdom,Oceanic Navigators,103,Bone and Antler Tools,8
1365,initial,291,New tanekirita Kingdom,Oceanic Navigators,105,Food Preservation,8
1365,initial,291,New tanekirita Kingdom,Oceanic Navigators,106,Storage Pits and Containers,8
1365,initial,291,New tanekirita Kingdom,Oceanic Navigators,107,Seasonal Aggregation Camps,8
1365,initial,291,New tanekirita Kingdom,Oceanic Navigators,3,Archery,8
1369,unlock,76,Kingdom of Great qoripachllaqa,Andean Highland,119,Native Copper Working,16
1370,unlock,240,New tambarad Kingdom,Fertile Crescent,16,Construction,14
1372,unlock,195,Kingdom of North ofitanseara Kingdom,West Sahel,12,Shipbuilding,27
1373,unlock,1,Empire of Great varkankanpur,Indic Riverine,76,Integrated Circuit,35
1374,unlock,217,North minhan Kingdom,East Riverine,8,Masonry,12
1375,unlock,35,Kingdom of Ninurbarum,Fertile Crescent,23,Engineering,14
1381,unlock,260,Old chitanu Kingdom,West Sahel,17,Roads,20
1383,unlock,59,Empire of New tarvenvenia,Mediterranean Urban,29,Machinery,13
1383,unlock,95,Kingdom of South belloria,Western Plains,110,Dog Domestication,11
1388,unlock,159,Kingdom of New survarpur,Indic Riverine,85,Artificial Intelligence,32
1392,unlock,260,Old chitanu Kingdom,West Sahel,110,Dog Domestication,21
1397,unlock,136,Kingdom of Old kandranagar,Indic Riverine,60,Combustion,15
1397,unlock,216,Kingdom of Suyusumpacha,Andean Highland,103,Bone and Antler Tools,10
1398,unlock,59,Empire of New tarvenvenia,Mediterranean Urban,52,Industrialization,14
1400,unlock,159,Kingdom of New survarpur,Indic Riverine,91,Quantum Computing,33
1401,unlock,59,Empire of New tarvenvenia,Mediterranean Urban,51,Steam Engine,15
1405,unlock,107,Kingdom of New kinnagrad,Western Plains,116,Charcoal Firing,11
1409,unlock,59,Empire of New tarvenvenia,Mediterranean Urban,60,Combustion,16
1411,unlock,106,Kingdom of Linlorgrad,Western Plains,16,Construction,13
1411,unlock,180,Kingdom of Tamarashan,Fertile Crescent,69,Computers,18
1412,unlock,240,New tambarad Kingdom,Fertile Crescent,120,Copper Smelting,15
1413,unlock,81,Kingdom of Sumtup,Andean Highland,8,Masonry,15
1415,unlock,102,South hanzholin,East Riverine,23,Engineering,15
1417,unlock,35,Kingdom of Ninurbarum,Fertile Crescent,29,Machinery,14
1420,unlock,58,Kingdom of Great romromia,Mediterranean Urban,28,Steel,21
1420,unlock,150,Kingdom of South rommarland,Western Plains,116,Charcoal Firing,11
1420,unlock,214,New seofimaa Kingdom,West Sahel,23,Engineering,27
1423,unlock,58,Kingdom of Great romromia,Mediterranean Urban,42,Metallurgy,22
1425,unlock,126,Kingdom of North tantana,Indic Riverine,79,Internet,13
1429,unlock,146,Kingdom of Sumintimarca,Andean Highland,119,Native Copper Working,12
1429,unlock,180,Kingdom of Tamarashan,Fertile Crescent,29,Machinery,19
1434,unlock,171,Empire of South beltameshad,Fertile Crescent,13,Iron Working,17
1436,unlock,34,Kingdom of Great eshninum,Fertile Crescent,70,Transistors,27
1437,unlock,34,Kingdom of Great eshninum,Fertile Crescent,64,Electronics,28
1442,unlock,116,Kingdom of Old eshbararum,Fertile Crescent,5,Sailing,36
1450,unlock,35,Kingdom of Ninurbarum,Fertile Crescent,91,Quantum Computing,15
1451,unlock,171,Empire of South beltameshad,Fertile Crescent,51,Steam Engine,18
1462,unlock,141,Rasurdra Kingdom,Indic Riverine,120,Copper Smelting,25
1462,unlock,186,Kingdom of North lamngo Kingdom,Nile Floodplain,38,Mechanical Clock,26
1463,unlock,120,Kingdom of New kusllaq,Andean Highland,8,Masonry,14
1463,unlock,146,Kingdom of Sumintimarca,Andean Highland,103,Bone and Antler Tools,13
1465,unlock,35,Kingdom of Ninurbarum,Fertile Crescent,85,Artificial Intelligence,16
1467,unlock,81,Kingdom of Sumtup,Andean Highland,9,Bronze Alloying,16
1470,unlock,151,Kingdom of Old surtan,Indic Riverine,79,Internet,12
1471,unlock,195,Kingdom of North ofitanseara Kingdom,West Sahel,110,Dog Domestication,28
1472,unlock,18,Kingdom of Old hanhanshan,East Riverine,29,Machinery,13
1472,unlock,187,Kingdom of South varnalnagar,Indic Riverine,52,Industrialization,14
1473,unlock,102,South hanzholin,East Riverine,51,Steam Engine,16
1474,unlock,28,Kingdom of New eshninar,Fertile Crescent,23,Engineering,29
1477,unlock,2,Republic of New mitra,Indic Riverine,85,Artificial Intelligence,53
1480,unlock,12,Kingdom of Great tankankandesh,Indic Riverine,91,Quantum Computing,22
1485,unlock,12,Kingdom of Great tankankandesh,Indic Riverine,85,Artificial Intelligence,23
1485,initial,292,North ofingolama Kingdom,North Saharan,100,Cordage and Knots,10
1485,initial,292,North ofingolama Kingdom,North Saharan,101,Hide Working and Tailored Clothing,10
1485,initial,292,North ofingolama Kingdom,North Saharan,102,Hafted Stone Tools,10
1485,initial,292,North ofingolama Kingdom,North Saharan,105,Food Preservation,10
1485,initial,292,North ofingolama Kingdom,North Saharan,106,Storage Pits and Containers,10
1485,initial,292,North ofingolama Kingdom,North Saharan,107,Seasonal Aggregation Camps,10
1485,initial,292,North ofingolama Kingdom,North Saharan,110,Dog Domestication,10
1485,initial,292,North ofingolama Kingdom,North Saharan,111,Grinding Stones,10
1485,initial,292,North ofingolama Kingdom,North Saharan,116,Charcoal Firing,10
1485,initial,292,North ofingolama Kingdom,North Saharan,3,Archery,10
1486,unlock,61,Kingdom of North noraldorburg,Central Plain,51,Steam Engine,18
1491,unlock,9,Kingdom of Old tandrasurpur,Indic Riverine,91,Quantum Computing,30
1502,unlock,61,Kingdom of North noraldorburg,Central Plain,52,Industrialization,19
1503,unlock,190,New ranquiloria Kingdom,Western Plains,110,Dog Domestication,11
1506,unlock,151,Kingdom of Old surtan,Indic Riverine,91,Quantum Computing,13
1515,unlock,23,Kingdom of North liliren,East Riverine,23,Engineering,11
1518,unlock,28,Kingdom of New eshninar,Fertile Crescent,51,Steam Engine,30
1518,unlock,119,Kingdom of South sumrumna,Andean Highland,8,Masonry,13
1520,unlock,192,Kingdom of South chilamu,West Sahel,38,Mechanical Clock,24
1521,unlock,211,Kingdom of North sekaa Kingdom,West Sahel,12,Shipbuilding,25
1529,unlock,171,Empire of South beltameshad,Fertile Crescent,16,Construction,19
1532,unlock,171,Empire of South beltameshad,Fertile Crescent,52,Industrialization,20
1533,unlock,119,Kingdom of South sumrumna,Andean Highland,119,Native Copper Working,14
1535,unlock,214,New seofimaa Kingdom,West Sahel,38,Mechanical Clock,28
1541,unlock,274,Kingdom of Great yucchiitztan,Mesoamerican,113,Sedentism,14
1543,unlock,61,Kingdom of North noraldorburg,Central Plain,60,Combustion,20
1545,unlock,163,Kingdom of Old solmarnastan,Western Plains,116,Charcoal Firing,10
1548,unlock,131,Kingdom of Great kiritarangi,Oceanic Navigators,16,Construction,17
1549,unlock,84,Kingdom of North terlorgrad,Eastern Woodland,120,Copper Smelting,16
1550,initial,293,North rangita Kingdom,Oceanic Navigators,100,Cordage and Knots,7
1550,initial,293,North rangita Kingdom,Oceanic Navigators,101,Hide Working and Tailored Clothing,7
1550,initial,293,North rangita Kingdom,Oceanic Navigators,102,Hafted Stone Tools,7
1550,initial,293,North rangita Kingdom,Oceanic Navigators,105,Food Preservation,7
1550,initial,293,North rangita Kingdom,Oceanic Navigators,106,Storage Pits and Containers,7
1550,initial,293,North rangita Kingdom,Oceanic Navigators,107,Seasonal Aggregation Camps,7
1550,initial,293,North rangita Kingdom,Oceanic Navigators,3,Archery,7
1554,unlock,34,Kingdom of Great eshninum,Fertile Crescent,54,Electricity,29
1559,unlock,61,Kingdom of North noraldorburg,Central Plain,120,Copper Smelting,21
1564,unlock,31,Kingdom of South eshbelad,Fertile Crescent,13,Iron Working,17
1566,unlock,187,Kingdom of South varnalnagar,Indic Riverine,60,Combustion,15
1572,unlock,136,Kingdom of Old kandranagar,Indic Riverine,52,Industrialization,16
1580,unlock,31,Kingdom of South eshbelad,Fertile Crescent,16,Construction,18
1585,unlock,171,Empire of South beltameshad,Fertile Crescent,23,Engineering,21
1586,unlock,38,Kingdom of Great tamtameshad,Fertile Crescent,9,Bronze Alloying,31
1590,unlock,149,Kingdom of Great zuseseara Kingdom,West Sahel,7,Wheel,20
1590,unlock,223,Kingdom of Tartar,Central Plain,119,Native Copper Working,14
1590,initial,294,South romlenselum Kingdom,Northern Maritime,100,Cordage and Knots,8
1590,initial,294,South romlenselum Kingdom,Northern Maritime,101,Hide Working and Tailored Clothing,8
1590,initial,294,South romlenselum Kingdom,Northern Maritime,102,Hafted Stone Tools,8
1590,initial,294,South romlenselum Kingdom,Northern Maritime,105,Food Preservation,8
1590,initial,294,South romlenselum Kingdom,Northern Maritime,106,Storage Pits and Containers,8
1590,initial,294,South romlenselum Kingdom,Northern Maritime,107,Seasonal Aggregation Camps,8
1590,initial,294,South romlenselum Kingdom,Northern Maritime,111,Grinding Stones,8
1590,initial,294,South romlenselum Kingdom,Northern Maritime,3,Archery,8
1593,unlock,37,Kingdom of South tambarashar,Fertile Crescent,85,Artificial Intelligence,19
1595,unlock,37,Kingdom of South tambarashar,Fertile Crescent,91,Quantum Computing,20
1597,unlock,37,Kingdom of South tambarashar,Fertile Crescent,79,Internet,21
1600,unlock,184,Kingdom of New tandranagar,Indic Riverine,38,Mechanical Clock,28
1607,unlock,179,Great belgargrad Kingdom,Western Plains,116,Charcoal Firing,11
1613,unlock,37,Kingdom of South tambarashar,Fertile Crescent,69,Computers,22
1617,unlock,187,Kingdom of South varnalnagar,Indic Riverine,51,Steam Engine,16
1619,unlock,105,North bellenlen,Central Plain,25,Metal Casting,20
1620,unlock,102,South hanzholin,East Riverine,52,Industrialization,17
1625,unlock,59,Empire of New tarvenvenia,Mediterranean Urban,54,Electricity,17
1627,unlock,105,North bellenlen,Central Plain,41,Chemistry,21
1629,unlock,151,Kingdom of Old surtan,Indic Riverine,85,Artificial Intelligence,14
1630,unlock,24,Kingdom of Great qinlinshan,East Riverine,23,Engineering,12
1632,unlock,37,Kingdom of South tambarashar,Fertile Crescent,76,Integrated Circuit,23
1635,unlock,146,Kingdom of Sumintimarca,Andean Highland,110,Dog Domestication,14
1636,unlock,37,Kingdom of South tambarashar,Fertile Crescent,60,Combustion,24
1637,unlock,146,Kingdom of Sumintimarca,Andean Highland,16,Construction,15
1638,unlock,1,Empire of North ratandradesh,Indic Riverine,79,Internet,36
1643,unlock,141,Rasurdra Kingdom,Indic Riverine,29,Machinery,26
1645,unlock,104,Kingdom of South surnalrapur,Indic Riverine,91,Quantum Computing,33
1650,unlock,180,Kingdom of Tamarashan,Fertile Crescent,23,Engineering,20
1652,unlock,240,New tambarad Kingdom,Fertile Crescent,9,Bronze Alloying,16
1658,unlock,211,Kingdom of North sekaa Kingdom,West Sahel,23,Engineering,26
1660,unlock,151,Kingdom of Old surtan,Indic Riverine,23,Engineering,15
1662,unlock,77,Kingdom of Old rumrummarca,Andean Highland,25,Metal Casting,18
1665,unlock,16,Kingdom of Great qinlinzho,East Riverine,23,Engineering,12
1668,unlock,260,Old chitanu Kingdom,West Sahel,29,Machinery,22
1672,unlock,102,South hanzholin,East Riverine,29,Machinery,18
1676,unlock,128,Kingdom of South hanlinweishan,East Riverine,23,Engineering,12
1676,unlock,253,Empire of South hanqinzhou,East Riverine,4,Mining,12
1676,unlock,254,Empire of South ofichikaa,East Horn,109,Long-distance Exchange Networks,24
1683,unlock,61,Kingdom of Lenvennor,Central Plain,42,Metallurgy,22
1686,unlock,3,Kingdom of Old nalmitvarnagar,Indic Riverine,103,Bone and Antler Tools,12
1688,unlock,204,Empire of South mamazu,West Sahel,38,Mechanical Clock,23
1688,unlock,225,South ngongose Kingdom,Nile Floodplain,38,Mechanical Clock,23
1693,unlock,104,Kingdom of South surnalrapur,Indic Riverine,85,Artificial Intelligence,34
1698,unlock,156,Kingdom of Old quigargrad,Steppe Nomadic,116,Charcoal Firing,11
1701,unlock,46,Kingdom of Great lornakinland,Steppe Nomadic,116,Charcoal Firing,11
1704,unlock,35,Kingdom of Ninurbarum,Fertile Crescent,76,Integrated Circuit,17
1704,unlock,202,Kingdom of North vidrasurdesh,Indic Riverine,38,Mechanical Clock,28
1704,unlock,222,Great ngomaene Kingdom,West Sahel,38,Mechanical Clock,28
1706,unlock,35,Kingdom of Ninurbarum,Fertile Crescent,69,Computers,18
1712,unlock,149,Kingdom of Great zuseseara Kingdom,West Sahel,29,Machinery,21
1714,unlock,116,Kingdom of Old eshbararum,Fertile Crescent,12,Shipbuilding,37
1720,unlock,5,Republic of Kingdom of South surkanra,Indic Riverine,76,Integrated Circuit,55
1720,unlock,171,Empire of South beltameshad,Fertile Crescent,29,Machinery,22
1721,unlock,260,Old chitanu Kingdom,West Sahel,23,Engineering,23
1722,unlock,142,Qoritupintiyu Tribe,Andean Highland,42,Metallurgy,16
1722,unlock,186,Kingdom of North lamngo Kingdom,Nile Floodplain,23,Engineering,27
1723,unlock,32,North barsameshar Tribe,Fertile Crescent,16,Construction,17
1723,unlock,187,Kingdom of South varnalnagar,Indic Riverine,79,Internet,17
1723,unlock,217,New weizhoguo,East Riverine,103,Bone and Antler Tools,13
1727,unlock,9,Kingdom of Old tandrasurpur,Indic Riverine,76,Integrated Circuit,31
1727,unlock,27,Kingdom of Great linzhoguo,East Riverine,23,Engineering,12
1732,unlock,9,Kingdom of Old tandrasurpur,Indic Riverine,85,Artificial Intelligence,32
1735,unlock,35,Kingdom of Ninurbarum,Fertile Crescent,60,Combustion,20
1741,unlock,59,Empire of New tarvenvenia,Mediterranean Urban,64,Electronics,18
1742,unlock,35,Kingdom of Ninurbarum,Fertile Crescent,52,Industrialization,21
1743,unlock,28,Kingdom of New eshninar,Fertile Crescent,29,Machinery,31
1744,unlock,59,Empire of New tarvenvenia,Mediterranean Urban,69,Computers,19
1745,unlock,143,Kingdom of South linzhoguo,East Riverine,23,Engineering,15
1747,unlock,274,Kingdom of Great yucchiitztan,Mesoamerican,12,Shipbuilding,15
1751,unlock,31,Kingdom of South eshbelad,Fertile Crescent,23,Engineering,19
1755,unlock,28,Kingdom of New eshninar,Fertile Crescent,13,Iron Working,32
1756,unlock,37,Kingdom of South tambarashar,Fertile Crescent,52,Industrialization,25
1757,unlock,5,Republic of Kingdom of South surkanra,Indic Riverine,45,Economics,56
1758,unlock,84,Kingdom of North terlorgrad,Eastern Woodland,9,Bronze Alloying,17
1761,unlock,126,Kingdom of North tantana,Indic Riverine,91,Quantum Computing,14
1764,unlock,30,Kingdom of Belartamad,Fertile Crescent,16,Construction,14
1764,unlock,146,Kingdom of Sumintimarca,Andean Highland,120,Copper Smelting,16
1765,unlock,177,New mitkannala Kingdom,Indic Riverine,29,Machinery,27
1770,initial,295,North tailinzhou Kingdom,East Riverine,100,Cordage and Knots,11
1770,initial,295,North tailinzhou Kingdom,East Riverine,101,Hide Working and Tailored Clothing,11
1770,initial,295,North tailinzhou Kingdom,East Riverine,102,Hafted Stone Tools,11
1770,initial,295,North tailinzhou Kingdom,East Riverine,103,Bone and Antler Tools,11
1770,initial,295,North tailinzhou Kingdom,East Riverine,105,Food Preservation,11
1770,initial,295,North tailinzhou Kingdom,East Riverine,106,Storage Pits and Containers,11
1770,initial,295,North tailinzhou Kingdom,East Riverine,107,Seasonal Aggregation Camps,11
1770,initial,295,North tailinzhou Kingdom,East Riverine,110,Dog Domestication,11
1770,initial,295,North tailinzhou Kingdom,East Riverine,111,Grinding Stones,11
1770,initial,295,North tailinzhou Kingdom,East Riverine,116,Charcoal Firing,11
1770,initial,295,North tailinzhou Kingdom,East Riverine,3,Archery,11
1773,unlock,59,Empire of New tarvenvenia,Mediterranean Urban,79,Internet,20
1775,unlock,60,Kingdom of South vennoria,Central Plain,51,Steam Engine,22
1775,unlock,60,Kingdom of South vennoria,Central Plain,52,Industrialization,22
1776,unlock,12,Kingdom of Great tankankandesh,Indic Riverine,76,Integrated Circuit,24
1779,unlock,60,Kingdom of South vennoria,Central Plain,60,Combustion,23
1781,unlock,86,Kingdom of Linlornaland,Eastern Woodland,23,Engineering,12
1781,unlock,88,Kingdom of Old zenterterland,Eastern Woodland,16,Construction,13
1783,unlock,191,Great linmarstan Kingdom,Western Plains,110,Dog Domestication,9
1785,unlock,84,Kingdom of North terlorgrad,Eastern Woodland,42,Metallurgy,18
1787,unlock,61,Kingdom of Lenvennor,Central Plain,9,Bronze Alloying,23
1791,unlock,120,Kingdom of New kusllaq,Andean Highland,16,Construction,15
1793,unlock,37,Kingdom of South tambarashar,Fertile Crescent,51,Steam Engine,26
1793,unlock,60,Kingdom of South vennoria,Central Plain,41,Chemistry,24
1793,unlock,77,Kingdom of Old rumrummarca,Andean Highland,28,Steel,19
1793,unlock,228,Kingdom of Tanbartana,West Sahel,29,Machinery,21
1794,unlock,171,Empire of South beltameshad,Fertile Crescent,60,Combustion,23
1796,unlock,81,Kingdom of Sumtup,Andean Highland,13,Iron Working,17
1805,unlock,60,Kingdom of South vennoria,Central Plain,25,Metal Casting,25
1810,unlock,100,Great viamarquigrad,Caribbean Seafaring,23,Engineering,12
1814,unlock,126,Kingdom of North tantana,Indic Riverine,85,Artificial Intelligence,15
1814,unlock,191,Great linmarstan Kingdom,Western Plains,116,Charcoal Firing,10
1814,unlock,251,Empire of New eshkalesh,Fertile Crescent,103,Bone and Antler Tools,11
1815,unlock,171,Empire of South beltameshad,Fertile Crescent,91,Quantum Computing,24
1818,unlock,227,Belrangaria Kingdom,Western Plains,110,Dog Domestication,10
1819,unlock,81,Kingdom of Sumtup,Andean Highland,16,Construction,18
1823,unlock,19,Old xiatai,East Riverine,29,Machinery,13
1823,unlock,170,Kingdom of South rakiriua,Oceanic Navigators,110,Dog Domestication,8
1824,unlock,254,Empire of South ofichikaa,East Horn,12,Shipbuilding,25
1826,unlock,59,Empire of New tarvenvenia,Mediterranean Urban,70,Transistors,22
1826,unlock,59,Empire of New tarvenvenia,Mediterranean Urban,76,Integrated Circuit,22
1826,unlock,84,Kingdom of North terlorgrad,Eastern Woodland,41,Chemistry,19
1827,unlock,119,Kingdom of South sumrumna,Andean Highland,120,Copper Smelting,15
1829,unlock,59,Empire of New tarvenvenia,Mediterranean Urban,85,Artificial Intelligence,23
1832,unlock,2,Republic of New mitra,Indic Riverine,76,Integrated Circuit,54
1832,unlock,81,Kingdom of Sumtup,Andean Highland,42,Metallurgy,19
1834,unlock,59,Empire of New tarvenvenia,Mediterranean Urban,91,Quantum Computing,24
1834,unlock,217,New weizhoguo,East Riverine,16,Construction,14
1835,unlock,279,North renweiling Kingdom,East Riverine,4,Mining,12
1841,unlock,126,Kingdom of North tantana,Indic Riverine,23,Engineering,16
1847,unlock,59,Empire of New tarvenvenia,Mediterranean Urban,63,Mass Production,24
1853,unlock,149,Kingdom of Old zukau Kingdom,West Sahel,108,Watercraft,22
1858,unlock,58,Kingdom of Great romromia,Mediterranean Urban,60,Combustion,23
1861,unlock,30,Kingdom of Belartamad,Fertile Crescent,91,Quantum Computing,15
1864,unlock,174,Empire of Romkarbel,Mediterranean Urban,60,Combustion,19
1870,unlock,88,Kingdom of Old zenterterland,Eastern Woodland,119,Native Copper Working,14
1871,unlock,136,Kingdom of Old kandranagar,Indic Riverine,51,Steam Engine,17
1873,unlock,200,Kingdom of South masemau,West Sahel,38,Mechanical Clock,23
1883,unlock,120,Kingdom of New kusllaq,Andean Highland,120,Copper Smelting,16
1885,unlock,240,New tambarad Kingdom,Fertile Crescent,69,Computers,17
1886,unlock,102,South hanzholin,East Riverine,60,Combustion,19
1886,unlock,129,Kingdom of South varnalnagar,Indic Riverine,23,Engineering,12
1887,unlock,224,North sesea Kingdom,West Sahel,38,Mechanical Clock,29
1888,unlock,2,Republic of New mitra,Indic Riverine,45,Economics,55
1889,unlock,8,Kingdom of South vimita,Indic Riverine,91,Quantum Computing,19
1890,unlock,274,Kingdom of Great yucchiitztan,Mesoamerican,6,Calendar,16
1893,unlock,269,Kingdom of South lortergrad,Western Plains,110,Dog Domestication,9
1900,unlock,30,Kingdom of Belartamad,Fertile Crescent,79,Internet,16
1900,unlock,211,Kingdom of North sekaa Kingdom,West Sahel,110,Dog Domestication,27
1902,unlock,60,Kingdom of Great nortaral,Central Plain,29,Machinery,26
1910,initial,296,North bellorrangrad Kingdom,Steppe Nomadic,100,Cordage and Knots,9
1910,initial,296,North bellorrangrad Kingdom,Steppe Nomadic,101,Hide Working and Tailored Clothing,9
1910,initial,296,North bellorrangrad Kingdom,Steppe Nomadic,102,Hafted Stone Tools,9
1910,initial,296,North bellorrangrad Kingdom,Steppe Nomadic,105,Food Preservation,9
1910,initial,296,North bellorrangrad Kingdom,Steppe Nomadic,106,Storage Pits and Containers,9
1910,initial,296,North bellorrangrad Kingdom,Steppe Nomadic,107,Seasonal Aggregation Camps,9
1910,initial,296,North bellorrangrad Kingdom,Steppe Nomadic,110,Dog Domestication,9
1910,initial,296,North bellorrangrad Kingdom,Steppe Nomadic,111,Grinding Stones,9
1910,initial,296,North bellorrangrad Kingdom,Steppe Nomadic,3,Archery,9
1912,unlock,117,Kingdom of South qinqinzhou,East Riverine,23,Engineering,12
1913,unlock,240,New tambarad Kingdom,Fertile Crescent,103,Bone and Antler Tools,19
1913,unlock,240,New tambarad Kingdom,Fertile Crescent,79,Internet,19
1914,unlock,154,Kingdom of Ratansurnagar,Indic Riverine,103,Bone and Antler Tools,11
1915,unlock,85,Kingdom of South garvia,Eastern Woodland,23,Engineering,11
1916,unlock,58,Kingdom of Great romromia,Mediterranean Urban,69,Computers,24
1916,unlock,211,Kingdom of North sekaa Kingdom,West Sahel,109,Long-distance Exchange Networks,28
1918,unlock,55,Kingdom of South ofiseu,Central Forest,110,Dog Domestication,10
1920,unlock,31,Kingdom of South eshbelad,Fertile Crescent,25,Metal Casting,20
1922,unlock,240,New tambarad Kingdom,Fertile Crescent,13,Iron Working,20
1923,unlock,240,New tambarad Kingdom,Fertile Crescent,85,Artificial Intelligence,21
1926,unlock,161,Kingdom of South nakinlor,Eastern Woodland,29,Machinery,13
1927,unlock,240,New tambarad Kingdom,Fertile Crescent,91,Quantum Computing,22
1930,unlock,180,Kingdom of Tamarashan,Fertile Crescent,38,Mechanical Clock,21
1930,initial,297,North zhozholing Kingdom,East Riverine,100,Cordage and Knots,11
1930,initial,297,North zhozholing Kingdom,East Riverine,101,Hide Working and Tailored Clothing,11
1930,initial,297,North zhozholing Kingdom,East Riverine,102,Hafted Stone Tools,11
1930,initial,297,North zhozholing Kingdom,East Riverine,103,Bone and Antler Tools,11
1930,initial,297,North zhozholing Kingdom,East Riverine,105,Food Preservation,11
1930,initial,297,North zhozholing Kingdom,East Riverine,106,Storage Pits and Containers,11
1930,initial,297,North zhozholing Kingdom,East Riverine,107,Seasonal Aggregation Camps,11
1930,initial,297,North zhozholing Kingdom,East Riverine,110,Dog Domestication,11
1930,initial,297,North zhozholing Kingdom,East Riverine,111,Grinding Stones,11
1930,initial,297,North zhozholing Kingdom,East Riverine,116,Charcoal Firing,11
1930,initial,297,North zhozholing Kingdom,East Riverine,3,Archery,11
1932,unlock,174,Empire of Romkarbel,Mediterranean Urban,69,Computers,20
1933,unlock,2,Republic of New mitra,Indic Riverine,79,Internet,56
1935,unlock,170,Kingdom of South rakiriua,Oceanic Navigators,111,Grinding Stones,9
1936,unlock,30,Kingdom of Belartamad,Fertile Crescent,85,Artificial Intelligence,17
1936,unlock,187,Kingdom of South varnalnagar,Indic Riverine,91,Quantum Computing,18
1939,unlock,8,Kingdom of South vimita,Indic Riverine,23,Engineering,20
1942,unlock,240,New tambarad Kingdom,Fertile Crescent,42,Metallurgy,23
1945,unlock,58,Kingdom of Great romromia,Mediterranean Urban,79,Internet,25
1946,unlock,58,Kingdom of Great romromia,Mediterranean Urban,85,Artificial Intelligence,26
1946,unlock,128,Kingdom of South hanlinweishan,East Riverine,29,Machinery,13
1950,unlock,8,Kingdom of South vimita,Indic Riverine,85,Artificial Intelligence,21
1951,unlock,58,Kingdom of Great romromia,Mediterranean Urban,64,Electronics,29
1951,unlock,58,Kingdom of Great romromia,Mediterranean Urban,76,Integrated Circuit,29
1951,unlock,58,Kingdom of Great romromia,Mediterranean Urban,91,Quantum Computing,29
1951,unlock,240,New tambarad Kingdom,Fertile Crescent,76,Integrated Circuit,24
1953,unlock,240,New tambarad Kingdom,Fertile Crescent,60,Combustion,25
1954,unlock,58,Kingdom of Great romromia,Mediterranean Urban,70,Transistors,30
1955,unlock,45,Kingdom of South terromgargrad,Steppe Nomadic,29,Machinery,12
1959,unlock,119,Kingdom of South sumrumna,Andean Highland,9,Bronze Alloying,16
1976,unlock,30,Kingdom of Belartamad,Fertile Crescent,69,Computers,18
1977,unlock,58,Kingdom of Great romromia,Mediterranean Urban,41,Chemistry,31
1979,unlock,240,New tambarad Kingdom,Fertile Crescent,23,Engineering,26
1980,unlock,79,Kingdom of North suyurumpachyu,Andean Highland,23,Engineering,12
1981,unlock,183,Old marzenkinland,Caribbean Seafaring,116,Charcoal Firing,9
1981,unlock,274,Kingdom of Great yucchiitztan,Mesoamerican,115,Counting Tokens and Tallies,17
1983,unlock,3,Kingdom of Old nalmitvarnagar,Indic Riverine,29,Machinery,13
1983,unlock,123,Kingdom of North linlinstan,Eastern Woodland,23,Engineering,12
1984,unlock,58,Kingdom of Great romromia,Mediterranean Urban,63,Mass Production,32
1986,unlock,31,Kingdom of South eshbelad,Fertile Crescent,79,Internet,21
1995,unlock,82,Kingdom of South belsolvialand,Eastern Woodland,29,Machinery,13
1995,unlock,250,Kingdom of South sezuse,Central Forest,103,Bone and Antler Tools,10
1996,unlock,30,Kingdom of Belartamad,Fertile Crescent,76,Integrated Circuit,19
1999,unlock,31,Kingdom of South eshbelad,Fertile Crescent,91,Quantum Computing,22
2008,unlock,8,Kingdom of South vimita,Indic Riverine,119,Native Copper Working,22
2008,unlock,177,Kingdom of North raranagar Kingdom,Indic Riverine,23,Engineering,28
2009,unlock,116,Kingdom of Old eshbararum,Fertile Crescent,38,Mechanical Clock,38
2010,unlock,133,New rasur Kingdom,Indic Riverine,79,Internet,12
2014,unlock,31,Kingdom of South eshbelad,Fertile Crescent,60,Combustion,23
2016,unlock,84,Kingdom of North terlorgrad,Eastern Woodland,13,Iron Working,21
2016,unlock,84,Kingdom of North terlorgrad,Eastern Woodland,23,Engineering,21
2017,unlock,30,Kingdom of Belartamad,Fertile Crescent,60,Combustion,20
2018,unlock,171,Empire of South beltameshad,Fertile Crescent,79,Internet,25
2021,unlock,4,Kingdom of Mitvivia,Indic Riverine,23,Engineering,12
2021,unlock,116,Kingdom of Old eshbararum,Fertile Crescent,42,Metallurgy,39
