{
  "violations": [
    {
      "id": "DEPLETION_IGNORED",
      "severity": 1.5296360480885256,
      "hardfail": false,
      "details": {
        "slope": 162370909.61022022,
        "window": 8
      }
    }
  ]
}