year,worldPopulation,urbanShare,medianCountryPop,medianCountryArea,warFrequencyPerCentury,tradeIntensity,tradeActivePairShare,capabilityTier1Share,capabilityTier2Share,capabilityTier3Share,collapseCount,foodSecurityMean,foodSecurityP10,diseaseBurdenMean,diseaseBurdenP90,stabilityMean,stabilityP10,legitimacyMean,legitimacyP10,lowStabilityPopShare,lowLegitimacyPopShare
-5000,16904129.000000,0.024569,156000.500000,425.000000,0.000000,0.001775,0.000808,0.000000,0.000000,0.000000,7,0.992882,1.000000,0.000155,0.000157,0.998274,0.997210,0.704096,0.700720,0.000000,0.000000
-4980,18726030.000000,0.027467,167622.000000,386.000000,0.000000,0.000000,0.000000,0.000000,0.000000,0.000000,25,0.926791,0.717144,0.000085,0.000141,0.946910,0.928220,0.695834,0.433160,0.000000,0.039094
