year,event_type,country_index,country_name,country_culture,tech_id,tech_name,total_unlocked_techs
-5000,initial,0,New shavarnagar Tribe,Indic Riverine,100,Cordage and Knots,19
-5000,initial,0,New shavarnagar Tribe,Indic Riverine,101,Hide Working and Tailored Clothing,19
-5000,initial,0,New shavarnagar Tribe,Indic Riverine,102,Hafted Stone Tools,19
-5000,initial,0,New shavarnagar Tribe,Indic Riverine,105,Food Preservation,19
-5000,initial,0,New shavarnagar Tribe,Indic Riverine,106,Storage Pits and Containers,19
-5000,initial,0,New shavarnagar Tribe,Indic Riverine,107,Seasonal Aggregation Camps,19
-5000,initial,0,New shavarnagar Tribe,Indic Riverine,110,Dog Domestication,19
-5000,initial,0,New shavarnagar Tribe,Indic Riverine,111,Grinding Stones,19
-5000,initial,0,New shavarnagar Tribe,Indic Riverine,112,Proto-cultivation,19
-5000,initial,0,New shavarnagar Tribe,Indic Riverine,113,Sedentism,19
-5000,initial,0,New shavarnagar Tribe,Indic Riverine,114,Enclosures and Herd Management,19
-5000,initial,0,New shavarnagar Tribe,Indic Riverine,115,Counting Tokens and Tallies,19
-5000,initial,0,New shavarnagar Tribe,Indic Riverine,116,Charcoal Firing,19
-5000,initial,0,New shavarnagar Tribe,Indic Riverine,1,Pottery,19
-5000,initial,0,New shavarnagar Tribe,Indic Riverine,2,Animal Husbandry,19
-5000,initial,0,New shavarnagar Tribe,Indic Riverine,4,Mining,19
-5000,initial,0,New shavarnagar Tribe,Indic Riverine,20,Agriculture,19
-5000,initial,0,New shavarnagar Tribe,Indic Riverine,3,Archery,19
-5000,initial,0,New shavarnagar Tribe,Indic Riverine,6,Calendar,19
-5000,initial,1,North shadradesh Tribe,Indic Riverine,100,Cordage and Knots,19
-5000,initial,1,North shadradesh Tribe,Indic Riverine,101,Hide Working and Tailored Clothing,19
-5000,initial,1,North shadradesh Tribe,Indic Riverine,102,Hafted Stone Tools,19
-5000,initial,1,North shadradesh Tribe,Indic Riverine,105,Food Preservation,19
-5000,initial,1,North shadradesh Tribe,Indic Riverine,106,Storage Pits and Containers,19
-5000,initial,1,North shadradesh Tribe,Indic Riverine,107,Seasonal Aggregation Camps,19
-5000,initial,1,North shadradesh Tribe,Indic Riverine,110,Dog Domestication,19
-5000,initial,1,North shadradesh Tribe,Indic Riverine,111,Grinding Stones,19
-5000,initial,1,North shadradesh Tribe,Indic Riverine,112,Proto-cultivation,19
-5000,initial,1,North shadradesh Tribe,Indic Riverine,113,Sedentism,19
-5000,initial,1,North shadradesh Tribe,Indic Riverine,114,Enclosures and Herd Management,19
-5000,initial,1,North shadradesh Tribe,Indic Riverine,115,Counting Tokens and Tallies,19
-5000,initial,1,North shadradesh Tribe,Indic Riverine,116,Charcoal Firing,19
-5000,initial,1,North shadradesh Tribe,Indic Riverine,1,Pottery,19
-5000,initial,1,North shadradesh Tribe,Indic Riverine,2,Animal Husbandry,19
-5000,initial,1,North shadradesh Tribe,Indic Riverine,4,Mining,19
-5000,initial,1,North shadradesh Tribe,Indic Riverine,20,Agriculture,19
-5000,initial,1,North shadradesh Tribe,Indic Riverine,3,Archery,19
-5000,initial,1,North shadradesh Tribe,Indic Riverine,6,Calendar,19
-5000,initial,2,Great tankannala Tribe,Indic Riverine,100,Cordage and Knots,19
-5000,initial,2,Great tankannala Tribe,Indic Riverine,101,Hide Working and Tailored Clothing,19
-5000,initial,2,Great tankannala Tribe,Indic Riverine,102,Hafted Stone Tools,19
-5000,initial,2,Great tankannala Tribe,Indic Riverine,105,Food Preservation,19
-5000,initial,2,Great tankannala Tribe,Indic Riverine,106,Storage Pits and Containers,19
-5000,initial,2,Great tankannala Tribe,Indic Riverine,107,Seasonal Aggregation Camps,19
-5000,initial,2,Great tankannala Tribe,Indic Riverine,110,Dog Domestication,19
-5000,initial,2,Great tankannala Tribe,Indic Riverine,111,Grinding Stones,19
-5000,initial,2,Great tankannala Tribe,Indic Riverine,112,Proto-cultivation,19
-5000,initial,2,Great tankannala Tribe,Indic Riverine,113,Sedentism,19
-5000,initial,2,Great tankannala Tribe,Indic Riverine,114,Enclosures and Herd Management,19
-5000,initial,2,Great tankannala Tribe,Indic Riverine,115,Counting Tokens and Tallies,19
-5000,initial,2,Great tankannala Tribe,Indic Riverine,116,Charcoal Firing,19
-5000,initial,2,Great tankannala Tribe,Indic Riverine,1,Pottery,19
-5000,initial,2,Great tankannala Tribe,Indic Riverine,2,Animal Husbandry,19
-5000,initial,2,Great tankannala Tribe,Indic Riverine,4,Mining,19
-5000,initial,2,Great tankannala Tribe,Indic Riverine,20,Agriculture,19
-5000,initial,2,Great tankannala Tribe,Indic Riverine,3,Archery,19
-5000,initial,2,Great tankannala Tribe,Indic Riverine,6,Calendar,19
-5000,initial,3,Great ravividesh Tribe,Indic Riverine,100,Cordage and Knots,19
-5000,initial,3,Great ravividesh Tribe,Indic Riverine,101,Hide Working and Tailored Clothing,19
-5000,initial,3,Great ravividesh Tribe,Indic Riverine,102,Hafted Stone Tools,19
-5000,initial,3,Great ravividesh Tribe,Indic Riverine,105,Food Preservation,19
-5000,initial,3,Great ravividesh Tribe,Indic Riverine,106,Storage Pits and Containers,19
-5000,initial,3,Great ravividesh Tribe,Indic Riverine,107,Seasonal Aggregation Camps,19
-5000,initial,3,Great ravividesh Tribe,Indic Riverine,110,Dog Domestication,19
-5000,initial,3,Great ravividesh Tribe,Indic Riverine,111,Grinding Stones,19
-5000,initial,3,Great ravividesh Tribe,Indic Riverine,112,Proto-cultivation,19
-5000,initial,3,Great ravividesh Tribe,Indic Riverine,113,Sedentism,19
-5000,initial,3,Great ravividesh Tribe,Indic Riverine,114,Enclosures and Herd Management,19
-5000,initial,3,Great ravividesh Tribe,Indic Riverine,115,Counting Tokens and Tallies,19
-5000,initial,3,Great ravividesh Tribe,Indic Riverine,116,Charcoal Firing,19
-5000,initial,3,Great ravividesh Tribe,Indic Riverine,1,Pottery,19
-5000,initial,3,Great ravividesh Tribe,Indic Riverine,2,Animal Husbandry,19
-5000,initial,3,Great ravividesh Tribe,Indic Riverine,4,Mining,19
-5000,initial,3,Great ravividesh Tribe,Indic Riverine,20,Agriculture,19
-5000,initial,3,Great ravividesh Tribe,Indic Riverine,3,Archery,19
-5000,initial,3,Great ravividesh Tribe,Indic Riverine,6,Calendar,19
-5000,initial,4,North mitnalnagar Tribe,Indic Riverine,100,Cordage and Knots,19
-5000,initial,4,North mitnalnagar Tribe,Indic Riverine,101,Hide Working and Tailored Clothing,19
-5000,initial,4,North mitnalnagar Tribe,Indic Riverine,102,Hafted Stone Tools,19
-5000,initial,4,North mitnalnagar Tribe,Indic Riverine,105,Food Preservation,19
-5000,initial,4,North mitnalnagar Tribe,Indic Riverine,106,Storage Pits and Containers,19
-5000,initial,4,North mitnalnagar Tribe,Indic Riverine,107,Seasonal Aggregation Camps,19
-5000,initial,4,North mitnalnagar Tribe,Indic Riverine,110,Dog Domestication,19
-5000,initial,4,North mitnalnagar Tribe,Indic Riverine,111,Grinding Stones,19
-5000,initial,4,North mitnalnagar Tribe,Indic Riverine,112,Proto-cultivation,19
-5000,initial,4,North mitnalnagar Tribe,Indic Riverine,113,Sedentism,19
-5000,initial,4,North mitnalnagar Tribe,Indic Riverine,114,Enclosures and Herd Management,19
-5000,initial,4,North mitnalnagar Tribe,Indic Riverine,115,Counting Tokens and Tallies,19
-5000,initial,4,North mitnalnagar Tribe,Indic Riverine,116,Charcoal Firing,19
-5000,initial,4,North mitnalnagar Tribe,Indic Riverine,1,Pottery,19
-5000,initial,4,North mitnalnagar Tribe,Indic Riverine,2,Animal Husbandry,19
-5000,initial,4,North mitnalnagar Tribe,Indic Riverine,4,Mining,19
-5000,initial,4,North mitnalnagar Tribe,Indic Riverine,20,Agriculture,19
-5000,initial,4,North mitnalnagar Tribe,Indic Riverine,3,Archery,19
-5000,initial,4,North mitnalnagar Tribe,Indic Riverine,6,Calendar,19
-5000,initial,5,North mitvarshaa Tribe,Indic Riverine,100,Cordage and Knots,19
-5000,initial,5,North mitvarshaa Tribe,Indic Riverine,101,Hide Working and Tailored Clothing,19
-5000,initial,5,North mitvarshaa Tribe,Indic Riverine,102,Hafted Stone Tools,19
-5000,initial,5,North mitvarshaa Tribe,Indic Riverine,105,Food Preservation,19
-5000,initial,5,North mitvarshaa Tribe,Indic Riverine,106,Storage Pits and Containers,19
-5000,initial,5,North mitvarshaa Tribe,Indic Riverine,107,Seasonal Aggregation Camps,19
-5000,initial,5,North mitvarshaa Tribe,Indic Riverine,110,Dog Domestication,19
-5000,initial,5,North mitvarshaa Tribe,Indic Riverine,111,Grinding Stones,19
-5000,initial,5,North mitvarshaa Tribe,Indic Riverine,112,Proto-cultivation,19
-5000,initial,5,North mitvarshaa Tribe,Indic Riverine,113,Sedentism,19
-5000,initial,5,North mitvarshaa Tribe,Indic Riverine,114,Enclosures and Herd Management,19
-5000,initial,5,North mitvarshaa Tribe,Indic Riverine,115,Counting Tokens and Tallies,19
-5000,initial,5,North mitvarshaa Tribe,Indic Riverine,116,Charcoal Firing,19
-5000,initial,5,North mitvarshaa Tribe,Indic Riverine,1,Pottery,19
-5000,initial,5,North mitvarshaa Tribe,Indic Riverine,2,Animal Husbandry,19
-5000,initial,5,North mitvarshaa Tribe,Indic Riverine,4,Mining,19
-5000,initial,5,North mitvarshaa Tribe,Indic Riverine,20,Agriculture,19
-5000,initial,5,North mitvarshaa Tribe,Indic Riverine,3,Archery,19
-5000,initial,5,North mitvarshaa Tribe,Indic Riverine,6,Calendar,19
-5000,initial,6,Great shadradrapur Tribe,Indic Riverine,100,Cordage and Knots,19
-5000,initial,6,Great shadradrapur Tribe,Indic Riverine,101,Hide Working and Tailored Clothing,19
-5000,initial,6,Great shadradrapur Tribe,Indic Riverine,102,Hafted Stone Tools,19
-5000,initial,6,Great shadradrapur Tribe,Indic Riverine,105,Food Preservation,19
-5000,initial,6,Great shadradrapur Tribe,Indic Riverine,106,Storage Pits and Containers,19
-5000,initial,6,Great shadradrapur Tribe,Indic Riverine,107,Seasonal Aggregation Camps,19
-5000,initial,6,Great shadradrapur Tribe,Indic Riverine,110,Dog Domestication,19
-5000,initial,6,Great shadradrapur Tribe,Indic Riverine,111,Grinding Stones,19
-5000,initial,6,Great shadradrapur Tribe,Indic Riverine,112,Proto-cultivation,19
-5000,initial,6,Great shadradrapur Tribe,Indic Riverine,113,Sedentism,19
-5000,initial,6,Great shadradrapur Tribe,Indic Riverine,114,Enclosures and Herd Management,19
-5000,initial,6,Great shadradrapur Tribe,Indic Riverine,115,Counting Tokens and Tallies,19
-5000,initial,6,Great shadradrapur Tribe,Indic Riverine,116,Charcoal Firing,19
-5000,initial,6,Great shadradrapur Tribe,Indic Riverine,1,Pottery,19
-5000,initial,6,Great shadradrapur Tribe,Indic Riverine,2,Animal Husbandry,19
-5000,initial,6,Great shadradrapur Tribe,Indic Riverine,4,Mining,19
-5000,initial,6,Great shadradrapur Tribe,Indic Riverine,20,Agriculture,19
-5000,initial,6,Great shadradrapur Tribe,Indic Riverine,3,Archery,19
-5000,initial,6,Great shadradrapur Tribe,Indic Riverine,6,Calendar,19
-5000,initial,7,Nalnalnagar Tribe,Indic Riverine,100,Cordage and Knots,19
-5000,initial,7,Nalnalnagar Tribe,Indic Riverine,101,Hide Working and Tailored Clothing,19
-5000,initial,7,Nalnalnagar Tribe,Indic Riverine,102,Hafted Stone Tools,19
-5000,initial,7,Nalnalnagar Tribe,Indic Riverine,105,Food Preservation,19
-5000,initial,7,Nalnalnagar Tribe,Indic Riverine,106,Storage Pits and Containers,19
-5000,initial,7,Nalnalnagar Tribe,Indic Riverine,107,Seasonal Aggregation Camps,19
-5000,initial,7,Nalnalnagar Tribe,Indic Riverine,110,Dog Domestication,19
-5000,initial,7,Nalnalnagar Tribe,Indic Riverine,111,Grinding Stones,19
-5000,initial,7,Nalnalnagar Tribe,Indic Riverine,112,Proto-cultivation,19
-5000,initial,7,Nalnalnagar Tribe,Indic Riverine,113,Sedentism,19
-5000,initial,7,Nalnalnagar Tribe,Indic Riverine,114,Enclosures and Herd Management,19
-5000,initial,7,Nalnalnagar Tribe,Indic Riverine,115,Counting Tokens and Tallies,19
-5000,initial,7,Nalnalnagar Tribe,Indic Riverine,116,Charcoal Firing,19
-5000,initial,7,Nalnalnagar Tribe,Indic Riverine,1,Pottery,19
-5000,initial,7,Nalnalnagar Tribe,Indic Riverine,2,Animal Husbandry,19
-5000,initial,7,Nalnalnagar Tribe,Indic Riverine,4,Mining,19
-5000,initial,7,Nalnalnagar Tribe,Indic Riverine,20,Agriculture,19
-5000,initial,7,Nalnalnagar Tribe,Indic Riverine,3,Archery,19
-5000,initial,7,Nalnalnagar Tribe,Indic Riverine,6,Calendar,19
-5000,initial,8,Nalraranagar Tribe,Indic Riverine,100,Cordage and Knots,19
-5000,initial,8,Nalraranagar Tribe,Indic Riverine,101,Hide Working and Tailored Clothing,19
-5000,initial,8,Nalraranagar Tribe,Indic Riverine,102,Hafted Stone Tools,19
-5000,initial,8,Nalraranagar Tribe,Indic Riverine,105,Food Preservation,19
-5000,initial,8,Nalraranagar Tribe,Indic Riverine,106,Storage Pits and Containers,19
-5000,initial,8,Nalraranagar Tribe,Indic Riverine,107,Seasonal Aggregation Camps,19
-5000,initial,8,Nalraranagar Tribe,Indic Riverine,110,Dog Domestication,19
-5000,initial,8,Nalraranagar Tribe,Indic Riverine,111,Grinding Stones,19
-5000,initial,8,Nalraranagar Tribe,Indic Riverine,112,Proto-cultivation,19
-5000,initial,8,Nalraranagar Tribe,Indic Riverine,113,Sedentism,19
-5000,initial,8,Nalraranagar Tribe,Indic Riverine,114,Enclosures and Herd Management,19
-5000,initial,8,Nalraranagar Tribe,Indic Riverine,115,Counting Tokens and Tallies,19
-5000,initial,8,Nalraranagar Tribe,Indic Riverine,116,Charcoal Firing,19
-5000,initial,8,Nalraranagar Tribe,Indic Riverine,1,Pottery,19
-5000,initial,8,Nalraranagar Tribe,Indic Riverine,2,Animal Husbandry,19
-5000,initial,8,Nalraranagar Tribe,Indic Riverine,4,Mining,19
-5000,initial,8,Nalraranagar Tribe,Indic Riverine,20,Agriculture,19
-5000,initial,8,Nalraranagar Tribe,Indic Riverine,3,Archery,19
-5000,initial,8,Nalraranagar Tribe,Indic Riverine,6,Calendar,19
-5000,initial,9,Kanshakanpur Tribe,Indic Riverine,100,Cordage and Knots,19
-5000,initial,9,Kanshakanpur Tribe,Indic Riverine,101,Hide Working and Tailored Clothing,19
-5000,initial,9,Kanshakanpur Tribe,Indic Riverine,102,Hafted Stone Tools,19
-5000,initial,9,Kanshakanpur Tribe,Indic Riverine,105,Food Preservation,19
-5000,initial,9,Kanshakanpur Tribe,Indic Riverine,106,Storage Pits and Containers,19
-5000,initial,9,Kanshakanpur Tribe,Indic Riverine,107,Seasonal Aggregation Camps,19
-5000,initial,9,Kanshakanpur Tribe,Indic Riverine,110,Dog Domestication,19
-5000,initial,9,Kanshakanpur Tribe,Indic Riverine,111,Grinding Stones,19
-5000,initial,9,Kanshakanpur Tribe,Indic Riverine,112,Proto-cultivation,19
-5000,initial,9,Kanshakanpur Tribe,Indic Riverine,113,Sedentism,19
-5000,initial,9,Kanshakanpur Tribe,Indic Riverine,114,Enclosures and Herd Management,19
-5000,initial,9,Kanshakanpur Tribe,Indic Riverine,115,Counting Tokens and Tallies,19
-5000,initial,9,Kanshakanpur Tribe,Indic Riverine,116,Charcoal Firing,19
-5000,initial,9,Kanshakanpur Tribe,Indic Riverine,1,Pottery,19
-5000,initial,9,Kanshakanpur Tribe,Indic Riverine,2,Animal Husbandry,19
-5000,initial,9,Kanshakanpur Tribe,Indic Riverine,4,Mining,19
-5000,initial,9,Kanshakanpur Tribe,Indic Riverine,20,Agriculture,19
-5000,initial,9,Kanshakanpur Tribe,Indic Riverine,3,Archery,19
-5000,initial,9,Kanshakanpur Tribe,Indic Riverine,6,Calendar,19
-5000,initial,11,Great rasurnagar Tribe,Indic Riverine,100,Cordage and Knots,19
-5000,initial,11,Great rasurnagar Tribe,Indic Riverine,101,Hide Working and Tailored Clothing,19
-5000,initial,11,Great rasurnagar Tribe,Indic Riverine,102,Hafted Stone Tools,19
-5000,initial,11,Great rasurnagar Tribe,Indic Riverine,105,Food Preservation,19
-5000,initial,11,Great rasurnagar Tribe,Indic Riverine,106,Storage Pits and Containers,19
-5000,initial,11,Great rasurnagar Tribe,Indic Riverine,107,Seasonal Aggregation Camps,19
-5000,initial,11,Great rasurnagar Tribe,Indic Riverine,110,Dog Domestication,19
-5000,initial,11,Great rasurnagar Tribe,Indic Riverine,111,Grinding Stones,19
-5000,initial,11,Great rasurnagar Tribe,Indic Riverine,112,Proto-cultivation,19
-5000,initial,11,Great rasurnagar Tribe,Indic Riverine,113,Sedentism,19
-5000,initial,11,Great rasurnagar Tribe,Indic Riverine,114,Enclosures and Herd Management,19
-5000,initial,11,Great rasurnagar Tribe,Indic Riverine,115,Counting Tokens and Tallies,19
-5000,initial,11,Great rasurnagar Tribe,Indic Riverine,116,Charcoal Firing,19
-5000,initial,11,Great rasurnagar Tribe,Indic Riverine,1,Pottery,19
-5000,initial,11,Great rasurnagar Tribe,Indic Riverine,2,Animal Husbandry,19
-5000,initial,11,Great rasurnagar Tribe,Indic Riverine,4,Mining,19
-5000,initial,11,Great rasurnagar Tribe,Indic Riverine,20,Agriculture,19
-5000,initial,11,Great rasurnagar Tribe,Indic Riverine,3,Archery,19
-5000,initial,11,Great rasurnagar Tribe,Indic Riverine,6,Calendar,19
-5000,initial,12,Shadrapur Tribe,Indic Riverine,100,Cordage and Knots,19
-5000,initial,12,Shadrapur Tribe,Indic Riverine,101,Hide Working and Tailored Clothing,19
-5000,initial,12,Shadrapur Tribe,Indic Riverine,102,Hafted Stone Tools,19
-5000,initial,12,Shadrapur Tribe,Indic Riverine,105,Food Preservation,19
-5000,initial,12,Shadrapur Tribe,Indic Riverine,106,Storage Pits and Containers,19
-5000,initial,12,Shadrapur Tribe,Indic Riverine,107,Seasonal Aggregation Camps,19
-5000,initial,12,Shadrapur Tribe,Indic Riverine,110,Dog Domestication,19
-5000,initial,12,Shadrapur Tribe,Indic Riverine,111,Grinding Stones,19
-5000,initial,12,Shadrapur Tribe,Indic Riverine,112,Proto-cultivation,19
-5000,initial,12,Shadrapur Tribe,Indic Riverine,113,Sedentism,19
-5000,initial,12,Shadrapur Tribe,Indic Riverine,114,Enclosures and Herd Management,19
-5000,initial,12,Shadrapur Tribe,Indic Riverine,115,Counting Tokens and Tallies,19
-5000,initial,12,Shadrapur Tribe,Indic Riverine,116,Charcoal Firing,19
-5000,initial,12,Shadrapur Tribe,Indic Riverine,1,Pottery,19
-5000,initial,12,Shadrapur Tribe,Indic Riverine,2,Animal Husbandry,19
-5000,initial,12,Shadrapur Tribe,Indic Riverine,4,Mining,19
-5000,initial,12,Shadrapur Tribe,Indic Riverine,20,Agriculture,19
-5000,initial,12,Shadrapur Tribe,Indic Riverine,3,Archery,19
-5000,initial,12,Shadrapur Tribe,Indic Riverine,6,Calendar,19
-5000,initial,13,South nalnaltana Tribe,Indic Riverine,100,Cordage and Knots,19
-5000,initial,13,South nalnaltana Tribe,Indic Riverine,101,Hide Working and Tailored Clothing,19
-5000,initial,13,South nalnaltana Tribe,Indic Riverine,102,Hafted Stone Tools,19
-5000,initial,13,South nalnaltana Tribe,Indic Riverine,105,Food Preservation,19
-5000,initial,13,South nalnaltana Tribe,Indic Riverine,106,Storage Pits and Containers,19
-5000,initial,13,South nalnaltana Tribe,Indic Riverine,107,Seasonal Aggregation Camps,19
-5000,initial,13,South nalnaltana Tribe,Indic Riverine,110,Dog Domestication,19
-5000,initial,13,South nalnaltana Tribe,Indic Riverine,111,Grinding Stones,19
-5000,initial,13,South nalnaltana Tribe,Indic Riverine,112,Proto-cultivation,19
-5000,initial,13,South nalnaltana Tribe,Indic Riverine,113,Sedentism,19
-5000,initial,13,South nalnaltana Tribe,Indic Riverine,114,Enclosures and Herd Management,19
-5000,initial,13,South nalnaltana Tribe,Indic Riverine,115,Counting Tokens and Tallies,19
-5000,initial,13,South nalnaltana Tribe,Indic Riverine,116,Charcoal Firing,19
-5000,initial,13,South nalnaltana Tribe,Indic Riverine,1,Pottery,19
-5000,initial,13,South nalnaltana Tribe,Indic Riverine,2,Animal Husbandry,19
-5000,initial,13,South nalnaltana Tribe,Indic Riverine,4,Mining,19
-5000,initial,13,South nalnaltana Tribe,Indic Riverine,20,Agriculture,19
-5000,initial,13,South nalnaltana Tribe,Indic Riverine,3,Archery,19
-5000,initial,13,South nalnaltana Tribe,Indic Riverine,6,Calendar,19
-5000,initial,14,New qinxiaguo Tribe,East Riverine,100,Cordage and Knots,19
-5000,initial,14,New qinxiaguo Tribe,East Riverine,101,Hide Working and Tailored Clothing,19
-5000,initial,14,New qinxiaguo Tribe,East Riverine,102,Hafted Stone Tools,19
-5000,initial,14,New qinxiaguo Tribe,East Riverine,105,Food Preservation,19
-5000,initial,14,New qinxiaguo Tribe,East Riverine,106,Storage Pits and Containers,19
-5000,initial,14,New qinxiaguo Tribe,East Riverine,107,Seasonal Aggregation Camps,19
-5000,initial,14,New qinxiaguo Tribe,East Riverine,110,Dog Domestication,19
-5000,initial,14,New qinxiaguo Tribe,East Riverine,111,Grinding Stones,19
-5000,initial,14,New qinxiaguo Tribe,East Riverine,112,Proto-cultivation,19
-5000,initial,14,New qinxiaguo Tribe,East Riverine,113,Sedentism,19
-5000,initial,14,New qinxiaguo Tribe,East Riverine,114,Enclosures and Herd Management,19
-5000,initial,14,New qinxiaguo Tribe,East Riverine,115,Counting Tokens and Tallies,19
-5000,initial,14,New qinxiaguo Tribe,East Riverine,116,Charcoal Firing,19
-5000,initial,14,New qinxiaguo Tribe,East Riverine,1,Pottery,19
-5000,initial,14,New qinxiaguo Tribe,East Riverine,2,Animal Husbandry,19
-5000,initial,14,New qinxiaguo Tribe,East Riverine,4,Mining,19
-5000,initial,14,New qinxiaguo Tribe,East Riverine,20,Agriculture,19
-5000,initial,14,New qinxiaguo Tribe,East Riverine,3,Archery,19
-5000,initial,14,New qinxiaguo Tribe,East Riverine,6,Calendar,19
-5000,initial,15,South hanhanzhou Tribe,East Riverine,100,Cordage and Knots,19
-5000,initial,15,South hanhanzhou Tribe,East Riverine,101,Hide Working and Tailored Clothing,19
-5000,initial,15,South hanhanzhou Tribe,East Riverine,102,Hafted Stone Tools,19
-5000,initial,15,South hanhanzhou Tribe,East Riverine,105,Food Preservation,19
-5000,initial,15,South hanhanzhou Tribe,East Riverine,106,Storage Pits and Containers,19
-5000,initial,15,South hanhanzhou Tribe,East Riverine,107,Seasonal Aggregation Camps,19
-5000,initial,15,South hanhanzhou Tribe,East Riverine,110,Dog Domestication,19
-5000,initial,15,South hanhanzhou Tribe,East Riverine,111,Grinding Stones,19
-5000,initial,15,South hanhanzhou Tribe,East Riverine,112,Proto-cultivation,19
-5000,initial,15,South hanhanzhou Tribe,East Riverine,113,Sedentism,19
-5000,initial,15,South hanhanzhou Tribe,East Riverine,114,Enclosures and Herd Management,19
-5000,initial,15,South hanhanzhou Tribe,East Riverine,115,Counting Tokens and Tallies,19
-5000,initial,15,South hanhanzhou Tribe,East Riverine,116,Charcoal Firing,19
-5000,initial,15,South hanhanzhou Tribe,East Riverine,1,Pottery,19
-5000,initial,15,South hanhanzhou Tribe,East Riverine,2,Animal Husbandry,19
-5000,initial,15,South hanhanzhou Tribe,East Riverine,4,Mining,19
-5000,initial,15,South hanhanzhou Tribe,East Riverine,20,Agriculture,19
-5000,initial,15,South hanhanzhou Tribe,East Riverine,3,Archery,19
-5000,initial,15,South hanhanzhou Tribe,East Riverine,6,Calendar,19
-5000,initial,16,New qinlinli Tribe,East Riverine,100,Cordage and Knots,19
-5000,initial,16,New qinlinli Tribe,East Riverine,101,Hide Working and Tailored Clothing,19
-5000,initial,16,New qinlinli Tribe,East Riverine,102,Hafted Stone Tools,19
-5000,initial,16,New qinlinli Tribe,East Riverine,105,Food Preservation,19
-5000,initial,16,New qinlinli Tribe,East Riverine,106,Storage Pits and Containers,19
-5000,initial,16,New qinlinli Tribe,East Riverine,107,Seasonal Aggregation Camps,19
-5000,initial,16,New qinlinli Tribe,East Riverine,110,Dog Domestication,19
-5000,initial,16,New qinlinli Tribe,East Riverine,111,Grinding Stones,19
-5000,initial,16,New qinlinli Tribe,East Riverine,112,Proto-cultivation,19
-5000,initial,16,New qinlinli Tribe,East Riverine,113,Sedentism,19
-5000,initial,16,New qinlinli Tribe,East Riverine,114,Enclosures and Herd Management,19
-5000,initial,16,New qinlinli Tribe,East Riverine,115,Counting Tokens and Tallies,19
-5000,initial,16,New qinlinli Tribe,East Riverine,116,Charcoal Firing,19
-5000,initial,16,New qinlinli Tribe,East Riverine,1,Pottery,19
-5000,initial,16,New qinlinli Tribe,East Riverine,2,Animal Husbandry,19
-5000,initial,16,New qinlinli Tribe,East Riverine,4,Mining,19
-5000,initial,16,New qinlinli Tribe,East Riverine,20,Agriculture,19
-5000,initial,16,New qinlinli Tribe,East Riverine,3,Archery,19
-5000,initial,16,New qinlinli Tribe,East Riverine,6,Calendar,19
-5000,initial,17,New linqinshan Tribe,East Riverine,100,Cordage and Knots,19
-5000,initial,17,New linqinshan Tribe,East Riverine,101,Hide Working and Tailored Clothing,19
-5000,initial,17,New linqinshan Tribe,East Riverine,102,Hafted Stone Tools,19
-5000,initial,17,New linqinshan Tribe,East Riverine,105,Food Preservation,19
-5000,initial,17,New linqinshan Tribe,East Riverine,106,Storage Pits and Containers,19
-5000,initial,17,New linqinshan Tribe,East Riverine,107,Seasonal Aggregation Camps,19
-5000,initial,17,New linqinshan Tribe,East Riverine,110,Dog Domestication,19
-5000,initial,17,New linqinshan Tribe,East Riverine,111,Grinding Stones,19
-5000,initial,17,New linqinshan Tribe,East Riverine,112,Proto-cultivation,19
-5000,initial,17,New linqinshan Tribe,East Riverine,113,Sedentism,19
-5000,initial,17,New linqinshan Tribe,East Riverine,114,Enclosures and Herd Management,19
-5000,initial,17,New linqinshan Tribe,East Riverine,115,Counting Tokens and Tallies,19
-5000,initial,17,New linqinshan Tribe,East Riverine,116,Charcoal Firing,19
-5000,initial,17,New linqinshan Tribe,East Riverine,1,Pottery,19
-5000,initial,17,New linqinshan Tribe,East Riverine,2,Animal Husbandry,19
-5000,initial,17,New linqinshan Tribe,East Riverine,4,Mining,19
-5000,initial,17,New linqinshan Tribe,East Riverine,20,Agriculture,19
-5000,initial,17,New linqinshan Tribe,East Riverine,3,Archery,19
-5000,initial,17,New linqinshan Tribe,East Riverine,6,Calendar,19
-5000,initial,18,Qinzhoweizhou Tribe,East Riverine,100,Cordage and Knots,19
-5000,initial,18,Qinzhoweizhou Tribe,East Riverine,101,Hide Working and Tailored Clothing,19
-5000,initial,18,Qinzhoweizhou Tribe,East Riverine,102,Hafted Stone Tools,19
-5000,initial,18,Qinzhoweizhou Tribe,East Riverine,105,Food Preservation,19
-5000,initial,18,Qinzhoweizhou Tribe,East Riverine,106,Storage Pits and Containers,19
-5000,initial,18,Qinzhoweizhou Tribe,East Riverine,107,Seasonal Aggregation Camps,19
-5000,initial,18,Qinzhoweizhou Tribe,East Riverine,110,Dog Domestication,19
-5000,initial,18,Qinzhoweizhou Tribe,East Riverine,111,Grinding Stones,19
-5000,initial,18,Qinzhoweizhou Tribe,East Riverine,112,Proto-cultivation,19
-5000,initial,18,Qinzhoweizhou Tribe,East Riverine,113,Sedentism,19
-5000,initial,18,Qinzhoweizhou Tribe,East Riverine,114,Enclosures and Herd Management,19
-5000,initial,18,Qinzhoweizhou Tribe,East Riverine,115,Counting Tokens and Tallies,19
-5000,initial,18,Qinzhoweizhou Tribe,East Riverine,116,Charcoal Firing,19
-5000,initial,18,Qinzhoweizhou Tribe,East Riverine,1,Pottery,19
-5000,initial,18,Qinzhoweizhou Tribe,East Riverine,2,Animal Husbandry,19
-5000,initial,18,Qinzhoweizhou Tribe,East Riverine,4,Mining,19
-5000,initial,18,Qinzhoweizhou Tribe,East Riverine,20,Agriculture,19
-5000,initial,18,Qinzhoweizhou Tribe,East Riverine,3,Archery,19
-5000,initial,18,Qinzhoweizhou Tribe,East Riverine,6,Calendar,19
-5000,initial,19,South liweiguo Tribe,East Riverine,100,Cordage and Knots,19
-5000,initial,19,South liweiguo Tribe,East Riverine,101,Hide Working and Tailored Clothing,19
-5000,initial,19,South liweiguo Tribe,East Riverine,102,Hafted Stone Tools,19
-5000,initial,19,South liweiguo Tribe,East Riverine,105,Food Preservation,19
-5000,initial,19,South liweiguo Tribe,East Riverine,106,Storage Pits and Containers,19
-5000,initial,19,South liweiguo Tribe,East Riverine,107,Seasonal Aggregation Camps,19
-5000,initial,19,South liweiguo Tribe,East Riverine,110,Dog Domestication,19
-5000,initial,19,South liweiguo Tribe,East Riverine,111,Grinding Stones,19
-5000,initial,19,South liweiguo Tribe,East Riverine,112,Proto-cultivation,19
-5000,initial,19,South liweiguo Tribe,East Riverine,113,Sedentism,19
-5000,initial,19,South liweiguo Tribe,East Riverine,114,Enclosures and Herd Management,19
-5000,initial,19,South liweiguo Tribe,East Riverine,115,Counting Tokens and Tallies,19
-5000,initial,19,South liweiguo Tribe,East Riverine,116,Charcoal Firing,19
-5000,initial,19,South liweiguo Tribe,East Riverine,1,Pottery,19
-5000,initial,19,South liweiguo Tribe,East Riverine,2,Animal Husbandry,19
-5000,initial,19,South liweiguo Tribe,East Riverine,4,Mining,19
-5000,initial,19,South liweiguo Tribe,East Riverine,20,Agriculture,19
-5000,initial,19,South liweiguo Tribe,East Riverine,3,Archery,19
-5000,initial,19,South liweiguo Tribe,East Riverine,6,Calendar,19
-5000,initial,20,Great zhohanling Tribe,East Riverine,100,Cordage and Knots,19
-5000,initial,20,Great zhohanling Tribe,East Riverine,101,Hide Working and Tailored Clothing,19
-5000,initial,20,Great zhohanling Tribe,East Riverine,102,Hafted Stone Tools,19
-5000,initial,20,Great zhohanling Tribe,East Riverine,105,Food Preservation,19
-5000,initial,20,Great zhohanling Tribe,East Riverine,106,Storage Pits and Containers,19
-5000,initial,20,Great zhohanling Tribe,East Riverine,107,Seasonal Aggregation Camps,19
-5000,initial,20,Great zhohanling Tribe,East Riverine,110,Dog Domestication,19
-5000,initial,20,Great zhohanling Tribe,East Riverine,111,Grinding Stones,19
-5000,initial,20,Great zhohanling Tribe,East Riverine,112,Proto-cultivation,19
-5000,initial,20,Great zhohanling Tribe,East Riverine,113,Sedentism,19
-5000,initial,20,Great zhohanling Tribe,East Riverine,114,Enclosures and Herd Management,19
-5000,initial,20,Great zhohanling Tribe,East Riverine,115,Counting Tokens and Tallies,19
-5000,initial,20,Great zhohanling Tribe,East Riverine,116,Charcoal Firing,19
-5000,initial,20,Great zhohanling Tribe,East Riverine,1,Pottery,19
-5000,initial,20,Great zhohanling Tribe,East Riverine,2,Animal Husbandry,19
-5000,initial,20,Great zhohanling Tribe,East Riverine,4,Mining,19
-5000,initial,20,Great zhohanling Tribe,East Riverine,20,Agriculture,19
-5000,initial,20,Great zhohanling Tribe,East Riverine,3,Archery,19
-5000,initial,20,Great zhohanling Tribe,East Riverine,6,Calendar,19
-5000,initial,21,South lihanminshan Tribe,East Riverine,100,Cordage and Knots,19
-5000,initial,21,South lihanminshan Tribe,East Riverine,101,Hide Working and Tailored Clothing,19
-5000,initial,21,South lihanminshan Tribe,East Riverine,102,Hafted Stone Tools,19
-5000,initial,21,South lihanminshan Tribe,East Riverine,105,Food Preservation,19
-5000,initial,21,South lihanminshan Tribe,East Riverine,106,Storage Pits and Containers,19
-5000,initial,21,South lihanminshan Tribe,East Riverine,107,Seasonal Aggregation Camps,19
-5000,initial,21,South lihanminshan Tribe,East Riverine,110,Dog Domestication,19
-5000,initial,21,South lihanminshan Tribe,East Riverine,111,Grinding Stones,19
-5000,initial,21,South lihanminshan Tribe,East Riverine,112,Proto-cultivation,19
-5000,initial,21,South lihanminshan Tribe,East Riverine,113,Sedentism,19
-5000,initial,21,South lihanminshan Tribe,East Riverine,114,Enclosures and Herd Management,19
-5000,initial,21,South lihanminshan Tribe,East Riverine,115,Counting Tokens and Tallies,19
-5000,initial,21,South lihanminshan Tribe,East Riverine,116,Charcoal Firing,19
-5000,initial,21,South lihanminshan Tribe,East Riverine,1,Pottery,19
-5000,initial,21,South lihanminshan Tribe,East Riverine,2,Animal Husbandry,19
-5000,initial,21,South lihanminshan Tribe,East Riverine,4,Mining,19
-5000,initial,21,South lihanminshan Tribe,East Riverine,20,Agriculture,19
-5000,initial,21,South lihanminshan Tribe,East Riverine,3,Archery,19
-5000,initial,21,South lihanminshan Tribe,East Riverine,6,Calendar,19
-5000,initial,22,Great rentailing Tribe,East Riverine,100,Cordage and Knots,19
-5000,initial,22,Great rentailing Tribe,East Riverine,101,Hide Working and Tailored Clothing,19
-5000,initial,22,Great rentailing Tribe,East Riverine,102,Hafted Stone Tools,19
-5000,initial,22,Great rentailing Tribe,East Riverine,105,Food Preservation,19
-5000,initial,22,Great rentailing Tribe,East Riverine,106,Storage Pits and Containers,19
-5000,initial,22,Great rentailing Tribe,East Riverine,107,Seasonal Aggregation Camps,19
-5000,initial,22,Great rentailing Tribe,East Riverine,110,Dog Domestication,19
-5000,initial,22,Great rentailing Tribe,East Riverine,111,Grinding Stones,19
-5000,initial,22,Great rentailing Tribe,East Riverine,112,Proto-cultivation,19
-5000,initial,22,Great rentailing Tribe,East Riverine,113,Sedentism,19
-5000,initial,22,Great rentailing Tribe,East Riverine,114,Enclosures and Herd Management,19
-5000,initial,22,Great rentailing Tribe,East Riverine,115,Counting Tokens and Tallies,19
-5000,initial,22,Great rentailing Tribe,East Riverine,116,Charcoal Firing,19
-5000,initial,22,Great rentailing Tribe,East Riverine,1,Pottery,19
-5000,initial,22,Great rentailing Tribe,East Riverine,2,Animal Husbandry,19
-5000,initial,22,Great rentailing Tribe,East Riverine,4,Mining,19
-5000,initial,22,Great rentailing Tribe,East Riverine,20,Agriculture,19
-5000,initial,22,Great rentailing Tribe,East Riverine,3,Archery,19
-5000,initial,22,Great rentailing Tribe,East Riverine,6,Calendar,19
-5000,initial,23,Great minminrenshan Tribe,East Riverine,100,Cordage and Knots,19
-5000,initial,23,Great minminrenshan Tribe,East Riverine,101,Hide Working and Tailored Clothing,19
-5000,initial,23,Great minminrenshan Tribe,East Riverine,102,Hafted Stone Tools,19
-5000,initial,23,Great minminrenshan Tribe,East Riverine,105,Food Preservation,19
-5000,initial,23,Great minminrenshan Tribe,East Riverine,106,Storage Pits and Containers,19
-5000,initial,23,Great minminrenshan Tribe,East Riverine,107,Seasonal Aggregation Camps,19
-5000,initial,23,Great minminrenshan Tribe,East Riverine,110,Dog Domestication,19
-5000,initial,23,Great minminrenshan Tribe,East Riverine,111,Grinding Stones,19
-5000,initial,23,Great minminrenshan Tribe,East Riverine,112,Proto-cultivation,19
-5000,initial,23,Great minminrenshan Tribe,East Riverine,113,Sedentism,19
-5000,initial,23,Great minminrenshan Tribe,East Riverine,114,Enclosures and Herd Management,19
-5000,initial,23,Great minminrenshan Tribe,East Riverine,115,Counting Tokens and Tallies,19
-5000,initial,23,Great minminrenshan Tribe,East Riverine,116,Charcoal Firing,19
-5000,initial,23,Great minminrenshan Tribe,East Riverine,1,Pottery,19
-5000,initial,23,Great minminrenshan Tribe,East Riverine,2,Animal Husbandry,19
-5000,initial,23,Great minminrenshan Tribe,East Riverine,4,Mining,19
-5000,initial,23,Great minminrenshan Tribe,East Riverine,20,Agriculture,19
-5000,initial,23,Great minminrenshan Tribe,East Riverine,3,Archery,19
-5000,initial,23,Great minminrenshan Tribe,East Riverine,6,Calendar,19
-5000,initial,24,Great zhohanqinzhou Tribe,East Riverine,100,Cordage and Knots,19
-5000,initial,24,Great zhohanqinzhou Tribe,East Riverine,101,Hide Working and Tailored Clothing,19
-5000,initial,24,Great zhohanqinzhou Tribe,East Riverine,102,Hafted Stone Tools,19
-5000,initial,24,Great zhohanqinzhou Tribe,East Riverine,105,Food Preservation,19
-5000,initial,24,Great zhohanqinzhou Tribe,East Riverine,106,Storage Pits and Containers,19
-5000,initial,24,Great zhohanqinzhou Tribe,East Riverine,107,Seasonal Aggregation Camps,19
-5000,initial,24,Great zhohanqinzhou Tribe,East Riverine,110,Dog Domestication,19
-5000,initial,24,Great zhohanqinzhou Tribe,East Riverine,111,Grinding Stones,19
-5000,initial,24,Great zhohanqinzhou Tribe,East Riverine,112,Proto-cultivation,19
-5000,initial,24,Great zhohanqinzhou Tribe,East Riverine,113,Sedentism,19
-5000,initial,24,Great zhohanqinzhou Tribe,East Riverine,114,Enclosures and Herd Management,19
-5000,initial,24,Great zhohanqinzhou Tribe,East Riverine,115,Counting Tokens and Tallies,19
-5000,initial,24,Great zhohanqinzhou Tribe,East Riverine,116,Charcoal Firing,19
-5000,initial,24,Great zhohanqinzhou Tribe,East Riverine,1,Pottery,19
-5000,initial,24,Great zhohanqinzhou Tribe,East Riverine,2,Animal Husbandry,19
-5000,initial,24,Great zhohanqinzhou Tribe,East Riverine,4,Mining,19
-5000,initial,24,Great zhohanqinzhou Tribe,East Riverine,20,Agriculture,19
-5000,initial,24,Great zhohanqinzhou Tribe,East Riverine,3,Archery,19
-5000,initial,24,Great zhohanqinzhou Tribe,East Riverine,6,Calendar,19
-5000,initial,25,New hanwei Tribe,East Riverine,100,Cordage and Knots,19
-5000,initial,25,New hanwei Tribe,East Riverine,101,Hide Working and Tailored Clothing,19
-5000,initial,25,New hanwei Tribe,East Riverine,102,Hafted Stone Tools,19
-5000,initial,25,New hanwei Tribe,East Riverine,105,Food Preservation,19
-5000,initial,25,New hanwei Tribe,East Riverine,106,Storage Pits and Containers,19
-5000,initial,25,New hanwei Tribe,East Riverine,107,Seasonal Aggregation Camps,19
-5000,initial,25,New hanwei Tribe,East Riverine,110,Dog Domestication,19
-5000,initial,25,New hanwei Tribe,East Riverine,111,Grinding Stones,19
-5000,initial,25,New hanwei Tribe,East Riverine,112,Proto-cultivation,19
-5000,initial,25,New hanwei Tribe,East Riverine,113,Sedentism,19
-5000,initial,25,New hanwei Tribe,East Riverine,114,Enclosures and Herd Management,19
-5000,initial,25,New hanwei Tribe,East Riverine,115,Counting Tokens and Tallies,19
-5000,initial,25,New hanwei Tribe,East Riverine,116,Charcoal Firing,19
-5000,initial,25,New hanwei Tribe,East Riverine,1,Pottery,19
-5000,initial,25,New hanwei Tribe,East Riverine,2,Animal Husbandry,19
-5000,initial,25,New hanwei Tribe,East Riverine,4,Mining,19
-5000,initial,25,New hanwei Tribe,East Riverine,20,Agriculture,19
-5000,initial,25,New hanwei Tribe,East Riverine,3,Archery,19
-5000,initial,25,New hanwei Tribe,East Riverine,6,Calendar,19
-5000,initial,26,New qinrenzhou Tribe,East Riverine,100,Cordage and Knots,19
-5000,initial,26,New qinrenzhou Tribe,East Riverine,101,Hide Working and Tailored Clothing,19
-5000,initial,26,New qinrenzhou Tribe,East Riverine,102,Hafted Stone Tools,19
-5000,initial,26,New qinrenzhou Tribe,East Riverine,105,Food Preservation,19
-5000,initial,26,New qinrenzhou Tribe,East Riverine,106,Storage Pits and Containers,19
-5000,initial,26,New qinrenzhou Tribe,East Riverine,107,Seasonal Aggregation Camps,19
-5000,initial,26,New qinrenzhou Tribe,East Riverine,110,Dog Domestication,19
-5000,initial,26,New qinrenzhou Tribe,East Riverine,111,Grinding Stones,19
-5000,initial,26,New qinrenzhou Tribe,East Riverine,112,Proto-cultivation,19
-5000,initial,26,New qinrenzhou Tribe,East Riverine,113,Sedentism,19
-5000,initial,26,New qinrenzhou Tribe,East Riverine,114,Enclosures and Herd Management,19
-5000,initial,26,New qinrenzhou Tribe,East Riverine,115,Counting Tokens and Tallies,19
-5000,initial,26,New qinrenzhou Tribe,East Riverine,116,Charcoal Firing,19
-5000,initial,26,New qinrenzhou Tribe,East Riverine,1,Pottery,19
-5000,initial,26,New qinrenzhou Tribe,East Riverine,2,Animal Husbandry,19
-5000,initial,26,New qinrenzhou Tribe,East Riverine,4,Mining,19
-5000,initial,26,New qinrenzhou Tribe,East Riverine,20,Agriculture,19
-5000,initial,26,New qinrenzhou Tribe,East Riverine,3,Archery,19
-5000,initial,26,New qinrenzhou Tribe,East Riverine,6,Calendar,19
-5000,initial,27,New hanweizhou Tribe,East Riverine,100,Cordage and Knots,19
-5000,initial,27,New hanweizhou Tribe,East Riverine,101,Hide Working and Tailored Clothing,19
-5000,initial,27,New hanweizhou Tribe,East Riverine,102,Hafted Stone Tools,19
-5000,initial,27,New hanweizhou Tribe,East Riverine,105,Food Preservation,19
-5000,initial,27,New hanweizhou Tribe,East Riverine,106,Storage Pits and Containers,19
-5000,initial,27,New hanweizhou Tribe,East Riverine,107,Seasonal Aggregation Camps,19
-5000,initial,27,New hanweizhou Tribe,East Riverine,110,Dog Domestication,19
-5000,initial,27,New hanweizhou Tribe,East Riverine,111,Grinding Stones,19
-5000,initial,27,New hanweizhou Tribe,East Riverine,112,Proto-cultivation,19
-5000,initial,27,New hanweizhou Tribe,East Riverine,113,Sedentism,19
-5000,initial,27,New hanweizhou Tribe,East Riverine,114,Enclosures and Herd Management,19
-5000,initial,27,New hanweizhou Tribe,East Riverine,115,Counting Tokens and Tallies,19
-5000,initial,27,New hanweizhou Tribe,East Riverine,116,Charcoal Firing,19
-5000,initial,27,New hanweizhou Tribe,East Riverine,1,Pottery,19
-5000,initial,27,New hanweizhou Tribe,East Riverine,2,Animal Husbandry,19
-5000,initial,27,New hanweizhou Tribe,East Riverine,4,Mining,19
-5000,initial,27,New hanweizhou Tribe,East Riverine,20,Agriculture,19
-5000,initial,27,New hanweizhou Tribe,East Riverine,3,Archery,19
-5000,initial,27,New hanweizhou Tribe,East Riverine,6,Calendar,19
-5000,initial,28,South tamarar Tribe,Fertile Crescent,100,Cordage and Knots,21
-5000,initial,28,South tamarar Tribe,Fertile Crescent,101,Hide Working and Tailored Clothing,21
-5000,initial,28,South tamarar Tribe,Fertile Crescent,102,Hafted Stone Tools,21
-5000,initial,28,South tamarar Tribe,Fertile Crescent,105,Food Preservation,21
-5000,initial,28,South tamarar Tribe,Fertile Crescent,106,Storage Pits and Containers,21
-5000,initial,28,South tamarar Tribe,Fertile Crescent,107,Seasonal Aggregation Camps,21
-5000,initial,28,South tamarar Tribe,Fertile Crescent,110,Dog Domestication,21
-5000,initial,28,South tamarar Tribe,Fertile Crescent,111,Grinding Stones,21
-5000,initial,28,South tamarar Tribe,Fertile Crescent,112,Proto-cultivation,21
-5000,initial,28,South tamarar Tribe,Fertile Crescent,113,Sedentism,21
-5000,initial,28,South tamarar Tribe,Fertile Crescent,114,Enclosures and Herd Management,21
-5000,initial,28,South tamarar Tribe,Fertile Crescent,115,Counting Tokens and Tallies,21
-5000,initial,28,South tamarar Tribe,Fertile Crescent,116,Charcoal Firing,21
-5000,initial,28,South tamarar Tribe,Fertile Crescent,1,Pottery,21
-5000,initial,28,South tamarar Tribe,Fertile Crescent,119,Native Copper Working,21
-5000,initial,28,South tamarar Tribe,Fertile Crescent,2,Animal Husbandry,21
-5000,initial,28,South tamarar Tribe,Fertile Crescent,4,Mining,21
-5000,initial,28,South tamarar Tribe,Fertile Crescent,20,Agriculture,21
-5000,initial,28,South tamarar Tribe,Fertile Crescent,3,Archery,21
-5000,initial,28,South tamarar Tribe,Fertile Crescent,6,Calendar,21
-5000,initial,28,South tamarar Tribe,Fertile Crescent,10,Irrigation,21
-5000,initial,29,Tameshbelad Tribe,Fertile Crescent,100,Cordage and Knots,21
-5000,initial,29,Tameshbelad Tribe,Fertile Crescent,101,Hide Working and Tailored Clothing,21
-5000,initial,29,Tameshbelad Tribe,Fertile Crescent,102,Hafted Stone Tools,21
-5000,initial,29,Tameshbelad Tribe,Fertile Crescent,105,Food Preservation,21
-5000,initial,29,Tameshbelad Tribe,Fertile Crescent,106,Storage Pits and Containers,21
-5000,initial,29,Tameshbelad Tribe,Fertile Crescent,107,Seasonal Aggregation Camps,21
-5000,initial,29,Tameshbelad Tribe,Fertile Crescent,110,Dog Domestication,21
-5000,initial,29,Tameshbelad Tribe,Fertile Crescent,111,Grinding Stones,21
-5000,initial,29,Tameshbelad Tribe,Fertile Crescent,112,Proto-cultivation,21
-5000,initial,29,Tameshbelad Tribe,Fertile Crescent,113,Sedentism,21
-5000,initial,29,Tameshbelad Tribe,Fertile Crescent,114,Enclosures and Herd Management,21
-5000,initial,29,Tameshbelad Tribe,Fertile Crescent,115,Counting Tokens and Tallies,21
-5000,initial,29,Tameshbelad Tribe,Fertile Crescent,116,Charcoal Firing,21
-5000,initial,29,Tameshbelad Tribe,Fertile Crescent,1,Pottery,21
-5000,initial,29,Tameshbelad Tribe,Fertile Crescent,119,Native Copper Working,21
-5000,initial,29,Tameshbelad Tribe,Fertile Crescent,2,Animal Husbandry,21
-5000,initial,29,Tameshbelad Tribe,Fertile Crescent,4,Mining,21
-5000,initial,29,Tameshbelad Tribe,Fertile Crescent,20,Agriculture,21
-5000,initial,29,Tameshbelad Tribe,Fertile Crescent,3,Archery,21
-5000,initial,29,Tameshbelad Tribe,Fertile Crescent,6,Calendar,21
-5000,initial,29,Tameshbelad Tribe,Fertile Crescent,10,Irrigation,21
-5000,initial,30,Old barashar Tribe,Fertile Crescent,100,Cordage and Knots,21
-5000,initial,30,Old barashar Tribe,Fertile Crescent,101,Hide Working and Tailored Clothing,21
-5000,initial,30,Old barashar Tribe,Fertile Crescent,102,Hafted Stone Tools,21
-5000,initial,30,Old barashar Tribe,Fertile Crescent,105,Food Preservation,21
-5000,initial,30,Old barashar Tribe,Fertile Crescent,106,Storage Pits and Containers,21
-5000,initial,30,Old barashar Tribe,Fertile Crescent,107,Seasonal Aggregation Camps,21
-5000,initial,30,Old barashar Tribe,Fertile Crescent,110,Dog Domestication,21
-5000,initial,30,Old barashar Tribe,Fertile Crescent,111,Grinding Stones,21
-5000,initial,30,Old barashar Tribe,Fertile Crescent,112,Proto-cultivation,21
-5000,initial,30,Old barashar Tribe,Fertile Crescent,113,Sedentism,21
-5000,initial,30,Old barashar Tribe,Fertile Crescent,114,Enclosures and Herd Management,21
-5000,initial,30,Old barashar Tribe,Fertile Crescent,115,Counting Tokens and Tallies,21
-5000,initial,30,Old barashar Tribe,Fertile Crescent,116,Charcoal Firing,21
-5000,initial,30,Old barashar Tribe,Fertile Crescent,1,Pottery,21
-5000,initial,30,Old barashar Tribe,Fertile Crescent,119,Native Copper Working,21
-5000,initial,30,Old barashar Tribe,Fertile Crescent,2,Animal Husbandry,21
-5000,initial,30,Old barashar Tribe,Fertile Crescent,4,Mining,21
-5000,initial,30,Old barashar Tribe,Fertile Crescent,20,Agriculture,21
-5000,initial,30,Old barashar Tribe,Fertile Crescent,3,Archery,21
-5000,initial,30,Old barashar Tribe,Fertile Crescent,6,Calendar,21
-5000,initial,30,Old barashar Tribe,Fertile Crescent,10,Irrigation,21
-5000,initial,31,Old sambelum Tribe,Fertile Crescent,100,Cordage and Knots,21
-5000,initial,31,Old sambelum Tribe,Fertile Crescent,101,Hide Working and Tailored Clothing,21
-5000,initial,31,Old sambelum Tribe,Fertile Crescent,102,Hafted Stone Tools,21
-5000,initial,31,Old sambelum Tribe,Fertile Crescent,105,Food Preservation,21
-5000,initial,31,Old sambelum Tribe,Fertile Crescent,106,Storage Pits and Containers,21
-5000,initial,31,Old sambelum Tribe,Fertile Crescent,107,Seasonal Aggregation Camps,21
-5000,initial,31,Old sambelum Tribe,Fertile Crescent,110,Dog Domestication,21
-5000,initial,31,Old sambelum Tribe,Fertile Crescent,111,Grinding Stones,21
-5000,initial,31,Old sambelum Tribe,Fertile Crescent,112,Proto-cultivation,21
-5000,initial,31,Old sambelum Tribe,Fertile Crescent,113,Sedentism,21
-5000,initial,31,Old sambelum Tribe,Fertile Crescent,114,Enclosures and Herd Management,21
-5000,initial,31,Old sambelum Tribe,Fertile Crescent,115,Counting Tokens and Tallies,21
-5000,initial,31,Old sambelum Tribe,Fertile Crescent,116,Charcoal Firing,21
-5000,initial,31,Old sambelum Tribe,Fertile Crescent,1,Pottery,21
-5000,initial,31,Old sambelum Tribe,Fertile Crescent,119,Native Copper Working,21
-5000,initial,31,Old sambelum Tribe,Fertile Crescent,2,Animal Husbandry,21
-5000,initial,31,Old sambelum Tribe,Fertile Crescent,4,Mining,21
-5000,initial,31,Old sambelum Tribe,Fertile Crescent,20,Agriculture,21
-5000,initial,31,Old sambelum Tribe,Fertile Crescent,3,Archery,21
-5000,initial,31,Old sambelum Tribe,Fertile Crescent,6,Calendar,21
-5000,initial,31,Old sambelum Tribe,Fertile Crescent,10,Irrigation,21
-5000,initial,32,Great aresh Tribe,Fertile Crescent,100,Cordage and Knots,21
-5000,initial,32,Great aresh Tribe,Fertile Crescent,101,Hide Working and Tailored Clothing,21
-5000,initial,32,Great aresh Tribe,Fertile Crescent,102,Hafted Stone Tools,21
-5000,initial,32,Great aresh Tribe,Fertile Crescent,105,Food Preservation,21
-5000,initial,32,Great aresh Tribe,Fertile Crescent,106,Storage Pits and Containers,21
-5000,initial,32,Great aresh Tribe,Fertile Crescent,107,Seasonal Aggregation Camps,21
-5000,initial,32,Great aresh Tribe,Fertile Crescent,110,Dog Domestication,21
-5000,initial,32,Great aresh Tribe,Fertile Crescent,111,Grinding Stones,21
-5000,initial,32,Great aresh Tribe,Fertile Crescent,112,Proto-cultivation,21
-5000,initial,32,Great aresh Tribe,Fertile Crescent,113,Sedentism,21
-5000,initial,32,Great aresh Tribe,Fertile Crescent,114,Enclosures and Herd Management,21
-5000,initial,32,Great aresh Tribe,Fertile Crescent,115,Counting Tokens and Tallies,21
-5000,initial,32,Great aresh Tribe,Fertile Crescent,116,Charcoal Firing,21
-5000,initial,32,Great aresh Tribe,Fertile Crescent,1,Pottery,21
-5000,initial,32,Great aresh Tribe,Fertile Crescent,119,Native Copper Working,21
-5000,initial,32,Great aresh Tribe,Fertile Crescent,2,Animal Husbandry,21
-5000,initial,32,Great aresh Tribe,Fertile Crescent,4,Mining,21
-5000,initial,32,Great aresh Tribe,Fertile Crescent,20,Agriculture,21
-5000,initial,32,Great aresh Tribe,Fertile Crescent,3,Archery,21
-5000,initial,32,Great aresh Tribe,Fertile Crescent,6,Calendar,21
-5000,initial,32,Great aresh Tribe,Fertile Crescent,10,Irrigation,21
-5000,initial,33,Great samashtaman Tribe,Fertile Crescent,100,Cordage and Knots,21
-5000,initial,33,Great samashtaman Tribe,Fertile Crescent,101,Hide Working and Tailored Clothing,21
-5000,initial,33,Great samashtaman Tribe,Fertile Crescent,102,Hafted Stone Tools,21
-5000,initial,33,Great samashtaman Tribe,Fertile Crescent,105,Food Preservation,21
-5000,initial,33,Great samashtaman Tribe,Fertile Crescent,106,Storage Pits and Containers,21
-5000,initial,33,Great samashtaman Tribe,Fertile Crescent,107,Seasonal Aggregation Camps,21
-5000,initial,33,Great samashtaman Tribe,Fertile Crescent,110,Dog Domestication,21
-5000,initial,33,Great samashtaman Tribe,Fertile Crescent,111,Grinding Stones,21
-5000,initial,33,Great samashtaman Tribe,Fertile Crescent,112,Proto-cultivation,21
-5000,initial,33,Great samashtaman Tribe,Fertile Crescent,113,Sedentism,21
-5000,initial,33,Great samashtaman Tribe,Fertile Crescent,114,Enclosures and Herd Management,21
-5000,initial,33,Great samashtaman Tribe,Fertile Crescent,115,Counting Tokens and Tallies,21
-5000,initial,33,Great samashtaman Tribe,Fertile Crescent,116,Charcoal Firing,21
-5000,initial,33,Great samashtaman Tribe,Fertile Crescent,1,Pottery,21
-5000,initial,33,Great samashtaman Tribe,Fertile Crescent,119,Native Copper Working,21
-5000,initial,33,Great samashtaman Tribe,Fertile Crescent,2,Animal Husbandry,21
-5000,initial,33,Great samashtaman Tribe,Fertile Crescent,4,Mining,21
-5000,initial,33,Great samashtaman Tribe,Fertile Crescent,20,Agriculture,21
-5000,initial,33,Great samashtaman Tribe,Fertile Crescent,3,Archery,21
-5000,initial,33,Great samashtaman Tribe,Fertile Crescent,6,Calendar,21
-5000,initial,33,Great samashtaman Tribe,Fertile Crescent,10,Irrigation,21
-5000,initial,34,Great belbarnin Tribe,Fertile Crescent,100,Cordage and Knots,21
-5000,initial,34,Great belbarnin Tribe,Fertile Crescent,101,Hide Working and Tailored Clothing,21
-5000,initial,34,Great belbarnin Tribe,Fertile Crescent,102,Hafted Stone Tools,21
-5000,initial,34,Great belbarnin Tribe,Fertile Crescent,105,Food Preservation,21
-5000,initial,34,Great belbarnin Tribe,Fertile Crescent,106,Storage Pits and Containers,21
-5000,initial,34,Great belbarnin Tribe,Fertile Crescent,107,Seasonal Aggregation Camps,21
-5000,initial,34,Great belbarnin Tribe,Fertile Crescent,110,Dog Domestication,21
-5000,initial,34,Great belbarnin Tribe,Fertile Crescent,111,Grinding Stones,21
-5000,initial,34,Great belbarnin Tribe,Fertile Crescent,112,Proto-cultivation,21
-5000,initial,34,Great belbarnin Tribe,Fertile Crescent,113,Sedentism,21
-5000,initial,34,Great belbarnin Tribe,Fertile Crescent,114,Enclosures and Herd Management,21
-5000,initial,34,Great belbarnin Tribe,Fertile Crescent,115,Counting Tokens and Tallies,21
-5000,initial,34,Great belbarnin Tribe,Fertile Crescent,116,Charcoal Firing,21
-5000,initial,34,Great belbarnin Tribe,Fertile Crescent,1,Pottery,21
-5000,initial,34,Great belbarnin Tribe,Fertile Crescent,119,Native Copper Working,21
-5000,initial,34,Great belbarnin Tribe,Fertile Crescent,2,Animal Husbandry,21
-5000,initial,34,Great belbarnin Tribe,Fertile Crescent,4,Mining,21
-5000,initial,34,Great belbarnin Tribe,Fertile Crescent,20,Agriculture,21
-5000,initial,34,Great belbarnin Tribe,Fertile Crescent,3,Archery,21
-5000,initial,34,Great belbarnin Tribe,Fertile Crescent,6,Calendar,21
-5000,initial,34,Great belbarnin Tribe,Fertile Crescent,10,Irrigation,21
-5000,initial,35,Bareshtamum Tribe,Fertile Crescent,100,Cordage and Knots,21
-5000,initial,35,Bareshtamum Tribe,Fertile Crescent,101,Hide Working and Tailored Clothing,21
-5000,initial,35,Bareshtamum Tribe,Fertile Crescent,102,Hafted Stone Tools,21
-5000,initial,35,Bareshtamum Tribe,Fertile Crescent,105,Food Preservation,21
-5000,initial,35,Bareshtamum Tribe,Fertile Crescent,106,Storage Pits and Containers,21
-5000,initial,35,Bareshtamum Tribe,Fertile Crescent,107,Seasonal Aggregation Camps,21
-5000,initial,35,Bareshtamum Tribe,Fertile Crescent,110,Dog Domestication,21
-5000,initial,35,Bareshtamum Tribe,Fertile Crescent,111,Grinding Stones,21
-5000,initial,35,Bareshtamum Tribe,Fertile Crescent,112,Proto-cultivation,21
-5000,initial,35,Bareshtamum Tribe,Fertile Crescent,113,Sedentism,21
-5000,initial,35,Bareshtamum Tribe,Fertile Crescent,114,Enclosures and Herd Management,21
-5000,initial,35,Bareshtamum Tribe,Fertile Crescent,115,Counting Tokens and Tallies,21
-5000,initial,35,Bareshtamum Tribe,Fertile Crescent,116,Charcoal Firing,21
-5000,initial,35,Bareshtamum Tribe,Fertile Crescent,1,Pottery,21
-5000,initial,35,Bareshtamum Tribe,Fertile Crescent,119,Native Copper Working,21
-5000,initial,35,Bareshtamum Tribe,Fertile Crescent,2,Animal Husbandry,21
-5000,initial,35,Bareshtamum Tribe,Fertile Crescent,4,Mining,21
-5000,initial,35,Bareshtamum Tribe,Fertile Crescent,20,Agriculture,21
-5000,initial,35,Bareshtamum Tribe,Fertile Crescent,3,Archery,21
-5000,initial,35,Bareshtamum Tribe,Fertile Crescent,6,Calendar,21
-5000,initial,35,Bareshtamum Tribe,Fertile Crescent,10,Irrigation,21
-5000,initial,36,Old arashninad Tribe,Fertile Crescent,100,Cordage and Knots,21
-5000,initial,36,Old arashninad Tribe,Fertile Crescent,101,Hide Working and Tailored Clothing,21
-5000,initial,36,Old arashninad Tribe,Fertile Crescent,102,Hafted Stone Tools,21
-5000,initial,36,Old arashninad Tribe,Fertile Crescent,105,Food Preservation,21
-5000,initial,36,Old arashninad Tribe,Fertile Crescent,106,Storage Pits and Containers,21
-5000,initial,36,Old arashninad Tribe,Fertile Crescent,107,Seasonal Aggregation Camps,21
-5000,initial,36,Old arashninad Tribe,Fertile Crescent,110,Dog Domestication,21
-5000,initial,36,Old arashninad Tribe,Fertile Crescent,111,Grinding Stones,21
-5000,initial,36,Old arashninad Tribe,Fertile Crescent,112,Proto-cultivation,21
-5000,initial,36,Old arashninad Tribe,Fertile Crescent,113,Sedentism,21
-5000,initial,36,Old arashninad Tribe,Fertile Crescent,114,Enclosures and Herd Management,21
-5000,initial,36,Old arashninad Tribe,Fertile Crescent,115,Counting Tokens and Tallies,21
-5000,initial,36,Old arashninad Tribe,Fertile Crescent,116,Charcoal Firing,21
-5000,initial,36,Old arashninad Tribe,Fertile Crescent,1,Pottery,21
-5000,initial,36,Old arashninad Tribe,Fertile Crescent,119,Native Copper Working,21
-5000,initial,36,Old arashninad Tribe,Fertile Crescent,2,Animal Husbandry,21
-5000,initial,36,Old arashninad Tribe,Fertile Crescent,4,Mining,21
-5000,initial,36,Old arashninad Tribe,Fertile Crescent,20,Agriculture,21
-5000,initial,36,Old arashninad Tribe,Fertile Crescent,3,Archery,21
-5000,initial,36,Old arashninad Tribe,Fertile Crescent,6,Calendar,21
-5000,initial,36,Old arashninad Tribe,Fertile Crescent,10,Irrigation,21
-5000,initial,37,North ninsameshum Tribe,Fertile Crescent,100,Cordage and Knots,21
-5000,initial,37,North ninsameshum Tribe,Fertile Crescent,101,Hide Working and Tailored Clothing,21
-5000,initial,37,North ninsameshum Tribe,Fertile Crescent,102,Hafted Stone Tools,21
-5000,initial,37,North ninsameshum Tribe,Fertile Crescent,105,Food Preservation,21
-5000,initial,37,North ninsameshum Tribe,Fertile Crescent,106,Storage Pits and Containers,21
-5000,initial,37,North ninsameshum Tribe,Fertile Crescent,107,Seasonal Aggregation Camps,21
-5000,initial,37,North ninsameshum Tribe,Fertile Crescent,110,Dog Domestication,21
-5000,initial,37,North ninsameshum Tribe,Fertile Crescent,111,Grinding Stones,21
-5000,initial,37,North ninsameshum Tribe,Fertile Crescent,112,Proto-cultivation,21
-5000,initial,37,North ninsameshum Tribe,Fertile Crescent,113,Sedentism,21
-5000,initial,37,North ninsameshum Tribe,Fertile Crescent,114,Enclosures and Herd Management,21
-5000,initial,37,North ninsameshum Tribe,Fertile Crescent,115,Counting Tokens and Tallies,21
-5000,initial,37,North ninsameshum Tribe,Fertile Crescent,116,Charcoal Firing,21
-5000,initial,37,North ninsameshum Tribe,Fertile Crescent,1,Pottery,21
-5000,initial,37,North ninsameshum Tribe,Fertile Crescent,119,Native Copper Working,21
-5000,initial,37,North ninsameshum Tribe,Fertile Crescent,2,Animal Husbandry,21
-5000,initial,37,North ninsameshum Tribe,Fertile Crescent,4,Mining,21
-5000,initial,37,North ninsameshum Tribe,Fertile Crescent,20,Agriculture,21
-5000,initial,37,North ninsameshum Tribe,Fertile Crescent,3,Archery,21
-5000,initial,37,North ninsameshum Tribe,Fertile Crescent,6,Calendar,21
-5000,initial,37,North ninsameshum Tribe,Fertile Crescent,10,Irrigation,21
-5000,initial,38,Old ninsamtamad Tribe,Fertile Crescent,100,Cordage and Knots,21
-5000,initial,38,Old ninsamtamad Tribe,Fertile Crescent,101,Hide Working and Tailored Clothing,21
-5000,initial,38,Old ninsamtamad Tribe,Fertile Crescent,102,Hafted Stone Tools,21
-5000,initial,38,Old ninsamtamad Tribe,Fertile Crescent,105,Food Preservation,21
-5000,initial,38,Old ninsamtamad Tribe,Fertile Crescent,106,Storage Pits and Containers,21
-5000,initial,38,Old ninsamtamad Tribe,Fertile Crescent,107,Seasonal Aggregation Camps,21
-5000,initial,38,Old ninsamtamad Tribe,Fertile Crescent,110,Dog Domestication,21
-5000,initial,38,Old ninsamtamad Tribe,Fertile Crescent,111,Grinding Stones,21
-5000,initial,38,Old ninsamtamad Tribe,Fertile Crescent,112,Proto-cultivation,21
-5000,initial,38,Old ninsamtamad Tribe,Fertile Crescent,113,Sedentism,21
-5000,initial,38,Old ninsamtamad Tribe,Fertile Crescent,114,Enclosures and Herd Management,21
-5000,initial,38,Old ninsamtamad Tribe,Fertile Crescent,115,Counting Tokens and Tallies,21
-5000,initial,38,Old ninsamtamad Tribe,Fertile Crescent,116,Charcoal Firing,21
-5000,initial,38,Old ninsamtamad Tribe,Fertile Crescent,1,Pottery,21
-5000,initial,38,Old ninsamtamad Tribe,Fertile Crescent,119,Native Copper Working,21
-5000,initial,38,Old ninsamtamad Tribe,Fertile Crescent,2,Animal Husbandry,21
-5000,initial,38,Old ninsamtamad Tribe,Fertile Crescent,4,Mining,21
-5000,initial,38,Old ninsamtamad Tribe,Fertile Crescent,20,Agriculture,21
-5000,initial,38,Old ninsamtamad Tribe,Fertile Crescent,3,Archery,21
-5000,initial,38,Old ninsamtamad Tribe,Fertile Crescent,6,Calendar,21
-5000,initial,38,Old ninsamtamad Tribe,Fertile Crescent,10,Irrigation,21
-5000,initial,39,Old nazengargrad Tribe,Monsoon Coastal,100,Cordage and Knots,20
-5000,initial,39,Old nazengargrad Tribe,Monsoon Coastal,101,Hide Working and Tailored Clothing,20
-5000,initial,39,Old nazengargrad Tribe,Monsoon Coastal,102,Hafted Stone Tools,20
-5000,initial,39,Old nazengargrad Tribe,Monsoon Coastal,104,Fishing Technology,20
-5000,initial,39,Old nazengargrad Tribe,Monsoon Coastal,105,Food Preservation,20
-5000,initial,39,Old nazengargrad Tribe,Monsoon Coastal,106,Storage Pits and Containers,20
-5000,initial,39,Old nazengargrad Tribe,Monsoon Coastal,107,Seasonal Aggregation Camps,20
-5000,initial,39,Old nazengargrad Tribe,Monsoon Coastal,108,Watercraft,20
-5000,initial,39,Old nazengargrad Tribe,Monsoon Coastal,110,Dog Domestication,20
-5000,initial,39,Old nazengargrad Tribe,Monsoon Coastal,111,Grinding Stones,20
-5000,initial,39,Old nazengargrad Tribe,Monsoon Coastal,112,Proto-cultivation,20
-5000,initial,39,Old nazengargrad Tribe,Monsoon Coastal,113,Sedentism,20
-5000,initial,39,Old nazengargrad Tribe,Monsoon Coastal,114,Enclosures and Herd Management,20
-5000,initial,39,Old nazengargrad Tribe,Monsoon Coastal,116,Charcoal Firing,20
-5000,initial,39,Old nazengargrad Tribe,Monsoon Coastal,1,Pottery,20
-5000,initial,39,Old nazengargrad Tribe,Monsoon Coastal,2,Animal Husbandry,20
-5000,initial,39,Old nazengargrad Tribe,Monsoon Coastal,20,Agriculture,20
-5000,initial,39,Old nazengargrad Tribe,Monsoon Coastal,3,Archery,20
-5000,initial,39,Old nazengargrad Tribe,Monsoon Coastal,5,Sailing,20
-5000,initial,39,Old nazengargrad Tribe,Monsoon Coastal,6,Calendar,20
-5000,initial,40,South terdusviagrad Tribe,Monsoon Coastal,100,Cordage and Knots,20
-5000,initial,40,South terdusviagrad Tribe,Monsoon Coastal,101,Hide Working and Tailored Clothing,20
-5000,initial,40,South terdusviagrad Tribe,Monsoon Coastal,102,Hafted Stone Tools,20
-5000,initial,40,South terdusviagrad Tribe,Monsoon Coastal,104,Fishing Technology,20
-5000,initial,40,South terdusviagrad Tribe,Monsoon Coastal,105,Food Preservation,20
-5000,initial,40,South terdusviagrad Tribe,Monsoon Coastal,106,Storage Pits and Containers,20
-5000,initial,40,South terdusviagrad Tribe,Monsoon Coastal,107,Seasonal Aggregation Camps,20
-5000,initial,40,South terdusviagrad Tribe,Monsoon Coastal,108,Watercraft,20
-5000,initial,40,South terdusviagrad Tribe,Monsoon Coastal,110,Dog Domestication,20
-5000,initial,40,South terdusviagrad Tribe,Monsoon Coastal,111,Grinding Stones,20
-5000,initial,40,South terdusviagrad Tribe,Monsoon Coastal,112,Proto-cultivation,20
-5000,initial,40,South terdusviagrad Tribe,Monsoon Coastal,113,Sedentism,20
-5000,initial,40,South terdusviagrad Tribe,Monsoon Coastal,114,Enclosures and Herd Management,20
-5000,initial,40,South terdusviagrad Tribe,Monsoon Coastal,116,Charcoal Firing,20
-5000,initial,40,South terdusviagrad Tribe,Monsoon Coastal,1,Pottery,20
-5000,initial,40,South terdusviagrad Tribe,Monsoon Coastal,2,Animal Husbandry,20
-5000,initial,40,South terdusviagrad Tribe,Monsoon Coastal,20,Agriculture,20
-5000,initial,40,South terdusviagrad Tribe,Monsoon Coastal,3,Archery,20
-5000,initial,40,South terdusviagrad Tribe,Monsoon Coastal,5,Sailing,20
-5000,initial,40,South terdusviagrad Tribe,Monsoon Coastal,6,Calendar,20
-5000,initial,41,Nalingrad Tribe,Monsoon Coastal,100,Cordage and Knots,20
-5000,initial,41,Nalingrad Tribe,Monsoon Coastal,101,Hide Working and Tailored Clothing,20
-5000,initial,41,Nalingrad Tribe,Monsoon Coastal,102,Hafted Stone Tools,20
-5000,initial,41,Nalingrad Tribe,Monsoon Coastal,104,Fishing Technology,20
-5000,initial,41,Nalingrad Tribe,Monsoon Coastal,105,Food Preservation,20
-5000,initial,41,Nalingrad Tribe,Monsoon Coastal,106,Storage Pits and Containers,20
-5000,initial,41,Nalingrad Tribe,Monsoon Coastal,107,Seasonal Aggregation Camps,20
-5000,initial,41,Nalingrad Tribe,Monsoon Coastal,108,Watercraft,20
-5000,initial,41,Nalingrad Tribe,Monsoon Coastal,110,Dog Domestication,20
-5000,initial,41,Nalingrad Tribe,Monsoon Coastal,111,Grinding Stones,20
-5000,initial,41,Nalingrad Tribe,Monsoon Coastal,112,Proto-cultivation,20
-5000,initial,41,Nalingrad Tribe,Monsoon Coastal,113,Sedentism,20
-5000,initial,41,Nalingrad Tribe,Monsoon Coastal,114,Enclosures and Herd Management,20
-5000,initial,41,Nalingrad Tribe,Monsoon Coastal,116,Charcoal Firing,20
-5000,initial,41,Nalingrad Tribe,Monsoon Coastal,1,Pottery,20
-5000,initial,41,Nalingrad Tribe,Monsoon Coastal,2,Animal Husbandry,20
-5000,initial,41,Nalingrad Tribe,Monsoon Coastal,20,Agriculture,20
-5000,initial,41,Nalingrad Tribe,Monsoon Coastal,3,Archery,20
-5000,initial,41,Nalingrad Tribe,Monsoon Coastal,5,Sailing,20
-5000,initial,41,Nalingrad Tribe,Monsoon Coastal,6,Calendar,20
-5000,initial,42,New nalinvialand Tribe,Monsoon Coastal,100,Cordage and Knots,20
-5000,initial,42,New nalinvialand Tribe,Monsoon Coastal,101,Hide Working and Tailored Clothing,20
-5000,initial,42,New nalinvialand Tribe,Monsoon Coastal,102,Hafted Stone Tools,20
-5000,initial,42,New nalinvialand Tribe,Monsoon Coastal,104,Fishing Technology,20
-5000,initial,42,New nalinvialand Tribe,Monsoon Coastal,105,Food Preservation,20
-5000,initial,42,New nalinvialand Tribe,Monsoon Coastal,106,Storage Pits and Containers,20
-5000,initial,42,New nalinvialand Tribe,Monsoon Coastal,107,Seasonal Aggregation Camps,20
-5000,initial,42,New nalinvialand Tribe,Monsoon Coastal,108,Watercraft,20
-5000,initial,42,New nalinvialand Tribe,Monsoon Coastal,110,Dog Domestication,20
-5000,initial,42,New nalinvialand Tribe,Monsoon Coastal,111,Grinding Stones,20
-5000,initial,42,New nalinvialand Tribe,Monsoon Coastal,112,Proto-cultivation,20
-5000,initial,42,New nalinvialand Tribe,Monsoon Coastal,113,Sedentism,20
-5000,initial,42,New nalinvialand Tribe,Monsoon Coastal,114,Enclosures and Herd Management,20
-5000,initial,42,New nalinvialand Tribe,Monsoon Coastal,116,Charcoal Firing,20
-5000,initial,42,New nalinvialand Tribe,Monsoon Coastal,1,Pottery,20
-5000,initial,42,New nalinvialand Tribe,Monsoon Coastal,2,Animal Husbandry,20
-5000,initial,42,New nalinvialand Tribe,Monsoon Coastal,20,Agriculture,20
-5000,initial,42,New nalinvialand Tribe,Monsoon Coastal,3,Archery,20
-5000,initial,42,New nalinvialand Tribe,Monsoon Coastal,5,Sailing,20
-5000,initial,42,New nalinvialand Tribe,Monsoon Coastal,6,Calendar,20
-5000,initial,43,Old quisolbel Tribe,Monsoon Coastal,100,Cordage and Knots,20
-5000,initial,43,Old quisolbel Tribe,Monsoon Coastal,101,Hide Working and Tailored Clothing,20
-5000,initial,43,Old quisolbel Tribe,Monsoon Coastal,102,Hafted Stone Tools,20
-5000,initial,43,Old quisolbel Tribe,Monsoon Coastal,104,Fishing Technology,20
-5000,initial,43,Old quisolbel Tribe,Monsoon Coastal,105,Food Preservation,20
-5000,initial,43,Old quisolbel Tribe,Monsoon Coastal,106,Storage Pits and Containers,20
-5000,initial,43,Old quisolbel Tribe,Monsoon Coastal,107,Seasonal Aggregation Camps,20
-5000,initial,43,Old quisolbel Tribe,Monsoon Coastal,108,Watercraft,20
-5000,initial,43,Old quisolbel Tribe,Monsoon Coastal,110,Dog Domestication,20
-5000,initial,43,Old quisolbel Tribe,Monsoon Coastal,111,Grinding Stones,20
-5000,initial,43,Old quisolbel Tribe,Monsoon Coastal,112,Proto-cultivation,20
-5000,initial,43,Old quisolbel Tribe,Monsoon Coastal,113,Sedentism,20
-5000,initial,43,Old quisolbel Tribe,Monsoon Coastal,114,Enclosures and Herd Management,20
-5000,initial,43,Old quisolbel Tribe,Monsoon Coastal,116,Charcoal Firing,20
-5000,initial,43,Old quisolbel Tribe,Monsoon Coastal,1,Pottery,20
-5000,initial,43,Old quisolbel Tribe,Monsoon Coastal,2,Animal Husbandry,20
-5000,initial,43,Old quisolbel Tribe,Monsoon Coastal,20,Agriculture,20
-5000,initial,43,Old quisolbel Tribe,Monsoon Coastal,3,Archery,20
-5000,initial,43,Old quisolbel Tribe,Monsoon Coastal,5,Sailing,20
-5000,initial,43,Old quisolbel Tribe,Monsoon Coastal,6,Calendar,20
-5000,initial,44,Great kinrannaia Tribe,Monsoon Coastal,100,Cordage and Knots,20
-5000,initial,44,Great kinrannaia Tribe,Monsoon Coastal,101,Hide Working and Tailored Clothing,20
-5000,initial,44,Great kinrannaia Tribe,Monsoon Coastal,102,Hafted Stone Tools,20
-5000,initial,44,Great kinrannaia Tribe,Monsoon Coastal,104,Fishing Technology,20
-5000,initial,44,Great kinrannaia Tribe,Monsoon Coastal,105,Food Preservation,20
-5000,initial,44,Great kinrannaia Tribe,Monsoon Coastal,106,Storage Pits and Containers,20
-5000,initial,44,Great kinrannaia Tribe,Monsoon Coastal,107,Seasonal Aggregation Camps,20
-5000,initial,44,Great kinrannaia Tribe,Monsoon Coastal,108,Watercraft,20
-5000,initial,44,Great kinrannaia Tribe,Monsoon Coastal,110,Dog Domestication,20
-5000,initial,44,Great kinrannaia Tribe,Monsoon Coastal,111,Grinding Stones,20
-5000,initial,44,Great kinrannaia Tribe,Monsoon Coastal,112,Proto-cultivation,20
-5000,initial,44,Great kinrannaia Tribe,Monsoon Coastal,113,Sedentism,20
-5000,initial,44,Great kinrannaia Tribe,Monsoon Coastal,114,Enclosures and Herd Management,20
-5000,initial,44,Great kinrannaia Tribe,Monsoon Coastal,116,Charcoal Firing,20
-5000,initial,44,Great kinrannaia Tribe,Monsoon Coastal,1,Pottery,20
-5000,initial,44,Great kinrannaia Tribe,Monsoon Coastal,2,Animal Husbandry,20
-5000,initial,44,Great kinrannaia Tribe,Monsoon Coastal,20,Agriculture,20
-5000,initial,44,Great kinrannaia Tribe,Monsoon Coastal,3,Archery,20
-5000,initial,44,Great kinrannaia Tribe,Monsoon Coastal,5,Sailing,20
-5000,initial,44,Great kinrannaia Tribe,Monsoon Coastal,6,Calendar,20
-5000,initial,45,Old kinlinia Tribe,Steppe Nomadic,100,Cordage and Knots,14
-5000,initial,45,Old kinlinia Tribe,Steppe Nomadic,101,Hide Working and Tailored Clothing,14
-5000,initial,45,Old kinlinia Tribe,Steppe Nomadic,102,Hafted Stone Tools,14
-5000,initial,45,Old kinlinia Tribe,Steppe Nomadic,105,Food Preservation,14
-5000,initial,45,Old kinlinia Tribe,Steppe Nomadic,106,Storage Pits and Containers,14
-5000,initial,45,Old kinlinia Tribe,Steppe Nomadic,107,Seasonal Aggregation Camps,14
-5000,initial,45,Old kinlinia Tribe,Steppe Nomadic,110,Dog Domestication,14
-5000,initial,45,Old kinlinia Tribe,Steppe Nomadic,111,Grinding Stones,14
-5000,initial,45,Old kinlinia Tribe,Steppe Nomadic,113,Sedentism,14
-5000,initial,45,Old kinlinia Tribe,Steppe Nomadic,114,Enclosures and Herd Management,14
-5000,initial,45,Old kinlinia Tribe,Steppe Nomadic,2,Animal Husbandry,14
-5000,initial,45,Old kinlinia Tribe,Steppe Nomadic,4,Mining,14
-5000,initial,45,Old kinlinia Tribe,Steppe Nomadic,3,Archery,14
-5000,initial,45,Old kinlinia Tribe,Steppe Nomadic,6,Calendar,14
-5000,initial,46,North ternalorland Tribe,Steppe Nomadic,100,Cordage and Knots,14
-5000,initial,46,North ternalorland Tribe,Steppe Nomadic,101,Hide Working and Tailored Clothing,14
-5000,initial,46,North ternalorland Tribe,Steppe Nomadic,102,Hafted Stone Tools,14
-5000,initial,46,North ternalorland Tribe,Steppe Nomadic,105,Food Preservation,14
-5000,initial,46,North ternalorland Tribe,Steppe Nomadic,106,Storage Pits and Containers,14
-5000,initial,46,North ternalorland Tribe,Steppe Nomadic,107,Seasonal Aggregation Camps,14
-5000,initial,46,North ternalorland Tribe,Steppe Nomadic,110,Dog Domestication,14
-5000,initial,46,North ternalorland Tribe,Steppe Nomadic,111,Grinding Stones,14
-5000,initial,46,North ternalorland Tribe,Steppe Nomadic,113,Sedentism,14
-5000,initial,46,North ternalorland Tribe,Steppe Nomadic,114,Enclosures and Herd Management,14
-5000,initial,46,North ternalorland Tribe,Steppe Nomadic,2,Animal Husbandry,14
-5000,initial,46,North ternalorland Tribe,Steppe Nomadic,4,Mining,14
-5000,initial,46,North ternalorland Tribe,Steppe Nomadic,3,Archery,14
-5000,initial,46,North ternalorland Tribe,Steppe Nomadic,6,Calendar,14
-5000,initial,47,Great dusbel Tribe,Steppe Nomadic,100,Cordage and Knots,14
-5000,initial,47,Great dusbel Tribe,Steppe Nomadic,101,Hide Working and Tailored Clothing,14
-5000,initial,47,Great dusbel Tribe,Steppe Nomadic,102,Hafted Stone Tools,14
-5000,initial,47,Great dusbel Tribe,Steppe Nomadic,105,Food Preservation,14
-5000,initial,47,Great dusbel Tribe,Steppe Nomadic,106,Storage Pits and Containers,14
-5000,initial,47,Great dusbel Tribe,Steppe Nomadic,107,Seasonal Aggregation Camps,14
-5000,initial,47,Great dusbel Tribe,Steppe Nomadic,110,Dog Domestication,14
-5000,initial,47,Great dusbel Tribe,Steppe Nomadic,111,Grinding Stones,14
-5000,initial,47,Great dusbel Tribe,Steppe Nomadic,113,Sedentism,14
-5000,initial,47,Great dusbel Tribe,Steppe Nomadic,114,Enclosures and Herd Management,14
-5000,initial,47,Great dusbel Tribe,Steppe Nomadic,2,Animal Husbandry,14
-5000,initial,47,Great dusbel Tribe,Steppe Nomadic,4,Mining,14
-5000,initial,47,Great dusbel Tribe,Steppe Nomadic,3,Archery,14
-5000,initial,47,Great dusbel Tribe,Steppe Nomadic,6,Calendar,14
-5000,initial,48,Chibarkaa Tribe,Nile Floodplain,100,Cordage and Knots,19
-5000,initial,48,Chibarkaa Tribe,Nile Floodplain,101,Hide Working and Tailored Clothing,19
-5000,initial,48,Chibarkaa Tribe,Nile Floodplain,102,Hafted Stone Tools,19
-5000,initial,48,Chibarkaa Tribe,Nile Floodplain,105,Food Preservation,19
-5000,initial,48,Chibarkaa Tribe,Nile Floodplain,106,Storage Pits and Containers,19
-5000,initial,48,Chibarkaa Tribe,Nile Floodplain,107,Seasonal Aggregation Camps,19
-5000,initial,48,Chibarkaa Tribe,Nile Floodplain,110,Dog Domestication,19
-5000,initial,48,Chibarkaa Tribe,Nile Floodplain,111,Grinding Stones,19
-5000,initial,48,Chibarkaa Tribe,Nile Floodplain,112,Proto-cultivation,19
-5000,initial,48,Chibarkaa Tribe,Nile Floodplain,113,Sedentism,19
-5000,initial,48,Chibarkaa Tribe,Nile Floodplain,114,Enclosures and Herd Management,19
-5000,initial,48,Chibarkaa Tribe,Nile Floodplain,115,Counting Tokens and Tallies,19
-5000,initial,48,Chibarkaa Tribe,Nile Floodplain,116,Charcoal Firing,19
-5000,initial,48,Chibarkaa Tribe,Nile Floodplain,1,Pottery,19
-5000,initial,48,Chibarkaa Tribe,Nile Floodplain,2,Animal Husbandry,19
-5000,initial,48,Chibarkaa Tribe,Nile Floodplain,20,Agriculture,19
-5000,initial,48,Chibarkaa Tribe,Nile Floodplain,3,Archery,19
-5000,initial,48,Chibarkaa Tribe,Nile Floodplain,6,Calendar,19
-5000,initial,48,Chibarkaa Tribe,Nile Floodplain,10,Irrigation,19
-5000,initial,49,North kachitana Tribe,Nile Floodplain,100,Cordage and Knots,19
-5000,initial,49,North kachitana Tribe,Nile Floodplain,101,Hide Working and Tailored Clothing,19
-5000,initial,49,North kachitana Tribe,Nile Floodplain,102,Hafted Stone Tools,19
-5000,initial,49,North kachitana Tribe,Nile Floodplain,105,Food Preservation,19
-5000,initial,49,North kachitana Tribe,Nile Floodplain,106,Storage Pits and Containers,19
-5000,initial,49,North kachitana Tribe,Nile Floodplain,107,Seasonal Aggregation Camps,19
-5000,initial,49,North kachitana Tribe,Nile Floodplain,110,Dog Domestication,19
-5000,initial,49,North kachitana Tribe,Nile Floodplain,111,Grinding Stones,19
-5000,initial,49,North kachitana Tribe,Nile Floodplain,112,Proto-cultivation,19
-5000,initial,49,North kachitana Tribe,Nile Floodplain,113,Sedentism,19
-5000,initial,49,North kachitana Tribe,Nile Floodplain,114,Enclosures and Herd Management,19
-5000,initial,49,North kachitana Tribe,Nile Floodplain,115,Counting Tokens and Tallies,19
-5000,initial,49,North kachitana Tribe,Nile Floodplain,116,Charcoal Firing,19
-5000,initial,49,North kachitana Tribe,Nile Floodplain,1,Pottery,19
-5000,initial,49,North kachitana Tribe,Nile Floodplain,2,Animal Husbandry,19
-5000,initial,49,North kachitana Tribe,Nile Floodplain,20,Agriculture,19
-5000,initial,49,North kachitana Tribe,Nile Floodplain,3,Archery,19
-5000,initial,49,North kachitana Tribe,Nile Floodplain,6,Calendar,19
-5000,initial,49,North kachitana Tribe,Nile Floodplain,10,Irrigation,19
-5000,initial,50,New kabarngoene Tribe,North Saharan,100,Cordage and Knots,19
-5000,initial,50,New kabarngoene Tribe,North Saharan,101,Hide Working and Tailored Clothing,19
-5000,initial,50,New kabarngoene Tribe,North Saharan,102,Hafted Stone Tools,19
-5000,initial,50,New kabarngoene Tribe,North Saharan,105,Food Preservation,19
-5000,initial,50,New kabarngoene Tribe,North Saharan,106,Storage Pits and Containers,19
-5000,initial,50,New kabarngoene Tribe,North Saharan,107,Seasonal Aggregation Camps,19
-5000,initial,50,New kabarngoene Tribe,North Saharan,110,Dog Domestication,19
-5000,initial,50,New kabarngoene Tribe,North Saharan,111,Grinding Stones,19
-5000,initial,50,New kabarngoene Tribe,North Saharan,112,Proto-cultivation,19
-5000,initial,50,New kabarngoene Tribe,North Saharan,113,Sedentism,19
-5000,initial,50,New kabarngoene Tribe,North Saharan,114,Enclosures and Herd Management,19
-5000,initial,50,New kabarngoene Tribe,North Saharan,115,Counting Tokens and Tallies,19
-5000,initial,50,New kabarngoene Tribe,North Saharan,116,Charcoal Firing,19
-5000,initial,50,New kabarngoene Tribe,North Saharan,1,Pottery,19
-5000,initial,50,New kabarngoene Tribe,North Saharan,2,Animal Husbandry,19
-5000,initial,50,New kabarngoene Tribe,North Saharan,4,Mining,19
-5000,initial,50,New kabarngoene Tribe,North Saharan,20,Agriculture,19
-5000,initial,50,New kabarngoene Tribe,North Saharan,3,Archery,19
-5000,initial,50,New kabarngoene Tribe,North Saharan,6,Calendar,19
-5000,initial,51,New ngoma Tribe,West Sahel,100,Cordage and Knots,15
-5000,initial,51,New ngoma Tribe,West Sahel,101,Hide Working and Tailored Clothing,15
-5000,initial,51,New ngoma Tribe,West Sahel,102,Hafted Stone Tools,15
-5000,initial,51,New ngoma Tribe,West Sahel,105,Food Preservation,15
-5000,initial,51,New ngoma Tribe,West Sahel,106,Storage Pits and Containers,15
-5000,initial,51,New ngoma Tribe,West Sahel,107,Seasonal Aggregation Camps,15
-5000,initial,51,New ngoma Tribe,West Sahel,111,Grinding Stones,15
-5000,initial,51,New ngoma Tribe,West Sahel,112,Proto-cultivation,15
-5000,initial,51,New ngoma Tribe,West Sahel,113,Sedentism,15
-5000,initial,51,New ngoma Tribe,West Sahel,116,Charcoal Firing,15
-5000,initial,51,New ngoma Tribe,West Sahel,1,Pottery,15
-5000,initial,51,New ngoma Tribe,West Sahel,4,Mining,15
-5000,initial,51,New ngoma Tribe,West Sahel,20,Agriculture,15
-5000,initial,51,New ngoma Tribe,West Sahel,3,Archery,15
-5000,initial,51,New ngoma Tribe,West Sahel,6,Calendar,15
-5000,initial,52,North lamtansea Tribe,West Sahel,100,Cordage and Knots,15
-5000,initial,52,North lamtansea Tribe,West Sahel,101,Hide Working and Tailored Clothing,15
-5000,initial,52,North lamtansea Tribe,West Sahel,102,Hafted Stone Tools,15
-5000,initial,52,North lamtansea Tribe,West Sahel,105,Food Preservation,15
-5000,initial,52,North lamtansea Tribe,West Sahel,106,Storage Pits and Containers,15
-5000,initial,52,North lamtansea Tribe,West Sahel,107,Seasonal Aggregation Camps,15
-5000,initial,52,North lamtansea Tribe,West Sahel,111,Grinding Stones,15
-5000,initial,52,North lamtansea Tribe,West Sahel,112,Proto-cultivation,15
-5000,initial,52,North lamtansea Tribe,West Sahel,113,Sedentism,15
-5000,initial,52,North lamtansea Tribe,West Sahel,116,Charcoal Firing,15
-5000,initial,52,North lamtansea Tribe,West Sahel,1,Pottery,15
-5000,initial,52,North lamtansea Tribe,West Sahel,4,Mining,15
-5000,initial,52,North lamtansea Tribe,West Sahel,20,Agriculture,15
-5000,initial,52,North lamtansea Tribe,West Sahel,3,Archery,15
-5000,initial,52,North lamtansea Tribe,West Sahel,6,Calendar,15
-5000,initial,53,North chiofisea Tribe,East Horn,100,Cordage and Knots,15
-5000,initial,53,North chiofisea Tribe,East Horn,101,Hide Working and Tailored Clothing,15
-5000,initial,53,North chiofisea Tribe,East Horn,102,Hafted Stone Tools,15
-5000,initial,53,North chiofisea Tribe,East Horn,105,Food Preservation,15
-5000,initial,53,North chiofisea Tribe,East Horn,106,Storage Pits and Containers,15
-5000,initial,53,North chiofisea Tribe,East Horn,107,Seasonal Aggregation Camps,15
-5000,initial,53,North chiofisea Tribe,East Horn,111,Grinding Stones,15
-5000,initial,53,North chiofisea Tribe,East Horn,112,Proto-cultivation,15
-5000,initial,53,North chiofisea Tribe,East Horn,113,Sedentism,15
-5000,initial,53,North chiofisea Tribe,East Horn,116,Charcoal Firing,15
-5000,initial,53,North chiofisea Tribe,East Horn,1,Pottery,15
-5000,initial,53,North chiofisea Tribe,East Horn,4,Mining,15
-5000,initial,53,North chiofisea Tribe,East Horn,20,Agriculture,15
-5000,initial,53,North chiofisea Tribe,East Horn,3,Archery,15
-5000,initial,53,North chiofisea Tribe,East Horn,6,Calendar,15
-5000,initial,54,New lamsese Tribe,East Horn,100,Cordage and Knots,15
-5000,initial,54,New lamsese Tribe,East Horn,101,Hide Working and Tailored Clothing,15
-5000,initial,54,New lamsese Tribe,East Horn,102,Hafted Stone Tools,15
-5000,initial,54,New lamsese Tribe,East Horn,105,Food Preservation,15
-5000,initial,54,New lamsese Tribe,East Horn,106,Storage Pits and Containers,15
-5000,initial,54,New lamsese Tribe,East Horn,107,Seasonal Aggregation Camps,15
-5000,initial,54,New lamsese Tribe,East Horn,111,Grinding Stones,15
-5000,initial,54,New lamsese Tribe,East Horn,112,Proto-cultivation,15
-5000,initial,54,New lamsese Tribe,East Horn,113,Sedentism,15
-5000,initial,54,New lamsese Tribe,East Horn,116,Charcoal Firing,15
-5000,initial,54,New lamsese Tribe,East Horn,1,Pottery,15
-5000,initial,54,New lamsese Tribe,East Horn,4,Mining,15
-5000,initial,54,New lamsese Tribe,East Horn,20,Agriculture,15
-5000,initial,54,New lamsese Tribe,East Horn,3,Archery,15
-5000,initial,54,New lamsese Tribe,East Horn,6,Calendar,15
-5000,initial,55,Great lamngolam Tribe,Central Forest,100,Cordage and Knots,13
-5000,initial,55,Great lamngolam Tribe,Central Forest,101,Hide Working and Tailored Clothing,13
-5000,initial,55,Great lamngolam Tribe,Central Forest,102,Hafted Stone Tools,13
-5000,initial,55,Great lamngolam Tribe,Central Forest,105,Food Preservation,13
-5000,initial,55,Great lamngolam Tribe,Central Forest,106,Storage Pits and Containers,13
-5000,initial,55,Great lamngolam Tribe,Central Forest,107,Seasonal Aggregation Camps,13
-5000,initial,55,Great lamngolam Tribe,Central Forest,111,Grinding Stones,13
-5000,initial,55,Great lamngolam Tribe,Central Forest,113,Sedentism,13
-5000,initial,55,Great lamngolam Tribe,Central Forest,116,Charcoal Firing,13
-5000,initial,55,Great lamngolam Tribe,Central Forest,1,Pottery,13
-5000,initial,55,Great lamngolam Tribe,Central Forest,4,Mining,13
-5000,initial,55,Great lamngolam Tribe,Central Forest,3,Archery,13
-5000,initial,55,Great lamngolam Tribe,Central Forest,6,Calendar,13
-5000,initial,56,Dorromburg Tribe,Mediterranean Highland,100,Cordage and Knots,20
-5000,initial,56,Dorromburg Tribe,Mediterranean Highland,101,Hide Working and Tailored Clothing,20
-5000,initial,56,Dorromburg Tribe,Mediterranean Highland,102,Hafted Stone Tools,20
-5000,initial,56,Dorromburg Tribe,Mediterranean Highland,105,Food Preservation,20
-5000,initial,56,Dorromburg Tribe,Mediterranean Highland,106,Storage Pits and Containers,20
-5000,initial,56,Dorromburg Tribe,Mediterranean Highland,107,Seasonal Aggregation Camps,20
-5000,initial,56,Dorromburg Tribe,Mediterranean Highland,110,Dog Domestication,20
-5000,initial,56,Dorromburg Tribe,Mediterranean Highland,111,Grinding Stones,20
-5000,initial,56,Dorromburg Tribe,Mediterranean Highland,112,Proto-cultivation,20
-5000,initial,56,Dorromburg Tribe,Mediterranean Highland,113,Sedentism,20
-5000,initial,56,Dorromburg Tribe,Mediterranean Highland,114,Enclosures and Herd Management,20
-5000,initial,56,Dorromburg Tribe,Mediterranean Highland,115,Counting Tokens and Tallies,20
-5000,initial,56,Dorromburg Tribe,Mediterranean Highland,116,Charcoal Firing,20
-5000,initial,56,Dorromburg Tribe,Mediterranean Highland,1,Pottery,20
-5000,initial,56,Dorromburg Tribe,Mediterranean Highland,119,Native Copper Working,20
-5000,initial,56,Dorromburg Tribe,Mediterranean Highland,2,Animal Husbandry,20
-5000,initial,56,Dorromburg Tribe,Mediterranean Highland,4,Mining,20
-5000,initial,56,Dorromburg Tribe,Mediterranean Highland,20,Agriculture,20
-5000,initial,56,Dorromburg Tribe,Mediterranean Highland,3,Archery,20
-5000,initial,56,Dorromburg Tribe,Mediterranean Highland,6,Calendar,20
-5000,initial,57,North lentarburg Tribe,Mediterranean Highland,100,Cordage and Knots,20
-5000,initial,57,North lentarburg Tribe,Mediterranean Highland,101,Hide Working and Tailored Clothing,20
-5000,initial,57,North lentarburg Tribe,Mediterranean Highland,102,Hafted Stone Tools,20
-5000,initial,57,North lentarburg Tribe,Mediterranean Highland,105,Food Preservation,20
-5000,initial,57,North lentarburg Tribe,Mediterranean Highland,106,Storage Pits and Containers,20
-5000,initial,57,North lentarburg Tribe,Mediterranean Highland,107,Seasonal Aggregation Camps,20
-5000,initial,57,North lentarburg Tribe,Mediterranean Highland,110,Dog Domestication,20
-5000,initial,57,North lentarburg Tribe,Mediterranean Highland,111,Grinding Stones,20
-5000,initial,57,North lentarburg Tribe,Mediterranean Highland,112,Proto-cultivation,20
-5000,initial,57,North lentarburg Tribe,Mediterranean Highland,113,Sedentism,20
-5000,initial,57,North lentarburg Tribe,Mediterranean Highland,114,Enclosures and Herd Management,20
-5000,initial,57,North lentarburg Tribe,Mediterranean Highland,115,Counting Tokens and Tallies,20
-5000,initial,57,North lentarburg Tribe,Mediterranean Highland,116,Charcoal Firing,20
-5000,initial,57,North lentarburg Tribe,Mediterranean Highland,1,Pottery,20
-5000,initial,57,North lentarburg Tribe,Mediterranean Highland,119,Native Copper Working,20
-5000,initial,57,North lentarburg Tribe,Mediterranean Highland,2,Animal Husbandry,20
-5000,initial,57,North lentarburg Tribe,Mediterranean Highland,4,Mining,20
-5000,initial,57,North lentarburg Tribe,Mediterranean Highland,20,Agriculture,20
-5000,initial,57,North lentarburg Tribe,Mediterranean Highland,3,Archery,20
-5000,initial,57,North lentarburg Tribe,Mediterranean Highland,6,Calendar,20
-5000,initial,58,North karalven Tribe,Mediterranean Urban,100,Cordage and Knots,22
-5000,initial,58,North karalven Tribe,Mediterranean Urban,101,Hide Working and Tailored Clothing,22
-5000,initial,58,North karalven Tribe,Mediterranean Urban,102,Hafted Stone Tools,22
-5000,initial,58,North karalven Tribe,Mediterranean Urban,104,Fishing Technology,22
-5000,initial,58,North karalven Tribe,Mediterranean Urban,105,Food Preservation,22
-5000,initial,58,North karalven Tribe,Mediterranean Urban,106,Storage Pits and Containers,22
-5000,initial,58,North karalven Tribe,Mediterranean Urban,107,Seasonal Aggregation Camps,22
-5000,initial,58,North karalven Tribe,Mediterranean Urban,108,Watercraft,22
-5000,initial,58,North karalven Tribe,Mediterranean Urban,110,Dog Domestication,22
-5000,initial,58,North karalven Tribe,Mediterranean Urban,111,Grinding Stones,22
-5000,initial,58,North karalven Tribe,Mediterranean Urban,112,Proto-cultivation,22
-5000,initial,58,North karalven Tribe,Mediterranean Urban,113,Sedentism,22
-5000,initial,58,North karalven Tribe,Mediterranean Urban,114,Enclosures and Herd Management,22
-5000,initial,58,North karalven Tribe,Mediterranean Urban,115,Counting Tokens and Tallies,22
-5000,initial,58,North karalven Tribe,Mediterranean Urban,116,Charcoal Firing,22
-5000,initial,58,North karalven Tribe,Mediterranean Urban,1,Pottery,22
-5000,initial,58,North karalven Tribe,Mediterranean Urban,2,Animal Husbandry,22
-5000,initial,58,North karalven Tribe,Mediterranean Urban,4,Mining,22
-5000,initial,58,North karalven Tribe,Mediterranean Urban,20,Agriculture,22
-5000,initial,58,North karalven Tribe,Mediterranean Urban,3,Archery,22
-5000,initial,58,North karalven Tribe,Mediterranean Urban,5,Sailing,22
-5000,initial,58,North karalven Tribe,Mediterranean Urban,6,Calendar,22
-5000,initial,59,New karnoralburg Tribe,Mediterranean Urban,100,Cordage and Knots,22
-5000,initial,59,New karnoralburg Tribe,Mediterranean Urban,101,Hide Working and Tailored Clothing,22
-5000,initial,59,New karnoralburg Tribe,Mediterranean Urban,102,Hafted Stone Tools,22
-5000,initial,59,New karnoralburg Tribe,Mediterranean Urban,104,Fishing Technology,22
-5000,initial,59,New karnoralburg Tribe,Mediterranean Urban,105,Food Preservation,22
-5000,initial,59,New karnoralburg Tribe,Mediterranean Urban,106,Storage Pits and Containers,22
-5000,initial,59,New karnoralburg Tribe,Mediterranean Urban,107,Seasonal Aggregation Camps,22
-5000,initial,59,New karnoralburg Tribe,Mediterranean Urban,108,Watercraft,22
-5000,initial,59,New karnoralburg Tribe,Mediterranean Urban,110,Dog Domestication,22
-5000,initial,59,New karnoralburg Tribe,Mediterranean Urban,111,Grinding Stones,22
-5000,initial,59,New karnoralburg Tribe,Mediterranean Urban,112,Proto-cultivation,22
-5000,initial,59,New karnoralburg Tribe,Mediterranean Urban,113,Sedentism,22
-5000,initial,59,New karnoralburg Tribe,Mediterranean Urban,114,Enclosures and Herd Management,22
-5000,initial,59,New karnoralburg Tribe,Mediterranean Urban,115,Counting Tokens and Tallies,22
-5000,initial,59,New karnoralburg Tribe,Mediterranean Urban,116,Charcoal Firing,22
-5000,initial,59,New karnoralburg Tribe,Mediterranean Urban,1,Pottery,22
-5000,initial,59,New karnoralburg Tribe,Mediterranean Urban,2,Animal Husbandry,22
-5000,initial,59,New karnoralburg Tribe,Mediterranean Urban,4,Mining,22
-5000,initial,59,New karnoralburg Tribe,Mediterranean Urban,20,Agriculture,22
-5000,initial,59,New karnoralburg Tribe,Mediterranean Urban,3,Archery,22
-5000,initial,59,New karnoralburg Tribe,Mediterranean Urban,5,Sailing,22
-5000,initial,59,New karnoralburg Tribe,Mediterranean Urban,6,Calendar,22
-5000,initial,60,New seldorland Tribe,Central Plain,100,Cordage and Knots,18
-5000,initial,60,New seldorland Tribe,Central Plain,101,Hide Working and Tailored Clothing,18
-5000,initial,60,New seldorland Tribe,Central Plain,102,Hafted Stone Tools,18
-5000,initial,60,New seldorland Tribe,Central Plain,105,Food Preservation,18
-5000,initial,60,New seldorland Tribe,Central Plain,106,Storage Pits and Containers,18
-5000,initial,60,New seldorland Tribe,Central Plain,107,Seasonal Aggregation Camps,18
-5000,initial,60,New seldorland Tribe,Central Plain,110,Dog Domestication,18
-5000,initial,60,New seldorland Tribe,Central Plain,111,Grinding Stones,18
-5000,initial,60,New seldorland Tribe,Central Plain,112,Proto-cultivation,18
-5000,initial,60,New seldorland Tribe,Central Plain,113,Sedentism,18
-5000,initial,60,New seldorland Tribe,Central Plain,114,Enclosures and Herd Management,18
-5000,initial,60,New seldorland Tribe,Central Plain,116,Charcoal Firing,18
-5000,initial,60,New seldorland Tribe,Central Plain,1,Pottery,18
-5000,initial,60,New seldorland Tribe,Central Plain,2,Animal Husbandry,18
-5000,initial,60,New seldorland Tribe,Central Plain,4,Mining,18
-5000,initial,60,New seldorland Tribe,Central Plain,20,Agriculture,18
-5000,initial,60,New seldorland Tribe,Central Plain,3,Archery,18
-5000,initial,60,New seldorland Tribe,Central Plain,6,Calendar,18
-5000,initial,61,Old lennornorland Tribe,Central Plain,100,Cordage and Knots,18
-5000,initial,61,Old lennornorland Tribe,Central Plain,101,Hide Working and Tailored Clothing,18
-5000,initial,61,Old lennornorland Tribe,Central Plain,102,Hafted Stone Tools,18
-5000,initial,61,Old lennornorland Tribe,Central Plain,105,Food Preservation,18
-5000,initial,61,Old lennornorland Tribe,Central Plain,106,Storage Pits and Containers,18
-5000,initial,61,Old lennornorland Tribe,Central Plain,107,Seasonal Aggregation Camps,18
-5000,initial,61,Old lennornorland Tribe,Central Plain,110,Dog Domestication,18
-5000,initial,61,Old lennornorland Tribe,Central Plain,111,Grinding Stones,18
-5000,initial,61,Old lennornorland Tribe,Central Plain,112,Proto-cultivation,18
-5000,initial,61,Old lennornorland Tribe,Central Plain,113,Sedentism,18
-5000,initial,61,Old lennornorland Tribe,Central Plain,114,Enclosures and Herd Management,18
-5000,initial,61,Old lennornorland Tribe,Central Plain,116,Charcoal Firing,18
-5000,initial,61,Old lennornorland Tribe,Central Plain,1,Pottery,18
-5000,initial,61,Old lennornorland Tribe,Central Plain,2,Animal Husbandry,18
-5000,initial,61,Old lennornorland Tribe,Central Plain,4,Mining,18
-5000,initial,61,Old lennornorland Tribe,Central Plain,20,Agriculture,18
-5000,initial,61,Old lennornorland Tribe,Central Plain,3,Archery,18
-5000,initial,61,Old lennornorland Tribe,Central Plain,6,Calendar,18
-5000,initial,62,Great dorselkaria Tribe,Atlantic Fringe,100,Cordage and Knots,15
-5000,initial,62,Great dorselkaria Tribe,Atlantic Fringe,101,Hide Working and Tailored Clothing,15
-5000,initial,62,Great dorselkaria Tribe,Atlantic Fringe,102,Hafted Stone Tools,15
-5000,initial,62,Great dorselkaria Tribe,Atlantic Fringe,105,Food Preservation,15
-5000,initial,62,Great dorselkaria Tribe,Atlantic Fringe,106,Storage Pits and Containers,15
-5000,initial,62,Great dorselkaria Tribe,Atlantic Fringe,107,Seasonal Aggregation Camps,15
-5000,initial,62,Great dorselkaria Tribe,Atlantic Fringe,111,Grinding Stones,15
-5000,initial,62,Great dorselkaria Tribe,Atlantic Fringe,112,Proto-cultivation,15
-5000,initial,62,Great dorselkaria Tribe,Atlantic Fringe,113,Sedentism,15
-5000,initial,62,Great dorselkaria Tribe,Atlantic Fringe,116,Charcoal Firing,15
-5000,initial,62,Great dorselkaria Tribe,Atlantic Fringe,1,Pottery,15
-5000,initial,62,Great dorselkaria Tribe,Atlantic Fringe,4,Mining,15
-5000,initial,62,Great dorselkaria Tribe,Atlantic Fringe,20,Agriculture,15
-5000,initial,62,Great dorselkaria Tribe,Atlantic Fringe,3,Archery,15
-5000,initial,62,Great dorselkaria Tribe,Atlantic Fringe,6,Calendar,15
-5000,initial,63,Lenalalia Tribe,Atlantic Fringe,100,Cordage and Knots,15
-5000,initial,63,Lenalalia Tribe,Atlantic Fringe,101,Hide Working and Tailored Clothing,15
-5000,initial,63,Lenalalia Tribe,Atlantic Fringe,102,Hafted Stone Tools,15
-5000,initial,63,Lenalalia Tribe,Atlantic Fringe,105,Food Preservation,15
-5000,initial,63,Lenalalia Tribe,Atlantic Fringe,106,Storage Pits and Containers,15
-5000,initial,63,Lenalalia Tribe,Atlantic Fringe,107,Seasonal Aggregation Camps,15
-5000,initial,63,Lenalalia Tribe,Atlantic Fringe,111,Grinding Stones,15
-5000,initial,63,Lenalalia Tribe,Atlantic Fringe,112,Proto-cultivation,15
-5000,initial,63,Lenalalia Tribe,Atlantic Fringe,113,Sedentism,15
-5000,initial,63,Lenalalia Tribe,Atlantic Fringe,116,Charcoal Firing,15
-5000,initial,63,Lenalalia Tribe,Atlantic Fringe,1,Pottery,15
-5000,initial,63,Lenalalia Tribe,Atlantic Fringe,4,Mining,15
-5000,initial,63,Lenalalia Tribe,Atlantic Fringe,20,Agriculture,15
-5000,initial,63,Lenalalia Tribe,Atlantic Fringe,3,Archery,15
-5000,initial,63,Lenalalia Tribe,Atlantic Fringe,6,Calendar,15
-5000,initial,64,North tardorum Tribe,Northern Maritime,100,Cordage and Knots,11
-5000,initial,64,North tardorum Tribe,Northern Maritime,101,Hide Working and Tailored Clothing,11
-5000,initial,64,North tardorum Tribe,Northern Maritime,102,Hafted Stone Tools,11
-5000,initial,64,North tardorum Tribe,Northern Maritime,105,Food Preservation,11
-5000,initial,64,North tardorum Tribe,Northern Maritime,106,Storage Pits and Containers,11
-5000,initial,64,North tardorum Tribe,Northern Maritime,107,Seasonal Aggregation Camps,11
-5000,initial,64,North tardorum Tribe,Northern Maritime,111,Grinding Stones,11
-5000,initial,64,North tardorum Tribe,Northern Maritime,113,Sedentism,11
-5000,initial,64,North tardorum Tribe,Northern Maritime,4,Mining,11
-5000,initial,64,North tardorum Tribe,Northern Maritime,3,Archery,11
-5000,initial,64,North tardorum Tribe,Northern Maritime,6,Calendar,11
-5000,initial,65,Great mixtempan Tribe,Mesoamerican,100,Cordage and Knots,14
-5000,initial,65,Great mixtempan Tribe,Mesoamerican,101,Hide Working and Tailored Clothing,14
-5000,initial,65,Great mixtempan Tribe,Mesoamerican,102,Hafted Stone Tools,14
-5000,initial,65,Great mixtempan Tribe,Mesoamerican,105,Food Preservation,14
-5000,initial,65,Great mixtempan Tribe,Mesoamerican,106,Storage Pits and Containers,14
-5000,initial,65,Great mixtempan Tribe,Mesoamerican,107,Seasonal Aggregation Camps,14
-5000,initial,65,Great mixtempan Tribe,Mesoamerican,111,Grinding Stones,14
-5000,initial,65,Great mixtempan Tribe,Mesoamerican,112,Proto-cultivation,14
-5000,initial,65,Great mixtempan Tribe,Mesoamerican,113,Sedentism,14
-5000,initial,65,Great mixtempan Tribe,Mesoamerican,116,Charcoal Firing,14
-5000,initial,65,Great mixtempan Tribe,Mesoamerican,1,Pottery,14
-5000,initial,65,Great mixtempan Tribe,Mesoamerican,20,Agriculture,14
-5000,initial,65,Great mixtempan Tribe,Mesoamerican,3,Archery,14
-5000,initial,65,Great mixtempan Tribe,Mesoamerican,6,Calendar,14
-5000,initial,66,South yuccalitztan Tribe,Mesoamerican,100,Cordage and Knots,14
-5000,initial,66,South yuccalitztan Tribe,Mesoamerican,101,Hide Working and Tailored Clothing,14
-5000,initial,66,South yuccalitztan Tribe,Mesoamerican,102,Hafted Stone Tools,14
-5000,initial,66,South yuccalitztan Tribe,Mesoamerican,105,Food Preservation,14
-5000,initial,66,South yuccalitztan Tribe,Mesoamerican,106,Storage Pits and Containers,14
-5000,initial,66,South yuccalitztan Tribe,Mesoamerican,107,Seasonal Aggregation Camps,14
-5000,initial,66,South yuccalitztan Tribe,Mesoamerican,111,Grinding Stones,14
-5000,initial,66,South yuccalitztan Tribe,Mesoamerican,112,Proto-cultivation,14
-5000,initial,66,South yuccalitztan Tribe,Mesoamerican,113,Sedentism,14
-5000,initial,66,South yuccalitztan Tribe,Mesoamerican,116,Charcoal Firing,14
-5000,initial,66,South yuccalitztan Tribe,Mesoamerican,1,Pottery,14
-5000,initial,66,South yuccalitztan Tribe,Mesoamerican,20,Agriculture,14
-5000,initial,66,South yuccalitztan Tribe,Mesoamerican,3,Archery,14
-5000,initial,66,South yuccalitztan Tribe,Mesoamerican,6,Calendar,14
-5000,initial,67,South nahteo Tribe,Mesoamerican,100,Cordage and Knots,14
-5000,initial,67,South nahteo Tribe,Mesoamerican,101,Hide Working and Tailored Clothing,14
-5000,initial,67,South nahteo Tribe,Mesoamerican,102,Hafted Stone Tools,14
-5000,initial,67,South nahteo Tribe,Mesoamerican,105,Food Preservation,14
-5000,initial,67,South nahteo Tribe,Mesoamerican,106,Storage Pits and Containers,14
-5000,initial,67,South nahteo Tribe,Mesoamerican,107,Seasonal Aggregation Camps,14
-5000,initial,67,South nahteo Tribe,Mesoamerican,111,Grinding Stones,14
-5000,initial,67,South nahteo Tribe,Mesoamerican,112,Proto-cultivation,14
-5000,initial,67,South nahteo Tribe,Mesoamerican,113,Sedentism,14
-5000,initial,67,South nahteo Tribe,Mesoamerican,116,Charcoal Firing,14
-5000,initial,67,South nahteo Tribe,Mesoamerican,1,Pottery,14
-5000,initial,67,South nahteo Tribe,Mesoamerican,20,Agriculture,14
-5000,initial,67,South nahteo Tribe,Mesoamerican,3,Archery,14
-5000,initial,67,South nahteo Tribe,Mesoamerican,6,Calendar,14
-5000,initial,68,Temxoctemco Tribe,Mesoamerican,100,Cordage and Knots,14
-5000,initial,68,Temxoctemco Tribe,Mesoamerican,101,Hide Working and Tailored Clothing,14
-5000,initial,68,Temxoctemco Tribe,Mesoamerican,102,Hafted Stone Tools,14
-5000,initial,68,Temxoctemco Tribe,Mesoamerican,105,Food Preservation,14
-5000,initial,68,Temxoctemco Tribe,Mesoamerican,106,Storage Pits and Containers,14
-5000,initial,68,Temxoctemco Tribe,Mesoamerican,107,Seasonal Aggregation Camps,14
-5000,initial,68,Temxoctemco Tribe,Mesoamerican,111,Grinding Stones,14
-5000,initial,68,Temxoctemco Tribe,Mesoamerican,112,Proto-cultivation,14
-5000,initial,68,Temxoctemco Tribe,Mesoamerican,113,Sedentism,14
-5000,initial,68,Temxoctemco Tribe,Mesoamerican,116,Charcoal Firing,14
-5000,initial,68,Temxoctemco Tribe,Mesoamerican,1,Pottery,14
-5000,initial,68,Temxoctemco Tribe,Mesoamerican,20,Agriculture,14
-5000,initial,68,Temxoctemco Tribe,Mesoamerican,3,Archery,14
-5000,initial,68,Temxoctemco Tribe,Mesoamerican,6,Calendar,14
-5000,initial,69,New mixcalmixan Tribe,Mesoamerican,100,Cordage and Knots,14
-5000,initial,69,New mixcalmixan Tribe,Mesoamerican,101,Hide Working and Tailored Clothing,14
-5000,initial,69,New mixcalmixan Tribe,Mesoamerican,102,Hafted Stone Tools,14
-5000,initial,69,New mixcalmixan Tribe,Mesoamerican,105,Food Preservation,14
-5000,initial,69,New mixcalmixan Tribe,Mesoamerican,106,Storage Pits and Containers,14
-5000,initial,69,New mixcalmixan Tribe,Mesoamerican,107,Seasonal Aggregation Camps,14
-5000,initial,69,New mixcalmixan Tribe,Mesoamerican,111,Grinding Stones,14
-5000,initial,69,New mixcalmixan Tribe,Mesoamerican,112,Proto-cultivation,14
-5000,initial,69,New mixcalmixan Tribe,Mesoamerican,113,Sedentism,14
-5000,initial,69,New mixcalmixan Tribe,Mesoamerican,116,Charcoal Firing,14
-5000,initial,69,New mixcalmixan Tribe,Mesoamerican,1,Pottery,14
-5000,initial,69,New mixcalmixan Tribe,Mesoamerican,20,Agriculture,14
-5000,initial,69,New mixcalmixan Tribe,Mesoamerican,3,Archery,14
-5000,initial,69,New mixcalmixan Tribe,Mesoamerican,6,Calendar,14
-5000,initial,70,New teoitzan Tribe,Mesoamerican,100,Cordage and Knots,14
-5000,initial,70,New teoitzan Tribe,Mesoamerican,101,Hide Working and Tailored Clothing,14
-5000,initial,70,New teoitzan Tribe,Mesoamerican,102,Hafted Stone Tools,14
-5000,initial,70,New teoitzan Tribe,Mesoamerican,105,Food Preservation,14
-5000,initial,70,New teoitzan Tribe,Mesoamerican,106,Storage Pits and Containers,14
-5000,initial,70,New teoitzan Tribe,Mesoamerican,107,Seasonal Aggregation Camps,14
-5000,initial,70,New teoitzan Tribe,Mesoamerican,111,Grinding Stones,14
-5000,initial,70,New teoitzan Tribe,Mesoamerican,112,Proto-cultivation,14
-5000,initial,70,New teoitzan Tribe,Mesoamerican,113,Sedentism,14
-5000,initial,70,New teoitzan Tribe,Mesoamerican,116,Charcoal Firing,14
-5000,initial,70,New teoitzan Tribe,Mesoamerican,1,Pottery,14
-5000,initial,70,New teoitzan Tribe,Mesoamerican,20,Agriculture,14
-5000,initial,70,New teoitzan Tribe,Mesoamerican,3,Archery,14
-5000,initial,70,New teoitzan Tribe,Mesoamerican,6,Calendar,14
-5000,initial,71,South calteopan Tribe,Mesoamerican,100,Cordage and Knots,14
-5000,initial,71,South calteopan Tribe,Mesoamerican,101,Hide Working and Tailored Clothing,14
-5000,initial,71,South calteopan Tribe,Mesoamerican,102,Hafted Stone Tools,14
-5000,initial,71,South calteopan Tribe,Mesoamerican,105,Food Preservation,14
-5000,initial,71,South calteopan Tribe,Mesoamerican,106,Storage Pits and Containers,14
-5000,initial,71,South calteopan Tribe,Mesoamerican,107,Seasonal Aggregation Camps,14
-5000,initial,71,South calteopan Tribe,Mesoamerican,111,Grinding Stones,14
-5000,initial,71,South calteopan Tribe,Mesoamerican,112,Proto-cultivation,14
-5000,initial,71,South calteopan Tribe,Mesoamerican,113,Sedentism,14
-5000,initial,71,South calteopan Tribe,Mesoamerican,116,Charcoal Firing,14
-5000,initial,71,South calteopan Tribe,Mesoamerican,1,Pottery,14
-5000,initial,71,South calteopan Tribe,Mesoamerican,20,Agriculture,14
-5000,initial,71,South calteopan Tribe,Mesoamerican,3,Archery,14
-5000,initial,71,South calteopan Tribe,Mesoamerican,6,Calendar,14
-5000,initial,72,Great toltolco Tribe,Mesoamerican,100,Cordage and Knots,14
-5000,initial,72,Great toltolco Tribe,Mesoamerican,101,Hide Working and Tailored Clothing,14
-5000,initial,72,Great toltolco Tribe,Mesoamerican,102,Hafted Stone Tools,14
-5000,initial,72,Great toltolco Tribe,Mesoamerican,105,Food Preservation,14
-5000,initial,72,Great toltolco Tribe,Mesoamerican,106,Storage Pits and Containers,14
-5000,initial,72,Great toltolco Tribe,Mesoamerican,107,Seasonal Aggregation Camps,14
-5000,initial,72,Great toltolco Tribe,Mesoamerican,111,Grinding Stones,14
-5000,initial,72,Great toltolco Tribe,Mesoamerican,112,Proto-cultivation,14
-5000,initial,72,Great toltolco Tribe,Mesoamerican,113,Sedentism,14
-5000,initial,72,Great toltolco Tribe,Mesoamerican,116,Charcoal Firing,14
-5000,initial,72,Great toltolco Tribe,Mesoamerican,1,Pottery,14
-5000,initial,72,Great toltolco Tribe,Mesoamerican,20,Agriculture,14
-5000,initial,72,Great toltolco Tribe,Mesoamerican,3,Archery,14
-5000,initial,72,Great toltolco Tribe,Mesoamerican,6,Calendar,14
-5000,initial,73,South tolitzmix Tribe,Mesoamerican,100,Cordage and Knots,14
-5000,initial,73,South tolitzmix Tribe,Mesoamerican,101,Hide Working and Tailored Clothing,14
-5000,initial,73,South tolitzmix Tribe,Mesoamerican,102,Hafted Stone Tools,14
-5000,initial,73,South tolitzmix Tribe,Mesoamerican,105,Food Preservation,14
-5000,initial,73,South tolitzmix Tribe,Mesoamerican,106,Storage Pits and Containers,14
-5000,initial,73,South tolitzmix Tribe,Mesoamerican,107,Seasonal Aggregation Camps,14
-5000,initial,73,South tolitzmix Tribe,Mesoamerican,111,Grinding Stones,14
-5000,initial,73,South tolitzmix Tribe,Mesoamerican,112,Proto-cultivation,14
-5000,initial,73,South tolitzmix Tribe,Mesoamerican,113,Sedentism,14
-5000,initial,73,South tolitzmix Tribe,Mesoamerican,116,Charcoal Firing,14
-5000,initial,73,South tolitzmix Tribe,Mesoamerican,1,Pottery,14
-5000,initial,73,South tolitzmix Tribe,Mesoamerican,20,Agriculture,14
-5000,initial,73,South tolitzmix Tribe,Mesoamerican,3,Archery,14
-5000,initial,73,South tolitzmix Tribe,Mesoamerican,6,Calendar,14
-5000,initial,74,North mixtolco Tribe,Mesoamerican,100,Cordage and Knots,14
-5000,initial,74,North mixtolco Tribe,Mesoamerican,101,Hide Working and Tailored Clothing,14
-5000,initial,74,North mixtolco Tribe,Mesoamerican,102,Hafted Stone Tools,14
-5000,initial,74,North mixtolco Tribe,Mesoamerican,105,Food Preservation,14
-5000,initial,74,North mixtolco Tribe,Mesoamerican,106,Storage Pits and Containers,14
-5000,initial,74,North mixtolco Tribe,Mesoamerican,107,Seasonal Aggregation Camps,14
-5000,initial,74,North mixtolco Tribe,Mesoamerican,111,Grinding Stones,14
-5000,initial,74,North mixtolco Tribe,Mesoamerican,112,Proto-cultivation,14
-5000,initial,74,North mixtolco Tribe,Mesoamerican,113,Sedentism,14
-5000,initial,74,North mixtolco Tribe,Mesoamerican,116,Charcoal Firing,14
-5000,initial,74,North mixtolco Tribe,Mesoamerican,1,Pottery,14
-5000,initial,74,North mixtolco Tribe,Mesoamerican,20,Agriculture,14
-5000,initial,74,North mixtolco Tribe,Mesoamerican,3,Archery,14
-5000,initial,74,North mixtolco Tribe,Mesoamerican,6,Calendar,14
-5000,initial,75,North suyullaqpacha Tribe,Andean Highland,100,Cordage and Knots,15
-5000,initial,75,North suyullaqpacha Tribe,Andean Highland,101,Hide Working and Tailored Clothing,15
-5000,initial,75,North suyullaqpacha Tribe,Andean Highland,102,Hafted Stone Tools,15
-5000,initial,75,North suyullaqpacha Tribe,Andean Highland,105,Food Preservation,15
-5000,initial,75,North suyullaqpacha Tribe,Andean Highland,106,Storage Pits and Containers,15
-5000,initial,75,North suyullaqpacha Tribe,Andean Highland,107,Seasonal Aggregation Camps,15
-5000,initial,75,North suyullaqpacha Tribe,Andean Highland,111,Grinding Stones,15
-5000,initial,75,North suyullaqpacha Tribe,Andean Highland,112,Proto-cultivation,15
-5000,initial,75,North suyullaqpacha Tribe,Andean Highland,113,Sedentism,15
-5000,initial,75,North suyullaqpacha Tribe,Andean Highland,116,Charcoal Firing,15
-5000,initial,75,North suyullaqpacha Tribe,Andean Highland,1,Pottery,15
-5000,initial,75,North suyullaqpacha Tribe,Andean Highland,4,Mining,15
-5000,initial,75,North suyullaqpacha Tribe,Andean Highland,20,Agriculture,15
-5000,initial,75,North suyullaqpacha Tribe,Andean Highland,3,Archery,15
-5000,initial,75,North suyullaqpacha Tribe,Andean Highland,6,Calendar,15
-5000,initial,76,Old tuptupna Tribe,Andean Highland,100,Cordage and Knots,15
-5000,initial,76,Old tuptupna Tribe,Andean Highland,101,Hide Working and Tailored Clothing,15
-5000,initial,76,Old tuptupna Tribe,Andean Highland,102,Hafted Stone Tools,15
-5000,initial,76,Old tuptupna Tribe,Andean Highland,105,Food Preservation,15
-5000,initial,76,Old tuptupna Tribe,Andean Highland,106,Storage Pits and Containers,15
-5000,initial,76,Old tuptupna Tribe,Andean Highland,107,Seasonal Aggregation Camps,15
-5000,initial,76,Old tuptupna Tribe,Andean Highland,111,Grinding Stones,15
-5000,initial,76,Old tuptupna Tribe,Andean Highland,112,Proto-cultivation,15
-5000,initial,76,Old tuptupna Tribe,Andean Highland,113,Sedentism,15
-5000,initial,76,Old tuptupna Tribe,Andean Highland,116,Charcoal Firing,15
-5000,initial,76,Old tuptupna Tribe,Andean Highland,1,Pottery,15
-5000,initial,76,Old tuptupna Tribe,Andean Highland,4,Mining,15
-5000,initial,76,Old tuptupna Tribe,Andean Highland,20,Agriculture,15
-5000,initial,76,Old tuptupna Tribe,Andean Highland,3,Archery,15
-5000,initial,76,Old tuptupna Tribe,Andean Highland,6,Calendar,15
-5000,initial,77,Old llaqqoripacha Tribe,Andean Highland,100,Cordage and Knots,15
-5000,initial,77,Old llaqqoripacha Tribe,Andean Highland,101,Hide Working and Tailored Clothing,15
-5000,initial,77,Old llaqqoripacha Tribe,Andean Highland,102,Hafted Stone Tools,15
-5000,initial,77,Old llaqqoripacha Tribe,Andean Highland,105,Food Preservation,15
-5000,initial,77,Old llaqqoripacha Tribe,Andean Highland,106,Storage Pits and Containers,15
-5000,initial,77,Old llaqqoripacha Tribe,Andean Highland,107,Seasonal Aggregation Camps,15
-5000,initial,77,Old llaqqoripacha Tribe,Andean Highland,111,Grinding Stones,15
-5000,initial,77,Old llaqqoripacha Tribe,Andean Highland,112,Proto-cultivation,15
-5000,initial,77,Old llaqqoripacha Tribe,Andean Highland,113,Sedentism,15
-5000,initial,77,Old llaqqoripacha Tribe,Andean Highland,116,Charcoal Firing,15
-5000,initial,77,Old llaqqoripacha Tribe,Andean Highland,1,Pottery,15
-5000,initial,77,Old llaqqoripacha Tribe,Andean Highland,4,Mining,15
-5000,initial,77,Old llaqqoripacha Tribe,Andean Highland,20,Agriculture,15
-5000,initial,77,Old llaqqoripacha Tribe,Andean Highland,3,Archery,15
-5000,initial,77,Old llaqqoripacha Tribe,Andean Highland,6,Calendar,15
-5000,initial,78,Great sumtupqorimarca Tribe,Andean Highland,100,Cordage and Knots,15
-5000,initial,78,Great sumtupqorimarca Tribe,Andean Highland,101,Hide Working and Tailored Clothing,15
-5000,initial,78,Great sumtupqorimarca Tribe,Andean Highland,102,Hafted Stone Tools,15
-5000,initial,78,Great sumtupqorimarca Tribe,Andean Highland,105,Food Preservation,15
-5000,initial,78,Great sumtupqorimarca Tribe,Andean Highland,106,Storage Pits and Containers,15
-5000,initial,78,Great sumtupqorimarca Tribe,Andean Highland,107,Seasonal Aggregation Camps,15
-5000,initial,78,Great sumtupqorimarca Tribe,Andean Highland,111,Grinding Stones,15
-5000,initial,78,Great sumtupqorimarca Tribe,Andean Highland,112,Proto-cultivation,15
-5000,initial,78,Great sumtupqorimarca Tribe,Andean Highland,113,Sedentism,15
-5000,initial,78,Great sumtupqorimarca Tribe,Andean Highland,116,Charcoal Firing,15
-5000,initial,78,Great sumtupqorimarca Tribe,Andean Highland,1,Pottery,15
-5000,initial,78,Great sumtupqorimarca Tribe,Andean Highland,4,Mining,15
-5000,initial,78,Great sumtupqorimarca Tribe,Andean Highland,20,Agriculture,15
-5000,initial,78,Great sumtupqorimarca Tribe,Andean Highland,3,Archery,15
-5000,initial,78,Great sumtupqorimarca Tribe,Andean Highland,6,Calendar,15
-5000,initial,79,South kussumpacha Tribe,Andean Highland,100,Cordage and Knots,15
-5000,initial,79,South kussumpacha Tribe,Andean Highland,101,Hide Working and Tailored Clothing,15
-5000,initial,79,South kussumpacha Tribe,Andean Highland,102,Hafted Stone Tools,15
-5000,initial,79,South kussumpacha Tribe,Andean Highland,105,Food Preservation,15
-5000,initial,79,South kussumpacha Tribe,Andean Highland,106,Storage Pits and Containers,15
-5000,initial,79,South kussumpacha Tribe,Andean Highland,107,Seasonal Aggregation Camps,15
-5000,initial,79,South kussumpacha Tribe,Andean Highland,111,Grinding Stones,15
-5000,initial,79,South kussumpacha Tribe,Andean Highland,112,Proto-cultivation,15
-5000,initial,79,South kussumpacha Tribe,Andean Highland,113,Sedentism,15
-5000,initial,79,South kussumpacha Tribe,Andean Highland,116,Charcoal Firing,15
-5000,initial,79,South kussumpacha Tribe,Andean Highland,1,Pottery,15
-5000,initial,79,South kussumpacha Tribe,Andean Highland,4,Mining,15
-5000,initial,79,South kussumpacha Tribe,Andean Highland,20,Agriculture,15
-5000,initial,79,South kussumpacha Tribe,Andean Highland,3,Archery,15
-5000,initial,79,South kussumpacha Tribe,Andean Highland,6,Calendar,15
-5000,initial,80,North rumpachyu Tribe,Andean Highland,100,Cordage and Knots,15
-5000,initial,80,North rumpachyu Tribe,Andean Highland,101,Hide Working and Tailored Clothing,15
-5000,initial,80,North rumpachyu Tribe,Andean Highland,102,Hafted Stone Tools,15
-5000,initial,80,North rumpachyu Tribe,Andean Highland,105,Food Preservation,15
-5000,initial,80,North rumpachyu Tribe,Andean Highland,106,Storage Pits and Containers,15
-5000,initial,80,North rumpachyu Tribe,Andean Highland,107,Seasonal Aggregation Camps,15
-5000,initial,80,North rumpachyu Tribe,Andean Highland,111,Grinding Stones,15
-5000,initial,80,North rumpachyu Tribe,Andean Highland,112,Proto-cultivation,15
-5000,initial,80,North rumpachyu Tribe,Andean Highland,113,Sedentism,15
-5000,initial,80,North rumpachyu Tribe,Andean Highland,116,Charcoal Firing,15
-5000,initial,80,North rumpachyu Tribe,Andean Highland,1,Pottery,15
-5000,initial,80,North rumpachyu Tribe,Andean Highland,4,Mining,15
-5000,initial,80,North rumpachyu Tribe,Andean Highland,20,Agriculture,15
-5000,initial,80,North rumpachyu Tribe,Andean Highland,3,Archery,15
-5000,initial,80,North rumpachyu Tribe,Andean Highland,6,Calendar,15
-5000,initial,81,South pachkusyu Tribe,Andean Highland,100,Cordage and Knots,15
-5000,initial,81,South pachkusyu Tribe,Andean Highland,101,Hide Working and Tailored Clothing,15
-5000,initial,81,South pachkusyu Tribe,Andean Highland,102,Hafted Stone Tools,15
-5000,initial,81,South pachkusyu Tribe,Andean Highland,105,Food Preservation,15
-5000,initial,81,South pachkusyu Tribe,Andean Highland,106,Storage Pits and Containers,15
-5000,initial,81,South pachkusyu Tribe,Andean Highland,107,Seasonal Aggregation Camps,15
-5000,initial,81,South pachkusyu Tribe,Andean Highland,111,Grinding Stones,15
-5000,initial,81,South pachkusyu Tribe,Andean Highland,112,Proto-cultivation,15
-5000,initial,81,South pachkusyu Tribe,Andean Highland,113,Sedentism,15
-5000,initial,81,South pachkusyu Tribe,Andean Highland,116,Charcoal Firing,15
-5000,initial,81,South pachkusyu Tribe,Andean Highland,1,Pottery,15
-5000,initial,81,South pachkusyu Tribe,Andean Highland,4,Mining,15
-5000,initial,81,South pachkusyu Tribe,Andean Highland,20,Agriculture,15
-5000,initial,81,South pachkusyu Tribe,Andean Highland,3,Archery,15
-5000,initial,81,South pachkusyu Tribe,Andean Highland,6,Calendar,15
-5000,initial,82,South tergarteria Tribe,Eastern Woodland,100,Cordage and Knots,11
-5000,initial,82,South tergarteria Tribe,Eastern Woodland,101,Hide Working and Tailored Clothing,11
-5000,initial,82,South tergarteria Tribe,Eastern Woodland,102,Hafted Stone Tools,11
-5000,initial,82,South tergarteria Tribe,Eastern Woodland,105,Food Preservation,11
-5000,initial,82,South tergarteria Tribe,Eastern Woodland,106,Storage Pits and Containers,11
-5000,initial,82,South tergarteria Tribe,Eastern Woodland,107,Seasonal Aggregation Camps,11
-5000,initial,82,South tergarteria Tribe,Eastern Woodland,111,Grinding Stones,11
-5000,initial,82,South tergarteria Tribe,Eastern Woodland,113,Sedentism,11
-5000,initial,82,South tergarteria Tribe,Eastern Woodland,4,Mining,11
-5000,initial,82,South tergarteria Tribe,Eastern Woodland,3,Archery,11
-5000,initial,82,South tergarteria Tribe,Eastern Woodland,6,Calendar,11
-5000,initial,84,South kinromland Tribe,Eastern Woodland,100,Cordage and Knots,11
-5000,initial,84,South kinromland Tribe,Eastern Woodland,101,Hide Working and Tailored Clothing,11
-5000,initial,84,South kinromland Tribe,Eastern Woodland,102,Hafted Stone Tools,11
-5000,initial,84,South kinromland Tribe,Eastern Woodland,105,Food Preservation,11
-5000,initial,84,South kinromland Tribe,Eastern Woodland,106,Storage Pits and Containers,11
-5000,initial,84,South kinromland Tribe,Eastern Woodland,107,Seasonal Aggregation Camps,11
-5000,initial,84,South kinromland Tribe,Eastern Woodland,111,Grinding Stones,11
-5000,initial,84,South kinromland Tribe,Eastern Woodland,113,Sedentism,11
-5000,initial,84,South kinromland Tribe,Eastern Woodland,4,Mining,11
-5000,initial,84,South kinromland Tribe,Eastern Woodland,3,Archery,11
-5000,initial,84,South kinromland Tribe,Eastern Woodland,6,Calendar,11
-5000,initial,85,South garvia Tribe,Eastern Woodland,100,Cordage and Knots,11
-5000,initial,85,South garvia Tribe,Eastern Woodland,101,Hide Working and Tailored Clothing,11
-5000,initial,85,South garvia Tribe,Eastern Woodland,102,Hafted Stone Tools,11
-5000,initial,85,South garvia Tribe,Eastern Woodland,105,Food Preservation,11
-5000,initial,85,South garvia Tribe,Eastern Woodland,106,Storage Pits and Containers,11
-5000,initial,85,South garvia Tribe,Eastern Woodland,107,Seasonal Aggregation Camps,11
-5000,initial,85,South garvia Tribe,Eastern Woodland,111,Grinding Stones,11
-5000,initial,85,South garvia Tribe,Eastern Woodland,113,Sedentism,11
-5000,initial,85,South garvia Tribe,Eastern Woodland,4,Mining,11
-5000,initial,85,South garvia Tribe,Eastern Woodland,3,Archery,11
-5000,initial,85,South garvia Tribe,Eastern Woodland,6,Calendar,11
-5000,initial,86,South dusvialor Tribe,Eastern Woodland,100,Cordage and Knots,11
-5000,initial,86,South dusvialor Tribe,Eastern Woodland,101,Hide Working and Tailored Clothing,11
-5000,initial,86,South dusvialor Tribe,Eastern Woodland,102,Hafted Stone Tools,11
-5000,initial,86,South dusvialor Tribe,Eastern Woodland,105,Food Preservation,11
-5000,initial,86,South dusvialor Tribe,Eastern Woodland,106,Storage Pits and Containers,11
-5000,initial,86,South dusvialor Tribe,Eastern Woodland,107,Seasonal Aggregation Camps,11
-5000,initial,86,South dusvialor Tribe,Eastern Woodland,111,Grinding Stones,11
-5000,initial,86,South dusvialor Tribe,Eastern Woodland,113,Sedentism,11
-5000,initial,86,South dusvialor Tribe,Eastern Woodland,4,Mining,11
-5000,initial,86,South dusvialor Tribe,Eastern Woodland,3,Archery,11
-5000,initial,86,South dusvialor Tribe,Eastern Woodland,6,Calendar,11
-5000,initial,87,South solgar Tribe,Eastern Woodland,100,Cordage and Knots,11
-5000,initial,87,South solgar Tribe,Eastern Woodland,101,Hide Working and Tailored Clothing,11
-5000,initial,87,South solgar Tribe,Eastern Woodland,102,Hafted Stone Tools,11
-5000,initial,87,South solgar Tribe,Eastern Woodland,105,Food Preservation,11
-5000,initial,87,South solgar Tribe,Eastern Woodland,106,Storage Pits and Containers,11
-5000,initial,87,South solgar Tribe,Eastern Woodland,107,Seasonal Aggregation Camps,11
-5000,initial,87,South solgar Tribe,Eastern Woodland,111,Grinding Stones,11
-5000,initial,87,South solgar Tribe,Eastern Woodland,113,Sedentism,11
-5000,initial,87,South solgar Tribe,Eastern Woodland,4,Mining,11
-5000,initial,87,South solgar Tribe,Eastern Woodland,3,Archery,11
-5000,initial,87,South solgar Tribe,Eastern Woodland,6,Calendar,11
-5000,initial,88,Garlinstan Tribe,Eastern Woodland,100,Cordage and Knots,11
-5000,initial,88,Garlinstan Tribe,Eastern Woodland,101,Hide Working and Tailored Clothing,11
-5000,initial,88,Garlinstan Tribe,Eastern Woodland,102,Hafted Stone Tools,11
-5000,initial,88,Garlinstan Tribe,Eastern Woodland,105,Food Preservation,11
-5000,initial,88,Garlinstan Tribe,Eastern Woodland,106,Storage Pits and Containers,11
-5000,initial,88,Garlinstan Tribe,Eastern Woodland,107,Seasonal Aggregation Camps,11
-5000,initial,88,Garlinstan Tribe,Eastern Woodland,111,Grinding Stones,11
-5000,initial,88,Garlinstan Tribe,Eastern Woodland,113,Sedentism,11
-5000,initial,88,Garlinstan Tribe,Eastern Woodland,4,Mining,11
-5000,initial,88,Garlinstan Tribe,Eastern Woodland,3,Archery,11
-5000,initial,88,Garlinstan Tribe,Eastern Woodland,6,Calendar,11
-5000,initial,89,Old marteria Tribe,Western Plains,100,Cordage and Knots,11
-5000,initial,89,Old marteria Tribe,Western Plains,101,Hide Working and Tailored Clothing,11
-5000,initial,89,Old marteria Tribe,Western Plains,102,Hafted Stone Tools,11
-5000,initial,89,Old marteria Tribe,Western Plains,105,Food Preservation,11
-5000,initial,89,Old marteria Tribe,Western Plains,106,Storage Pits and Containers,11
-5000,initial,89,Old marteria Tribe,Western Plains,107,Seasonal Aggregation Camps,11
-5000,initial,89,Old marteria Tribe,Western Plains,111,Grinding Stones,11
-5000,initial,89,Old marteria Tribe,Western Plains,113,Sedentism,11
-5000,initial,89,Old marteria Tribe,Western Plains,4,Mining,11
-5000,initial,89,Old marteria Tribe,Western Plains,3,Archery,11
-5000,initial,89,Old marteria Tribe,Western Plains,6,Calendar,11
-5000,initial,90,Old quiromvialand Tribe,Western Plains,100,Cordage and Knots,11
-5000,initial,90,Old quiromvialand Tribe,Western Plains,101,Hide Working and Tailored Clothing,11
-5000,initial,90,Old quiromvialand Tribe,Western Plains,102,Hafted Stone Tools,11
-5000,initial,90,Old quiromvialand Tribe,Western Plains,105,Food Preservation,11
-5000,initial,90,Old quiromvialand Tribe,Western Plains,106,Storage Pits and Containers,11
-5000,initial,90,Old quiromvialand Tribe,Western Plains,107,Seasonal Aggregation Camps,11
-5000,initial,90,Old quiromvialand Tribe,Western Plains,111,Grinding Stones,11
-5000,initial,90,Old quiromvialand Tribe,Western Plains,113,Sedentism,11
-5000,initial,90,Old quiromvialand Tribe,Western Plains,4,Mining,11
-5000,initial,90,Old quiromvialand Tribe,Western Plains,3,Archery,11
-5000,initial,90,Old quiromvialand Tribe,Western Plains,6,Calendar,11
-5000,initial,91,Old ranmarromia Tribe,Western Plains,100,Cordage and Knots,11
-5000,initial,91,Old ranmarromia Tribe,Western Plains,101,Hide Working and Tailored Clothing,11
-5000,initial,91,Old ranmarromia Tribe,Western Plains,102,Hafted Stone Tools,11
-5000,initial,91,Old ranmarromia Tribe,Western Plains,105,Food Preservation,11
-5000,initial,91,Old ranmarromia Tribe,Western Plains,106,Storage Pits and Containers,11
-5000,initial,91,Old ranmarromia Tribe,Western Plains,107,Seasonal Aggregation Camps,11
-5000,initial,91,Old ranmarromia Tribe,Western Plains,111,Grinding Stones,11
-5000,initial,91,Old ranmarromia Tribe,Western Plains,113,Sedentism,11
-5000,initial,91,Old ranmarromia Tribe,Western Plains,4,Mining,11
-5000,initial,91,Old ranmarromia Tribe,Western Plains,3,Archery,11
-5000,initial,91,Old ranmarromia Tribe,Western Plains,6,Calendar,11
-5000,initial,92,North rommardusia Tribe,Western Plains,100,Cordage and Knots,11
-5000,initial,92,North rommardusia Tribe,Western Plains,101,Hide Working and Tailored Clothing,11
-5000,initial,92,North rommardusia Tribe,Western Plains,102,Hafted Stone Tools,11
-5000,initial,92,North rommardusia Tribe,Western Plains,105,Food Preservation,11
-5000,initial,92,North rommardusia Tribe,Western Plains,106,Storage Pits and Containers,11
-5000,initial,92,North rommardusia Tribe,Western Plains,107,Seasonal Aggregation Camps,11
-5000,initial,92,North rommardusia Tribe,Western Plains,111,Grinding Stones,11
-5000,initial,92,North rommardusia Tribe,Western Plains,113,Sedentism,11
-5000,initial,92,North rommardusia Tribe,Western Plains,4,Mining,11
-5000,initial,92,North rommardusia Tribe,Western Plains,3,Archery,11
-5000,initial,92,North rommardusia Tribe,Western Plains,6,Calendar,11
-5000,initial,93,Old quinasol Tribe,Western Plains,100,Cordage and Knots,11
-5000,initial,93,Old quinasol Tribe,Western Plains,101,Hide Working and Tailored Clothing,11
-5000,initial,93,Old quinasol Tribe,Western Plains,102,Hafted Stone Tools,11
-5000,initial,93,Old quinasol Tribe,Western Plains,105,Food Preservation,11
-5000,initial,93,Old quinasol Tribe,Western Plains,106,Storage Pits and Containers,11
-5000,initial,93,Old quinasol Tribe,Western Plains,107,Seasonal Aggregation Camps,11
-5000,initial,93,Old quinasol Tribe,Western Plains,111,Grinding Stones,11
-5000,initial,93,Old quinasol Tribe,Western Plains,113,Sedentism,11
-5000,initial,93,Old quinasol Tribe,Western Plains,4,Mining,11
-5000,initial,93,Old quinasol Tribe,Western Plains,3,Archery,11
-5000,initial,93,Old quinasol Tribe,Western Plains,6,Calendar,11
-5000,initial,94,North ranmarstan Tribe,Western Plains,100,Cordage and Knots,11
-5000,initial,94,North ranmarstan Tribe,Western Plains,101,Hide Working and Tailored Clothing,11
-5000,initial,94,North ranmarstan Tribe,Western Plains,102,Hafted Stone Tools,11
-5000,initial,94,North ranmarstan Tribe,Western Plains,105,Food Preservation,11
-5000,initial,94,North ranmarstan Tribe,Western Plains,106,Storage Pits and Containers,11
-5000,initial,94,North ranmarstan Tribe,Western Plains,107,Seasonal Aggregation Camps,11
-5000,initial,94,North ranmarstan Tribe,Western Plains,111,Grinding Stones,11
-5000,initial,94,North ranmarstan Tribe,Western Plains,113,Sedentism,11
-5000,initial,94,North ranmarstan Tribe,Western Plains,4,Mining,11
-5000,initial,94,North ranmarstan Tribe,Western Plains,3,Archery,11
-5000,initial,94,North ranmarstan Tribe,Western Plains,6,Calendar,11
-5000,initial,95,Old viamar Tribe,Western Plains,100,Cordage and Knots,11
-5000,initial,95,Old viamar Tribe,Western Plains,101,Hide Working and Tailored Clothing,11
-5000,initial,95,Old viamar Tribe,Western Plains,102,Hafted Stone Tools,11
-5000,initial,95,Old viamar Tribe,Western Plains,105,Food Preservation,11
-5000,initial,95,Old viamar Tribe,Western Plains,106,Storage Pits and Containers,11
-5000,initial,95,Old viamar Tribe,Western Plains,107,Seasonal Aggregation Camps,11
-5000,initial,95,Old viamar Tribe,Western Plains,111,Grinding Stones,11
-5000,initial,95,Old viamar Tribe,Western Plains,113,Sedentism,11
-5000,initial,95,Old viamar Tribe,Western Plains,4,Mining,11
-5000,initial,95,Old viamar Tribe,Western Plains,3,Archery,11
-5000,initial,95,Old viamar Tribe,Western Plains,6,Calendar,11
-5000,initial,96,North marterviastan Tribe,Western Plains,100,Cordage and Knots,11
-5000,initial,96,North marterviastan Tribe,Western Plains,101,Hide Working and Tailored Clothing,11
-5000,initial,96,North marterviastan Tribe,Western Plains,102,Hafted Stone Tools,11
-5000,initial,96,North marterviastan Tribe,Western Plains,105,Food Preservation,11
-5000,initial,96,North marterviastan Tribe,Western Plains,106,Storage Pits and Containers,11
-5000,initial,96,North marterviastan Tribe,Western Plains,107,Seasonal Aggregation Camps,11
-5000,initial,96,North marterviastan Tribe,Western Plains,111,Grinding Stones,11
-5000,initial,96,North marterviastan Tribe,Western Plains,113,Sedentism,11
-5000,initial,96,North marterviastan Tribe,Western Plains,4,Mining,11
-5000,initial,96,North marterviastan Tribe,Western Plains,3,Archery,11
-5000,initial,96,North marterviastan Tribe,Western Plains,6,Calendar,11
-5000,initial,97,New belromland Tribe,Caribbean Seafaring,100,Cordage and Knots,12
-5000,initial,97,New belromland Tribe,Caribbean Seafaring,101,Hide Working and Tailored Clothing,12
-5000,initial,97,New belromland Tribe,Caribbean Seafaring,102,Hafted Stone Tools,12
-5000,initial,97,New belromland Tribe,Caribbean Seafaring,104,Fishing Technology,12
-5000,initial,97,New belromland Tribe,Caribbean Seafaring,105,Food Preservation,12
-5000,initial,97,New belromland Tribe,Caribbean Seafaring,106,Storage Pits and Containers,12
-5000,initial,97,New belromland Tribe,Caribbean Seafaring,107,Seasonal Aggregation Camps,12
-5000,initial,97,New belromland Tribe,Caribbean Seafaring,108,Watercraft,12
-5000,initial,97,New belromland Tribe,Caribbean Seafaring,113,Sedentism,12
-5000,initial,97,New belromland Tribe,Caribbean Seafaring,3,Archery,12
-5000,initial,97,New belromland Tribe,Caribbean Seafaring,5,Sailing,12
-5000,initial,97,New belromland Tribe,Caribbean Seafaring,6,Calendar,12
-5000,initial,98,North kirihivakai Tribe,Oceanic Navigators,100,Cordage and Knots,12
-5000,initial,98,North kirihivakai Tribe,Oceanic Navigators,101,Hide Working and Tailored Clothing,12
-5000,initial,98,North kirihivakai Tribe,Oceanic Navigators,102,Hafted Stone Tools,12
-5000,initial,98,North kirihivakai Tribe,Oceanic Navigators,104,Fishing Technology,12
-5000,initial,98,North kirihivakai Tribe,Oceanic Navigators,105,Food Preservation,12
-5000,initial,98,North kirihivakai Tribe,Oceanic Navigators,106,Storage Pits and Containers,12
-5000,initial,98,North kirihivakai Tribe,Oceanic Navigators,107,Seasonal Aggregation Camps,12
-5000,initial,98,North kirihivakai Tribe,Oceanic Navigators,108,Watercraft,12
-5000,initial,98,North kirihivakai Tribe,Oceanic Navigators,113,Sedentism,12
-5000,initial,98,North kirihivakai Tribe,Oceanic Navigators,3,Archery,12
-5000,initial,98,North kirihivakai Tribe,Oceanic Navigators,5,Sailing,12
-5000,initial,98,North kirihivakai Tribe,Oceanic Navigators,6,Calendar,12
-5000,initial,99,Great motanetanea Tribe,Oceanic Navigators,100,Cordage and Knots,12
-5000,initial,99,Great motanetanea Tribe,Oceanic Navigators,101,Hide Working and Tailored Clothing,12
-5000,initial,99,Great motanetanea Tribe,Oceanic Navigators,102,Hafted Stone Tools,12
-5000,initial,99,Great motanetanea Tribe,Oceanic Navigators,104,Fishing Technology,12
-5000,initial,99,Great motanetanea Tribe,Oceanic Navigators,105,Food Preservation,12
-5000,initial,99,Great motanetanea Tribe,Oceanic Navigators,106,Storage Pits and Containers,12
-5000,initial,99,Great motanetanea Tribe,Oceanic Navigators,107,Seasonal Aggregation Camps,12
-5000,initial,99,Great motanetanea Tribe,Oceanic Navigators,108,Watercraft,12
-5000,initial,99,Great motanetanea Tribe,Oceanic Navigators,113,Sedentism,12
-5000,initial,99,Great motanetanea Tribe,Oceanic Navigators,3,Archery,12
-5000,initial,99,Great motanetanea Tribe,Oceanic Navigators,5,Sailing,12
-5000,initial,99,Great motanetanea Tribe,Oceanic Navigators,6,Calendar,12
-4980,initial,100,Great suyukusyu Tribe,Andean Highland,100,Cordage and Knots,10
-4980,initial,100,Great suyukusyu Tribe,Andean Highland,101,Hide Working and Tailored Clothing,10
-4980,initial,100,Great suyukusyu Tribe,Andean Highland,102,Hafted Stone Tools,10
-4980,initial,100,Great suyukusyu Tribe,Andean Highland,105,Food Preservation,10
-4980,initial,100,Great suyukusyu Tribe,Andean Highland,106,Storage Pits and Containers,10
-4980,initial,100,Great suyukusyu Tribe,Andean Highland,107,Seasonal Aggregation Camps,10
-4980,initial,100,Great suyukusyu Tribe,Andean Highland,111,Grinding Stones,10
-4980,initial,100,Great suyukusyu Tribe,Andean Highland,116,Charcoal Firing,10
-4980,initial,100,Great suyukusyu Tribe,Andean Highland,4,Mining,10
-4980,initial,100,Great suyukusyu Tribe,Andean Highland,3,Archery,10
-4970,initial,101,New kinnaland Tribe,Steppe Nomadic,100,Cordage and Knots,9
-4970,initial,101,New kinnaland Tribe,Steppe Nomadic,101,Hide Working and Tailored Clothing,9
-4970,initial,101,New kinnaland Tribe,Steppe Nomadic,102,Hafted Stone Tools,9
-4970,initial,101,New kinnaland Tribe,Steppe Nomadic,105,Food Preservation,9
-4970,initial,101,New kinnaland Tribe,Steppe Nomadic,106,Storage Pits and Containers,9
-4970,initial,101,New kinnaland Tribe,Steppe Nomadic,107,Seasonal Aggregation Camps,9
-4970,initial,101,New kinnaland Tribe,Steppe Nomadic,110,Dog Domestication,9
-4970,initial,101,New kinnaland Tribe,Steppe Nomadic,111,Grinding Stones,9
-4970,initial,101,New kinnaland Tribe,Steppe Nomadic,3,Archery,9
-4890,initial,102,South temtolan Tribe,Mesoamerican,100,Cordage and Knots,14
-4890,initial,102,South temtolan Tribe,Mesoamerican,101,Hide Working and Tailored Clothing,14
-4890,initial,102,South temtolan Tribe,Mesoamerican,102,Hafted Stone Tools,14
-4890,initial,102,South temtolan Tribe,Mesoamerican,105,Food Preservation,14
-4890,initial,102,South temtolan Tribe,Mesoamerican,106,Storage Pits and Containers,14
-4890,initial,102,South temtolan Tribe,Mesoamerican,107,Seasonal Aggregation Camps,14
-4890,initial,102,South temtolan Tribe,Mesoamerican,111,Grinding Stones,14
-4890,initial,102,South temtolan Tribe,Mesoamerican,112,Proto-cultivation,14
-4890,initial,102,South temtolan Tribe,Mesoamerican,113,Sedentism,14
-4890,initial,102,South temtolan Tribe,Mesoamerican,116,Charcoal Firing,14
-4890,initial,102,South temtolan Tribe,Mesoamerican,1,Pottery,14
-4890,initial,102,South temtolan Tribe,Mesoamerican,20,Agriculture,14
-4890,initial,102,South temtolan Tribe,Mesoamerican,3,Archery,14
-4890,initial,102,South temtolan Tribe,Mesoamerican,6,Calendar,14
-4890,initial,103,North zenrommargrad Tribe,Caribbean Seafaring,100,Cordage and Knots,7
-4890,initial,103,North zenrommargrad Tribe,Caribbean Seafaring,101,Hide Working and Tailored Clothing,7
-4890,initial,103,North zenrommargrad Tribe,Caribbean Seafaring,102,Hafted Stone Tools,7
-4890,initial,103,North zenrommargrad Tribe,Caribbean Seafaring,105,Food Preservation,7
-4890,initial,103,North zenrommargrad Tribe,Caribbean Seafaring,106,Storage Pits and Containers,7
-4890,initial,103,North zenrommargrad Tribe,Caribbean Seafaring,107,Seasonal Aggregation Camps,7
-4890,initial,103,North zenrommargrad Tribe,Caribbean Seafaring,3,Archery,7
-4860,initial,104,North varraa Tribe,Indic Riverine,100,Cordage and Knots,11
-4860,initial,104,North varraa Tribe,Indic Riverine,101,Hide Working and Tailored Clothing,11
-4860,initial,104,North varraa Tribe,Indic Riverine,102,Hafted Stone Tools,11
-4860,initial,104,North varraa Tribe,Indic Riverine,105,Food Preservation,11
-4860,initial,104,North varraa Tribe,Indic Riverine,106,Storage Pits and Containers,11
-4860,initial,104,North varraa Tribe,Indic Riverine,107,Seasonal Aggregation Camps,11
-4860,initial,104,North varraa Tribe,Indic Riverine,110,Dog Domestication,11
-4860,initial,104,North varraa Tribe,Indic Riverine,111,Grinding Stones,11
-4860,initial,104,North varraa Tribe,Indic Riverine,116,Charcoal Firing,11
-4860,initial,104,North varraa Tribe,Indic Riverine,4,Mining,11
-4860,initial,104,North varraa Tribe,Indic Riverine,3,Archery,11
-4835,initial,105,Great intiayaa Tribe,Andean Highland,100,Cordage and Knots,10
-4835,initial,105,Great intiayaa Tribe,Andean Highland,101,Hide Working and Tailored Clothing,10
-4835,initial,105,Great intiayaa Tribe,Andean Highland,102,Hafted Stone Tools,10
-4835,initial,105,Great intiayaa Tribe,Andean Highland,105,Food Preservation,10
-4835,initial,105,Great intiayaa Tribe,Andean Highland,106,Storage Pits and Containers,10
-4835,initial,105,Great intiayaa Tribe,Andean Highland,107,Seasonal Aggregation Camps,10
-4835,initial,105,Great intiayaa Tribe,Andean Highland,111,Grinding Stones,10
-4835,initial,105,Great intiayaa Tribe,Andean Highland,116,Charcoal Firing,10
-4835,initial,105,Great intiayaa Tribe,Andean Highland,4,Mining,10
-4835,initial,105,Great intiayaa Tribe,Andean Highland,3,Archery,10
-4725,initial,106,Great tarbelromum Tribe,Central Plain,100,Cordage and Knots,11
-4725,initial,106,Great tarbelromum Tribe,Central Plain,101,Hide Working and Tailored Clothing,11
-4725,initial,106,Great tarbelromum Tribe,Central Plain,102,Hafted Stone Tools,11
-4725,initial,106,Great tarbelromum Tribe,Central Plain,105,Food Preservation,11
-4725,initial,106,Great tarbelromum Tribe,Central Plain,106,Storage Pits and Containers,11
-4725,initial,106,Great tarbelromum Tribe,Central Plain,107,Seasonal Aggregation Camps,11
-4725,initial,106,Great tarbelromum Tribe,Central Plain,110,Dog Domestication,11
-4725,initial,106,Great tarbelromum Tribe,Central Plain,111,Grinding Stones,11
-4725,initial,106,Great tarbelromum Tribe,Central Plain,116,Charcoal Firing,11
-4725,initial,106,Great tarbelromum Tribe,Central Plain,4,Mining,11
-4725,initial,106,Great tarbelromum Tribe,Central Plain,3,Archery,11
-4720,initial,107,North samashar Tribe,Fertile Crescent,100,Cordage and Knots,12
-4720,initial,107,North samashar Tribe,Fertile Crescent,101,Hide Working and Tailored Clothing,12
-4720,initial,107,North samashar Tribe,Fertile Crescent,102,Hafted Stone Tools,12
-4720,initial,107,North samashar Tribe,Fertile Crescent,105,Food Preservation,12
-4720,initial,107,North samashar Tribe,Fertile Crescent,106,Storage Pits and Containers,12
-4720,initial,107,North samashar Tribe,Fertile Crescent,107,Seasonal Aggregation Camps,12
-4720,initial,107,North samashar Tribe,Fertile Crescent,110,Dog Domestication,12
-4720,initial,107,North samashar Tribe,Fertile Crescent,111,Grinding Stones,12
-4720,initial,107,North samashar Tribe,Fertile Crescent,116,Charcoal Firing,12
-4720,initial,107,North samashar Tribe,Fertile Crescent,119,Native Copper Working,12
-4720,initial,107,North samashar Tribe,Fertile Crescent,4,Mining,12
-4720,initial,107,North samashar Tribe,Fertile Crescent,3,Archery,12
-4605,initial,108,Ranbelland Tribe,Steppe Nomadic,100,Cordage and Knots,9
-4605,initial,108,Ranbelland Tribe,Steppe Nomadic,101,Hide Working and Tailored Clothing,9
-4605,initial,108,Ranbelland Tribe,Steppe Nomadic,102,Hafted Stone Tools,9
-4605,initial,108,Ranbelland Tribe,Steppe Nomadic,105,Food Preservation,9
-4605,initial,108,Ranbelland Tribe,Steppe Nomadic,106,Storage Pits and Containers,9
-4605,initial,108,Ranbelland Tribe,Steppe Nomadic,107,Seasonal Aggregation Camps,9
-4605,initial,108,Ranbelland Tribe,Steppe Nomadic,110,Dog Domestication,9
-4605,initial,108,Ranbelland Tribe,Steppe Nomadic,111,Grinding Stones,9
-4605,initial,108,Ranbelland Tribe,Steppe Nomadic,3,Archery,9
-4590,initial,109,New weiliqinshan Kingdom,East Riverine,100,Cordage and Knots,10
-4590,initial,109,New weiliqinshan Kingdom,East Riverine,101,Hide Working and Tailored Clothing,10
-4590,initial,109,New weiliqinshan Kingdom,East Riverine,102,Hafted Stone Tools,10
-4590,initial,109,New weiliqinshan Kingdom,East Riverine,105,Food Preservation,10
-4590,initial,109,New weiliqinshan Kingdom,East Riverine,106,Storage Pits and Containers,10
-4590,initial,109,New weiliqinshan Kingdom,East Riverine,107,Seasonal Aggregation Camps,10
-4590,initial,109,New weiliqinshan Kingdom,East Riverine,110,Dog Domestication,10
-4590,initial,109,New weiliqinshan Kingdom,East Riverine,111,Grinding Stones,10
-4590,initial,109,New weiliqinshan Kingdom,East Riverine,116,Charcoal Firing,10
-4590,initial,109,New weiliqinshan Kingdom,East Riverine,3,Archery,10
-4475,initial,110,Old tupayatupa Kingdom,Andean Highland,100,Cordage and Knots,10
-4475,initial,110,Old tupayatupa Kingdom,Andean Highland,101,Hide Working and Tailored Clothing,10
-4475,initial,110,Old tupayatupa Kingdom,Andean Highland,102,Hafted Stone Tools,10
-4475,initial,110,Old tupayatupa Kingdom,Andean Highland,105,Food Preservation,10
-4475,initial,110,Old tupayatupa Kingdom,Andean Highland,106,Storage Pits and Containers,10
-4475,initial,110,Old tupayatupa Kingdom,Andean Highland,107,Seasonal Aggregation Camps,10
-4475,initial,110,Old tupayatupa Kingdom,Andean Highland,111,Grinding Stones,10
-4475,initial,110,Old tupayatupa Kingdom,Andean Highland,116,Charcoal Firing,10
-4475,initial,110,Old tupayatupa Kingdom,Andean Highland,4,Mining,10
-4475,initial,110,Old tupayatupa Kingdom,Andean Highland,3,Archery,10
-4430,initial,111,Great karbelum Tribe,Central Plain,100,Cordage and Knots,11
-4430,initial,111,Great karbelum Tribe,Central Plain,101,Hide Working and Tailored Clothing,11
-4430,initial,111,Great karbelum Tribe,Central Plain,102,Hafted Stone Tools,11
-4430,initial,111,Great karbelum Tribe,Central Plain,105,Food Preservation,11
-4430,initial,111,Great karbelum Tribe,Central Plain,106,Storage Pits and Containers,11
-4430,initial,111,Great karbelum Tribe,Central Plain,107,Seasonal Aggregation Camps,11
-4430,initial,111,Great karbelum Tribe,Central Plain,110,Dog Domestication,11
-4430,initial,111,Great karbelum Tribe,Central Plain,111,Grinding Stones,11
-4430,initial,111,Great karbelum Tribe,Central Plain,116,Charcoal Firing,11
-4430,initial,111,Great karbelum Tribe,Central Plain,4,Mining,11
-4430,initial,111,Great karbelum Tribe,Central Plain,3,Archery,11
-4395,initial,112,New mittan Tribe,Indic Riverine,100,Cordage and Knots,17
-4395,initial,112,New mittan Tribe,Indic Riverine,101,Hide Working and Tailored Clothing,17
-4395,initial,112,New mittan Tribe,Indic Riverine,102,Hafted Stone Tools,17
-4395,initial,112,New mittan Tribe,Indic Riverine,105,Food Preservation,17
-4395,initial,112,New mittan Tribe,Indic Riverine,106,Storage Pits and Containers,17
-4395,initial,112,New mittan Tribe,Indic Riverine,107,Seasonal Aggregation Camps,17
-4395,initial,112,New mittan Tribe,Indic Riverine,110,Dog Domestication,17
-4395,initial,112,New mittan Tribe,Indic Riverine,111,Grinding Stones,17
-4395,initial,112,New mittan Tribe,Indic Riverine,112,Proto-cultivation,17
-4395,initial,112,New mittan Tribe,Indic Riverine,113,Sedentism,17
-4395,initial,112,New mittan Tribe,Indic Riverine,114,Enclosures and Herd Management,17
-4395,initial,112,New mittan Tribe,Indic Riverine,115,Counting Tokens and Tallies,17
-4395,initial,112,New mittan Tribe,Indic Riverine,116,Charcoal Firing,17
-4395,initial,112,New mittan Tribe,Indic Riverine,1,Pottery,17
-4395,initial,112,New mittan Tribe,Indic Riverine,20,Agriculture,17
-4395,initial,112,New mittan Tribe,Indic Riverine,3,Archery,17
-4395,initial,112,New mittan Tribe,Indic Riverine,6,Calendar,17
-4385,initial,113,South linzen Tribe,Eastern Woodland,100,Cordage and Knots,9
-4385,initial,113,South linzen Tribe,Eastern Woodland,101,Hide Working and Tailored Clothing,9
-4385,initial,113,South linzen Tribe,Eastern Woodland,102,Hafted Stone Tools,9
-4385,initial,113,South linzen Tribe,Eastern Woodland,105,Food Preservation,9
-4385,initial,113,South linzen Tribe,Eastern Woodland,106,Storage Pits and Containers,9
-4385,initial,113,South linzen Tribe,Eastern Woodland,107,Seasonal Aggregation Camps,9
-4385,initial,113,South linzen Tribe,Eastern Woodland,111,Grinding Stones,9
-4385,initial,113,South linzen Tribe,Eastern Woodland,4,Mining,9
-4385,initial,113,South linzen Tribe,Eastern Woodland,3,Archery,9
-4370,initial,114,North renlixia Kingdom,East Riverine,100,Cordage and Knots,10
-4370,initial,114,North renlixia Kingdom,East Riverine,101,Hide Working and Tailored Clothing,10
-4370,initial,114,North renlixia Kingdom,East Riverine,102,Hafted Stone Tools,10
-4370,initial,114,North renlixia Kingdom,East Riverine,105,Food Preservation,10
-4370,initial,114,North renlixia Kingdom,East Riverine,106,Storage Pits and Containers,10
-4370,initial,114,North renlixia Kingdom,East Riverine,107,Seasonal Aggregation Camps,10
-4370,initial,114,North renlixia Kingdom,East Riverine,110,Dog Domestication,10
-4370,initial,114,North renlixia Kingdom,East Riverine,111,Grinding Stones,10
-4370,initial,114,North renlixia Kingdom,East Riverine,116,Charcoal Firing,10
-4370,initial,114,North renlixia Kingdom,East Riverine,3,Archery,10
-4125,initial,115,North ninashbarum Kingdom,Fertile Crescent,100,Cordage and Knots,12
-4125,initial,115,North ninashbarum Kingdom,Fertile Crescent,101,Hide Working and Tailored Clothing,12
-4125,initial,115,North ninashbarum Kingdom,Fertile Crescent,102,Hafted Stone Tools,12
-4125,initial,115,North ninashbarum Kingdom,Fertile Crescent,105,Food Preservation,12
-4125,initial,115,North ninashbarum Kingdom,Fertile Crescent,106,Storage Pits and Containers,12
-4125,initial,115,North ninashbarum Kingdom,Fertile Crescent,107,Seasonal Aggregation Camps,12
-4125,initial,115,North ninashbarum Kingdom,Fertile Crescent,110,Dog Domestication,12
-4125,initial,115,North ninashbarum Kingdom,Fertile Crescent,111,Grinding Stones,12
-4125,initial,115,North ninashbarum Kingdom,Fertile Crescent,116,Charcoal Firing,12
-4125,initial,115,North ninashbarum Kingdom,Fertile Crescent,119,Native Copper Working,12
-4125,initial,115,North ninashbarum Kingdom,Fertile Crescent,4,Mining,12
-4125,initial,115,North ninashbarum Kingdom,Fertile Crescent,3,Archery,12
-4075,initial,116,Great zhoweiguo Tribe,East Riverine,100,Cordage and Knots,11
-4075,initial,116,Great zhoweiguo Tribe,East Riverine,101,Hide Working and Tailored Clothing,11
-4075,initial,116,Great zhoweiguo Tribe,East Riverine,102,Hafted Stone Tools,11
-4075,initial,116,Great zhoweiguo Tribe,East Riverine,105,Food Preservation,11
-4075,initial,116,Great zhoweiguo Tribe,East Riverine,106,Storage Pits and Containers,11
-4075,initial,116,Great zhoweiguo Tribe,East Riverine,107,Seasonal Aggregation Camps,11
-4075,initial,116,Great zhoweiguo Tribe,East Riverine,110,Dog Domestication,11
-4075,initial,116,Great zhoweiguo Tribe,East Riverine,111,Grinding Stones,11
-4075,initial,116,Great zhoweiguo Tribe,East Riverine,116,Charcoal Firing,11
-4075,initial,116,Great zhoweiguo Tribe,East Riverine,4,Mining,11
-4075,initial,116,Great zhoweiguo Tribe,East Riverine,3,Archery,11
-3930,initial,117,South hanlin Tribe,East Riverine,100,Cordage and Knots,11
-3930,initial,117,South hanlin Tribe,East Riverine,101,Hide Working and Tailored Clothing,11
-3930,initial,117,South hanlin Tribe,East Riverine,102,Hafted Stone Tools,11
-3930,initial,117,South hanlin Tribe,East Riverine,105,Food Preservation,11
-3930,initial,117,South hanlin Tribe,East Riverine,106,Storage Pits and Containers,11
-3930,initial,117,South hanlin Tribe,East Riverine,107,Seasonal Aggregation Camps,11
-3930,initial,117,South hanlin Tribe,East Riverine,110,Dog Domestication,11
-3930,initial,117,South hanlin Tribe,East Riverine,111,Grinding Stones,11
-3930,initial,117,South hanlin Tribe,East Riverine,116,Charcoal Firing,11
-3930,initial,117,South hanlin Tribe,East Riverine,4,Mining,11
-3930,initial,117,South hanlin Tribe,East Riverine,3,Archery,11
-3900,initial,118,Great surmitpur Tribe,Indic Riverine,100,Cordage and Knots,10
-3900,initial,118,Great surmitpur Tribe,Indic Riverine,101,Hide Working and Tailored Clothing,10
-3900,initial,118,Great surmitpur Tribe,Indic Riverine,102,Hafted Stone Tools,10
-3900,initial,118,Great surmitpur Tribe,Indic Riverine,105,Food Preservation,10
-3900,initial,118,Great surmitpur Tribe,Indic Riverine,106,Storage Pits and Containers,10
-3900,initial,118,Great surmitpur Tribe,Indic Riverine,107,Seasonal Aggregation Camps,10
-3900,initial,118,Great surmitpur Tribe,Indic Riverine,110,Dog Domestication,10
-3900,initial,118,Great surmitpur Tribe,Indic Riverine,111,Grinding Stones,10
-3900,initial,118,Great surmitpur Tribe,Indic Riverine,116,Charcoal Firing,10
-3900,initial,118,Great surmitpur Tribe,Indic Riverine,3,Archery,10
-3725,initial,119,Great lorranquiia Tribe,Steppe Nomadic,100,Cordage and Knots,9
-3725,initial,119,Great lorranquiia Tribe,Steppe Nomadic,101,Hide Working and Tailored Clothing,9
-3725,initial,119,Great lorranquiia Tribe,Steppe Nomadic,102,Hafted Stone Tools,9
-3725,initial,119,Great lorranquiia Tribe,Steppe Nomadic,105,Food Preservation,9
-3725,initial,119,Great lorranquiia Tribe,Steppe Nomadic,106,Storage Pits and Containers,9
-3725,initial,119,Great lorranquiia Tribe,Steppe Nomadic,107,Seasonal Aggregation Camps,9
-3725,initial,119,Great lorranquiia Tribe,Steppe Nomadic,110,Dog Domestication,9
-3725,initial,119,Great lorranquiia Tribe,Steppe Nomadic,111,Grinding Stones,9
-3725,initial,119,Great lorranquiia Tribe,Steppe Nomadic,3,Archery,9
-3725,initial,120,Old matana Tribe,North Saharan,100,Cordage and Knots,10
-3725,initial,120,Old matana Tribe,North Saharan,101,Hide Working and Tailored Clothing,10
-3725,initial,120,Old matana Tribe,North Saharan,102,Hafted Stone Tools,10
-3725,initial,120,Old matana Tribe,North Saharan,105,Food Preservation,10
-3725,initial,120,Old matana Tribe,North Saharan,106,Storage Pits and Containers,10
-3725,initial,120,Old matana Tribe,North Saharan,107,Seasonal Aggregation Camps,10
-3725,initial,120,Old matana Tribe,North Saharan,110,Dog Domestication,10
-3725,initial,120,Old matana Tribe,North Saharan,111,Grinding Stones,10
-3725,initial,120,Old matana Tribe,North Saharan,116,Charcoal Firing,10
-3725,initial,120,Old matana Tribe,North Saharan,3,Archery,10
-3715,initial,121,Zenvia Tribe,Monsoon Coastal,100,Cordage and Knots,10
-3715,initial,121,Zenvia Tribe,Monsoon Coastal,101,Hide Working and Tailored Clothing,10
-3715,initial,121,Zenvia Tribe,Monsoon Coastal,102,Hafted Stone Tools,10
-3715,initial,121,Zenvia Tribe,Monsoon Coastal,105,Food Preservation,10
-3715,initial,121,Zenvia Tribe,Monsoon Coastal,106,Storage Pits and Containers,10
-3715,initial,121,Zenvia Tribe,Monsoon Coastal,107,Seasonal Aggregation Camps,10
-3715,initial,121,Zenvia Tribe,Monsoon Coastal,110,Dog Domestication,10
-3715,initial,121,Zenvia Tribe,Monsoon Coastal,111,Grinding Stones,10
-3715,initial,121,Zenvia Tribe,Monsoon Coastal,116,Charcoal Firing,10
-3715,initial,121,Zenvia Tribe,Monsoon Coastal,3,Archery,10
-3505,initial,122,South varnalra Kingdom,Indic Riverine,100,Cordage and Knots,10
-3505,initial,122,South varnalra Kingdom,Indic Riverine,101,Hide Working and Tailored Clothing,10
-3505,initial,122,South varnalra Kingdom,Indic Riverine,102,Hafted Stone Tools,10
-3505,initial,122,South varnalra Kingdom,Indic Riverine,105,Food Preservation,10
-3505,initial,122,South varnalra Kingdom,Indic Riverine,106,Storage Pits and Containers,10
-3505,initial,122,South varnalra Kingdom,Indic Riverine,107,Seasonal Aggregation Camps,10
-3505,initial,122,South varnalra Kingdom,Indic Riverine,110,Dog Domestication,10
-3505,initial,122,South varnalra Kingdom,Indic Riverine,111,Grinding Stones,10
-3505,initial,122,South varnalra Kingdom,Indic Riverine,116,Charcoal Firing,10
-3505,initial,122,South varnalra Kingdom,Indic Riverine,3,Archery,10
-3467,unlock,69,Kingdom of Great temxocco,Mesoamerican,103,Bone and Antler Tools,14
-3448,unlock,9,Kanshakanpur Tribe,Indic Riverine,103,Bone and Antler Tools,14
-3445,initial,123,Great linlishan Tribe,East Riverine,100,Cordage and Knots,10
-3445,initial,123,Great linlishan Tribe,East Riverine,101,Hide Working and Tailored Clothing,10
-3445,initial,123,Great linlishan Tribe,East Riverine,102,Hafted Stone Tools,10
-3445,initial,123,Great linlishan Tribe,East Riverine,105,Food Preservation,10
-3445,initial,123,Great linlishan Tribe,East Riverine,106,Storage Pits and Containers,10
-3445,initial,123,Great linlishan Tribe,East Riverine,107,Seasonal Aggregation Camps,10
-3445,initial,123,Great linlishan Tribe,East Riverine,110,Dog Domestication,10
-3445,initial,123,Great linlishan Tribe,East Riverine,111,Grinding Stones,10
-3445,initial,123,Great linlishan Tribe,East Riverine,116,Charcoal Firing,10
-3445,initial,123,Great linlishan Tribe,East Riverine,3,Archery,10
-3439,unlock,48,Chibarkaa Tribe,Nile Floodplain,103,Bone and Antler Tools,18
-3400,initial,124,Great calnahan Tribe,Mesoamerican,100,Cordage and Knots,9
-3400,initial,124,Great calnahan Tribe,Mesoamerican,101,Hide Working and Tailored Clothing,9
-3400,initial,124,Great calnahan Tribe,Mesoamerican,102,Hafted Stone Tools,9
-3400,initial,124,Great calnahan Tribe,Mesoamerican,105,Food Preservation,9
-3400,initial,124,Great calnahan Tribe,Mesoamerican,106,Storage Pits and Containers,9
-3400,initial,124,Great calnahan Tribe,Mesoamerican,107,Seasonal Aggregation Camps,9
-3400,initial,124,Great calnahan Tribe,Mesoamerican,111,Grinding Stones,9
-3400,initial,124,Great calnahan Tribe,Mesoamerican,116,Charcoal Firing,9
-3400,initial,124,Great calnahan Tribe,Mesoamerican,3,Archery,9
-3388,unlock,67,South nahteo Tribe,Mesoamerican,104,Fishing Technology,14
-3384,unlock,67,South nahteo Tribe,Mesoamerican,103,Bone and Antler Tools,15
-3360,initial,125,New lorzenkinland Tribe,Eastern Woodland,100,Cordage and Knots,8
-3360,initial,125,New lorzenkinland Tribe,Eastern Woodland,101,Hide Working and Tailored Clothing,8
-3360,initial,125,New lorzenkinland Tribe,Eastern Woodland,102,Hafted Stone Tools,8
-3360,initial,125,New lorzenkinland Tribe,Eastern Woodland,105,Food Preservation,8
-3360,initial,125,New lorzenkinland Tribe,Eastern Woodland,106,Storage Pits and Containers,8
-3360,initial,125,New lorzenkinland Tribe,Eastern Woodland,107,Seasonal Aggregation Camps,8
-3360,initial,125,New lorzenkinland Tribe,Eastern Woodland,111,Grinding Stones,8
-3360,initial,125,New lorzenkinland Tribe,Eastern Woodland,3,Archery,8
-3350,initial,126,South xiaxialing Kingdom,East Riverine,100,Cordage and Knots,10
-3350,initial,126,South xiaxialing Kingdom,East Riverine,101,Hide Working and Tailored Clothing,10
-3350,initial,126,South xiaxialing Kingdom,East Riverine,102,Hafted Stone Tools,10
-3350,initial,126,South xiaxialing Kingdom,East Riverine,105,Food Preservation,10
-3350,initial,126,South xiaxialing Kingdom,East Riverine,106,Storage Pits and Containers,10
-3350,initial,126,South xiaxialing Kingdom,East Riverine,107,Seasonal Aggregation Camps,10
-3350,initial,126,South xiaxialing Kingdom,East Riverine,110,Dog Domestication,10
-3350,initial,126,South xiaxialing Kingdom,East Riverine,111,Grinding Stones,10
-3350,initial,126,South xiaxialing Kingdom,East Riverine,116,Charcoal Firing,10
-3350,initial,126,South xiaxialing Kingdom,East Riverine,3,Archery,10
-3310,initial,127,North beldorvenum Kingdom,Central Plain,100,Cordage and Knots,11
-3310,initial,127,North beldorvenum Kingdom,Central Plain,101,Hide Working and Tailored Clothing,11
-3310,initial,127,North beldorvenum Kingdom,Central Plain,102,Hafted Stone Tools,11
-3310,initial,127,North beldorvenum Kingdom,Central Plain,105,Food Preservation,11
-3310,initial,127,North beldorvenum Kingdom,Central Plain,106,Storage Pits and Containers,11
-3310,initial,127,North beldorvenum Kingdom,Central Plain,107,Seasonal Aggregation Camps,11
-3310,initial,127,North beldorvenum Kingdom,Central Plain,110,Dog Domestication,11
-3310,initial,127,North beldorvenum Kingdom,Central Plain,111,Grinding Stones,11
-3310,initial,127,North beldorvenum Kingdom,Central Plain,116,Charcoal Firing,11
-3310,initial,127,North beldorvenum Kingdom,Central Plain,4,Mining,11
-3310,initial,127,North beldorvenum Kingdom,Central Plain,3,Archery,11
-3276,unlock,69,Kingdom of Great temxocco,Mesoamerican,115,Counting Tokens and Tallies,15
-3273,unlock,67,South nahteo Tribe,Mesoamerican,114,Enclosures and Herd Management,16
-3255,initial,128,New norromromia Tribe,Mediterranean Urban,100,Cordage and Knots,10
-3255,initial,128,New norromromia Tribe,Mediterranean Urban,101,Hide Working and Tailored Clothing,10
-3255,initial,128,New norromromia Tribe,Mediterranean Urban,102,Hafted Stone Tools,10
-3255,initial,128,New norromromia Tribe,Mediterranean Urban,105,Food Preservation,10
-3255,initial,128,New norromromia Tribe,Mediterranean Urban,106,Storage Pits and Containers,10
-3255,initial,128,New norromromia Tribe,Mediterranean Urban,107,Seasonal Aggregation Camps,10
-3255,initial,128,New norromromia Tribe,Mediterranean Urban,110,Dog Domestication,10
-3255,initial,128,New norromromia Tribe,Mediterranean Urban,111,Grinding Stones,10
-3255,initial,128,New norromromia Tribe,Mediterranean Urban,116,Charcoal Firing,10
-3255,initial,128,New norromromia Tribe,Mediterranean Urban,3,Archery,10
-3225,unlock,43,Old quisolbel Tribe,Monsoon Coastal,10,Irrigation,19
-3188,unlock,67,South nahteo Tribe,Mesoamerican,115,Counting Tokens and Tallies,17
-3177,unlock,52,Empire of Tanka,West Sahel,103,Bone and Antler Tools,14
-3177,unlock,67,South nahteo Tribe,Mesoamerican,7,Wheel,18
-3175,initial,129,Old urkalbarum Tribe,Fertile Crescent,100,Cordage and Knots,12
-3175,initial,129,Old urkalbarum Tribe,Fertile Crescent,101,Hide Working and Tailored Clothing,12
-3175,initial,129,Old urkalbarum Tribe,Fertile Crescent,102,Hafted Stone Tools,12
-3175,initial,129,Old urkalbarum Tribe,Fertile Crescent,105,Food Preservation,12
-3175,initial,129,Old urkalbarum Tribe,Fertile Crescent,106,Storage Pits and Containers,12
-3175,initial,129,Old urkalbarum Tribe,Fertile Crescent,107,Seasonal Aggregation Camps,12
-3175,initial,129,Old urkalbarum Tribe,Fertile Crescent,110,Dog Domestication,12
-3175,initial,129,Old urkalbarum Tribe,Fertile Crescent,111,Grinding Stones,12
-3175,initial,129,Old urkalbarum Tribe,Fertile Crescent,116,Charcoal Firing,12
-3175,initial,129,Old urkalbarum Tribe,Fertile Crescent,119,Native Copper Working,12
-3175,initial,129,Old urkalbarum Tribe,Fertile Crescent,4,Mining,12
-3175,initial,129,Old urkalbarum Tribe,Fertile Crescent,3,Archery,12
-3149,unlock,52,Empire of Tanka,West Sahel,104,Fishing Technology,15
-3147,unlock,79,South kussumpacha Tribe,Andean Highland,104,Fishing Technology,10
-3131,unlock,69,Kingdom of South chitemcaltan,Mesoamerican,114,Enclosures and Herd Management,16
-3125,initial,130,New dravarvidesh Kingdom,Indic Riverine,100,Cordage and Knots,10
-3125,initial,130,New dravarvidesh Kingdom,Indic Riverine,101,Hide Working and Tailored Clothing,10
-3125,initial,130,New dravarvidesh Kingdom,Indic Riverine,102,Hafted Stone Tools,10
-3125,initial,130,New dravarvidesh Kingdom,Indic Riverine,105,Food Preservation,10
-3125,initial,130,New dravarvidesh Kingdom,Indic Riverine,106,Storage Pits and Containers,10
-3125,initial,130,New dravarvidesh Kingdom,Indic Riverine,107,Seasonal Aggregation Camps,10
-3125,initial,130,New dravarvidesh Kingdom,Indic Riverine,110,Dog Domestication,10
-3125,initial,130,New dravarvidesh Kingdom,Indic Riverine,111,Grinding Stones,10
-3125,initial,130,New dravarvidesh Kingdom,Indic Riverine,116,Charcoal Firing,10
-3125,initial,130,New dravarvidesh Kingdom,Indic Riverine,3,Archery,10
-3123,unlock,43,Old quisolbel Tribe,Monsoon Coastal,115,Counting Tokens and Tallies,20
-3120,unlock,73,South tolitzmix Tribe,Mesoamerican,103,Bone and Antler Tools,14
-3113,unlock,43,Old quisolbel Tribe,Monsoon Coastal,109,Long-distance Exchange Networks,21
-3110,initial,131,Ranterbelgrad Tribe,Eastern Woodland,100,Cordage and Knots,8
-3110,initial,131,Ranterbelgrad Tribe,Eastern Woodland,101,Hide Working and Tailored Clothing,8
-3110,initial,131,Ranterbelgrad Tribe,Eastern Woodland,102,Hafted Stone Tools,8
-3110,initial,131,Ranterbelgrad Tribe,Eastern Woodland,105,Food Preservation,8
-3110,initial,131,Ranterbelgrad Tribe,Eastern Woodland,106,Storage Pits and Containers,8
-3110,initial,131,Ranterbelgrad Tribe,Eastern Woodland,107,Seasonal Aggregation Camps,8
-3110,initial,131,Ranterbelgrad Tribe,Eastern Woodland,111,Grinding Stones,8
-3110,initial,131,Ranterbelgrad Tribe,Eastern Woodland,3,Archery,8
-3099,unlock,69,Kingdom of South chitemcaltan,Mesoamerican,10,Irrigation,17
-3098,unlock,67,South nahteo Tribe,Mesoamerican,10,Irrigation,19
-3095,unlock,112,New mittan Tribe,Indic Riverine,7,Wheel,17
-3082,unlock,67,South nahteo Tribe,Mesoamerican,108,Watercraft,20
-3063,unlock,102,South temtolan Tribe,Mesoamerican,110,Dog Domestication,14
-3054,unlock,39,Old nazengargrad Tribe,Monsoon Coastal,103,Bone and Antler Tools,19
-3052,unlock,69,Kingdom of South chitemcaltan,Mesoamerican,110,Dog Domestication,18
-3045,unlock,69,Kingdom of South chitemcaltan,Mesoamerican,7,Wheel,19
-3042,unlock,74,Kingdom of Great chinahpan,Mesoamerican,115,Counting Tokens and Tallies,14
-3039,unlock,69,Kingdom of South chitemcaltan,Mesoamerican,104,Fishing Technology,20
-3037,unlock,102,South temtolan Tribe,Mesoamerican,115,Counting Tokens and Tallies,15
-3035,unlock,102,South temtolan Tribe,Mesoamerican,104,Fishing Technology,16
-3035,initial,132,Great linwei Tribe,East Riverine,100,Cordage and Knots,11
-3035,initial,132,Great linwei Tribe,East Riverine,101,Hide Working and Tailored Clothing,11
-3035,initial,132,Great linwei Tribe,East Riverine,102,Hafted Stone Tools,11
-3035,initial,132,Great linwei Tribe,East Riverine,105,Food Preservation,11
-3035,initial,132,Great linwei Tribe,East Riverine,106,Storage Pits and Containers,11
-3035,initial,132,Great linwei Tribe,East Riverine,107,Seasonal Aggregation Camps,11
-3035,initial,132,Great linwei Tribe,East Riverine,110,Dog Domestication,11
-3035,initial,132,Great linwei Tribe,East Riverine,111,Grinding Stones,11
-3035,initial,132,Great linwei Tribe,East Riverine,116,Charcoal Firing,11
-3035,initial,132,Great linwei Tribe,East Riverine,4,Mining,11
-3035,initial,132,Great linwei Tribe,East Riverine,3,Archery,11
-3035,initial,133,South belselburg Kingdom,Mediterranean Urban,100,Cordage and Knots,10
-3035,initial,133,South belselburg Kingdom,Mediterranean Urban,101,Hide Working and Tailored Clothing,10
-3035,initial,133,South belselburg Kingdom,Mediterranean Urban,102,Hafted Stone Tools,10
-3035,initial,133,South belselburg Kingdom,Mediterranean Urban,105,Food Preservation,10
-3035,initial,133,South belselburg Kingdom,Mediterranean Urban,106,Storage Pits and Containers,10
-3035,initial,133,South belselburg Kingdom,Mediterranean Urban,107,Seasonal Aggregation Camps,10
-3035,initial,133,South belselburg Kingdom,Mediterranean Urban,110,Dog Domestication,10
-3035,initial,133,South belselburg Kingdom,Mediterranean Urban,111,Grinding Stones,10
-3035,initial,133,South belselburg Kingdom,Mediterranean Urban,116,Charcoal Firing,10
-3035,initial,133,South belselburg Kingdom,Mediterranean Urban,3,Archery,10
-3031,unlock,52,Empire of Tanka,West Sahel,110,Dog Domestication,16
-3028,unlock,73,South tolitzmix Tribe,Mesoamerican,104,Fishing Technology,15
-3025,initial,134,Tanlamara Tribe,Nile Floodplain,100,Cordage and Knots,10
-3025,initial,134,Tanlamara Tribe,Nile Floodplain,101,Hide Working and Tailored Clothing,10
-3025,initial,134,Tanlamara Tribe,Nile Floodplain,102,Hafted Stone Tools,10
-3025,initial,134,Tanlamara Tribe,Nile Floodplain,105,Food Preservation,10
-3025,initial,134,Tanlamara Tribe,Nile Floodplain,106,Storage Pits and Containers,10
-3025,initial,134,Tanlamara Tribe,Nile Floodplain,107,Seasonal Aggregation Camps,10
-3025,initial,134,Tanlamara Tribe,Nile Floodplain,110,Dog Domestication,10
-3025,initial,134,Tanlamara Tribe,Nile Floodplain,111,Grinding Stones,10
-3025,initial,134,Tanlamara Tribe,Nile Floodplain,116,Charcoal Firing,10
-3025,initial,134,Tanlamara Tribe,Nile Floodplain,3,Archery,10
-3021,unlock,44,Great kinrannaia Tribe,Monsoon Coastal,103,Bone and Antler Tools,19
-3007,unlock,44,Great kinrannaia Tribe,Monsoon Coastal,7,Wheel,20
-3005,initial,135,Great dusnamarstan Kingdom,Monsoon Coastal,100,Cordage and Knots,10
-3005,initial,135,Great dusnamarstan Kingdom,Monsoon Coastal,101,Hide Working and Tailored Clothing,10
-3005,initial,135,Great dusnamarstan Kingdom,Monsoon Coastal,102,Hafted Stone Tools,10
-3005,initial,135,Great dusnamarstan Kingdom,Monsoon Coastal,105,Food Preservation,10
-3005,initial,135,Great dusnamarstan Kingdom,Monsoon Coastal,106,Storage Pits and Containers,10
-3005,initial,135,Great dusnamarstan Kingdom,Monsoon Coastal,107,Seasonal Aggregation Camps,10
-3005,initial,135,Great dusnamarstan Kingdom,Monsoon Coastal,110,Dog Domestication,10
-3005,initial,135,Great dusnamarstan Kingdom,Monsoon Coastal,111,Grinding Stones,10
-3005,initial,135,Great dusnamarstan Kingdom,Monsoon Coastal,116,Charcoal Firing,10
-3005,initial,135,Great dusnamarstan Kingdom,Monsoon Coastal,3,Archery,10
-3002,unlock,39,Old nazengargrad Tribe,Monsoon Coastal,109,Long-distance Exchange Networks,20
-3002,unlock,43,Old quisolbel Tribe,Monsoon Coastal,12,Shipbuilding,22
-2972,unlock,102,South temtolan Tribe,Mesoamerican,10,Irrigation,17
-2952,unlock,71,Kingdom of Great nahmixitzpan,Mesoamerican,10,Irrigation,14
-2950,unlock,52,Empire of Tanka,West Sahel,115,Counting Tokens and Tallies,17
-2943,unlock,67,South nahteo Tribe,Mesoamerican,110,Dog Domestication,21
-2942,unlock,74,Kingdom of Great chinahpan,Mesoamerican,10,Irrigation,15
-2939,unlock,43,Old quisolbel Tribe,Monsoon Coastal,7,Wheel,23
-2932,unlock,48,Chibarkaa Tribe,Nile Floodplain,104,Fishing Technology,19
-2931,unlock,52,Empire of Tanka,West Sahel,10,Irrigation,18
-2925,unlock,54,New lamsese Tribe,East Horn,115,Counting Tokens and Tallies,14
-2925,unlock,71,Kingdom of Great nahmixitzpan,Mesoamerican,103,Bone and Antler Tools,15
-2914,unlock,44,Great kinrannaia Tribe,Monsoon Coastal,109,Long-distance Exchange Networks,21
-2911,unlock,112,New mittan Tribe,Indic Riverine,17,Roads,18
-2909,unlock,8,Nalraranagar Tribe,Indic Riverine,10,Irrigation,17
-2907,unlock,73,South tolitzmix Tribe,Mesoamerican,10,Irrigation,16
-2904,unlock,74,Kingdom of Great chinahpan,Mesoamerican,114,Enclosures and Herd Management,16
-2903,unlock,68,Temxoctemco Tribe,Mesoamerican,103,Bone and Antler Tools,14
-2888,unlock,44,Great kinrannaia Tribe,Monsoon Coastal,10,Irrigation,22
-2884,unlock,43,Old quisolbel Tribe,Monsoon Coastal,117,Proto-writing and Administrative Notation,24
-2881,unlock,52,Empire of Tanka,West Sahel,114,Enclosures and Herd Management,19
-2874,unlock,71,Kingdom of Great nahmixitzpan,Mesoamerican,110,Dog Domestication,16
-2873,unlock,74,Kingdom of Great chinahpan,Mesoamerican,110,Dog Domestication,17
-2870,unlock,73,South tolitzmix Tribe,Mesoamerican,114,Enclosures and Herd Management,17
-2864,unlock,8,Nalraranagar Tribe,Indic Riverine,7,Wheel,18
-2864,unlock,39,Old nazengargrad Tribe,Monsoon Coastal,10,Irrigation,21
-2861,unlock,1,North shadradesh Tribe,Indic Riverine,104,Fishing Technology,17
-2860,initial,136,North rumayayu Tribe,Andean Highland,100,Cordage and Knots,10
-2860,initial,136,North rumayayu Tribe,Andean Highland,101,Hide Working and Tailored Clothing,10
-2860,initial,136,North rumayayu Tribe,Andean Highland,102,Hafted Stone Tools,10
-2860,initial,136,North rumayayu Tribe,Andean Highland,105,Food Preservation,10
-2860,initial,136,North rumayayu Tribe,Andean Highland,106,Storage Pits and Containers,10
-2860,initial,136,North rumayayu Tribe,Andean Highland,107,Seasonal Aggregation Camps,10
-2860,initial,136,North rumayayu Tribe,Andean Highland,111,Grinding Stones,10
-2860,initial,136,North rumayayu Tribe,Andean Highland,116,Charcoal Firing,10
-2860,initial,136,North rumayayu Tribe,Andean Highland,4,Mining,10
-2860,initial,136,North rumayayu Tribe,Andean Highland,3,Archery,10
-2857,unlock,43,Old quisolbel Tribe,Monsoon Coastal,103,Bone and Antler Tools,25
-2856,unlock,69,Kingdom of South chitemcaltan,Mesoamerican,108,Watercraft,21
-2848,unlock,8,Nalraranagar Tribe,Indic Riverine,104,Fishing Technology,19
-2844,unlock,48,Chibarkaa Tribe,Nile Floodplain,7,Wheel,20
-2839,unlock,66,Kingdom of North nahyucteopan,Mesoamerican,10,Irrigation,14
-2836,unlock,66,Kingdom of North nahyucteopan,Mesoamerican,114,Enclosures and Herd Management,15
-2825,unlock,102,South temtolan Tribe,Mesoamerican,108,Watercraft,18
-2823,unlock,9,Kanshakanpur Tribe,Indic Riverine,104,Fishing Technology,12
-2820,initial,137,New nalorstan Tribe,Western Plains,100,Cordage and Knots,8
-2820,initial,137,New nalorstan Tribe,Western Plains,101,Hide Working and Tailored Clothing,8
-2820,initial,137,New nalorstan Tribe,Western Plains,102,Hafted Stone Tools,8
-2820,initial,137,New nalorstan Tribe,Western Plains,105,Food Preservation,8
-2820,initial,137,New nalorstan Tribe,Western Plains,106,Storage Pits and Containers,8
-2820,initial,137,New nalorstan Tribe,Western Plains,107,Seasonal Aggregation Camps,8
-2820,initial,137,New nalorstan Tribe,Western Plains,111,Grinding Stones,8
-2820,initial,137,New nalorstan Tribe,Western Plains,3,Archery,8
-2820,initial,138,Old belnorkar Tribe,Mediterranean Highland,100,Cordage and Knots,10
-2820,initial,138,Old belnorkar Tribe,Mediterranean Highland,101,Hide Working and Tailored Clothing,10
-2820,initial,138,Old belnorkar Tribe,Mediterranean Highland,102,Hafted Stone Tools,10
-2820,initial,138,Old belnorkar Tribe,Mediterranean Highland,105,Food Preservation,10
-2820,initial,138,Old belnorkar Tribe,Mediterranean Highland,106,Storage Pits and Containers,10
-2820,initial,138,Old belnorkar Tribe,Mediterranean Highland,107,Seasonal Aggregation Camps,10
-2820,initial,138,Old belnorkar Tribe,Mediterranean Highland,110,Dog Domestication,10
-2820,initial,138,Old belnorkar Tribe,Mediterranean Highland,111,Grinding Stones,10
-2820,initial,138,Old belnorkar Tribe,Mediterranean Highland,116,Charcoal Firing,10
-2820,initial,138,Old belnorkar Tribe,Mediterranean Highland,3,Archery,10
-2817,unlock,74,Kingdom of Great chinahpan,Mesoamerican,104,Fishing Technology,18
-2810,unlock,29,Empire of Old belkalad,Fertile Crescent,8,Masonry,13
-2806,unlock,7,Nalnalnagar Tribe,Indic Riverine,103,Bone and Antler Tools,17
-2805,unlock,53,North chiofisea Tribe,East Horn,10,Irrigation,14
-2802,unlock,74,Kingdom of Great chinahpan,Mesoamerican,7,Wheel,19
-2790,initial,139,South zhoweishan Tribe,East Riverine,100,Cordage and Knots,10
-2790,initial,139,South zhoweishan Tribe,East Riverine,101,Hide Working and Tailored Clothing,10
-2790,initial,139,South zhoweishan Tribe,East Riverine,102,Hafted Stone Tools,10
-2790,initial,139,South zhoweishan Tribe,East Riverine,105,Food Preservation,10
-2790,initial,139,South zhoweishan Tribe,East Riverine,106,Storage Pits and Containers,10
-2790,initial,139,South zhoweishan Tribe,East Riverine,107,Seasonal Aggregation Camps,10
-2790,initial,139,South zhoweishan Tribe,East Riverine,110,Dog Domestication,10
-2790,initial,139,South zhoweishan Tribe,East Riverine,111,Grinding Stones,10
-2790,initial,139,South zhoweishan Tribe,East Riverine,116,Charcoal Firing,10
-2790,initial,139,South zhoweishan Tribe,East Riverine,3,Archery,10
-2788,unlock,39,Old nazengargrad Tribe,Monsoon Coastal,115,Counting Tokens and Tallies,22
-2786,unlock,44,Great kinrannaia Tribe,Monsoon Coastal,115,Counting Tokens and Tallies,23
-2783,unlock,8,Nalraranagar Tribe,Indic Riverine,103,Bone and Antler Tools,20
-2775,unlock,52,Empire of Tanka,West Sahel,117,Proto-writing and Administrative Notation,20
-2771,unlock,63,Lenalalia Tribe,Atlantic Fringe,104,Fishing Technology,11
-2762,unlock,1,North shadradesh Tribe,Indic Riverine,117,Proto-writing and Administrative Notation,18
-2742,unlock,112,New mittan Tribe,Indic Riverine,104,Fishing Technology,19
-2739,unlock,68,Temxoctemco Tribe,Mesoamerican,104,Fishing Technology,15
-2735,unlock,102,South temtolan Tribe,Mesoamerican,114,Enclosures and Herd Management,20
-2735,unlock,102,South temtolan Tribe,Mesoamerican,5,Sailing,20
-2734,unlock,73,South tolitzmix Tribe,Mesoamerican,7,Wheel,18
-2731,unlock,52,Empire of Tanka,West Sahel,7,Wheel,21
-2723,unlock,53,North chiofisea Tribe,East Horn,115,Counting Tokens and Tallies,15
-2722,unlock,68,Temxoctemco Tribe,Mesoamerican,10,Irrigation,16
-2717,unlock,48,Chibarkaa Tribe,Nile Floodplain,17,Roads,21
-2715,unlock,66,Kingdom of Xoctoltempan,Mesoamerican,103,Bone and Antler Tools,16
-2715,initial,140,South alnorkarland Tribe,Mediterranean Highland,100,Cordage and Knots,10
-2715,initial,140,South alnorkarland Tribe,Mediterranean Highland,101,Hide Working and Tailored Clothing,10
-2715,initial,140,South alnorkarland Tribe,Mediterranean Highland,102,Hafted Stone Tools,10
-2715,initial,140,South alnorkarland Tribe,Mediterranean Highland,105,Food Preservation,10
-2715,initial,140,South alnorkarland Tribe,Mediterranean Highland,106,Storage Pits and Containers,10
-2715,initial,140,South alnorkarland Tribe,Mediterranean Highland,107,Seasonal Aggregation Camps,10
-2715,initial,140,South alnorkarland Tribe,Mediterranean Highland,110,Dog Domestication,10
-2715,initial,140,South alnorkarland Tribe,Mediterranean Highland,111,Grinding Stones,10
-2715,initial,140,South alnorkarland Tribe,Mediterranean Highland,116,Charcoal Firing,10
-2715,initial,140,South alnorkarland Tribe,Mediterranean Highland,3,Archery,10
-2708,unlock,7,Nalnalnagar Tribe,Indic Riverine,7,Wheel,18
-2701,unlock,39,Old nazengargrad Tribe,Monsoon Coastal,7,Wheel,23
-2700,unlock,71,Kingdom of Old xocyuc,Mesoamerican,104,Fishing Technology,17
-2700,initial,141,New alnorvenburg Kingdom,Mediterranean Urban,100,Cordage and Knots,10
-2700,initial,141,New alnorvenburg Kingdom,Mediterranean Urban,101,Hide Working and Tailored Clothing,10
-2700,initial,141,New alnorvenburg Kingdom,Mediterranean Urban,102,Hafted Stone Tools,10
-2700,initial,141,New alnorvenburg Kingdom,Mediterranean Urban,105,Food Preservation,10
-2700,initial,141,New alnorvenburg Kingdom,Mediterranean Urban,106,Storage Pits and Containers,10
-2700,initial,141,New alnorvenburg Kingdom,Mediterranean Urban,107,Seasonal Aggregation Camps,10
-2700,initial,141,New alnorvenburg Kingdom,Mediterranean Urban,110,Dog Domestication,10
-2700,initial,141,New alnorvenburg Kingdom,Mediterranean Urban,111,Grinding Stones,10
-2700,initial,141,New alnorvenburg Kingdom,Mediterranean Urban,116,Charcoal Firing,10
-2700,initial,141,New alnorvenburg Kingdom,Mediterranean Urban,3,Archery,10
-2679,unlock,66,Kingdom of Xoctoltempan,Mesoamerican,7,Wheel,17
-2678,unlock,68,Kingdom of South chitemtem,Mesoamerican,114,Enclosures and Herd Management,17
-2675,unlock,66,Kingdom of Xoctoltempan,Mesoamerican,115,Counting Tokens and Tallies,18
-2672,unlock,71,Kingdom of Old xocyuc,Mesoamerican,114,Enclosures and Herd Management,18
-2663,unlock,43,Kingdom of Quinaranland,Monsoon Coastal,17,Roads,25
-2658,unlock,74,Kingdom of Great chinahpan,Mesoamerican,103,Bone and Antler Tools,20
-2645,unlock,0,Kingdom of Old sursurvardesh,Indic Riverine,10,Irrigation,17
-2645,unlock,39,Old nazengargrad Tribe,Monsoon Coastal,12,Shipbuilding,24
-2645,unlock,52,Empire of Tanka,West Sahel,17,Roads,21
-2629,unlock,8,Nalraranagar Tribe,Indic Riverine,117,Proto-writing and Administrative Notation,21
-2627,unlock,69,Kingdom of South chitemcaltan,Mesoamerican,17,Roads,22
-2626,unlock,102,South temtolan Tribe,Mesoamerican,7,Wheel,21
-2620,initial,142,Great nalsura Kingdom,Indic Riverine,100,Cordage and Knots,12
-2620,initial,142,Great nalsura Kingdom,Indic Riverine,101,Hide Working and Tailored Clothing,12
-2620,initial,142,Great nalsura Kingdom,Indic Riverine,102,Hafted Stone Tools,12
-2620,initial,142,Great nalsura Kingdom,Indic Riverine,103,Bone and Antler Tools,12
-2620,initial,142,Great nalsura Kingdom,Indic Riverine,104,Fishing Technology,12
-2620,initial,142,Great nalsura Kingdom,Indic Riverine,105,Food Preservation,12
-2620,initial,142,Great nalsura Kingdom,Indic Riverine,106,Storage Pits and Containers,12
-2620,initial,142,Great nalsura Kingdom,Indic Riverine,107,Seasonal Aggregation Camps,12
-2620,initial,142,Great nalsura Kingdom,Indic Riverine,110,Dog Domestication,12
-2620,initial,142,Great nalsura Kingdom,Indic Riverine,111,Grinding Stones,12
-2620,initial,142,Great nalsura Kingdom,Indic Riverine,116,Charcoal Firing,12
-2620,initial,142,Great nalsura Kingdom,Indic Riverine,3,Archery,12
-2618,unlock,79,South kussumpacha Tribe,Andean Highland,110,Dog Domestication,11
-2613,unlock,1,North shadradesh Tribe,Indic Riverine,108,Watercraft,19
-2610,unlock,7,Nalnalnagar Tribe,Indic Riverine,104,Fishing Technology,19
-2605,unlock,39,Old nazengargrad Tribe,Monsoon Coastal,117,Proto-writing and Administrative Notation,25
-2603,unlock,1,North shadradesh Tribe,Indic Riverine,7,Wheel,20
-2600,initial,143,Great romromland Kingdom,Mediterranean Highland,100,Cordage and Knots,10
-2600,initial,143,Great romromland Kingdom,Mediterranean Highland,101,Hide Working and Tailored Clothing,10
-2600,initial,143,Great romromland Kingdom,Mediterranean Highland,102,Hafted Stone Tools,10
-2600,initial,143,Great romromland Kingdom,Mediterranean Highland,105,Food Preservation,10
-2600,initial,143,Great romromland Kingdom,Mediterranean Highland,106,Storage Pits and Containers,10
-2600,initial,143,Great romromland Kingdom,Mediterranean Highland,107,Seasonal Aggregation Camps,10
-2600,initial,143,Great romromland Kingdom,Mediterranean Highland,110,Dog Domestication,10
-2600,initial,143,Great romromland Kingdom,Mediterranean Highland,111,Grinding Stones,10
-2600,initial,143,Great romromland Kingdom,Mediterranean Highland,116,Charcoal Firing,10
-2600,initial,143,Great romromland Kingdom,Mediterranean Highland,3,Archery,10
-2596,unlock,66,Kingdom of Xoctoltempan,Mesoamerican,110,Dog Domestication,19
-2596,unlock,69,Kingdom of South chitemcaltan,Mesoamerican,109,Long-distance Exchange Networks,23
-2593,unlock,67,Kingdom of South chiteochitan,Mesoamerican,5,Sailing,22
-2590,unlock,73,South tolitzmix Tribe,Mesoamerican,115,Counting Tokens and Tallies,19
-2582,unlock,73,South tolitzmix Tribe,Mesoamerican,110,Dog Domestication,20
-2574,unlock,44,Great kinrannaia Tribe,Monsoon Coastal,12,Shipbuilding,24
-2572,unlock,0,Kingdom of Old sursurvardesh,Indic Riverine,104,Fishing Technology,18
-2570,unlock,74,Kingdom of Great chinahpan,Mesoamerican,108,Watercraft,21
-2569,unlock,112,New mittan Tribe,Indic Riverine,103,Bone and Antler Tools,20
-2555,unlock,73,South tolitzmix Tribe,Mesoamerican,108,Watercraft,21
-2553,unlock,68,Kingdom of South chitemtem,Mesoamerican,115,Counting Tokens and Tallies,18
-2544,unlock,41,Nalingrad Tribe,Monsoon Coastal,115,Counting Tokens and Tallies,20
-2544,unlock,41,Nalingrad Tribe,Monsoon Coastal,7,Wheel,20
-2543,unlock,54,New lamsese Tribe,East Horn,103,Bone and Antler Tools,15
-2535,unlock,31,Kingdom of Ashtamarar,Fertile Crescent,8,Masonry,13
-2535,unlock,68,Kingdom of South chitemtem,Mesoamerican,7,Wheel,19
-2532,unlock,39,Old nazengargrad Tribe,Monsoon Coastal,17,Roads,26
-2532,unlock,78,Great sumtupqorimarca Tribe,Andean Highland,103,Bone and Antler Tools,11
-2525,unlock,71,Kingdom of Old xocyuc,Mesoamerican,7,Wheel,19
-2524,unlock,54,New lamsese Tribe,East Horn,104,Fishing Technology,16
-2524,unlock,73,South tolitzmix Tribe,Mesoamerican,17,Roads,22
-2515,unlock,48,Chibarkaa Tribe,Nile Floodplain,117,Proto-writing and Administrative Notation,22
-2510,unlock,51,Kingdom of North lamzuara,West Sahel,103,Bone and Antler Tools,14
-2506,unlock,74,Kingdom of Great chinahpan,Mesoamerican,5,Sailing,22
-2502,unlock,52,Empire of Great tantanu,West Sahel,108,Watercraft,22
-2501,unlock,51,Kingdom of North lamzuara,West Sahel,10,Irrigation,15
-2498,unlock,69,Kingdom of South chitemcaltan,Mesoamerican,5,Sailing,24
-2490,unlock,68,Kingdom of South chitemtem,Mesoamerican,108,Watercraft,20
-2487,unlock,67,Kingdom of South chiteochitan,Mesoamerican,12,Shipbuilding,23
-2486,unlock,53,North chiofisea Tribe,East Horn,104,Fishing Technology,16
-2481,unlock,66,Kingdom of Xoctoltempan,Mesoamerican,117,Proto-writing and Administrative Notation,20
-2480,initial,144,New romaldor Kingdom,Mediterranean Urban,100,Cordage and Knots,10
-2480,initial,144,New romaldor Kingdom,Mediterranean Urban,101,Hide Working and Tailored Clothing,10
-2480,initial,144,New romaldor Kingdom,Mediterranean Urban,102,Hafted Stone Tools,10
-2480,initial,144,New romaldor Kingdom,Mediterranean Urban,105,Food Preservation,10
-2480,initial,144,New romaldor Kingdom,Mediterranean Urban,106,Storage Pits and Containers,10
-2480,initial,144,New romaldor Kingdom,Mediterranean Urban,107,Seasonal Aggregation Camps,10
-2480,initial,144,New romaldor Kingdom,Mediterranean Urban,110,Dog Domestication,10
-2480,initial,144,New romaldor Kingdom,Mediterranean Urban,111,Grinding Stones,10
-2480,initial,144,New romaldor Kingdom,Mediterranean Urban,116,Charcoal Firing,10
-2480,initial,144,New romaldor Kingdom,Mediterranean Urban,3,Archery,10
-2470,unlock,74,Kingdom of Great chinahpan,Mesoamerican,109,Long-distance Exchange Networks,23
-2469,unlock,102,Kingdom of North mixnahtoltan,Mesoamerican,12,Shipbuilding,22
-2465,unlock,53,North chiofisea Tribe,East Horn,103,Bone and Antler Tools,17
-2452,unlock,52,Empire of Great tantanu,West Sahel,5,Sailing,23
-2449,unlock,54,New lamsese Tribe,East Horn,110,Dog Domestication,17
-2438,unlock,0,Kingdom of Old sursurvardesh,Indic Riverine,7,Wheel,19
-2435,unlock,41,Nalingrad Tribe,Monsoon Coastal,10,Irrigation,21
-2424,unlock,1,North shadradesh Tribe,Indic Riverine,11,Writing,21
-2416,unlock,48,Chibarkaa Tribe,Nile Floodplain,118,Numeracy and Measurement,23
-2415,unlock,53,North chiofisea Tribe,East Horn,110,Dog Domestication,18
-2415,unlock,102,Kingdom of North mixnahtoltan,Mesoamerican,109,Long-distance Exchange Networks,23
-2414,unlock,71,Kingdom of Old xocyuc,Mesoamerican,108,Watercraft,20
-2411,unlock,1,North shadradesh Tribe,Indic Riverine,17,Roads,22
-2402,unlock,48,Chibarkaa Tribe,Nile Floodplain,15,Currency,24
-2399,unlock,102,Kingdom of North mixnahtoltan,Mesoamerican,103,Bone and Antler Tools,24
-2395,unlock,69,Kingdom of South chitemcaltan,Mesoamerican,12,Shipbuilding,25
-2385,unlock,66,Kingdom of Xoctoltempan,Mesoamerican,104,Fishing Technology,21
-2381,unlock,67,Kingdom of South chiteochitan,Mesoamerican,109,Long-distance Exchange Networks,24
-2375,unlock,82,Kingdom of Great linranteria,Eastern Woodland,103,Bone and Antler Tools,10
-2372,unlock,0,Kingdom of Old sursurvardesh,Indic Riverine,103,Bone and Antler Tools,20
-2371,unlock,52,Empire of Great tantanu,West Sahel,23,Engineering,24
-2369,unlock,71,Kingdom of Old xocyuc,Mesoamerican,115,Counting Tokens and Tallies,21
-2368,unlock,68,Kingdom of South chitemtem,Mesoamerican,5,Sailing,21
-2367,unlock,8,Nalraranagar Tribe,Indic Riverine,118,Numeracy and Measurement,22
-2361,unlock,52,Empire of Great tantanu,West Sahel,12,Shipbuilding,26
-2357,unlock,102,Kingdom of North mixnahtoltan,Mesoamerican,17,Roads,25
-2352,unlock,7,Nalnalnagar Tribe,Indic Riverine,108,Watercraft,20
-2347,unlock,51,Kingdom of North lamzuara,West Sahel,110,Dog Domestication,16
-2346,unlock,68,Kingdom of South chitemtem,Mesoamerican,17,Roads,22
-2344,unlock,52,Empire of Great tantanu,West Sahel,109,Long-distance Exchange Networks,27
-2342,unlock,73,South tolitzmix Tribe,Mesoamerican,109,Long-distance Exchange Networks,23
-2335,unlock,44,Great kinrannaia Tribe,Monsoon Coastal,17,Roads,25
-2325,initial,145,Old vianaia Kingdom,Western Plains,100,Cordage and Knots,8
-2325,initial,145,Old vianaia Kingdom,Western Plains,101,Hide Working and Tailored Clothing,8
-2325,initial,145,Old vianaia Kingdom,Western Plains,102,Hafted Stone Tools,8
-2325,initial,145,Old vianaia Kingdom,Western Plains,105,Food Preservation,8
-2325,initial,145,Old vianaia Kingdom,Western Plains,106,Storage Pits and Containers,8
-2325,initial,145,Old vianaia Kingdom,Western Plains,107,Seasonal Aggregation Camps,8
-2325,initial,145,Old vianaia Kingdom,Western Plains,111,Grinding Stones,8
-2325,initial,145,Old vianaia Kingdom,Western Plains,3,Archery,8
-2320,unlock,8,Nalraranagar Tribe,Indic Riverine,15,Currency,23
-2319,unlock,81,South pachkusyu Tribe,Andean Highland,8,Masonry,11
-2316,unlock,8,Nalraranagar Tribe,Indic Riverine,17,Roads,24
-2316,unlock,74,Kingdom of Great chinahpan,Mesoamerican,17,Roads,24
-2313,unlock,51,Kingdom of North lamzuara,West Sahel,115,Counting Tokens and Tallies,17
-2311,unlock,6,Old vidraa,Indic Riverine,103,Bone and Antler Tools,11
-2302,unlock,1,North shadradesh Tribe,Indic Riverine,5,Sailing,23
-2301,unlock,0,Kingdom of Old sursurvardesh,Indic Riverine,108,Watercraft,21
-2300,unlock,74,Kingdom of Great chinahpan,Mesoamerican,12,Shipbuilding,25
-2280,unlock,112,New mittan Tribe,Indic Riverine,10,Irrigation,21
-2275,unlock,68,Kingdom of South chitemtem,Mesoamerican,109,Long-distance Exchange Networks,23
-2274,unlock,51,Kingdom of North lamzuara,West Sahel,114,Enclosures and Herd Management,18
-2271,unlock,71,Kingdom of Old xocyuc,Mesoamerican,5,Sailing,22
-2271,unlock,115,North ninashbarum Kingdom,Fertile Crescent,103,Bone and Antler Tools,13
-2254,unlock,1,North shadradesh Tribe,Indic Riverine,19,Alphabet,24
-2253,unlock,1,North shadradesh Tribe,Indic Riverine,10,Irrigation,25
-2246,unlock,107,North samashar Tribe,Fertile Crescent,103,Bone and Antler Tools,11
-2230,unlock,71,Kingdom of Old xocyuc,Mesoamerican,17,Roads,23
-2228,unlock,118,Kingdom of South radrakannagar,Indic Riverine,4,Mining,11
-2227,unlock,51,Kingdom of North lamzuara,West Sahel,104,Fishing Technology,19
-2213,unlock,51,Kingdom of North lamzuara,West Sahel,7,Wheel,20
-2210,unlock,112,New mittan Tribe,Indic Riverine,117,Proto-writing and Administrative Notation,22
-2208,unlock,100,Kingdom of New llaqkusmarca,Andean Highland,103,Bone and Antler Tools,11
-2203,unlock,0,Kingdom of Old sursurvardesh,Indic Riverine,17,Roads,22
-2203,unlock,7,Nalnalnagar Tribe,Indic Riverine,5,Sailing,21
-2196,unlock,63,Lenalalia Tribe,Atlantic Fringe,110,Dog Domestication,12
-2189,unlock,41,Nalingrad Tribe,Monsoon Coastal,109,Long-distance Exchange Networks,22
-2182,unlock,54,Kingdom of South tanmaofiu,East Horn,10,Irrigation,18
-2175,initial,146,South karal Kingdom,Central Plain,100,Cordage and Knots,11
-2175,initial,146,South karal Kingdom,Central Plain,101,Hide Working and Tailored Clothing,11
-2175,initial,146,South karal Kingdom,Central Plain,102,Hafted Stone Tools,11
-2175,initial,146,South karal Kingdom,Central Plain,105,Food Preservation,11
-2175,initial,146,South karal Kingdom,Central Plain,106,Storage Pits and Containers,11
-2175,initial,146,South karal Kingdom,Central Plain,107,Seasonal Aggregation Camps,11
-2175,initial,146,South karal Kingdom,Central Plain,110,Dog Domestication,11
-2175,initial,146,South karal Kingdom,Central Plain,111,Grinding Stones,11
-2175,initial,146,South karal Kingdom,Central Plain,116,Charcoal Firing,11
-2175,initial,146,South karal Kingdom,Central Plain,4,Mining,11
-2175,initial,146,South karal Kingdom,Central Plain,3,Archery,11
-2174,unlock,0,Kingdom of Old sursurvardesh,Indic Riverine,5,Sailing,23
-2169,unlock,67,Kingdom of South chiteochitan,Mesoamerican,17,Roads,25
-2154,unlock,77,Empire of Old intiayayu,Andean Highland,110,Dog Domestication,10
-2150,initial,147,New kinzen Tribe,Monsoon Coastal,100,Cordage and Knots,25
-2150,initial,147,New kinzen Tribe,Monsoon Coastal,101,Hide Working and Tailored Clothing,25
-2150,initial,147,New kinzen Tribe,Monsoon Coastal,102,Hafted Stone Tools,25
-2150,initial,147,New kinzen Tribe,Monsoon Coastal,103,Bone and Antler Tools,25
-2150,initial,147,New kinzen Tribe,Monsoon Coastal,104,Fishing Technology,25
-2150,initial,147,New kinzen Tribe,Monsoon Coastal,105,Food Preservation,25
-2150,initial,147,New kinzen Tribe,Monsoon Coastal,106,Storage Pits and Containers,25
-2150,initial,147,New kinzen Tribe,Monsoon Coastal,107,Seasonal Aggregation Camps,25
-2150,initial,147,New kinzen Tribe,Monsoon Coastal,108,Watercraft,25
-2150,initial,147,New kinzen Tribe,Monsoon Coastal,109,Long-distance Exchange Networks,25
-2150,initial,147,New kinzen Tribe,Monsoon Coastal,110,Dog Domestication,25
-2150,initial,147,New kinzen Tribe,Monsoon Coastal,111,Grinding Stones,25
-2150,initial,147,New kinzen Tribe,Monsoon Coastal,112,Proto-cultivation,25
-2150,initial,147,New kinzen Tribe,Monsoon Coastal,113,Sedentism,25
-2150,initial,147,New kinzen Tribe,Monsoon Coastal,114,Enclosures and Herd Management,25
-2150,initial,147,New kinzen Tribe,Monsoon Coastal,115,Counting Tokens and Tallies,25
-2150,initial,147,New kinzen Tribe,Monsoon Coastal,116,Charcoal Firing,25
-2150,initial,147,New kinzen Tribe,Monsoon Coastal,20,Agriculture,25
-2150,initial,147,New kinzen Tribe,Monsoon Coastal,3,Archery,25
-2150,initial,147,New kinzen Tribe,Monsoon Coastal,5,Sailing,25
-2150,initial,147,New kinzen Tribe,Monsoon Coastal,6,Calendar,25
-2150,initial,147,New kinzen Tribe,Monsoon Coastal,7,Wheel,25
-2150,initial,147,New kinzen Tribe,Monsoon Coastal,10,Irrigation,25
-2150,initial,147,New kinzen Tribe,Monsoon Coastal,12,Shipbuilding,25
-2150,initial,147,New kinzen Tribe,Monsoon Coastal,17,Roads,25
-2147,unlock,48,Chibarkaa Tribe,Nile Floodplain,11,Writing,25
-2141,unlock,51,Kingdom of North lamzuara,West Sahel,17,Roads,21
-2137,unlock,1,North shadradesh Tribe,Indic Riverine,109,Long-distance Exchange Networks,26
-2135,initial,148,South bararsaman Tribe,Fertile Crescent,100,Cordage and Knots,12
-2135,initial,148,South bararsaman Tribe,Fertile Crescent,101,Hide Working and Tailored Clothing,12
-2135,initial,148,South bararsaman Tribe,Fertile Crescent,102,Hafted Stone Tools,12
-2135,initial,148,South bararsaman Tribe,Fertile Crescent,105,Food Preservation,12
-2135,initial,148,South bararsaman Tribe,Fertile Crescent,106,Storage Pits and Containers,12
-2135,initial,148,South bararsaman Tribe,Fertile Crescent,107,Seasonal Aggregation Camps,12
-2135,initial,148,South bararsaman Tribe,Fertile Crescent,110,Dog Domestication,12
-2135,initial,148,South bararsaman Tribe,Fertile Crescent,111,Grinding Stones,12
-2135,initial,148,South bararsaman Tribe,Fertile Crescent,116,Charcoal Firing,12
-2135,initial,148,South bararsaman Tribe,Fertile Crescent,119,Native Copper Working,12
-2135,initial,148,South bararsaman Tribe,Fertile Crescent,4,Mining,12
-2135,initial,148,South bararsaman Tribe,Fertile Crescent,3,Archery,12
-2129,unlock,51,Kingdom of North lamzuara,West Sahel,108,Watercraft,22
-2125,initial,149,New dranal Tribe,Indic Riverine,100,Cordage and Knots,26
-2125,initial,149,New dranal Tribe,Indic Riverine,101,Hide Working and Tailored Clothing,26
-2125,initial,149,New dranal Tribe,Indic Riverine,102,Hafted Stone Tools,26
-2125,initial,149,New dranal Tribe,Indic Riverine,104,Fishing Technology,26
-2125,initial,149,New dranal Tribe,Indic Riverine,105,Food Preservation,26
-2125,initial,149,New dranal Tribe,Indic Riverine,106,Storage Pits and Containers,26
-2125,initial,149,New dranal Tribe,Indic Riverine,107,Seasonal Aggregation Camps,26
-2125,initial,149,New dranal Tribe,Indic Riverine,108,Watercraft,26
-2125,initial,149,New dranal Tribe,Indic Riverine,109,Long-distance Exchange Networks,26
-2125,initial,149,New dranal Tribe,Indic Riverine,110,Dog Domestication,26
-2125,initial,149,New dranal Tribe,Indic Riverine,111,Grinding Stones,26
-2125,initial,149,New dranal Tribe,Indic Riverine,112,Proto-cultivation,26
-2125,initial,149,New dranal Tribe,Indic Riverine,113,Sedentism,26
-2125,initial,149,New dranal Tribe,Indic Riverine,114,Enclosures and Herd Management,26
-2125,initial,149,New dranal Tribe,Indic Riverine,115,Counting Tokens and Tallies,26
-2125,initial,149,New dranal Tribe,Indic Riverine,116,Charcoal Firing,26
-2125,initial,149,New dranal Tribe,Indic Riverine,117,Proto-writing and Administrative Notation,26
-2125,initial,149,New dranal Tribe,Indic Riverine,20,Agriculture,26
-2125,initial,149,New dranal Tribe,Indic Riverine,11,Writing,26
-2125,initial,149,New dranal Tribe,Indic Riverine,3,Archery,26
-2125,initial,149,New dranal Tribe,Indic Riverine,5,Sailing,26
-2125,initial,149,New dranal Tribe,Indic Riverine,6,Calendar,26
-2125,initial,149,New dranal Tribe,Indic Riverine,7,Wheel,26
-2125,initial,149,New dranal Tribe,Indic Riverine,10,Irrigation,26
-2125,initial,149,New dranal Tribe,Indic Riverine,17,Roads,26
-2125,initial,149,New dranal Tribe,Indic Riverine,19,Alphabet,26
-2119,unlock,1,North shadradesh Tribe,Indic Riverine,12,Shipbuilding,27
-2113,unlock,81,South pachkusyu Tribe,Andean Highland,119,Native Copper Working,12
-2103,unlock,29,Empire of Old belkalad,Fertile Crescent,103,Bone and Antler Tools,14
-2102,unlock,7,Nalnalnagar Tribe,Indic Riverine,109,Long-distance Exchange Networks,22
-2097,unlock,41,Nalingrad Tribe,Monsoon Coastal,17,Roads,23
-2096,unlock,48,Chibarkaa Tribe,Nile Floodplain,19,Alphabet,26
-2091,unlock,51,Kingdom of North lamzuara,West Sahel,29,Machinery,23
-2078,unlock,73,South tolitzmix Tribe,Mesoamerican,5,Sailing,24
-2071,unlock,51,Kingdom of North lamzuara,West Sahel,23,Engineering,24
-2069,unlock,1,North shadradesh Tribe,Indic Riverine,21,Drama and Poetry,28
-2057,unlock,40,Kingdom of South lorlinsol,Monsoon Coastal,7,Wheel,19
-2053,unlock,1,Kingdom of New surrasurdesh,Indic Riverine,103,Bone and Antler Tools,29
-2046,unlock,29,Empire of Old belkalad,Fertile Crescent,120,Copper Smelting,15
-2036,unlock,51,Kingdom of North lamzuara,West Sahel,109,Long-distance Exchange Networks,25
-2035,initial,150,North eshtam Tribe,Fertile Crescent,100,Cordage and Knots,10
-2035,initial,150,North eshtam Tribe,Fertile Crescent,101,Hide Working and Tailored Clothing,10
-2035,initial,150,North eshtam Tribe,Fertile Crescent,102,Hafted Stone Tools,10
-2035,initial,150,North eshtam Tribe,Fertile Crescent,105,Food Preservation,10
-2035,initial,150,North eshtam Tribe,Fertile Crescent,106,Storage Pits and Containers,10
-2035,initial,150,North eshtam Tribe,Fertile Crescent,107,Seasonal Aggregation Camps,10
-2035,initial,150,North eshtam Tribe,Fertile Crescent,110,Dog Domestication,10
-2035,initial,150,North eshtam Tribe,Fertile Crescent,111,Grinding Stones,10
-2035,initial,150,North eshtam Tribe,Fertile Crescent,116,Charcoal Firing,10
-2035,initial,150,North eshtam Tribe,Fertile Crescent,3,Archery,10
-2031,unlock,79,South kussumpacha Tribe,Andean Highland,103,Bone and Antler Tools,13
-2030,unlock,0,Kingdom of Old sursurvardesh,Indic Riverine,109,Long-distance Exchange Networks,24
-2009,unlock,78,Great sumtupqorimarca Tribe,Andean Highland,110,Dog Domestication,12
-2006,unlock,112,New mittan Tribe,Indic Riverine,108,Watercraft,23
-2005,unlock,48,Chibarkaa Tribe,Nile Floodplain,22,Philosophy,27
-2005,initial,151,Old ofibarkaara Tribe,Nile Floodplain,100,Cordage and Knots,27
-2005,initial,151,Old ofibarkaara Tribe,Nile Floodplain,101,Hide Working and Tailored Clothing,27
-2005,initial,151,Old ofibarkaara Tribe,Nile Floodplain,102,Hafted Stone Tools,27
-2005,initial,151,Old ofibarkaara Tribe,Nile Floodplain,103,Bone and Antler Tools,27
-2005,initial,151,Old ofibarkaara Tribe,Nile Floodplain,104,Fishing Technology,27
-2005,initial,151,Old ofibarkaara Tribe,Nile Floodplain,105,Food Preservation,27
-2005,initial,151,Old ofibarkaara Tribe,Nile Floodplain,106,Storage Pits and Containers,27
-2005,initial,151,Old ofibarkaara Tribe,Nile Floodplain,107,Seasonal Aggregation Camps,27
-2005,initial,151,Old ofibarkaara Tribe,Nile Floodplain,110,Dog Domestication,27
-2005,initial,151,Old ofibarkaara Tribe,Nile Floodplain,111,Grinding Stones,27
-2005,initial,151,Old ofibarkaara Tribe,Nile Floodplain,112,Proto-cultivation,27
-2005,initial,151,Old ofibarkaara Tribe,Nile Floodplain,113,Sedentism,27
-2005,initial,151,Old ofibarkaara Tribe,Nile Floodplain,114,Enclosures and Herd Management,27
-2005,initial,151,Old ofibarkaara Tribe,Nile Floodplain,115,Counting Tokens and Tallies,27
-2005,initial,151,Old ofibarkaara Tribe,Nile Floodplain,116,Charcoal Firing,27
-2005,initial,151,Old ofibarkaara Tribe,Nile Floodplain,117,Proto-writing and Administrative Notation,27
-2005,initial,151,Old ofibarkaara Tribe,Nile Floodplain,118,Numeracy and Measurement,27
-2005,initial,151,Old ofibarkaara Tribe,Nile Floodplain,20,Agriculture,27
-2005,initial,151,Old ofibarkaara Tribe,Nile Floodplain,11,Writing,27
-2005,initial,151,Old ofibarkaara Tribe,Nile Floodplain,3,Archery,27
-2005,initial,151,Old ofibarkaara Tribe,Nile Floodplain,6,Calendar,27
-2005,initial,151,Old ofibarkaara Tribe,Nile Floodplain,7,Wheel,27
-2005,initial,151,Old ofibarkaara Tribe,Nile Floodplain,10,Irrigation,27
-2005,initial,151,Old ofibarkaara Tribe,Nile Floodplain,15,Currency,27
-2005,initial,151,Old ofibarkaara Tribe,Nile Floodplain,17,Roads,27
-2005,initial,151,Old ofibarkaara Tribe,Nile Floodplain,19,Alphabet,27
-2005,initial,151,Old ofibarkaara Tribe,Nile Floodplain,22,Philosophy,27
-1996,unlock,7,Nalnalnagar Tribe,Indic Riverine,12,Shipbuilding,23
-1991,unlock,0,Kingdom of Old sursurvardesh,Indic Riverine,12,Shipbuilding,25
-1985,initial,152,North taraltarum Kingdom,Mediterranean Highland,100,Cordage and Knots,10
-1985,initial,152,North taraltarum Kingdom,Mediterranean Highland,101,Hide Working and Tailored Clothing,10
-1985,initial,152,North taraltarum Kingdom,Mediterranean Highland,102,Hafted Stone Tools,10
-1985,initial,152,North taraltarum Kingdom,Mediterranean Highland,105,Food Preservation,10
-1985,initial,152,North taraltarum Kingdom,Mediterranean Highland,106,Storage Pits and Containers,10
-1985,initial,152,North taraltarum Kingdom,Mediterranean Highland,107,Seasonal Aggregation Camps,10
-1985,initial,152,North taraltarum Kingdom,Mediterranean Highland,110,Dog Domestication,10
-1985,initial,152,North taraltarum Kingdom,Mediterranean Highland,111,Grinding Stones,10
-1985,initial,152,North taraltarum Kingdom,Mediterranean Highland,116,Charcoal Firing,10
-1985,initial,152,North taraltarum Kingdom,Mediterranean Highland,3,Archery,10
-1983,unlock,7,Nalnalnagar Tribe,Indic Riverine,17,Roads,24
-1983,unlock,112,New mittan Tribe,Indic Riverine,118,Numeracy and Measurement,24
-1982,unlock,79,South kussumpacha Tribe,Andean Highland,108,Watercraft,14
-1961,unlock,110,Old tupayatupa Kingdom,Andean Highland,103,Bone and Antler Tools,11
-1959,unlock,85,Kingdom of North sollorstan,Eastern Woodland,103,Bone and Antler Tools,9
-1957,unlock,51,Kingdom of North lamzuara,West Sahel,5,Sailing,26
-1953,unlock,112,New mittan Tribe,Indic Riverine,15,Currency,25
-1941,unlock,8,Nalraranagar Tribe,Indic Riverine,11,Writing,25
-1921,unlock,73,South tolitzmix Tribe,Mesoamerican,12,Shipbuilding,25
-1916,unlock,68,Kingdom of South chitemtem,Mesoamerican,110,Dog Domestication,24
-1913,unlock,80,North rumpachyu Tribe,Andean Highland,103,Bone and Antler Tools,10
-1912,unlock,78,Great sumtupqorimarca Tribe,Andean Highland,8,Masonry,13
-1907,unlock,40,Kingdom of South lorlinsol,Monsoon Coastal,10,Irrigation,20
-1899,unlock,31,Kingdom of North arsambelum,Fertile Crescent,103,Bone and Antler Tools,14
-1899,unlock,71,Kingdom of Old xocyuc,Mesoamerican,12,Shipbuilding,24
-1898,unlock,51,Kingdom of North lamzuara,West Sahel,12,Shipbuilding,27
-1892,unlock,82,Kingdom of Great linranteria,Eastern Woodland,8,Masonry,11
-1891,unlock,100,Kingdom of New sumkusna,Andean Highland,110,Dog Domestication,12
-1883,unlock,115,North ninashbarum Kingdom,Fertile Crescent,8,Masonry,14
-1860,unlock,14,Kingdom of South minlishan,East Riverine,103,Bone and Antler Tools,12
-1860,unlock,41,Nalingrad Tribe,Monsoon Coastal,12,Shipbuilding,24
-1840,initial,153,South zumaene Kingdom,Nile Floodplain,100,Cordage and Knots,27
-1840,initial,153,South zumaene Kingdom,Nile Floodplain,101,Hide Working and Tailored Clothing,27
-1840,initial,153,South zumaene Kingdom,Nile Floodplain,102,Hafted Stone Tools,27
-1840,initial,153,South zumaene Kingdom,Nile Floodplain,103,Bone and Antler Tools,27
-1840,initial,153,South zumaene Kingdom,Nile Floodplain,104,Fishing Technology,27
-1840,initial,153,South zumaene Kingdom,Nile Floodplain,105,Food Preservation,27
-1840,initial,153,South zumaene Kingdom,Nile Floodplain,106,Storage Pits and Containers,27
-1840,initial,153,South zumaene Kingdom,Nile Floodplain,107,Seasonal Aggregation Camps,27
-1840,initial,153,South zumaene Kingdom,Nile Floodplain,110,Dog Domestication,27
-1840,initial,153,South zumaene Kingdom,Nile Floodplain,111,Grinding Stones,27
-1840,initial,153,South zumaene Kingdom,Nile Floodplain,112,Proto-cultivation,27
-1840,initial,153,South zumaene Kingdom,Nile Floodplain,113,Sedentism,27
-1840,initial,153,South zumaene Kingdom,Nile Floodplain,114,Enclosures and Herd Management,27
-1840,initial,153,South zumaene Kingdom,Nile Floodplain,115,Counting Tokens and Tallies,27
-1840,initial,153,South zumaene Kingdom,Nile Floodplain,116,Charcoal Firing,27
-1840,initial,153,South zumaene Kingdom,Nile Floodplain,117,Proto-writing and Administrative Notation,27
-1840,initial,153,South zumaene Kingdom,Nile Floodplain,118,Numeracy and Measurement,27
-1840,initial,153,South zumaene Kingdom,Nile Floodplain,20,Agriculture,27
-1840,initial,153,South zumaene Kingdom,Nile Floodplain,11,Writing,27
-1840,initial,153,South zumaene Kingdom,Nile Floodplain,3,Archery,27
-1840,initial,153,South zumaene Kingdom,Nile Floodplain,6,Calendar,27
-1840,initial,153,South zumaene Kingdom,Nile Floodplain,7,Wheel,27
-1840,initial,153,South zumaene Kingdom,Nile Floodplain,10,Irrigation,27
-1840,initial,153,South zumaene Kingdom,Nile Floodplain,15,Currency,27
-1840,initial,153,South zumaene Kingdom,Nile Floodplain,17,Roads,27
-1840,initial,153,South zumaene Kingdom,Nile Floodplain,19,Alphabet,27
-1840,initial,153,South zumaene Kingdom,Nile Floodplain,22,Philosophy,27
-1830,initial,154,South seseseara Tribe,Nile Floodplain,100,Cordage and Knots,10
-1830,initial,154,South seseseara Tribe,Nile Floodplain,101,Hide Working and Tailored Clothing,10
-1830,initial,154,South seseseara Tribe,Nile Floodplain,102,Hafted Stone Tools,10
-1830,initial,154,South seseseara Tribe,Nile Floodplain,105,Food Preservation,10
-1830,initial,154,South seseseara Tribe,Nile Floodplain,106,Storage Pits and Containers,10
-1830,initial,154,South seseseara Tribe,Nile Floodplain,107,Seasonal Aggregation Camps,10
-1830,initial,154,South seseseara Tribe,Nile Floodplain,110,Dog Domestication,10
-1830,initial,154,South seseseara Tribe,Nile Floodplain,111,Grinding Stones,10
-1830,initial,154,South seseseara Tribe,Nile Floodplain,116,Charcoal Firing,10
-1830,initial,154,South seseseara Tribe,Nile Floodplain,3,Archery,10
-1818,unlock,7,Nalnalnagar Tribe,Indic Riverine,10,Irrigation,25
-1815,initial,155,North romviasolgrad Kingdom,Western Plains,100,Cordage and Knots,8
-1815,initial,155,North romviasolgrad Kingdom,Western Plains,101,Hide Working and Tailored Clothing,8
-1815,initial,155,North romviasolgrad Kingdom,Western Plains,102,Hafted Stone Tools,8
-1815,initial,155,North romviasolgrad Kingdom,Western Plains,105,Food Preservation,8
-1815,initial,155,North romviasolgrad Kingdom,Western Plains,106,Storage Pits and Containers,8
-1815,initial,155,North romviasolgrad Kingdom,Western Plains,107,Seasonal Aggregation Camps,8
-1815,initial,155,North romviasolgrad Kingdom,Western Plains,111,Grinding Stones,8
-1815,initial,155,North romviasolgrad Kingdom,Western Plains,3,Archery,8
-1811,unlock,79,South kussumpacha Tribe,Andean Highland,115,Counting Tokens and Tallies,16
-1804,unlock,11,Kingdom of Great mittantanpur,Indic Riverine,103,Bone and Antler Tools,12
-1802,unlock,46,Kingdom of North marlinstan,Steppe Nomadic,103,Bone and Antler Tools,10
-1796,unlock,8,Nalraranagar Tribe,Indic Riverine,19,Alphabet,26
-1788,unlock,2,Kingdom of North varrarapur,Indic Riverine,103,Bone and Antler Tools,11
-1781,unlock,82,Kingdom of Great linranteria,Eastern Woodland,116,Charcoal Firing,12
-1780,unlock,40,Kingdom of South lorlinsol,Monsoon Coastal,103,Bone and Antler Tools,21
-1772,unlock,1,Kingdom of New surrasurdesh,Indic Riverine,23,Engineering,30
-1767,unlock,68,Kingdom of South chitemtem,Mesoamerican,12,Shipbuilding,25
-1762,unlock,112,New mittan Tribe,Indic Riverine,109,Long-distance Exchange Networks,26
-1751,unlock,63,Kingdom of South tarselburg,Atlantic Fringe,103,Bone and Antler Tools,13
-1750,initial,156,Great drakannagar Kingdom,Indic Riverine,100,Cordage and Knots,11
-1750,initial,156,Great drakannagar Kingdom,Indic Riverine,101,Hide Working and Tailored Clothing,11
-1750,initial,156,Great drakannagar Kingdom,Indic Riverine,102,Hafted Stone Tools,11
-1750,initial,156,Great drakannagar Kingdom,Indic Riverine,103,Bone and Antler Tools,11
-1750,initial,156,Great drakannagar Kingdom,Indic Riverine,105,Food Preservation,11
-1750,initial,156,Great drakannagar Kingdom,Indic Riverine,106,Storage Pits and Containers,11
-1750,initial,156,Great drakannagar Kingdom,Indic Riverine,107,Seasonal Aggregation Camps,11
-1750,initial,156,Great drakannagar Kingdom,Indic Riverine,110,Dog Domestication,11
-1750,initial,156,Great drakannagar Kingdom,Indic Riverine,111,Grinding Stones,11
-1750,initial,156,Great drakannagar Kingdom,Indic Riverine,116,Charcoal Firing,11
-1750,initial,156,Great drakannagar Kingdom,Indic Riverine,3,Archery,11
-1750,initial,157,Old barbartan Kingdom,Nile Floodplain,100,Cordage and Knots,10
-1750,initial,157,Old barbartan Kingdom,Nile Floodplain,101,Hide Working and Tailored Clothing,10
-1750,initial,157,Old barbartan Kingdom,Nile Floodplain,102,Hafted Stone Tools,10
-1750,initial,157,Old barbartan Kingdom,Nile Floodplain,105,Food Preservation,10
-1750,initial,157,Old barbartan Kingdom,Nile Floodplain,106,Storage Pits and Containers,10
-1750,initial,157,Old barbartan Kingdom,Nile Floodplain,107,Seasonal Aggregation Camps,10
-1750,initial,157,Old barbartan Kingdom,Nile Floodplain,110,Dog Domestication,10
-1750,initial,157,Old barbartan Kingdom,Nile Floodplain,111,Grinding Stones,10
-1750,initial,157,Old barbartan Kingdom,Nile Floodplain,116,Charcoal Firing,10
-1750,initial,157,Old barbartan Kingdom,Nile Floodplain,3,Archery,10
-1749,unlock,29,Empire of Old belkalad,Fertile Crescent,9,Bronze Alloying,16
-1728,unlock,19,South liweiguo Tribe,East Riverine,103,Bone and Antler Tools,11
-1711,unlock,51,Kingdom of North lamzuara,West Sahel,117,Proto-writing and Administrative Notation,24
-1702,unlock,66,Kingdom of New nahnah,Mesoamerican,108,Watercraft,22
-1681,unlock,32,Kingdom of Barbeleshan,Fertile Crescent,103,Bone and Antler Tools,13
-1681,unlock,112,New mittan Tribe,Indic Riverine,5,Sailing,27
-1675,initial,158,South ranquisol Tribe,Western Plains,100,Cordage and Knots,8
-1675,initial,158,South ranquisol Tribe,Western Plains,101,Hide Working and Tailored Clothing,8
-1675,initial,158,South ranquisol Tribe,Western Plains,102,Hafted Stone Tools,8
-1675,initial,158,South ranquisol Tribe,Western Plains,105,Food Preservation,8
-1675,initial,158,South ranquisol Tribe,Western Plains,106,Storage Pits and Containers,8
-1675,initial,158,South ranquisol Tribe,Western Plains,107,Seasonal Aggregation Camps,8
-1675,initial,158,South ranquisol Tribe,Western Plains,111,Grinding Stones,8
-1675,initial,158,South ranquisol Tribe,Western Plains,3,Archery,8
-1671,unlock,100,Kingdom of New sumkusna,Andean Highland,8,Masonry,13
-1670,initial,159,North ofimaara Tribe,West Sahel,100,Cordage and Knots,27
-1670,initial,159,North ofimaara Tribe,West Sahel,101,Hide Working and Tailored Clothing,27
-1670,initial,159,North ofimaara Tribe,West Sahel,102,Hafted Stone Tools,27
-1670,initial,159,North ofimaara Tribe,West Sahel,103,Bone and Antler Tools,27
-1670,initial,159,North ofimaara Tribe,West Sahel,104,Fishing Technology,27
-1670,initial,159,North ofimaara Tribe,West Sahel,105,Food Preservation,27
-1670,initial,159,North ofimaara Tribe,West Sahel,106,Storage Pits and Containers,27
-1670,initial,159,North ofimaara Tribe,West Sahel,107,Seasonal Aggregation Camps,27
-1670,initial,159,North ofimaara Tribe,West Sahel,108,Watercraft,27
-1670,initial,159,North ofimaara Tribe,West Sahel,109,Long-distance Exchange Networks,27
-1670,initial,159,North ofimaara Tribe,West Sahel,110,Dog Domestication,27
-1670,initial,159,North ofimaara Tribe,West Sahel,111,Grinding Stones,27
-1670,initial,159,North ofimaara Tribe,West Sahel,112,Proto-cultivation,27
-1670,initial,159,North ofimaara Tribe,West Sahel,113,Sedentism,27
-1670,initial,159,North ofimaara Tribe,West Sahel,114,Enclosures and Herd Management,27
-1670,initial,159,North ofimaara Tribe,West Sahel,115,Counting Tokens and Tallies,27
-1670,initial,159,North ofimaara Tribe,West Sahel,116,Charcoal Firing,27
-1670,initial,159,North ofimaara Tribe,West Sahel,117,Proto-writing and Administrative Notation,27
-1670,initial,159,North ofimaara Tribe,West Sahel,20,Agriculture,27
-1670,initial,159,North ofimaara Tribe,West Sahel,3,Archery,27
-1670,initial,159,North ofimaara Tribe,West Sahel,5,Sailing,27
-1670,initial,159,North ofimaara Tribe,West Sahel,6,Calendar,27
-1670,initial,159,North ofimaara Tribe,West Sahel,7,Wheel,27
-1670,initial,159,North ofimaara Tribe,West Sahel,10,Irrigation,27
-1670,initial,159,North ofimaara Tribe,West Sahel,12,Shipbuilding,27
-1670,initial,159,North ofimaara Tribe,West Sahel,17,Roads,27
-1670,initial,159,North ofimaara Tribe,West Sahel,23,Engineering,27
-1668,unlock,79,South kussumpacha Tribe,Andean Highland,5,Sailing,17
-1641,unlock,42,Kingdom of North quitergrad,Monsoon Coastal,103,Bone and Antler Tools,11
-1633,unlock,8,Nalraranagar Tribe,Indic Riverine,21,Drama and Poetry,27
-1631,unlock,8,Nalraranagar Tribe,Indic Riverine,22,Philosophy,28
-1620,unlock,52,Empire of Great tantanu,West Sahel,29,Machinery,27
-1616,unlock,66,Kingdom of New nahnah,Mesoamerican,5,Sailing,23
-1601,unlock,88,Kingdom of Great belsolland,Eastern Woodland,103,Bone and Antler Tools,10
-1595,unlock,1,Kingdom of New surrasurdesh,Indic Riverine,29,Machinery,31
-1595,unlock,81,South pachkusyu Tribe,Andean Highland,110,Dog Domestication,13
-1588,unlock,97,North marquirania,Caribbean Seafaring,110,Dog Domestication,8
-1568,unlock,1,Kingdom of New surrasurdesh,Indic Riverine,22,Philosophy,32
-1556,unlock,106,Kingdom of Old dorselvenum,Central Plain,103,Bone and Antler Tools,12
-1555,unlock,41,Nalingrad Tribe,Monsoon Coastal,103,Bone and Antler Tools,25
-1552,unlock,87,Kingdom of Great zenranland,Eastern Woodland,110,Dog Domestication,9
-1550,initial,160,Old lamchiu Tribe,West Sahel,100,Cordage and Knots,24
-1550,initial,160,Old lamchiu Tribe,West Sahel,101,Hide Working and Tailored Clothing,24
-1550,initial,160,Old lamchiu Tribe,West Sahel,102,Hafted Stone Tools,24
-1550,initial,160,Old lamchiu Tribe,West Sahel,103,Bone and Antler Tools,24
-1550,initial,160,Old lamchiu Tribe,West Sahel,104,Fishing Technology,24
-1550,initial,160,Old lamchiu Tribe,West Sahel,105,Food Preservation,24
-1550,initial,160,Old lamchiu Tribe,West Sahel,106,Storage Pits and Containers,24
-1550,initial,160,Old lamchiu Tribe,West Sahel,107,Seasonal Aggregation Camps,24
-1550,initial,160,Old lamchiu Tribe,West Sahel,110,Dog Domestication,24
-1550,initial,160,Old lamchiu Tribe,West Sahel,111,Grinding Stones,24
-1550,initial,160,Old lamchiu Tribe,West Sahel,112,Proto-cultivation,24
-1550,initial,160,Old lamchiu Tribe,West Sahel,113,Sedentism,24
-1550,initial,160,Old lamchiu Tribe,West Sahel,114,Enclosures and Herd Management,24
-1550,initial,160,Old lamchiu Tribe,West Sahel,115,Counting Tokens and Tallies,24
-1550,initial,160,Old lamchiu Tribe,West Sahel,116,Charcoal Firing,24
-1550,initial,160,Old lamchiu Tribe,West Sahel,117,Proto-writing and Administrative Notation,24
-1550,initial,160,Old lamchiu Tribe,West Sahel,20,Agriculture,24
-1550,initial,160,Old lamchiu Tribe,West Sahel,3,Archery,24
-1550,initial,160,Old lamchiu Tribe,West Sahel,6,Calendar,24
-1550,initial,160,Old lamchiu Tribe,West Sahel,7,Wheel,24
-1550,initial,160,Old lamchiu Tribe,West Sahel,10,Irrigation,24
-1550,initial,160,Old lamchiu Tribe,West Sahel,17,Roads,24
-1550,initial,160,Old lamchiu Tribe,West Sahel,23,Engineering,24
-1550,initial,160,Old lamchiu Tribe,West Sahel,29,Machinery,24
-1540,unlock,129,Old urkalbarum Tribe,Fertile Crescent,120,Copper Smelting,13
-1538,unlock,129,Old urkalbarum Tribe,Fertile Crescent,8,Masonry,14
-1535,unlock,8,Nalraranagar Tribe,Indic Riverine,30,Education,29
-1533,unlock,112,New mittan Tribe,Indic Riverine,12,Shipbuilding,28
-1529,unlock,54,Kingdom of South tanmaofiu,East Horn,114,Enclosures and Herd Management,19
-1526,unlock,66,Kingdom of New nahnah,Mesoamerican,17,Roads,24
-1522,unlock,1,Kingdom of New surrasurdesh,Indic Riverine,27,Democracy,33
-1519,unlock,66,Kingdom of New nahnah,Mesoamerican,109,Long-distance Exchange Networks,25
-1516,unlock,79,South kussumpacha Tribe,Andean Highland,114,Enclosures and Herd Management,18
-1514,unlock,120,Old matana Tribe,North Saharan,103,Bone and Antler Tools,11
-1505,unlock,8,Nalraranagar Tribe,Indic Riverine,27,Democracy,30
-1505,initial,161,North kaseara Tribe,East Horn,100,Cordage and Knots,18
-1505,initial,161,North kaseara Tribe,East Horn,101,Hide Working and Tailored Clothing,18
-1505,initial,161,North kaseara Tribe,East Horn,102,Hafted Stone Tools,18
-1505,initial,161,North kaseara Tribe,East Horn,103,Bone and Antler Tools,18
-1505,initial,161,North kaseara Tribe,East Horn,104,Fishing Technology,18
-1505,initial,161,North kaseara Tribe,East Horn,105,Food Preservation,18
-1505,initial,161,North kaseara Tribe,East Horn,106,Storage Pits and Containers,18
-1505,initial,161,North kaseara Tribe,East Horn,107,Seasonal Aggregation Camps,18
-1505,initial,161,North kaseara Tribe,East Horn,110,Dog Domestication,18
-1505,initial,161,North kaseara Tribe,East Horn,111,Grinding Stones,18
-1505,initial,161,North kaseara Tribe,East Horn,112,Proto-cultivation,18
-1505,initial,161,North kaseara Tribe,East Horn,113,Sedentism,18
-1505,initial,161,North kaseara Tribe,East Horn,115,Counting Tokens and Tallies,18
-1505,initial,161,North kaseara Tribe,East Horn,116,Charcoal Firing,18
-1505,initial,161,North kaseara Tribe,East Horn,20,Agriculture,18
-1505,initial,161,North kaseara Tribe,East Horn,3,Archery,18
-1505,initial,161,North kaseara Tribe,East Horn,6,Calendar,18
-1505,initial,161,North kaseara Tribe,East Horn,10,Irrigation,18
-1503,unlock,66,Kingdom of New nahnah,Mesoamerican,12,Shipbuilding,26
-1492,unlock,8,Nalraranagar Tribe,Indic Riverine,14,Formal Mathematics,31
-1460,unlock,40,Kingdom of Solgarlinstan,Monsoon Coastal,12,Shipbuilding,22
-1452,unlock,79,South kussumpacha Tribe,Andean Highland,109,Long-distance Exchange Networks,19
-1445,unlock,99,Kingdom of Old ratane,Oceanic Navigators,103,Bone and Antler Tools,8
-1442,unlock,115,North ninashbarum Kingdom,Fertile Crescent,104,Fishing Technology,15
-1441,unlock,38,Kingdom of South ninnineshar,Fertile Crescent,120,Copper Smelting,13
-1423,unlock,50,Kingdom of South mangoa,North Saharan,103,Bone and Antler Tools,11
-1411,unlock,21,South lihanminshan Tribe,East Riverine,103,Bone and Antler Tools,11
-1397,unlock,81,South pachkusyu Tribe,Andean Highland,120,Copper Smelting,14
-1396,unlock,29,Empire of Old belkalad,Fertile Crescent,13,Iron Working,17
-1385,initial,162,Zennanaia Tribe,Western Plains,100,Cordage and Knots,9
-1385,initial,162,Zennanaia Tribe,Western Plains,101,Hide Working and Tailored Clothing,9
-1385,initial,162,Zennanaia Tribe,Western Plains,102,Hafted Stone Tools,9
-1385,initial,162,Zennanaia Tribe,Western Plains,105,Food Preservation,9
-1385,initial,162,Zennanaia Tribe,Western Plains,106,Storage Pits and Containers,9
-1385,initial,162,Zennanaia Tribe,Western Plains,107,Seasonal Aggregation Camps,9
-1385,initial,162,Zennanaia Tribe,Western Plains,111,Grinding Stones,9
-1385,initial,162,Zennanaia Tribe,Western Plains,4,Mining,9
-1385,initial,162,Zennanaia Tribe,Western Plains,3,Archery,9
-1379,unlock,16,Kingdom of North lintaishan,East Riverine,8,Masonry,12
-1375,unlock,29,Empire of Old belkalad,Fertile Crescent,42,Metallurgy,18
-1354,unlock,1,Kingdom of New surrasurdesh,Indic Riverine,30,Education,34
-1343,unlock,106,Kingdom of Old dorselvenum,Central Plain,8,Masonry,13
-1342,unlock,75,Kingdom of Old ayapachna,Andean Highland,103,Bone and Antler Tools,10
-1342,unlock,118,Kingdom of South varkanmitnagar,Indic Riverine,103,Bone and Antler Tools,12
-1338,unlock,79,South kussumpacha Tribe,Andean Highland,117,Proto-writing and Administrative Notation,20
-1332,unlock,135,Great dusnamarstan Kingdom,Monsoon Coastal,104,Fishing Technology,11
-1325,unlock,40,Kingdom of Solgarlinstan,Monsoon Coastal,17,Roads,23
-1320,unlock,111,Kingdom of North venselburg,Central Plain,8,Masonry,12
-1319,unlock,8,Kingdom of Old dranalnagar,Indic Riverine,24,Optics,32
-1294,unlock,53,Kingdom of Chichika,East Horn,114,Enclosures and Herd Management,19
-1293,unlock,85,Kingdom of North sollorstan,Eastern Woodland,116,Charcoal Firing,10
-1288,unlock,0,Kingdom of Old sursurvardesh,Indic Riverine,23,Engineering,26
-1285,unlock,13,South nalnaltana Tribe,Indic Riverine,103,Bone and Antler Tools,12
-1285,initial,163,Great suyurumsuyumarca Kingdom,Andean Highland,100,Cordage and Knots,10
-1285,initial,163,Great suyurumsuyumarca Kingdom,Andean Highland,101,Hide Working and Tailored Clothing,10
-1285,initial,163,Great suyurumsuyumarca Kingdom,Andean Highland,102,Hafted Stone Tools,10
-1285,initial,163,Great suyurumsuyumarca Kingdom,Andean Highland,105,Food Preservation,10
-1285,initial,163,Great suyurumsuyumarca Kingdom,Andean Highland,106,Storage Pits and Containers,10
-1285,initial,163,Great suyurumsuyumarca Kingdom,Andean Highland,107,Seasonal Aggregation Camps,10
-1285,initial,163,Great suyurumsuyumarca Kingdom,Andean Highland,111,Grinding Stones,10
-1285,initial,163,Great suyurumsuyumarca Kingdom,Andean Highland,116,Charcoal Firing,10
-1285,initial,163,Great suyurumsuyumarca Kingdom,Andean Highland,4,Mining,10
-1285,initial,163,Great suyurumsuyumarca Kingdom,Andean Highland,3,Archery,10
-1272,unlock,59,Kingdom of Old lenbelum,Mediterranean Urban,103,Bone and Antler Tools,11
-1270,unlock,105,Kingdom of New tupsumtupa,Andean Highland,110,Dog Domestication,11
-1262,unlock,54,Kingdom of South tanmaofiu,East Horn,7,Wheel,20
-1255,initial,164,Great ngolama Tribe,East Horn,100,Cordage and Knots,20
-1255,initial,164,Great ngolama Tribe,East Horn,101,Hide Working and Tailored Clothing,20
-1255,initial,164,Great ngolama Tribe,East Horn,102,Hafted Stone Tools,20
-1255,initial,164,Great ngolama Tribe,East Horn,103,Bone and Antler Tools,20
-1255,initial,164,Great ngolama Tribe,East Horn,104,Fishing Technology,20
-1255,initial,164,Great ngolama Tribe,East Horn,105,Food Preservation,20
-1255,initial,164,Great ngolama Tribe,East Horn,106,Storage Pits and Containers,20
-1255,initial,164,Great ngolama Tribe,East Horn,107,Seasonal Aggregation Camps,20
-1255,initial,164,Great ngolama Tribe,East Horn,110,Dog Domestication,20
-1255,initial,164,Great ngolama Tribe,East Horn,111,Grinding Stones,20
-1255,initial,164,Great ngolama Tribe,East Horn,112,Proto-cultivation,20
-1255,initial,164,Great ngolama Tribe,East Horn,113,Sedentism,20
-1255,initial,164,Great ngolama Tribe,East Horn,114,Enclosures and Herd Management,20
-1255,initial,164,Great ngolama Tribe,East Horn,115,Counting Tokens and Tallies,20
-1255,initial,164,Great ngolama Tribe,East Horn,116,Charcoal Firing,20
-1255,initial,164,Great ngolama Tribe,East Horn,20,Agriculture,20
-1255,initial,164,Great ngolama Tribe,East Horn,3,Archery,20
-1255,initial,164,Great ngolama Tribe,East Horn,6,Calendar,20
-1255,initial,164,Great ngolama Tribe,East Horn,7,Wheel,20
-1255,initial,164,Great ngolama Tribe,East Horn,10,Irrigation,20
-1255,initial,165,North barzulamu Kingdom,East Horn,100,Cordage and Knots,19
-1255,initial,165,North barzulamu Kingdom,East Horn,101,Hide Working and Tailored Clothing,19
-1255,initial,165,North barzulamu Kingdom,East Horn,102,Hafted Stone Tools,19
-1255,initial,165,North barzulamu Kingdom,East Horn,103,Bone and Antler Tools,19
-1255,initial,165,North barzulamu Kingdom,East Horn,104,Fishing Technology,19
-1255,initial,165,North barzulamu Kingdom,East Horn,105,Food Preservation,19
-1255,initial,165,North barzulamu Kingdom,East Horn,106,Storage Pits and Containers,19
-1255,initial,165,North barzulamu Kingdom,East Horn,107,Seasonal Aggregation Camps,19
-1255,initial,165,North barzulamu Kingdom,East Horn,110,Dog Domestication,19
-1255,initial,165,North barzulamu Kingdom,East Horn,111,Grinding Stones,19
-1255,initial,165,North barzulamu Kingdom,East Horn,112,Proto-cultivation,19
-1255,initial,165,North barzulamu Kingdom,East Horn,113,Sedentism,19
-1255,initial,165,North barzulamu Kingdom,East Horn,114,Enclosures and Herd Management,19
-1255,initial,165,North barzulamu Kingdom,East Horn,115,Counting Tokens and Tallies,19
-1255,initial,165,North barzulamu Kingdom,East Horn,116,Charcoal Firing,19
-1255,initial,165,North barzulamu Kingdom,East Horn,20,Agriculture,19
-1255,initial,165,North barzulamu Kingdom,East Horn,3,Archery,19
-1255,initial,165,North barzulamu Kingdom,East Horn,6,Calendar,19
-1255,initial,165,North barzulamu Kingdom,East Horn,10,Irrigation,19
-1252,unlock,127,North beldorvenum Kingdom,Central Plain,8,Masonry,12
-1242,unlock,79,South kussumpacha Tribe,Andean Highland,12,Shipbuilding,21
-1240,unlock,16,Kingdom of North lintaishan,East Riverine,119,Native Copper Working,13
-1225,unlock,0,Kingdom of Old sursurvardesh,Indic Riverine,29,Machinery,27
-1225,initial,166,South liqin Kingdom,East Riverine,100,Cordage and Knots,10
-1225,initial,166,South liqin Kingdom,East Riverine,101,Hide Working and Tailored Clothing,10
-1225,initial,166,South liqin Kingdom,East Riverine,102,Hafted Stone Tools,10
-1225,initial,166,South liqin Kingdom,East Riverine,105,Food Preservation,10
-1225,initial,166,South liqin Kingdom,East Riverine,106,Storage Pits and Containers,10
-1225,initial,166,South liqin Kingdom,East Riverine,107,Seasonal Aggregation Camps,10
-1225,initial,166,South liqin Kingdom,East Riverine,110,Dog Domestication,10
-1225,initial,166,South liqin Kingdom,East Riverine,111,Grinding Stones,10
-1225,initial,166,South liqin Kingdom,East Riverine,116,Charcoal Firing,10
-1225,initial,166,South liqin Kingdom,East Riverine,3,Archery,10
-1222,unlock,105,Kingdom of New tupsumtupa,Andean Highland,8,Masonry,12
-1180,initial,167,Alromia Kingdom,Mediterranean Urban,100,Cordage and Knots,10
-1180,initial,167,Alromia Kingdom,Mediterranean Urban,101,Hide Working and Tailored Clothing,10
-1180,initial,167,Alromia Kingdom,Mediterranean Urban,102,Hafted Stone Tools,10
-1180,initial,167,Alromia Kingdom,Mediterranean Urban,105,Food Preservation,10
-1180,initial,167,Alromia Kingdom,Mediterranean Urban,106,Storage Pits and Containers,10
-1180,initial,167,Alromia Kingdom,Mediterranean Urban,107,Seasonal Aggregation Camps,10
-1180,initial,167,Alromia Kingdom,Mediterranean Urban,110,Dog Domestication,10
-1180,initial,167,Alromia Kingdom,Mediterranean Urban,111,Grinding Stones,10
-1180,initial,167,Alromia Kingdom,Mediterranean Urban,116,Charcoal Firing,10
-1180,initial,167,Alromia Kingdom,Mediterranean Urban,3,Archery,10
-1175,initial,168,Great ofilamene Kingdom,Nile Floodplain,100,Cordage and Knots,11
-1175,initial,168,Great ofilamene Kingdom,Nile Floodplain,101,Hide Working and Tailored Clothing,11
-1175,initial,168,Great ofilamene Kingdom,Nile Floodplain,102,Hafted Stone Tools,11
-1175,initial,168,Great ofilamene Kingdom,Nile Floodplain,103,Bone and Antler Tools,11
-1175,initial,168,Great ofilamene Kingdom,Nile Floodplain,105,Food Preservation,11
-1175,initial,168,Great ofilamene Kingdom,Nile Floodplain,106,Storage Pits and Containers,11
-1175,initial,168,Great ofilamene Kingdom,Nile Floodplain,107,Seasonal Aggregation Camps,11
-1175,initial,168,Great ofilamene Kingdom,Nile Floodplain,110,Dog Domestication,11
-1175,initial,168,Great ofilamene Kingdom,Nile Floodplain,111,Grinding Stones,11
-1175,initial,168,Great ofilamene Kingdom,Nile Floodplain,116,Charcoal Firing,11
-1175,initial,168,Great ofilamene Kingdom,Nile Floodplain,3,Archery,11
-1165,initial,169,New zengargrad Kingdom,Western Plains,100,Cordage and Knots,9
-1165,initial,169,New zengargrad Kingdom,Western Plains,101,Hide Working and Tailored Clothing,9
-1165,initial,169,New zengargrad Kingdom,Western Plains,102,Hafted Stone Tools,9
-1165,initial,169,New zengargrad Kingdom,Western Plains,105,Food Preservation,9
-1165,initial,169,New zengargrad Kingdom,Western Plains,106,Storage Pits and Containers,9
-1165,initial,169,New zengargrad Kingdom,Western Plains,107,Seasonal Aggregation Camps,9
-1165,initial,169,New zengargrad Kingdom,Western Plains,111,Grinding Stones,9
-1165,initial,169,New zengargrad Kingdom,Western Plains,4,Mining,9
-1165,initial,169,New zengargrad Kingdom,Western Plains,3,Archery,9
-1161,unlock,40,Kingdom of Solgarlinstan,Monsoon Coastal,109,Long-distance Exchange Networks,24
-1153,unlock,81,South pachkusyu Tribe,Andean Highland,103,Bone and Antler Tools,15
-1152,unlock,53,Kingdom of North lamofitanu,East Horn,7,Wheel,20
-1149,unlock,29,Empire of Old belkalad,Fertile Crescent,16,Construction,19
-1135,unlock,129,Empire of North eshtaman,Fertile Crescent,9,Bronze Alloying,15
-1103,unlock,79,South kussumpacha Tribe,Andean Highland,11,Writing,22
-1101,unlock,7,Nalnalnagar Tribe,Indic Riverine,29,Machinery,26
-1092,unlock,54,Kingdom of South tanmaofiu,East Horn,17,Roads,21
-1083,unlock,7,Nalnalnagar Tribe,Indic Riverine,23,Engineering,27
-1080,unlock,1,Kingdom of New surrasurdesh,Indic Riverine,118,Numeracy and Measurement,35
-1074,unlock,58,Kingdom of Lenbelburg,Mediterranean Urban,8,Masonry,12
-1066,unlock,88,Kingdom of Great belsolland,Eastern Woodland,110,Dog Domestication,11
-1066,unlock,91,Kingdom of South duszen,Western Plains,110,Dog Domestication,9
-1059,unlock,1,Kingdom of New surrasurdesh,Indic Riverine,15,Currency,36
-1052,unlock,94,Kingdom of South kinmarlor,Western Plains,103,Bone and Antler Tools,9
-1043,unlock,110,Old tupayatupa Kingdom,Andean Highland,110,Dog Domestication,11
-1026,unlock,100,Kingdom of New sumkusna,Andean Highland,16,Construction,14
-1005,initial,170,South weilinzhoshan Kingdom,East Riverine,100,Cordage and Knots,10
-1005,initial,170,South weilinzhoshan Kingdom,East Riverine,101,Hide Working and Tailored Clothing,10
-1005,initial,170,South weilinzhoshan Kingdom,East Riverine,102,Hafted Stone Tools,10
-1005,initial,170,South weilinzhoshan Kingdom,East Riverine,105,Food Preservation,10
-1005,initial,170,South weilinzhoshan Kingdom,East Riverine,106,Storage Pits and Containers,10
-1005,initial,170,South weilinzhoshan Kingdom,East Riverine,107,Seasonal Aggregation Camps,10
-1005,initial,170,South weilinzhoshan Kingdom,East Riverine,110,Dog Domestication,10
-1005,initial,170,South weilinzhoshan Kingdom,East Riverine,111,Grinding Stones,10
-1005,initial,170,South weilinzhoshan Kingdom,East Riverine,116,Charcoal Firing,10
-1005,initial,170,South weilinzhoshan Kingdom,East Riverine,3,Archery,10
-1005,initial,171,Great xiazhoguo Kingdom,East Riverine,100,Cordage and Knots,10
-1005,initial,171,Great xiazhoguo Kingdom,East Riverine,101,Hide Working and Tailored Clothing,10
-1005,initial,171,Great xiazhoguo Kingdom,East Riverine,102,Hafted Stone Tools,10
-1005,initial,171,Great xiazhoguo Kingdom,East Riverine,105,Food Preservation,10
-1005,initial,171,Great xiazhoguo Kingdom,East Riverine,106,Storage Pits and Containers,10
-1005,initial,171,Great xiazhoguo Kingdom,East Riverine,107,Seasonal Aggregation Camps,10
-1005,initial,171,Great xiazhoguo Kingdom,East Riverine,110,Dog Domestication,10
-1005,initial,171,Great xiazhoguo Kingdom,East Riverine,111,Grinding Stones,10
-1005,initial,171,Great xiazhoguo Kingdom,East Riverine,116,Charcoal Firing,10
-1005,initial,171,Great xiazhoguo Kingdom,East Riverine,3,Archery,10
-998,unlock,88,Kingdom of Great belsolland,Eastern Woodland,116,Charcoal Firing,12
-997,unlock,81,South pachkusyu Tribe,Andean Highland,9,Bronze Alloying,16
-990,initial,172,Great belkinia Kingdom,Western Plains,100,Cordage and Knots,8
-990,initial,172,Great belkinia Kingdom,Western Plains,101,Hide Working and Tailored Clothing,8
-990,initial,172,Great belkinia Kingdom,Western Plains,102,Hafted Stone Tools,8
-990,initial,172,Great belkinia Kingdom,Western Plains,105,Food Preservation,8
-990,initial,172,Great belkinia Kingdom,Western Plains,106,Storage Pits and Containers,8
-990,initial,172,Great belkinia Kingdom,Western Plains,107,Seasonal Aggregation Camps,8
-990,initial,172,Great belkinia Kingdom,Western Plains,111,Grinding Stones,8
-990,initial,172,Great belkinia Kingdom,Western Plains,3,Archery,8
-982,unlock,38,Kingdom of South ninnineshar,Fertile Crescent,9,Bronze Alloying,14
-955,unlock,1,Kingdom of New surrasurdesh,Indic Riverine,14,Formal Mathematics,37
-945,initial,173,Belterzen Kingdom,Western Plains,100,Cordage and Knots,9
-945,initial,173,Belterzen Kingdom,Western Plains,101,Hide Working and Tailored Clothing,9
-945,initial,173,Belterzen Kingdom,Western Plains,102,Hafted Stone Tools,9
-945,initial,173,Belterzen Kingdom,Western Plains,105,Food Preservation,9
-945,initial,173,Belterzen Kingdom,Western Plains,106,Storage Pits and Containers,9
-945,initial,173,Belterzen Kingdom,Western Plains,107,Seasonal Aggregation Camps,9
-945,initial,173,Belterzen Kingdom,Western Plains,111,Grinding Stones,9
-945,initial,173,Belterzen Kingdom,Western Plains,4,Mining,9
-945,initial,173,Belterzen Kingdom,Western Plains,3,Archery,9
-944,unlock,112,New mittan Tribe,Indic Riverine,29,Machinery,29
-938,unlock,135,Great dusnamarstan Kingdom,Monsoon Coastal,112,Proto-cultivation,12
-937,unlock,16,Kingdom of South zhoweihanling,East Riverine,103,Bone and Antler Tools,14
-931,unlock,112,New mittan Tribe,Indic Riverine,23,Engineering,30
-930,unlock,81,South pachkusyu Tribe,Andean Highland,16,Construction,17
-915,unlock,77,Empire of Old intiayayu,Andean Highland,103,Bone and Antler Tools,11
-907,unlock,54,Kingdom of South tanmaofiu,East Horn,23,Engineering,22
-900,initial,174,Old altarburg Kingdom,Mediterranean Urban,100,Cordage and Knots,10
-900,initial,174,Old altarburg Kingdom,Mediterranean Urban,101,Hide Working and Tailored Clothing,10
-900,initial,174,Old altarburg Kingdom,Mediterranean Urban,102,Hafted Stone Tools,10
-900,initial,174,Old altarburg Kingdom,Mediterranean Urban,105,Food Preservation,10
-900,initial,174,Old altarburg Kingdom,Mediterranean Urban,106,Storage Pits and Containers,10
-900,initial,174,Old altarburg Kingdom,Mediterranean Urban,107,Seasonal Aggregation Camps,10
-900,initial,174,Old altarburg Kingdom,Mediterranean Urban,110,Dog Domestication,10
-900,initial,174,Old altarburg Kingdom,Mediterranean Urban,111,Grinding Stones,10
-900,initial,174,Old altarburg Kingdom,Mediterranean Urban,116,Charcoal Firing,10
-900,initial,174,Old altarburg Kingdom,Mediterranean Urban,3,Archery,10
-899,unlock,61,Kingdom of Great romven,Central Plain,8,Masonry,12
-871,unlock,38,Kingdom of North arsamar,Fertile Crescent,8,Masonry,15
-869,unlock,54,Kingdom of South tanmaofiu,East Horn,108,Watercraft,23
-863,unlock,40,Kingdom of Solgarlinstan,Monsoon Coastal,115,Counting Tokens and Tallies,25
-852,unlock,3,Kingdom of South kanmitdesh,Indic Riverine,103,Bone and Antler Tools,11
-842,unlock,54,Kingdom of South tanmaofiu,East Horn,5,Sailing,24
-842,unlock,70,Kingdom of North nahchi,Mesoamerican,103,Bone and Antler Tools,10
-833,unlock,165,North barzulamu Kingdom,East Horn,7,Wheel,20
-827,unlock,164,Great ngolama Tribe,East Horn,17,Roads,21
-825,unlock,87,Kingdom of Great zenranland,Eastern Woodland,116,Charcoal Firing,10
-811,unlock,54,Kingdom of South tanmaofiu,East Horn,109,Long-distance Exchange Networks,25
-810,unlock,54,Kingdom of South tanmaofiu,East Horn,12,Shipbuilding,26
-802,unlock,53,Kingdom of North lamofitanu,East Horn,17,Roads,21
-799,unlock,115,North ninashbarum Kingdom,Fertile Crescent,108,Watercraft,16
-776,unlock,79,South kussumpacha Tribe,Andean Highland,19,Alphabet,24
-769,unlock,1,Kingdom of New surrasurdesh,Indic Riverine,26,Compass,38
-765,initial,175,Old belkalarum Kingdom,Fertile Crescent,100,Cordage and Knots,12
-765,initial,175,Old belkalarum Kingdom,Fertile Crescent,101,Hide Working and Tailored Clothing,12
-765,initial,175,Old belkalarum Kingdom,Fertile Crescent,102,Hafted Stone Tools,12
-765,initial,175,Old belkalarum Kingdom,Fertile Crescent,105,Food Preservation,12
-765,initial,175,Old belkalarum Kingdom,Fertile Crescent,106,Storage Pits and Containers,12
-765,initial,175,Old belkalarum Kingdom,Fertile Crescent,107,Seasonal Aggregation Camps,12
-765,initial,175,Old belkalarum Kingdom,Fertile Crescent,110,Dog Domestication,12
-765,initial,175,Old belkalarum Kingdom,Fertile Crescent,111,Grinding Stones,12
-765,initial,175,Old belkalarum Kingdom,Fertile Crescent,116,Charcoal Firing,12
-765,initial,175,Old belkalarum Kingdom,Fertile Crescent,119,Native Copper Working,12
-765,initial,175,Old belkalarum Kingdom,Fertile Crescent,4,Mining,12
-765,initial,175,Old belkalarum Kingdom,Fertile Crescent,3,Archery,12
-758,unlock,149,Kingdom of South varmitpur,Indic Riverine,12,Shipbuilding,25
-757,unlock,99,Kingdom of Old ratane,Oceanic Navigators,111,Grinding Stones,9
-747,unlock,149,Kingdom of South varmitpur,Indic Riverine,103,Bone and Antler Tools,26
-734,unlock,63,Kingdom of South tarselburg,Atlantic Fringe,108,Watercraft,14
-725,initial,176,North viaranmargrad Kingdom,Western Plains,100,Cordage and Knots,8
-725,initial,176,North viaranmargrad Kingdom,Western Plains,101,Hide Working and Tailored Clothing,8
-725,initial,176,North viaranmargrad Kingdom,Western Plains,102,Hafted Stone Tools,8
-725,initial,176,North viaranmargrad Kingdom,Western Plains,105,Food Preservation,8
-725,initial,176,North viaranmargrad Kingdom,Western Plains,106,Storage Pits and Containers,8
-725,initial,176,North viaranmargrad Kingdom,Western Plains,107,Seasonal Aggregation Camps,8
-725,initial,176,North viaranmargrad Kingdom,Western Plains,111,Grinding Stones,8
-725,initial,176,North viaranmargrad Kingdom,Western Plains,3,Archery,8
-724,unlock,4,Kingdom of New nalkannagar,Indic Riverine,104,Fishing Technology,17
-720,initial,177,New zulambarene Kingdom,East Horn,100,Cordage and Knots,18
-720,initial,177,New zulambarene Kingdom,East Horn,101,Hide Working and Tailored Clothing,18
-720,initial,177,New zulambarene Kingdom,East Horn,102,Hafted Stone Tools,18
-720,initial,177,New zulambarene Kingdom,East Horn,103,Bone and Antler Tools,18
-720,initial,177,New zulambarene Kingdom,East Horn,104,Fishing Technology,18
-720,initial,177,New zulambarene Kingdom,East Horn,105,Food Preservation,18
-720,initial,177,New zulambarene Kingdom,East Horn,106,Storage Pits and Containers,18
-720,initial,177,New zulambarene Kingdom,East Horn,107,Seasonal Aggregation Camps,18
-720,initial,177,New zulambarene Kingdom,East Horn,110,Dog Domestication,18
-720,initial,177,New zulambarene Kingdom,East Horn,111,Grinding Stones,18
-720,initial,177,New zulambarene Kingdom,East Horn,112,Proto-cultivation,18
-720,initial,177,New zulambarene Kingdom,East Horn,113,Sedentism,18
-720,initial,177,New zulambarene Kingdom,East Horn,115,Counting Tokens and Tallies,18
-720,initial,177,New zulambarene Kingdom,East Horn,116,Charcoal Firing,18
-720,initial,177,New zulambarene Kingdom,East Horn,20,Agriculture,18
-720,initial,177,New zulambarene Kingdom,East Horn,3,Archery,18
-720,initial,177,New zulambarene Kingdom,East Horn,6,Calendar,18
-720,initial,177,New zulambarene Kingdom,East Horn,10,Irrigation,18
-712,unlock,54,Kingdom of South tanmaofiu,East Horn,29,Machinery,27
-710,initial,178,Garsolvia Kingdom,Western Plains,100,Cordage and Knots,8
-710,initial,178,Garsolvia Kingdom,Western Plains,101,Hide Working and Tailored Clothing,8
-710,initial,178,Garsolvia Kingdom,Western Plains,102,Hafted Stone Tools,8
-710,initial,178,Garsolvia Kingdom,Western Plains,105,Food Preservation,8
-710,initial,178,Garsolvia Kingdom,Western Plains,106,Storage Pits and Containers,8
-710,initial,178,Garsolvia Kingdom,Western Plains,107,Seasonal Aggregation Camps,8
-710,initial,178,Garsolvia Kingdom,Western Plains,111,Grinding Stones,8
-710,initial,178,Garsolvia Kingdom,Western Plains,3,Archery,8
-708,unlock,28,Kingdom of South ararbelan,Fertile Crescent,103,Bone and Antler Tools,11
-708,unlock,34,Kingdom of Old ashbar,Fertile Crescent,103,Bone and Antler Tools,13
-705,initial,179,Old ngolama Kingdom,East Horn,100,Cordage and Knots,20
-705,initial,179,Old ngolama Kingdom,East Horn,101,Hide Working and Tailored Clothing,20
-705,initial,179,Old ngolama Kingdom,East Horn,102,Hafted Stone Tools,20
-705,initial,179,Old ngolama Kingdom,East Horn,103,Bone and Antler Tools,20
-705,initial,179,Old ngolama Kingdom,East Horn,104,Fishing Technology,20
-705,initial,179,Old ngolama Kingdom,East Horn,105,Food Preservation,20
-705,initial,179,Old ngolama Kingdom,East Horn,106,Storage Pits and Containers,20
-705,initial,179,Old ngolama Kingdom,East Horn,107,Seasonal Aggregation Camps,20
-705,initial,179,Old ngolama Kingdom,East Horn,110,Dog Domestication,20
-705,initial,179,Old ngolama Kingdom,East Horn,111,Grinding Stones,20
-705,initial,179,Old ngolama Kingdom,East Horn,112,Proto-cultivation,20
-705,initial,179,Old ngolama Kingdom,East Horn,113,Sedentism,20
-705,initial,179,Old ngolama Kingdom,East Horn,114,Enclosures and Herd Management,20
-705,initial,179,Old ngolama Kingdom,East Horn,115,Counting Tokens and Tallies,20
-705,initial,179,Old ngolama Kingdom,East Horn,116,Charcoal Firing,20
-705,initial,179,Old ngolama Kingdom,East Horn,20,Agriculture,20
-705,initial,179,Old ngolama Kingdom,East Horn,3,Archery,20
-705,initial,179,Old ngolama Kingdom,East Horn,6,Calendar,20
-705,initial,179,Old ngolama Kingdom,East Horn,7,Wheel,20
-705,initial,179,Old ngolama Kingdom,East Horn,10,Irrigation,20
-704,unlock,31,Kingdom of North arsambelum,Fertile Crescent,16,Construction,15
-698,unlock,79,South kussumpacha Tribe,Andean Highland,7,Wheel,25
-696,unlock,149,Kingdom of South varmitpur,Indic Riverine,21,Drama and Poetry,27
-695,unlock,105,Kingdom of New tupsumtupa,Andean Highland,103,Bone and Antler Tools,13
-691,unlock,63,Kingdom of South tarselburg,Atlantic Fringe,8,Masonry,15
-667,unlock,17,Kingdom of Qinrenshan,East Riverine,8,Masonry,12
-666,unlock,34,Kingdom of Old ashbar,Fertile Crescent,8,Masonry,14
-661,unlock,36,Kingdom of Great arsamesh,Fertile Crescent,103,Bone and Antler Tools,13
-661,unlock,82,Kingdom of Great gargarqui,Eastern Woodland,110,Dog Domestication,13
-657,unlock,70,Kingdom of North nahchi,Mesoamerican,104,Fishing Technology,11
-641,unlock,129,Empire of North eshtaman,Fertile Crescent,16,Construction,16
-635,unlock,116,Kingdom of Old qinzhotai,East Riverine,103,Bone and Antler Tools,12
-626,unlock,127,North beldorvenum Kingdom,Central Plain,119,Native Copper Working,13
-623,unlock,14,Kingdom of New qintai,East Riverine,8,Masonry,13
-618,unlock,58,Kingdom of Lenbelburg,Mediterranean Urban,103,Bone and Antler Tools,13
-586,unlock,1,Kingdom of Viraa,Indic Riverine,24,Optics,39
-583,unlock,164,Great ngolama Tribe,East Horn,108,Watercraft,22
-558,unlock,17,Kingdom of Qinrenshan,East Riverine,103,Bone and Antler Tools,13
-547,unlock,111,Kingdom of North romalburg,Central Plain,119,Native Copper Working,13
-545,unlock,30,Kingdom of Ninbeleshum,Fertile Crescent,103,Bone and Antler Tools,11
-544,unlock,1,Kingdom of Viraa,Indic Riverine,39,Universities,40
-543,unlock,116,Kingdom of Old qinzhotai,East Riverine,8,Masonry,13
-543,unlock,133,Kingdom of Belaldor,Mediterranean Urban,4,Mining,11
-531,unlock,161,North kaseara Tribe,East Horn,114,Enclosures and Herd Management,19
-528,unlock,165,North barzulamu Kingdom,East Horn,17,Roads,21
-525,unlock,4,Kingdom of New nalkannagar,Indic Riverine,7,Wheel,18
-524,unlock,89,Kingdom of South dusviaquigrad,Western Plains,116,Charcoal Firing,9
-520,unlock,8,Kingdom of Old dranalnagar,Indic Riverine,23,Engineering,33
-490,initial,180,Kinbelzenstan Kingdom,Western Plains,100,Cordage and Knots,8
-490,initial,180,Kinbelzenstan Kingdom,Western Plains,101,Hide Working and Tailored Clothing,8
-490,initial,180,Kinbelzenstan Kingdom,Western Plains,102,Hafted Stone Tools,8
-490,initial,180,Kinbelzenstan Kingdom,Western Plains,105,Food Preservation,8
-490,initial,180,Kinbelzenstan Kingdom,Western Plains,106,Storage Pits and Containers,8
-490,initial,180,Kinbelzenstan Kingdom,Western Plains,107,Seasonal Aggregation Camps,8
-490,initial,180,Kinbelzenstan Kingdom,Western Plains,111,Grinding Stones,8
-490,initial,180,Kinbelzenstan Kingdom,Western Plains,3,Archery,8
-480,initial,181,Old marquistan Kingdom,Western Plains,100,Cordage and Knots,8
-480,initial,181,Old marquistan Kingdom,Western Plains,101,Hide Working and Tailored Clothing,8
-480,initial,181,Old marquistan Kingdom,Western Plains,102,Hafted Stone Tools,8
-480,initial,181,Old marquistan Kingdom,Western Plains,105,Food Preservation,8
-480,initial,181,Old marquistan Kingdom,Western Plains,106,Storage Pits and Containers,8
-480,initial,181,Old marquistan Kingdom,Western Plains,107,Seasonal Aggregation Camps,8
-480,initial,181,Old marquistan Kingdom,Western Plains,111,Grinding Stones,8
-480,initial,181,Old marquistan Kingdom,Western Plains,3,Archery,8
-476,unlock,8,Kingdom of Old dranalnagar,Indic Riverine,29,Machinery,34
-460,unlock,8,Kingdom of Old dranalnagar,Indic Riverine,31,Acoustics,35
-458,unlock,164,Great ngolama Tribe,East Horn,5,Sailing,23
-457,unlock,76,Kingdom of Intisumqoria,Andean Highland,8,Masonry,11
-456,unlock,56,Kingdom of South vennorromum,Mediterranean Highland,103,Bone and Antler Tools,11
-450,unlock,115,North ninashbarum Kingdom,Fertile Crescent,5,Sailing,17
-427,unlock,34,Kingdom of New ashbarum,Fertile Crescent,120,Copper Smelting,15
-425,initial,182,New liminzhou Kingdom,East Riverine,100,Cordage and Knots,10
-425,initial,182,New liminzhou Kingdom,East Riverine,101,Hide Working and Tailored Clothing,10
-425,initial,182,New liminzhou Kingdom,East Riverine,102,Hafted Stone Tools,10
-425,initial,182,New liminzhou Kingdom,East Riverine,105,Food Preservation,10
-425,initial,182,New liminzhou Kingdom,East Riverine,106,Storage Pits and Containers,10
-425,initial,182,New liminzhou Kingdom,East Riverine,107,Seasonal Aggregation Camps,10
-425,initial,182,New liminzhou Kingdom,East Riverine,110,Dog Domestication,10
-425,initial,182,New liminzhou Kingdom,East Riverine,111,Grinding Stones,10
-425,initial,182,New liminzhou Kingdom,East Riverine,116,Charcoal Firing,10
-425,initial,182,New liminzhou Kingdom,East Riverine,3,Archery,10
-420,unlock,71,Kingdom of Old xocyuc,Mesoamerican,109,Long-distance Exchange Networks,25
-419,unlock,165,North barzulamu Kingdom,East Horn,108,Watercraft,22
-411,unlock,177,New zulambarene Kingdom,East Horn,108,Watercraft,19
-395,unlock,161,Kingdom of New kazuu,East Horn,7,Wheel,20
-389,unlock,161,Kingdom of New kazuu,East Horn,108,Watercraft,21
-373,unlock,164,Great ngolama Tribe,East Horn,109,Long-distance Exchange Networks,24
-355,unlock,31,Kingdom of North arsambelum,Fertile Crescent,42,Metallurgy,16
-348,unlock,91,Kingdom of New ranran,Western Plains,103,Bone and Antler Tools,10
-346,unlock,88,Kingdom of Old namar,Eastern Woodland,8,Masonry,13
-345,unlock,38,Kingdom of North arsamar,Fertile Crescent,13,Iron Working,16
-340,initial,183,South vendornorum Kingdom,Mediterranean Urban,100,Cordage and Knots,10
-340,initial,183,South vendornorum Kingdom,Mediterranean Urban,101,Hide Working and Tailored Clothing,10
-340,initial,183,South vendornorum Kingdom,Mediterranean Urban,102,Hafted Stone Tools,10
-340,initial,183,South vendornorum Kingdom,Mediterranean Urban,105,Food Preservation,10
-340,initial,183,South vendornorum Kingdom,Mediterranean Urban,106,Storage Pits and Containers,10
-340,initial,183,South vendornorum Kingdom,Mediterranean Urban,107,Seasonal Aggregation Camps,10
-340,initial,183,South vendornorum Kingdom,Mediterranean Urban,110,Dog Domestication,10
-340,initial,183,South vendornorum Kingdom,Mediterranean Urban,111,Grinding Stones,10
-340,initial,183,South vendornorum Kingdom,Mediterranean Urban,116,Charcoal Firing,10
-340,initial,183,South vendornorum Kingdom,Mediterranean Urban,3,Archery,10
-325,unlock,177,New zulambarene Kingdom,East Horn,29,Machinery,20
-321,unlock,81,South pachkusyu Tribe,Andean Highland,13,Iron Working,18
-320,initial,184,Old esharum Kingdom,Fertile Crescent,100,Cordage and Knots,12
-320,initial,184,Old esharum Kingdom,Fertile Crescent,101,Hide Working and Tailored Clothing,12
-320,initial,184,Old esharum Kingdom,Fertile Crescent,102,Hafted Stone Tools,12
-320,initial,184,Old esharum Kingdom,Fertile Crescent,105,Food Preservation,12
-320,initial,184,Old esharum Kingdom,Fertile Crescent,106,Storage Pits and Containers,12
-320,initial,184,Old esharum Kingdom,Fertile Crescent,107,Seasonal Aggregation Camps,12
-320,initial,184,Old esharum Kingdom,Fertile Crescent,110,Dog Domestication,12
-320,initial,184,Old esharum Kingdom,Fertile Crescent,111,Grinding Stones,12
-320,initial,184,Old esharum Kingdom,Fertile Crescent,116,Charcoal Firing,12
-320,initial,184,Old esharum Kingdom,Fertile Crescent,119,Native Copper Working,12
-320,initial,184,Old esharum Kingdom,Fertile Crescent,4,Mining,12
-320,initial,184,Old esharum Kingdom,Fertile Crescent,3,Archery,12
-319,unlock,52,Empire of Great tantanu,West Sahel,38,Mechanical Clock,28
-315,unlock,4,Kingdom of Great nalvinagar,Indic Riverine,103,Bone and Antler Tools,19
-315,unlock,8,Republic of Kingdom of Old dranalnagar,Indic Riverine,32,Civil Service,36
-315,unlock,177,New zulambarene Kingdom,East Horn,5,Sailing,21
-315,initial,185,Kinquilinstan Tribe,Western Plains,100,Cordage and Knots,8
-315,initial,185,Kinquilinstan Tribe,Western Plains,101,Hide Working and Tailored Clothing,8
-315,initial,185,Kinquilinstan Tribe,Western Plains,102,Hafted Stone Tools,8
-315,initial,185,Kinquilinstan Tribe,Western Plains,105,Food Preservation,8
-315,initial,185,Kinquilinstan Tribe,Western Plains,106,Storage Pits and Containers,8
-315,initial,185,Kinquilinstan Tribe,Western Plains,107,Seasonal Aggregation Camps,8
-315,initial,185,Kinquilinstan Tribe,Western Plains,111,Grinding Stones,8
-315,initial,185,Kinquilinstan Tribe,Western Plains,3,Archery,8
-309,unlock,57,Empire of North selventaria,Mediterranean Highland,23,Engineering,11
-308,unlock,79,South kussumpacha Tribe,Andean Highland,33,Paper,26
-295,initial,186,Intisuyupachmarca Tribe,Andean Highland,100,Cordage and Knots,11
-295,initial,186,Intisuyupachmarca Tribe,Andean Highland,101,Hide Working and Tailored Clothing,11
-295,initial,186,Intisuyupachmarca Tribe,Andean Highland,102,Hafted Stone Tools,11
-295,initial,186,Intisuyupachmarca Tribe,Andean Highland,103,Bone and Antler Tools,11
-295,initial,186,Intisuyupachmarca Tribe,Andean Highland,105,Food Preservation,11
-295,initial,186,Intisuyupachmarca Tribe,Andean Highland,106,Storage Pits and Containers,11
-295,initial,186,Intisuyupachmarca Tribe,Andean Highland,107,Seasonal Aggregation Camps,11
-295,initial,186,Intisuyupachmarca Tribe,Andean Highland,110,Dog Domestication,11
-295,initial,186,Intisuyupachmarca Tribe,Andean Highland,111,Grinding Stones,11
-295,initial,186,Intisuyupachmarca Tribe,Andean Highland,116,Charcoal Firing,11
-295,initial,186,Intisuyupachmarca Tribe,Andean Highland,3,Archery,11
-292,unlock,165,North barzulamu Kingdom,East Horn,5,Sailing,23
-291,unlock,177,New zulambarene Kingdom,East Horn,109,Long-distance Exchange Networks,22
-275,initial,187,New gargaria Kingdom,Western Plains,100,Cordage and Knots,8
-275,initial,187,New gargaria Kingdom,Western Plains,101,Hide Working and Tailored Clothing,8
-275,initial,187,New gargaria Kingdom,Western Plains,102,Hafted Stone Tools,8
-275,initial,187,New gargaria Kingdom,Western Plains,105,Food Preservation,8
-275,initial,187,New gargaria Kingdom,Western Plains,106,Storage Pits and Containers,8
-275,initial,187,New gargaria Kingdom,Western Plains,107,Seasonal Aggregation Camps,8
-275,initial,187,New gargaria Kingdom,Western Plains,111,Grinding Stones,8
-275,initial,187,New gargaria Kingdom,Western Plains,3,Archery,8
-265,unlock,76,Kingdom of Intisumqoria,Andean Highland,110,Dog Domestication,12
-260,unlock,164,Great ngolama Tribe,East Horn,117,Proto-writing and Administrative Notation,25
-247,unlock,161,Kingdom of New kazuu,East Horn,5,Sailing,22
-241,unlock,13,South nalnaltana Tribe,Indic Riverine,8,Masonry,13
-236,unlock,85,Kingdom of North sollorstan,Eastern Woodland,110,Dog Domestication,11
-226,unlock,177,New zulambarene Kingdom,East Horn,12,Shipbuilding,23
-224,unlock,115,North ninashbarum Kingdom,Fertile Crescent,109,Long-distance Exchange Networks,18
-222,unlock,79,South kussumpacha Tribe,Andean Highland,118,Numeracy and Measurement,27
-221,unlock,79,South kussumpacha Tribe,Andean Highland,17,Roads,28
-220,initial,188,Vialorgrad Kingdom,Western Plains,100,Cordage and Knots,8
-220,initial,188,Vialorgrad Kingdom,Western Plains,101,Hide Working and Tailored Clothing,8
-220,initial,188,Vialorgrad Kingdom,Western Plains,102,Hafted Stone Tools,8
-220,initial,188,Vialorgrad Kingdom,Western Plains,105,Food Preservation,8
-220,initial,188,Vialorgrad Kingdom,Western Plains,106,Storage Pits and Containers,8
-220,initial,188,Vialorgrad Kingdom,Western Plains,107,Seasonal Aggregation Camps,8
-220,initial,188,Vialorgrad Kingdom,Western Plains,111,Grinding Stones,8
-220,initial,188,Vialorgrad Kingdom,Western Plains,3,Archery,8
-219,unlock,161,Kingdom of New kazuu,East Horn,23,Engineering,23
-205,unlock,161,Kingdom of New kazuu,East Horn,17,Roads,24
-191,unlock,38,Kingdom of North arsamar,Fertile Crescent,103,Bone and Antler Tools,17
-185,unlock,135,Kingdom of Viaviaquiia,Monsoon Coastal,103,Bone and Antler Tools,13
-181,unlock,161,Kingdom of New kazuu,East Horn,29,Machinery,25
-175,initial,189,Old qinxialishan Kingdom,East Riverine,100,Cordage and Knots,10
-175,initial,189,Old qinxialishan Kingdom,East Riverine,101,Hide Working and Tailored Clothing,10
-175,initial,189,Old qinxialishan Kingdom,East Riverine,102,Hafted Stone Tools,10
-175,initial,189,Old qinxialishan Kingdom,East Riverine,105,Food Preservation,10
-175,initial,189,Old qinxialishan Kingdom,East Riverine,106,Storage Pits and Containers,10
-175,initial,189,Old qinxialishan Kingdom,East Riverine,107,Seasonal Aggregation Camps,10
-175,initial,189,Old qinxialishan Kingdom,East Riverine,110,Dog Domestication,10
-175,initial,189,Old qinxialishan Kingdom,East Riverine,111,Grinding Stones,10
-175,initial,189,Old qinxialishan Kingdom,East Riverine,116,Charcoal Firing,10
-175,initial,189,Old qinxialishan Kingdom,East Riverine,3,Archery,10
-161,unlock,164,Great ngolama Tribe,East Horn,12,Shipbuilding,26
-158,unlock,38,Kingdom of North arsamar,Fertile Crescent,16,Construction,18
-155,unlock,111,Kingdom of North romalburg,Central Plain,120,Copper Smelting,14
-152,unlock,82,Kingdom of Great romlorrania,Eastern Woodland,16,Construction,14
-140,unlock,33,Kingdom of Great eshursamum,Fertile Crescent,103,Bone and Antler Tools,11
-135,unlock,4,Kingdom of Great nalvinagar,Indic Riverine,10,Irrigation,20
-129,unlock,98,Kingdom of New hivakirinui,Oceanic Navigators,103,Bone and Antler Tools,8
-125,initial,190,Old barsamtam Kingdom,Fertile Crescent,100,Cordage and Knots,11
-125,initial,190,Old barsamtam Kingdom,Fertile Crescent,101,Hide Working and Tailored Clothing,11
-125,initial,190,Old barsamtam Kingdom,Fertile Crescent,102,Hafted Stone Tools,11
-125,initial,190,Old barsamtam Kingdom,Fertile Crescent,103,Bone and Antler Tools,11
-125,initial,190,Old barsamtam Kingdom,Fertile Crescent,105,Food Preservation,11
-125,initial,190,Old barsamtam Kingdom,Fertile Crescent,106,Storage Pits and Containers,11
-125,initial,190,Old barsamtam Kingdom,Fertile Crescent,107,Seasonal Aggregation Camps,11
-125,initial,190,Old barsamtam Kingdom,Fertile Crescent,110,Dog Domestication,11
-125,initial,190,Old barsamtam Kingdom,Fertile Crescent,111,Grinding Stones,11
-125,initial,190,Old barsamtam Kingdom,Fertile Crescent,116,Charcoal Firing,11
-125,initial,190,Old barsamtam Kingdom,Fertile Crescent,3,Archery,11
-120,initial,191,Dortarburg Tribe,Northern Maritime,100,Cordage and Knots,8
-120,initial,191,Dortarburg Tribe,Northern Maritime,101,Hide Working and Tailored Clothing,8
-120,initial,191,Dortarburg Tribe,Northern Maritime,102,Hafted Stone Tools,8
-120,initial,191,Dortarburg Tribe,Northern Maritime,105,Food Preservation,8
-120,initial,191,Dortarburg Tribe,Northern Maritime,106,Storage Pits and Containers,8
-120,initial,191,Dortarburg Tribe,Northern Maritime,107,Seasonal Aggregation Camps,8
-120,initial,191,Dortarburg Tribe,Northern Maritime,111,Grinding Stones,8
-120,initial,191,Dortarburg Tribe,Northern Maritime,3,Archery,8
-118,unlock,165,North barzulamu Kingdom,East Horn,12,Shipbuilding,24
-112,unlock,1,Republic of Kingdom of Viraa,Indic Riverine,33,Paper,41
-103,unlock,34,Kingdom of New ashbarum,Fertile Crescent,9,Bronze Alloying,16
-103,unlock,179,Old ngolama Kingdom,East Horn,17,Roads,21
-102,unlock,129,Empire of North eshtaman,Fertile Crescent,42,Metallurgy,17
-97,unlock,32,Kingdom of New bararad,Fertile Crescent,8,Masonry,14
-97,unlock,36,Kingdom of Great arsamesh,Fertile Crescent,8,Masonry,14
-89,unlock,161,Kingdom of New kazuu,East Horn,12,Shipbuilding,26
-88,unlock,87,Kingdom of Great zenranland,Eastern Woodland,103,Bone and Antler Tools,11
-86,unlock,129,Empire of North eshtaman,Fertile Crescent,13,Iron Working,18
-75,initial,192,North ranmarkinia Kingdom,Western Plains,100,Cordage and Knots,8
-75,initial,192,North ranmarkinia Kingdom,Western Plains,101,Hide Working and Tailored Clothing,8
-75,initial,192,North ranmarkinia Kingdom,Western Plains,102,Hafted Stone Tools,8
-75,initial,192,North ranmarkinia Kingdom,Western Plains,105,Food Preservation,8
-75,initial,192,North ranmarkinia Kingdom,Western Plains,106,Storage Pits and Containers,8
-75,initial,192,North ranmarkinia Kingdom,Western Plains,107,Seasonal Aggregation Camps,8
-75,initial,192,North ranmarkinia Kingdom,Western Plains,111,Grinding Stones,8
-75,initial,192,North ranmarkinia Kingdom,Western Plains,3,Archery,8
-73,unlock,79,Republic of South kussumpacha,Andean Highland,15,Currency,29
-73,unlock,127,North beldorvenum Kingdom,Central Plain,103,Bone and Antler Tools,14
-65,unlock,164,Great ngolama Tribe,East Horn,29,Machinery,27
-45,unlock,1,Republic of Kingdom of Viraa,Indic Riverine,31,Acoustics,42
-31,unlock,78,Kingdom of North tupllaqmarca,Andean Highland,16,Construction,14
-27,unlock,40,Kingdom of Great linkinland,Monsoon Coastal,117,Proto-writing and Administrative Notation,26
-26,unlock,112,New mittan Tribe,Indic Riverine,38,Mechanical Clock,31
-23,unlock,34,Kingdom of New ashbarum,Fertile Crescent,42,Metallurgy,17
-19,unlock,99,Kingdom of Old ratane,Oceanic Navigators,110,Dog Domestication,10
-16,unlock,1,Republic of Kingdom of Viraa,Indic Riverine,38,Mechanical Clock,43
-15,unlock,80,Kingdom of South intipachsuyumarca,Andean Highland,110,Dog Domestication,11
-13,unlock,9,Empire of Great viramita,Indic Riverine,23,Engineering,13
-13,unlock,14,Kingdom of New qintai,East Riverine,16,Construction,14
1,unlock,115,North ninashbarum Kingdom,Fertile Crescent,12,Shipbuilding,19
6,unlock,177,New zulambarene Kingdom,East Horn,23,Engineering,24
10,initial,193,Quidusia Kingdom,Steppe Nomadic,100,Cordage and Knots,9
10,initial,193,Quidusia Kingdom,Steppe Nomadic,101,Hide Working and Tailored Clothing,9
10,initial,193,Quidusia Kingdom,Steppe Nomadic,102,Hafted Stone Tools,9
10,initial,193,Quidusia Kingdom,Steppe Nomadic,105,Food Preservation,9
10,initial,193,Quidusia Kingdom,Steppe Nomadic,106,Storage Pits and Containers,9
10,initial,193,Quidusia Kingdom,Steppe Nomadic,107,Seasonal Aggregation Camps,9
10,initial,193,Quidusia Kingdom,Steppe Nomadic,110,Dog Domestication,9
10,initial,193,Quidusia Kingdom,Steppe Nomadic,111,Grinding Stones,9
10,initial,193,Quidusia Kingdom,Steppe Nomadic,3,Archery,9
12,unlock,149,Kingdom of New varnalshapur,Indic Riverine,22,Philosophy,29
22,unlock,79,Republic of South kussumpacha,Andean Highland,22,Philosophy,30
22,unlock,131,Ranterbelgrad Tribe,Eastern Woodland,103,Bone and Antler Tools,9
30,initial,194,Great viakinnastan Kingdom,Western Plains,100,Cordage and Knots,8
30,initial,194,Great viakinnastan Kingdom,Western Plains,101,Hide Working and Tailored Clothing,8
30,initial,194,Great viakinnastan Kingdom,Western Plains,102,Hafted Stone Tools,8
30,initial,194,Great viakinnastan Kingdom,Western Plains,105,Food Preservation,8
30,initial,194,Great viakinnastan Kingdom,Western Plains,106,Storage Pits and Containers,8
30,initial,194,Great viakinnastan Kingdom,Western Plains,107,Seasonal Aggregation Camps,8
30,initial,194,Great viakinnastan Kingdom,Western Plains,111,Grinding Stones,8
30,initial,194,Great viakinnastan Kingdom,Western Plains,3,Archery,8
37,unlock,53,Kingdom of North lamofitanu,East Horn,29,Machinery,22
68,unlock,100,Kingdom of South qoritupayaa,Andean Highland,119,Native Copper Working,15
69,unlock,135,Kingdom of Viaviaquiia,Monsoon Coastal,108,Watercraft,14
71,unlock,91,Kingdom of New ranran,Western Plains,116,Charcoal Firing,11
72,unlock,37,Kingdom of New ashursam,Fertile Crescent,8,Masonry,13
72,unlock,177,New zulambarene Kingdom,East Horn,114,Enclosures and Herd Management,25
74,unlock,141,Kingdom of Norselnor,Mediterranean Urban,103,Bone and Antler Tools,11
78,unlock,72,Kingdom of Old mixyucmixco,Mesoamerican,103,Bone and Antler Tools,10
87,unlock,111,Kingdom of North romalburg,Central Plain,9,Bronze Alloying,15
90,unlock,63,Kingdom of South tarselburg,Atlantic Fringe,16,Construction,16
94,unlock,14,Kingdom of New qintai,East Riverine,119,Native Copper Working,15
95,unlock,89,Kingdom of South dusviaquigrad,Western Plains,103,Bone and Antler Tools,10
95,initial,195,Old ranlorgargrad Kingdom,Western Plains,100,Cordage and Knots,8
95,initial,195,Old ranlorgargrad Kingdom,Western Plains,101,Hide Working and Tailored Clothing,8
95,initial,195,Old ranlorgargrad Kingdom,Western Plains,102,Hafted Stone Tools,8
95,initial,195,Old ranlorgargrad Kingdom,Western Plains,105,Food Preservation,8
95,initial,195,Old ranlorgargrad Kingdom,Western Plains,106,Storage Pits and Containers,8
95,initial,195,Old ranlorgargrad Kingdom,Western Plains,107,Seasonal Aggregation Camps,8
95,initial,195,Old ranlorgargrad Kingdom,Western Plains,111,Grinding Stones,8
95,initial,195,Old ranlorgargrad Kingdom,Western Plains,3,Archery,8
96,unlock,106,Kingdom of North tarnor,Central Plain,119,Native Copper Working,14
100,initial,196,New lenvenia Kingdom,Northern Maritime,100,Cordage and Knots,8
100,initial,196,New lenvenia Kingdom,Northern Maritime,101,Hide Working and Tailored Clothing,8
100,initial,196,New lenvenia Kingdom,Northern Maritime,102,Hafted Stone Tools,8
100,initial,196,New lenvenia Kingdom,Northern Maritime,105,Food Preservation,8
100,initial,196,New lenvenia Kingdom,Northern Maritime,106,Storage Pits and Containers,8
100,initial,196,New lenvenia Kingdom,Northern Maritime,107,Seasonal Aggregation Camps,8
100,initial,196,New lenvenia Kingdom,Northern Maritime,111,Grinding Stones,8
100,initial,196,New lenvenia Kingdom,Northern Maritime,3,Archery,8
103,unlock,63,Kingdom of South tarselburg,Atlantic Fringe,109,Long-distance Exchange Networks,17
116,unlock,8,Republic of Kingdom of Old dranalnagar,Indic Riverine,34,Banking,37
119,unlock,37,Kingdom of New ashursam,Fertile Crescent,120,Copper Smelting,14
124,unlock,53,Kingdom of North lamofitanu,East Horn,23,Engineering,23
129,unlock,1,Republic of Kingdom of Viraa,Indic Riverine,36,Printing,44
130,unlock,111,Kingdom of North romalburg,Central Plain,42,Metallurgy,16
133,unlock,8,Republic of Kingdom of Old dranalnagar,Indic Riverine,38,Mechanical Clock,38
134,unlock,8,Republic of Kingdom of Old dranalnagar,Indic Riverine,33,Paper,39
144,unlock,115,North ninashbarum Kingdom,Fertile Crescent,16,Construction,20
145,unlock,121,Kingdom of Quiquirangrad,Monsoon Coastal,103,Bone and Antler Tools,11
148,unlock,1,Republic of Kingdom of Viraa,Indic Riverine,49,Scientific Method,45
148,unlock,40,Kingdom of Great linkinland,Monsoon Coastal,11,Writing,27
149,unlock,127,North beldorvenum Kingdom,Central Plain,16,Construction,15
154,unlock,79,Republic of South kussumpacha,Andean Highland,14,Formal Mathematics,31
159,unlock,93,Kingdom of Great viaterstan,Western Plains,103,Bone and Antler Tools,9
159,unlock,118,Kingdom of Great kanranagar,Indic Riverine,8,Masonry,13
162,unlock,135,Kingdom of Viaviaquiia,Monsoon Coastal,113,Sedentism,15
164,unlock,61,Kingdom of South dorkarselburg,Central Plain,103,Bone and Antler Tools,13
173,unlock,149,Kingdom of New varnalshapur,Indic Riverine,27,Democracy,31
178,unlock,177,New zulambarene Kingdom,East Horn,7,Wheel,26
194,unlock,4,Kingdom of Great nalvinagar,Indic Riverine,17,Roads,21
199,unlock,80,Kingdom of South intipachsuyumarca,Andean Highland,23,Engineering,12
205,unlock,13,South nalnaltana Tribe,Indic Riverine,119,Native Copper Working,14
218,unlock,179,Old ngolama Kingdom,East Horn,117,Proto-writing and Administrative Notation,22
219,unlock,136,Kingdom of North tupqoriyu,Andean Highland,8,Masonry,11
221,unlock,139,Kingdom of Old renrenli,East Riverine,103,Bone and Antler Tools,11
230,initial,197,South terdusgrad Kingdom,Steppe Nomadic,100,Cordage and Knots,9
230,initial,197,South terdusgrad Kingdom,Steppe Nomadic,101,Hide Working and Tailored Clothing,9
230,initial,197,South terdusgrad Kingdom,Steppe Nomadic,102,Hafted Stone Tools,9
230,initial,197,South terdusgrad Kingdom,Steppe Nomadic,105,Food Preservation,9
230,initial,197,South terdusgrad Kingdom,Steppe Nomadic,106,Storage Pits and Containers,9
230,initial,197,South terdusgrad Kingdom,Steppe Nomadic,107,Seasonal Aggregation Camps,9
230,initial,197,South terdusgrad Kingdom,Steppe Nomadic,110,Dog Domestication,9
230,initial,197,South terdusgrad Kingdom,Steppe Nomadic,111,Grinding Stones,9
230,initial,197,South terdusgrad Kingdom,Steppe Nomadic,3,Archery,9
231,unlock,34,Kingdom of New ashbarum,Fertile Crescent,13,Iron Working,18
236,unlock,72,Kingdom of Old mixyucmixco,Mesoamerican,110,Dog Domestication,11
237,unlock,79,Republic of South kussumpacha,Andean Highland,27,Democracy,32
247,unlock,1,Republic of Kingdom of Viraa,Indic Riverine,40,Astronomy,46
252,unlock,58,Kingdom of Lenbelburg,Mediterranean Urban,119,Native Copper Working,14
256,unlock,31,Kingdom of North arsambelum,Fertile Crescent,23,Engineering,17
259,unlock,133,Kingdom of Belaldor,Mediterranean Urban,8,Masonry,12
261,unlock,132,Kingdom of Renlirenzhou,East Riverine,103,Bone and Antler Tools,12
262,unlock,128,Kingdom of Great dortar,Mediterranean Urban,4,Mining,11
264,unlock,37,Kingdom of New ashursam,Fertile Crescent,42,Metallurgy,15
270,unlock,79,Republic of South kussumpacha,Andean Highland,21,Drama and Poetry,33
270,initial,198,Old tupayana Kingdom,Andean Highland,100,Cordage and Knots,11
270,initial,198,Old tupayana Kingdom,Andean Highland,101,Hide Working and Tailored Clothing,11
270,initial,198,Old tupayana Kingdom,Andean Highland,102,Hafted Stone Tools,11
270,initial,198,Old tupayana Kingdom,Andean Highland,103,Bone and Antler Tools,11
270,initial,198,Old tupayana Kingdom,Andean Highland,105,Food Preservation,11
270,initial,198,Old tupayana Kingdom,Andean Highland,106,Storage Pits and Containers,11
270,initial,198,Old tupayana Kingdom,Andean Highland,107,Seasonal Aggregation Camps,11
270,initial,198,Old tupayana Kingdom,Andean Highland,110,Dog Domestication,11
270,initial,198,Old tupayana Kingdom,Andean Highland,111,Grinding Stones,11
270,initial,198,Old tupayana Kingdom,Andean Highland,116,Charcoal Firing,11
270,initial,198,Old tupayana Kingdom,Andean Highland,3,Archery,11
274,unlock,40,Kingdom of Great linkinland,Monsoon Coastal,118,Numeracy and Measurement,28
276,unlock,177,New zulambarene Kingdom,East Horn,17,Roads,27
287,unlock,34,Kingdom of New ashbarum,Fertile Crescent,16,Construction,19
287,unlock,63,Kingdom of South tarselburg,Atlantic Fringe,5,Sailing,18
290,unlock,165,North barzulamu Kingdom,East Horn,109,Long-distance Exchange Networks,25
311,unlock,40,Republic of Kingdom of Great linkinland,Monsoon Coastal,19,Alphabet,29
312,unlock,133,Kingdom of Belaldor,Mediterranean Urban,103,Bone and Antler Tools,13
314,unlock,37,Kingdom of New ashursam,Fertile Crescent,103,Bone and Antler Tools,16
319,unlock,40,Republic of Kingdom of Great linkinland,Monsoon Coastal,15,Currency,30
320,initial,199,North alromnorum Kingdom,Mediterranean Urban,100,Cordage and Knots,10
320,initial,199,North alromnorum Kingdom,Mediterranean Urban,101,Hide Working and Tailored Clothing,10
320,initial,199,North alromnorum Kingdom,Mediterranean Urban,102,Hafted Stone Tools,10
320,initial,199,North alromnorum Kingdom,Mediterranean Urban,105,Food Preservation,10
320,initial,199,North alromnorum Kingdom,Mediterranean Urban,106,Storage Pits and Containers,10
320,initial,199,North alromnorum Kingdom,Mediterranean Urban,107,Seasonal Aggregation Camps,10
320,initial,199,North alromnorum Kingdom,Mediterranean Urban,110,Dog Domestication,10
320,initial,199,North alromnorum Kingdom,Mediterranean Urban,111,Grinding Stones,10
320,initial,199,North alromnorum Kingdom,Mediterranean Urban,116,Charcoal Firing,10
320,initial,199,North alromnorum Kingdom,Mediterranean Urban,3,Archery,10
321,unlock,135,Kingdom of Viaviaquiia,Monsoon Coastal,5,Sailing,16
329,unlock,79,Republic of South kussumpacha,Andean Highland,30,Education,34
335,unlock,149,Kingdom of North kanvarsurpur,Indic Riverine,29,Machinery,32
339,unlock,89,Kingdom of South dusviaquigrad,Western Plains,110,Dog Domestication,11
342,unlock,111,Kingdom of North romalburg,Central Plain,103,Bone and Antler Tools,17
352,unlock,37,Kingdom of New ashursam,Fertile Crescent,9,Bronze Alloying,17
357,unlock,105,Kingdom of South suyuaya,Andean Highland,119,Native Copper Working,14
358,unlock,35,Kingdom of Great urbarum,Fertile Crescent,103,Bone and Antler Tools,13
364,unlock,15,Kingdom of New xiali,East Riverine,8,Masonry,12
368,unlock,3,Kingdom of South kanmitdesh,Indic Riverine,23,Engineering,12
372,unlock,8,Republic of Kingdom of Old dranalnagar,Indic Riverine,35,Markets,40
376,unlock,15,Kingdom of New xiali,East Riverine,103,Bone and Antler Tools,13
388,unlock,16,Kingdom of Great weilinguo,East Riverine,120,Copper Smelting,15
389,unlock,111,Kingdom of North romalburg,Central Plain,13,Iron Working,18
390,unlock,161,Kingdom of New kazuu,East Horn,109,Long-distance Exchange Networks,27
407,unlock,129,Empire of North eshtaman,Fertile Crescent,25,Metal Casting,19
410,unlock,179,Old ngolama Kingdom,East Horn,108,Watercraft,23
416,unlock,9,Empire of Great viramita,Indic Riverine,29,Machinery,14
416,unlock,76,Kingdom of Intisumqoria,Andean Highland,103,Bone and Antler Tools,13
419,unlock,135,Kingdom of Viaviaquiia,Monsoon Coastal,20,Agriculture,18
419,unlock,135,Kingdom of Viaviaquiia,Monsoon Coastal,6,Calendar,18
429,unlock,143,Empire of North venkartar,Mediterranean Highland,4,Mining,11
431,unlock,54,Kingdom of South tanmaofiu,East Horn,38,Mechanical Clock,28
431,unlock,135,Kingdom of Viaviaquiia,Monsoon Coastal,115,Counting Tokens and Tallies,19
438,unlock,135,Kingdom of Viaviaquiia,Monsoon Coastal,109,Long-distance Exchange Networks,20
442,unlock,131,Ranterbelgrad Tribe,Eastern Woodland,110,Dog Domestication,10
447,unlock,116,Kingdom of North weixiazhou,East Riverine,16,Construction,14
448,unlock,17,Kingdom of North qinzhoshan,East Riverine,119,Native Copper Working,14
450,initial,200,Alromlenum Kingdom,Northern Maritime,100,Cordage and Knots,8
450,initial,200,Alromlenum Kingdom,Northern Maritime,101,Hide Working and Tailored Clothing,8
450,initial,200,Alromlenum Kingdom,Northern Maritime,102,Hafted Stone Tools,8
450,initial,200,Alromlenum Kingdom,Northern Maritime,105,Food Preservation,8
450,initial,200,Alromlenum Kingdom,Northern Maritime,106,Storage Pits and Containers,8
450,initial,200,Alromlenum Kingdom,Northern Maritime,107,Seasonal Aggregation Camps,8
450,initial,200,Alromlenum Kingdom,Northern Maritime,111,Grinding Stones,8
450,initial,200,Alromlenum Kingdom,Northern Maritime,3,Archery,8
455,unlock,133,Kingdom of Belaldor,Mediterranean Urban,119,Native Copper Working,14
462,unlock,135,Kingdom of Viaviaquiia,Monsoon Coastal,114,Enclosures and Herd Management,21
480,unlock,135,Kingdom of Viaviaquiia,Monsoon Coastal,12,Shipbuilding,22
486,unlock,99,Kingdom of Old ratane,Oceanic Navigators,116,Charcoal Firing,11
490,initial,201,Pachkusna Kingdom,Andean Highland,100,Cordage and Knots,11
490,initial,201,Pachkusna Kingdom,Andean Highland,101,Hide Working and Tailored Clothing,11
490,initial,201,Pachkusna Kingdom,Andean Highland,102,Hafted Stone Tools,11
490,initial,201,Pachkusna Kingdom,Andean Highland,103,Bone and Antler Tools,11
490,initial,201,Pachkusna Kingdom,Andean Highland,105,Food Preservation,11
490,initial,201,Pachkusna Kingdom,Andean Highland,106,Storage Pits and Containers,11
490,initial,201,Pachkusna Kingdom,Andean Highland,107,Seasonal Aggregation Camps,11
490,initial,201,Pachkusna Kingdom,Andean Highland,110,Dog Domestication,11
490,initial,201,Pachkusna Kingdom,Andean Highland,111,Grinding Stones,11
490,initial,201,Pachkusna Kingdom,Andean Highland,116,Charcoal Firing,11
490,initial,201,Pachkusna Kingdom,Andean Highland,3,Archery,11
491,unlock,17,Kingdom of North qinzhoshan,East Riverine,16,Construction,15
498,unlock,131,Ranterbelgrad Tribe,Eastern Woodland,116,Charcoal Firing,11
502,unlock,14,Kingdom of New qintai,East Riverine,23,Engineering,16
504,unlock,135,Kingdom of Viaviaquiia,Monsoon Coastal,10,Irrigation,23
505,unlock,40,Republic of Kingdom of Great linkinland,Monsoon Coastal,21,Drama and Poetry,31
517,unlock,53,Kingdom of North lamofitanu,East Horn,49,Scientific Method,24
521,unlock,135,Kingdom of Viaviaquiia,Monsoon Coastal,117,Proto-writing and Administrative Notation,24
525,unlock,8,Republic of Kingdom of Old dranalnagar,Indic Riverine,36,Printing,41
526,unlock,135,Kingdom of Viaviaquiia,Monsoon Coastal,7,Wheel,25
527,unlock,36,Kingdom of Great arsamesh,Fertile Crescent,120,Copper Smelting,15
541,unlock,38,Kingdom of North arsamar,Fertile Crescent,25,Metal Casting,19
541,unlock,106,Kingdom of North tarnor,Central Plain,120,Copper Smelting,15
545,initial,202,Old terromia Kingdom,Western Plains,100,Cordage and Knots,8
545,initial,202,Old terromia Kingdom,Western Plains,101,Hide Working and Tailored Clothing,8
545,initial,202,Old terromia Kingdom,Western Plains,102,Hafted Stone Tools,8
545,initial,202,Old terromia Kingdom,Western Plains,105,Food Preservation,8
545,initial,202,Old terromia Kingdom,Western Plains,106,Storage Pits and Containers,8
545,initial,202,Old terromia Kingdom,Western Plains,107,Seasonal Aggregation Camps,8
545,initial,202,Old terromia Kingdom,Western Plains,111,Grinding Stones,8
545,initial,202,Old terromia Kingdom,Western Plains,3,Archery,8
550,unlock,80,Kingdom of South intipachsuyumarca,Andean Highland,29,Machinery,13
552,unlock,179,Old ngolama Kingdom,East Horn,5,Sailing,24
562,unlock,17,Kingdom of North qinzhoshan,East Riverine,23,Engineering,16
563,unlock,11,Kingdom of North kanranagar,Indic Riverine,119,Native Copper Working,13
564,unlock,33,Kingdom of Great eshursamum,Fertile Crescent,23,Engineering,12
566,unlock,187,New gargaria Kingdom,Western Plains,110,Dog Domestication,9
567,unlock,2,Kingdom of Old kanshapur,Indic Riverine,23,Engineering,12
568,unlock,29,Empire of North samninurad,Fertile Crescent,23,Engineering,20
575,unlock,118,Kingdom of New tanvarkanpur,Indic Riverine,16,Construction,14
585,unlock,187,New gargaria Kingdom,Western Plains,4,Mining,10
587,unlock,86,Kingdom of Great garmaria,Eastern Woodland,116,Charcoal Firing,9
588,unlock,58,Kingdom of Lenbelburg,Mediterranean Urban,16,Construction,15
593,unlock,79,Republic of South kussumpacha,Andean Highland,26,Compass,35
593,unlock,93,Kingdom of Great viaterstan,Western Plains,116,Charcoal Firing,10
594,unlock,79,Republic of South kussumpacha,Andean Highland,32,Civil Service,36
599,unlock,165,North barzulamu Kingdom,East Horn,29,Machinery,26
601,unlock,135,Kingdom of Viaviaquiia,Monsoon Coastal,17,Roads,26
604,unlock,149,Kingdom of North kanvarsurpur,Indic Riverine,30,Education,33
605,unlock,106,Kingdom of North tarnor,Central Plain,16,Construction,16
609,unlock,61,Kingdom of South dorkarselburg,Central Plain,16,Construction,14
612,unlock,16,Kingdom of Great weilinguo,East Riverine,16,Construction,16
621,unlock,136,Kingdom of North tupqoriyu,Andean Highland,16,Construction,12
625,unlock,1,Republic of Kingdom of Viraa,Indic Riverine,44,Architecture,47
626,unlock,149,Kingdom of North kanvarsurpur,Indic Riverine,33,Paper,34
626,unlock,152,Empire of South belkarbelburg,Mediterranean Highland,103,Bone and Antler Tools,11
643,unlock,129,Empire of North eshtaman,Fertile Crescent,28,Steel,20
653,unlock,92,Kingdom of North zennaia,Western Plains,110,Dog Domestication,9
653,unlock,93,Kingdom of Great viaterstan,Western Plains,110,Dog Domestication,11
662,unlock,35,Kingdom of Great urbarum,Fertile Crescent,8,Masonry,14
669,unlock,7,Kingdom of South kandranal,Indic Riverine,38,Mechanical Clock,28
670,unlock,13,South nalnaltana Tribe,Indic Riverine,16,Construction,15
670,unlock,37,Kingdom of New ashursam,Fertile Crescent,13,Iron Working,18
672,unlock,13,South nalnaltana Tribe,Indic Riverine,120,Copper Smelting,16
673,unlock,58,Kingdom of Lenbelburg,Mediterranean Urban,23,Engineering,16
673,unlock,122,Kingdom of Great radramitdesh,Indic Riverine,103,Bone and Antler Tools,11
675,unlock,37,Kingdom of New ashursam,Fertile Crescent,16,Construction,19
681,unlock,163,Great suyurumsuyumarca Kingdom,Andean Highland,8,Masonry,11
700,unlock,164,Kingdom of Ofilamse,East Horn,38,Mechanical Clock,28
701,unlock,29,Empire of North samninurad,Fertile Crescent,25,Metal Casting,21
703,unlock,14,Kingdom of New qintai,East Riverine,120,Copper Smelting,17
703,unlock,63,Kingdom of South tarselburg,Atlantic Fringe,12,Shipbuilding,19
703,unlock,105,Kingdom of Great suyusuyumarca,Andean Highland,16,Construction,15
704,unlock,81,Kingdom of North pachtup,Andean Highland,23,Engineering,19
705,unlock,100,Kingdom of South qoritupayaa,Andean Highland,23,Engineering,16
710,unlock,105,Kingdom of Great suyusuyumarca,Andean Highland,120,Copper Smelting,16
724,unlock,16,Kingdom of Great weilinguo,East Riverine,9,Bronze Alloying,17
728,unlock,70,Kingdom of North nahchi,Mesoamerican,110,Dog Domestication,13
735,unlock,161,Kingdom of New kazuu,East Horn,38,Mechanical Clock,28
740,unlock,38,Kingdom of North arsamar,Fertile Crescent,23,Engineering,20
740,initial,203,New llaqrumyu Kingdom,Andean Highland,100,Cordage and Knots,11
740,initial,203,New llaqrumyu Kingdom,Andean Highland,101,Hide Working and Tailored Clothing,11
740,initial,203,New llaqrumyu Kingdom,Andean Highland,102,Hafted Stone Tools,11
740,initial,203,New llaqrumyu Kingdom,Andean Highland,103,Bone and Antler Tools,11
740,initial,203,New llaqrumyu Kingdom,Andean Highland,105,Food Preservation,11
740,initial,203,New llaqrumyu Kingdom,Andean Highland,106,Storage Pits and Containers,11
740,initial,203,New llaqrumyu Kingdom,Andean Highland,107,Seasonal Aggregation Camps,11
740,initial,203,New llaqrumyu Kingdom,Andean Highland,110,Dog Domestication,11
740,initial,203,New llaqrumyu Kingdom,Andean Highland,111,Grinding Stones,11
740,initial,203,New llaqrumyu Kingdom,Andean Highland,116,Charcoal Firing,11
740,initial,203,New llaqrumyu Kingdom,Andean Highland,3,Archery,11
755,unlock,0,Kingdom of Old sursurvardesh,Indic Riverine,38,Mechanical Clock,28
755,unlock,53,Kingdom of North lamofitanu,East Horn,38,Mechanical Clock,25
763,unlock,31,Kingdom of North arsambelum,Fertile Crescent,52,Industrialization,18
770,initial,204,New lindusnaia Kingdom,Western Plains,100,Cordage and Knots,8
770,initial,204,New lindusnaia Kingdom,Western Plains,101,Hide Working and Tailored Clothing,8
770,initial,204,New lindusnaia Kingdom,Western Plains,102,Hafted Stone Tools,8
770,initial,204,New lindusnaia Kingdom,Western Plains,105,Food Preservation,8
770,initial,204,New lindusnaia Kingdom,Western Plains,106,Storage Pits and Containers,8
770,initial,204,New lindusnaia Kingdom,Western Plains,107,Seasonal Aggregation Camps,8
770,initial,204,New lindusnaia Kingdom,Western Plains,111,Grinding Stones,8
770,initial,204,New lindusnaia Kingdom,Western Plains,3,Archery,8
775,unlock,116,Kingdom of North weixiazhou,East Riverine,119,Native Copper Working,15
785,unlock,31,Kingdom of North arsambelum,Fertile Crescent,54,Electricity,19
785,unlock,36,Kingdom of Great arsamesh,Fertile Crescent,9,Bronze Alloying,16
787,unlock,31,Kingdom of North arsambelum,Fertile Crescent,51,Steam Engine,20
795,unlock,61,Kingdom of Old belbelum,Central Plain,23,Engineering,15
800,unlock,165,North barzulamu Kingdom,East Horn,38,Mechanical Clock,27
804,unlock,4,Kingdom of Great nalvinagar,Indic Riverine,29,Machinery,22
807,unlock,31,Kingdom of North arsambelum,Fertile Crescent,41,Chemistry,21
818,unlock,122,Kingdom of Great radramitdesh,Indic Riverine,4,Mining,12
824,unlock,8,Republic of Kingdom of Old dranalnagar,Indic Riverine,39,Universities,43
824,unlock,8,Republic of Kingdom of Old dranalnagar,Indic Riverine,40,Astronomy,43
826,unlock,31,Kingdom of North arsambelum,Fertile Crescent,60,Combustion,22
837,unlock,1,Republic of Kingdom of Viraa,Indic Riverine,46,Printing Press,48
844,unlock,31,Kingdom of North arsambelum,Fertile Crescent,64,Electronics,23
852,unlock,1,Republic of Kingdom of Viraa,Indic Riverine,32,Civil Service,49
852,unlock,29,Empire of North samninurad,Fertile Crescent,28,Steel,22
854,unlock,31,Kingdom of North arsambelum,Fertile Crescent,70,Transistors,24
857,unlock,16,Kingdom of Great weilinguo,East Riverine,23,Engineering,18
858,unlock,100,Kingdom of South qoritupayaa,Andean Highland,51,Steam Engine,17
872,unlock,100,Kingdom of South qoritupayaa,Andean Highland,52,Industrialization,18
876,unlock,31,Kingdom of North arsambelum,Fertile Crescent,69,Computers,25
880,unlock,1,Republic of Kingdom of Viraa,Indic Riverine,48,Physics,50
885,unlock,31,Kingdom of North arsambelum,Fertile Crescent,79,Internet,26
886,unlock,1,Republic of Kingdom of Viraa,Indic Riverine,34,Banking,51
888,unlock,4,Kingdom of Great nalvinagar,Indic Riverine,23,Engineering,23
889,unlock,61,Kingdom of Old belbelum,Central Plain,29,Machinery,16
895,initial,205,Ranromia Kingdom,Monsoon Coastal,100,Cordage and Knots,11
895,initial,205,Ranromia Kingdom,Monsoon Coastal,101,Hide Working and Tailored Clothing,11
895,initial,205,Ranromia Kingdom,Monsoon Coastal,102,Hafted Stone Tools,11
895,initial,205,Ranromia Kingdom,Monsoon Coastal,103,Bone and Antler Tools,11
895,initial,205,Ranromia Kingdom,Monsoon Coastal,105,Food Preservation,11
895,initial,205,Ranromia Kingdom,Monsoon Coastal,106,Storage Pits and Containers,11
895,initial,205,Ranromia Kingdom,Monsoon Coastal,107,Seasonal Aggregation Camps,11
895,initial,205,Ranromia Kingdom,Monsoon Coastal,110,Dog Domestication,11
895,initial,205,Ranromia Kingdom,Monsoon Coastal,111,Grinding Stones,11
895,initial,205,Ranromia Kingdom,Monsoon Coastal,116,Charcoal Firing,11
895,initial,205,Ranromia Kingdom,Monsoon Coastal,3,Archery,11
902,unlock,15,Kingdom of New xiali,East Riverine,16,Construction,14
908,unlock,31,Kingdom of North arsambelum,Fertile Crescent,76,Integrated Circuit,27
911,unlock,31,Kingdom of North arsambelum,Fertile Crescent,85,Artificial Intelligence,28
912,unlock,31,Kingdom of North arsambelum,Fertile Crescent,91,Quantum Computing,29
918,unlock,86,Kingdom of Great garmaria,Eastern Woodland,103,Bone and Antler Tools,10
918,unlock,144,Kingdom of New romdor,Mediterranean Urban,103,Bone and Antler Tools,11
919,unlock,86,Kingdom of Great garmaria,Eastern Woodland,110,Dog Domestication,11
919,unlock,179,Old ngolama Kingdom,East Horn,12,Shipbuilding,25
920,unlock,1,Republic of Kingdom of Viraa,Indic Riverine,35,Markets,52
920,unlock,80,Kingdom of South intipachsuyumarca,Andean Highland,51,Steam Engine,14
924,unlock,11,Kingdom of North kanranagar,Indic Riverine,120,Copper Smelting,14
924,unlock,163,Great suyurumsuyumarca Kingdom,Andean Highland,16,Construction,12
926,unlock,31,Kingdom of North arsambelum,Fertile Crescent,63,Mass Production,30
927,unlock,33,Kingdom of Great eshursamum,Fertile Crescent,29,Machinery,13
933,unlock,78,Kingdom of North suyullaqkusyu,Andean Highland,42,Metallurgy,15
936,unlock,31,Kingdom of North arsambelum,Fertile Crescent,29,Machinery,31
936,unlock,79,Republic of South kussumpacha,Andean Highland,34,Banking,37
941,unlock,100,Kingdom of South qoritupayaa,Andean Highland,60,Combustion,19
951,unlock,58,Kingdom of Lenbelburg,Mediterranean Urban,120,Copper Smelting,17
954,unlock,124,Kingdom of South temchiitzan,Mesoamerican,113,Sedentism,10
956,unlock,20,Kingdom of New xiaweiling,East Riverine,103,Bone and Antler Tools,11
956,unlock,98,Kingdom of New hivakirinui,Oceanic Navigators,111,Grinding Stones,9
960,initial,206,South sumtuptupna Kingdom,Andean Highland,100,Cordage and Knots,11
960,initial,206,South sumtuptupna Kingdom,Andean Highland,101,Hide Working and Tailored Clothing,11
960,initial,206,South sumtuptupna Kingdom,Andean Highland,102,Hafted Stone Tools,11
960,initial,206,South sumtuptupna Kingdom,Andean Highland,103,Bone and Antler Tools,11
960,initial,206,South sumtuptupna Kingdom,Andean Highland,105,Food Preservation,11
960,initial,206,South sumtuptupna Kingdom,Andean Highland,106,Storage Pits and Containers,11
960,initial,206,South sumtuptupna Kingdom,Andean Highland,107,Seasonal Aggregation Camps,11
960,initial,206,South sumtuptupna Kingdom,Andean Highland,110,Dog Domestication,11
960,initial,206,South sumtuptupna Kingdom,Andean Highland,111,Grinding Stones,11
960,initial,206,South sumtuptupna Kingdom,Andean Highland,116,Charcoal Firing,11
960,initial,206,South sumtuptupna Kingdom,Andean Highland,3,Archery,11
969,unlock,79,Republic of South kussumpacha,Andean Highland,36,Printing,38
980,unlock,116,Kingdom of North weixiazhou,East Riverine,23,Engineering,16
985,initial,207,New kustupmarca Tribe,Andean Highland,100,Cordage and Knots,38
985,initial,207,New kustupmarca Tribe,Andean Highland,101,Hide Working and Tailored Clothing,38
985,initial,207,New kustupmarca Tribe,Andean Highland,102,Hafted Stone Tools,38
985,initial,207,New kustupmarca Tribe,Andean Highland,103,Bone and Antler Tools,38
985,initial,207,New kustupmarca Tribe,Andean Highland,104,Fishing Technology,38
985,initial,207,New kustupmarca Tribe,Andean Highland,105,Food Preservation,38
985,initial,207,New kustupmarca Tribe,Andean Highland,106,Storage Pits and Containers,38
985,initial,207,New kustupmarca Tribe,Andean Highland,107,Seasonal Aggregation Camps,38
985,initial,207,New kustupmarca Tribe,Andean Highland,108,Watercraft,38
985,initial,207,New kustupmarca Tribe,Andean Highland,109,Long-distance Exchange Networks,38
985,initial,207,New kustupmarca Tribe,Andean Highland,110,Dog Domestication,38
985,initial,207,New kustupmarca Tribe,Andean Highland,111,Grinding Stones,38
985,initial,207,New kustupmarca Tribe,Andean Highland,112,Proto-cultivation,38
985,initial,207,New kustupmarca Tribe,Andean Highland,113,Sedentism,38
985,initial,207,New kustupmarca Tribe,Andean Highland,114,Enclosures and Herd Management,38
985,initial,207,New kustupmarca Tribe,Andean Highland,115,Counting Tokens and Tallies,38
985,initial,207,New kustupmarca Tribe,Andean Highland,116,Charcoal Firing,38
985,initial,207,New kustupmarca Tribe,Andean Highland,117,Proto-writing and Administrative Notation,38
985,initial,207,New kustupmarca Tribe,Andean Highland,118,Numeracy and Measurement,38
985,initial,207,New kustupmarca Tribe,Andean Highland,11,Writing,38
985,initial,207,New kustupmarca Tribe,Andean Highland,3,Archery,38
985,initial,207,New kustupmarca Tribe,Andean Highland,5,Sailing,38
985,initial,207,New kustupmarca Tribe,Andean Highland,6,Calendar,38
985,initial,207,New kustupmarca Tribe,Andean Highland,7,Wheel,38
985,initial,207,New kustupmarca Tribe,Andean Highland,12,Shipbuilding,38
985,initial,207,New kustupmarca Tribe,Andean Highland,14,Formal Mathematics,38
985,initial,207,New kustupmarca Tribe,Andean Highland,15,Currency,38
985,initial,207,New kustupmarca Tribe,Andean Highland,17,Roads,38
985,initial,207,New kustupmarca Tribe,Andean Highland,19,Alphabet,38
985,initial,207,New kustupmarca Tribe,Andean Highland,21,Drama and Poetry,38
985,initial,207,New kustupmarca Tribe,Andean Highland,22,Philosophy,38
985,initial,207,New kustupmarca Tribe,Andean Highland,26,Compass,38
985,initial,207,New kustupmarca Tribe,Andean Highland,27,Democracy,38
985,initial,207,New kustupmarca Tribe,Andean Highland,30,Education,38
985,initial,207,New kustupmarca Tribe,Andean Highland,32,Civil Service,38
985,initial,207,New kustupmarca Tribe,Andean Highland,33,Paper,38
985,initial,207,New kustupmarca Tribe,Andean Highland,36,Printing,38
985,initial,207,New kustupmarca Tribe,Andean Highland,34,Banking,38
990,initial,208,New vialinland Kingdom,Western Plains,100,Cordage and Knots,8
990,initial,208,New vialinland Kingdom,Western Plains,101,Hide Working and Tailored Clothing,8
990,initial,208,New vialinland Kingdom,Western Plains,102,Hafted Stone Tools,8
990,initial,208,New vialinland Kingdom,Western Plains,105,Food Preservation,8
990,initial,208,New vialinland Kingdom,Western Plains,106,Storage Pits and Containers,8
990,initial,208,New vialinland Kingdom,Western Plains,107,Seasonal Aggregation Camps,8
990,initial,208,New vialinland Kingdom,Western Plains,111,Grinding Stones,8
990,initial,208,New vialinland Kingdom,Western Plains,3,Archery,8
992,unlock,9,Empire of Great viramita,Indic Riverine,108,Watercraft,15
995,initial,209,Great renlinling Kingdom,East Riverine,100,Cordage and Knots,10
995,initial,209,Great renlinling Kingdom,East Riverine,101,Hide Working and Tailored Clothing,10
995,initial,209,Great renlinling Kingdom,East Riverine,102,Hafted Stone Tools,10
995,initial,209,Great renlinling Kingdom,East Riverine,105,Food Preservation,10
995,initial,209,Great renlinling Kingdom,East Riverine,106,Storage Pits and Containers,10
995,initial,209,Great renlinling Kingdom,East Riverine,107,Seasonal Aggregation Camps,10
995,initial,209,Great renlinling Kingdom,East Riverine,110,Dog Domestication,10
995,initial,209,Great renlinling Kingdom,East Riverine,111,Grinding Stones,10
995,initial,209,Great renlinling Kingdom,East Riverine,116,Charcoal Firing,10
995,initial,209,Great renlinling Kingdom,East Riverine,3,Archery,10
996,unlock,9,Empire of Great viramita,Indic Riverine,38,Mechanical Clock,16
996,unlock,105,Kingdom of Great suyusuyumarca,Andean Highland,9,Bronze Alloying,17
1010,unlock,179,Old ngolama Kingdom,East Horn,29,Machinery,26
1014,unlock,32,Kingdom of New bararad,Fertile Crescent,16,Construction,15
1019,unlock,34,Kingdom of North arkalar,Fertile Crescent,25,Metal Casting,20
1027,unlock,80,Kingdom of South intipachsuyumarca,Andean Highland,52,Industrialization,15
1028,unlock,133,Kingdom of Belaldor,Mediterranean Urban,120,Copper Smelting,15
1033,unlock,106,Kingdom of North tarnor,Central Plain,52,Industrialization,17
1034,unlock,80,Kingdom of South intipachsuyumarca,Andean Highland,60,Combustion,16
1034,unlock,100,Kingdom of South qoritupayaa,Andean Highland,29,Machinery,20
1041,unlock,111,Kingdom of South belromum,Central Plain,16,Construction,19
1041,unlock,136,Kingdom of South kusayarummarca,Andean Highland,119,Native Copper Working,13
1043,unlock,174,Old altarburg Kingdom,Mediterranean Urban,103,Bone and Antler Tools,11
1056,unlock,2,Kingdom of Old kanshapur,Indic Riverine,29,Machinery,13
1065,unlock,13,South nalnaltana Tribe,Indic Riverine,9,Bronze Alloying,17
1065,unlock,38,Kingdom of North arsamar,Fertile Crescent,28,Steel,21
1065,unlock,177,New zulambarene Kingdom,East Horn,38,Mechanical Clock,28
1068,unlock,90,Kingdom of South linzengrad,Western Plains,110,Dog Domestication,9
1079,unlock,106,Kingdom of North tarnor,Central Plain,9,Bronze Alloying,18
1080,unlock,16,Kingdom of Great weilinguo,East Riverine,13,Iron Working,19
1081,unlock,36,Kingdom of Great arsamesh,Fertile Crescent,42,Metallurgy,17
1084,unlock,70,Kingdom of North nahchi,Mesoamerican,115,Counting Tokens and Tallies,15
1084,unlock,149,Kingdom of Great mitmittanpur,Indic Riverine,36,Printing,35
1087,unlock,113,Kingdom of South nasolia,Eastern Woodland,103,Bone and Antler Tools,9
1093,unlock,80,Kingdom of South intipachsuyumarca,Andean Highland,54,Electricity,17
1095,unlock,80,Kingdom of South intipachsuyumarca,Andean Highland,63,Mass Production,18
1104,unlock,59,Kingdom of South vendorlenland,Mediterranean Urban,52,Industrialization,12
1108,unlock,81,Kingdom of North pachtup,Andean Highland,25,Metal Casting,20
1109,unlock,36,Kingdom of Great arsamesh,Fertile Crescent,16,Construction,18
1110,unlock,127,North beldorvenum Kingdom,Central Plain,120,Copper Smelting,16
1112,unlock,61,Kingdom of Old belbelum,Central Plain,51,Steam Engine,17
1113,unlock,61,Kingdom of Old belbelum,Central Plain,52,Industrialization,18
1114,unlock,40,Republic of Kingdom of Great linkinland,Monsoon Coastal,33,Paper,32
1115,unlock,8,Republic of Kingdom of Old dranalnagar,Indic Riverine,44,Architecture,44
1115,initial,210,South naranquigrad Kingdom,Monsoon Coastal,100,Cordage and Knots,11
1115,initial,210,South naranquigrad Kingdom,Monsoon Coastal,101,Hide Working and Tailored Clothing,11
1115,initial,210,South naranquigrad Kingdom,Monsoon Coastal,102,Hafted Stone Tools,11
1115,initial,210,South naranquigrad Kingdom,Monsoon Coastal,103,Bone and Antler Tools,11
1115,initial,210,South naranquigrad Kingdom,Monsoon Coastal,105,Food Preservation,11
1115,initial,210,South naranquigrad Kingdom,Monsoon Coastal,106,Storage Pits and Containers,11
1115,initial,210,South naranquigrad Kingdom,Monsoon Coastal,107,Seasonal Aggregation Camps,11
1115,initial,210,South naranquigrad Kingdom,Monsoon Coastal,110,Dog Domestication,11
1115,initial,210,South naranquigrad Kingdom,Monsoon Coastal,111,Grinding Stones,11
1115,initial,210,South naranquigrad Kingdom,Monsoon Coastal,116,Charcoal Firing,11
1115,initial,210,South naranquigrad Kingdom,Monsoon Coastal,3,Archery,11
1132,unlock,36,Kingdom of Great arsamesh,Fertile Crescent,13,Iron Working,19
1133,unlock,115,Kingdom of New kalbarsamad,Fertile Crescent,85,Artificial Intelligence,21
1134,unlock,115,Kingdom of New kalbarsamad,Fertile Crescent,79,Internet,22
1135,unlock,115,Kingdom of New kalbarsamad,Fertile Crescent,91,Quantum Computing,23
1136,unlock,80,Kingdom of South intipachsuyumarca,Andean Highland,64,Electronics,19
1136,unlock,129,Empire of North eshtaman,Fertile Crescent,60,Combustion,21
1141,unlock,8,Republic of Kingdom of Old dranalnagar,Indic Riverine,49,Scientific Method,45
1141,unlock,20,Kingdom of New xiaweiling,East Riverine,23,Engineering,12
1143,unlock,78,Kingdom of North suyullaqkusyu,Andean Highland,23,Engineering,16
1144,unlock,133,Kingdom of Belaldor,Mediterranean Urban,16,Construction,16
1145,unlock,149,Kingdom of Great mitmittanpur,Indic Riverine,39,Universities,36
1145,initial,211,New tarlenvenum Kingdom,Mediterranean Urban,100,Cordage and Knots,10
1145,initial,211,New tarlenvenum Kingdom,Mediterranean Urban,101,Hide Working and Tailored Clothing,10
1145,initial,211,New tarlenvenum Kingdom,Mediterranean Urban,102,Hafted Stone Tools,10
1145,initial,211,New tarlenvenum Kingdom,Mediterranean Urban,105,Food Preservation,10
1145,initial,211,New tarlenvenum Kingdom,Mediterranean Urban,106,Storage Pits and Containers,10
1145,initial,211,New tarlenvenum Kingdom,Mediterranean Urban,107,Seasonal Aggregation Camps,10
1145,initial,211,New tarlenvenum Kingdom,Mediterranean Urban,110,Dog Domestication,10
1145,initial,211,New tarlenvenum Kingdom,Mediterranean Urban,111,Grinding Stones,10
1145,initial,211,New tarlenvenum Kingdom,Mediterranean Urban,116,Charcoal Firing,10
1145,initial,211,New tarlenvenum Kingdom,Mediterranean Urban,3,Archery,10
1146,unlock,115,Kingdom of New kalbarsamad,Fertile Crescent,63,Mass Production,24
1152,unlock,115,Kingdom of New kalbarsamad,Fertile Crescent,76,Integrated Circuit,25
1152,unlock,137,New nalorstan Tribe,Western Plains,110,Dog Domestication,9
1153,unlock,29,Empire of North samninurad,Fertile Crescent,60,Combustion,23
1153,unlock,38,Kingdom of North arsamar,Fertile Crescent,42,Metallurgy,22
1153,unlock,80,Kingdom of South intipachsuyumarca,Andean Highland,69,Computers,20
1154,unlock,115,Kingdom of New kalbarsamad,Fertile Crescent,69,Computers,26
1155,unlock,115,Kingdom of New kalbarsamad,Fertile Crescent,64,Electronics,27
1159,unlock,106,Kingdom of North tarnor,Central Plain,60,Combustion,19
1162,unlock,137,New nalorstan Tribe,Western Plains,103,Bone and Antler Tools,10
1163,unlock,115,Kingdom of New kalbarsamad,Fertile Crescent,70,Transistors,28
1165,unlock,106,Kingdom of North tarnor,Central Plain,51,Steam Engine,20
1166,unlock,29,Empire of North samninurad,Fertile Crescent,64,Electronics,24
1167,unlock,115,Kingdom of New kalbarsamad,Fertile Crescent,60,Combustion,29
1170,unlock,118,Kingdom of New tanvarkanpur,Indic Riverine,23,Engineering,15
1172,unlock,29,Empire of North samninurad,Fertile Crescent,76,Integrated Circuit,25
1176,unlock,85,Kingdom of North sollorstan,Eastern Woodland,23,Engineering,12
1179,unlock,29,Empire of North samninurad,Fertile Crescent,70,Transistors,26
1180,unlock,29,Empire of North samninurad,Fertile Crescent,91,Quantum Computing,27
1183,unlock,29,Empire of North samninurad,Fertile Crescent,85,Artificial Intelligence,28
1185,unlock,40,Republic of Kingdom of Great linkinland,Monsoon Coastal,14,Formal Mathematics,33
1194,unlock,76,Kingdom of Intisumqoria,Andean Highland,119,Native Copper Working,14
1196,unlock,29,Empire of North samninurad,Fertile Crescent,69,Computers,30
1196,unlock,29,Empire of North samninurad,Fertile Crescent,79,Internet,30
1198,unlock,29,Empire of North samninurad,Fertile Crescent,63,Mass Production,31
1200,initial,212,Great solviagarstan Kingdom,Western Plains,100,Cordage and Knots,8
1200,initial,212,Great solviagarstan Kingdom,Western Plains,101,Hide Working and Tailored Clothing,8
1200,initial,212,Great solviagarstan Kingdom,Western Plains,102,Hafted Stone Tools,8
1200,initial,212,Great solviagarstan Kingdom,Western Plains,105,Food Preservation,8
1200,initial,212,Great solviagarstan Kingdom,Western Plains,106,Storage Pits and Containers,8
1200,initial,212,Great solviagarstan Kingdom,Western Plains,107,Seasonal Aggregation Camps,8
1200,initial,212,Great solviagarstan Kingdom,Western Plains,111,Grinding Stones,8
1200,initial,212,Great solviagarstan Kingdom,Western Plains,3,Archery,8
1202,unlock,63,Kingdom of South tarselburg,Atlantic Fringe,119,Native Copper Working,15
1204,unlock,144,Kingdom of New romdor,Mediterranean Urban,4,Mining,12
1209,unlock,108,Kingdom of Belbelgrad,Steppe Nomadic,116,Charcoal Firing,10
1209,unlock,115,Kingdom of New kalbarsamad,Fertile Crescent,41,Chemistry,30
1211,unlock,29,Empire of North samninurad,Fertile Crescent,52,Industrialization,32
1218,unlock,80,Kingdom of South intipachsuyumarca,Andean Highland,79,Internet,21
1219,unlock,26,Kingdom of North minweiqinzhou,East Riverine,103,Bone and Antler Tools,11
1229,unlock,132,Kingdom of Renlirenzhou,East Riverine,119,Native Copper Working,13
1229,unlock,187,New gargaria Kingdom,Western Plains,116,Charcoal Firing,11
1230,unlock,70,Kingdom of North nahchi,Mesoamerican,114,Enclosures and Herd Management,16
1234,unlock,61,Kingdom of Old belbelum,Central Plain,60,Combustion,19
1235,unlock,80,Kingdom of South intipachsuyumarca,Andean Highland,70,Transistors,22
1237,unlock,80,Kingdom of South intipachsuyumarca,Andean Highland,76,Integrated Circuit,23
1238,unlock,80,Kingdom of South intipachsuyumarca,Andean Highland,85,Artificial Intelligence,24
1239,unlock,8,Republic of Kingdom of Old dranalnagar,Indic Riverine,48,Physics,46
1240,initial,213,South qoripach Kingdom,Andean Highland,100,Cordage and Knots,11
1240,initial,213,South qoripach Kingdom,Andean Highland,101,Hide Working and Tailored Clothing,11
1240,initial,213,South qoripach Kingdom,Andean Highland,102,Hafted Stone Tools,11
1240,initial,213,South qoripach Kingdom,Andean Highland,103,Bone and Antler Tools,11
1240,initial,213,South qoripach Kingdom,Andean Highland,105,Food Preservation,11
1240,initial,213,South qoripach Kingdom,Andean Highland,106,Storage Pits and Containers,11
1240,initial,213,South qoripach Kingdom,Andean Highland,107,Seasonal Aggregation Camps,11
1240,initial,213,South qoripach Kingdom,Andean Highland,110,Dog Domestication,11
1240,initial,213,South qoripach Kingdom,Andean Highland,111,Grinding Stones,11
1240,initial,213,South qoripach Kingdom,Andean Highland,116,Charcoal Firing,11
1240,initial,213,South qoripach Kingdom,Andean Highland,3,Archery,11
1244,unlock,61,Kingdom of Old belbelum,Central Plain,38,Mechanical Clock,20
1245,unlock,129,Empire of North eshtaman,Fertile Crescent,69,Computers,22
1246,unlock,128,Kingdom of Great dortar,Mediterranean Urban,8,Masonry,12
1247,unlock,80,Kingdom of South intipachsuyumarca,Andean Highland,91,Quantum Computing,25
1252,unlock,111,Kingdom of South belromum,Central Plain,23,Engineering,20
1254,unlock,29,Empire of North samninurad,Fertile Crescent,54,Electricity,33
1257,unlock,40,Republic of Kingdom of Great linkinland,Monsoon Coastal,22,Philosophy,34
1257,unlock,115,Kingdom of New kalbarsamad,Fertile Crescent,54,Electricity,31
1258,unlock,127,North beldorvenum Kingdom,Central Plain,23,Engineering,17
1259,unlock,129,Empire of North eshtaman,Fertile Crescent,63,Mass Production,23
1264,unlock,80,Kingdom of South intipachsuyumarca,Andean Highland,104,Fishing Technology,26
1266,unlock,29,Empire of North samninurad,Fertile Crescent,51,Steam Engine,34
1268,unlock,59,Kingdom of South vendorlenland,Mediterranean Urban,60,Combustion,13
1270,unlock,9,Empire of Great viramita,Indic Riverine,5,Sailing,17
1275,unlock,37,Kingdom of Barsam,Fertile Crescent,25,Metal Casting,20
1275,unlock,59,Kingdom of South vendorlenland,Mediterranean Urban,51,Steam Engine,14
1277,unlock,88,Kingdom of North markindus,Eastern Woodland,16,Construction,14
1280,unlock,179,Old ngolama Kingdom,East Horn,38,Mechanical Clock,27
1283,unlock,11,Kingdom of North kanranagar,Indic Riverine,8,Masonry,15
1293,unlock,129,Empire of North eshtaman,Fertile Crescent,76,Integrated Circuit,24
1297,unlock,136,Kingdom of South kusayarummarca,Andean Highland,103,Bone and Antler Tools,14
1298,unlock,81,Kingdom of South pachtuprumyu,Andean Highland,60,Combustion,21
1302,unlock,129,Empire of North eshtaman,Fertile Crescent,104,Fishing Technology,25
1309,unlock,58,Kingdom of Lenbelburg,Mediterranean Urban,9,Bronze Alloying,18
1309,unlock,129,Empire of North eshtaman,Fertile Crescent,103,Bone and Antler Tools,26
1310,unlock,106,Kingdom of North tarnor,Central Plain,42,Metallurgy,21
1318,unlock,100,Kingdom of Suyusuyumarca,Andean Highland,64,Electronics,24
1318,unlock,100,Kingdom of Suyusuyumarca,Andean Highland,69,Computers,24
1318,unlock,100,Kingdom of Suyusuyumarca,Andean Highland,76,Integrated Circuit,24
1318,unlock,100,Kingdom of Suyusuyumarca,Andean Highland,85,Artificial Intelligence,24
1318,unlock,122,Kingdom of South survarpur,Indic Riverine,8,Masonry,13
1318,unlock,129,Empire of North eshtaman,Fertile Crescent,79,Internet,29
1318,unlock,129,Empire of North eshtaman,Fertile Crescent,85,Artificial Intelligence,29
1318,unlock,129,Empire of North eshtaman,Fertile Crescent,91,Quantum Computing,29
1319,unlock,100,Kingdom of Suyusuyumarca,Andean Highland,70,Transistors,26
1319,unlock,100,Kingdom of Suyusuyumarca,Andean Highland,79,Internet,26
1321,unlock,100,Kingdom of Suyusuyumarca,Andean Highland,91,Quantum Computing,27
1325,unlock,40,Republic of Kingdom of Great linkinland,Monsoon Coastal,24,Optics,36
1325,unlock,40,Republic of Kingdom of Great linkinland,Monsoon Coastal,27,Democracy,36
1326,unlock,40,Republic of Kingdom of Great linkinland,Monsoon Coastal,26,Compass,37
1337,unlock,173,Belterzen Kingdom,Western Plains,116,Charcoal Firing,9
1342,unlock,127,North beldorvenum Kingdom,Central Plain,9,Bronze Alloying,18
1342,unlock,163,Great suyurumsuyumarca Kingdom,Andean Highland,119,Native Copper Working,13
1343,unlock,133,Kingdom of Belaldor,Mediterranean Urban,9,Bronze Alloying,17
1345,unlock,59,Kingdom of South vendorlenland,Mediterranean Urban,42,Metallurgy,15
1347,unlock,80,Kingdom of South intipachsuyumarca,Andean Highland,108,Watercraft,27
1348,unlock,5,Kingdom of South ratanvara,Indic Riverine,103,Bone and Antler Tools,11
1349,unlock,113,Kingdom of South nasolia,Eastern Woodland,110,Dog Domestication,10
1350,unlock,40,Republic of Kingdom of Great linkinland,Monsoon Coastal,36,Printing,38
1352,unlock,78,Kingdom of North suyullaqkusyu,Andean Highland,60,Combustion,17
1357,unlock,128,Kingdom of Great dortar,Mediterranean Urban,52,Industrialization,13
1360,unlock,90,Kingdom of South linzengrad,Western Plains,103,Bone and Antler Tools,10
1361,unlock,34,Kingdom of North arkalar,Fertile Crescent,41,Chemistry,21
1363,unlock,105,Kingdom of Great suyusuyumarca,Andean Highland,13,Iron Working,18
1364,unlock,15,Kingdom of New xiali,East Riverine,23,Engineering,15
1365,unlock,129,Empire of North eshtaman,Fertile Crescent,64,Electronics,30
1368,unlock,129,Empire of North eshtaman,Fertile Crescent,70,Transistors,31
1374,unlock,128,Kingdom of Great dortar,Mediterranean Urban,51,Steam Engine,14
1377,unlock,128,Kingdom of Great dortar,Mediterranean Urban,60,Combustion,15
1400,unlock,31,Kingdom of North arsambelum,Fertile Crescent,38,Mechanical Clock,32
1400,unlock,100,Kingdom of Suyusuyumarca,Andean Highland,63,Mass Production,28
1406,unlock,173,Belterzen Kingdom,Western Plains,103,Bone and Antler Tools,10
1409,unlock,35,Kingdom of Great urbarum,Fertile Crescent,16,Construction,15
1410,unlock,127,North beldorvenum Kingdom,Central Plain,42,Metallurgy,19
1415,unlock,17,Kingdom of South hanhanguo,East Riverine,120,Copper Smelting,17
1415,unlock,143,Empire of North venkartar,Mediterranean Highland,103,Bone and Antler Tools,12
1416,unlock,67,Kingdom of South chiteochitan,Mesoamerican,29,Machinery,26
1420,initial,214,Old rombelgarland Kingdom,Western Plains,100,Cordage and Knots,8
1420,initial,214,Old rombelgarland Kingdom,Western Plains,101,Hide Working and Tailored Clothing,8
1420,initial,214,Old rombelgarland Kingdom,Western Plains,102,Hafted Stone Tools,8
1420,initial,214,Old rombelgarland Kingdom,Western Plains,105,Food Preservation,8
1420,initial,214,Old rombelgarland Kingdom,Western Plains,106,Storage Pits and Containers,8
1420,initial,214,Old rombelgarland Kingdom,Western Plains,107,Seasonal Aggregation Camps,8
1420,initial,214,Old rombelgarland Kingdom,Western Plains,111,Grinding Stones,8
1420,initial,214,Old rombelgarland Kingdom,Western Plains,3,Archery,8
1421,unlock,81,Kingdom of South pachtuprumyu,Andean Highland,28,Steel,22
1421,unlock,111,Kingdom of South belromum,Central Plain,60,Combustion,21
1423,unlock,106,Kingdom of North tarnor,Central Plain,13,Iron Working,22
1436,unlock,80,Kingdom of South intipachsuyumarca,Andean Highland,109,Long-distance Exchange Networks,28
1440,unlock,9,Empire of Great viramita,Indic Riverine,109,Long-distance Exchange Networks,18
1440,unlock,29,Empire of North samninurad,Fertile Crescent,29,Machinery,35
1443,unlock,129,Empire of North eshtaman,Fertile Crescent,108,Watercraft,32
1444,unlock,176,Kingdom of South terdusvialand,Western Plains,103,Bone and Antler Tools,9
1449,unlock,78,Kingdom of North suyullaqkusyu,Andean Highland,85,Artificial Intelligence,18
1451,unlock,78,Kingdom of North suyullaqkusyu,Andean Highland,79,Internet,19
1452,unlock,67,Kingdom of South chiteochitan,Mesoamerican,23,Engineering,27
1454,unlock,14,Kingdom of New qintai,East Riverine,9,Bronze Alloying,18
1454,unlock,117,Kingdom of New zholiling,East Riverine,103,Bone and Antler Tools,11
1460,initial,215,Great rumayallaqyu Kingdom,Andean Highland,100,Cordage and Knots,11
1460,initial,215,Great rumayallaqyu Kingdom,Andean Highland,101,Hide Working and Tailored Clothing,11
1460,initial,215,Great rumayallaqyu Kingdom,Andean Highland,102,Hafted Stone Tools,11
1460,initial,215,Great rumayallaqyu Kingdom,Andean Highland,103,Bone and Antler Tools,11
1460,initial,215,Great rumayallaqyu Kingdom,Andean Highland,105,Food Preservation,11
1460,initial,215,Great rumayallaqyu Kingdom,Andean Highland,106,Storage Pits and Containers,11
1460,initial,215,Great rumayallaqyu Kingdom,Andean Highland,107,Seasonal Aggregation Camps,11
1460,initial,215,Great rumayallaqyu Kingdom,Andean Highland,110,Dog Domestication,11
1460,initial,215,Great rumayallaqyu Kingdom,Andean Highland,111,Grinding Stones,11
1460,initial,215,Great rumayallaqyu Kingdom,Andean Highland,116,Charcoal Firing,11
1460,initial,215,Great rumayallaqyu Kingdom,Andean Highland,3,Archery,11
1471,unlock,150,North eshtam Tribe,Fertile Crescent,103,Bone and Antler Tools,11
1473,unlock,129,Empire of North eshtaman,Fertile Crescent,52,Industrialization,33
1474,unlock,59,Kingdom of South vendorlenland,Mediterranean Urban,23,Engineering,16
1476,unlock,4,Kingdom of Great nalvinagar,Indic Riverine,38,Mechanical Clock,24
1484,unlock,59,Kingdom of South vendorlenland,Mediterranean Urban,64,Electronics,17
1485,unlock,59,Kingdom of South vendorlenland,Mediterranean Urban,70,Transistors,18
1487,unlock,59,Kingdom of South vendorlenland,Mediterranean Urban,76,Integrated Circuit,19
1488,unlock,111,Kingdom of South belromum,Central Plain,52,Industrialization,22
1489,unlock,115,Kingdom of New kalbarsamad,Fertile Crescent,52,Industrialization,32
1496,unlock,81,Kingdom of South pachtuprumyu,Andean Highland,52,Industrialization,23
1499,unlock,118,Kingdom of New tanvarkanpur,Indic Riverine,51,Steam Engine,16
1500,initial,216,New zutanseara Kingdom,West Sahel,100,Cordage and Knots,28
1500,initial,216,New zutanseara Kingdom,West Sahel,101,Hide Working and Tailored Clothing,28
1500,initial,216,New zutanseara Kingdom,West Sahel,102,Hafted Stone Tools,28
1500,initial,216,New zutanseara Kingdom,West Sahel,103,Bone and Antler Tools,28
1500,initial,216,New zutanseara Kingdom,West Sahel,104,Fishing Technology,28
1500,initial,216,New zutanseara Kingdom,West Sahel,105,Food Preservation,28
1500,initial,216,New zutanseara Kingdom,West Sahel,106,Storage Pits and Containers,28
1500,initial,216,New zutanseara Kingdom,West Sahel,107,Seasonal Aggregation Camps,28
1500,initial,216,New zutanseara Kingdom,West Sahel,108,Watercraft,28
1500,initial,216,New zutanseara Kingdom,West Sahel,109,Long-distance Exchange Networks,28
1500,initial,216,New zutanseara Kingdom,West Sahel,110,Dog Domestication,28
1500,initial,216,New zutanseara Kingdom,West Sahel,111,Grinding Stones,28
1500,initial,216,New zutanseara Kingdom,West Sahel,112,Proto-cultivation,28
1500,initial,216,New zutanseara Kingdom,West Sahel,113,Sedentism,28
1500,initial,216,New zutanseara Kingdom,West Sahel,114,Enclosures and Herd Management,28
1500,initial,216,New zutanseara Kingdom,West Sahel,115,Counting Tokens and Tallies,28
1500,initial,216,New zutanseara Kingdom,West Sahel,116,Charcoal Firing,28
1500,initial,216,New zutanseara Kingdom,West Sahel,20,Agriculture,28
1500,initial,216,New zutanseara Kingdom,West Sahel,3,Archery,28
1500,initial,216,New zutanseara Kingdom,West Sahel,5,Sailing,28
1500,initial,216,New zutanseara Kingdom,West Sahel,6,Calendar,28
1500,initial,216,New zutanseara Kingdom,West Sahel,7,Wheel,28
1500,initial,216,New zutanseara Kingdom,West Sahel,10,Irrigation,28
1500,initial,216,New zutanseara Kingdom,West Sahel,12,Shipbuilding,28
1500,initial,216,New zutanseara Kingdom,West Sahel,17,Roads,28
1500,initial,216,New zutanseara Kingdom,West Sahel,23,Engineering,28
1500,initial,216,New zutanseara Kingdom,West Sahel,29,Machinery,28
1500,initial,216,New zutanseara Kingdom,West Sahel,38,Mechanical Clock,28
1502,unlock,81,Kingdom of South pachtuprumyu,Andean Highland,79,Internet,24
1502,unlock,132,Kingdom of Renlirenzhou,East Riverine,8,Masonry,14
1503,unlock,81,Kingdom of South pachtuprumyu,Andean Highland,85,Artificial Intelligence,25
1504,unlock,81,Kingdom of South pachtuprumyu,Andean Highland,91,Quantum Computing,26
1509,unlock,78,Kingdom of North suyullaqkusyu,Andean Highland,91,Quantum Computing,20
1509,unlock,81,Kingdom of South pachtuprumyu,Andean Highland,76,Integrated Circuit,27
1510,initial,217,New lilinlinguo Kingdom,East Riverine,100,Cordage and Knots,10
1510,initial,217,New lilinlinguo Kingdom,East Riverine,101,Hide Working and Tailored Clothing,10
1510,initial,217,New lilinlinguo Kingdom,East Riverine,102,Hafted Stone Tools,10
1510,initial,217,New lilinlinguo Kingdom,East Riverine,105,Food Preservation,10
1510,initial,217,New lilinlinguo Kingdom,East Riverine,106,Storage Pits and Containers,10
1510,initial,217,New lilinlinguo Kingdom,East Riverine,107,Seasonal Aggregation Camps,10
1510,initial,217,New lilinlinguo Kingdom,East Riverine,110,Dog Domestication,10
1510,initial,217,New lilinlinguo Kingdom,East Riverine,111,Grinding Stones,10
1510,initial,217,New lilinlinguo Kingdom,East Riverine,116,Charcoal Firing,10
1510,initial,217,New lilinlinguo Kingdom,East Riverine,3,Archery,10
1512,unlock,59,Kingdom of South vendorlenland,Mediterranean Urban,69,Computers,20
1514,unlock,56,Kingdom of South vennorromum,Mediterranean Highland,23,Engineering,12
1516,unlock,81,Kingdom of South pachtuprumyu,Andean Highland,69,Computers,28
1518,unlock,105,Kingdom of Great suyusuyumarca,Andean Highland,42,Metallurgy,19
1519,unlock,57,Empire of North selventaria,Mediterranean Highland,52,Industrialization,12
1520,unlock,127,North beldorvenum Kingdom,Central Plain,60,Combustion,20
1522,unlock,11,Kingdom of North kanranagar,Indic Riverine,9,Bronze Alloying,16
1522,unlock,36,Kingdom of Great arsamesh,Fertile Crescent,25,Metal Casting,20
1525,unlock,34,Kingdom of North arkalar,Fertile Crescent,28,Steel,22
1527,unlock,106,Kingdom of North tarnor,Central Plain,23,Engineering,23
1530,unlock,57,Empire of North selventaria,Mediterranean Highland,51,Steam Engine,13
1533,unlock,111,Kingdom of South belromum,Central Plain,51,Steam Engine,23
1534,unlock,149,Kingdom of Great mitmittanpur,Indic Riverine,46,Printing Press,37
1535,unlock,40,Republic of Kingdom of Great linkinland,Monsoon Coastal,49,Scientific Method,39
1538,unlock,40,Republic of Kingdom of Great linkinland,Monsoon Coastal,30,Education,40
1546,unlock,59,Kingdom of South vendorlenland,Mediterranean Urban,79,Internet,21
1546,unlock,78,Kingdom of North suyullaqkusyu,Andean Highland,69,Computers,21
1549,unlock,59,Kingdom of South vendorlenland,Mediterranean Urban,85,Artificial Intelligence,22
1553,unlock,57,Empire of North selventaria,Mediterranean Highland,60,Combustion,14
1553,unlock,59,Kingdom of South vendorlenland,Mediterranean Urban,91,Quantum Computing,23
1558,unlock,188,Kingdom of Old belzenstan,Western Plains,116,Charcoal Firing,9
1561,unlock,3,Kingdom of New mitmitnala,Indic Riverine,29,Machinery,13
1568,unlock,59,Kingdom of South vendorlenland,Mediterranean Urban,29,Machinery,24
1571,unlock,78,Kingdom of North suyullaqkusyu,Andean Highland,76,Integrated Circuit,22
1575,unlock,64,Republic of South selbelburg,Northern Maritime,110,Dog Domestication,9
1578,unlock,143,Empire of North venkartar,Mediterranean Highland,8,Masonry,13
1582,unlock,78,Kingdom of North suyullaqkusyu,Andean Highland,70,Transistors,23
1583,unlock,100,Kingdom of Suyusuyumarca,Andean Highland,54,Electricity,29
1583,unlock,133,Kingdom of Belaldor,Mediterranean Urban,60,Combustion,18
1585,unlock,149,Kingdom of Great mitmittanpur,Indic Riverine,118,Numeracy and Measurement,38
1595,unlock,118,Kingdom of New tanvarkanpur,Indic Riverine,52,Industrialization,17
1599,unlock,78,Kingdom of North suyullaqkusyu,Andean Highland,64,Electronics,24
1601,unlock,144,Kingdom of New romdor,Mediterranean Urban,8,Masonry,13
1603,unlock,113,Kingdom of South nasolia,Eastern Woodland,116,Charcoal Firing,11
1604,unlock,133,Kingdom of Belaldor,Mediterranean Urban,52,Industrialization,19
1611,unlock,127,North beldorvenum Kingdom,Central Plain,13,Iron Working,21
1618,unlock,35,Kingdom of Great urbarum,Fertile Crescent,42,Metallurgy,16
1619,unlock,9,Empire of Great viramita,Indic Riverine,49,Scientific Method,19
1619,unlock,43,Kingdom of Quinaranland,Monsoon Coastal,49,Scientific Method,26
1621,unlock,9,Empire of Great viramita,Indic Riverine,12,Shipbuilding,20
1623,unlock,14,Kingdom of New qintai,East Riverine,52,Industrialization,19
1627,unlock,111,Kingdom of South belromum,Central Plain,79,Internet,24
1627,unlock,188,Kingdom of Old belzenstan,Western Plains,103,Bone and Antler Tools,10
1628,unlock,111,Kingdom of South belromum,Central Plain,76,Integrated Circuit,25
1629,unlock,14,Kingdom of New qintai,East Riverine,51,Steam Engine,20
1631,unlock,129,Empire of North eshtaman,Fertile Crescent,54,Electricity,32
1636,unlock,35,Kingdom of Great urbarum,Fertile Crescent,69,Computers,17
1636,unlock,107,Kingdom of North eshnin,Fertile Crescent,91,Quantum Computing,12
1638,unlock,59,Kingdom of South vendorlenland,Mediterranean Urban,63,Mass Production,25
1642,unlock,111,Kingdom of South belromum,Central Plain,85,Artificial Intelligence,26
1650,unlock,37,Kingdom of Barsam,Fertile Crescent,85,Artificial Intelligence,21
1650,unlock,40,Republic of Kingdom of Great linkinland,Monsoon Coastal,39,Universities,41
1653,unlock,37,Kingdom of Barsam,Fertile Crescent,79,Internet,22
1653,unlock,118,Kingdom of New tanvarkanpur,Indic Riverine,60,Combustion,18
1655,unlock,106,Kingdom of North tarnor,Central Plain,29,Machinery,24
1655,initial,218,North hanlinzhou Kingdom,East Riverine,100,Cordage and Knots,10
1655,initial,218,North hanlinzhou Kingdom,East Riverine,101,Hide Working and Tailored Clothing,10
1655,initial,218,North hanlinzhou Kingdom,East Riverine,102,Hafted Stone Tools,10
1655,initial,218,North hanlinzhou Kingdom,East Riverine,105,Food Preservation,10
1655,initial,218,North hanlinzhou Kingdom,East Riverine,106,Storage Pits and Containers,10
1655,initial,218,North hanlinzhou Kingdom,East Riverine,107,Seasonal Aggregation Camps,10
1655,initial,218,North hanlinzhou Kingdom,East Riverine,110,Dog Domestication,10
1655,initial,218,North hanlinzhou Kingdom,East Riverine,111,Grinding Stones,10
1655,initial,218,North hanlinzhou Kingdom,East Riverine,116,Charcoal Firing,10
1655,initial,218,North hanlinzhou Kingdom,East Riverine,3,Archery,10
1657,unlock,78,Kingdom of North suyullaqkusyu,Andean Highland,119,Native Copper Working,25
1659,unlock,111,Kingdom of South belromum,Central Plain,91,Quantum Computing,27
1660,unlock,199,North alromnorum Kingdom,Mediterranean Urban,4,Mining,11
1663,unlock,124,Kingdom of Old calchian,Mesoamerican,110,Dog Domestication,10
1674,unlock,61,Kingdom of Old belbelum,Central Plain,91,Quantum Computing,21
1674,unlock,78,Kingdom of North suyullaqkusyu,Andean Highland,52,Industrialization,26
1679,unlock,61,Kingdom of Old belbelum,Central Plain,76,Integrated Circuit,22
1683,unlock,11,Kingdom of Ravishaa,Indic Riverine,16,Construction,17
1684,unlock,115,Kingdom of Asharum,Fertile Crescent,113,Sedentism,33
1684,unlock,149,Kingdom of Great mitmittanpur,Indic Riverine,15,Currency,39
1689,unlock,37,Kingdom of Barsam,Fertile Crescent,91,Quantum Computing,23
1692,unlock,124,Kingdom of Old calchian,Mesoamerican,103,Bone and Antler Tools,11
1695,unlock,106,Kingdom of North tarnor,Central Plain,76,Integrated Circuit,25
1697,unlock,107,Kingdom of North eshnin,Fertile Crescent,85,Artificial Intelligence,13
1698,unlock,56,Kingdom of South vennorromum,Mediterranean Highland,29,Machinery,13
1701,unlock,37,Kingdom of Barsam,Fertile Crescent,69,Computers,24
1704,unlock,128,Kingdom of Great dortar,Mediterranean Urban,79,Internet,16
1704,unlock,163,Great suyurumsuyumarca Kingdom,Andean Highland,120,Copper Smelting,14
1705,unlock,128,Kingdom of Great dortar,Mediterranean Urban,85,Artificial Intelligence,17
1706,unlock,128,Kingdom of Great dortar,Mediterranean Urban,91,Quantum Computing,18
1713,unlock,107,Kingdom of North eshnin,Fertile Crescent,23,Engineering,14
1714,unlock,128,Kingdom of Great dortar,Mediterranean Urban,69,Computers,19
1716,unlock,100,Kingdom of Suyusuyumarca,Andean Highland,104,Fishing Technology,29
1720,unlock,81,Kingdom of South pachtuprumyu,Andean Highland,70,Transistors,29
1720,unlock,132,Kingdom of Renlirenzhou,East Riverine,23,Engineering,15
1721,unlock,61,Kingdom of Old belbelum,Central Plain,85,Artificial Intelligence,23
1723,unlock,34,Kingdom of North arkalar,Fertile Crescent,76,Integrated Circuit,23
1724,unlock,128,Kingdom of Great dortar,Mediterranean Urban,119,Native Copper Working,20
1725,unlock,128,Kingdom of Great dortar,Mediterranean Urban,76,Integrated Circuit,21
1728,unlock,81,Kingdom of South pachtuprumyu,Andean Highland,64,Electronics,30
1729,unlock,128,Kingdom of Great dortar,Mediterranean Urban,103,Bone and Antler Tools,22
1731,unlock,122,Kingdom of South survarpur,Indic Riverine,16,Construction,14
1733,unlock,78,Kingdom of North suyullaqkusyu,Andean Highland,120,Copper Smelting,27
1735,initial,219,Sumintiyu Kingdom,Andean Highland,100,Cordage and Knots,11
1735,initial,219,Sumintiyu Kingdom,Andean Highland,101,Hide Working and Tailored Clothing,11
1735,initial,219,Sumintiyu Kingdom,Andean Highland,102,Hafted Stone Tools,11
1735,initial,219,Sumintiyu Kingdom,Andean Highland,103,Bone and Antler Tools,11
1735,initial,219,Sumintiyu Kingdom,Andean Highland,105,Food Preservation,11
1735,initial,219,Sumintiyu Kingdom,Andean Highland,106,Storage Pits and Containers,11
1735,initial,219,Sumintiyu Kingdom,Andean Highland,107,Seasonal Aggregation Camps,11
1735,initial,219,Sumintiyu Kingdom,Andean Highland,110,Dog Domestication,11
1735,initial,219,Sumintiyu Kingdom,Andean Highland,111,Grinding Stones,11
1735,initial,219,Sumintiyu Kingdom,Andean Highland,116,Charcoal Firing,11
1735,initial,219,Sumintiyu Kingdom,Andean Highland,3,Archery,11
1739,unlock,98,Kingdom of New hivakirinui,Oceanic Navigators,116,Charcoal Firing,10
1739,unlock,133,Kingdom of Belaldor,Mediterranean Urban,13,Iron Working,20
1742,unlock,81,Kingdom of South pachtuprumyu,Andean Highland,51,Steam Engine,31
1744,unlock,29,Empire of North samninurad,Fertile Crescent,41,Chemistry,36
1745,unlock,118,Kingdom of New tanvarkanpur,Indic Riverine,119,Native Copper Working,19
1749,unlock,14,Kingdom of New qintai,East Riverine,60,Combustion,21
1750,initial,220,North marsolstan Kingdom,Western Plains,100,Cordage and Knots,8
1750,initial,220,North marsolstan Kingdom,Western Plains,101,Hide Working and Tailored Clothing,8
1750,initial,220,North marsolstan Kingdom,Western Plains,102,Hafted Stone Tools,8
1750,initial,220,North marsolstan Kingdom,Western Plains,105,Food Preservation,8
1750,initial,220,North marsolstan Kingdom,Western Plains,106,Storage Pits and Containers,8
1750,initial,220,North marsolstan Kingdom,Western Plains,107,Seasonal Aggregation Camps,8
1750,initial,220,North marsolstan Kingdom,Western Plains,111,Grinding Stones,8
1750,initial,220,North marsolstan Kingdom,Western Plains,3,Archery,8
1751,unlock,66,Kingdom of Nahmixtoltan,Mesoamerican,29,Machinery,27
1751,unlock,144,Kingdom of New romdor,Mediterranean Urban,52,Industrialization,14
1754,unlock,111,Kingdom of South belromum,Central Plain,29,Machinery,28
1754,unlock,144,Kingdom of New romdor,Mediterranean Urban,60,Combustion,15
1755,unlock,61,Kingdom of Old belbelum,Central Plain,79,Internet,24
1756,unlock,34,Kingdom of North arkalar,Fertile Crescent,91,Quantum Computing,24
1756,unlock,61,Kingdom of Old belbelum,Central Plain,69,Computers,25
1758,unlock,80,Kingdom of South intipachsuyumarca,Andean Highland,5,Sailing,29
1763,unlock,133,Kingdom of Belaldor,Mediterranean Urban,91,Quantum Computing,21
1764,unlock,57,Empire of North selventaria,Mediterranean Highland,29,Machinery,15
1766,unlock,127,North beldorvenum Kingdom,Central Plain,52,Industrialization,22
1767,unlock,133,Kingdom of Belaldor,Mediterranean Urban,79,Internet,22
1770,unlock,128,Kingdom of Great dortar,Mediterranean Urban,23,Engineering,23
1771,unlock,133,Kingdom of Belaldor,Mediterranean Urban,85,Artificial Intelligence,23
1772,unlock,127,North beldorvenum Kingdom,Central Plain,51,Steam Engine,23
1775,unlock,100,Kingdom of Suyusuyumarca,Andean Highland,38,Mechanical Clock,30
1776,unlock,13,South nalnaltana Tribe,Indic Riverine,23,Engineering,18
1777,unlock,128,Kingdom of Great dortar,Mediterranean Urban,16,Construction,24
1779,unlock,106,Kingdom of North tarnor,Central Plain,91,Quantum Computing,26
1786,unlock,32,Kingdom of New bararad,Fertile Crescent,42,Metallurgy,16
1786,unlock,34,Kingdom of North arkalar,Fertile Crescent,69,Computers,25
1787,unlock,116,Kingdom of North weixiazhou,East Riverine,29,Machinery,17
1788,unlock,118,Kingdom of New tanvarkanpur,Indic Riverine,29,Machinery,20
1789,unlock,129,Empire of North eshtaman,Fertile Crescent,23,Engineering,34
1795,unlock,136,Kingdom of Old rumqorina,Andean Highland,120,Copper Smelting,15
1797,unlock,129,Empire of North eshtaman,Fertile Crescent,51,Steam Engine,35
1798,unlock,37,Kingdom of Barsam,Fertile Crescent,60,Combustion,25
1801,unlock,6,New nalmitpur,Indic Riverine,23,Engineering,12
1801,unlock,20,Kingdom of New xiaweiling,East Riverine,29,Machinery,13
1803,unlock,35,Kingdom of Great urbarum,Fertile Crescent,76,Integrated Circuit,18
1803,unlock,57,Empire of Great dorromdoria,Mediterranean Highland,103,Bone and Antler Tools,16
1803,unlock,132,Kingdom of Renlirenzhou,East Riverine,29,Machinery,16
1803,unlock,184,Kingdom of New sambarnin,Fertile Crescent,103,Bone and Antler Tools,11
1807,unlock,144,Kingdom of New romdor,Mediterranean Urban,69,Computers,16
1812,unlock,128,Kingdom of Great dortar,Mediterranean Urban,120,Copper Smelting,25
1813,unlock,133,Kingdom of Belaldor,Mediterranean Urban,76,Integrated Circuit,24
1814,unlock,14,Kingdom of New qintai,East Riverine,13,Iron Working,22
1814,unlock,82,Kingdom of Old tersolmarstan,Eastern Woodland,23,Engineering,15
1814,unlock,106,Kingdom of North tarnor,Central Plain,85,Artificial Intelligence,27
1814,unlock,144,Kingdom of New romdor,Mediterranean Urban,76,Integrated Circuit,17
1815,unlock,106,Kingdom of North tarnor,Central Plain,79,Internet,28
1818,unlock,35,Kingdom of Great urbarum,Fertile Crescent,91,Quantum Computing,19
1819,unlock,35,Kingdom of Great urbarum,Fertile Crescent,79,Internet,20
1819,unlock,94,Kingdom of New garromia,Western Plains,110,Dog Domestication,10
1822,unlock,35,Kingdom of Great urbarum,Fertile Crescent,85,Artificial Intelligence,21
1822,unlock,169,Kingdom of Sollinloria,Western Plains,8,Masonry,10
1824,unlock,37,Kingdom of Barsam,Fertile Crescent,76,Integrated Circuit,26
1825,unlock,11,Kingdom of Ravishaa,Indic Riverine,13,Iron Working,18
1825,unlock,169,Kingdom of Sollinloria,Western Plains,103,Bone and Antler Tools,11
1827,unlock,69,Kingdom of Old yucnahan,Mesoamerican,29,Machinery,26
1828,unlock,133,Kingdom of Belaldor,Mediterranean Urban,51,Steam Engine,25
1830,unlock,195,Kingdom of Narania,Western Plains,103,Bone and Antler Tools,9
1833,unlock,128,Kingdom of Great dortar,Mediterranean Urban,42,Metallurgy,26
1835,unlock,105,Kingdom of Great suyusuyumarca,Andean Highland,23,Engineering,20
1837,unlock,34,Kingdom of North arkalar,Fertile Crescent,79,Internet,26
1839,unlock,34,Kingdom of North arkalar,Fertile Crescent,85,Artificial Intelligence,27
1841,unlock,35,Kingdom of Great urbarum,Fertile Crescent,70,Transistors,22
1842,unlock,34,Kingdom of North arkalar,Fertile Crescent,60,Combustion,28
1842,unlock,76,Kingdom of Intisumqoria,Andean Highland,16,Construction,15
1844,unlock,127,North beldorvenum Kingdom,Central Plain,91,Quantum Computing,24
1847,unlock,14,Kingdom of New qintai,East Riverine,29,Machinery,23
1847,unlock,124,Kingdom of Old calchian,Mesoamerican,6,Calendar,12
1848,unlock,107,Kingdom of North eshnin,Fertile Crescent,79,Internet,15
1849,unlock,115,Kingdom of Asharum,Fertile Crescent,115,Counting Tokens and Tallies,34
1851,unlock,144,Kingdom of New romdor,Mediterranean Urban,79,Internet,19
1851,unlock,144,Kingdom of New romdor,Mediterranean Urban,85,Artificial Intelligence,19
1852,unlock,144,Kingdom of New romdor,Mediterranean Urban,91,Quantum Computing,20
1857,unlock,81,Kingdom of South pachtuprumyu,Andean Highland,63,Mass Production,32
1859,unlock,61,Kingdom of Old belbelum,Central Plain,63,Mass Production,26
1860,initial,221,Great urbelbel Kingdom,Fertile Crescent,100,Cordage and Knots,12
1860,initial,221,Great urbelbel Kingdom,Fertile Crescent,101,Hide Working and Tailored Clothing,12
1860,initial,221,Great urbelbel Kingdom,Fertile Crescent,102,Hafted Stone Tools,12
1860,initial,221,Great urbelbel Kingdom,Fertile Crescent,105,Food Preservation,12
1860,initial,221,Great urbelbel Kingdom,Fertile Crescent,106,Storage Pits and Containers,12
1860,initial,221,Great urbelbel Kingdom,Fertile Crescent,107,Seasonal Aggregation Camps,12
1860,initial,221,Great urbelbel Kingdom,Fertile Crescent,110,Dog Domestication,12
1860,initial,221,Great urbelbel Kingdom,Fertile Crescent,111,Grinding Stones,12
1860,initial,221,Great urbelbel Kingdom,Fertile Crescent,116,Charcoal Firing,12
1860,initial,221,Great urbelbel Kingdom,Fertile Crescent,119,Native Copper Working,12
1860,initial,221,Great urbelbel Kingdom,Fertile Crescent,4,Mining,12
1860,initial,221,Great urbelbel Kingdom,Fertile Crescent,3,Archery,12
1863,unlock,35,Kingdom of Great urbarum,Fertile Crescent,64,Electronics,23
1863,unlock,188,Kingdom of Old belzenstan,Western Plains,110,Dog Domestication,11
1864,unlock,105,Kingdom of Great suyusuyumarca,Andean Highland,25,Metal Casting,21
1864,unlock,149,Republic of Kingdom of Great mitmittanpur,Indic Riverine,32,Civil Service,40
1864,unlock,196,New lenvenia Kingdom,Northern Maritime,103,Bone and Antler Tools,9
1867,unlock,187,New gargaria Kingdom,Western Plains,8,Masonry,12
1868,unlock,97,Old naquistan,Caribbean Seafaring,103,Bone and Antler Tools,9
1869,unlock,180,Empire of Quilormaria,Western Plains,103,Bone and Antler Tools,9
1870,unlock,59,Kingdom of South vendorlenland,Mediterranean Urban,54,Electricity,26
1875,unlock,128,Kingdom of Great dortar,Mediterranean Urban,29,Machinery,27
1878,unlock,105,Kingdom of Great suyusuyumarca,Andean Highland,79,Internet,23
1878,unlock,105,Kingdom of Great suyusuyumarca,Andean Highland,91,Quantum Computing,23
1880,unlock,105,Kingdom of Great suyusuyumarca,Andean Highland,85,Artificial Intelligence,24
1880,unlock,141,Kingdom of South venlenbelland,Mediterranean Urban,79,Internet,13
1880,unlock,141,Kingdom of South venlenbelland,Mediterranean Urban,85,Artificial Intelligence,13
1881,unlock,61,Kingdom of Old belbelum,Central Plain,64,Electronics,28
1881,unlock,61,Kingdom of Old belbelum,Central Plain,70,Transistors,28
1881,unlock,141,Kingdom of South venlenbelland,Mediterranean Urban,91,Quantum Computing,14
1885,unlock,143,Empire of North venkartar,Mediterranean Highland,60,Combustion,14
1891,unlock,11,Kingdom of Ravishaa,Indic Riverine,23,Engineering,19
1892,unlock,129,Empire of North eshtaman,Fertile Crescent,41,Chemistry,37
1897,unlock,35,Kingdom of Great urbarum,Fertile Crescent,60,Combustion,24
1899,unlock,6,New nalmitpur,Indic Riverine,29,Machinery,13
1899,unlock,111,Kingdom of South belromum,Central Plain,69,Computers,29
1899,unlock,127,North beldorvenum Kingdom,Central Plain,85,Artificial Intelligence,25
1901,unlock,58,Kingdom of Lenbelburg,Mediterranean Urban,60,Combustion,19
1902,unlock,115,Kingdom of Asharum,Fertile Crescent,51,Steam Engine,35
1902,unlock,127,North beldorvenum Kingdom,Central Plain,79,Internet,26
1905,unlock,144,Kingdom of New romdor,Mediterranean Urban,51,Steam Engine,21
1909,unlock,115,Kingdom of Asharum,Fertile Crescent,117,Proto-writing and Administrative Notation,36
1910,unlock,34,Kingdom of North arkalar,Fertile Crescent,52,Industrialization,29
1911,unlock,34,Kingdom of North arkalar,Fertile Crescent,51,Steam Engine,30
1911,unlock,132,Kingdom of Old qinwei,East Riverine,16,Construction,17
1913,unlock,105,Kingdom of Great suyusuyumarca,Andean Highland,60,Combustion,25
1915,unlock,105,Kingdom of Great suyusuyumarca,Andean Highland,76,Integrated Circuit,26
1922,unlock,105,Kingdom of Great suyusuyumarca,Andean Highland,69,Computers,27
1927,unlock,21,Kingdom of South taiweiliguo,East Riverine,23,Engineering,12
1932,unlock,81,Kingdom of South pachtuprumyu,Andean Highland,42,Metallurgy,32
1945,unlock,133,Kingdom of Belaldor,Mediterranean Urban,69,Computers,26
1946,unlock,38,Kingdom of South esharbarum,Fertile Crescent,52,Industrialization,23
1949,unlock,144,Kingdom of New romdor,Mediterranean Urban,16,Construction,22
1952,unlock,80,Kingdom of South intipachsuyumarca,Andean Highland,42,Metallurgy,30
1953,unlock,40,Republic of Kingdom of Great linkinland,Monsoon Coastal,31,Acoustics,42
1955,unlock,57,Empire of Great dorromdoria,Mediterranean Highland,91,Quantum Computing,17
1955,unlock,143,Empire of North venkartar,Mediterranean Highland,119,Native Copper Working,15
1956,unlock,61,Kingdom of Old belbelum,Central Plain,54,Electricity,29
1960,unlock,15,Kingdom of New xiali,East Riverine,119,Native Copper Working,16
1961,unlock,34,Kingdom of North arkalar,Fertile Crescent,29,Machinery,31
1966,unlock,58,Kingdom of Lenbelburg,Mediterranean Urban,13,Iron Working,20
1967,unlock,57,Empire of Great dorromdoria,Mediterranean Highland,85,Artificial Intelligence,18
1972,unlock,129,Empire of North eshtaman,Fertile Crescent,109,Long-distance Exchange Networks,38
1977,unlock,80,Kingdom of South intipachsuyumarca,Andean Highland,12,Shipbuilding,31
1980,unlock,81,Kingdom of South pachtuprumyu,Andean Highland,29,Machinery,33
1981,unlock,38,Kingdom of South esharbarum,Fertile Crescent,51,Steam Engine,24
1989,unlock,81,Kingdom of South pachtuprumyu,Andean Highland,41,Chemistry,34
1989,unlock,207,New kustupmarca Tribe,Andean Highland,20,Agriculture,27
1990,unlock,149,Republic of Kingdom of Great mitmittanpur,Indic Riverine,1,Pottery,41
1992,unlock,13,South nalnaltana Tribe,Indic Riverine,52,Industrialization,19
1993,unlock,127,North beldorvenum Kingdom,Central Plain,29,Machinery,27
1994,unlock,13,South nalnaltana Tribe,Indic Riverine,60,Combustion,20
2004,unlock,57,Empire of Great dorromdoria,Mediterranean Highland,79,Internet,19
2006,unlock,79,Republic of South kussumpacha,Andean Highland,23,Engineering,12
2012,unlock,183,South vendornorum Kingdom,Mediterranean Urban,103,Bone and Antler Tools,11
2015,unlock,38,Kingdom of South esharbarum,Fertile Crescent,60,Combustion,25
2016,unlock,38,Kingdom of South esharbarum,Fertile Crescent,79,Internet,26
2017,unlock,38,Kingdom of South esharbarum,Fertile Crescent,69,Computers,27
2017,unlock,125,Empire of Terbelia,Eastern Woodland,116,Charcoal Firing,9
2019,unlock,13,South nalnaltana Tribe,Indic Riverine,51,Steam Engine,21
2021,unlock,132,Kingdom of Old qinwei,East Riverine,51,Steam Engine,18
2022,unlock,143,Empire of North venkartar,Mediterranean Highland,79,Internet,16
2023,unlock,92,Kingdom of North zennaia,Western Plains,103,Bone and Antler Tools,10
