{
  "violations": [
    {
      "id": "STORAGE_SMOOTHING_CHEAT",
      "severity": 99.9552410311111,
      "hardfail": false,
      "details": {
        "adequacy_var": 1.1189742222222581e-06,
        "loss_share": 0.016894371221766607
      }
    }
  ]
}