{
  "violations": [
    {
      "id": "STORAGE_SMOOTHING_CHEAT",
      "severity": 99.13673192444446,
      "hardfail": false,
      "details": {
        "adequacy_var": 2.158170188888888e-05,
        "loss_share": 0.01927017301741557
      }
    }
  ]
}