{
  "violations": [
    {
      "id": "STORAGE_SMOOTHING_CHEAT",
      "severity": 99.30877533777777,
      "hardfail": false,
      "details": {
        "adequacy_var": 1.7280616555555495e-05,
        "loss_share": 0.02396740767498098
      }
    }
  ]
}