{
  "violations": [
    {
      "id": "STORAGE_SMOOTHING_CHEAT",
      "severity": 99.76828156444444,
      "hardfail": false,
      "details": {
        "adequacy_var": 5.792960888888935e-06,
        "loss_share": 0.017630410139942168
      }
    }
  ]
}