{
  "n": 16,
  "agg": {
    "max_unlocked": {
      "mean": 32.625,
      "min": 26,
      "max": 46,
      "stdev": 7.192661190407901
    },
    "top1_max": {
      "mean": 0.053728875,
      "min": 0.033496,
      "max": 0.076987,
      "stdev": 0.011528190978396177
    },
    "top1_final": {
      "mean": 0.035657625,
      "min": 0.014519,
      "max": 0.060335,
      "stdev": 0.013151359967105113
    },
    "wars_active_max": {
      "mean": 4.875,
      "min": 2.0,
      "max": 9.0,
      "stdev": 1.964529205687714
    },
    "major_wars_final": {
      "mean": 0.0398123125,
      "min": 0.029267,
      "max": 0.053389,
      "stdev": 0.0062124242924838724
    },
    "civil_conflict_max": {
      "mean": 11.4375,
      "min": 7.0,
      "max": 19.0,
      "stdev": 3.316035848720577
    },
    "civil_conflict_final": {
      "mean": 0.0,
      "min": 0.0,
      "max": 0.0,
      "stdev": 0.0
    },
    "fragmentation_max": {
      "mean": 0.0,
      "min": 0.0,
      "max": 0.0,
      "stdev": 0.0
    },
    "fragmentation_final": {
      "mean": 0.0,
      "min": 0.0,
      "max": 0.0,
      "stdev": 0.0
    },
    "hab0_final": {
      "mean": 0.454234375,
      "min": 0.403112,
      "max": 0.508874,
      "stdev": 0.028284854286072875
    },
    "habs_final": {
      "mean": 0.3328850625,
      "min": 0.292406,
      "max": 0.364075,
      "stdev": 0.01897486406232186
    },
    "founder_count_final": {
      "mean": 10.375,
      "min": 6.0,
      "max": 14.0,
      "stdev": 2.7128168017763383
    },
    "founder_share_final": {
      "mean": 0.0291,
      "min": 0.017045,
      "max": 0.042424,
      "stdev": 0.007667692636967135
    },
    "median_state_age_final": {
      "mean": 1538.59375,
      "min": 1237.5,
      "max": 2000.0,
      "stdev": 194.0722496544457
    },
    "p90_state_age_final": {
      "mean": 5286.03125,
      "min": 4455.0,
      "max": 6029.5,
      "stdev": 480.0149564320236
    },
    "election_count_max": {
      "mean": 77.625,
      "min": 29.0,
      "max": 140.0,
      "stdev": 29.662423619792097
    },
    "election_count_final": {
      "mean": 36.4375,
      "min": 11.0,
      "max": 71.0,
      "stdev": 15.31734617190589
    }
  },
  "runs": [
    {
      "seed": 1,
      "max_unlocked": 44,
      "top1_max": 0.049503,
      "top1_final": 0.045222,
      "wars_active_max": 6.0,
      "major_wars_final": 0.042613,
      "civil_conflict_max": 14.0,
      "civil_conflict_final": 0.0,
      "fragmentation_max": 0.0,
      "fragmentation_final": 0.0,
      "hab0_final": 0.444675,
      "habs_final": 0.323972,
      "founder_count_final": 9.0,
      "founder_share_final": 0.025862,
      "median_state_age_final": 1550.0,
      "p90_state_age_final": 5331.0,
      "election_count_max": 76.0,
      "election_count_final": 34.0
    },
    {
      "seed": 2,
      "max_unlocked": 28,
      "top1_max": 0.057353,
      "top1_final": 0.042644,
      "wars_active_max": 6.0,
      "major_wars_final": 0.053389,
      "civil_conflict_max": 14.0,
      "civil_conflict_final": 0.0,
      "fragmentation_max": 0.0,
      "fragmentation_final": 0.0,
      "hab0_final": 0.465289,
      "habs_final": 0.340878,
      "founder_count_final": 13.0,
      "founder_share_final": 0.037681,
      "median_state_age_final": 1775.0,
      "p90_state_age_final": 5663.0,
      "election_count_max": 125.0,
      "election_count_final": 65.0
    },
    {
      "seed": 3,
      "max_unlocked": 46,
      "top1_max": 0.076987,
      "top1_final": 0.060335,
      "wars_active_max": 9.0,
      "major_wars_final": 0.031596,
      "civil_conflict_max": 10.0,
      "civil_conflict_final": 0.0,
      "fragmentation_max": 0.0,
      "fragmentation_final": 0.0,
      "hab0_final": 0.472759,
      "habs_final": 0.330038,
      "founder_count_final": 14.0,
      "founder_share_final": 0.042424,
      "median_state_age_final": 2000.0,
      "p90_state_age_final": 6029.5,
      "election_count_max": 34.0,
      "election_count_final": 19.0
    },
    {
      "seed": 4,
      "max_unlocked": 27,
      "top1_max": 0.067802,
      "top1_final": 0.030254,
      "wars_active_max": 4.0,
      "major_wars_final": 0.04041,
      "civil_conflict_max": 8.0,
      "civil_conflict_final": 0.0,
      "fragmentation_max": 0.0,
      "fragmentation_final": 0.0,
      "hab0_final": 0.467311,
      "habs_final": 0.33543,
      "founder_count_final": 10.0,
      "founder_share_final": 0.027548,
      "median_state_age_final": 1420.0,
      "p90_state_age_final": 4455.0,
      "election_count_max": 98.0,
      "election_count_final": 48.0
    },
    {
      "seed": 5,
      "max_unlocked": 28,
      "top1_max": 0.042138,
      "top1_final": 0.023226,
      "wars_active_max": 4.0,
      "major_wars_final": 0.044385,
      "civil_conflict_max": 11.0,
      "civil_conflict_final": 0.0,
      "fragmentation_max": 0.0,
      "fragmentation_final": 0.0,
      "hab0_final": 0.492923,
      "habs_final": 0.353123,
      "founder_count_final": 9.0,
      "founder_share_final": 0.024793,
      "median_state_age_final": 1610.0,
      "p90_state_age_final": 4960.0,
      "election_count_max": 73.0,
      "election_count_final": 32.0
    },
    {
      "seed": 6,
      "max_unlocked": 28,
      "top1_max": 0.049984,
      "top1_final": 0.028648,
      "wars_active_max": 4.0,
      "major_wars_final": 0.040127,
      "civil_conflict_max": 8.0,
      "civil_conflict_final": 0.0,
      "fragmentation_max": 0.0,
      "fragmentation_final": 0.0,
      "hab0_final": 0.4071,
      "habs_final": 0.32532,
      "founder_count_final": 14.0,
      "founder_share_final": 0.038889,
      "median_state_age_final": 1297.5,
      "p90_state_age_final": 5129.5,
      "election_count_max": 89.0,
      "election_count_final": 37.0
    },
    {
      "seed": 7,
      "max_unlocked": 28,
      "top1_max": 0.043807,
      "top1_final": 0.023086,
      "wars_active_max": 8.0,
      "major_wars_final": 0.029267,
      "civil_conflict_max": 15.0,
      "civil_conflict_final": 0.0,
      "fragmentation_max": 0.0,
      "fragmentation_final": 0.0,
      "hab0_final": 0.427769,
      "habs_final": 0.300045,
      "founder_count_final": 6.0,
      "founder_share_final": 0.017751,
      "median_state_age_final": 1452.5,
      "p90_state_age_final": 5942.5,
      "election_count_max": 87.0,
      "election_count_final": 38.0
    },
    {
      "seed": 8,
      "max_unlocked": 28,
      "top1_max": 0.052797,
      "top1_final": 0.025972,
      "wars_active_max": 4.0,
      "major_wars_final": 0.041934,
      "civil_conflict_max": 7.0,
      "civil_conflict_final": 0.0,
      "fragmentation_max": 0.0,
      "fragmentation_final": 0.0,
      "hab0_final": 0.426533,
      "habs_final": 0.318075,
      "founder_count_final": 9.0,
      "founder_share_final": 0.024931,
      "median_state_age_final": 1410.0,
      "p90_state_age_final": 4500.0,
      "election_count_max": 92.0,
      "election_count_final": 40.0
    },
    {
      "seed": 9,
      "max_unlocked": 26,
      "top1_max": 0.044556,
      "top1_final": 0.028607,
      "wars_active_max": 5.0,
      "major_wars_final": 0.0388,
      "civil_conflict_max": 13.0,
      "civil_conflict_final": 0.0,
      "fragmentation_max": 0.0,
      "fragmentation_final": 0.0,
      "hab0_final": 0.508874,
      "habs_final": 0.364075,
      "founder_count_final": 7.0,
      "founder_share_final": 0.019943,
      "median_state_age_final": 1775.0,
      "p90_state_age_final": 5745.0,
      "election_count_max": 56.0,
      "election_count_final": 24.0
    },
    {
      "seed": 10,
      "max_unlocked": 28,
      "top1_max": 0.064152,
      "top1_final": 0.051241,
      "wars_active_max": 4.0,
      "major_wars_final": 0.033708,
      "civil_conflict_max": 9.0,
      "civil_conflict_final": 0.0,
      "fragmentation_max": 0.0,
      "fragmentation_final": 0.0,
      "hab0_final": 0.464671,
      "habs_final": 0.339643,
      "founder_count_final": 13.0,