{
  "violations": [
    {
      "id": "STORAGE_SMOOTHING_CHEAT",
      "severity": 99.41844784777777,
      "hardfail": false,
      "details": {
        "adequacy_var": 1.4538803805555604e-05,
        "loss_share": 0.03828520977755466
      }
    }
  ]
}