{
  "violations": [
    {
      "id": "STORAGE_SMOOTHING_CHEAT",
      "severity": 99.88190956,
      "hardfail": false,
      "details": {
        "adequacy_var": 2.9522610000000716e-06,
        "loss_share": 0.01754293237547975
      }
    }
  ]
}