{
  "n": 16,
  "agg": {
    "max_unlocked": {
      "mean": 38.375,
      "min": 33.0,
      "max": 51.0,
      "stdev": 6.029873547596169
    },
    "top1_max": {
      "mean": 0.05928375,
      "min": 0.035283,
      "max": 0.091921,
      "stdev": 0.016193812531720257
    },
    "top1_final": {
      "mean": 0.04391925,
      "min": 0.020686,
      "max": 0.082401,
      "stdev": 0.016719631457137445
    },
    "wars_active_max": {
      "mean": 3.375,
      "min": 2.0,
      "max": 6.0,
      "stdev": 1.1110243021644486
    },
    "major_wars_final": {
      "mean": 0.038265,
      "min": 0.026319,
      "max": 0.054924,
      "stdev": 0.00688465696313186
    },
    "civil_conflict_max": {
      "mean": 24.3125,
      "min": 15.0,
      "max": 35.0,
      "stdev": 5.564606342770349
    },
    "civil_conflict_final": {
      "mean": 0.0625,
      "min": 0.0,
      "max": 1.0,
      "stdev": 0.24206145913796356
    },
    "fragmentation_max": {
      "mean": 0.0,
      "min": 0.0,
      "max": 0.0,
      "stdev": 0.0
    },
    "fragmentation_final": {
      "mean": 0.0,
      "min": 0.0,
      "max": 0.0,
      "stdev": 0.0
    },
    "hab0_final": {
      "mean": 0.9677348125,
      "min": 0.957092,
      "max": 0.973642,
      "stdev": 0.004455033364335637
    },
    "habs_final": {
      "mean": 0.701308,
      "min": 0.689197,
      "max": 0.711689,
      "stdev": 0.006485354519993501
    },
    "founder_count_final": {
      "mean": 10.4375,
      "min": 4.0,
      "max": 16.0,
      "stdev": 3.0815732589052627
    },
    "founder_share_final": {
      "mean": 0.0293388125,
      "min": 0.011561,
      "max": 0.046921,
      "stdev": 0.00864326788763045
    },
    "median_state_age_final": {
      "mean": 1531.09375,
      "min": 1130.0,
      "max": 1917.5,
      "stdev": 217.29151061635497
    },
    "p90_state_age_final": {
      "mean": 5303.78125,
      "min": 4296.0,
      "max": 6244.0,
      "stdev": 570.3248517498054
    },
    "election_count_max": {
      "mean": 261.5625,
      "min": 73.0,
      "max": 520.0,
      "stdev": 101.28053166206227
    },
    "election_count_final": {
      "mean": 34.75,
      "min": 10.0,
      "max": 73.0,
      "stdev": 13.818013605435478
    },
    "tech_cap_final": {
      "mean": 1.0,
      "min": 1.0,
      "max": 1.0,
      "stdev": 0.0
    },
    "tech_cap_p90_final": {
      "mean": 1.0,
      "min": 1.0,
      "max": 1.0,
      "stdev": 0.0
    }
  },
  "runs": [
    {
      "seed": 1,
      "max_unlocked": 51,
      "top1_max": 0.05324,
      "top1_final": 0.052226,
      "wars_active_max": 6.0,
      "major_wars_final": 0.033028,
      "civil_conflict_max": 35.0,
      "civil_conflict_final": 0.0,
      "fragmentation_max": 0.0,
      "fragmentation_final": 0.0,
      "hab0_final": 0.970338,
      "habs_final": 0.702563,
      "founder_count_final": 12.0,
      "founder_share_final": 0.034091,
      "median_state_age_final": 1567.5,
      "p90_state_age_final": 5241.0,
      "election_count_max": 179.0,
      "election_count_final": 25.0,
      "tech_cap_final": 1.0,
      "tech_cap_p90_final": 1.0
    },
    {
      "seed": 2,
      "max_unlocked": 44,
      "top1_max": 0.055702,
      "top1_final": 0.041903,
      "wars_active_max": 3.0,
      "major_wars_final": 0.038504,
      "civil_conflict_max": 28.0,
      "civil_conflict_final": 0.0,
      "fragmentation_max": 0.0,
      "fragmentation_final": 0.0,
      "hab0_final": 0.967789,
      "habs_final": 0.693688,
      "founder_count_final": 11.0,
      "founder_share_final": 0.030556,
      "median_state_age_final": 1770.0,
      "p90_state_age_final": 5502.5,
      "election_count_max": 73.0,
      "election_count_final": 10.0,
      "tech_cap_final": 1.0,
      "tech_cap_p90_final": 1.0
    },
    {
      "seed": 3,
      "max_unlocked": 46,
      "top1_max": 0.077392,
      "top1_final": 0.059731,
      "wars_active_max": 2.0,
      "major_wars_final": 0.037556,
      "civil_conflict_max": 18.0,
      "civil_conflict_final": 0.0,
      "fragmentation_max": 0.0,
      "fragmentation_final": 0.0,
      "hab0_final": 0.968002,
      "habs_final": 0.705208,
      "founder_count_final": 13.0,
      "founder_share_final": 0.037464,
      "median_state_age_final": 1345.0,
      "p90_state_age_final": 5570.0,
      "election_count_max": 360.0,
      "election_count_final": 46.0,
      "tech_cap_final": 1.0,
      "tech_cap_p90_final": 1.0
    },
    {
      "seed": 4,
      "max_unlocked": 35,
      "top1_max": 0.045798,
      "top1_final": 0.028973,
      "wars_active_max": 4.0,
      "major_wars_final": 0.035555,
      "civil_conflict_max": 25.0,
      "civil_conflict_final": 0.0,
      "fragmentation_max": 0.0,
      "fragmentation_final": 0.0,
      "hab0_final": 0.971285,
      "habs_final": 0.689197,
      "founder_count_final": 9.0,
      "founder_share_final": 0.025641,
      "median_state_age_final": 1580.0,
      "p90_state_age_final": 4545.0,
      "election_count_max": 288.0,
      "election_count_final": 36.0,
      "tech_cap_final": 1.0,
      "tech_cap_p90_final": 1.0
    },
    {
      "seed": 5,
      "max_unlocked": 43,
      "top1_max": 0.051553,
      "top1_final": 0.043557,
      "wars_active_max": 2.0,
      "major_wars_final": 0.042125,
      "civil_conflict_max": 25.0,
      "civil_conflict_final": 0.0,
      "fragmentation_max": 0.0,
      "fragmentation_final": 0.0,
      "hab0_final": 0.965171,
      "habs_final": 0.700285,
      "founder_count_final": 10.0,
      "founder_share_final": 0.02849,
      "median_state_age_final": 1760.0,
      "p90_state_age_final": 6035.0,
      "election_count_max": 198.0,
      "election_count_final": 27.0,
      "tech_cap_final": 1.0,
      "tech_cap_p90_final": 1.0
    },
    {
      "seed": 6,
      "max_unlocked": 34,
      "top1_max": 0.045791,
      "top1_final": 0.023967,
      "wars_active_max": 4.0,
      "major_wars_final": 0.037484,
      "civil_conflict_max": 15.0,
      "civil_conflict_final": 0.0,
      "fragmentation_max": 0.0,
      "fragmentation_final": 0.0,
      "hab0_final": 0.971035,
      "habs_final": 0.69621,
      "founder_count_final": 10.0,
      "founder_share_final": 0.028653,
      "median_state_age_final": 1130.0,
      "p90_state_age_final": 4296.0,
      "election_count_max": 338.0,
      "election_count_final": 40.0,
      "tech_cap_final": 1.0,
      "tech_cap_p90_final": 1.0
    },
    {
      "seed": 7,
      "max_unlocked": 38,
      "top1_max": 0.035283,
      "top1_final": 0.030663,
      "wars_active_max": 4.0,
      "major_wars_final": 0.026319,
      "civil_conflict_max": 31.0,
      "civil_conflict_final": 0.0,
      "fragmentation_max": 0.0,
      "fragmentation_final": 0.0,
      "hab0_final": 0.973642,
      "habs_final": 0.701662,
      "founder_count_final": 4.0,
      "founder_share_final": 0.011561,
      "median_state_age_final": 1917.5,
      "p90_state_age_final": 5680.0,
      "election_count_max": 138.0,
      "election_count_final": 20.0,
      "tech_cap_final": 1.0,
      "tech_cap_p90_final": 1.0
    },
    {
      "seed": 8,
      "max_unlocked": 35,
      "top1_max": 0.083322,
      "top1_final": 0.063383,
      "wars_active_max": 2.0,
      "major_wars_final": 0.030167,
      "civil_conflict_max": 21.0,
      "civil_conflict_final": 0.0,
      "fragmentation_max": 0.0,
      "fragmentation_final": 0.0,
      "hab0_final": 0.972996,
      "habs_final": 0.711689,
      "founder_count_final": 8.0,
      "founder_share_final": 0.022535,
      "median_state_age_final": 1320.0,
      "p90_state_age_final": 4720.0,
      "election_count_max": 296.0,
      "election_count_final": 37.0,
      "tech_cap_final": 1.0,
      "tech_cap_p90_final": 1.0
    },
    {
      "seed": 9,
      "max_unlocked": 33,
      "top1_max": 0.043626,
      "top1_final": 0.024298,
      "wars_active_max": 4.0,
      "major_wars_final": 0.042359,
      "civil_conflict_max": 28.0,
      "civil_conflict_final": 0.0,
      "fragmentation_max": 0.0,