{
  "n": 16,
  "agg": {
    "max_unlocked": {
      "mean": 38.0625,
      "min": 32.0,
      "max": 51.0,
      "stdev": 6.289562286041852
    },
    "top1_max": {
      "mean": 0.0593555,
      "min": 0.035283,
      "max": 0.091113,
      "stdev": 0.015994926230683278
    },
    "top1_final": {
      "mean": 0.0439813125,
      "min": 0.020704,
      "max": 0.083318,
      "stdev": 0.016951175511298436
    },
    "wars_active_max": {
      "mean": 2.9375,
      "min": 2.0,
      "max": 4.0,
      "stdev": 0.9662265521087692
    },
    "major_wars_final": {
      "mean": 0.037274062499999996,
      "min": 0.027107,
      "max": 0.053572,
      "stdev": 0.007120434084983425
    },
    "civil_conflict_max": {
      "mean": 24.5,
      "min": 16.0,
      "max": 35.0,
      "stdev": 5.44288526426931
    },
    "civil_conflict_final": {
      "mean": 0.0625,
      "min": 0.0,
      "max": 1.0,
      "stdev": 0.24206145913796356
    },
    "fragmentation_max": {
      "mean": 0.0,
      "min": 0.0,
      "max": 0.0,
      "stdev": 0.0
    },
    "fragmentation_final": {
      "mean": 0.0,
      "min": 0.0,
      "max": 0.0,
      "stdev": 0.0
    },
    "hab0_final": {
      "mean": 0.968812875,
      "min": 0.958238,
      "max": 0.976202,
      "stdev": 0.00453010159757758
    },
    "habs_final": {
      "mean": 0.701829625,
      "min": 0.691999,
      "max": 0.710708,
      "stdev": 0.006182573461704689
    },
    "founder_count_final": {
      "mean": 10.5,
      "min": 4.0,
      "max": 15.0,
      "stdev": 3.0
    },
    "founder_share_final": {
      "mean": 0.029415874999999998,
      "min": 0.011765,
      "max": 0.042857,
      "stdev": 0.008208530592278681
    },
    "median_state_age_final": {
      "mean": 1473.125,
      "min": 1030.0,
      "max": 2275.0,
      "stdev": 323.50678605710885
    },
    "p90_state_age_final": {
      "mean": 5182.1875,
      "min": 3551.0,
      "max": 6245.0,
      "stdev": 718.1271622030113
    },
    "election_count_max": {
      "mean": 298.25,
      "min": 91.0,
      "max": 674.0,
      "stdev": 138.85041411533493
    },
    "election_count_final": {
      "mean": 38.9375,
      "min": 11.0,
      "max": 82.0,
      "stdev": 17.264373540618262
    },
    "tech_cap_final": {
      "mean": 1.0,
      "min": 1.0,
      "max": 1.0,
      "stdev": 0.0
    },
    "tech_cap_p90_final": {
      "mean": 1.0,
      "min": 1.0,
      "max": 1.0,
      "stdev": 0.0
    }
  },
  "runs": [
    {
      "seed": 1,
      "max_unlocked": 46,
      "top1_max": 0.054447,
      "top1_final": 0.051755,
      "wars_active_max": 2.0,
      "major_wars_final": 0.036272,
      "civil_conflict_max": 35.0,
      "civil_conflict_final": 0.0,
      "fragmentation_max": 0.0,
      "fragmentation_final": 0.0,
      "hab0_final": 0.967674,
      "habs_final": 0.694093,
      "founder_count_final": 11.0,
      "founder_share_final": 0.031073,
      "median_state_age_final": 2275.0,
      "p90_state_age_final": 5620.0,
      "election_count_max": 91.0,
      "election_count_final": 11.0,
      "tech_cap_final": 1.0,
      "tech_cap_p90_final": 1.0
    },
    {
      "seed": 2,
      "max_unlocked": 51,
      "top1_max": 0.055758,
      "top1_final": 0.0404,
      "wars_active_max": 4.0,
      "major_wars_final": 0.044633,
      "civil_conflict_max": 28.0,
      "civil_conflict_final": 0.0,
      "fragmentation_max": 0.0,
      "fragmentation_final": 0.0,
      "hab0_final": 0.965721,
      "habs_final": 0.699455,
      "founder_count_final": 11.0,
      "founder_share_final": 0.030812,
      "median_state_age_final": 1430.0,
      "p90_state_age_final": 5397.0,
      "election_count_max": 192.0,
      "election_count_final": 26.0,
      "tech_cap_final": 1.0,
      "tech_cap_p90_final": 1.0
    },
    {
      "seed": 3,
      "max_unlocked": 45,
      "top1_max": 0.077392,
      "top1_final": 0.05934,
      "wars_active_max": 4.0,
      "major_wars_final": 0.038155,
      "civil_conflict_max": 18.0,
      "civil_conflict_final": 0.0,
      "fragmentation_max": 0.0,
      "fragmentation_final": 0.0,
      "hab0_final": 0.967145,
      "habs_final": 0.693502,
      "founder_count_final": 13.0,
      "founder_share_final": 0.036932,
      "median_state_age_final": 1372.5,
      "p90_state_age_final": 5515.0,
      "election_count_max": 294.0,
      "election_count_final": 40.0,
      "tech_cap_final": 1.0,
      "tech_cap_p90_final": 1.0
    },
    {
      "seed": 4,
      "max_unlocked": 34,
      "top1_max": 0.046908,
      "top1_final": 0.030477,
      "wars_active_max": 4.0,
      "major_wars_final": 0.029198,
      "civil_conflict_max": 26.0,
      "civil_conflict_final": 0.0,
      "fragmentation_max": 0.0,
      "fragmentation_final": 0.0,
      "hab0_final": 0.976202,
      "habs_final": 0.704367,
      "founder_count_final": 10.0,
      "founder_share_final": 0.027933,
      "median_state_age_final": 1462.5,
      "p90_state_age_final": 4454.5,
      "election_count_max": 272.0,
      "election_count_final": 35.0,
      "tech_cap_final": 1.0,
      "tech_cap_p90_final": 1.0
    },
    {
      "seed": 5,
      "max_unlocked": 43,
      "top1_max": 0.051553,
      "top1_final": 0.043396,
      "wars_active_max": 4.0,
      "major_wars_final": 0.042343,
      "civil_conflict_max": 25.0,
      "civil_conflict_final": 0.0,
      "fragmentation_max": 0.0,
      "fragmentation_final": 0.0,
      "hab0_final": 0.964977,
      "habs_final": 0.701524,
      "founder_count_final": 10.0,
      "founder_share_final": 0.028329,
      "median_state_age_final": 1775.0,
      "p90_state_age_final": 5607.0,
      "election_count_max": 262.0,
      "election_count_final": 38.0,
      "tech_cap_final": 1.0,
      "tech_cap_p90_final": 1.0
    },
    {
      "seed": 6,
      "max_unlocked": 34,
      "top1_max": 0.045791,
      "top1_final": 0.02427,
      "wars_active_max": 4.0,
      "major_wars_final": 0.034807,
      "civil_conflict_max": 16.0,
      "civil_conflict_final": 0.0,
      "fragmentation_max": 0.0,
      "fragmentation_final": 0.0,
      "hab0_final": 0.973272,
      "habs_final": 0.702438,
      "founder_count_final": 12.0,
      "founder_share_final": 0.033898,
      "median_state_age_final": 1262.5,
      "p90_state_age_final": 4248.5,
      "election_count_max": 547.0,
      "election_count_final": 74.0,
      "tech_cap_final": 1.0,
      "tech_cap_p90_final": 1.0
    },
    {
      "seed": 7,
      "max_unlocked": 37,
      "top1_max": 0.035283,
      "top1_final": 0.030767,
      "wars_active_max": 2.0,
      "major_wars_final": 0.027107,
      "civil_conflict_max": 31.0,
      "civil_conflict_final": 0.0,
      "fragmentation_max": 0.0,
      "fragmentation_final": 0.0,
      "hab0_final": 0.972714,
      "habs_final": 0.709812,
      "founder_count_final": 4.0,
      "founder_share_final": 0.011765,
      "median_state_age_final": 2027.5,
      "p90_state_age_final": 5711.5,
      "election_count_max": 199.0,
      "election_count_final": 27.0,
      "tech_cap_final": 1.0,
      "tech_cap_p90_final": 1.0
    },
    {
      "seed": 8,
      "max_unlocked": 34,
      "top1_max": 0.083322,
      "top1_final": 0.06278,
      "wars_active_max": 2.0,
      "major_wars_final": 0.027712,
      "civil_conflict_max": 22.0,
      "civil_conflict_final": 0.0,
      "fragmentation_max": 0.0,
      "fragmentation_final": 0.0,
      "hab0_final": 0.975387,
      "habs_final": 0.705836,
      "founder_count_final": 8.0,
      "founder_share_final": 0.022663,
      "median_state_age_final": 1030.0,
      "p90_state_age_final": 3551.0,
      "election_count_max": 277.0,
      "election_count_final": 35.0,
      "tech_cap_final": 1.0,
      "tech_cap_p90_final": 1.0
    },
    {
      "seed": 9,
      "max_unlocked": 32,
      "top1_max": 0.043626,
      "top1_final": 0.024334,
      "wars_active_max": 3.0,
      "major_wars_final": 0.038438,
      "civil_conflict_max": 28.0,
      "civil_conflict_final": 0.0,
      "fragmentation_max": 0.0,