{
  "violations": [
    {
      "id": "STORAGE_SMOOTHING_CHEAT",
      "severity": 99.7402901411111,
      "hardfail": false,
      "details": {
        "adequacy_var": 6.492746472222232e-06,
        "loss_share": 0.014560450886990402
      }
    }
  ]
}