{
  "violations": [
    {
      "id": "STORAGE_SMOOTHING_CHEAT",
      "severity": 99.76168555111113,
      "hardfail": false,
      "details": {
        "adequacy_var": 5.957861222222147e-06,
        "loss_share": 0.021459136754950703
      }
    }
  ]
}