{
  "violations": [
    {
      "id": "STORAGE_SMOOTHING_CHEAT",
      "severity": 99.25749897777779,
      "hardfail": false,
      "details": {
        "adequacy_var": 1.8562525555555353e-05,
        "loss_share": 0.03207038905268145
      }
    }
  ]
}