{
  "stop_condition": "STRUCTURAL_CHANGE_SIGNAL",
  "best_objective": 81.95946227281807,
  "best_objective_inner": 81.57582865934867,
  "best_objective_medium": 81.73180026727618,
  "best_holdout_objective": 81.64639846862971,
  "best_holdout_objective_inner": 81.67522491383674,
  "best_holdout_objective_medium": 81.1734341988244,
  "best_top3_violations": [],
  "best_config": "/mnt/c/WS/WorldSimulation10028/out/fine_tuning_struct_step7/best_sim_config.toml",
  "best_config_hash16": "62be78b2205646c3",
  "best_eval": {
    "tuning": {
      "score_median": 81.95946227281807,
      "stddev": 0.5329524967852803,
      "hardfail_rate": 0.0,
      "variance_penalty": 0.0,
      "hardfail_penalty": 0.0,
      "objective": 81.95946227281807
    },
    "holdout": {
      "score_median": 81.64639846862971,
      "stddev": 0.01877742315599562,
      "hardfail_rate": 0.0,
      "variance_penalty": 0.0,
      "hardfail_penalty": 0.0,
      "objective": 81.64639846862971
    },
    "horizons": {
      "inner": {
        "tuning": {
          "score_median": 81.57582865934867,
          "stddev": 0.9021311280014731,
          "hardfail_rate": 0.0,
          "variance_penalty": 0.0,
          "hardfail_penalty": 0.0,
          "objective": 81.57582865934867
        },
        "holdout": {
          "score_median": 81.67522491383674,
          "stddev": 0.01033042529226691,
          "hardfail_rate": 0.0,
          "variance_penalty": 0.0,
          "hardfail_penalty": 0.0,
          "objective": 81.67522491383674
        },
        "top3": [],
        "end_year": -1000
      },
      "medium": {
        "tuning": {
          "score_median": 81.73180026727618,
          "stddev": 0.5890519382281704,
          "hardfail_rate": 0.0,
          "variance_penalty": 0.0,
          "hardfail_penalty": 0.0,
          "objective": 81.73180026727618
        },
        "holdout": {
          "score_median": 81.1734341988244,
          "stddev": 0.14071144266186053,
          "hardfail_rate": 0.0,
          "variance_penalty": 0.0,
          "hardfail_penalty": 0.0,
          "objective": 81.1734341988244
        },
        "top3": [],
        "end_year": 1
      },
      "long": {
        "tuning": {
          "score_median": 81.95946227281807,
          "stddev": 0.5329524967852803,
          "hardfail_rate": 0.0,
          "variance_penalty": 0.0,
          "hardfail_penalty": 0.0,
          "objective": 81.95946227281807
        },
        "holdout": {
          "score_median": 81.64639846862971,
          "stddev": 0.01877742315599562,
          "hardfail_rate": 0.0,
          "variance_penalty": 0.0,
          "hardfail_penalty": 0.0,
          "objective": 81.64639846862971
        },
        "top3": [],
        "end_year": 2025
      }
    }
  },
  "curriculum": {
    "enabled": true,
    "inner_end_year": -1000,
    "medium_end_year": 1,
    "long_end_year": 2025,
    "medium_check_every_iterations": 6,
    "medium_check_every_accepted": 2
  },
  "iterations_completed": 8
}