{
  "violations": [
    {
      "id": "STORAGE_SMOOTHING_CHEAT",
      "severity": 99.27816648333334,
      "hardfail": false,
      "details": {
        "adequacy_var": 1.8045837916666645e-05,
        "loss_share": 0.015553342012153233
      }
    }
  ]
}