year,event_type,country_index,country_name,country_culture,tech_id,tech_name,total_unlocked_techs
-5000,initial,0,Tanmita Tribe,Indic Riverine,100,Cordage and Knots,19
-5000,initial,0,Tanmita Tribe,Indic Riverine,101,Hide Working and Tailored Clothing,19
-5000,initial,0,Tanmita Tribe,Indic Riverine,102,Hafted Stone Tools,19
-5000,initial,0,Tanmita Tribe,Indic Riverine,105,Food Preservation,19
-5000,initial,0,Tanmita Tribe,Indic Riverine,106,Storage Pits and Containers,19
-5000,initial,0,Tanmita Tribe,Indic Riverine,107,Seasonal Aggregation Camps,19
-5000,initial,0,Tanmita Tribe,Indic Riverine,110,Dog Domestication,19
-5000,initial,0,Tanmita Tribe,Indic Riverine,111,Grinding Stones,19
-5000,initial,0,Tanmita Tribe,Indic Riverine,112,Proto-cultivation,19
-5000,initial,0,Tanmita Tribe,Indic Riverine,113,Sedentism,19
-5000,initial,0,Tanmita Tribe,Indic Riverine,114,Enclosures and Herd Management,19
-5000,initial,0,Tanmita Tribe,Indic Riverine,115,Counting Tokens and Tallies,19
-5000,initial,0,Tanmita Tribe,Indic Riverine,116,Charcoal Firing,19
-5000,initial,0,Tanmita Tribe,Indic Riverine,1,Pottery,19
-5000,initial,0,Tanmita Tribe,Indic Riverine,2,Animal Husbandry,19
-5000,initial,0,Tanmita Tribe,Indic Riverine,4,Mining,19
-5000,initial,0,Tanmita Tribe,Indic Riverine,20,Agriculture,19
-5000,initial,0,Tanmita Tribe,Indic Riverine,3,Archery,19
-5000,initial,0,Tanmita Tribe,Indic Riverine,6,Calendar,19
-5000,initial,1,South kanvar Tribe,Indic Riverine,100,Cordage and Knots,19
-5000,initial,1,South kanvar Tribe,Indic Riverine,101,Hide Working and Tailored Clothing,19
-5000,initial,1,South kanvar Tribe,Indic Riverine,102,Hafted Stone Tools,19
-5000,initial,1,South kanvar Tribe,Indic Riverine,105,Food Preservation,19
-5000,initial,1,South kanvar Tribe,Indic Riverine,106,Storage Pits and Containers,19
-5000,initial,1,South kanvar Tribe,Indic Riverine,107,Seasonal Aggregation Camps,19
-5000,initial,1,South kanvar Tribe,Indic Riverine,110,Dog Domestication,19
-5000,initial,1,South kanvar Tribe,Indic Riverine,111,Grinding Stones,19
-5000,initial,1,South kanvar Tribe,Indic Riverine,112,Proto-cultivation,19
-5000,initial,1,South kanvar Tribe,Indic Riverine,113,Sedentism,19
-5000,initial,1,South kanvar Tribe,Indic Riverine,114,Enclosures and Herd Management,19
-5000,initial,1,South kanvar Tribe,Indic Riverine,115,Counting Tokens and Tallies,19
-5000,initial,1,South kanvar Tribe,Indic Riverine,116,Charcoal Firing,19
-5000,initial,1,South kanvar Tribe,Indic Riverine,1,Pottery,19
-5000,initial,1,South kanvar Tribe,Indic Riverine,2,Animal Husbandry,19
-5000,initial,1,South kanvar Tribe,Indic Riverine,4,Mining,19
-5000,initial,1,South kanvar Tribe,Indic Riverine,20,Agriculture,19
-5000,initial,1,South kanvar Tribe,Indic Riverine,3,Archery,19
-5000,initial,1,South kanvar Tribe,Indic Riverine,6,Calendar,19
-5000,initial,2,Old surdrarapur Tribe,Indic Riverine,100,Cordage and Knots,19
-5000,initial,2,Old surdrarapur Tribe,Indic Riverine,101,Hide Working and Tailored Clothing,19
-5000,initial,2,Old surdrarapur Tribe,Indic Riverine,102,Hafted Stone Tools,19
-5000,initial,2,Old surdrarapur Tribe,Indic Riverine,105,Food Preservation,19
-5000,initial,2,Old surdrarapur Tribe,Indic Riverine,106,Storage Pits and Containers,19
-5000,initial,2,Old surdrarapur Tribe,Indic Riverine,107,Seasonal Aggregation Camps,19
-5000,initial,2,Old surdrarapur Tribe,Indic Riverine,110,Dog Domestication,19
-5000,initial,2,Old surdrarapur Tribe,Indic Riverine,111,Grinding Stones,19
-5000,initial,2,Old surdrarapur Tribe,Indic Riverine,112,Proto-cultivation,19
-5000,initial,2,Old surdrarapur Tribe,Indic Riverine,113,Sedentism,19
-5000,initial,2,Old surdrarapur Tribe,Indic Riverine,114,Enclosures and Herd Management,19
-5000,initial,2,Old surdrarapur Tribe,Indic Riverine,115,Counting Tokens and Tallies,19
-5000,initial,2,Old surdrarapur Tribe,Indic Riverine,116,Charcoal Firing,19
-5000,initial,2,Old surdrarapur Tribe,Indic Riverine,1,Pottery,19
-5000,initial,2,Old surdrarapur Tribe,Indic Riverine,2,Animal Husbandry,19
-5000,initial,2,Old surdrarapur Tribe,Indic Riverine,4,Mining,19
-5000,initial,2,Old surdrarapur Tribe,Indic Riverine,20,Agriculture,19
-5000,initial,2,Old surdrarapur Tribe,Indic Riverine,3,Archery,19
-5000,initial,2,Old surdrarapur Tribe,Indic Riverine,6,Calendar,19
-5000,initial,3,North shashavipur Tribe,Indic Riverine,100,Cordage and Knots,19
-5000,initial,3,North shashavipur Tribe,Indic Riverine,101,Hide Working and Tailored Clothing,19
-5000,initial,3,North shashavipur Tribe,Indic Riverine,102,Hafted Stone Tools,19
-5000,initial,3,North shashavipur Tribe,Indic Riverine,105,Food Preservation,19
-5000,initial,3,North shashavipur Tribe,Indic Riverine,106,Storage Pits and Containers,19
-5000,initial,3,North shashavipur Tribe,Indic Riverine,107,Seasonal Aggregation Camps,19
-5000,initial,3,North shashavipur Tribe,Indic Riverine,110,Dog Domestication,19
-5000,initial,3,North shashavipur Tribe,Indic Riverine,111,Grinding Stones,19
-5000,initial,3,North shashavipur Tribe,Indic Riverine,112,Proto-cultivation,19
-5000,initial,3,North shashavipur Tribe,Indic Riverine,113,Sedentism,19
-5000,initial,3,North shashavipur Tribe,Indic Riverine,114,Enclosures and Herd Management,19
-5000,initial,3,North shashavipur Tribe,Indic Riverine,115,Counting Tokens and Tallies,19
-5000,initial,3,North shashavipur Tribe,Indic Riverine,116,Charcoal Firing,19
-5000,initial,3,North shashavipur Tribe,Indic Riverine,1,Pottery,19
-5000,initial,3,North shashavipur Tribe,Indic Riverine,2,Animal Husbandry,19
-5000,initial,3,North shashavipur Tribe,Indic Riverine,4,Mining,19
-5000,initial,3,North shashavipur Tribe,Indic Riverine,20,Agriculture,19
-5000,initial,3,North shashavipur Tribe,Indic Riverine,3,Archery,19
-5000,initial,3,North shashavipur Tribe,Indic Riverine,6,Calendar,19
-5000,initial,4,North ravivi Tribe,Indic Riverine,100,Cordage and Knots,19
-5000,initial,4,North ravivi Tribe,Indic Riverine,101,Hide Working and Tailored Clothing,19
-5000,initial,4,North ravivi Tribe,Indic Riverine,102,Hafted Stone Tools,19
-5000,initial,4,North ravivi Tribe,Indic Riverine,105,Food Preservation,19
-5000,initial,4,North ravivi Tribe,Indic Riverine,106,Storage Pits and Containers,19
-5000,initial,4,North ravivi Tribe,Indic Riverine,107,Seasonal Aggregation Camps,19
-5000,initial,4,North ravivi Tribe,Indic Riverine,110,Dog Domestication,19
-5000,initial,4,North ravivi Tribe,Indic Riverine,111,Grinding Stones,19
-5000,initial,4,North ravivi Tribe,Indic Riverine,112,Proto-cultivation,19
-5000,initial,4,North ravivi Tribe,Indic Riverine,113,Sedentism,19
-5000,initial,4,North ravivi Tribe,Indic Riverine,114,Enclosures and Herd Management,19
-5000,initial,4,North ravivi Tribe,Indic Riverine,115,Counting Tokens and Tallies,19
-5000,initial,4,North ravivi Tribe,Indic Riverine,116,Charcoal Firing,19
-5000,initial,4,North ravivi Tribe,Indic Riverine,1,Pottery,19
-5000,initial,4,North ravivi Tribe,Indic Riverine,2,Animal Husbandry,19
-5000,initial,4,North ravivi Tribe,Indic Riverine,4,Mining,19
-5000,initial,4,North ravivi Tribe,Indic Riverine,20,Agriculture,19
-5000,initial,4,North ravivi Tribe,Indic Riverine,3,Archery,19
-5000,initial,4,North ravivi Tribe,Indic Riverine,6,Calendar,19
-5000,initial,5,North mitnalpur Tribe,Indic Riverine,100,Cordage and Knots,19
-5000,initial,5,North mitnalpur Tribe,Indic Riverine,101,Hide Working and Tailored Clothing,19
-5000,initial,5,North mitnalpur Tribe,Indic Riverine,102,Hafted Stone Tools,19
-5000,initial,5,North mitnalpur Tribe,Indic Riverine,105,Food Preservation,19
-5000,initial,5,North mitnalpur Tribe,Indic Riverine,106,Storage Pits and Containers,19
-5000,initial,5,North mitnalpur Tribe,Indic Riverine,107,Seasonal Aggregation Camps,19
-5000,initial,5,North mitnalpur Tribe,Indic Riverine,110,Dog Domestication,19
-5000,initial,5,North mitnalpur Tribe,Indic Riverine,111,Grinding Stones,19
-5000,initial,5,North mitnalpur Tribe,Indic Riverine,112,Proto-cultivation,19
-5000,initial,5,North mitnalpur Tribe,Indic Riverine,113,Sedentism,19
-5000,initial,5,North mitnalpur Tribe,Indic Riverine,114,Enclosures and Herd Management,19
-5000,initial,5,North mitnalpur Tribe,Indic Riverine,115,Counting Tokens and Tallies,19
-5000,initial,5,North mitnalpur Tribe,Indic Riverine,116,Charcoal Firing,19
-5000,initial,5,North mitnalpur Tribe,Indic Riverine,1,Pottery,19
-5000,initial,5,North mitnalpur Tribe,Indic Riverine,2,Animal Husbandry,19
-5000,initial,5,North mitnalpur Tribe,Indic Riverine,4,Mining,19
-5000,initial,5,North mitnalpur Tribe,Indic Riverine,20,Agriculture,19
-5000,initial,5,North mitnalpur Tribe,Indic Riverine,3,Archery,19
-5000,initial,5,North mitnalpur Tribe,Indic Riverine,6,Calendar,19
-5000,initial,7,Old kanvarvara Tribe,Indic Riverine,100,Cordage and Knots,19
-5000,initial,7,Old kanvarvara Tribe,Indic Riverine,101,Hide Working and Tailored Clothing,19
-5000,initial,7,Old kanvarvara Tribe,Indic Riverine,102,Hafted Stone Tools,19
-5000,initial,7,Old kanvarvara Tribe,Indic Riverine,105,Food Preservation,19
-5000,initial,7,Old kanvarvara Tribe,Indic Riverine,106,Storage Pits and Containers,19
-5000,initial,7,Old kanvarvara Tribe,Indic Riverine,107,Seasonal Aggregation Camps,19
-5000,initial,7,Old kanvarvara Tribe,Indic Riverine,110,Dog Domestication,19
-5000,initial,7,Old kanvarvara Tribe,Indic Riverine,111,Grinding Stones,19
-5000,initial,7,Old kanvarvara Tribe,Indic Riverine,112,Proto-cultivation,19
-5000,initial,7,Old kanvarvara Tribe,Indic Riverine,113,Sedentism,19
-5000,initial,7,Old kanvarvara Tribe,Indic Riverine,114,Enclosures and Herd Management,19
-5000,initial,7,Old kanvarvara Tribe,Indic Riverine,115,Counting Tokens and Tallies,19
-5000,initial,7,Old kanvarvara Tribe,Indic Riverine,116,Charcoal Firing,19
-5000,initial,7,Old kanvarvara Tribe,Indic Riverine,1,Pottery,19
-5000,initial,7,Old kanvarvara Tribe,Indic Riverine,2,Animal Husbandry,19
-5000,initial,7,Old kanvarvara Tribe,Indic Riverine,4,Mining,19
-5000,initial,7,Old kanvarvara Tribe,Indic Riverine,20,Agriculture,19
-5000,initial,7,Old kanvarvara Tribe,Indic Riverine,3,Archery,19
-5000,initial,7,Old kanvarvara Tribe,Indic Riverine,6,Calendar,19
-5000,initial,8,New kanvivarnagar Tribe,Indic Riverine,100,Cordage and Knots,19
-5000,initial,8,New kanvivarnagar Tribe,Indic Riverine,101,Hide Working and Tailored Clothing,19
-5000,initial,8,New kanvivarnagar Tribe,Indic Riverine,102,Hafted Stone Tools,19
-5000,initial,8,New kanvivarnagar Tribe,Indic Riverine,105,Food Preservation,19
-5000,initial,8,New kanvivarnagar Tribe,Indic Riverine,106,Storage Pits and Containers,19
-5000,initial,8,New kanvivarnagar Tribe,Indic Riverine,107,Seasonal Aggregation Camps,19
-5000,initial,8,New kanvivarnagar Tribe,Indic Riverine,110,Dog Domestication,19
-5000,initial,8,New kanvivarnagar Tribe,Indic Riverine,111,Grinding Stones,19
-5000,initial,8,New kanvivarnagar Tribe,Indic Riverine,112,Proto-cultivation,19
-5000,initial,8,New kanvivarnagar Tribe,Indic Riverine,113,Sedentism,19
-5000,initial,8,New kanvivarnagar Tribe,Indic Riverine,114,Enclosures and Herd Management,19
-5000,initial,8,New kanvivarnagar Tribe,Indic Riverine,115,Counting Tokens and Tallies,19
-5000,initial,8,New kanvivarnagar Tribe,Indic Riverine,116,Charcoal Firing,19
-5000,initial,8,New kanvivarnagar Tribe,Indic Riverine,1,Pottery,19
-5000,initial,8,New kanvivarnagar Tribe,Indic Riverine,2,Animal Husbandry,19
-5000,initial,8,New kanvivarnagar Tribe,Indic Riverine,4,Mining,19
-5000,initial,8,New kanvivarnagar Tribe,Indic Riverine,20,Agriculture,19
-5000,initial,8,New kanvivarnagar Tribe,Indic Riverine,3,Archery,19
-5000,initial,8,New kanvivarnagar Tribe,Indic Riverine,6,Calendar,19
-5000,initial,9,New mitkansurnagar Tribe,Indic Riverine,100,Cordage and Knots,19
-5000,initial,9,New mitkansurnagar Tribe,Indic Riverine,101,Hide Working and Tailored Clothing,19
-5000,initial,9,New mitkansurnagar Tribe,Indic Riverine,102,Hafted Stone Tools,19
-5000,initial,9,New mitkansurnagar Tribe,Indic Riverine,105,Food Preservation,19
-5000,initial,9,New mitkansurnagar Tribe,Indic Riverine,106,Storage Pits and Containers,19
-5000,initial,9,New mitkansurnagar Tribe,Indic Riverine,107,Seasonal Aggregation Camps,19
-5000,initial,9,New mitkansurnagar Tribe,Indic Riverine,110,Dog Domestication,19
-5000,initial,9,New mitkansurnagar Tribe,Indic Riverine,111,Grinding Stones,19
-5000,initial,9,New mitkansurnagar Tribe,Indic Riverine,112,Proto-cultivation,19
-5000,initial,9,New mitkansurnagar Tribe,Indic Riverine,113,Sedentism,19
-5000,initial,9,New mitkansurnagar Tribe,Indic Riverine,114,Enclosures and Herd Management,19
-5000,initial,9,New mitkansurnagar Tribe,Indic Riverine,115,Counting Tokens and Tallies,19
-5000,initial,9,New mitkansurnagar Tribe,Indic Riverine,116,Charcoal Firing,19
-5000,initial,9,New mitkansurnagar Tribe,Indic Riverine,1,Pottery,19
-5000,initial,9,New mitkansurnagar Tribe,Indic Riverine,2,Animal Husbandry,19
-5000,initial,9,New mitkansurnagar Tribe,Indic Riverine,4,Mining,19
-5000,initial,9,New mitkansurnagar Tribe,Indic Riverine,20,Agriculture,19
-5000,initial,9,New mitkansurnagar Tribe,Indic Riverine,3,Archery,19
-5000,initial,9,New mitkansurnagar Tribe,Indic Riverine,6,Calendar,19
-5000,initial,10,New varravardesh Tribe,Indic Riverine,100,Cordage and Knots,19
-5000,initial,10,New varravardesh Tribe,Indic Riverine,101,Hide Working and Tailored Clothing,19
-5000,initial,10,New varravardesh Tribe,Indic Riverine,102,Hafted Stone Tools,19
-5000,initial,10,New varravardesh Tribe,Indic Riverine,105,Food Preservation,19
-5000,initial,10,New varravardesh Tribe,Indic Riverine,106,Storage Pits and Containers,19
-5000,initial,10,New varravardesh Tribe,Indic Riverine,107,Seasonal Aggregation Camps,19
-5000,initial,10,New varravardesh Tribe,Indic Riverine,110,Dog Domestication,19
-5000,initial,10,New varravardesh Tribe,Indic Riverine,111,Grinding Stones,19
-5000,initial,10,New varravardesh Tribe,Indic Riverine,112,Proto-cultivation,19
-5000,initial,10,New varravardesh Tribe,Indic Riverine,113,Sedentism,19
-5000,initial,10,New varravardesh Tribe,Indic Riverine,114,Enclosures and Herd Management,19
-5000,initial,10,New varravardesh Tribe,Indic Riverine,115,Counting Tokens and Tallies,19
-5000,initial,10,New varravardesh Tribe,Indic Riverine,116,Charcoal Firing,19
-5000,initial,10,New varravardesh Tribe,Indic Riverine,1,Pottery,19
-5000,initial,10,New varravardesh Tribe,Indic Riverine,2,Animal Husbandry,19
-5000,initial,10,New varravardesh Tribe,Indic Riverine,4,Mining,19
-5000,initial,10,New varravardesh Tribe,Indic Riverine,20,Agriculture,19
-5000,initial,10,New varravardesh Tribe,Indic Riverine,3,Archery,19
-5000,initial,10,New varravardesh Tribe,Indic Riverine,6,Calendar,19
-5000,initial,11,Shadradesh Tribe,Indic Riverine,100,Cordage and Knots,19
-5000,initial,11,Shadradesh Tribe,Indic Riverine,101,Hide Working and Tailored Clothing,19
-5000,initial,11,Shadradesh Tribe,Indic Riverine,102,Hafted Stone Tools,19
-5000,initial,11,Shadradesh Tribe,Indic Riverine,105,Food Preservation,19
-5000,initial,11,Shadradesh Tribe,Indic Riverine,106,Storage Pits and Containers,19
-5000,initial,11,Shadradesh Tribe,Indic Riverine,107,Seasonal Aggregation Camps,19
-5000,initial,11,Shadradesh Tribe,Indic Riverine,110,Dog Domestication,19
-5000,initial,11,Shadradesh Tribe,Indic Riverine,111,Grinding Stones,19
-5000,initial,11,Shadradesh Tribe,Indic Riverine,112,Proto-cultivation,19
-5000,initial,11,Shadradesh Tribe,Indic Riverine,113,Sedentism,19
-5000,initial,11,Shadradesh Tribe,Indic Riverine,114,Enclosures and Herd Management,19
-5000,initial,11,Shadradesh Tribe,Indic Riverine,115,Counting Tokens and Tallies,19
-5000,initial,11,Shadradesh Tribe,Indic Riverine,116,Charcoal Firing,19
-5000,initial,11,Shadradesh Tribe,Indic Riverine,1,Pottery,19
-5000,initial,11,Shadradesh Tribe,Indic Riverine,2,Animal Husbandry,19
-5000,initial,11,Shadradesh Tribe,Indic Riverine,4,Mining,19
-5000,initial,11,Shadradesh Tribe,Indic Riverine,20,Agriculture,19
-5000,initial,11,Shadradesh Tribe,Indic Riverine,3,Archery,19
-5000,initial,11,Shadradesh Tribe,Indic Riverine,6,Calendar,19
-5000,initial,12,North shavartandesh Tribe,Indic Riverine,100,Cordage and Knots,19
-5000,initial,12,North shavartandesh Tribe,Indic Riverine,101,Hide Working and Tailored Clothing,19
-5000,initial,12,North shavartandesh Tribe,Indic Riverine,102,Hafted Stone Tools,19
-5000,initial,12,North shavartandesh Tribe,Indic Riverine,105,Food Preservation,19
-5000,initial,12,North shavartandesh Tribe,Indic Riverine,106,Storage Pits and Containers,19
-5000,initial,12,North shavartandesh Tribe,Indic Riverine,107,Seasonal Aggregation Camps,19
-5000,initial,12,North shavartandesh Tribe,Indic Riverine,110,Dog Domestication,19
-5000,initial,12,North shavartandesh Tribe,Indic Riverine,111,Grinding Stones,19
-5000,initial,12,North shavartandesh Tribe,Indic Riverine,112,Proto-cultivation,19
-5000,initial,12,North shavartandesh Tribe,Indic Riverine,113,Sedentism,19
-5000,initial,12,North shavartandesh Tribe,Indic Riverine,114,Enclosures and Herd Management,19
-5000,initial,12,North shavartandesh Tribe,Indic Riverine,115,Counting Tokens and Tallies,19
-5000,initial,12,North shavartandesh Tribe,Indic Riverine,116,Charcoal Firing,19
-5000,initial,12,North shavartandesh Tribe,Indic Riverine,1,Pottery,19
-5000,initial,12,North shavartandesh Tribe,Indic Riverine,2,Animal Husbandry,19
-5000,initial,12,North shavartandesh Tribe,Indic Riverine,4,Mining,19
-5000,initial,12,North shavartandesh Tribe,Indic Riverine,20,Agriculture,19
-5000,initial,12,North shavartandesh Tribe,Indic Riverine,3,Archery,19
-5000,initial,12,North shavartandesh Tribe,Indic Riverine,6,Calendar,19
-5000,initial,13,South mitnalpur Tribe,Indic Riverine,100,Cordage and Knots,19
-5000,initial,13,South mitnalpur Tribe,Indic Riverine,101,Hide Working and Tailored Clothing,19
-5000,initial,13,South mitnalpur Tribe,Indic Riverine,102,Hafted Stone Tools,19
-5000,initial,13,South mitnalpur Tribe,Indic Riverine,105,Food Preservation,19
-5000,initial,13,South mitnalpur Tribe,Indic Riverine,106,Storage Pits and Containers,19
-5000,initial,13,South mitnalpur Tribe,Indic Riverine,107,Seasonal Aggregation Camps,19
-5000,initial,13,South mitnalpur Tribe,Indic Riverine,110,Dog Domestication,19
-5000,initial,13,South mitnalpur Tribe,Indic Riverine,111,Grinding Stones,19
-5000,initial,13,South mitnalpur Tribe,Indic Riverine,112,Proto-cultivation,19
-5000,initial,13,South mitnalpur Tribe,Indic Riverine,113,Sedentism,19
-5000,initial,13,South mitnalpur Tribe,Indic Riverine,114,Enclosures and Herd Management,19
-5000,initial,13,South mitnalpur Tribe,Indic Riverine,115,Counting Tokens and Tallies,19
-5000,initial,13,South mitnalpur Tribe,Indic Riverine,116,Charcoal Firing,19
-5000,initial,13,South mitnalpur Tribe,Indic Riverine,1,Pottery,19
-5000,initial,13,South mitnalpur Tribe,Indic Riverine,2,Animal Husbandry,19
-5000,initial,13,South mitnalpur Tribe,Indic Riverine,4,Mining,19
-5000,initial,13,South mitnalpur Tribe,Indic Riverine,20,Agriculture,19
-5000,initial,13,South mitnalpur Tribe,Indic Riverine,3,Archery,19
-5000,initial,13,South mitnalpur Tribe,Indic Riverine,6,Calendar,19
-5000,initial,14,North qinweiweizhou Tribe,East Riverine,100,Cordage and Knots,19
-5000,initial,14,North qinweiweizhou Tribe,East Riverine,101,Hide Working and Tailored Clothing,19
-5000,initial,14,North qinweiweizhou Tribe,East Riverine,102,Hafted Stone Tools,19
-5000,initial,14,North qinweiweizhou Tribe,East Riverine,105,Food Preservation,19
-5000,initial,14,North qinweiweizhou Tribe,East Riverine,106,Storage Pits and Containers,19
-5000,initial,14,North qinweiweizhou Tribe,East Riverine,107,Seasonal Aggregation Camps,19
-5000,initial,14,North qinweiweizhou Tribe,East Riverine,110,Dog Domestication,19
-5000,initial,14,North qinweiweizhou Tribe,East Riverine,111,Grinding Stones,19
-5000,initial,14,North qinweiweizhou Tribe,East Riverine,112,Proto-cultivation,19
-5000,initial,14,North qinweiweizhou Tribe,East Riverine,113,Sedentism,19
-5000,initial,14,North qinweiweizhou Tribe,East Riverine,114,Enclosures and Herd Management,19
-5000,initial,14,North qinweiweizhou Tribe,East Riverine,115,Counting Tokens and Tallies,19
-5000,initial,14,North qinweiweizhou Tribe,East Riverine,116,Charcoal Firing,19
-5000,initial,14,North qinweiweizhou Tribe,East Riverine,1,Pottery,19
-5000,initial,14,North qinweiweizhou Tribe,East Riverine,2,Animal Husbandry,19
-5000,initial,14,North qinweiweizhou Tribe,East Riverine,4,Mining,19
-5000,initial,14,North qinweiweizhou Tribe,East Riverine,20,Agriculture,19
-5000,initial,14,North qinweiweizhou Tribe,East Riverine,3,Archery,19
-5000,initial,14,North qinweiweizhou Tribe,East Riverine,6,Calendar,19
-5000,initial,15,Linhanrenguo Tribe,East Riverine,100,Cordage and Knots,19
-5000,initial,15,Linhanrenguo Tribe,East Riverine,101,Hide Working and Tailored Clothing,19
-5000,initial,15,Linhanrenguo Tribe,East Riverine,102,Hafted Stone Tools,19
-5000,initial,15,Linhanrenguo Tribe,East Riverine,105,Food Preservation,19
-5000,initial,15,Linhanrenguo Tribe,East Riverine,106,Storage Pits and Containers,19
-5000,initial,15,Linhanrenguo Tribe,East Riverine,107,Seasonal Aggregation Camps,19
-5000,initial,15,Linhanrenguo Tribe,East Riverine,110,Dog Domestication,19
-5000,initial,15,Linhanrenguo Tribe,East Riverine,111,Grinding Stones,19
-5000,initial,15,Linhanrenguo Tribe,East Riverine,112,Proto-cultivation,19
-5000,initial,15,Linhanrenguo Tribe,East Riverine,113,Sedentism,19
-5000,initial,15,Linhanrenguo Tribe,East Riverine,114,Enclosures and Herd Management,19
-5000,initial,15,Linhanrenguo Tribe,East Riverine,115,Counting Tokens and Tallies,19
-5000,initial,15,Linhanrenguo Tribe,East Riverine,116,Charcoal Firing,19
-5000,initial,15,Linhanrenguo Tribe,East Riverine,1,Pottery,19
-5000,initial,15,Linhanrenguo Tribe,East Riverine,2,Animal Husbandry,19
-5000,initial,15,Linhanrenguo Tribe,East Riverine,4,Mining,19
-5000,initial,15,Linhanrenguo Tribe,East Riverine,20,Agriculture,19
-5000,initial,15,Linhanrenguo Tribe,East Riverine,3,Archery,19
-5000,initial,15,Linhanrenguo Tribe,East Riverine,6,Calendar,19
-5000,initial,16,South zhoweihanshan Tribe,East Riverine,100,Cordage and Knots,19
-5000,initial,16,South zhoweihanshan Tribe,East Riverine,101,Hide Working and Tailored Clothing,19
-5000,initial,16,South zhoweihanshan Tribe,East Riverine,102,Hafted Stone Tools,19
-5000,initial,16,South zhoweihanshan Tribe,East Riverine,105,Food Preservation,19
-5000,initial,16,South zhoweihanshan Tribe,East Riverine,106,Storage Pits and Containers,19
-5000,initial,16,South zhoweihanshan Tribe,East Riverine,107,Seasonal Aggregation Camps,19
-5000,initial,16,South zhoweihanshan Tribe,East Riverine,110,Dog Domestication,19
-5000,initial,16,South zhoweihanshan Tribe,East Riverine,111,Grinding Stones,19
-5000,initial,16,South zhoweihanshan Tribe,East Riverine,112,Proto-cultivation,19
-5000,initial,16,South zhoweihanshan Tribe,East Riverine,113,Sedentism,19
-5000,initial,16,South zhoweihanshan Tribe,East Riverine,114,Enclosures and Herd Management,19
-5000,initial,16,South zhoweihanshan Tribe,East Riverine,115,Counting Tokens and Tallies,19
-5000,initial,16,South zhoweihanshan Tribe,East Riverine,116,Charcoal Firing,19
-5000,initial,16,South zhoweihanshan Tribe,East Riverine,1,Pottery,19
-5000,initial,16,South zhoweihanshan Tribe,East Riverine,2,Animal Husbandry,19
-5000,initial,16,South zhoweihanshan Tribe,East Riverine,4,Mining,19
-5000,initial,16,South zhoweihanshan Tribe,East Riverine,20,Agriculture,19
-5000,initial,16,South zhoweihanshan Tribe,East Riverine,3,Archery,19
-5000,initial,16,South zhoweihanshan Tribe,East Riverine,6,Calendar,19
-5000,initial,17,North zhoxia Tribe,East Riverine,100,Cordage and Knots,19
-5000,initial,17,North zhoxia Tribe,East Riverine,101,Hide Working and Tailored Clothing,19
-5000,initial,17,North zhoxia Tribe,East Riverine,102,Hafted Stone Tools,19
-5000,initial,17,North zhoxia Tribe,East Riverine,105,Food Preservation,19
-5000,initial,17,North zhoxia Tribe,East Riverine,106,Storage Pits and Containers,19
-5000,initial,17,North zhoxia Tribe,East Riverine,107,Seasonal Aggregation Camps,19
-5000,initial,17,North zhoxia Tribe,East Riverine,110,Dog Domestication,19
-5000,initial,17,North zhoxia Tribe,East Riverine,111,Grinding Stones,19
-5000,initial,17,North zhoxia Tribe,East Riverine,112,Proto-cultivation,19
-5000,initial,17,North zhoxia Tribe,East Riverine,113,Sedentism,19
-5000,initial,17,North zhoxia Tribe,East Riverine,114,Enclosures and Herd Management,19
-5000,initial,17,North zhoxia Tribe,East Riverine,115,Counting Tokens and Tallies,19
-5000,initial,17,North zhoxia Tribe,East Riverine,116,Charcoal Firing,19
-5000,initial,17,North zhoxia Tribe,East Riverine,1,Pottery,19
-5000,initial,17,North zhoxia Tribe,East Riverine,2,Animal Husbandry,19
-5000,initial,17,North zhoxia Tribe,East Riverine,4,Mining,19
-5000,initial,17,North zhoxia Tribe,East Riverine,20,Agriculture,19
-5000,initial,17,North zhoxia Tribe,East Riverine,3,Archery,19
-5000,initial,17,North zhoxia Tribe,East Riverine,6,Calendar,19
-5000,initial,18,Hanweiguo Tribe,East Riverine,100,Cordage and Knots,19
-5000,initial,18,Hanweiguo Tribe,East Riverine,101,Hide Working and Tailored Clothing,19
-5000,initial,18,Hanweiguo Tribe,East Riverine,102,Hafted Stone Tools,19
-5000,initial,18,Hanweiguo Tribe,East Riverine,105,Food Preservation,19
-5000,initial,18,Hanweiguo Tribe,East Riverine,106,Storage Pits and Containers,19
-5000,initial,18,Hanweiguo Tribe,East Riverine,107,Seasonal Aggregation Camps,19
-5000,initial,18,Hanweiguo Tribe,East Riverine,110,Dog Domestication,19
-5000,initial,18,Hanweiguo Tribe,East Riverine,111,Grinding Stones,19
-5000,initial,18,Hanweiguo Tribe,East Riverine,112,Proto-cultivation,19
-5000,initial,18,Hanweiguo Tribe,East Riverine,113,Sedentism,19
-5000,initial,18,Hanweiguo Tribe,East Riverine,114,Enclosures and Herd Management,19
-5000,initial,18,Hanweiguo Tribe,East Riverine,115,Counting Tokens and Tallies,19
-5000,initial,18,Hanweiguo Tribe,East Riverine,116,Charcoal Firing,19
-5000,initial,18,Hanweiguo Tribe,East Riverine,1,Pottery,19
-5000,initial,18,Hanweiguo Tribe,East Riverine,2,Animal Husbandry,19
-5000,initial,18,Hanweiguo Tribe,East Riverine,4,Mining,19
-5000,initial,18,Hanweiguo Tribe,East Riverine,20,Agriculture,19
-5000,initial,18,Hanweiguo Tribe,East Riverine,3,Archery,19
-5000,initial,18,Hanweiguo Tribe,East Riverine,6,Calendar,19
-5000,initial,19,New linqinren Tribe,East Riverine,100,Cordage and Knots,19
-5000,initial,19,New linqinren Tribe,East Riverine,101,Hide Working and Tailored Clothing,19
-5000,initial,19,New linqinren Tribe,East Riverine,102,Hafted Stone Tools,19
-5000,initial,19,New linqinren Tribe,East Riverine,105,Food Preservation,19
-5000,initial,19,New linqinren Tribe,East Riverine,106,Storage Pits and Containers,19
-5000,initial,19,New linqinren Tribe,East Riverine,107,Seasonal Aggregation Camps,19
-5000,initial,19,New linqinren Tribe,East Riverine,110,Dog Domestication,19
-5000,initial,19,New linqinren Tribe,East Riverine,111,Grinding Stones,19
-5000,initial,19,New linqinren Tribe,East Riverine,112,Proto-cultivation,19
-5000,initial,19,New linqinren Tribe,East Riverine,113,Sedentism,19
-5000,initial,19,New linqinren Tribe,East Riverine,114,Enclosures and Herd Management,19
-5000,initial,19,New linqinren Tribe,East Riverine,115,Counting Tokens and Tallies,19
-5000,initial,19,New linqinren Tribe,East Riverine,116,Charcoal Firing,19
-5000,initial,19,New linqinren Tribe,East Riverine,1,Pottery,19
-5000,initial,19,New linqinren Tribe,East Riverine,2,Animal Husbandry,19
-5000,initial,19,New linqinren Tribe,East Riverine,4,Mining,19
-5000,initial,19,New linqinren Tribe,East Riverine,20,Agriculture,19
-5000,initial,19,New linqinren Tribe,East Riverine,3,Archery,19
-5000,initial,19,New linqinren Tribe,East Riverine,6,Calendar,19
-5000,initial,20,South liren Tribe,East Riverine,100,Cordage and Knots,19
-5000,initial,20,South liren Tribe,East Riverine,101,Hide Working and Tailored Clothing,19
-5000,initial,20,South liren Tribe,East Riverine,102,Hafted Stone Tools,19
-5000,initial,20,South liren Tribe,East Riverine,105,Food Preservation,19
-5000,initial,20,South liren Tribe,East Riverine,106,Storage Pits and Containers,19
-5000,initial,20,South liren Tribe,East Riverine,107,Seasonal Aggregation Camps,19
-5000,initial,20,South liren Tribe,East Riverine,110,Dog Domestication,19
-5000,initial,20,South liren Tribe,East Riverine,111,Grinding Stones,19
-5000,initial,20,South liren Tribe,East Riverine,112,Proto-cultivation,19
-5000,initial,20,South liren Tribe,East Riverine,113,Sedentism,19
-5000,initial,20,South liren Tribe,East Riverine,114,Enclosures and Herd Management,19
-5000,initial,20,South liren Tribe,East Riverine,115,Counting Tokens and Tallies,19
-5000,initial,20,South liren Tribe,East Riverine,116,Charcoal Firing,19
-5000,initial,20,South liren Tribe,East Riverine,1,Pottery,19
-5000,initial,20,South liren Tribe,East Riverine,2,Animal Husbandry,19
-5000,initial,20,South liren Tribe,East Riverine,4,Mining,19
-5000,initial,20,South liren Tribe,East Riverine,20,Agriculture,19
-5000,initial,20,South liren Tribe,East Riverine,3,Archery,19
-5000,initial,20,South liren Tribe,East Riverine,6,Calendar,19
-5000,initial,21,Great linzholinling Tribe,East Riverine,100,Cordage and Knots,19
-5000,initial,21,Great linzholinling Tribe,East Riverine,101,Hide Working and Tailored Clothing,19
-5000,initial,21,Great linzholinling Tribe,East Riverine,102,Hafted Stone Tools,19
-5000,initial,21,Great linzholinling Tribe,East Riverine,105,Food Preservation,19
-5000,initial,21,Great linzholinling Tribe,East Riverine,106,Storage Pits and Containers,19
-5000,initial,21,Great linzholinling Tribe,East Riverine,107,Seasonal Aggregation Camps,19
-5000,initial,21,Great linzholinling Tribe,East Riverine,110,Dog Domestication,19
-5000,initial,21,Great linzholinling Tribe,East Riverine,111,Grinding Stones,19
-5000,initial,21,Great linzholinling Tribe,East Riverine,112,Proto-cultivation,19
-5000,initial,21,Great linzholinling Tribe,East Riverine,113,Sedentism,19
-5000,initial,21,Great linzholinling Tribe,East Riverine,114,Enclosures and Herd Management,19
-5000,initial,21,Great linzholinling Tribe,East Riverine,115,Counting Tokens and Tallies,19
-5000,initial,21,Great linzholinling Tribe,East Riverine,116,Charcoal Firing,19
-5000,initial,21,Great linzholinling Tribe,East Riverine,1,Pottery,19
-5000,initial,21,Great linzholinling Tribe,East Riverine,2,Animal Husbandry,19
-5000,initial,21,Great linzholinling Tribe,East Riverine,4,Mining,19
-5000,initial,21,Great linzholinling Tribe,East Riverine,20,Agriculture,19
-5000,initial,21,Great linzholinling Tribe,East Riverine,3,Archery,19
-5000,initial,21,Great linzholinling Tribe,East Riverine,6,Calendar,19
-5000,initial,22,North qinlinling Tribe,East Riverine,100,Cordage and Knots,19
-5000,initial,22,North qinlinling Tribe,East Riverine,101,Hide Working and Tailored Clothing,19
-5000,initial,22,North qinlinling Tribe,East Riverine,102,Hafted Stone Tools,19
-5000,initial,22,North qinlinling Tribe,East Riverine,105,Food Preservation,19
-5000,initial,22,North qinlinling Tribe,East Riverine,106,Storage Pits and Containers,19
-5000,initial,22,North qinlinling Tribe,East Riverine,107,Seasonal Aggregation Camps,19
-5000,initial,22,North qinlinling Tribe,East Riverine,110,Dog Domestication,19
-5000,initial,22,North qinlinling Tribe,East Riverine,111,Grinding Stones,19
-5000,initial,22,North qinlinling Tribe,East Riverine,112,Proto-cultivation,19
-5000,initial,22,North qinlinling Tribe,East Riverine,113,Sedentism,19
-5000,initial,22,North qinlinling Tribe,East Riverine,114,Enclosures and Herd Management,19
-5000,initial,22,North qinlinling Tribe,East Riverine,115,Counting Tokens and Tallies,19
-5000,initial,22,North qinlinling Tribe,East Riverine,116,Charcoal Firing,19
-5000,initial,22,North qinlinling Tribe,East Riverine,1,Pottery,19
-5000,initial,22,North qinlinling Tribe,East Riverine,2,Animal Husbandry,19
-5000,initial,22,North qinlinling Tribe,East Riverine,4,Mining,19
-5000,initial,22,North qinlinling Tribe,East Riverine,20,Agriculture,19
-5000,initial,22,North qinlinling Tribe,East Riverine,3,Archery,19
-5000,initial,22,North qinlinling Tribe,East Riverine,6,Calendar,19
-5000,initial,23,Great linrenweishan Tribe,East Riverine,100,Cordage and Knots,19
-5000,initial,23,Great linrenweishan Tribe,East Riverine,101,Hide Working and Tailored Clothing,19
-5000,initial,23,Great linrenweishan Tribe,East Riverine,102,Hafted Stone Tools,19
-5000,initial,23,Great linrenweishan Tribe,East Riverine,105,Food Preservation,19
-5000,initial,23,Great linrenweishan Tribe,East Riverine,106,Storage Pits and Containers,19
-5000,initial,23,Great linrenweishan Tribe,East Riverine,107,Seasonal Aggregation Camps,19
-5000,initial,23,Great linrenweishan Tribe,East Riverine,110,Dog Domestication,19
-5000,initial,23,Great linrenweishan Tribe,East Riverine,111,Grinding Stones,19
-5000,initial,23,Great linrenweishan Tribe,East Riverine,112,Proto-cultivation,19
-5000,initial,23,Great linrenweishan Tribe,East Riverine,113,Sedentism,19
-5000,initial,23,Great linrenweishan Tribe,East Riverine,114,Enclosures and Herd Management,19
-5000,initial,23,Great linrenweishan Tribe,East Riverine,115,Counting Tokens and Tallies,19
-5000,initial,23,Great linrenweishan Tribe,East Riverine,116,Charcoal Firing,19
-5000,initial,23,Great linrenweishan Tribe,East Riverine,1,Pottery,19
-5000,initial,23,Great linrenweishan Tribe,East Riverine,2,Animal Husbandry,19
-5000,initial,23,Great linrenweishan Tribe,East Riverine,4,Mining,19
-5000,initial,23,Great linrenweishan Tribe,East Riverine,20,Agriculture,19
-5000,initial,23,Great linrenweishan Tribe,East Riverine,3,Archery,19
-5000,initial,23,Great linrenweishan Tribe,East Riverine,6,Calendar,19
-5000,initial,24,South renxia Tribe,East Riverine,100,Cordage and Knots,19
-5000,initial,24,South renxia Tribe,East Riverine,101,Hide Working and Tailored Clothing,19
-5000,initial,24,South renxia Tribe,East Riverine,102,Hafted Stone Tools,19
-5000,initial,24,South renxia Tribe,East Riverine,105,Food Preservation,19
-5000,initial,24,South renxia Tribe,East Riverine,106,Storage Pits and Containers,19
-5000,initial,24,South renxia Tribe,East Riverine,107,Seasonal Aggregation Camps,19
-5000,initial,24,South renxia Tribe,East Riverine,110,Dog Domestication,19
-5000,initial,24,South renxia Tribe,East Riverine,111,Grinding Stones,19
-5000,initial,24,South renxia Tribe,East Riverine,112,Proto-cultivation,19
-5000,initial,24,South renxia Tribe,East Riverine,113,Sedentism,19
-5000,initial,24,South renxia Tribe,East Riverine,114,Enclosures and Herd Management,19
-5000,initial,24,South renxia Tribe,East Riverine,115,Counting Tokens and Tallies,19
-5000,initial,24,South renxia Tribe,East Riverine,116,Charcoal Firing,19
-5000,initial,24,South renxia Tribe,East Riverine,1,Pottery,19
-5000,initial,24,South renxia Tribe,East Riverine,2,Animal Husbandry,19
-5000,initial,24,South renxia Tribe,East Riverine,4,Mining,19
-5000,initial,24,South renxia Tribe,East Riverine,20,Agriculture,19
-5000,initial,24,South renxia Tribe,East Riverine,3,Archery,19
-5000,initial,24,South renxia Tribe,East Riverine,6,Calendar,19
-5000,initial,25,North linxiaguo Tribe,East Riverine,100,Cordage and Knots,19
-5000,initial,25,North linxiaguo Tribe,East Riverine,101,Hide Working and Tailored Clothing,19
-5000,initial,25,North linxiaguo Tribe,East Riverine,102,Hafted Stone Tools,19
-5000,initial,25,North linxiaguo Tribe,East Riverine,105,Food Preservation,19
-5000,initial,25,North linxiaguo Tribe,East Riverine,106,Storage Pits and Containers,19
-5000,initial,25,North linxiaguo Tribe,East Riverine,107,Seasonal Aggregation Camps,19
-5000,initial,25,North linxiaguo Tribe,East Riverine,110,Dog Domestication,19
-5000,initial,25,North linxiaguo Tribe,East Riverine,111,Grinding Stones,19
-5000,initial,25,North linxiaguo Tribe,East Riverine,112,Proto-cultivation,19
-5000,initial,25,North linxiaguo Tribe,East Riverine,113,Sedentism,19
-5000,initial,25,North linxiaguo Tribe,East Riverine,114,Enclosures and Herd Management,19
-5000,initial,25,North linxiaguo Tribe,East Riverine,115,Counting Tokens and Tallies,19
-5000,initial,25,North linxiaguo Tribe,East Riverine,116,Charcoal Firing,19
-5000,initial,25,North linxiaguo Tribe,East Riverine,1,Pottery,19
-5000,initial,25,North linxiaguo Tribe,East Riverine,2,Animal Husbandry,19
-5000,initial,25,North linxiaguo Tribe,East Riverine,4,Mining,19
-5000,initial,25,North linxiaguo Tribe,East Riverine,20,Agriculture,19
-5000,initial,25,North linxiaguo Tribe,East Riverine,3,Archery,19
-5000,initial,25,North linxiaguo Tribe,East Riverine,6,Calendar,19
-5000,initial,26,Great renrenlinguo Tribe,East Riverine,100,Cordage and Knots,19
-5000,initial,26,Great renrenlinguo Tribe,East Riverine,101,Hide Working and Tailored Clothing,19
-5000,initial,26,Great renrenlinguo Tribe,East Riverine,102,Hafted Stone Tools,19
-5000,initial,26,Great renrenlinguo Tribe,East Riverine,105,Food Preservation,19
-5000,initial,26,Great renrenlinguo Tribe,East Riverine,106,Storage Pits and Containers,19
-5000,initial,26,Great renrenlinguo Tribe,East Riverine,107,Seasonal Aggregation Camps,19
-5000,initial,26,Great renrenlinguo Tribe,East Riverine,110,Dog Domestication,19
-5000,initial,26,Great renrenlinguo Tribe,East Riverine,111,Grinding Stones,19
-5000,initial,26,Great renrenlinguo Tribe,East Riverine,112,Proto-cultivation,19
-5000,initial,26,Great renrenlinguo Tribe,East Riverine,113,Sedentism,19
-5000,initial,26,Great renrenlinguo Tribe,East Riverine,114,Enclosures and Herd Management,19
-5000,initial,26,Great renrenlinguo Tribe,East Riverine,115,Counting Tokens and Tallies,19
-5000,initial,26,Great renrenlinguo Tribe,East Riverine,116,Charcoal Firing,19
-5000,initial,26,Great renrenlinguo Tribe,East Riverine,1,Pottery,19
-5000,initial,26,Great renrenlinguo Tribe,East Riverine,2,Animal Husbandry,19
-5000,initial,26,Great renrenlinguo Tribe,East Riverine,4,Mining,19
-5000,initial,26,Great renrenlinguo Tribe,East Riverine,20,Agriculture,19
-5000,initial,26,Great renrenlinguo Tribe,East Riverine,3,Archery,19
-5000,initial,26,Great renrenlinguo Tribe,East Riverine,6,Calendar,19
-5000,initial,27,North zholinshan Tribe,East Riverine,100,Cordage and Knots,19
-5000,initial,27,North zholinshan Tribe,East Riverine,101,Hide Working and Tailored Clothing,19
-5000,initial,27,North zholinshan Tribe,East Riverine,102,Hafted Stone Tools,19
-5000,initial,27,North zholinshan Tribe,East Riverine,105,Food Preservation,19
-5000,initial,27,North zholinshan Tribe,East Riverine,106,Storage Pits and Containers,19
-5000,initial,27,North zholinshan Tribe,East Riverine,107,Seasonal Aggregation Camps,19
-5000,initial,27,North zholinshan Tribe,East Riverine,110,Dog Domestication,19
-5000,initial,27,North zholinshan Tribe,East Riverine,111,Grinding Stones,19
-5000,initial,27,North zholinshan Tribe,East Riverine,112,Proto-cultivation,19
-5000,initial,27,North zholinshan Tribe,East Riverine,113,Sedentism,19
-5000,initial,27,North zholinshan Tribe,East Riverine,114,Enclosures and Herd Management,19
-5000,initial,27,North zholinshan Tribe,East Riverine,115,Counting Tokens and Tallies,19
-5000,initial,27,North zholinshan Tribe,East Riverine,116,Charcoal Firing,19
-5000,initial,27,North zholinshan Tribe,East Riverine,1,Pottery,19
-5000,initial,27,North zholinshan Tribe,East Riverine,2,Animal Husbandry,19
-5000,initial,27,North zholinshan Tribe,East Riverine,4,Mining,19
-5000,initial,27,North zholinshan Tribe,East Riverine,20,Agriculture,19
-5000,initial,27,North zholinshan Tribe,East Riverine,3,Archery,19
-5000,initial,27,North zholinshan Tribe,East Riverine,6,Calendar,19
-5000,initial,28,North beltamar Tribe,Fertile Crescent,100,Cordage and Knots,21
-5000,initial,28,North beltamar Tribe,Fertile Crescent,101,Hide Working and Tailored Clothing,21
-5000,initial,28,North beltamar Tribe,Fertile Crescent,102,Hafted Stone Tools,21
-5000,initial,28,North beltamar Tribe,Fertile Crescent,105,Food Preservation,21
-5000,initial,28,North beltamar Tribe,Fertile Crescent,106,Storage Pits and Containers,21
-5000,initial,28,North beltamar Tribe,Fertile Crescent,107,Seasonal Aggregation Camps,21
-5000,initial,28,North beltamar Tribe,Fertile Crescent,110,Dog Domestication,21
-5000,initial,28,North beltamar Tribe,Fertile Crescent,111,Grinding Stones,21
-5000,initial,28,North beltamar Tribe,Fertile Crescent,112,Proto-cultivation,21
-5000,initial,28,North beltamar Tribe,Fertile Crescent,113,Sedentism,21
-5000,initial,28,North beltamar Tribe,Fertile Crescent,114,Enclosures and Herd Management,21
-5000,initial,28,North beltamar Tribe,Fertile Crescent,115,Counting Tokens and Tallies,21
-5000,initial,28,North beltamar Tribe,Fertile Crescent,116,Charcoal Firing,21
-5000,initial,28,North beltamar Tribe,Fertile Crescent,1,Pottery,21
-5000,initial,28,North beltamar Tribe,Fertile Crescent,119,Native Copper Working,21
-5000,initial,28,North beltamar Tribe,Fertile Crescent,2,Animal Husbandry,21
-5000,initial,28,North beltamar Tribe,Fertile Crescent,4,Mining,21
-5000,initial,28,North beltamar Tribe,Fertile Crescent,20,Agriculture,21
-5000,initial,28,North beltamar Tribe,Fertile Crescent,3,Archery,21
-5000,initial,28,North beltamar Tribe,Fertile Crescent,6,Calendar,21
-5000,initial,28,North beltamar Tribe,Fertile Crescent,10,Irrigation,21
-5000,initial,29,Great ureshbarum Tribe,Fertile Crescent,100,Cordage and Knots,21
-5000,initial,29,Great ureshbarum Tribe,Fertile Crescent,101,Hide Working and Tailored Clothing,21
-5000,initial,29,Great ureshbarum Tribe,Fertile Crescent,102,Hafted Stone Tools,21
-5000,initial,29,Great ureshbarum Tribe,Fertile Crescent,105,Food Preservation,21
-5000,initial,29,Great ureshbarum Tribe,Fertile Crescent,106,Storage Pits and Containers,21
-5000,initial,29,Great ureshbarum Tribe,Fertile Crescent,107,Seasonal Aggregation Camps,21
-5000,initial,29,Great ureshbarum Tribe,Fertile Crescent,110,Dog Domestication,21
-5000,initial,29,Great ureshbarum Tribe,Fertile Crescent,111,Grinding Stones,21
-5000,initial,29,Great ureshbarum Tribe,Fertile Crescent,112,Proto-cultivation,21
-5000,initial,29,Great ureshbarum Tribe,Fertile Crescent,113,Sedentism,21
-5000,initial,29,Great ureshbarum Tribe,Fertile Crescent,114,Enclosures and Herd Management,21
-5000,initial,29,Great ureshbarum Tribe,Fertile Crescent,115,Counting Tokens and Tallies,21
-5000,initial,29,Great ureshbarum Tribe,Fertile Crescent,116,Charcoal Firing,21
-5000,initial,29,Great ureshbarum Tribe,Fertile Crescent,1,Pottery,21
-5000,initial,29,Great ureshbarum Tribe,Fertile Crescent,119,Native Copper Working,21
-5000,initial,29,Great ureshbarum Tribe,Fertile Crescent,2,Animal Husbandry,21
-5000,initial,29,Great ureshbarum Tribe,Fertile Crescent,4,Mining,21
-5000,initial,29,Great ureshbarum Tribe,Fertile Crescent,20,Agriculture,21
-5000,initial,29,Great ureshbarum Tribe,Fertile Crescent,3,Archery,21
-5000,initial,29,Great ureshbarum Tribe,Fertile Crescent,6,Calendar,21
-5000,initial,29,Great ureshbarum Tribe,Fertile Crescent,10,Irrigation,21
-5000,initial,30,North sameshbelar Tribe,Fertile Crescent,100,Cordage and Knots,21
-5000,initial,30,North sameshbelar Tribe,Fertile Crescent,101,Hide Working and Tailored Clothing,21
-5000,initial,30,North sameshbelar Tribe,Fertile Crescent,102,Hafted Stone Tools,21
-5000,initial,30,North sameshbelar Tribe,Fertile Crescent,105,Food Preservation,21
-5000,initial,30,North sameshbelar Tribe,Fertile Crescent,106,Storage Pits and Containers,21
-5000,initial,30,North sameshbelar Tribe,Fertile Crescent,107,Seasonal Aggregation Camps,21
-5000,initial,30,North sameshbelar Tribe,Fertile Crescent,110,Dog Domestication,21
-5000,initial,30,North sameshbelar Tribe,Fertile Crescent,111,Grinding Stones,21
-5000,initial,30,North sameshbelar Tribe,Fertile Crescent,112,Proto-cultivation,21
-5000,initial,30,North sameshbelar Tribe,Fertile Crescent,113,Sedentism,21
-5000,initial,30,North sameshbelar Tribe,Fertile Crescent,114,Enclosures and Herd Management,21
-5000,initial,30,North sameshbelar Tribe,Fertile Crescent,115,Counting Tokens and Tallies,21
-5000,initial,30,North sameshbelar Tribe,Fertile Crescent,116,Charcoal Firing,21
-5000,initial,30,North sameshbelar Tribe,Fertile Crescent,1,Pottery,21
-5000,initial,30,North sameshbelar Tribe,Fertile Crescent,119,Native Copper Working,21
-5000,initial,30,North sameshbelar Tribe,Fertile Crescent,2,Animal Husbandry,21
-5000,initial,30,North sameshbelar Tribe,Fertile Crescent,4,Mining,21
-5000,initial,30,North sameshbelar Tribe,Fertile Crescent,20,Agriculture,21
-5000,initial,30,North sameshbelar Tribe,Fertile Crescent,3,Archery,21
-5000,initial,30,North sameshbelar Tribe,Fertile Crescent,6,Calendar,21
-5000,initial,30,North sameshbelar Tribe,Fertile Crescent,10,Irrigation,21
-5000,initial,31,South aresh Tribe,Fertile Crescent,100,Cordage and Knots,21
-5000,initial,31,South aresh Tribe,Fertile Crescent,101,Hide Working and Tailored Clothing,21
-5000,initial,31,South aresh Tribe,Fertile Crescent,102,Hafted Stone Tools,21
-5000,initial,31,South aresh Tribe,Fertile Crescent,105,Food Preservation,21
-5000,initial,31,South aresh Tribe,Fertile Crescent,106,Storage Pits and Containers,21
-5000,initial,31,South aresh Tribe,Fertile Crescent,107,Seasonal Aggregation Camps,21
-5000,initial,31,South aresh Tribe,Fertile Crescent,110,Dog Domestication,21
-5000,initial,31,South aresh Tribe,Fertile Crescent,111,Grinding Stones,21
-5000,initial,31,South aresh Tribe,Fertile Crescent,112,Proto-cultivation,21
-5000,initial,31,South aresh Tribe,Fertile Crescent,113,Sedentism,21
-5000,initial,31,South aresh Tribe,Fertile Crescent,114,Enclosures and Herd Management,21
-5000,initial,31,South aresh Tribe,Fertile Crescent,115,Counting Tokens and Tallies,21
-5000,initial,31,South aresh Tribe,Fertile Crescent,116,Charcoal Firing,21
-5000,initial,31,South aresh Tribe,Fertile Crescent,1,Pottery,21
-5000,initial,31,South aresh Tribe,Fertile Crescent,119,Native Copper Working,21
-5000,initial,31,South aresh Tribe,Fertile Crescent,2,Animal Husbandry,21
-5000,initial,31,South aresh Tribe,Fertile Crescent,4,Mining,21
-5000,initial,31,South aresh Tribe,Fertile Crescent,20,Agriculture,21
-5000,initial,31,South aresh Tribe,Fertile Crescent,3,Archery,21
-5000,initial,31,South aresh Tribe,Fertile Crescent,6,Calendar,21
-5000,initial,31,South aresh Tribe,Fertile Crescent,10,Irrigation,21
-5000,initial,32,Ninarbarum Tribe,Fertile Crescent,100,Cordage and Knots,21
-5000,initial,32,Ninarbarum Tribe,Fertile Crescent,101,Hide Working and Tailored Clothing,21
-5000,initial,32,Ninarbarum Tribe,Fertile Crescent,102,Hafted Stone Tools,21
-5000,initial,32,Ninarbarum Tribe,Fertile Crescent,105,Food Preservation,21
-5000,initial,32,Ninarbarum Tribe,Fertile Crescent,106,Storage Pits and Containers,21
-5000,initial,32,Ninarbarum Tribe,Fertile Crescent,107,Seasonal Aggregation Camps,21
-5000,initial,32,Ninarbarum Tribe,Fertile Crescent,110,Dog Domestication,21
-5000,initial,32,Ninarbarum Tribe,Fertile Crescent,111,Grinding Stones,21
-5000,initial,32,Ninarbarum Tribe,Fertile Crescent,112,Proto-cultivation,21
-5000,initial,32,Ninarbarum Tribe,Fertile Crescent,113,Sedentism,21
-5000,initial,32,Ninarbarum Tribe,Fertile Crescent,114,Enclosures and Herd Management,21
-5000,initial,32,Ninarbarum Tribe,Fertile Crescent,115,Counting Tokens and Tallies,21
-5000,initial,32,Ninarbarum Tribe,Fertile Crescent,116,Charcoal Firing,21
-5000,initial,32,Ninarbarum Tribe,Fertile Crescent,1,Pottery,21
-5000,initial,32,Ninarbarum Tribe,Fertile Crescent,119,Native Copper Working,21
-5000,initial,32,Ninarbarum Tribe,Fertile Crescent,2,Animal Husbandry,21
-5000,initial,32,Ninarbarum Tribe,Fertile Crescent,4,Mining,21
-5000,initial,32,Ninarbarum Tribe,Fertile Crescent,20,Agriculture,21
-5000,initial,32,Ninarbarum Tribe,Fertile Crescent,3,Archery,21
-5000,initial,32,Ninarbarum Tribe,Fertile Crescent,6,Calendar,21
-5000,initial,32,Ninarbarum Tribe,Fertile Crescent,10,Irrigation,21
-5000,initial,33,North tamurar Tribe,Fertile Crescent,100,Cordage and Knots,21
-5000,initial,33,North tamurar Tribe,Fertile Crescent,101,Hide Working and Tailored Clothing,21
-5000,initial,33,North tamurar Tribe,Fertile Crescent,102,Hafted Stone Tools,21
-5000,initial,33,North tamurar Tribe,Fertile Crescent,105,Food Preservation,21
-5000,initial,33,North tamurar Tribe,Fertile Crescent,106,Storage Pits and Containers,21
-5000,initial,33,North tamurar Tribe,Fertile Crescent,107,Seasonal Aggregation Camps,21
-5000,initial,33,North tamurar Tribe,Fertile Crescent,110,Dog Domestication,21
-5000,initial,33,North tamurar Tribe,Fertile Crescent,111,Grinding Stones,21
-5000,initial,33,North tamurar Tribe,Fertile Crescent,112,Proto-cultivation,21
-5000,initial,33,North tamurar Tribe,Fertile Crescent,113,Sedentism,21
-5000,initial,33,North tamurar Tribe,Fertile Crescent,114,Enclosures and Herd Management,21
-5000,initial,33,North tamurar Tribe,Fertile Crescent,115,Counting Tokens and Tallies,21
-5000,initial,33,North tamurar Tribe,Fertile Crescent,116,Charcoal Firing,21
-5000,initial,33,North tamurar Tribe,Fertile Crescent,1,Pottery,21
-5000,initial,33,North tamurar Tribe,Fertile Crescent,119,Native Copper Working,21
-5000,initial,33,North tamurar Tribe,Fertile Crescent,2,Animal Husbandry,21
-5000,initial,33,North tamurar Tribe,Fertile Crescent,4,Mining,21
-5000,initial,33,North tamurar Tribe,Fertile Crescent,20,Agriculture,21
-5000,initial,33,North tamurar Tribe,Fertile Crescent,3,Archery,21
-5000,initial,33,North tamurar Tribe,Fertile Crescent,6,Calendar,21
-5000,initial,33,North tamurar Tribe,Fertile Crescent,10,Irrigation,21
-5000,initial,34,Great kalninarar Tribe,Fertile Crescent,100,Cordage and Knots,21
-5000,initial,34,Great kalninarar Tribe,Fertile Crescent,101,Hide Working and Tailored Clothing,21
-5000,initial,34,Great kalninarar Tribe,Fertile Crescent,102,Hafted Stone Tools,21
-5000,initial,34,Great kalninarar Tribe,Fertile Crescent,105,Food Preservation,21
-5000,initial,34,Great kalninarar Tribe,Fertile Crescent,106,Storage Pits and Containers,21
-5000,initial,34,Great kalninarar Tribe,Fertile Crescent,107,Seasonal Aggregation Camps,21
-5000,initial,34,Great kalninarar Tribe,Fertile Crescent,110,Dog Domestication,21
-5000,initial,34,Great kalninarar Tribe,Fertile Crescent,111,Grinding Stones,21
-5000,initial,34,Great kalninarar Tribe,Fertile Crescent,112,Proto-cultivation,21
-5000,initial,34,Great kalninarar Tribe,Fertile Crescent,113,Sedentism,21
-5000,initial,34,Great kalninarar Tribe,Fertile Crescent,114,Enclosures and Herd Management,21
-5000,initial,34,Great kalninarar Tribe,Fertile Crescent,115,Counting Tokens and Tallies,21
-5000,initial,34,Great kalninarar Tribe,Fertile Crescent,116,Charcoal Firing,21
-5000,initial,34,Great kalninarar Tribe,Fertile Crescent,1,Pottery,21
-5000,initial,34,Great kalninarar Tribe,Fertile Crescent,119,Native Copper Working,21
-5000,initial,34,Great kalninarar Tribe,Fertile Crescent,2,Animal Husbandry,21
-5000,initial,34,Great kalninarar Tribe,Fertile Crescent,4,Mining,21
-5000,initial,34,Great kalninarar Tribe,Fertile Crescent,20,Agriculture,21
-5000,initial,34,Great kalninarar Tribe,Fertile Crescent,3,Archery,21
-5000,initial,34,Great kalninarar Tribe,Fertile Crescent,6,Calendar,21
-5000,initial,34,Great kalninarar Tribe,Fertile Crescent,10,Irrigation,21
-5000,initial,35,New barbarninad Tribe,Fertile Crescent,100,Cordage and Knots,21
-5000,initial,35,New barbarninad Tribe,Fertile Crescent,101,Hide Working and Tailored Clothing,21
-5000,initial,35,New barbarninad Tribe,Fertile Crescent,102,Hafted Stone Tools,21
-5000,initial,35,New barbarninad Tribe,Fertile Crescent,105,Food Preservation,21
-5000,initial,35,New barbarninad Tribe,Fertile Crescent,106,Storage Pits and Containers,21
-5000,initial,35,New barbarninad Tribe,Fertile Crescent,107,Seasonal Aggregation Camps,21
-5000,initial,35,New barbarninad Tribe,Fertile Crescent,110,Dog Domestication,21
-5000,initial,35,New barbarninad Tribe,Fertile Crescent,111,Grinding Stones,21
-5000,initial,35,New barbarninad Tribe,Fertile Crescent,112,Proto-cultivation,21
-5000,initial,35,New barbarninad Tribe,Fertile Crescent,113,Sedentism,21
-5000,initial,35,New barbarninad Tribe,Fertile Crescent,114,Enclosures and Herd Management,21
-5000,initial,35,New barbarninad Tribe,Fertile Crescent,115,Counting Tokens and Tallies,21
-5000,initial,35,New barbarninad Tribe,Fertile Crescent,116,Charcoal Firing,21
-5000,initial,35,New barbarninad Tribe,Fertile Crescent,1,Pottery,21
-5000,initial,35,New barbarninad Tribe,Fertile Crescent,119,Native Copper Working,21
-5000,initial,35,New barbarninad Tribe,Fertile Crescent,2,Animal Husbandry,21
-5000,initial,35,New barbarninad Tribe,Fertile Crescent,4,Mining,21
-5000,initial,35,New barbarninad Tribe,Fertile Crescent,20,Agriculture,21
-5000,initial,35,New barbarninad Tribe,Fertile Crescent,3,Archery,21
-5000,initial,35,New barbarninad Tribe,Fertile Crescent,6,Calendar,21
-5000,initial,35,New barbarninad Tribe,Fertile Crescent,10,Irrigation,21
-5000,initial,36,Old urarum Tribe,Fertile Crescent,100,Cordage and Knots,21
-5000,initial,36,Old urarum Tribe,Fertile Crescent,101,Hide Working and Tailored Clothing,21
-5000,initial,36,Old urarum Tribe,Fertile Crescent,102,Hafted Stone Tools,21
-5000,initial,36,Old urarum Tribe,Fertile Crescent,105,Food Preservation,21
-5000,initial,36,Old urarum Tribe,Fertile Crescent,106,Storage Pits and Containers,21
-5000,initial,36,Old urarum Tribe,Fertile Crescent,107,Seasonal Aggregation Camps,21
-5000,initial,36,Old urarum Tribe,Fertile Crescent,110,Dog Domestication,21
-5000,initial,36,Old urarum Tribe,Fertile Crescent,111,Grinding Stones,21
-5000,initial,36,Old urarum Tribe,Fertile Crescent,112,Proto-cultivation,21
-5000,initial,36,Old urarum Tribe,Fertile Crescent,113,Sedentism,21
-5000,initial,36,Old urarum Tribe,Fertile Crescent,114,Enclosures and Herd Management,21
-5000,initial,36,Old urarum Tribe,Fertile Crescent,115,Counting Tokens and Tallies,21
-5000,initial,36,Old urarum Tribe,Fertile Crescent,116,Charcoal Firing,21
-5000,initial,36,Old urarum Tribe,Fertile Crescent,1,Pottery,21
-5000,initial,36,Old urarum Tribe,Fertile Crescent,119,Native Copper Working,21
-5000,initial,36,Old urarum Tribe,Fertile Crescent,2,Animal Husbandry,21
-5000,initial,36,Old urarum Tribe,Fertile Crescent,4,Mining,21
-5000,initial,36,Old urarum Tribe,Fertile Crescent,20,Agriculture,21
-5000,initial,36,Old urarum Tribe,Fertile Crescent,3,Archery,21
-5000,initial,36,Old urarum Tribe,Fertile Crescent,6,Calendar,21
-5000,initial,36,Old urarum Tribe,Fertile Crescent,10,Irrigation,21
-5000,initial,37,South eshesh Tribe,Fertile Crescent,100,Cordage and Knots,21
-5000,initial,37,South eshesh Tribe,Fertile Crescent,101,Hide Working and Tailored Clothing,21
-5000,initial,37,South eshesh Tribe,Fertile Crescent,102,Hafted Stone Tools,21
-5000,initial,37,South eshesh Tribe,Fertile Crescent,105,Food Preservation,21
-5000,initial,37,South eshesh Tribe,Fertile Crescent,106,Storage Pits and Containers,21
-5000,initial,37,South eshesh Tribe,Fertile Crescent,107,Seasonal Aggregation Camps,21
-5000,initial,37,South eshesh Tribe,Fertile Crescent,110,Dog Domestication,21
-5000,initial,37,South eshesh Tribe,Fertile Crescent,111,Grinding Stones,21
-5000,initial,37,South eshesh Tribe,Fertile Crescent,112,Proto-cultivation,21
-5000,initial,37,South eshesh Tribe,Fertile Crescent,113,Sedentism,21
-5000,initial,37,South eshesh Tribe,Fertile Crescent,114,Enclosures and Herd Management,21
-5000,initial,37,South eshesh Tribe,Fertile Crescent,115,Counting Tokens and Tallies,21
-5000,initial,37,South eshesh Tribe,Fertile Crescent,116,Charcoal Firing,21
-5000,initial,37,South eshesh Tribe,Fertile Crescent,1,Pottery,21
-5000,initial,37,South eshesh Tribe,Fertile Crescent,119,Native Copper Working,21
-5000,initial,37,South eshesh Tribe,Fertile Crescent,2,Animal Husbandry,21
-5000,initial,37,South eshesh Tribe,Fertile Crescent,4,Mining,21
-5000,initial,37,South eshesh Tribe,Fertile Crescent,20,Agriculture,21
-5000,initial,37,South eshesh Tribe,Fertile Crescent,3,Archery,21
-5000,initial,37,South eshesh Tribe,Fertile Crescent,6,Calendar,21
-5000,initial,37,South eshesh Tribe,Fertile Crescent,10,Irrigation,21
-5000,initial,39,North ranlor Tribe,Monsoon Coastal,100,Cordage and Knots,20
-5000,initial,39,North ranlor Tribe,Monsoon Coastal,101,Hide Working and Tailored Clothing,20
-5000,initial,39,North ranlor Tribe,Monsoon Coastal,102,Hafted Stone Tools,20
-5000,initial,39,North ranlor Tribe,Monsoon Coastal,104,Fishing Technology,20
-5000,initial,39,North ranlor Tribe,Monsoon Coastal,105,Food Preservation,20
-5000,initial,39,North ranlor Tribe,Monsoon Coastal,106,Storage Pits and Containers,20
-5000,initial,39,North ranlor Tribe,Monsoon Coastal,107,Seasonal Aggregation Camps,20
-5000,initial,39,North ranlor Tribe,Monsoon Coastal,108,Watercraft,20
-5000,initial,39,North ranlor Tribe,Monsoon Coastal,110,Dog Domestication,20
-5000,initial,39,North ranlor Tribe,Monsoon Coastal,111,Grinding Stones,20
-5000,initial,39,North ranlor Tribe,Monsoon Coastal,112,Proto-cultivation,20
-5000,initial,39,North ranlor Tribe,Monsoon Coastal,113,Sedentism,20
-5000,initial,39,North ranlor Tribe,Monsoon Coastal,114,Enclosures and Herd Management,20
-5000,initial,39,North ranlor Tribe,Monsoon Coastal,116,Charcoal Firing,20
-5000,initial,39,North ranlor Tribe,Monsoon Coastal,1,Pottery,20
-5000,initial,39,North ranlor Tribe,Monsoon Coastal,2,Animal Husbandry,20
-5000,initial,39,North ranlor Tribe,Monsoon Coastal,20,Agriculture,20
-5000,initial,39,North ranlor Tribe,Monsoon Coastal,3,Archery,20
-5000,initial,39,North ranlor Tribe,Monsoon Coastal,5,Sailing,20
-5000,initial,39,North ranlor Tribe,Monsoon Coastal,6,Calendar,20
-5000,initial,40,South terlinstan Tribe,Monsoon Coastal,100,Cordage and Knots,20
-5000,initial,40,South terlinstan Tribe,Monsoon Coastal,101,Hide Working and Tailored Clothing,20
-5000,initial,40,South terlinstan Tribe,Monsoon Coastal,102,Hafted Stone Tools,20
-5000,initial,40,South terlinstan Tribe,Monsoon Coastal,104,Fishing Technology,20
-5000,initial,40,South terlinstan Tribe,Monsoon Coastal,105,Food Preservation,20
-5000,initial,40,South terlinstan Tribe,Monsoon Coastal,106,Storage Pits and Containers,20
-5000,initial,40,South terlinstan Tribe,Monsoon Coastal,107,Seasonal Aggregation Camps,20
-5000,initial,40,South terlinstan Tribe,Monsoon Coastal,108,Watercraft,20
-5000,initial,40,South terlinstan Tribe,Monsoon Coastal,110,Dog Domestication,20
-5000,initial,40,South terlinstan Tribe,Monsoon Coastal,111,Grinding Stones,20
-5000,initial,40,South terlinstan Tribe,Monsoon Coastal,112,Proto-cultivation,20
-5000,initial,40,South terlinstan Tribe,Monsoon Coastal,113,Sedentism,20
-5000,initial,40,South terlinstan Tribe,Monsoon Coastal,114,Enclosures and Herd Management,20
-5000,initial,40,South terlinstan Tribe,Monsoon Coastal,116,Charcoal Firing,20
-5000,initial,40,South terlinstan Tribe,Monsoon Coastal,1,Pottery,20
-5000,initial,40,South terlinstan Tribe,Monsoon Coastal,2,Animal Husbandry,20
-5000,initial,40,South terlinstan Tribe,Monsoon Coastal,20,Agriculture,20
-5000,initial,40,South terlinstan Tribe,Monsoon Coastal,3,Archery,20
-5000,initial,40,South terlinstan Tribe,Monsoon Coastal,5,Sailing,20
-5000,initial,40,South terlinstan Tribe,Monsoon Coastal,6,Calendar,20
-5000,initial,41,Great linmarvia Tribe,Monsoon Coastal,100,Cordage and Knots,20
-5000,initial,41,Great linmarvia Tribe,Monsoon Coastal,101,Hide Working and Tailored Clothing,20
-5000,initial,41,Great linmarvia Tribe,Monsoon Coastal,102,Hafted Stone Tools,20
-5000,initial,41,Great linmarvia Tribe,Monsoon Coastal,104,Fishing Technology,20
-5000,initial,41,Great linmarvia Tribe,Monsoon Coastal,105,Food Preservation,20
-5000,initial,41,Great linmarvia Tribe,Monsoon Coastal,106,Storage Pits and Containers,20
-5000,initial,41,Great linmarvia Tribe,Monsoon Coastal,107,Seasonal Aggregation Camps,20
-5000,initial,41,Great linmarvia Tribe,Monsoon Coastal,108,Watercraft,20
-5000,initial,41,Great linmarvia Tribe,Monsoon Coastal,110,Dog Domestication,20
-5000,initial,41,Great linmarvia Tribe,Monsoon Coastal,111,Grinding Stones,20
-5000,initial,41,Great linmarvia Tribe,Monsoon Coastal,112,Proto-cultivation,20
-5000,initial,41,Great linmarvia Tribe,Monsoon Coastal,113,Sedentism,20
-5000,initial,41,Great linmarvia Tribe,Monsoon Coastal,114,Enclosures and Herd Management,20
-5000,initial,41,Great linmarvia Tribe,Monsoon Coastal,116,Charcoal Firing,20
-5000,initial,41,Great linmarvia Tribe,Monsoon Coastal,1,Pottery,20
-5000,initial,41,Great linmarvia Tribe,Monsoon Coastal,2,Animal Husbandry,20
-5000,initial,41,Great linmarvia Tribe,Monsoon Coastal,20,Agriculture,20
-5000,initial,41,Great linmarvia Tribe,Monsoon Coastal,3,Archery,20
-5000,initial,41,Great linmarvia Tribe,Monsoon Coastal,5,Sailing,20
-5000,initial,41,Great linmarvia Tribe,Monsoon Coastal,6,Calendar,20
-5000,initial,42,North kinzenquistan Tribe,Monsoon Coastal,100,Cordage and Knots,20
-5000,initial,42,North kinzenquistan Tribe,Monsoon Coastal,101,Hide Working and Tailored Clothing,20
-5000,initial,42,North kinzenquistan Tribe,Monsoon Coastal,102,Hafted Stone Tools,20
-5000,initial,42,North kinzenquistan Tribe,Monsoon Coastal,104,Fishing Technology,20
-5000,initial,42,North kinzenquistan Tribe,Monsoon Coastal,105,Food Preservation,20
-5000,initial,42,North kinzenquistan Tribe,Monsoon Coastal,106,Storage Pits and Containers,20
-5000,initial,42,North kinzenquistan Tribe,Monsoon Coastal,107,Seasonal Aggregation Camps,20
-5000,initial,42,North kinzenquistan Tribe,Monsoon Coastal,108,Watercraft,20
-5000,initial,42,North kinzenquistan Tribe,Monsoon Coastal,110,Dog Domestication,20
-5000,initial,42,North kinzenquistan Tribe,Monsoon Coastal,111,Grinding Stones,20
-5000,initial,42,North kinzenquistan Tribe,Monsoon Coastal,112,Proto-cultivation,20
-5000,initial,42,North kinzenquistan Tribe,Monsoon Coastal,113,Sedentism,20
-5000,initial,42,North kinzenquistan Tribe,Monsoon Coastal,114,Enclosures and Herd Management,20
-5000,initial,42,North kinzenquistan Tribe,Monsoon Coastal,116,Charcoal Firing,20
-5000,initial,42,North kinzenquistan Tribe,Monsoon Coastal,1,Pottery,20
-5000,initial,42,North kinzenquistan Tribe,Monsoon Coastal,2,Animal Husbandry,20
-5000,initial,42,North kinzenquistan Tribe,Monsoon Coastal,20,Agriculture,20
-5000,initial,42,North kinzenquistan Tribe,Monsoon Coastal,3,Archery,20
-5000,initial,42,North kinzenquistan Tribe,Monsoon Coastal,5,Sailing,20
-5000,initial,42,North kinzenquistan Tribe,Monsoon Coastal,6,Calendar,20
-5000,initial,43,New quiromia Tribe,Monsoon Coastal,100,Cordage and Knots,20
-5000,initial,43,New quiromia Tribe,Monsoon Coastal,101,Hide Working and Tailored Clothing,20
-5000,initial,43,New quiromia Tribe,Monsoon Coastal,102,Hafted Stone Tools,20
-5000,initial,43,New quiromia Tribe,Monsoon Coastal,104,Fishing Technology,20
-5000,initial,43,New quiromia Tribe,Monsoon Coastal,105,Food Preservation,20
-5000,initial,43,New quiromia Tribe,Monsoon Coastal,106,Storage Pits and Containers,20
-5000,initial,43,New quiromia Tribe,Monsoon Coastal,107,Seasonal Aggregation Camps,20
-5000,initial,43,New quiromia Tribe,Monsoon Coastal,108,Watercraft,20
-5000,initial,43,New quiromia Tribe,Monsoon Coastal,110,Dog Domestication,20
-5000,initial,43,New quiromia Tribe,Monsoon Coastal,111,Grinding Stones,20
-5000,initial,43,New quiromia Tribe,Monsoon Coastal,112,Proto-cultivation,20
-5000,initial,43,New quiromia Tribe,Monsoon Coastal,113,Sedentism,20
-5000,initial,43,New quiromia Tribe,Monsoon Coastal,114,Enclosures and Herd Management,20
-5000,initial,43,New quiromia Tribe,Monsoon Coastal,116,Charcoal Firing,20
-5000,initial,43,New quiromia Tribe,Monsoon Coastal,1,Pottery,20
-5000,initial,43,New quiromia Tribe,Monsoon Coastal,2,Animal Husbandry,20
-5000,initial,43,New quiromia Tribe,Monsoon Coastal,20,Agriculture,20
-5000,initial,43,New quiromia Tribe,Monsoon Coastal,3,Archery,20
-5000,initial,43,New quiromia Tribe,Monsoon Coastal,5,Sailing,20
-5000,initial,43,New quiromia Tribe,Monsoon Coastal,6,Calendar,20
-5000,initial,44,New kinter Tribe,Monsoon Coastal,100,Cordage and Knots,20
-5000,initial,44,New kinter Tribe,Monsoon Coastal,101,Hide Working and Tailored Clothing,20
-5000,initial,44,New kinter Tribe,Monsoon Coastal,102,Hafted Stone Tools,20
-5000,initial,44,New kinter Tribe,Monsoon Coastal,104,Fishing Technology,20
-5000,initial,44,New kinter Tribe,Monsoon Coastal,105,Food Preservation,20
-5000,initial,44,New kinter Tribe,Monsoon Coastal,106,Storage Pits and Containers,20
-5000,initial,44,New kinter Tribe,Monsoon Coastal,107,Seasonal Aggregation Camps,20
-5000,initial,44,New kinter Tribe,Monsoon Coastal,108,Watercraft,20
-5000,initial,44,New kinter Tribe,Monsoon Coastal,110,Dog Domestication,20
-5000,initial,44,New kinter Tribe,Monsoon Coastal,111,Grinding Stones,20
-5000,initial,44,New kinter Tribe,Monsoon Coastal,112,Proto-cultivation,20
-5000,initial,44,New kinter Tribe,Monsoon Coastal,113,Sedentism,20
-5000,initial,44,New kinter Tribe,Monsoon Coastal,114,Enclosures and Herd Management,20
-5000,initial,44,New kinter Tribe,Monsoon Coastal,116,Charcoal Firing,20
-5000,initial,44,New kinter Tribe,Monsoon Coastal,1,Pottery,20
-5000,initial,44,New kinter Tribe,Monsoon Coastal,2,Animal Husbandry,20
-5000,initial,44,New kinter Tribe,Monsoon Coastal,20,Agriculture,20
-5000,initial,44,New kinter Tribe,Monsoon Coastal,3,Archery,20
-5000,initial,44,New kinter Tribe,Monsoon Coastal,5,Sailing,20
-5000,initial,44,New kinter Tribe,Monsoon Coastal,6,Calendar,20
-5000,initial,45,Great garlorromstan Tribe,Steppe Nomadic,100,Cordage and Knots,14
-5000,initial,45,Great garlorromstan Tribe,Steppe Nomadic,101,Hide Working and Tailored Clothing,14
-5000,initial,45,Great garlorromstan Tribe,Steppe Nomadic,102,Hafted Stone Tools,14
-5000,initial,45,Great garlorromstan Tribe,Steppe Nomadic,105,Food Preservation,14
-5000,initial,45,Great garlorromstan Tribe,Steppe Nomadic,106,Storage Pits and Containers,14
-5000,initial,45,Great garlorromstan Tribe,Steppe Nomadic,107,Seasonal Aggregation Camps,14
-5000,initial,45,Great garlorromstan Tribe,Steppe Nomadic,110,Dog Domestication,14
-5000,initial,45,Great garlorromstan Tribe,Steppe Nomadic,111,Grinding Stones,14
-5000,initial,45,Great garlorromstan Tribe,Steppe Nomadic,113,Sedentism,14
-5000,initial,45,Great garlorromstan Tribe,Steppe Nomadic,114,Enclosures and Herd Management,14
-5000,initial,45,Great garlorromstan Tribe,Steppe Nomadic,2,Animal Husbandry,14
-5000,initial,45,Great garlorromstan Tribe,Steppe Nomadic,4,Mining,14
-5000,initial,45,Great garlorromstan Tribe,Steppe Nomadic,3,Archery,14
-5000,initial,45,Great garlorromstan Tribe,Steppe Nomadic,6,Calendar,14
-5000,initial,46,Old lindusgrad Tribe,Steppe Nomadic,100,Cordage and Knots,14
-5000,initial,46,Old lindusgrad Tribe,Steppe Nomadic,101,Hide Working and Tailored Clothing,14
-5000,initial,46,Old lindusgrad Tribe,Steppe Nomadic,102,Hafted Stone Tools,14
-5000,initial,46,Old lindusgrad Tribe,Steppe Nomadic,105,Food Preservation,14
-5000,initial,46,Old lindusgrad Tribe,Steppe Nomadic,106,Storage Pits and Containers,14
-5000,initial,46,Old lindusgrad Tribe,Steppe Nomadic,107,Seasonal Aggregation Camps,14
-5000,initial,46,Old lindusgrad Tribe,Steppe Nomadic,110,Dog Domestication,14
-5000,initial,46,Old lindusgrad Tribe,Steppe Nomadic,111,Grinding Stones,14
-5000,initial,46,Old lindusgrad Tribe,Steppe Nomadic,113,Sedentism,14
-5000,initial,46,Old lindusgrad Tribe,Steppe Nomadic,114,Enclosures and Herd Management,14
-5000,initial,46,Old lindusgrad Tribe,Steppe Nomadic,2,Animal Husbandry,14
-5000,initial,46,Old lindusgrad Tribe,Steppe Nomadic,4,Mining,14
-5000,initial,46,Old lindusgrad Tribe,Steppe Nomadic,3,Archery,14
-5000,initial,46,Old lindusgrad Tribe,Steppe Nomadic,6,Calendar,14
-5000,initial,47,Old quikinzenia Tribe,Steppe Nomadic,100,Cordage and Knots,14
-5000,initial,47,Old quikinzenia Tribe,Steppe Nomadic,101,Hide Working and Tailored Clothing,14
-5000,initial,47,Old quikinzenia Tribe,Steppe Nomadic,102,Hafted Stone Tools,14
-5000,initial,47,Old quikinzenia Tribe,Steppe Nomadic,105,Food Preservation,14
-5000,initial,47,Old quikinzenia Tribe,Steppe Nomadic,106,Storage Pits and Containers,14
-5000,initial,47,Old quikinzenia Tribe,Steppe Nomadic,107,Seasonal Aggregation Camps,14
-5000,initial,47,Old quikinzenia Tribe,Steppe Nomadic,110,Dog Domestication,14
-5000,initial,47,Old quikinzenia Tribe,Steppe Nomadic,111,Grinding Stones,14
-5000,initial,47,Old quikinzenia Tribe,Steppe Nomadic,113,Sedentism,14
-5000,initial,47,Old quikinzenia Tribe,Steppe Nomadic,114,Enclosures and Herd Management,14
-5000,initial,47,Old quikinzenia Tribe,Steppe Nomadic,2,Animal Husbandry,14
-5000,initial,47,Old quikinzenia Tribe,Steppe Nomadic,4,Mining,14
-5000,initial,47,Old quikinzenia Tribe,Steppe Nomadic,3,Archery,14
-5000,initial,47,Old quikinzenia Tribe,Steppe Nomadic,6,Calendar,14
-5000,initial,48,South seofia Tribe,Nile Floodplain,100,Cordage and Knots,19
-5000,initial,48,South seofia Tribe,Nile Floodplain,101,Hide Working and Tailored Clothing,19
-5000,initial,48,South seofia Tribe,Nile Floodplain,102,Hafted Stone Tools,19
-5000,initial,48,South seofia Tribe,Nile Floodplain,105,Food Preservation,19
-5000,initial,48,South seofia Tribe,Nile Floodplain,106,Storage Pits and Containers,19
-5000,initial,48,South seofia Tribe,Nile Floodplain,107,Seasonal Aggregation Camps,19
-5000,initial,48,South seofia Tribe,Nile Floodplain,110,Dog Domestication,19
-5000,initial,48,South seofia Tribe,Nile Floodplain,111,Grinding Stones,19
-5000,initial,48,South seofia Tribe,Nile Floodplain,112,Proto-cultivation,19
-5000,initial,48,South seofia Tribe,Nile Floodplain,113,Sedentism,19
-5000,initial,48,South seofia Tribe,Nile Floodplain,114,Enclosures and Herd Management,19
-5000,initial,48,South seofia Tribe,Nile Floodplain,115,Counting Tokens and Tallies,19
-5000,initial,48,South seofia Tribe,Nile Floodplain,116,Charcoal Firing,19
-5000,initial,48,South seofia Tribe,Nile Floodplain,1,Pottery,19
-5000,initial,48,South seofia Tribe,Nile Floodplain,2,Animal Husbandry,19
-5000,initial,48,South seofia Tribe,Nile Floodplain,20,Agriculture,19
-5000,initial,48,South seofia Tribe,Nile Floodplain,3,Archery,19
-5000,initial,48,South seofia Tribe,Nile Floodplain,6,Calendar,19
-5000,initial,48,South seofia Tribe,Nile Floodplain,10,Irrigation,19
-5000,initial,49,South maseofia Tribe,Nile Floodplain,100,Cordage and Knots,19
-5000,initial,49,South maseofia Tribe,Nile Floodplain,101,Hide Working and Tailored Clothing,19
-5000,initial,49,South maseofia Tribe,Nile Floodplain,102,Hafted Stone Tools,19
-5000,initial,49,South maseofia Tribe,Nile Floodplain,105,Food Preservation,19
-5000,initial,49,South maseofia Tribe,Nile Floodplain,106,Storage Pits and Containers,19
-5000,initial,49,South maseofia Tribe,Nile Floodplain,107,Seasonal Aggregation Camps,19
-5000,initial,49,South maseofia Tribe,Nile Floodplain,110,Dog Domestication,19
-5000,initial,49,South maseofia Tribe,Nile Floodplain,111,Grinding Stones,19
-5000,initial,49,South maseofia Tribe,Nile Floodplain,112,Proto-cultivation,19
-5000,initial,49,South maseofia Tribe,Nile Floodplain,113,Sedentism,19
-5000,initial,49,South maseofia Tribe,Nile Floodplain,114,Enclosures and Herd Management,19
-5000,initial,49,South maseofia Tribe,Nile Floodplain,115,Counting Tokens and Tallies,19
-5000,initial,49,South maseofia Tribe,Nile Floodplain,116,Charcoal Firing,19
-5000,initial,49,South maseofia Tribe,Nile Floodplain,1,Pottery,19
-5000,initial,49,South maseofia Tribe,Nile Floodplain,2,Animal Husbandry,19
-5000,initial,49,South maseofia Tribe,Nile Floodplain,20,Agriculture,19
-5000,initial,49,South maseofia Tribe,Nile Floodplain,3,Archery,19
-5000,initial,49,South maseofia Tribe,Nile Floodplain,6,Calendar,19
-5000,initial,49,South maseofia Tribe,Nile Floodplain,10,Irrigation,19
-5000,initial,50,South seofilama Tribe,North Saharan,100,Cordage and Knots,19
-5000,initial,50,South seofilama Tribe,North Saharan,101,Hide Working and Tailored Clothing,19
-5000,initial,50,South seofilama Tribe,North Saharan,102,Hafted Stone Tools,19
-5000,initial,50,South seofilama Tribe,North Saharan,105,Food Preservation,19
-5000,initial,50,South seofilama Tribe,North Saharan,106,Storage Pits and Containers,19
-5000,initial,50,South seofilama Tribe,North Saharan,107,Seasonal Aggregation Camps,19
-5000,initial,50,South seofilama Tribe,North Saharan,110,Dog Domestication,19
-5000,initial,50,South seofilama Tribe,North Saharan,111,Grinding Stones,19
-5000,initial,50,South seofilama Tribe,North Saharan,112,Proto-cultivation,19
-5000,initial,50,South seofilama Tribe,North Saharan,113,Sedentism,19
-5000,initial,50,South seofilama Tribe,North Saharan,114,Enclosures and Herd Management,19
-5000,initial,50,South seofilama Tribe,North Saharan,115,Counting Tokens and Tallies,19
-5000,initial,50,South seofilama Tribe,North Saharan,116,Charcoal Firing,19
-5000,initial,50,South seofilama Tribe,North Saharan,1,Pottery,19
-5000,initial,50,South seofilama Tribe,North Saharan,2,Animal Husbandry,19
-5000,initial,50,South seofilama Tribe,North Saharan,4,Mining,19
-5000,initial,50,South seofilama Tribe,North Saharan,20,Agriculture,19
-5000,initial,50,South seofilama Tribe,North Saharan,3,Archery,19
-5000,initial,50,South seofilama Tribe,North Saharan,6,Calendar,19
-5000,initial,51,North mazuu Tribe,West Sahel,100,Cordage and Knots,15
-5000,initial,51,North mazuu Tribe,West Sahel,101,Hide Working and Tailored Clothing,15
-5000,initial,51,North mazuu Tribe,West Sahel,102,Hafted Stone Tools,15
-5000,initial,51,North mazuu Tribe,West Sahel,105,Food Preservation,15
-5000,initial,51,North mazuu Tribe,West Sahel,106,Storage Pits and Containers,15
-5000,initial,51,North mazuu Tribe,West Sahel,107,Seasonal Aggregation Camps,15
-5000,initial,51,North mazuu Tribe,West Sahel,111,Grinding Stones,15
-5000,initial,51,North mazuu Tribe,West Sahel,112,Proto-cultivation,15
-5000,initial,51,North mazuu Tribe,West Sahel,113,Sedentism,15
-5000,initial,51,North mazuu Tribe,West Sahel,116,Charcoal Firing,15
-5000,initial,51,North mazuu Tribe,West Sahel,1,Pottery,15
-5000,initial,51,North mazuu Tribe,West Sahel,4,Mining,15
-5000,initial,51,North mazuu Tribe,West Sahel,20,Agriculture,15
-5000,initial,51,North mazuu Tribe,West Sahel,3,Archery,15
-5000,initial,51,North mazuu Tribe,West Sahel,6,Calendar,15
-5000,initial,52,Great barofiene Tribe,West Sahel,100,Cordage and Knots,15
-5000,initial,52,Great barofiene Tribe,West Sahel,101,Hide Working and Tailored Clothing,15
-5000,initial,52,Great barofiene Tribe,West Sahel,102,Hafted Stone Tools,15
-5000,initial,52,Great barofiene Tribe,West Sahel,105,Food Preservation,15
-5000,initial,52,Great barofiene Tribe,West Sahel,106,Storage Pits and Containers,15
-5000,initial,52,Great barofiene Tribe,West Sahel,107,Seasonal Aggregation Camps,15
-5000,initial,52,Great barofiene Tribe,West Sahel,111,Grinding Stones,15
-5000,initial,52,Great barofiene Tribe,West Sahel,112,Proto-cultivation,15
-5000,initial,52,Great barofiene Tribe,West Sahel,113,Sedentism,15
-5000,initial,52,Great barofiene Tribe,West Sahel,116,Charcoal Firing,15
-5000,initial,52,Great barofiene Tribe,West Sahel,1,Pottery,15
-5000,initial,52,Great barofiene Tribe,West Sahel,4,Mining,15
-5000,initial,52,Great barofiene Tribe,West Sahel,20,Agriculture,15
-5000,initial,52,Great barofiene Tribe,West Sahel,3,Archery,15
-5000,initial,52,Great barofiene Tribe,West Sahel,6,Calendar,15
-5000,initial,53,Zutanofiene Tribe,East Horn,100,Cordage and Knots,15
-5000,initial,53,Zutanofiene Tribe,East Horn,101,Hide Working and Tailored Clothing,15
-5000,initial,53,Zutanofiene Tribe,East Horn,102,Hafted Stone Tools,15
-5000,initial,53,Zutanofiene Tribe,East Horn,105,Food Preservation,15
-5000,initial,53,Zutanofiene Tribe,East Horn,106,Storage Pits and Containers,15
-5000,initial,53,Zutanofiene Tribe,East Horn,107,Seasonal Aggregation Camps,15
-5000,initial,53,Zutanofiene Tribe,East Horn,111,Grinding Stones,15
-5000,initial,53,Zutanofiene Tribe,East Horn,112,Proto-cultivation,15
-5000,initial,53,Zutanofiene Tribe,East Horn,113,Sedentism,15
-5000,initial,53,Zutanofiene Tribe,East Horn,116,Charcoal Firing,15
-5000,initial,53,Zutanofiene Tribe,East Horn,1,Pottery,15
-5000,initial,53,Zutanofiene Tribe,East Horn,4,Mining,15
-5000,initial,53,Zutanofiene Tribe,East Horn,20,Agriculture,15
-5000,initial,53,Zutanofiene Tribe,East Horn,3,Archery,15
-5000,initial,53,Zutanofiene Tribe,East Horn,6,Calendar,15
-5000,initial,54,North chingolamu Tribe,East Horn,100,Cordage and Knots,15
-5000,initial,54,North chingolamu Tribe,East Horn,101,Hide Working and Tailored Clothing,15
-5000,initial,54,North chingolamu Tribe,East Horn,102,Hafted Stone Tools,15
-5000,initial,54,North chingolamu Tribe,East Horn,105,Food Preservation,15
-5000,initial,54,North chingolamu Tribe,East Horn,106,Storage Pits and Containers,15
-5000,initial,54,North chingolamu Tribe,East Horn,107,Seasonal Aggregation Camps,15
-5000,initial,54,North chingolamu Tribe,East Horn,111,Grinding Stones,15
-5000,initial,54,North chingolamu Tribe,East Horn,112,Proto-cultivation,15
-5000,initial,54,North chingolamu Tribe,East Horn,113,Sedentism,15
-5000,initial,54,North chingolamu Tribe,East Horn,116,Charcoal Firing,15
-5000,initial,54,North chingolamu Tribe,East Horn,1,Pottery,15
-5000,initial,54,North chingolamu Tribe,East Horn,4,Mining,15
-5000,initial,54,North chingolamu Tribe,East Horn,20,Agriculture,15
-5000,initial,54,North chingolamu Tribe,East Horn,3,Archery,15
-5000,initial,54,North chingolamu Tribe,East Horn,6,Calendar,15
-5000,initial,55,Chizuene Tribe,Central Forest,100,Cordage and Knots,13
-5000,initial,55,Chizuene Tribe,Central Forest,101,Hide Working and Tailored Clothing,13
-5000,initial,55,Chizuene Tribe,Central Forest,102,Hafted Stone Tools,13
-5000,initial,55,Chizuene Tribe,Central Forest,105,Food Preservation,13
-5000,initial,55,Chizuene Tribe,Central Forest,106,Storage Pits and Containers,13
-5000,initial,55,Chizuene Tribe,Central Forest,107,Seasonal Aggregation Camps,13
-5000,initial,55,Chizuene Tribe,Central Forest,111,Grinding Stones,13
-5000,initial,55,Chizuene Tribe,Central Forest,113,Sedentism,13
-5000,initial,55,Chizuene Tribe,Central Forest,116,Charcoal Firing,13
-5000,initial,55,Chizuene Tribe,Central Forest,1,Pottery,13
-5000,initial,55,Chizuene Tribe,Central Forest,4,Mining,13
-5000,initial,55,Chizuene Tribe,Central Forest,3,Archery,13
-5000,initial,55,Chizuene Tribe,Central Forest,6,Calendar,13
-5000,initial,56,South bellenrom Tribe,Mediterranean Highland,100,Cordage and Knots,20
-5000,initial,56,South bellenrom Tribe,Mediterranean Highland,101,Hide Working and Tailored Clothing,20
-5000,initial,56,South bellenrom Tribe,Mediterranean Highland,102,Hafted Stone Tools,20
-5000,initial,56,South bellenrom Tribe,Mediterranean Highland,105,Food Preservation,20
-5000,initial,56,South bellenrom Tribe,Mediterranean Highland,106,Storage Pits and Containers,20
-5000,initial,56,South bellenrom Tribe,Mediterranean Highland,107,Seasonal Aggregation Camps,20
-5000,initial,56,South bellenrom Tribe,Mediterranean Highland,110,Dog Domestication,20
-5000,initial,56,South bellenrom Tribe,Mediterranean Highland,111,Grinding Stones,20
-5000,initial,56,South bellenrom Tribe,Mediterranean Highland,112,Proto-cultivation,20
-5000,initial,56,South bellenrom Tribe,Mediterranean Highland,113,Sedentism,20
-5000,initial,56,South bellenrom Tribe,Mediterranean Highland,114,Enclosures and Herd Management,20
-5000,initial,56,South bellenrom Tribe,Mediterranean Highland,115,Counting Tokens and Tallies,20
-5000,initial,56,South bellenrom Tribe,Mediterranean Highland,116,Charcoal Firing,20
-5000,initial,56,South bellenrom Tribe,Mediterranean Highland,1,Pottery,20
-5000,initial,56,South bellenrom Tribe,Mediterranean Highland,119,Native Copper Working,20
-5000,initial,56,South bellenrom Tribe,Mediterranean Highland,2,Animal Husbandry,20
-5000,initial,56,South bellenrom Tribe,Mediterranean Highland,4,Mining,20
-5000,initial,56,South bellenrom Tribe,Mediterranean Highland,20,Agriculture,20
-5000,initial,56,South bellenrom Tribe,Mediterranean Highland,3,Archery,20
-5000,initial,56,South bellenrom Tribe,Mediterranean Highland,6,Calendar,20
-5000,initial,57,Nortar Tribe,Mediterranean Highland,100,Cordage and Knots,20
-5000,initial,57,Nortar Tribe,Mediterranean Highland,101,Hide Working and Tailored Clothing,20
-5000,initial,57,Nortar Tribe,Mediterranean Highland,102,Hafted Stone Tools,20
-5000,initial,57,Nortar Tribe,Mediterranean Highland,105,Food Preservation,20
-5000,initial,57,Nortar Tribe,Mediterranean Highland,106,Storage Pits and Containers,20
-5000,initial,57,Nortar Tribe,Mediterranean Highland,107,Seasonal Aggregation Camps,20
-5000,initial,57,Nortar Tribe,Mediterranean Highland,110,Dog Domestication,20
-5000,initial,57,Nortar Tribe,Mediterranean Highland,111,Grinding Stones,20
-5000,initial,57,Nortar Tribe,Mediterranean Highland,112,Proto-cultivation,20
-5000,initial,57,Nortar Tribe,Mediterranean Highland,113,Sedentism,20
-5000,initial,57,Nortar Tribe,Mediterranean Highland,114,Enclosures and Herd Management,20
-5000,initial,57,Nortar Tribe,Mediterranean Highland,115,Counting Tokens and Tallies,20
-5000,initial,57,Nortar Tribe,Mediterranean Highland,116,Charcoal Firing,20
-5000,initial,57,Nortar Tribe,Mediterranean Highland,1,Pottery,20
-5000,initial,57,Nortar Tribe,Mediterranean Highland,119,Native Copper Working,20
-5000,initial,57,Nortar Tribe,Mediterranean Highland,2,Animal Husbandry,20
-5000,initial,57,Nortar Tribe,Mediterranean Highland,4,Mining,20
-5000,initial,57,Nortar Tribe,Mediterranean Highland,20,Agriculture,20
-5000,initial,57,Nortar Tribe,Mediterranean Highland,3,Archery,20
-5000,initial,57,Nortar Tribe,Mediterranean Highland,6,Calendar,20
-5000,initial,58,South albelalum Tribe,Mediterranean Urban,100,Cordage and Knots,22
-5000,initial,58,South albelalum Tribe,Mediterranean Urban,101,Hide Working and Tailored Clothing,22
-5000,initial,58,South albelalum Tribe,Mediterranean Urban,102,Hafted Stone Tools,22
-5000,initial,58,South albelalum Tribe,Mediterranean Urban,104,Fishing Technology,22
-5000,initial,58,South albelalum Tribe,Mediterranean Urban,105,Food Preservation,22
-5000,initial,58,South albelalum Tribe,Mediterranean Urban,106,Storage Pits and Containers,22
-5000,initial,58,South albelalum Tribe,Mediterranean Urban,107,Seasonal Aggregation Camps,22
-5000,initial,58,South albelalum Tribe,Mediterranean Urban,108,Watercraft,22
-5000,initial,58,South albelalum Tribe,Mediterranean Urban,110,Dog Domestication,22
-5000,initial,58,South albelalum Tribe,Mediterranean Urban,111,Grinding Stones,22
-5000,initial,58,South albelalum Tribe,Mediterranean Urban,112,Proto-cultivation,22
-5000,initial,58,South albelalum Tribe,Mediterranean Urban,113,Sedentism,22
-5000,initial,58,South albelalum Tribe,Mediterranean Urban,114,Enclosures and Herd Management,22
-5000,initial,58,South albelalum Tribe,Mediterranean Urban,115,Counting Tokens and Tallies,22
-5000,initial,58,South albelalum Tribe,Mediterranean Urban,116,Charcoal Firing,22
-5000,initial,58,South albelalum Tribe,Mediterranean Urban,1,Pottery,22
-5000,initial,58,South albelalum Tribe,Mediterranean Urban,2,Animal Husbandry,22
-5000,initial,58,South albelalum Tribe,Mediterranean Urban,4,Mining,22
-5000,initial,58,South albelalum Tribe,Mediterranean Urban,20,Agriculture,22
-5000,initial,58,South albelalum Tribe,Mediterranean Urban,3,Archery,22
-5000,initial,58,South albelalum Tribe,Mediterranean Urban,5,Sailing,22
-5000,initial,58,South albelalum Tribe,Mediterranean Urban,6,Calendar,22
-5000,initial,59,New ventarselum Tribe,Mediterranean Urban,100,Cordage and Knots,22
-5000,initial,59,New ventarselum Tribe,Mediterranean Urban,101,Hide Working and Tailored Clothing,22
-5000,initial,59,New ventarselum Tribe,Mediterranean Urban,102,Hafted Stone Tools,22
-5000,initial,59,New ventarselum Tribe,Mediterranean Urban,104,Fishing Technology,22
-5000,initial,59,New ventarselum Tribe,Mediterranean Urban,105,Food Preservation,22
-5000,initial,59,New ventarselum Tribe,Mediterranean Urban,106,Storage Pits and Containers,22
-5000,initial,59,New ventarselum Tribe,Mediterranean Urban,107,Seasonal Aggregation Camps,22
-5000,initial,59,New ventarselum Tribe,Mediterranean Urban,108,Watercraft,22
-5000,initial,59,New ventarselum Tribe,Mediterranean Urban,110,Dog Domestication,22
-5000,initial,59,New ventarselum Tribe,Mediterranean Urban,111,Grinding Stones,22
-5000,initial,59,New ventarselum Tribe,Mediterranean Urban,112,Proto-cultivation,22
-5000,initial,59,New ventarselum Tribe,Mediterranean Urban,113,Sedentism,22
-5000,initial,59,New ventarselum Tribe,Mediterranean Urban,114,Enclosures and Herd Management,22
-5000,initial,59,New ventarselum Tribe,Mediterranean Urban,115,Counting Tokens and Tallies,22
-5000,initial,59,New ventarselum Tribe,Mediterranean Urban,116,Charcoal Firing,22
-5000,initial,59,New ventarselum Tribe,Mediterranean Urban,1,Pottery,22
-5000,initial,59,New ventarselum Tribe,Mediterranean Urban,2,Animal Husbandry,22
-5000,initial,59,New ventarselum Tribe,Mediterranean Urban,4,Mining,22
-5000,initial,59,New ventarselum Tribe,Mediterranean Urban,20,Agriculture,22
-5000,initial,59,New ventarselum Tribe,Mediterranean Urban,3,Archery,22
-5000,initial,59,New ventarselum Tribe,Mediterranean Urban,5,Sailing,22
-5000,initial,59,New ventarselum Tribe,Mediterranean Urban,6,Calendar,22
-5000,initial,60,South norbeldorum Tribe,Central Plain,100,Cordage and Knots,18
-5000,initial,60,South norbeldorum Tribe,Central Plain,101,Hide Working and Tailored Clothing,18
-5000,initial,60,South norbeldorum Tribe,Central Plain,102,Hafted Stone Tools,18
-5000,initial,60,South norbeldorum Tribe,Central Plain,105,Food Preservation,18
-5000,initial,60,South norbeldorum Tribe,Central Plain,106,Storage Pits and Containers,18
-5000,initial,60,South norbeldorum Tribe,Central Plain,107,Seasonal Aggregation Camps,18
-5000,initial,60,South norbeldorum Tribe,Central Plain,110,Dog Domestication,18
-5000,initial,60,South norbeldorum Tribe,Central Plain,111,Grinding Stones,18
-5000,initial,60,South norbeldorum Tribe,Central Plain,112,Proto-cultivation,18
-5000,initial,60,South norbeldorum Tribe,Central Plain,113,Sedentism,18
-5000,initial,60,South norbeldorum Tribe,Central Plain,114,Enclosures and Herd Management,18
-5000,initial,60,South norbeldorum Tribe,Central Plain,116,Charcoal Firing,18
-5000,initial,60,South norbeldorum Tribe,Central Plain,1,Pottery,18
-5000,initial,60,South norbeldorum Tribe,Central Plain,2,Animal Husbandry,18
-5000,initial,60,South norbeldorum Tribe,Central Plain,4,Mining,18
-5000,initial,60,South norbeldorum Tribe,Central Plain,20,Agriculture,18
-5000,initial,60,South norbeldorum Tribe,Central Plain,3,Archery,18
-5000,initial,60,South norbeldorum Tribe,Central Plain,6,Calendar,18
-5000,initial,61,North altartar Tribe,Central Plain,100,Cordage and Knots,18
-5000,initial,61,North altartar Tribe,Central Plain,101,Hide Working and Tailored Clothing,18
-5000,initial,61,North altartar Tribe,Central Plain,102,Hafted Stone Tools,18
-5000,initial,61,North altartar Tribe,Central Plain,105,Food Preservation,18
-5000,initial,61,North altartar Tribe,Central Plain,106,Storage Pits and Containers,18
-5000,initial,61,North altartar Tribe,Central Plain,107,Seasonal Aggregation Camps,18
-5000,initial,61,North altartar Tribe,Central Plain,110,Dog Domestication,18
-5000,initial,61,North altartar Tribe,Central Plain,111,Grinding Stones,18
-5000,initial,61,North altartar Tribe,Central Plain,112,Proto-cultivation,18
-5000,initial,61,North altartar Tribe,Central Plain,113,Sedentism,18
-5000,initial,61,North altartar Tribe,Central Plain,114,Enclosures and Herd Management,18
-5000,initial,61,North altartar Tribe,Central Plain,116,Charcoal Firing,18
-5000,initial,61,North altartar Tribe,Central Plain,1,Pottery,18
-5000,initial,61,North altartar Tribe,Central Plain,2,Animal Husbandry,18
-5000,initial,61,North altartar Tribe,Central Plain,4,Mining,18
-5000,initial,61,North altartar Tribe,Central Plain,20,Agriculture,18
-5000,initial,61,North altartar Tribe,Central Plain,3,Archery,18
-5000,initial,61,North altartar Tribe,Central Plain,6,Calendar,18
-5000,initial,62,North alkarland Tribe,Atlantic Fringe,100,Cordage and Knots,15
-5000,initial,62,North alkarland Tribe,Atlantic Fringe,101,Hide Working and Tailored Clothing,15
-5000,initial,62,North alkarland Tribe,Atlantic Fringe,102,Hafted Stone Tools,15
-5000,initial,62,North alkarland Tribe,Atlantic Fringe,105,Food Preservation,15
-5000,initial,62,North alkarland Tribe,Atlantic Fringe,106,Storage Pits and Containers,15
-5000,initial,62,North alkarland Tribe,Atlantic Fringe,107,Seasonal Aggregation Camps,15
-5000,initial,62,North alkarland Tribe,Atlantic Fringe,111,Grinding Stones,15
-5000,initial,62,North alkarland Tribe,Atlantic Fringe,112,Proto-cultivation,15
-5000,initial,62,North alkarland Tribe,Atlantic Fringe,113,Sedentism,15
-5000,initial,62,North alkarland Tribe,Atlantic Fringe,116,Charcoal Firing,15
-5000,initial,62,North alkarland Tribe,Atlantic Fringe,1,Pottery,15
-5000,initial,62,North alkarland Tribe,Atlantic Fringe,4,Mining,15
-5000,initial,62,North alkarland Tribe,Atlantic Fringe,20,Agriculture,15
-5000,initial,62,North alkarland Tribe,Atlantic Fringe,3,Archery,15
-5000,initial,62,North alkarland Tribe,Atlantic Fringe,6,Calendar,15
-5000,initial,63,South lentartar Tribe,Atlantic Fringe,100,Cordage and Knots,15
-5000,initial,63,South lentartar Tribe,Atlantic Fringe,101,Hide Working and Tailored Clothing,15
-5000,initial,63,South lentartar Tribe,Atlantic Fringe,102,Hafted Stone Tools,15
-5000,initial,63,South lentartar Tribe,Atlantic Fringe,105,Food Preservation,15
-5000,initial,63,South lentartar Tribe,Atlantic Fringe,106,Storage Pits and Containers,15
-5000,initial,63,South lentartar Tribe,Atlantic Fringe,107,Seasonal Aggregation Camps,15
-5000,initial,63,South lentartar Tribe,Atlantic Fringe,111,Grinding Stones,15
-5000,initial,63,South lentartar Tribe,Atlantic Fringe,112,Proto-cultivation,15
-5000,initial,63,South lentartar Tribe,Atlantic Fringe,113,Sedentism,15
-5000,initial,63,South lentartar Tribe,Atlantic Fringe,116,Charcoal Firing,15
-5000,initial,63,South lentartar Tribe,Atlantic Fringe,1,Pottery,15
-5000,initial,63,South lentartar Tribe,Atlantic Fringe,4,Mining,15
-5000,initial,63,South lentartar Tribe,Atlantic Fringe,20,Agriculture,15
-5000,initial,63,South lentartar Tribe,Atlantic Fringe,3,Archery,15
-5000,initial,63,South lentartar Tribe,Atlantic Fringe,6,Calendar,15
-5000,initial,64,North belselkar Tribe,Northern Maritime,100,Cordage and Knots,11
-5000,initial,64,North belselkar Tribe,Northern Maritime,101,Hide Working and Tailored Clothing,11
-5000,initial,64,North belselkar Tribe,Northern Maritime,102,Hafted Stone Tools,11
-5000,initial,64,North belselkar Tribe,Northern Maritime,105,Food Preservation,11
-5000,initial,64,North belselkar Tribe,Northern Maritime,106,Storage Pits and Containers,11
-5000,initial,64,North belselkar Tribe,Northern Maritime,107,Seasonal Aggregation Camps,11
-5000,initial,64,North belselkar Tribe,Northern Maritime,111,Grinding Stones,11
-5000,initial,64,North belselkar Tribe,Northern Maritime,113,Sedentism,11
-5000,initial,64,North belselkar Tribe,Northern Maritime,4,Mining,11
-5000,initial,64,North belselkar Tribe,Northern Maritime,3,Archery,11
-5000,initial,64,North belselkar Tribe,Northern Maritime,6,Calendar,11
-5000,initial,65,Old nahmixan Tribe,Mesoamerican,100,Cordage and Knots,14
-5000,initial,65,Old nahmixan Tribe,Mesoamerican,101,Hide Working and Tailored Clothing,14
-5000,initial,65,Old nahmixan Tribe,Mesoamerican,102,Hafted Stone Tools,14
-5000,initial,65,Old nahmixan Tribe,Mesoamerican,105,Food Preservation,14
-5000,initial,65,Old nahmixan Tribe,Mesoamerican,106,Storage Pits and Containers,14
-5000,initial,65,Old nahmixan Tribe,Mesoamerican,107,Seasonal Aggregation Camps,14
-5000,initial,65,Old nahmixan Tribe,Mesoamerican,111,Grinding Stones,14
-5000,initial,65,Old nahmixan Tribe,Mesoamerican,112,Proto-cultivation,14
-5000,initial,65,Old nahmixan Tribe,Mesoamerican,113,Sedentism,14
-5000,initial,65,Old nahmixan Tribe,Mesoamerican,116,Charcoal Firing,14
-5000,initial,65,Old nahmixan Tribe,Mesoamerican,1,Pottery,14
-5000,initial,65,Old nahmixan Tribe,Mesoamerican,20,Agriculture,14
-5000,initial,65,Old nahmixan Tribe,Mesoamerican,3,Archery,14
-5000,initial,65,Old nahmixan Tribe,Mesoamerican,6,Calendar,14
-5000,initial,66,Teoxocpan Tribe,Mesoamerican,100,Cordage and Knots,14
-5000,initial,66,Teoxocpan Tribe,Mesoamerican,101,Hide Working and Tailored Clothing,14
-5000,initial,66,Teoxocpan Tribe,Mesoamerican,102,Hafted Stone Tools,14
-5000,initial,66,Teoxocpan Tribe,Mesoamerican,105,Food Preservation,14
-5000,initial,66,Teoxocpan Tribe,Mesoamerican,106,Storage Pits and Containers,14
-5000,initial,66,Teoxocpan Tribe,Mesoamerican,107,Seasonal Aggregation Camps,14
-5000,initial,66,Teoxocpan Tribe,Mesoamerican,111,Grinding Stones,14
-5000,initial,66,Teoxocpan Tribe,Mesoamerican,112,Proto-cultivation,14
-5000,initial,66,Teoxocpan Tribe,Mesoamerican,113,Sedentism,14
-5000,initial,66,Teoxocpan Tribe,Mesoamerican,116,Charcoal Firing,14
-5000,initial,66,Teoxocpan Tribe,Mesoamerican,1,Pottery,14
-5000,initial,66,Teoxocpan Tribe,Mesoamerican,20,Agriculture,14
-5000,initial,66,Teoxocpan Tribe,Mesoamerican,3,Archery,14
-5000,initial,66,Teoxocpan Tribe,Mesoamerican,6,Calendar,14
-5000,initial,67,South temteoan Tribe,Mesoamerican,100,Cordage and Knots,14
-5000,initial,67,South temteoan Tribe,Mesoamerican,101,Hide Working and Tailored Clothing,14
-5000,initial,67,South temteoan Tribe,Mesoamerican,102,Hafted Stone Tools,14
-5000,initial,67,South temteoan Tribe,Mesoamerican,105,Food Preservation,14
-5000,initial,67,South temteoan Tribe,Mesoamerican,106,Storage Pits and Containers,14
-5000,initial,67,South temteoan Tribe,Mesoamerican,107,Seasonal Aggregation Camps,14
-5000,initial,67,South temteoan Tribe,Mesoamerican,111,Grinding Stones,14
-5000,initial,67,South temteoan Tribe,Mesoamerican,112,Proto-cultivation,14
-5000,initial,67,South temteoan Tribe,Mesoamerican,113,Sedentism,14
-5000,initial,67,South temteoan Tribe,Mesoamerican,116,Charcoal Firing,14
-5000,initial,67,South temteoan Tribe,Mesoamerican,1,Pottery,14
-5000,initial,67,South temteoan Tribe,Mesoamerican,20,Agriculture,14
-5000,initial,67,South temteoan Tribe,Mesoamerican,3,Archery,14
-5000,initial,67,South temteoan Tribe,Mesoamerican,6,Calendar,14
-5000,initial,68,New nahteomixtan Tribe,Mesoamerican,100,Cordage and Knots,14
-5000,initial,68,New nahteomixtan Tribe,Mesoamerican,101,Hide Working and Tailored Clothing,14
-5000,initial,68,New nahteomixtan Tribe,Mesoamerican,102,Hafted Stone Tools,14
-5000,initial,68,New nahteomixtan Tribe,Mesoamerican,105,Food Preservation,14
-5000,initial,68,New nahteomixtan Tribe,Mesoamerican,106,Storage Pits and Containers,14
-5000,initial,68,New nahteomixtan Tribe,Mesoamerican,107,Seasonal Aggregation Camps,14
-5000,initial,68,New nahteomixtan Tribe,Mesoamerican,111,Grinding Stones,14
-5000,initial,68,New nahteomixtan Tribe,Mesoamerican,112,Proto-cultivation,14
-5000,initial,68,New nahteomixtan Tribe,Mesoamerican,113,Sedentism,14
-5000,initial,68,New nahteomixtan Tribe,Mesoamerican,116,Charcoal Firing,14
-5000,initial,68,New nahteomixtan Tribe,Mesoamerican,1,Pottery,14
-5000,initial,68,New nahteomixtan Tribe,Mesoamerican,20,Agriculture,14
-5000,initial,68,New nahteomixtan Tribe,Mesoamerican,3,Archery,14
-5000,initial,68,New nahteomixtan Tribe,Mesoamerican,6,Calendar,14
-5000,initial,69,North xocteo Tribe,Mesoamerican,100,Cordage and Knots,14
-5000,initial,69,North xocteo Tribe,Mesoamerican,101,Hide Working and Tailored Clothing,14
-5000,initial,69,North xocteo Tribe,Mesoamerican,102,Hafted Stone Tools,14
-5000,initial,69,North xocteo Tribe,Mesoamerican,105,Food Preservation,14
-5000,initial,69,North xocteo Tribe,Mesoamerican,106,Storage Pits and Containers,14
-5000,initial,69,North xocteo Tribe,Mesoamerican,107,Seasonal Aggregation Camps,14
-5000,initial,69,North xocteo Tribe,Mesoamerican,111,Grinding Stones,14
-5000,initial,69,North xocteo Tribe,Mesoamerican,112,Proto-cultivation,14
-5000,initial,69,North xocteo Tribe,Mesoamerican,113,Sedentism,14
-5000,initial,69,North xocteo Tribe,Mesoamerican,116,Charcoal Firing,14
-5000,initial,69,North xocteo Tribe,Mesoamerican,1,Pottery,14
-5000,initial,69,North xocteo Tribe,Mesoamerican,20,Agriculture,14
-5000,initial,69,North xocteo Tribe,Mesoamerican,3,Archery,14
-5000,initial,69,North xocteo Tribe,Mesoamerican,6,Calendar,14
-5000,initial,70,South xocxocchian Tribe,Mesoamerican,100,Cordage and Knots,14
-5000,initial,70,South xocxocchian Tribe,Mesoamerican,101,Hide Working and Tailored Clothing,14
-5000,initial,70,South xocxocchian Tribe,Mesoamerican,102,Hafted Stone Tools,14
-5000,initial,70,South xocxocchian Tribe,Mesoamerican,105,Food Preservation,14
-5000,initial,70,South xocxocchian Tribe,Mesoamerican,106,Storage Pits and Containers,14
-5000,initial,70,South xocxocchian Tribe,Mesoamerican,107,Seasonal Aggregation Camps,14
-5000,initial,70,South xocxocchian Tribe,Mesoamerican,111,Grinding Stones,14
-5000,initial,70,South xocxocchian Tribe,Mesoamerican,112,Proto-cultivation,14
-5000,initial,70,South xocxocchian Tribe,Mesoamerican,113,Sedentism,14
-5000,initial,70,South xocxocchian Tribe,Mesoamerican,116,Charcoal Firing,14
-5000,initial,70,South xocxocchian Tribe,Mesoamerican,1,Pottery,14
-5000,initial,70,South xocxocchian Tribe,Mesoamerican,20,Agriculture,14
-5000,initial,70,South xocxocchian Tribe,Mesoamerican,3,Archery,14
-5000,initial,70,South xocxocchian Tribe,Mesoamerican,6,Calendar,14
-5000,initial,71,Great itzyucan Tribe,Mesoamerican,100,Cordage and Knots,14
-5000,initial,71,Great itzyucan Tribe,Mesoamerican,101,Hide Working and Tailored Clothing,14
-5000,initial,71,Great itzyucan Tribe,Mesoamerican,102,Hafted Stone Tools,14
-5000,initial,71,Great itzyucan Tribe,Mesoamerican,105,Food Preservation,14
-5000,initial,71,Great itzyucan Tribe,Mesoamerican,106,Storage Pits and Containers,14
-5000,initial,71,Great itzyucan Tribe,Mesoamerican,107,Seasonal Aggregation Camps,14
-5000,initial,71,Great itzyucan Tribe,Mesoamerican,111,Grinding Stones,14
-5000,initial,71,Great itzyucan Tribe,Mesoamerican,112,Proto-cultivation,14
-5000,initial,71,Great itzyucan Tribe,Mesoamerican,113,Sedentism,14
-5000,initial,71,Great itzyucan Tribe,Mesoamerican,116,Charcoal Firing,14
-5000,initial,71,Great itzyucan Tribe,Mesoamerican,1,Pottery,14
-5000,initial,71,Great itzyucan Tribe,Mesoamerican,20,Agriculture,14
-5000,initial,71,Great itzyucan Tribe,Mesoamerican,3,Archery,14
-5000,initial,71,Great itzyucan Tribe,Mesoamerican,6,Calendar,14
-5000,initial,72,Itztemtan Tribe,Mesoamerican,100,Cordage and Knots,14
-5000,initial,72,Itztemtan Tribe,Mesoamerican,101,Hide Working and Tailored Clothing,14
-5000,initial,72,Itztemtan Tribe,Mesoamerican,102,Hafted Stone Tools,14
-5000,initial,72,Itztemtan Tribe,Mesoamerican,105,Food Preservation,14
-5000,initial,72,Itztemtan Tribe,Mesoamerican,106,Storage Pits and Containers,14
-5000,initial,72,Itztemtan Tribe,Mesoamerican,107,Seasonal Aggregation Camps,14
-5000,initial,72,Itztemtan Tribe,Mesoamerican,111,Grinding Stones,14
-5000,initial,72,Itztemtan Tribe,Mesoamerican,112,Proto-cultivation,14
-5000,initial,72,Itztemtan Tribe,Mesoamerican,113,Sedentism,14
-5000,initial,72,Itztemtan Tribe,Mesoamerican,116,Charcoal Firing,14
-5000,initial,72,Itztemtan Tribe,Mesoamerican,1,Pottery,14
-5000,initial,72,Itztemtan Tribe,Mesoamerican,20,Agriculture,14
-5000,initial,72,Itztemtan Tribe,Mesoamerican,3,Archery,14
-5000,initial,72,Itztemtan Tribe,Mesoamerican,6,Calendar,14
-5000,initial,73,North mixitztan Tribe,Mesoamerican,100,Cordage and Knots,14
-5000,initial,73,North mixitztan Tribe,Mesoamerican,101,Hide Working and Tailored Clothing,14
-5000,initial,73,North mixitztan Tribe,Mesoamerican,102,Hafted Stone Tools,14
-5000,initial,73,North mixitztan Tribe,Mesoamerican,105,Food Preservation,14
-5000,initial,73,North mixitztan Tribe,Mesoamerican,106,Storage Pits and Containers,14
-5000,initial,73,North mixitztan Tribe,Mesoamerican,107,Seasonal Aggregation Camps,14
-5000,initial,73,North mixitztan Tribe,Mesoamerican,111,Grinding Stones,14
-5000,initial,73,North mixitztan Tribe,Mesoamerican,112,Proto-cultivation,14
-5000,initial,73,North mixitztan Tribe,Mesoamerican,113,Sedentism,14
-5000,initial,73,North mixitztan Tribe,Mesoamerican,116,Charcoal Firing,14
-5000,initial,73,North mixitztan Tribe,Mesoamerican,1,Pottery,14
-5000,initial,73,North mixitztan Tribe,Mesoamerican,20,Agriculture,14
-5000,initial,73,North mixitztan Tribe,Mesoamerican,3,Archery,14
-5000,initial,73,North mixitztan Tribe,Mesoamerican,6,Calendar,14
-5000,initial,74,Itzchiitzpan Tribe,Mesoamerican,100,Cordage and Knots,14
-5000,initial,74,Itzchiitzpan Tribe,Mesoamerican,101,Hide Working and Tailored Clothing,14
-5000,initial,74,Itzchiitzpan Tribe,Mesoamerican,102,Hafted Stone Tools,14
-5000,initial,74,Itzchiitzpan Tribe,Mesoamerican,105,Food Preservation,14
-5000,initial,74,Itzchiitzpan Tribe,Mesoamerican,106,Storage Pits and Containers,14
-5000,initial,74,Itzchiitzpan Tribe,Mesoamerican,107,Seasonal Aggregation Camps,14
-5000,initial,74,Itzchiitzpan Tribe,Mesoamerican,111,Grinding Stones,14
-5000,initial,74,Itzchiitzpan Tribe,Mesoamerican,112,Proto-cultivation,14
-5000,initial,74,Itzchiitzpan Tribe,Mesoamerican,113,Sedentism,14
-5000,initial,74,Itzchiitzpan Tribe,Mesoamerican,116,Charcoal Firing,14
-5000,initial,74,Itzchiitzpan Tribe,Mesoamerican,1,Pottery,14
-5000,initial,74,Itzchiitzpan Tribe,Mesoamerican,20,Agriculture,14
-5000,initial,74,Itzchiitzpan Tribe,Mesoamerican,3,Archery,14
-5000,initial,74,Itzchiitzpan Tribe,Mesoamerican,6,Calendar,14
-5000,initial,75,North rumpach Tribe,Andean Highland,100,Cordage and Knots,15
-5000,initial,75,North rumpach Tribe,Andean Highland,101,Hide Working and Tailored Clothing,15
-5000,initial,75,North rumpach Tribe,Andean Highland,102,Hafted Stone Tools,15
-5000,initial,75,North rumpach Tribe,Andean Highland,105,Food Preservation,15
-5000,initial,75,North rumpach Tribe,Andean Highland,106,Storage Pits and Containers,15
-5000,initial,75,North rumpach Tribe,Andean Highland,107,Seasonal Aggregation Camps,15
-5000,initial,75,North rumpach Tribe,Andean Highland,111,Grinding Stones,15
-5000,initial,75,North rumpach Tribe,Andean Highland,112,Proto-cultivation,15
-5000,initial,75,North rumpach Tribe,Andean Highland,113,Sedentism,15
-5000,initial,75,North rumpach Tribe,Andean Highland,116,Charcoal Firing,15
-5000,initial,75,North rumpach Tribe,Andean Highland,1,Pottery,15
-5000,initial,75,North rumpach Tribe,Andean Highland,4,Mining,15
-5000,initial,75,North rumpach Tribe,Andean Highland,20,Agriculture,15
-5000,initial,75,North rumpach Tribe,Andean Highland,3,Archery,15
-5000,initial,75,North rumpach Tribe,Andean Highland,6,Calendar,15
-5000,initial,76,New llaqsuyumarca Tribe,Andean Highland,100,Cordage and Knots,15
-5000,initial,76,New llaqsuyumarca Tribe,Andean Highland,101,Hide Working and Tailored Clothing,15
-5000,initial,76,New llaqsuyumarca Tribe,Andean Highland,102,Hafted Stone Tools,15
-5000,initial,76,New llaqsuyumarca Tribe,Andean Highland,105,Food Preservation,15
-5000,initial,76,New llaqsuyumarca Tribe,Andean Highland,106,Storage Pits and Containers,15
-5000,initial,76,New llaqsuyumarca Tribe,Andean Highland,107,Seasonal Aggregation Camps,15
-5000,initial,76,New llaqsuyumarca Tribe,Andean Highland,111,Grinding Stones,15
-5000,initial,76,New llaqsuyumarca Tribe,Andean Highland,112,Proto-cultivation,15
-5000,initial,76,New llaqsuyumarca Tribe,Andean Highland,113,Sedentism,15
-5000,initial,76,New llaqsuyumarca Tribe,Andean Highland,116,Charcoal Firing,15
-5000,initial,76,New llaqsuyumarca Tribe,Andean Highland,1,Pottery,15
-5000,initial,76,New llaqsuyumarca Tribe,Andean Highland,4,Mining,15
-5000,initial,76,New llaqsuyumarca Tribe,Andean Highland,20,Agriculture,15
-5000,initial,76,New llaqsuyumarca Tribe,Andean Highland,3,Archery,15
-5000,initial,76,New llaqsuyumarca Tribe,Andean Highland,6,Calendar,15
-5000,initial,77,South ayapachna Tribe,Andean Highland,100,Cordage and Knots,15
-5000,initial,77,South ayapachna Tribe,Andean Highland,101,Hide Working and Tailored Clothing,15
-5000,initial,77,South ayapachna Tribe,Andean Highland,102,Hafted Stone Tools,15
-5000,initial,77,South ayapachna Tribe,Andean Highland,105,Food Preservation,15
-5000,initial,77,South ayapachna Tribe,Andean Highland,106,Storage Pits and Containers,15
-5000,initial,77,South ayapachna Tribe,Andean Highland,107,Seasonal Aggregation Camps,15
-5000,initial,77,South ayapachna Tribe,Andean Highland,111,Grinding Stones,15
-5000,initial,77,South ayapachna Tribe,Andean Highland,112,Proto-cultivation,15
-5000,initial,77,South ayapachna Tribe,Andean Highland,113,Sedentism,15
-5000,initial,77,South ayapachna Tribe,Andean Highland,116,Charcoal Firing,15
-5000,initial,77,South ayapachna Tribe,Andean Highland,1,Pottery,15
-5000,initial,77,South ayapachna Tribe,Andean Highland,4,Mining,15
-5000,initial,77,South ayapachna Tribe,Andean Highland,20,Agriculture,15
-5000,initial,77,South ayapachna Tribe,Andean Highland,3,Archery,15
-5000,initial,77,South ayapachna Tribe,Andean Highland,6,Calendar,15
-5000,initial,78,Qoritupqoria Tribe,Andean Highland,100,Cordage and Knots,15
-5000,initial,78,Qoritupqoria Tribe,Andean Highland,101,Hide Working and Tailored Clothing,15
-5000,initial,78,Qoritupqoria Tribe,Andean Highland,102,Hafted Stone Tools,15
-5000,initial,78,Qoritupqoria Tribe,Andean Highland,105,Food Preservation,15
-5000,initial,78,Qoritupqoria Tribe,Andean Highland,106,Storage Pits and Containers,15
-5000,initial,78,Qoritupqoria Tribe,Andean Highland,107,Seasonal Aggregation Camps,15
-5000,initial,78,Qoritupqoria Tribe,Andean Highland,111,Grinding Stones,15
-5000,initial,78,Qoritupqoria Tribe,Andean Highland,112,Proto-cultivation,15
-5000,initial,78,Qoritupqoria Tribe,Andean Highland,113,Sedentism,15
-5000,initial,78,Qoritupqoria Tribe,Andean Highland,116,Charcoal Firing,15
-5000,initial,78,Qoritupqoria Tribe,Andean Highland,1,Pottery,15
-5000,initial,78,Qoritupqoria Tribe,Andean Highland,4,Mining,15
-5000,initial,78,Qoritupqoria Tribe,Andean Highland,20,Agriculture,15
-5000,initial,78,Qoritupqoria Tribe,Andean Highland,3,Archery,15
-5000,initial,78,Qoritupqoria Tribe,Andean Highland,6,Calendar,15
-5000,initial,79,Great ayapachllaqa Tribe,Andean Highland,100,Cordage and Knots,15
-5000,initial,79,Great ayapachllaqa Tribe,Andean Highland,101,Hide Working and Tailored Clothing,15
-5000,initial,79,Great ayapachllaqa Tribe,Andean Highland,102,Hafted Stone Tools,15
-5000,initial,79,Great ayapachllaqa Tribe,Andean Highland,105,Food Preservation,15
-5000,initial,79,Great ayapachllaqa Tribe,Andean Highland,106,Storage Pits and Containers,15
-5000,initial,79,Great ayapachllaqa Tribe,Andean Highland,107,Seasonal Aggregation Camps,15
-5000,initial,79,Great ayapachllaqa Tribe,Andean Highland,111,Grinding Stones,15
-5000,initial,79,Great ayapachllaqa Tribe,Andean Highland,112,Proto-cultivation,15
-5000,initial,79,Great ayapachllaqa Tribe,Andean Highland,113,Sedentism,15
-5000,initial,79,Great ayapachllaqa Tribe,Andean Highland,116,Charcoal Firing,15
-5000,initial,79,Great ayapachllaqa Tribe,Andean Highland,1,Pottery,15
-5000,initial,79,Great ayapachllaqa Tribe,Andean Highland,4,Mining,15
-5000,initial,79,Great ayapachllaqa Tribe,Andean Highland,20,Agriculture,15
-5000,initial,79,Great ayapachllaqa Tribe,Andean Highland,3,Archery,15
-5000,initial,79,Great ayapachllaqa Tribe,Andean Highland,6,Calendar,15
-5000,initial,80,Great kusrummarca Tribe,Andean Highland,100,Cordage and Knots,15
-5000,initial,80,Great kusrummarca Tribe,Andean Highland,101,Hide Working and Tailored Clothing,15
-5000,initial,80,Great kusrummarca Tribe,Andean Highland,102,Hafted Stone Tools,15
-5000,initial,80,Great kusrummarca Tribe,Andean Highland,105,Food Preservation,15
-5000,initial,80,Great kusrummarca Tribe,Andean Highland,106,Storage Pits and Containers,15
-5000,initial,80,Great kusrummarca Tribe,Andean Highland,107,Seasonal Aggregation Camps,15
-5000,initial,80,Great kusrummarca Tribe,Andean Highland,111,Grinding Stones,15
-5000,initial,80,Great kusrummarca Tribe,Andean Highland,112,Proto-cultivation,15
-5000,initial,80,Great kusrummarca Tribe,Andean Highland,113,Sedentism,15
-5000,initial,80,Great kusrummarca Tribe,Andean Highland,116,Charcoal Firing,15
-5000,initial,80,Great kusrummarca Tribe,Andean Highland,1,Pottery,15
-5000,initial,80,Great kusrummarca Tribe,Andean Highland,4,Mining,15
-5000,initial,80,Great kusrummarca Tribe,Andean Highland,20,Agriculture,15
-5000,initial,80,Great kusrummarca Tribe,Andean Highland,3,Archery,15
-5000,initial,80,Great kusrummarca Tribe,Andean Highland,6,Calendar,15
-5000,initial,81,South tupayallaqyu Tribe,Andean Highland,100,Cordage and Knots,15
-5000,initial,81,South tupayallaqyu Tribe,Andean Highland,101,Hide Working and Tailored Clothing,15
-5000,initial,81,South tupayallaqyu Tribe,Andean Highland,102,Hafted Stone Tools,15
-5000,initial,81,South tupayallaqyu Tribe,Andean Highland,105,Food Preservation,15
-5000,initial,81,South tupayallaqyu Tribe,Andean Highland,106,Storage Pits and Containers,15
-5000,initial,81,South tupayallaqyu Tribe,Andean Highland,107,Seasonal Aggregation Camps,15
-5000,initial,81,South tupayallaqyu Tribe,Andean Highland,111,Grinding Stones,15
-5000,initial,81,South tupayallaqyu Tribe,Andean Highland,112,Proto-cultivation,15
-5000,initial,81,South tupayallaqyu Tribe,Andean Highland,113,Sedentism,15
-5000,initial,81,South tupayallaqyu Tribe,Andean Highland,116,Charcoal Firing,15
-5000,initial,81,South tupayallaqyu Tribe,Andean Highland,1,Pottery,15
-5000,initial,81,South tupayallaqyu Tribe,Andean Highland,4,Mining,15
-5000,initial,81,South tupayallaqyu Tribe,Andean Highland,20,Agriculture,15
-5000,initial,81,South tupayallaqyu Tribe,Andean Highland,3,Archery,15
-5000,initial,81,South tupayallaqyu Tribe,Andean Highland,6,Calendar,15
-5000,initial,82,North lorkinromia Tribe,Eastern Woodland,100,Cordage and Knots,11
-5000,initial,82,North lorkinromia Tribe,Eastern Woodland,101,Hide Working and Tailored Clothing,11
-5000,initial,82,North lorkinromia Tribe,Eastern Woodland,102,Hafted Stone Tools,11
-5000,initial,82,North lorkinromia Tribe,Eastern Woodland,105,Food Preservation,11
-5000,initial,82,North lorkinromia Tribe,Eastern Woodland,106,Storage Pits and Containers,11
-5000,initial,82,North lorkinromia Tribe,Eastern Woodland,107,Seasonal Aggregation Camps,11
-5000,initial,82,North lorkinromia Tribe,Eastern Woodland,111,Grinding Stones,11
-5000,initial,82,North lorkinromia Tribe,Eastern Woodland,113,Sedentism,11
-5000,initial,82,North lorkinromia Tribe,Eastern Woodland,4,Mining,11
-5000,initial,82,North lorkinromia Tribe,Eastern Woodland,3,Archery,11
-5000,initial,82,North lorkinromia Tribe,Eastern Woodland,6,Calendar,11
-5000,initial,83,Old garkinnagrad Tribe,Eastern Woodland,100,Cordage and Knots,11
-5000,initial,83,Old garkinnagrad Tribe,Eastern Woodland,101,Hide Working and Tailored Clothing,11
-5000,initial,83,Old garkinnagrad Tribe,Eastern Woodland,102,Hafted Stone Tools,11
-5000,initial,83,Old garkinnagrad Tribe,Eastern Woodland,105,Food Preservation,11
-5000,initial,83,Old garkinnagrad Tribe,Eastern Woodland,106,Storage Pits and Containers,11
-5000,initial,83,Old garkinnagrad Tribe,Eastern Woodland,107,Seasonal Aggregation Camps,11
-5000,initial,83,Old garkinnagrad Tribe,Eastern Woodland,111,Grinding Stones,11
-5000,initial,83,Old garkinnagrad Tribe,Eastern Woodland,113,Sedentism,11
-5000,initial,83,Old garkinnagrad Tribe,Eastern Woodland,4,Mining,11
-5000,initial,83,Old garkinnagrad Tribe,Eastern Woodland,3,Archery,11
-5000,initial,83,Old garkinnagrad Tribe,Eastern Woodland,6,Calendar,11
-5000,initial,84,New marduskin Tribe,Eastern Woodland,100,Cordage and Knots,11
-5000,initial,84,New marduskin Tribe,Eastern Woodland,101,Hide Working and Tailored Clothing,11
-5000,initial,84,New marduskin Tribe,Eastern Woodland,102,Hafted Stone Tools,11
-5000,initial,84,New marduskin Tribe,Eastern Woodland,105,Food Preservation,11
-5000,initial,84,New marduskin Tribe,Eastern Woodland,106,Storage Pits and Containers,11
-5000,initial,84,New marduskin Tribe,Eastern Woodland,107,Seasonal Aggregation Camps,11
-5000,initial,84,New marduskin Tribe,Eastern Woodland,111,Grinding Stones,11
-5000,initial,84,New marduskin Tribe,Eastern Woodland,113,Sedentism,11
-5000,initial,84,New marduskin Tribe,Eastern Woodland,4,Mining,11
-5000,initial,84,New marduskin Tribe,Eastern Woodland,3,Archery,11
-5000,initial,84,New marduskin Tribe,Eastern Woodland,6,Calendar,11
-5000,initial,85,Great soldusgaria Tribe,Eastern Woodland,100,Cordage and Knots,11
-5000,initial,85,Great soldusgaria Tribe,Eastern Woodland,101,Hide Working and Tailored Clothing,11
-5000,initial,85,Great soldusgaria Tribe,Eastern Woodland,102,Hafted Stone Tools,11
-5000,initial,85,Great soldusgaria Tribe,Eastern Woodland,105,Food Preservation,11
-5000,initial,85,Great soldusgaria Tribe,Eastern Woodland,106,Storage Pits and Containers,11
-5000,initial,85,Great soldusgaria Tribe,Eastern Woodland,107,Seasonal Aggregation Camps,11
-5000,initial,85,Great soldusgaria Tribe,Eastern Woodland,111,Grinding Stones,11
-5000,initial,85,Great soldusgaria Tribe,Eastern Woodland,113,Sedentism,11
-5000,initial,85,Great soldusgaria Tribe,Eastern Woodland,4,Mining,11
-5000,initial,85,Great soldusgaria Tribe,Eastern Woodland,3,Archery,11
-5000,initial,85,Great soldusgaria Tribe,Eastern Woodland,6,Calendar,11
-5000,initial,86,South lorterstan Tribe,Eastern Woodland,100,Cordage and Knots,11
-5000,initial,86,South lorterstan Tribe,Eastern Woodland,101,Hide Working and Tailored Clothing,11
-5000,initial,86,South lorterstan Tribe,Eastern Woodland,102,Hafted Stone Tools,11
-5000,initial,86,South lorterstan Tribe,Eastern Woodland,105,Food Preservation,11
-5000,initial,86,South lorterstan Tribe,Eastern Woodland,106,Storage Pits and Containers,11
-5000,initial,86,South lorterstan Tribe,Eastern Woodland,107,Seasonal Aggregation Camps,11
-5000,initial,86,South lorterstan Tribe,Eastern Woodland,111,Grinding Stones,11
-5000,initial,86,South lorterstan Tribe,Eastern Woodland,113,Sedentism,11
-5000,initial,86,South lorterstan Tribe,Eastern Woodland,4,Mining,11
-5000,initial,86,South lorterstan Tribe,Eastern Woodland,3,Archery,11
-5000,initial,86,South lorterstan Tribe,Eastern Woodland,6,Calendar,11
-5000,initial,87,Kinnaia Tribe,Eastern Woodland,100,Cordage and Knots,11
-5000,initial,87,Kinnaia Tribe,Eastern Woodland,101,Hide Working and Tailored Clothing,11
-5000,initial,87,Kinnaia Tribe,Eastern Woodland,102,Hafted Stone Tools,11
-5000,initial,87,Kinnaia Tribe,Eastern Woodland,105,Food Preservation,11
-5000,initial,87,Kinnaia Tribe,Eastern Woodland,106,Storage Pits and Containers,11
-5000,initial,87,Kinnaia Tribe,Eastern Woodland,107,Seasonal Aggregation Camps,11
-5000,initial,87,Kinnaia Tribe,Eastern Woodland,111,Grinding Stones,11
-5000,initial,87,Kinnaia Tribe,Eastern Woodland,113,Sedentism,11
-5000,initial,87,Kinnaia Tribe,Eastern Woodland,4,Mining,11
-5000,initial,87,Kinnaia Tribe,Eastern Woodland,3,Archery,11
-5000,initial,87,Kinnaia Tribe,Eastern Woodland,6,Calendar,11
-5000,initial,88,New nabelia Tribe,Eastern Woodland,100,Cordage and Knots,11
-5000,initial,88,New nabelia Tribe,Eastern Woodland,101,Hide Working and Tailored Clothing,11
-5000,initial,88,New nabelia Tribe,Eastern Woodland,102,Hafted Stone Tools,11
-5000,initial,88,New nabelia Tribe,Eastern Woodland,105,Food Preservation,11
-5000,initial,88,New nabelia Tribe,Eastern Woodland,106,Storage Pits and Containers,11
-5000,initial,88,New nabelia Tribe,Eastern Woodland,107,Seasonal Aggregation Camps,11
-5000,initial,88,New nabelia Tribe,Eastern Woodland,111,Grinding Stones,11
-5000,initial,88,New nabelia Tribe,Eastern Woodland,113,Sedentism,11
-5000,initial,88,New nabelia Tribe,Eastern Woodland,4,Mining,11
-5000,initial,88,New nabelia Tribe,Eastern Woodland,3,Archery,11
-5000,initial,88,New nabelia Tribe,Eastern Woodland,6,Calendar,11
-5000,initial,89,New duszengrad Tribe,Western Plains,100,Cordage and Knots,11
-5000,initial,89,New duszengrad Tribe,Western Plains,101,Hide Working and Tailored Clothing,11
-5000,initial,89,New duszengrad Tribe,Western Plains,102,Hafted Stone Tools,11
-5000,initial,89,New duszengrad Tribe,Western Plains,105,Food Preservation,11
-5000,initial,89,New duszengrad Tribe,Western Plains,106,Storage Pits and Containers,11
-5000,initial,89,New duszengrad Tribe,Western Plains,107,Seasonal Aggregation Camps,11
-5000,initial,89,New duszengrad Tribe,Western Plains,111,Grinding Stones,11
-5000,initial,89,New duszengrad Tribe,Western Plains,113,Sedentism,11
-5000,initial,89,New duszengrad Tribe,Western Plains,4,Mining,11
-5000,initial,89,New duszengrad Tribe,Western Plains,3,Archery,11
-5000,initial,89,New duszengrad Tribe,Western Plains,6,Calendar,11
-5000,initial,90,Great kingarstan Tribe,Western Plains,100,Cordage and Knots,11
-5000,initial,90,Great kingarstan Tribe,Western Plains,101,Hide Working and Tailored Clothing,11
-5000,initial,90,Great kingarstan Tribe,Western Plains,102,Hafted Stone Tools,11
-5000,initial,90,Great kingarstan Tribe,Western Plains,105,Food Preservation,11
-5000,initial,90,Great kingarstan Tribe,Western Plains,106,Storage Pits and Containers,11
-5000,initial,90,Great kingarstan Tribe,Western Plains,107,Seasonal Aggregation Camps,11
-5000,initial,90,Great kingarstan Tribe,Western Plains,111,Grinding Stones,11
-5000,initial,90,Great kingarstan Tribe,Western Plains,113,Sedentism,11
-5000,initial,90,Great kingarstan Tribe,Western Plains,4,Mining,11
-5000,initial,90,Great kingarstan Tribe,Western Plains,3,Archery,11
-5000,initial,90,Great kingarstan Tribe,Western Plains,6,Calendar,11
-5000,initial,91,Great zenlin Tribe,Western Plains,100,Cordage and Knots,11
-5000,initial,91,Great zenlin Tribe,Western Plains,101,Hide Working and Tailored Clothing,11
-5000,initial,91,Great zenlin Tribe,Western Plains,102,Hafted Stone Tools,11
-5000,initial,91,Great zenlin Tribe,Western Plains,105,Food Preservation,11
-5000,initial,91,Great zenlin Tribe,Western Plains,106,Storage Pits and Containers,11
-5000,initial,91,Great zenlin Tribe,Western Plains,107,Seasonal Aggregation Camps,11
-5000,initial,91,Great zenlin Tribe,Western Plains,111,Grinding Stones,11
-5000,initial,91,Great zenlin Tribe,Western Plains,113,Sedentism,11
-5000,initial,91,Great zenlin Tribe,Western Plains,4,Mining,11
-5000,initial,91,Great zenlin Tribe,Western Plains,3,Archery,11
-5000,initial,91,Great zenlin Tribe,Western Plains,6,Calendar,11
-5000,initial,92,New quibeldus Tribe,Western Plains,100,Cordage and Knots,11
-5000,initial,92,New quibeldus Tribe,Western Plains,101,Hide Working and Tailored Clothing,11
-5000,initial,92,New quibeldus Tribe,Western Plains,102,Hafted Stone Tools,11
-5000,initial,92,New quibeldus Tribe,Western Plains,105,Food Preservation,11
-5000,initial,92,New quibeldus Tribe,Western Plains,106,Storage Pits and Containers,11
-5000,initial,92,New quibeldus Tribe,Western Plains,107,Seasonal Aggregation Camps,11
-5000,initial,92,New quibeldus Tribe,Western Plains,111,Grinding Stones,11
-5000,initial,92,New quibeldus Tribe,Western Plains,113,Sedentism,11
-5000,initial,92,New quibeldus Tribe,Western Plains,4,Mining,11
-5000,initial,92,New quibeldus Tribe,Western Plains,3,Archery,11
-5000,initial,92,New quibeldus Tribe,Western Plains,6,Calendar,11
-5000,initial,93,South lorquiran Tribe,Western Plains,100,Cordage and Knots,11
-5000,initial,93,South lorquiran Tribe,Western Plains,101,Hide Working and Tailored Clothing,11
-5000,initial,93,South lorquiran Tribe,Western Plains,102,Hafted Stone Tools,11
-5000,initial,93,South lorquiran Tribe,Western Plains,105,Food Preservation,11
-5000,initial,93,South lorquiran Tribe,Western Plains,106,Storage Pits and Containers,11
-5000,initial,93,South lorquiran Tribe,Western Plains,107,Seasonal Aggregation Camps,11
-5000,initial,93,South lorquiran Tribe,Western Plains,111,Grinding Stones,11
-5000,initial,93,South lorquiran Tribe,Western Plains,113,Sedentism,11
-5000,initial,93,South lorquiran Tribe,Western Plains,4,Mining,11
-5000,initial,93,South lorquiran Tribe,Western Plains,3,Archery,11
-5000,initial,93,South lorquiran Tribe,Western Plains,6,Calendar,11
-5000,initial,94,South terzenstan Tribe,Western Plains,100,Cordage and Knots,11
-5000,initial,94,South terzenstan Tribe,Western Plains,101,Hide Working and Tailored Clothing,11
-5000,initial,94,South terzenstan Tribe,Western Plains,102,Hafted Stone Tools,11
-5000,initial,94,South terzenstan Tribe,Western Plains,105,Food Preservation,11
-5000,initial,94,South terzenstan Tribe,Western Plains,106,Storage Pits and Containers,11
-5000,initial,94,South terzenstan Tribe,Western Plains,107,Seasonal Aggregation Camps,11
-5000,initial,94,South terzenstan Tribe,Western Plains,111,Grinding Stones,11
-5000,initial,94,South terzenstan Tribe,Western Plains,113,Sedentism,11
-5000,initial,94,South terzenstan Tribe,Western Plains,4,Mining,11
-5000,initial,94,South terzenstan Tribe,Western Plains,3,Archery,11
-5000,initial,94,South terzenstan Tribe,Western Plains,6,Calendar,11
-5000,initial,95,New vialorstan Tribe,Western Plains,100,Cordage and Knots,11
-5000,initial,95,New vialorstan Tribe,Western Plains,101,Hide Working and Tailored Clothing,11
-5000,initial,95,New vialorstan Tribe,Western Plains,102,Hafted Stone Tools,11
-5000,initial,95,New vialorstan Tribe,Western Plains,105,Food Preservation,11
-5000,initial,95,New vialorstan Tribe,Western Plains,106,Storage Pits and Containers,11
-5000,initial,95,New vialorstan Tribe,Western Plains,107,Seasonal Aggregation Camps,11
-5000,initial,95,New vialorstan Tribe,Western Plains,111,Grinding Stones,11
-5000,initial,95,New vialorstan Tribe,Western Plains,113,Sedentism,11
-5000,initial,95,New vialorstan Tribe,Western Plains,4,Mining,11
-5000,initial,95,New vialorstan Tribe,Western Plains,3,Archery,11
-5000,initial,95,New vialorstan Tribe,Western Plains,6,Calendar,11
-5000,initial,96,Duslorgrad Tribe,Western Plains,100,Cordage and Knots,11
-5000,initial,96,Duslorgrad Tribe,Western Plains,101,Hide Working and Tailored Clothing,11
-5000,initial,96,Duslorgrad Tribe,Western Plains,102,Hafted Stone Tools,11
-5000,initial,96,Duslorgrad Tribe,Western Plains,105,Food Preservation,11
-5000,initial,96,Duslorgrad Tribe,Western Plains,106,Storage Pits and Containers,11
-5000,initial,96,Duslorgrad Tribe,Western Plains,107,Seasonal Aggregation Camps,11
-5000,initial,96,Duslorgrad Tribe,Western Plains,111,Grinding Stones,11
-5000,initial,96,Duslorgrad Tribe,Western Plains,113,Sedentism,11
-5000,initial,96,Duslorgrad Tribe,Western Plains,4,Mining,11
-5000,initial,96,Duslorgrad Tribe,Western Plains,3,Archery,11
-5000,initial,96,Duslorgrad Tribe,Western Plains,6,Calendar,11
-5000,initial,97,New tersolromstan Tribe,Caribbean Seafaring,100,Cordage and Knots,12
-5000,initial,97,New tersolromstan Tribe,Caribbean Seafaring,101,Hide Working and Tailored Clothing,12
-5000,initial,97,New tersolromstan Tribe,Caribbean Seafaring,102,Hafted Stone Tools,12
-5000,initial,97,New tersolromstan Tribe,Caribbean Seafaring,104,Fishing Technology,12
-5000,initial,97,New tersolromstan Tribe,Caribbean Seafaring,105,Food Preservation,12
-5000,initial,97,New tersolromstan Tribe,Caribbean Seafaring,106,Storage Pits and Containers,12
-5000,initial,97,New tersolromstan Tribe,Caribbean Seafaring,107,Seasonal Aggregation Camps,12
-5000,initial,97,New tersolromstan Tribe,Caribbean Seafaring,108,Watercraft,12
-5000,initial,97,New tersolromstan Tribe,Caribbean Seafaring,113,Sedentism,12
-5000,initial,97,New tersolromstan Tribe,Caribbean Seafaring,3,Archery,12
-5000,initial,97,New tersolromstan Tribe,Caribbean Seafaring,5,Sailing,12
-5000,initial,97,New tersolromstan Tribe,Caribbean Seafaring,6,Calendar,12
-5000,initial,98,South rangitanehanaua Tribe,Oceanic Navigators,100,Cordage and Knots,12
-5000,initial,98,South rangitanehanaua Tribe,Oceanic Navigators,101,Hide Working and Tailored Clothing,12
-5000,initial,98,South rangitanehanaua Tribe,Oceanic Navigators,102,Hafted Stone Tools,12
-5000,initial,98,South rangitanehanaua Tribe,Oceanic Navigators,104,Fishing Technology,12
-5000,initial,98,South rangitanehanaua Tribe,Oceanic Navigators,105,Food Preservation,12
-5000,initial,98,South rangitanehanaua Tribe,Oceanic Navigators,106,Storage Pits and Containers,12
-5000,initial,98,South rangitanehanaua Tribe,Oceanic Navigators,107,Seasonal Aggregation Camps,12
-5000,initial,98,South rangitanehanaua Tribe,Oceanic Navigators,108,Watercraft,12
-5000,initial,98,South rangitanehanaua Tribe,Oceanic Navigators,113,Sedentism,12
-5000,initial,98,South rangitanehanaua Tribe,Oceanic Navigators,3,Archery,12
-5000,initial,98,South rangitanehanaua Tribe,Oceanic Navigators,5,Sailing,12
-5000,initial,98,South rangitanehanaua Tribe,Oceanic Navigators,6,Calendar,12
-5000,initial,99,Great tatanenui Tribe,Oceanic Navigators,100,Cordage and Knots,12
-5000,initial,99,Great tatanenui Tribe,Oceanic Navigators,101,Hide Working and Tailored Clothing,12
-5000,initial,99,Great tatanenui Tribe,Oceanic Navigators,102,Hafted Stone Tools,12
-5000,initial,99,Great tatanenui Tribe,Oceanic Navigators,104,Fishing Technology,12
-5000,initial,99,Great tatanenui Tribe,Oceanic Navigators,105,Food Preservation,12
-5000,initial,99,Great tatanenui Tribe,Oceanic Navigators,106,Storage Pits and Containers,12
-5000,initial,99,Great tatanenui Tribe,Oceanic Navigators,107,Seasonal Aggregation Camps,12
-5000,initial,99,Great tatanenui Tribe,Oceanic Navigators,108,Watercraft,12
-5000,initial,99,Great tatanenui Tribe,Oceanic Navigators,113,Sedentism,12
-5000,initial,99,Great tatanenui Tribe,Oceanic Navigators,3,Archery,12
-5000,initial,99,Great tatanenui Tribe,Oceanic Navigators,5,Sailing,12
-5000,initial,99,Great tatanenui Tribe,Oceanic Navigators,6,Calendar,12
-4985,initial,100,Great liqin Tribe,East Riverine,100,Cordage and Knots,11
-4985,initial,100,Great liqin Tribe,East Riverine,101,Hide Working and Tailored Clothing,11
-4985,initial,100,Great liqin Tribe,East Riverine,102,Hafted Stone Tools,11
-4985,initial,100,Great liqin Tribe,East Riverine,105,Food Preservation,11
-4985,initial,100,Great liqin Tribe,East Riverine,106,Storage Pits and Containers,11
-4985,initial,100,Great liqin Tribe,East Riverine,107,Seasonal Aggregation Camps,11
-4985,initial,100,Great liqin Tribe,East Riverine,110,Dog Domestication,11
-4985,initial,100,Great liqin Tribe,East Riverine,111,Grinding Stones,11
-4985,initial,100,Great liqin Tribe,East Riverine,116,Charcoal Firing,11
-4985,initial,100,Great liqin Tribe,East Riverine,4,Mining,11
-4985,initial,100,Great liqin Tribe,East Riverine,3,Archery,11
-4985,initial,101,North viaranteria Tribe,Western Plains,100,Cordage and Knots,8
-4985,initial,101,North viaranteria Tribe,Western Plains,101,Hide Working and Tailored Clothing,8
-4985,initial,101,North viaranteria Tribe,Western Plains,102,Hafted Stone Tools,8
-4985,initial,101,North viaranteria Tribe,Western Plains,105,Food Preservation,8
-4985,initial,101,North viaranteria Tribe,Western Plains,106,Storage Pits and Containers,8
-4985,initial,101,North viaranteria Tribe,Western Plains,107,Seasonal Aggregation Camps,8
-4985,initial,101,North viaranteria Tribe,Western Plains,111,Grinding Stones,8
-4985,initial,101,North viaranteria Tribe,Western Plains,3,Archery,8
-4975,initial,102,New sumayana Tribe,Andean Highland,100,Cordage and Knots,9
-4975,initial,102,New sumayana Tribe,Andean Highland,101,Hide Working and Tailored Clothing,9
-4975,initial,102,New sumayana Tribe,Andean Highland,102,Hafted Stone Tools,9
-4975,initial,102,New sumayana Tribe,Andean Highland,105,Food Preservation,9
-4975,initial,102,New sumayana Tribe,Andean Highland,106,Storage Pits and Containers,9
-4975,initial,102,New sumayana Tribe,Andean Highland,107,Seasonal Aggregation Camps,9
-4975,initial,102,New sumayana Tribe,Andean Highland,111,Grinding Stones,9
-4975,initial,102,New sumayana Tribe,Andean Highland,116,Charcoal Firing,9
-4975,initial,102,New sumayana Tribe,Andean Highland,3,Archery,9
-4970,initial,103,Great quilingrad Tribe,Western Plains,100,Cordage and Knots,9
-4970,initial,103,Great quilingrad Tribe,Western Plains,101,Hide Working and Tailored Clothing,9
-4970,initial,103,Great quilingrad Tribe,Western Plains,102,Hafted Stone Tools,9
-4970,initial,103,Great quilingrad Tribe,Western Plains,105,Food Preservation,9
-4970,initial,103,Great quilingrad Tribe,Western Plains,106,Storage Pits and Containers,9
-4970,initial,103,Great quilingrad Tribe,Western Plains,107,Seasonal Aggregation Camps,9
-4970,initial,103,Great quilingrad Tribe,Western Plains,111,Grinding Stones,9
-4970,initial,103,Great quilingrad Tribe,Western Plains,4,Mining,9
-4970,initial,103,Great quilingrad Tribe,Western Plains,3,Archery,9
-4970,initial,104,South ravishadesh Tribe,Indic Riverine,100,Cordage and Knots,17
-4970,initial,104,South ravishadesh Tribe,Indic Riverine,101,Hide Working and Tailored Clothing,17
-4970,initial,104,South ravishadesh Tribe,Indic Riverine,102,Hafted Stone Tools,17
-4970,initial,104,South ravishadesh Tribe,Indic Riverine,105,Food Preservation,17
-4970,initial,104,South ravishadesh Tribe,Indic Riverine,106,Storage Pits and Containers,17
-4970,initial,104,South ravishadesh Tribe,Indic Riverine,107,Seasonal Aggregation Camps,17
-4970,initial,104,South ravishadesh Tribe,Indic Riverine,110,Dog Domestication,17
-4970,initial,104,South ravishadesh Tribe,Indic Riverine,111,Grinding Stones,17
-4970,initial,104,South ravishadesh Tribe,Indic Riverine,112,Proto-cultivation,17
-4970,initial,104,South ravishadesh Tribe,Indic Riverine,113,Sedentism,17
-4970,initial,104,South ravishadesh Tribe,Indic Riverine,114,Enclosures and Herd Management,17
-4970,initial,104,South ravishadesh Tribe,Indic Riverine,115,Counting Tokens and Tallies,17
-4970,initial,104,South ravishadesh Tribe,Indic Riverine,116,Charcoal Firing,17
-4970,initial,104,South ravishadesh Tribe,Indic Riverine,1,Pottery,17
-4970,initial,104,South ravishadesh Tribe,Indic Riverine,20,Agriculture,17
-4970,initial,104,South ravishadesh Tribe,Indic Riverine,3,Archery,17
-4970,initial,104,South ravishadesh Tribe,Indic Riverine,6,Calendar,17
-4950,initial,105,Old ayapachsuma Tribe,Andean Highland,100,Cordage and Knots,10
-4950,initial,105,Old ayapachsuma Tribe,Andean Highland,101,Hide Working and Tailored Clothing,10
-4950,initial,105,Old ayapachsuma Tribe,Andean Highland,102,Hafted Stone Tools,10
-4950,initial,105,Old ayapachsuma Tribe,Andean Highland,105,Food Preservation,10
-4950,initial,105,Old ayapachsuma Tribe,Andean Highland,106,Storage Pits and Containers,10
-4950,initial,105,Old ayapachsuma Tribe,Andean Highland,107,Seasonal Aggregation Camps,10
-4950,initial,105,Old ayapachsuma Tribe,Andean Highland,111,Grinding Stones,10
-4950,initial,105,Old ayapachsuma Tribe,Andean Highland,116,Charcoal Firing,10
-4950,initial,105,Old ayapachsuma Tribe,Andean Highland,4,Mining,10
-4950,initial,105,Old ayapachsuma Tribe,Andean Highland,3,Archery,10
-4945,initial,106,South tansurdesh Tribe,Indic Riverine,100,Cordage and Knots,10
-4945,initial,106,South tansurdesh Tribe,Indic Riverine,101,Hide Working and Tailored Clothing,10
-4945,initial,106,South tansurdesh Tribe,Indic Riverine,102,Hafted Stone Tools,10
-4945,initial,106,South tansurdesh Tribe,Indic Riverine,105,Food Preservation,10
-4945,initial,106,South tansurdesh Tribe,Indic Riverine,106,Storage Pits and Containers,10
-4945,initial,106,South tansurdesh Tribe,Indic Riverine,107,Seasonal Aggregation Camps,10
-4945,initial,106,South tansurdesh Tribe,Indic Riverine,110,Dog Domestication,10
-4945,initial,106,South tansurdesh Tribe,Indic Riverine,111,Grinding Stones,10
-4945,initial,106,South tansurdesh Tribe,Indic Riverine,116,Charcoal Firing,10
-4945,initial,106,South tansurdesh Tribe,Indic Riverine,3,Archery,10
-4915,initial,107,Ngobarara Tribe,Central Forest,100,Cordage and Knots,10
-4915,initial,107,Ngobarara Tribe,Central Forest,101,Hide Working and Tailored Clothing,10
-4915,initial,107,Ngobarara Tribe,Central Forest,102,Hafted Stone Tools,10
-4915,initial,107,Ngobarara Tribe,Central Forest,105,Food Preservation,10
-4915,initial,107,Ngobarara Tribe,Central Forest,106,Storage Pits and Containers,10
-4915,initial,107,Ngobarara Tribe,Central Forest,107,Seasonal Aggregation Camps,10
-4915,initial,107,Ngobarara Tribe,Central Forest,111,Grinding Stones,10
-4915,initial,107,Ngobarara Tribe,Central Forest,116,Charcoal Firing,10
-4915,initial,107,Ngobarara Tribe,Central Forest,4,Mining,10
-4915,initial,107,Ngobarara Tribe,Central Forest,3,Archery,10
-4910,initial,108,North barkatanene Tribe,West Sahel,100,Cordage and Knots,14
-4910,initial,108,North barkatanene Tribe,West Sahel,101,Hide Working and Tailored Clothing,14
-4910,initial,108,North barkatanene Tribe,West Sahel,102,Hafted Stone Tools,14
-4910,initial,108,North barkatanene Tribe,West Sahel,105,Food Preservation,14
-4910,initial,108,North barkatanene Tribe,West Sahel,106,Storage Pits and Containers,14
-4910,initial,108,North barkatanene Tribe,West Sahel,107,Seasonal Aggregation Camps,14
-4910,initial,108,North barkatanene Tribe,West Sahel,111,Grinding Stones,14
-4910,initial,108,North barkatanene Tribe,West Sahel,112,Proto-cultivation,14
-4910,initial,108,North barkatanene Tribe,West Sahel,113,Sedentism,14
-4910,initial,108,North barkatanene Tribe,West Sahel,116,Charcoal Firing,14
-4910,initial,108,North barkatanene Tribe,West Sahel,1,Pottery,14
-4910,initial,108,North barkatanene Tribe,West Sahel,20,Agriculture,14
-4910,initial,108,North barkatanene Tribe,West Sahel,3,Archery,14
-4910,initial,108,North barkatanene Tribe,West Sahel,6,Calendar,14
-4905,initial,109,Renxiataizhou Tribe,East Riverine,100,Cordage and Knots,10
-4905,initial,109,Renxiataizhou Tribe,East Riverine,101,Hide Working and Tailored Clothing,10
-4905,initial,109,Renxiataizhou Tribe,East Riverine,102,Hafted Stone Tools,10
-4905,initial,109,Renxiataizhou Tribe,East Riverine,105,Food Preservation,10
-4905,initial,109,Renxiataizhou Tribe,East Riverine,106,Storage Pits and Containers,10
-4905,initial,109,Renxiataizhou Tribe,East Riverine,107,Seasonal Aggregation Camps,10
-4905,initial,109,Renxiataizhou Tribe,East Riverine,110,Dog Domestication,10
-4905,initial,109,Renxiataizhou Tribe,East Riverine,111,Grinding Stones,10
-4905,initial,109,Renxiataizhou Tribe,East Riverine,116,Charcoal Firing,10
-4905,initial,109,Renxiataizhou Tribe,East Riverine,3,Archery,10
-4900,initial,110,South marquiquistan Tribe,Steppe Nomadic,100,Cordage and Knots,9
-4900,initial,110,South marquiquistan Tribe,Steppe Nomadic,101,Hide Working and Tailored Clothing,9
-4900,initial,110,South marquiquistan Tribe,Steppe Nomadic,102,Hafted Stone Tools,9
-4900,initial,110,South marquiquistan Tribe,Steppe Nomadic,105,Food Preservation,9
-4900,initial,110,South marquiquistan Tribe,Steppe Nomadic,106,Storage Pits and Containers,9
-4900,initial,110,South marquiquistan Tribe,Steppe Nomadic,107,Seasonal Aggregation Camps,9
-4900,initial,110,South marquiquistan Tribe,Steppe Nomadic,110,Dog Domestication,9
-4900,initial,110,South marquiquistan Tribe,Steppe Nomadic,111,Grinding Stones,9
-4900,initial,110,South marquiquistan Tribe,Steppe Nomadic,3,Archery,9
-4890,initial,111,Great ashninan Tribe,Fertile Crescent,100,Cordage and Knots,12
-4890,initial,111,Great ashninan Tribe,Fertile Crescent,101,Hide Working and Tailored Clothing,12
-4890,initial,111,Great ashninan Tribe,Fertile Crescent,102,Hafted Stone Tools,12
-4890,initial,111,Great ashninan Tribe,Fertile Crescent,105,Food Preservation,12
-4890,initial,111,Great ashninan Tribe,Fertile Crescent,106,Storage Pits and Containers,12
-4890,initial,111,Great ashninan Tribe,Fertile Crescent,107,Seasonal Aggregation Camps,12
-4890,initial,111,Great ashninan Tribe,Fertile Crescent,110,Dog Domestication,12
-4890,initial,111,Great ashninan Tribe,Fertile Crescent,111,Grinding Stones,12
-4890,initial,111,Great ashninan Tribe,Fertile Crescent,116,Charcoal Firing,12
-4890,initial,111,Great ashninan Tribe,Fertile Crescent,119,Native Copper Working,12
-4890,initial,111,Great ashninan Tribe,Fertile Crescent,4,Mining,12
-4890,initial,111,Great ashninan Tribe,Fertile Crescent,3,Archery,12
-4890,initial,112,Llaqqorimarca Tribe,Andean Highland,100,Cordage and Knots,13
-4890,initial,112,Llaqqorimarca Tribe,Andean Highland,101,Hide Working and Tailored Clothing,13
-4890,initial,112,Llaqqorimarca Tribe,Andean Highland,102,Hafted Stone Tools,13
-4890,initial,112,Llaqqorimarca Tribe,Andean Highland,105,Food Preservation,13
-4890,initial,112,Llaqqorimarca Tribe,Andean Highland,106,Storage Pits and Containers,13
-4890,initial,112,Llaqqorimarca Tribe,Andean Highland,107,Seasonal Aggregation Camps,13
-4890,initial,112,Llaqqorimarca Tribe,Andean Highland,111,Grinding Stones,13
-4890,initial,112,Llaqqorimarca Tribe,Andean Highland,113,Sedentism,13
-4890,initial,112,Llaqqorimarca Tribe,Andean Highland,116,Charcoal Firing,13
-4890,initial,112,Llaqqorimarca Tribe,Andean Highland,1,Pottery,13
-4890,initial,112,Llaqqorimarca Tribe,Andean Highland,4,Mining,13
-4890,initial,112,Llaqqorimarca Tribe,Andean Highland,3,Archery,13
-4890,initial,112,Llaqqorimarca Tribe,Andean Highland,6,Calendar,13
-4880,initial,113,Great weiqinling Tribe,East Riverine,100,Cordage and Knots,17
-4880,initial,113,Great weiqinling Tribe,East Riverine,101,Hide Working and Tailored Clothing,17
-4880,initial,113,Great weiqinling Tribe,East Riverine,102,Hafted Stone Tools,17
-4880,initial,113,Great weiqinling Tribe,East Riverine,105,Food Preservation,17
-4880,initial,113,Great weiqinling Tribe,East Riverine,106,Storage Pits and Containers,17
-4880,initial,113,Great weiqinling Tribe,East Riverine,107,Seasonal Aggregation Camps,17
-4880,initial,113,Great weiqinling Tribe,East Riverine,110,Dog Domestication,17
-4880,initial,113,Great weiqinling Tribe,East Riverine,111,Grinding Stones,17
-4880,initial,113,Great weiqinling Tribe,East Riverine,112,Proto-cultivation,17
-4880,initial,113,Great weiqinling Tribe,East Riverine,113,Sedentism,17
-4880,initial,113,Great weiqinling Tribe,East Riverine,114,Enclosures and Herd Management,17
-4880,initial,113,Great weiqinling Tribe,East Riverine,115,Counting Tokens and Tallies,17
-4880,initial,113,Great weiqinling Tribe,East Riverine,116,Charcoal Firing,17
-4880,initial,113,Great weiqinling Tribe,East Riverine,1,Pottery,17
-4880,initial,113,Great weiqinling Tribe,East Riverine,20,Agriculture,17
-4880,initial,113,Great weiqinling Tribe,East Riverine,3,Archery,17
-4880,initial,113,Great weiqinling Tribe,East Riverine,6,Calendar,17
-4875,initial,114,Old tamtaman Tribe,Fertile Crescent,100,Cordage and Knots,12
-4875,initial,114,Old tamtaman Tribe,Fertile Crescent,101,Hide Working and Tailored Clothing,12
-4875,initial,114,Old tamtaman Tribe,Fertile Crescent,102,Hafted Stone Tools,12
-4875,initial,114,Old tamtaman Tribe,Fertile Crescent,105,Food Preservation,12
-4875,initial,114,Old tamtaman Tribe,Fertile Crescent,106,Storage Pits and Containers,12
-4875,initial,114,Old tamtaman Tribe,Fertile Crescent,107,Seasonal Aggregation Camps,12
-4875,initial,114,Old tamtaman Tribe,Fertile Crescent,110,Dog Domestication,12
-4875,initial,114,Old tamtaman Tribe,Fertile Crescent,111,Grinding Stones,12
-4875,initial,114,Old tamtaman Tribe,Fertile Crescent,116,Charcoal Firing,12
-4875,initial,114,Old tamtaman Tribe,Fertile Crescent,119,Native Copper Working,12
-4875,initial,114,Old tamtaman Tribe,Fertile Crescent,4,Mining,12
-4875,initial,114,Old tamtaman Tribe,Fertile Crescent,3,Archery,12
-4845,initial,115,Old qinweishan Tribe,East Riverine,100,Cordage and Knots,10
-4845,initial,115,Old qinweishan Tribe,East Riverine,101,Hide Working and Tailored Clothing,10
-4845,initial,115,Old qinweishan Tribe,East Riverine,102,Hafted Stone Tools,10
-4845,initial,115,Old qinweishan Tribe,East Riverine,105,Food Preservation,10
-4845,initial,115,Old qinweishan Tribe,East Riverine,106,Storage Pits and Containers,10
-4845,initial,115,Old qinweishan Tribe,East Riverine,107,Seasonal Aggregation Camps,10
-4845,initial,115,Old qinweishan Tribe,East Riverine,110,Dog Domestication,10
-4845,initial,115,Old qinweishan Tribe,East Riverine,111,Grinding Stones,10
-4845,initial,115,Old qinweishan Tribe,East Riverine,116,Charcoal Firing,10
-4845,initial,115,Old qinweishan Tribe,East Riverine,3,Archery,10
-4815,initial,116,South romterland Tribe,Steppe Nomadic,100,Cordage and Knots,9
-4815,initial,116,South romterland Tribe,Steppe Nomadic,101,Hide Working and Tailored Clothing,9
-4815,initial,116,South romterland Tribe,Steppe Nomadic,102,Hafted Stone Tools,9
-4815,initial,116,South romterland Tribe,Steppe Nomadic,105,Food Preservation,9
-4815,initial,116,South romterland Tribe,Steppe Nomadic,106,Storage Pits and Containers,9
-4815,initial,116,South romterland Tribe,Steppe Nomadic,107,Seasonal Aggregation Camps,9
-4815,initial,116,South romterland Tribe,Steppe Nomadic,110,Dog Domestication,9
-4815,initial,116,South romterland Tribe,Steppe Nomadic,111,Grinding Stones,9
-4815,initial,116,South romterland Tribe,Steppe Nomadic,3,Archery,9
-4800,initial,117,South ninesh Tribe,Fertile Crescent,100,Cordage and Knots,10
-4800,initial,117,South ninesh Tribe,Fertile Crescent,101,Hide Working and Tailored Clothing,10
-4800,initial,117,South ninesh Tribe,Fertile Crescent,102,Hafted Stone Tools,10
-4800,initial,117,South ninesh Tribe,Fertile Crescent,105,Food Preservation,10
-4800,initial,117,South ninesh Tribe,Fertile Crescent,106,Storage Pits and Containers,10
-4800,initial,117,South ninesh Tribe,Fertile Crescent,107,Seasonal Aggregation Camps,10
-4800,initial,117,South ninesh Tribe,Fertile Crescent,110,Dog Domestication,10
-4800,initial,117,South ninesh Tribe,Fertile Crescent,111,Grinding Stones,10
-4800,initial,117,South ninesh Tribe,Fertile Crescent,116,Charcoal Firing,10
-4800,initial,117,South ninesh Tribe,Fertile Crescent,3,Archery,10
-4780,initial,118,Old terzenromgrad Tribe,Eastern Woodland,100,Cordage and Knots,8
-4780,initial,118,Old terzenromgrad Tribe,Eastern Woodland,101,Hide Working and Tailored Clothing,8
-4780,initial,118,Old terzenromgrad Tribe,Eastern Woodland,102,Hafted Stone Tools,8
-4780,initial,118,Old terzenromgrad Tribe,Eastern Woodland,105,Food Preservation,8
-4780,initial,118,Old terzenromgrad Tribe,Eastern Woodland,106,Storage Pits and Containers,8
-4780,initial,118,Old terzenromgrad Tribe,Eastern Woodland,107,Seasonal Aggregation Camps,8
-4780,initial,118,Old terzenromgrad Tribe,Eastern Woodland,111,Grinding Stones,8
-4780,initial,118,Old terzenromgrad Tribe,Eastern Woodland,3,Archery,8
-4755,initial,119,Old yucnahtempan Tribe,Mesoamerican,100,Cordage and Knots,14
-4755,initial,119,Old yucnahtempan Tribe,Mesoamerican,101,Hide Working and Tailored Clothing,14
-4755,initial,119,Old yucnahtempan Tribe,Mesoamerican,102,Hafted Stone Tools,14
-4755,initial,119,Old yucnahtempan Tribe,Mesoamerican,105,Food Preservation,14
-4755,initial,119,Old yucnahtempan Tribe,Mesoamerican,106,Storage Pits and Containers,14
-4755,initial,119,Old yucnahtempan Tribe,Mesoamerican,107,Seasonal Aggregation Camps,14
-4755,initial,119,Old yucnahtempan Tribe,Mesoamerican,111,Grinding Stones,14
-4755,initial,119,Old yucnahtempan Tribe,Mesoamerican,112,Proto-cultivation,14
-4755,initial,119,Old yucnahtempan Tribe,Mesoamerican,113,Sedentism,14
-4755,initial,119,Old yucnahtempan Tribe,Mesoamerican,116,Charcoal Firing,14
-4755,initial,119,Old yucnahtempan Tribe,Mesoamerican,1,Pottery,14
-4755,initial,119,Old yucnahtempan Tribe,Mesoamerican,20,Agriculture,14
-4755,initial,119,Old yucnahtempan Tribe,Mesoamerican,3,Archery,14
-4755,initial,119,Old yucnahtempan Tribe,Mesoamerican,6,Calendar,14
-4750,initial,120,Old kinbeldusgrad Kingdom,Western Plains,100,Cordage and Knots,9
-4750,initial,120,Old kinbeldusgrad Kingdom,Western Plains,101,Hide Working and Tailored Clothing,9
-4750,initial,120,Old kinbeldusgrad Kingdom,Western Plains,102,Hafted Stone Tools,9
-4750,initial,120,Old kinbeldusgrad Kingdom,Western Plains,105,Food Preservation,9
-4750,initial,120,Old kinbeldusgrad Kingdom,Western Plains,106,Storage Pits and Containers,9
-4750,initial,120,Old kinbeldusgrad Kingdom,Western Plains,107,Seasonal Aggregation Camps,9
-4750,initial,120,Old kinbeldusgrad Kingdom,Western Plains,111,Grinding Stones,9
-4750,initial,120,Old kinbeldusgrad Kingdom,Western Plains,4,Mining,9
-4750,initial,120,Old kinbeldusgrad Kingdom,Western Plains,3,Archery,9
-4720,initial,121,Old garnaromland Tribe,Western Plains,100,Cordage and Knots,8
-4720,initial,121,Old garnaromland Tribe,Western Plains,101,Hide Working and Tailored Clothing,8
-4720,initial,121,Old garnaromland Tribe,Western Plains,102,Hafted Stone Tools,8
-4720,initial,121,Old garnaromland Tribe,Western Plains,105,Food Preservation,8
-4720,initial,121,Old garnaromland Tribe,Western Plains,106,Storage Pits and Containers,8
-4720,initial,121,Old garnaromland Tribe,Western Plains,107,Seasonal Aggregation Camps,8
-4720,initial,121,Old garnaromland Tribe,Western Plains,111,Grinding Stones,8
-4720,initial,121,Old garnaromland Tribe,Western Plains,3,Archery,8
-4675,initial,122,New sumpachpach Kingdom,Andean Highland,100,Cordage and Knots,9
-4675,initial,122,New sumpachpach Kingdom,Andean Highland,101,Hide Working and Tailored Clothing,9
-4675,initial,122,New sumpachpach Kingdom,Andean Highland,102,Hafted Stone Tools,9
-4675,initial,122,New sumpachpach Kingdom,Andean Highland,105,Food Preservation,9
-4675,initial,122,New sumpachpach Kingdom,Andean Highland,106,Storage Pits and Containers,9
-4675,initial,122,New sumpachpach Kingdom,Andean Highland,107,Seasonal Aggregation Camps,9
-4675,initial,122,New sumpachpach Kingdom,Andean Highland,111,Grinding Stones,9
-4675,initial,122,New sumpachpach Kingdom,Andean Highland,116,Charcoal Firing,9
-4675,initial,122,New sumpachpach Kingdom,Andean Highland,3,Archery,9
-4635,initial,123,North selnorum Tribe,Atlantic Fringe,100,Cordage and Knots,10
-4635,initial,123,North selnorum Tribe,Atlantic Fringe,101,Hide Working and Tailored Clothing,10
-4635,initial,123,North selnorum Tribe,Atlantic Fringe,102,Hafted Stone Tools,10
-4635,initial,123,North selnorum Tribe,Atlantic Fringe,105,Food Preservation,10
-4635,initial,123,North selnorum Tribe,Atlantic Fringe,106,Storage Pits and Containers,10
-4635,initial,123,North selnorum Tribe,Atlantic Fringe,107,Seasonal Aggregation Camps,10
-4635,initial,123,North selnorum Tribe,Atlantic Fringe,111,Grinding Stones,10
-4635,initial,123,North selnorum Tribe,Atlantic Fringe,116,Charcoal Firing,10
-4635,initial,123,North selnorum Tribe,Atlantic Fringe,4,Mining,10
-4635,initial,123,North selnorum Tribe,Atlantic Fringe,3,Archery,10
-4610,initial,124,Great garbelia Kingdom,Steppe Nomadic,100,Cordage and Knots,9
-4610,initial,124,Great garbelia Kingdom,Steppe Nomadic,101,Hide Working and Tailored Clothing,9
-4610,initial,124,Great garbelia Kingdom,Steppe Nomadic,102,Hafted Stone Tools,9
-4610,initial,124,Great garbelia Kingdom,Steppe Nomadic,105,Food Preservation,9
-4610,initial,124,Great garbelia Kingdom,Steppe Nomadic,106,Storage Pits and Containers,9
-4610,initial,124,Great garbelia Kingdom,Steppe Nomadic,107,Seasonal Aggregation Camps,9
-4610,initial,124,Great garbelia Kingdom,Steppe Nomadic,110,Dog Domestication,9
-4610,initial,124,Great garbelia Kingdom,Steppe Nomadic,111,Grinding Stones,9
-4610,initial,124,Great garbelia Kingdom,Steppe Nomadic,3,Archery,9
-4525,initial,125,Old zenviastan Tribe,Eastern Woodland,100,Cordage and Knots,8
-4525,initial,125,Old zenviastan Tribe,Eastern Woodland,101,Hide Working and Tailored Clothing,8
-4525,initial,125,Old zenviastan Tribe,Eastern Woodland,102,Hafted Stone Tools,8
-4525,initial,125,Old zenviastan Tribe,Eastern Woodland,105,Food Preservation,8
-4525,initial,125,Old zenviastan Tribe,Eastern Woodland,106,Storage Pits and Containers,8
-4525,initial,125,Old zenviastan Tribe,Eastern Woodland,107,Seasonal Aggregation Camps,8
-4525,initial,125,Old zenviastan Tribe,Eastern Woodland,111,Grinding Stones,8
-4525,initial,125,Old zenviastan Tribe,Eastern Woodland,3,Archery,8
-4500,initial,126,North lorquiland Tribe,Western Plains,100,Cordage and Knots,8
-4500,initial,126,North lorquiland Tribe,Western Plains,101,Hide Working and Tailored Clothing,8
-4500,initial,126,North lorquiland Tribe,Western Plains,102,Hafted Stone Tools,8
-4500,initial,126,North lorquiland Tribe,Western Plains,105,Food Preservation,8
-4500,initial,126,North lorquiland Tribe,Western Plains,106,Storage Pits and Containers,8
-4500,initial,126,North lorquiland Tribe,Western Plains,107,Seasonal Aggregation Camps,8
-4500,initial,126,North lorquiland Tribe,Western Plains,111,Grinding Stones,8
-4500,initial,126,North lorquiland Tribe,Western Plains,3,Archery,8
-4455,initial,127,North linsolsolia Tribe,Western Plains,100,Cordage and Knots,9
-4455,initial,127,North linsolsolia Tribe,Western Plains,101,Hide Working and Tailored Clothing,9
-4455,initial,127,North linsolsolia Tribe,Western Plains,102,Hafted Stone Tools,9
-4455,initial,127,North linsolsolia Tribe,Western Plains,105,Food Preservation,9
-4455,initial,127,North linsolsolia Tribe,Western Plains,106,Storage Pits and Containers,9
-4455,initial,127,North linsolsolia Tribe,Western Plains,107,Seasonal Aggregation Camps,9
-4455,initial,127,North linsolsolia Tribe,Western Plains,111,Grinding Stones,9
-4455,initial,127,North linsolsolia Tribe,Western Plains,4,Mining,9
-4455,initial,127,North linsolsolia Tribe,Western Plains,3,Archery,9
-4450,initial,128,North qintaiwei Tribe,East Riverine,100,Cordage and Knots,10
-4450,initial,128,North qintaiwei Tribe,East Riverine,101,Hide Working and Tailored Clothing,10
-4450,initial,128,North qintaiwei Tribe,East Riverine,102,Hafted Stone Tools,10
-4450,initial,128,North qintaiwei Tribe,East Riverine,105,Food Preservation,10
-4450,initial,128,North qintaiwei Tribe,East Riverine,106,Storage Pits and Containers,10
-4450,initial,128,North qintaiwei Tribe,East Riverine,107,Seasonal Aggregation Camps,10
-4450,initial,128,North qintaiwei Tribe,East Riverine,110,Dog Domestication,10
-4450,initial,128,North qintaiwei Tribe,East Riverine,111,Grinding Stones,10
-4450,initial,128,North qintaiwei Tribe,East Riverine,116,Charcoal Firing,10
-4450,initial,128,North qintaiwei Tribe,East Riverine,3,Archery,10
-4420,initial,129,North sollinzenland Tribe,Western Plains,100,Cordage and Knots,8
-4420,initial,129,North sollinzenland Tribe,Western Plains,101,Hide Working and Tailored Clothing,8
-4420,initial,129,North sollinzenland Tribe,Western Plains,102,Hafted Stone Tools,8
-4420,initial,129,North sollinzenland Tribe,Western Plains,105,Food Preservation,8
-4420,initial,129,North sollinzenland Tribe,Western Plains,106,Storage Pits and Containers,8
-4420,initial,129,North sollinzenland Tribe,Western Plains,107,Seasonal Aggregation Camps,8
-4420,initial,129,North sollinzenland Tribe,Western Plains,111,Grinding Stones,8
-4420,initial,129,North sollinzenland Tribe,Western Plains,3,Archery,8
-4350,initial,130,South belranvia Tribe,Eastern Woodland,100,Cordage and Knots,9
-4350,initial,130,South belranvia Tribe,Eastern Woodland,101,Hide Working and Tailored Clothing,9
-4350,initial,130,South belranvia Tribe,Eastern Woodland,102,Hafted Stone Tools,9
-4350,initial,130,South belranvia Tribe,Eastern Woodland,105,Food Preservation,9
-4350,initial,130,South belranvia Tribe,Eastern Woodland,106,Storage Pits and Containers,9
-4350,initial,130,South belranvia Tribe,Eastern Woodland,107,Seasonal Aggregation Camps,9
-4350,initial,130,South belranvia Tribe,Eastern Woodland,111,Grinding Stones,9
-4350,initial,130,South belranvia Tribe,Eastern Woodland,4,Mining,9
-4350,initial,130,South belranvia Tribe,Eastern Woodland,3,Archery,9
-4340,initial,131,Great naquistan Kingdom,Eastern Woodland,100,Cordage and Knots,8
-4340,initial,131,Great naquistan Kingdom,Eastern Woodland,101,Hide Working and Tailored Clothing,8
-4340,initial,131,Great naquistan Kingdom,Eastern Woodland,102,Hafted Stone Tools,8
-4340,initial,131,Great naquistan Kingdom,Eastern Woodland,105,Food Preservation,8
-4340,initial,131,Great naquistan Kingdom,Eastern Woodland,106,Storage Pits and Containers,8
-4340,initial,131,Great naquistan Kingdom,Eastern Woodland,107,Seasonal Aggregation Camps,8
-4340,initial,131,Great naquistan Kingdom,Eastern Woodland,111,Grinding Stones,8
-4340,initial,131,Great naquistan Kingdom,Eastern Woodland,3,Archery,8
-4260,initial,132,Old weilishan Tribe,East Riverine,100,Cordage and Knots,11
-4260,initial,132,Old weilishan Tribe,East Riverine,101,Hide Working and Tailored Clothing,11
-4260,initial,132,Old weilishan Tribe,East Riverine,102,Hafted Stone Tools,11
-4260,initial,132,Old weilishan Tribe,East Riverine,105,Food Preservation,11
-4260,initial,132,Old weilishan Tribe,East Riverine,106,Storage Pits and Containers,11
-4260,initial,132,Old weilishan Tribe,East Riverine,107,Seasonal Aggregation Camps,11
-4260,initial,132,Old weilishan Tribe,East Riverine,110,Dog Domestication,11
-4260,initial,132,Old weilishan Tribe,East Riverine,111,Grinding Stones,11
-4260,initial,132,Old weilishan Tribe,East Riverine,116,Charcoal Firing,11
-4260,initial,132,Old weilishan Tribe,East Riverine,4,Mining,11
-4260,initial,132,Old weilishan Tribe,East Riverine,3,Archery,11
-4190,initial,133,Old ofiofi Tribe,North Saharan,100,Cordage and Knots,10
-4190,initial,133,Old ofiofi Tribe,North Saharan,101,Hide Working and Tailored Clothing,10
-4190,initial,133,Old ofiofi Tribe,North Saharan,102,Hafted Stone Tools,10
-4190,initial,133,Old ofiofi Tribe,North Saharan,105,Food Preservation,10
-4190,initial,133,Old ofiofi Tribe,North Saharan,106,Storage Pits and Containers,10
-4190,initial,133,Old ofiofi Tribe,North Saharan,107,Seasonal Aggregation Camps,10
-4190,initial,133,Old ofiofi Tribe,North Saharan,110,Dog Domestication,10
-4190,initial,133,Old ofiofi Tribe,North Saharan,111,Grinding Stones,10
-4190,initial,133,Old ofiofi Tribe,North Saharan,116,Charcoal Firing,10
-4190,initial,133,Old ofiofi Tribe,North Saharan,3,Archery,10
-4025,initial,134,Hivahananui Tribe,Oceanic Navigators,100,Cordage and Knots,7
-4025,initial,134,Hivahananui Tribe,Oceanic Navigators,101,Hide Working and Tailored Clothing,7
-4025,initial,134,Hivahananui Tribe,Oceanic Navigators,102,Hafted Stone Tools,7
-4025,initial,134,Hivahananui Tribe,Oceanic Navigators,105,Food Preservation,7
-4025,initial,134,Hivahananui Tribe,Oceanic Navigators,106,Storage Pits and Containers,7
-4025,initial,134,Hivahananui Tribe,Oceanic Navigators,107,Seasonal Aggregation Camps,7
-4025,initial,134,Hivahananui Tribe,Oceanic Navigators,3,Archery,7
-3970,initial,135,Great ngoofichiene Kingdom,North Saharan,100,Cordage and Knots,10
-3970,initial,135,Great ngoofichiene Kingdom,North Saharan,101,Hide Working and Tailored Clothing,10
-3970,initial,135,Great ngoofichiene Kingdom,North Saharan,102,Hafted Stone Tools,10
-3970,initial,135,Great ngoofichiene Kingdom,North Saharan,105,Food Preservation,10
-3970,initial,135,Great ngoofichiene Kingdom,North Saharan,106,Storage Pits and Containers,10
-3970,initial,135,Great ngoofichiene Kingdom,North Saharan,107,Seasonal Aggregation Camps,10
-3970,initial,135,Great ngoofichiene Kingdom,North Saharan,110,Dog Domestication,10
-3970,initial,135,Great ngoofichiene Kingdom,North Saharan,111,Grinding Stones,10
-3970,initial,135,Great ngoofichiene Kingdom,North Saharan,116,Charcoal Firing,10
-3970,initial,135,Great ngoofichiene Kingdom,North Saharan,3,Archery,10
-3920,initial,136,Old rahiva Tribe,Oceanic Navigators,100,Cordage and Knots,7
-3920,initial,136,Old rahiva Tribe,Oceanic Navigators,101,Hide Working and Tailored Clothing,7
-3920,initial,136,Old rahiva Tribe,Oceanic Navigators,102,Hafted Stone Tools,7
-3920,initial,136,Old rahiva Tribe,Oceanic Navigators,105,Food Preservation,7
-3920,initial,136,Old rahiva Tribe,Oceanic Navigators,106,Storage Pits and Containers,7
-3920,initial,136,Old rahiva Tribe,Oceanic Navigators,107,Seasonal Aggregation Camps,7
-3920,initial,136,Old rahiva Tribe,Oceanic Navigators,3,Archery,7
-3845,initial,137,Kinromterland Kingdom,Western Plains,100,Cordage and Knots,8
-3845,initial,137,Kinromterland Kingdom,Western Plains,101,Hide Working and Tailored Clothing,8
-3845,initial,137,Kinromterland Kingdom,Western Plains,102,Hafted Stone Tools,8
-3845,initial,137,Kinromterland Kingdom,Western Plains,105,Food Preservation,8
-3845,initial,137,Kinromterland Kingdom,Western Plains,106,Storage Pits and Containers,8
-3845,initial,137,Kinromterland Kingdom,Western Plains,107,Seasonal Aggregation Camps,8
-3845,initial,137,Kinromterland Kingdom,Western Plains,111,Grinding Stones,8
-3845,initial,137,Kinromterland Kingdom,Western Plains,3,Archery,8
-3805,initial,138,North ravia Kingdom,Indic Riverine,100,Cordage and Knots,10
-3805,initial,138,North ravia Kingdom,Indic Riverine,101,Hide Working and Tailored Clothing,10
-3805,initial,138,North ravia Kingdom,Indic Riverine,102,Hafted Stone Tools,10
-3805,initial,138,North ravia Kingdom,Indic Riverine,105,Food Preservation,10
-3805,initial,138,North ravia Kingdom,Indic Riverine,106,Storage Pits and Containers,10
-3805,initial,138,North ravia Kingdom,Indic Riverine,107,Seasonal Aggregation Camps,10
-3805,initial,138,North ravia Kingdom,Indic Riverine,110,Dog Domestication,10
-3805,initial,138,North ravia Kingdom,Indic Riverine,111,Grinding Stones,10
-3805,initial,138,North ravia Kingdom,Indic Riverine,116,Charcoal Firing,10
-3805,initial,138,North ravia Kingdom,Indic Riverine,3,Archery,10
-3760,initial,139,New lililizhou Tribe,East Riverine,100,Cordage and Knots,11
-3760,initial,139,New lililizhou Tribe,East Riverine,101,Hide Working and Tailored Clothing,11
-3760,initial,139,New lililizhou Tribe,East Riverine,102,Hafted Stone Tools,11
-3760,initial,139,New lililizhou Tribe,East Riverine,105,Food Preservation,11
-3760,initial,139,New lililizhou Tribe,East Riverine,106,Storage Pits and Containers,11
-3760,initial,139,New lililizhou Tribe,East Riverine,107,Seasonal Aggregation Camps,11
-3760,initial,139,New lililizhou Tribe,East Riverine,110,Dog Domestication,11
-3760,initial,139,New lililizhou Tribe,East Riverine,111,Grinding Stones,11
-3760,initial,139,New lililizhou Tribe,East Riverine,116,Charcoal Firing,11
-3760,initial,139,New lililizhou Tribe,East Riverine,4,Mining,11
-3760,initial,139,New lililizhou Tribe,East Riverine,3,Archery,11
-3750,initial,140,Barzuseara Kingdom,North Saharan,100,Cordage and Knots,10
-3750,initial,140,Barzuseara Kingdom,North Saharan,101,Hide Working and Tailored Clothing,10
-3750,initial,140,Barzuseara Kingdom,North Saharan,102,Hafted Stone Tools,10
-3750,initial,140,Barzuseara Kingdom,North Saharan,105,Food Preservation,10
-3750,initial,140,Barzuseara Kingdom,North Saharan,106,Storage Pits and Containers,10
-3750,initial,140,Barzuseara Kingdom,North Saharan,107,Seasonal Aggregation Camps,10
-3750,initial,140,Barzuseara Kingdom,North Saharan,110,Dog Domestication,10
-3750,initial,140,Barzuseara Kingdom,North Saharan,111,Grinding Stones,10
-3750,initial,140,Barzuseara Kingdom,North Saharan,116,Charcoal Firing,10
-3750,initial,140,Barzuseara Kingdom,North Saharan,3,Archery,10
-3700,initial,141,Old kusqorillaqmarca Tribe,Andean Highland,100,Cordage and Knots,13
-3700,initial,141,Old kusqorillaqmarca Tribe,Andean Highland,101,Hide Working and Tailored Clothing,13
-3700,initial,141,Old kusqorillaqmarca Tribe,Andean Highland,102,Hafted Stone Tools,13
-3700,initial,141,Old kusqorillaqmarca Tribe,Andean Highland,105,Food Preservation,13
-3700,initial,141,Old kusqorillaqmarca Tribe,Andean Highland,106,Storage Pits and Containers,13
-3700,initial,141,Old kusqorillaqmarca Tribe,Andean Highland,107,Seasonal Aggregation Camps,13
-3700,initial,141,Old kusqorillaqmarca Tribe,Andean Highland,111,Grinding Stones,13
-3700,initial,141,Old kusqorillaqmarca Tribe,Andean Highland,112,Proto-cultivation,13
-3700,initial,141,Old kusqorillaqmarca Tribe,Andean Highland,113,Sedentism,13
-3700,initial,141,Old kusqorillaqmarca Tribe,Andean Highland,116,Charcoal Firing,13
-3700,initial,141,Old kusqorillaqmarca Tribe,Andean Highland,20,Agriculture,13
-3700,initial,141,Old kusqorillaqmarca Tribe,Andean Highland,3,Archery,13
-3700,initial,141,Old kusqorillaqmarca Tribe,Andean Highland,6,Calendar,13
-3639,unlock,70,South xocxocchian Tribe,Mesoamerican,110,Dog Domestication,14
-3630,initial,142,Kanrashanagar Tribe,Indic Riverine,100,Cordage and Knots,10
-3630,initial,142,Kanrashanagar Tribe,Indic Riverine,101,Hide Working and Tailored Clothing,10
-3630,initial,142,Kanrashanagar Tribe,Indic Riverine,102,Hafted Stone Tools,10
-3630,initial,142,Kanrashanagar Tribe,Indic Riverine,105,Food Preservation,10
-3630,initial,142,Kanrashanagar Tribe,Indic Riverine,106,Storage Pits and Containers,10
-3630,initial,142,Kanrashanagar Tribe,Indic Riverine,107,Seasonal Aggregation Camps,10
-3630,initial,142,Kanrashanagar Tribe,Indic Riverine,110,Dog Domestication,10
-3630,initial,142,Kanrashanagar Tribe,Indic Riverine,111,Grinding Stones,10
-3630,initial,142,Kanrashanagar Tribe,Indic Riverine,116,Charcoal Firing,10
-3630,initial,142,Kanrashanagar Tribe,Indic Riverine,3,Archery,10
-3625,initial,143,South tarbelromburg Tribe,Mediterranean Highland,100,Cordage and Knots,10
-3625,initial,143,South tarbelromburg Tribe,Mediterranean Highland,101,Hide Working and Tailored Clothing,10
-3625,initial,143,South tarbelromburg Tribe,Mediterranean Highland,102,Hafted Stone Tools,10
-3625,initial,143,South tarbelromburg Tribe,Mediterranean Highland,105,Food Preservation,10
-3625,initial,143,South tarbelromburg Tribe,Mediterranean Highland,106,Storage Pits and Containers,10
-3625,initial,143,South tarbelromburg Tribe,Mediterranean Highland,107,Seasonal Aggregation Camps,10
-3625,initial,143,South tarbelromburg Tribe,Mediterranean Highland,110,Dog Domestication,10
-3625,initial,143,South tarbelromburg Tribe,Mediterranean Highland,111,Grinding Stones,10
-3625,initial,143,South tarbelromburg Tribe,Mediterranean Highland,116,Charcoal Firing,10
-3625,initial,143,South tarbelromburg Tribe,Mediterranean Highland,3,Archery,10
-3608,unlock,68,New nahteomixtan Tribe,Mesoamerican,10,Irrigation,14
-3593,unlock,13,South mitnalpur Tribe,Indic Riverine,7,Wheel,17
-3546,unlock,70,South xocxocchian Tribe,Mesoamerican,115,Counting Tokens and Tallies,15
-3530,initial,144,Great ngobarara Kingdom,North Saharan,100,Cordage and Knots,10
-3530,initial,144,Great ngobarara Kingdom,North Saharan,101,Hide Working and Tailored Clothing,10
-3530,initial,144,Great ngobarara Kingdom,North Saharan,102,Hafted Stone Tools,10
-3530,initial,144,Great ngobarara Kingdom,North Saharan,105,Food Preservation,10
-3530,initial,144,Great ngobarara Kingdom,North Saharan,106,Storage Pits and Containers,10
-3530,initial,144,Great ngobarara Kingdom,North Saharan,107,Seasonal Aggregation Camps,10
-3530,initial,144,Great ngobarara Kingdom,North Saharan,110,Dog Domestication,10
-3530,initial,144,Great ngobarara Kingdom,North Saharan,111,Grinding Stones,10
-3530,initial,144,Great ngobarara Kingdom,North Saharan,116,Charcoal Firing,10
-3530,initial,144,Great ngobarara Kingdom,North Saharan,3,Archery,10
-3530,initial,145,Great barchichiara Kingdom,North Saharan,100,Cordage and Knots,10
-3530,initial,145,Great barchichiara Kingdom,North Saharan,101,Hide Working and Tailored Clothing,10
-3530,initial,145,Great barchichiara Kingdom,North Saharan,102,Hafted Stone Tools,10
-3530,initial,145,Great barchichiara Kingdom,North Saharan,105,Food Preservation,10
-3530,initial,145,Great barchichiara Kingdom,North Saharan,106,Storage Pits and Containers,10
-3530,initial,145,Great barchichiara Kingdom,North Saharan,107,Seasonal Aggregation Camps,10
-3530,initial,145,Great barchichiara Kingdom,North Saharan,110,Dog Domestication,10
-3530,initial,145,Great barchichiara Kingdom,North Saharan,111,Grinding Stones,10
-3530,initial,145,Great barchichiara Kingdom,North Saharan,116,Charcoal Firing,10
-3530,initial,145,Great barchichiara Kingdom,North Saharan,3,Archery,10
-3525,initial,146,New ninsaman Tribe,Fertile Crescent,100,Cordage and Knots,12
-3525,initial,146,New ninsaman Tribe,Fertile Crescent,101,Hide Working and Tailored Clothing,12
-3525,initial,146,New ninsaman Tribe,Fertile Crescent,102,Hafted Stone Tools,12
-3525,initial,146,New ninsaman Tribe,Fertile Crescent,105,Food Preservation,12
-3525,initial,146,New ninsaman Tribe,Fertile Crescent,106,Storage Pits and Containers,12
-3525,initial,146,New ninsaman Tribe,Fertile Crescent,107,Seasonal Aggregation Camps,12
-3525,initial,146,New ninsaman Tribe,Fertile Crescent,110,Dog Domestication,12
-3525,initial,146,New ninsaman Tribe,Fertile Crescent,111,Grinding Stones,12
-3525,initial,146,New ninsaman Tribe,Fertile Crescent,116,Charcoal Firing,12
-3525,initial,146,New ninsaman Tribe,Fertile Crescent,119,Native Copper Working,12
-3525,initial,146,New ninsaman Tribe,Fertile Crescent,4,Mining,12
-3525,initial,146,New ninsaman Tribe,Fertile Crescent,3,Archery,12
-3485,unlock,68,New nahteomixtan Tribe,Mesoamerican,103,Bone and Antler Tools,15
-3460,initial,147,Weitaiqinshan Kingdom,East Riverine,100,Cordage and Knots,11
-3460,initial,147,Weitaiqinshan Kingdom,East Riverine,101,Hide Working and Tailored Clothing,11
-3460,initial,147,Weitaiqinshan Kingdom,East Riverine,102,Hafted Stone Tools,11
-3460,initial,147,Weitaiqinshan Kingdom,East Riverine,105,Food Preservation,11
-3460,initial,147,Weitaiqinshan Kingdom,East Riverine,106,Storage Pits and Containers,11
-3460,initial,147,Weitaiqinshan Kingdom,East Riverine,107,Seasonal Aggregation Camps,11
-3460,initial,147,Weitaiqinshan Kingdom,East Riverine,110,Dog Domestication,11
-3460,initial,147,Weitaiqinshan Kingdom,East Riverine,111,Grinding Stones,11
-3460,initial,147,Weitaiqinshan Kingdom,East Riverine,116,Charcoal Firing,11
-3460,initial,147,Weitaiqinshan Kingdom,East Riverine,4,Mining,11
-3460,initial,147,Weitaiqinshan Kingdom,East Riverine,3,Archery,11
-3435,initial,148,Great ranrom Kingdom,Western Plains,100,Cordage and Knots,8
-3435,initial,148,Great ranrom Kingdom,Western Plains,101,Hide Working and Tailored Clothing,8
-3435,initial,148,Great ranrom Kingdom,Western Plains,102,Hafted Stone Tools,8
-3435,initial,148,Great ranrom Kingdom,Western Plains,105,Food Preservation,8
-3435,initial,148,Great ranrom Kingdom,Western Plains,106,Storage Pits and Containers,8
-3435,initial,148,Great ranrom Kingdom,Western Plains,107,Seasonal Aggregation Camps,8
-3435,initial,148,Great ranrom Kingdom,Western Plains,111,Grinding Stones,8
-3435,initial,148,Great ranrom Kingdom,Western Plains,3,Archery,8
-3422,unlock,68,New nahteomixtan Tribe,Mesoamerican,110,Dog Domestication,16
-3418,unlock,76,New llaqsuyumarca Tribe,Andean Highland,115,Counting Tokens and Tallies,14
-3410,initial,149,North solnaia Tribe,Monsoon Coastal,100,Cordage and Knots,10
-3410,initial,149,North solnaia Tribe,Monsoon Coastal,101,Hide Working and Tailored Clothing,10
-3410,initial,149,North solnaia Tribe,Monsoon Coastal,102,Hafted Stone Tools,10
-3410,initial,149,North solnaia Tribe,Monsoon Coastal,105,Food Preservation,10
-3410,initial,149,North solnaia Tribe,Monsoon Coastal,106,Storage Pits and Containers,10
-3410,initial,149,North solnaia Tribe,Monsoon Coastal,107,Seasonal Aggregation Camps,10
-3410,initial,149,North solnaia Tribe,Monsoon Coastal,110,Dog Domestication,10
-3410,initial,149,North solnaia Tribe,Monsoon Coastal,111,Grinding Stones,10
-3410,initial,149,North solnaia Tribe,Monsoon Coastal,116,Charcoal Firing,10
-3410,initial,149,North solnaia Tribe,Monsoon Coastal,3,Archery,10
-3401,unlock,70,South xocxocchian Tribe,Mesoamerican,103,Bone and Antler Tools,16
-3399,unlock,70,South xocxocchian Tribe,Mesoamerican,117,Proto-writing and Administrative Notation,17
-3392,unlock,49,South maseofia Tribe,Nile Floodplain,7,Wheel,18
-3390,initial,150,Old shadraa Tribe,Indic Riverine,100,Cordage and Knots,10
-3390,initial,150,Old shadraa Tribe,Indic Riverine,101,Hide Working and Tailored Clothing,10
-3390,initial,150,Old shadraa Tribe,Indic Riverine,102,Hafted Stone Tools,10
-3390,initial,150,Old shadraa Tribe,Indic Riverine,105,Food Preservation,10
-3390,initial,150,Old shadraa Tribe,Indic Riverine,106,Storage Pits and Containers,10
-3390,initial,150,Old shadraa Tribe,Indic Riverine,107,Seasonal Aggregation Camps,10
-3390,initial,150,Old shadraa Tribe,Indic Riverine,110,Dog Domestication,10
-3390,initial,150,Old shadraa Tribe,Indic Riverine,111,Grinding Stones,10
-3390,initial,150,Old shadraa Tribe,Indic Riverine,116,Charcoal Firing,10
-3390,initial,150,Old shadraa Tribe,Indic Riverine,3,Archery,10
-3383,unlock,13,South mitnalpur Tribe,Indic Riverine,117,Proto-writing and Administrative Notation,18
-3380,initial,151,Great kinrantergrad Tribe,Eastern Woodland,100,Cordage and Knots,8
-3380,initial,151,Great kinrantergrad Tribe,Eastern Woodland,101,Hide Working and Tailored Clothing,8
-3380,initial,151,Great kinrantergrad Tribe,Eastern Woodland,102,Hafted Stone Tools,8
-3380,initial,151,Great kinrantergrad Tribe,Eastern Woodland,105,Food Preservation,8
-3380,initial,151,Great kinrantergrad Tribe,Eastern Woodland,106,Storage Pits and Containers,8
-3380,initial,151,Great kinrantergrad Tribe,Eastern Woodland,107,Seasonal Aggregation Camps,8
-3380,initial,151,Great kinrantergrad Tribe,Eastern Woodland,111,Grinding Stones,8
-3380,initial,151,Great kinrantergrad Tribe,Eastern Woodland,3,Archery,8
-3369,unlock,52,Great barofiene Tribe,West Sahel,103,Bone and Antler Tools,14
-3360,unlock,52,Great barofiene Tribe,West Sahel,110,Dog Domestication,15
-3360,initial,152,North ayaayapachyu Tribe,Andean Highland,100,Cordage and Knots,10
-3360,initial,152,North ayaayapachyu Tribe,Andean Highland,101,Hide Working and Tailored Clothing,10
-3360,initial,152,North ayaayapachyu Tribe,Andean Highland,102,Hafted Stone Tools,10
-3360,initial,152,North ayaayapachyu Tribe,Andean Highland,105,Food Preservation,10
-3360,initial,152,North ayaayapachyu Tribe,Andean Highland,106,Storage Pits and Containers,10
-3360,initial,152,North ayaayapachyu Tribe,Andean Highland,107,Seasonal Aggregation Camps,10
-3360,initial,152,North ayaayapachyu Tribe,Andean Highland,111,Grinding Stones,10
-3360,initial,152,North ayaayapachyu Tribe,Andean Highland,116,Charcoal Firing,10
-3360,initial,152,North ayaayapachyu Tribe,Andean Highland,4,Mining,10
-3360,initial,152,North ayaayapachyu Tribe,Andean Highland,3,Archery,10
-3355,initial,153,Hantailin Tribe,East Riverine,100,Cordage and Knots,10
-3355,initial,153,Hantailin Tribe,East Riverine,101,Hide Working and Tailored Clothing,10
-3355,initial,153,Hantailin Tribe,East Riverine,102,Hafted Stone Tools,10
-3355,initial,153,Hantailin Tribe,East Riverine,105,Food Preservation,10
-3355,initial,153,Hantailin Tribe,East Riverine,106,Storage Pits and Containers,10
-3355,initial,153,Hantailin Tribe,East Riverine,107,Seasonal Aggregation Camps,10
-3355,initial,153,Hantailin Tribe,East Riverine,110,Dog Domestication,10
-3355,initial,153,Hantailin Tribe,East Riverine,111,Grinding Stones,10
-3355,initial,153,Hantailin Tribe,East Riverine,116,Charcoal Firing,10
-3355,initial,153,Hantailin Tribe,East Riverine,3,Archery,10
-3352,unlock,70,South xocxocchian Tribe,Mesoamerican,10,Irrigation,17
-3345,initial,154,South weihanzhou Tribe,East Riverine,100,Cordage and Knots,11
-3345,initial,154,South weihanzhou Tribe,East Riverine,101,Hide Working and Tailored Clothing,11
-3345,initial,154,South weihanzhou Tribe,East Riverine,102,Hafted Stone Tools,11
-3345,initial,154,South weihanzhou Tribe,East Riverine,105,Food Preservation,11
-3345,initial,154,South weihanzhou Tribe,East Riverine,106,Storage Pits and Containers,11
-3345,initial,154,South weihanzhou Tribe,East Riverine,107,Seasonal Aggregation Camps,11
-3345,initial,154,South weihanzhou Tribe,East Riverine,110,Dog Domestication,11
-3345,initial,154,South weihanzhou Tribe,East Riverine,111,Grinding Stones,11
-3345,initial,154,South weihanzhou Tribe,East Riverine,116,Charcoal Firing,11
-3345,initial,154,South weihanzhou Tribe,East Riverine,4,Mining,11
-3345,initial,154,South weihanzhou Tribe,East Riverine,3,Archery,11
-3340,unlock,39,Kingdom of Great solsolgrad,Monsoon Coastal,103,Bone and Antler Tools,19
-3324,unlock,76,New llaqsuyumarca Tribe,Andean Highland,104,Fishing Technology,15
-3307,unlock,48,Kingdom of Tanchitanu,Nile Floodplain,7,Wheel,18
-3296,unlock,52,Great barofiene Tribe,West Sahel,104,Fishing Technology,16
-3295,initial,155,North vivipur Tribe,Indic Riverine,100,Cordage and Knots,10
-3295,initial,155,North vivipur Tribe,Indic Riverine,101,Hide Working and Tailored Clothing,10
-3295,initial,155,North vivipur Tribe,Indic Riverine,102,Hafted Stone Tools,10
-3295,initial,155,North vivipur Tribe,Indic Riverine,105,Food Preservation,10
-3295,initial,155,North vivipur Tribe,Indic Riverine,106,Storage Pits and Containers,10
-3295,initial,155,North vivipur Tribe,Indic Riverine,107,Seasonal Aggregation Camps,10
-3295,initial,155,North vivipur Tribe,Indic Riverine,110,Dog Domestication,10
-3295,initial,155,North vivipur Tribe,Indic Riverine,111,Grinding Stones,10
-3295,initial,155,North vivipur Tribe,Indic Riverine,116,Charcoal Firing,10
-3295,initial,155,North vivipur Tribe,Indic Riverine,3,Archery,10
-3293,unlock,13,South mitnalpur Tribe,Indic Riverine,103,Bone and Antler Tools,19
-3272,unlock,13,Kingdom of New sursurpur,Indic Riverine,104,Fishing Technology,20
-3272,unlock,97,Kingdom of Zenromviastan,Caribbean Seafaring,103,Bone and Antler Tools,13
-3267,unlock,70,South xocxocchian Tribe,Mesoamerican,104,Fishing Technology,18
-3260,unlock,13,Kingdom of New sursurpur,Indic Riverine,11,Writing,21
-3260,initial,156,Kardorselburg Tribe,Mediterranean Highland,100,Cordage and Knots,10
-3260,initial,156,Kardorselburg Tribe,Mediterranean Highland,101,Hide Working and Tailored Clothing,10
-3260,initial,156,Kardorselburg Tribe,Mediterranean Highland,102,Hafted Stone Tools,10
-3260,initial,156,Kardorselburg Tribe,Mediterranean Highland,105,Food Preservation,10
-3260,initial,156,Kardorselburg Tribe,Mediterranean Highland,106,Storage Pits and Containers,10
-3260,initial,156,Kardorselburg Tribe,Mediterranean Highland,107,Seasonal Aggregation Camps,10
-3260,initial,156,Kardorselburg Tribe,Mediterranean Highland,110,Dog Domestication,10
-3260,initial,156,Kardorselburg Tribe,Mediterranean Highland,111,Grinding Stones,10
-3260,initial,156,Kardorselburg Tribe,Mediterranean Highland,116,Charcoal Firing,10
-3260,initial,156,Kardorselburg Tribe,Mediterranean Highland,3,Archery,10
-3256,unlock,49,Empire of Old lamtanchiara,Nile Floodplain,103,Bone and Antler Tools,19
-3251,unlock,76,New llaqsuyumarca Tribe,Andean Highland,10,Irrigation,16
-3245,unlock,41,Great linmarvia Tribe,Monsoon Coastal,103,Bone and Antler Tools,14
-3240,initial,157,New minweiqinling Kingdom,East Riverine,100,Cordage and Knots,11
-3240,initial,157,New minweiqinling Kingdom,East Riverine,101,Hide Working and Tailored Clothing,11
-3240,initial,157,New minweiqinling Kingdom,East Riverine,102,Hafted Stone Tools,11
-3240,initial,157,New minweiqinling Kingdom,East Riverine,105,Food Preservation,11
-3240,initial,157,New minweiqinling Kingdom,East Riverine,106,Storage Pits and Containers,11
-3240,initial,157,New minweiqinling Kingdom,East Riverine,107,Seasonal Aggregation Camps,11
-3240,initial,157,New minweiqinling Kingdom,East Riverine,110,Dog Domestication,11
-3240,initial,157,New minweiqinling Kingdom,East Riverine,111,Grinding Stones,11
-3240,initial,157,New minweiqinling Kingdom,East Riverine,116,Charcoal Firing,11
-3240,initial,157,New minweiqinling Kingdom,East Riverine,4,Mining,11
-3240,initial,157,New minweiqinling Kingdom,East Riverine,3,Archery,11
-3233,unlock,71,Great itzyucan Tribe,Mesoamerican,104,Fishing Technology,14
-3230,initial,158,Hivatanenui Kingdom,Oceanic Navigators,100,Cordage and Knots,7
-3230,initial,158,Hivatanenui Kingdom,Oceanic Navigators,101,Hide Working and Tailored Clothing,7
-3230,initial,158,Hivatanenui Kingdom,Oceanic Navigators,102,Hafted Stone Tools,7
-3230,initial,158,Hivatanenui Kingdom,Oceanic Navigators,105,Food Preservation,7
-3230,initial,158,Hivatanenui Kingdom,Oceanic Navigators,106,Storage Pits and Containers,7
-3230,initial,158,Hivatanenui Kingdom,Oceanic Navigators,107,Seasonal Aggregation Camps,7
-3230,initial,158,Hivatanenui Kingdom,Oceanic Navigators,3,Archery,7
-3217,unlock,54,North chingolamu Tribe,East Horn,104,Fishing Technology,14
-3214,unlock,68,New nahteomixtan Tribe,Mesoamerican,114,Enclosures and Herd Management,17
-3200,unlock,67,Kingdom of South toltemteoco,Mesoamerican,115,Counting Tokens and Tallies,14
-3190,unlock,67,Kingdom of South toltemteoco,Mesoamerican,10,Irrigation,15
-3189,unlock,39,Kingdom of Great solsolgrad,Monsoon Coastal,115,Counting Tokens and Tallies,21
-3189,unlock,39,Kingdom of Great solsolgrad,Monsoon Coastal,7,Wheel,21
-3182,unlock,76,New llaqsuyumarca Tribe,Andean Highland,114,Enclosures and Herd Management,17
-3179,unlock,40,South terlinstan Tribe,Monsoon Coastal,115,Counting Tokens and Tallies,19
-3175,initial,159,Great terduszen Kingdom,Western Plains,100,Cordage and Knots,8
-3175,initial,159,Great terduszen Kingdom,Western Plains,101,Hide Working and Tailored Clothing,8
-3175,initial,159,Great terduszen Kingdom,Western Plains,102,Hafted Stone Tools,8
-3175,initial,159,Great terduszen Kingdom,Western Plains,105,Food Preservation,8
-3175,initial,159,Great terduszen Kingdom,Western Plains,106,Storage Pits and Containers,8
-3175,initial,159,Great terduszen Kingdom,Western Plains,107,Seasonal Aggregation Camps,8
-3175,initial,159,Great terduszen Kingdom,Western Plains,111,Grinding Stones,8
-3175,initial,159,Great terduszen Kingdom,Western Plains,3,Archery,8
-3165,initial,160,Termarstan Tribe,Western Plains,100,Cordage and Knots,8
-3165,initial,160,Termarstan Tribe,Western Plains,101,Hide Working and Tailored Clothing,8
-3165,initial,160,Termarstan Tribe,Western Plains,102,Hafted Stone Tools,8
-3165,initial,160,Termarstan Tribe,Western Plains,105,Food Preservation,8
-3165,initial,160,Termarstan Tribe,Western Plains,106,Storage Pits and Containers,8
-3165,initial,160,Termarstan Tribe,Western Plains,107,Seasonal Aggregation Camps,8
-3165,initial,160,Termarstan Tribe,Western Plains,111,Grinding Stones,8
-3165,initial,160,Termarstan Tribe,Western Plains,3,Archery,8
-3160,initial,161,New rommarzen Kingdom,Western Plains,100,Cordage and Knots,8
-3160,initial,161,New rommarzen Kingdom,Western Plains,101,Hide Working and Tailored Clothing,8
-3160,initial,161,New rommarzen Kingdom,Western Plains,102,Hafted Stone Tools,8
-3160,initial,161,New rommarzen Kingdom,Western Plains,105,Food Preservation,8
-3160,initial,161,New rommarzen Kingdom,Western Plains,106,Storage Pits and Containers,8
-3160,initial,161,New rommarzen Kingdom,Western Plains,107,Seasonal Aggregation Camps,8
-3160,initial,161,New rommarzen Kingdom,Western Plains,111,Grinding Stones,8
-3160,initial,161,New rommarzen Kingdom,Western Plains,3,Archery,8
-3156,unlock,48,Kingdom of Tanchitanu,Nile Floodplain,104,Fishing Technology,19
-3149,unlock,54,North chingolamu Tribe,East Horn,10,Irrigation,15
-3134,unlock,54,North chingolamu Tribe,East Horn,110,Dog Domestication,16
-3125,unlock,66,Teoxocpan Tribe,Mesoamerican,10,Irrigation,14
-3125,initial,162,Viaquiloria Kingdom,Eastern Woodland,100,Cordage and Knots,8
-3125,initial,162,Viaquiloria Kingdom,Eastern Woodland,101,Hide Working and Tailored Clothing,8
-3125,initial,162,Viaquiloria Kingdom,Eastern Woodland,102,Hafted Stone Tools,8
-3125,initial,162,Viaquiloria Kingdom,Eastern Woodland,105,Food Preservation,8
-3125,initial,162,Viaquiloria Kingdom,Eastern Woodland,106,Storage Pits and Containers,8
-3125,initial,162,Viaquiloria Kingdom,Eastern Woodland,107,Seasonal Aggregation Camps,8
-3125,initial,162,Viaquiloria Kingdom,Eastern Woodland,111,Grinding Stones,8
-3125,initial,162,Viaquiloria Kingdom,Eastern Woodland,3,Archery,8
-3120,initial,163,North romselbelland Tribe,Central Plain,100,Cordage and Knots,11
-3120,initial,163,North romselbelland Tribe,Central Plain,101,Hide Working and Tailored Clothing,11
-3120,initial,163,North romselbelland Tribe,Central Plain,102,Hafted Stone Tools,11
-3120,initial,163,North romselbelland Tribe,Central Plain,105,Food Preservation,11
-3120,initial,163,North romselbelland Tribe,Central Plain,106,Storage Pits and Containers,11
-3120,initial,163,North romselbelland Tribe,Central Plain,107,Seasonal Aggregation Camps,11
-3120,initial,163,North romselbelland Tribe,Central Plain,110,Dog Domestication,11
-3120,initial,163,North romselbelland Tribe,Central Plain,111,Grinding Stones,11
-3120,initial,163,North romselbelland Tribe,Central Plain,116,Charcoal Firing,11
-3120,initial,163,North romselbelland Tribe,Central Plain,4,Mining,11
-3120,initial,163,North romselbelland Tribe,Central Plain,3,Archery,11
-3117,unlock,72,Kingdom of Tolxoctan,Mesoamerican,103,Bone and Antler Tools,14
-3097,unlock,52,Great barofiene Tribe,West Sahel,114,Enclosures and Herd Management,17
-3088,unlock,44,New kinter Tribe,Monsoon Coastal,109,Long-distance Exchange Networks,19
-3083,unlock,71,Great itzyucan Tribe,Mesoamerican,115,Counting Tokens and Tallies,15
-3076,unlock,76,New llaqsuyumarca Tribe,Andean Highland,7,Wheel,18
-3073,unlock,11,Shadradesh Tribe,Indic Riverine,104,Fishing Technology,17
-3069,unlock,76,New llaqsuyumarca Tribe,Andean Highland,108,Watercraft,19
-3065,unlock,0,Tanmita Tribe,Indic Riverine,7,Wheel,17
-3060,unlock,67,Kingdom of South toltemteoco,Mesoamerican,114,Enclosures and Herd Management,16
-3056,unlock,68,New nahteomixtan Tribe,Mesoamerican,115,Counting Tokens and Tallies,18
-3053,unlock,51,North mazuu Tribe,West Sahel,10,Irrigation,14
-3041,unlock,68,New nahteomixtan Tribe,Mesoamerican,7,Wheel,19
-3040,initial,164,Great zenranterstan Kingdom,Eastern Woodland,100,Cordage and Knots,8
-3040,initial,164,Great zenranterstan Kingdom,Eastern Woodland,101,Hide Working and Tailored Clothing,8
-3040,initial,164,Great zenranterstan Kingdom,Eastern Woodland,102,Hafted Stone Tools,8
-3040,initial,164,Great zenranterstan Kingdom,Eastern Woodland,105,Food Preservation,8
-3040,initial,164,Great zenranterstan Kingdom,Eastern Woodland,106,Storage Pits and Containers,8
-3040,initial,164,Great zenranterstan Kingdom,Eastern Woodland,107,Seasonal Aggregation Camps,8
-3040,initial,164,Great zenranterstan Kingdom,Eastern Woodland,111,Grinding Stones,8
-3040,initial,164,Great zenranterstan Kingdom,Eastern Woodland,3,Archery,8
-3038,unlock,73,North mixitztan Tribe,Mesoamerican,110,Dog Domestication,14
-3028,unlock,71,Great itzyucan Tribe,Mesoamerican,108,Watercraft,16
-3025,initial,165,Chichichia Kingdom,North Saharan,100,Cordage and Knots,10
-3025,initial,165,Chichichia Kingdom,North Saharan,101,Hide Working and Tailored Clothing,10
-3025,initial,165,Chichichia Kingdom,North Saharan,102,Hafted Stone Tools,10
-3025,initial,165,Chichichia Kingdom,North Saharan,105,Food Preservation,10
-3025,initial,165,Chichichia Kingdom,North Saharan,106,Storage Pits and Containers,10
-3025,initial,165,Chichichia Kingdom,North Saharan,107,Seasonal Aggregation Camps,10
-3025,initial,165,Chichichia Kingdom,North Saharan,110,Dog Domestication,10
-3025,initial,165,Chichichia Kingdom,North Saharan,111,Grinding Stones,10
-3025,initial,165,Chichichia Kingdom,North Saharan,116,Charcoal Firing,10
-3025,initial,165,Chichichia Kingdom,North Saharan,3,Archery,10
-3024,unlock,66,Teoxocpan Tribe,Mesoamerican,103,Bone and Antler Tools,15
-3021,unlock,13,Kingdom of New sursurpur,Indic Riverine,10,Irrigation,21
-3018,unlock,52,Great barofiene Tribe,West Sahel,7,Wheel,18
-3012,unlock,65,Kingdom of Great temtolpan,Mesoamerican,103,Bone and Antler Tools,14
-3011,unlock,76,New llaqsuyumarca Tribe,Andean Highland,110,Dog Domestication,20
-3010,unlock,54,North chingolamu Tribe,East Horn,115,Counting Tokens and Tallies,17
-2993,unlock,72,Kingdom of Tolxoctan,Mesoamerican,104,Fishing Technology,15
-2992,unlock,68,New nahteomixtan Tribe,Mesoamerican,17,Roads,20
-2991,unlock,76,New llaqsuyumarca Tribe,Andean Highland,5,Sailing,21
-2989,unlock,76,New llaqsuyumarca Tribe,Andean Highland,109,Long-distance Exchange Networks,22
-2975,unlock,44,New kinter Tribe,Monsoon Coastal,10,Irrigation,20
-2972,unlock,65,Kingdom of Great temtolpan,Mesoamerican,110,Dog Domestication,15
-2954,unlock,44,New kinter Tribe,Monsoon Coastal,103,Bone and Antler Tools,21
-2948,unlock,76,New llaqsuyumarca Tribe,Andean Highland,103,Bone and Antler Tools,23
-2941,unlock,65,Kingdom of Great temtolpan,Mesoamerican,115,Counting Tokens and Tallies,16
-2941,unlock,69,North xocteo Tribe,Mesoamerican,10,Irrigation,14
-2937,unlock,69,North xocteo Tribe,Mesoamerican,115,Counting Tokens and Tallies,15
-2933,unlock,52,Great barofiene Tribe,West Sahel,17,Roads,19
-2933,unlock,67,Kingdom of South toltemteoco,Mesoamerican,110,Dog Domestication,17
-2932,unlock,69,North xocteo Tribe,Mesoamerican,114,Enclosures and Herd Management,16
-2930,unlock,67,Kingdom of South toltemteoco,Mesoamerican,7,Wheel,18
-2924,unlock,70,South xocxocchian Tribe,Mesoamerican,114,Enclosures and Herd Management,19
-2922,unlock,72,Kingdom of Tolxoctan,Mesoamerican,10,Irrigation,16
-2921,unlock,69,North xocteo Tribe,Mesoamerican,103,Bone and Antler Tools,17
-2917,unlock,13,Kingdom of New sursurpur,Indic Riverine,108,Watercraft,22
-2914,unlock,71,Great itzyucan Tribe,Mesoamerican,5,Sailing,17
-2909,unlock,40,South terlinstan Tribe,Monsoon Coastal,117,Proto-writing and Administrative Notation,20
-2902,unlock,52,Great barofiene Tribe,West Sahel,115,Counting Tokens and Tallies,20
-2895,unlock,51,North mazuu Tribe,West Sahel,110,Dog Domestication,15
-2885,unlock,71,Great itzyucan Tribe,Mesoamerican,103,Bone and Antler Tools,18
-2884,unlock,52,Great barofiene Tribe,West Sahel,108,Watercraft,21
-2869,unlock,11,Shadradesh Tribe,Indic Riverine,7,Wheel,18
-2861,unlock,9,New mitkansurnagar Tribe,Indic Riverine,104,Fishing Technology,17
-2861,unlock,10,New varravardesh Tribe,Indic Riverine,104,Fishing Technology,17
-2860,unlock,76,New llaqsuyumarca Tribe,Andean Highland,12,Shipbuilding,24
-2854,unlock,70,South xocxocchian Tribe,Mesoamerican,7,Wheel,20
-2853,unlock,30,Kingdom of South belbararad,Fertile Crescent,103,Bone and Antler Tools,11
-2852,unlock,51,North mazuu Tribe,West Sahel,104,Fishing Technology,16
-2847,unlock,51,North mazuu Tribe,West Sahel,115,Counting Tokens and Tallies,17
-2844,unlock,65,Kingdom of Great temtolpan,Mesoamerican,10,Irrigation,17
-2842,unlock,52,Great barofiene Tribe,West Sahel,5,Sailing,22
-2840,unlock,44,New kinter Tribe,Monsoon Coastal,12,Shipbuilding,22
-2840,initial,166,Old sellenvenum Kingdom,Mediterranean Urban,100,Cordage and Knots,10
-2840,initial,166,Old sellenvenum Kingdom,Mediterranean Urban,101,Hide Working and Tailored Clothing,10
-2840,initial,166,Old sellenvenum Kingdom,Mediterranean Urban,102,Hafted Stone Tools,10
-2840,initial,166,Old sellenvenum Kingdom,Mediterranean Urban,105,Food Preservation,10
-2840,initial,166,Old sellenvenum Kingdom,Mediterranean Urban,106,Storage Pits and Containers,10
-2840,initial,166,Old sellenvenum Kingdom,Mediterranean Urban,107,Seasonal Aggregation Camps,10
-2840,initial,166,Old sellenvenum Kingdom,Mediterranean Urban,110,Dog Domestication,10
-2840,initial,166,Old sellenvenum Kingdom,Mediterranean Urban,111,Grinding Stones,10
-2840,initial,166,Old sellenvenum Kingdom,Mediterranean Urban,116,Charcoal Firing,10
-2840,initial,166,Old sellenvenum Kingdom,Mediterranean Urban,3,Archery,10
-2839,unlock,70,South xocxocchian Tribe,Mesoamerican,108,Watercraft,21
-2835,initial,167,Great kaikiri Kingdom,Oceanic Navigators,100,Cordage and Knots,7
-2835,initial,167,Great kaikiri Kingdom,Oceanic Navigators,101,Hide Working and Tailored Clothing,7
-2835,initial,167,Great kaikiri Kingdom,Oceanic Navigators,102,Hafted Stone Tools,7
-2835,initial,167,Great kaikiri Kingdom,Oceanic Navigators,105,Food Preservation,7
-2835,initial,167,Great kaikiri Kingdom,Oceanic Navigators,106,Storage Pits and Containers,7
-2835,initial,167,Great kaikiri Kingdom,Oceanic Navigators,107,Seasonal Aggregation Camps,7
-2835,initial,167,Great kaikiri Kingdom,Oceanic Navigators,3,Archery,7
-2823,unlock,49,Empire of Old lamtanchiara,Nile Floodplain,17,Roads,20
-2812,unlock,13,Kingdom of New sursurpur,Indic Riverine,118,Numeracy and Measurement,23
-2812,unlock,59,New ventarselum Tribe,Mediterranean Urban,103,Bone and Antler Tools,12
-2812,unlock,76,New llaqsuyumarca Tribe,Andean Highland,17,Roads,25
-2811,unlock,52,Great barofiene Tribe,West Sahel,109,Long-distance Exchange Networks,23
-2809,unlock,73,North mixitztan Tribe,Mesoamerican,10,Irrigation,15
-2801,unlock,11,Shadradesh Tribe,Indic Riverine,117,Proto-writing and Administrative Notation,19
-2800,initial,168,North romdornorland Kingdom,Atlantic Fringe,100,Cordage and Knots,10
-2800,initial,168,North romdornorland Kingdom,Atlantic Fringe,101,Hide Working and Tailored Clothing,10
-2800,initial,168,North romdornorland Kingdom,Atlantic Fringe,102,Hafted Stone Tools,10
-2800,initial,168,North romdornorland Kingdom,Atlantic Fringe,105,Food Preservation,10
-2800,initial,168,North romdornorland Kingdom,Atlantic Fringe,106,Storage Pits and Containers,10
-2800,initial,168,North romdornorland Kingdom,Atlantic Fringe,107,Seasonal Aggregation Camps,10
-2800,initial,168,North romdornorland Kingdom,Atlantic Fringe,111,Grinding Stones,10
-2800,initial,168,North romdornorland Kingdom,Atlantic Fringe,116,Charcoal Firing,10
-2800,initial,168,North romdornorland Kingdom,Atlantic Fringe,4,Mining,10
-2800,initial,168,North romdornorland Kingdom,Atlantic Fringe,3,Archery,10
-2798,unlock,40,South terlinstan Tribe,Monsoon Coastal,103,Bone and Antler Tools,21
-2797,unlock,0,Tanmita Tribe,Indic Riverine,117,Proto-writing and Administrative Notation,18
-2793,unlock,108,Kingdom of New ngolammaara,West Sahel,10,Irrigation,14
-2786,unlock,73,North mixitztan Tribe,Mesoamerican,114,Enclosures and Herd Management,16
-2785,unlock,13,Kingdom of New sursurpur,Indic Riverine,15,Currency,24
-2785,unlock,49,Empire of Old lamtanchiara,Nile Floodplain,117,Proto-writing and Administrative Notation,21
-2784,unlock,48,Kingdom of Tanchitanu,Nile Floodplain,17,Roads,20
-2780,unlock,0,Tanmita Tribe,Indic Riverine,104,Fishing Technology,19
-2774,unlock,51,North mazuu Tribe,West Sahel,103,Bone and Antler Tools,18
-2770,unlock,70,South xocxocchian Tribe,Mesoamerican,5,Sailing,22
-2765,unlock,70,South xocxocchian Tribe,Mesoamerican,17,Roads,23
-2764,unlock,76,New llaqsuyumarca Tribe,Andean Highland,23,Engineering,26
-2763,unlock,49,Empire of Old lamtanchiara,Nile Floodplain,104,Fishing Technology,22
-2762,unlock,10,New varravardesh Tribe,Indic Riverine,103,Bone and Antler Tools,18
-2761,unlock,18,Hanweiguo Tribe,East Riverine,103,Bone and Antler Tools,11
-2758,unlock,71,Great itzyucan Tribe,Mesoamerican,110,Dog Domestication,19
-2757,unlock,65,Kingdom of Great temtolpan,Mesoamerican,114,Enclosures and Herd Management,18
-2753,unlock,66,Teoxocpan Tribe,Mesoamerican,104,Fishing Technology,16
-2750,initial,169,Old karbelum Kingdom,Central Plain,100,Cordage and Knots,11
-2750,initial,169,Old karbelum Kingdom,Central Plain,101,Hide Working and Tailored Clothing,11
-2750,initial,169,Old karbelum Kingdom,Central Plain,102,Hafted Stone Tools,11
-2750,initial,169,Old karbelum Kingdom,Central Plain,105,Food Preservation,11
-2750,initial,169,Old karbelum Kingdom,Central Plain,106,Storage Pits and Containers,11
-2750,initial,169,Old karbelum Kingdom,Central Plain,107,Seasonal Aggregation Camps,11
-2750,initial,169,Old karbelum Kingdom,Central Plain,110,Dog Domestication,11
-2750,initial,169,Old karbelum Kingdom,Central Plain,111,Grinding Stones,11
-2750,initial,169,Old karbelum Kingdom,Central Plain,116,Charcoal Firing,11
-2750,initial,169,Old karbelum Kingdom,Central Plain,4,Mining,11
-2750,initial,169,Old karbelum Kingdom,Central Plain,3,Archery,11
-2748,unlock,48,Kingdom of New zuchiu,Nile Floodplain,103,Bone and Antler Tools,21
-2746,unlock,11,Shadradesh Tribe,Indic Riverine,10,Irrigation,20
-2746,unlock,31,South aresh Tribe,Fertile Crescent,103,Bone and Antler Tools,11
-2740,unlock,13,Kingdom of New sursurpur,Indic Riverine,5,Sailing,24
-2740,initial,170,Great lorbelnaia Tribe,Steppe Nomadic,100,Cordage and Knots,10
-2740,initial,170,Great lorbelnaia Tribe,Steppe Nomadic,101,Hide Working and Tailored Clothing,10
-2740,initial,170,Great lorbelnaia Tribe,Steppe Nomadic,102,Hafted Stone Tools,10
-2740,initial,170,Great lorbelnaia Tribe,Steppe Nomadic,105,Food Preservation,10
-2740,initial,170,Great lorbelnaia Tribe,Steppe Nomadic,106,Storage Pits and Containers,10
-2740,initial,170,Great lorbelnaia Tribe,Steppe Nomadic,107,Seasonal Aggregation Camps,10
-2740,initial,170,Great lorbelnaia Tribe,Steppe Nomadic,110,Dog Domestication,10
-2740,initial,170,Great lorbelnaia Tribe,Steppe Nomadic,111,Grinding Stones,10
-2740,initial,170,Great lorbelnaia Tribe,Steppe Nomadic,4,Mining,10
-2740,initial,170,Great lorbelnaia Tribe,Steppe Nomadic,3,Archery,10
-2732,unlock,68,New nahteomixtan Tribe,Mesoamerican,104,Fishing Technology,21
-2729,unlock,71,Great itzyucan Tribe,Mesoamerican,12,Shipbuilding,20
-2713,unlock,10,New varravardesh Tribe,Indic Riverine,7,Wheel,19
-2712,unlock,70,South xocxocchian Tribe,Mesoamerican,109,Long-distance Exchange Networks,24
-2712,unlock,104,South ravishadesh Tribe,Indic Riverine,103,Bone and Antler Tools,17
-2703,unlock,40,South terlinstan Tribe,Monsoon Coastal,10,Irrigation,22
-2698,unlock,69,North xocteo Tribe,Mesoamerican,7,Wheel,18
-2693,unlock,8,Kingdom of Old mitsursurpur,Indic Riverine,7,Wheel,17
-2693,unlock,70,South xocxocchian Tribe,Mesoamerican,12,Shipbuilding,25
-2687,unlock,49,Empire of Old lamtanchiara,Nile Floodplain,11,Writing,23
-2679,unlock,49,Empire of Old lamtanchiara,Nile Floodplain,118,Numeracy and Measurement,24
-2679,unlock,72,Kingdom of Great calteochian,Mesoamerican,114,Enclosures and Herd Management,17
-2678,unlock,54,North chingolamu Tribe,East Horn,103,Bone and Antler Tools,18
-2678,unlock,73,North mixitztan Tribe,Mesoamerican,104,Fishing Technology,17
-2676,unlock,0,Tanmita Tribe,Indic Riverine,11,Writing,20
-2673,unlock,72,Kingdom of Great calteochian,Mesoamerican,115,Counting Tokens and Tallies,18
-2666,unlock,49,Empire of Old lamtanchiara,Nile Floodplain,15,Currency,25
-2663,unlock,59,New ventarselum Tribe,Mediterranean Urban,8,Masonry,13
-2661,unlock,66,Teoxocpan Tribe,Mesoamerican,110,Dog Domestication,17
-2661,unlock,68,New nahteomixtan Tribe,Mesoamerican,108,Watercraft,22
-2660,initial,171,Weiweitai Kingdom,East Riverine,100,Cordage and Knots,10
-2660,initial,171,Weiweitai Kingdom,East Riverine,101,Hide Working and Tailored Clothing,10
-2660,initial,171,Weiweitai Kingdom,East Riverine,102,Hafted Stone Tools,10
-2660,initial,171,Weiweitai Kingdom,East Riverine,105,Food Preservation,10
-2660,initial,171,Weiweitai Kingdom,East Riverine,106,Storage Pits and Containers,10
-2660,initial,171,Weiweitai Kingdom,East Riverine,107,Seasonal Aggregation Camps,10
-2660,initial,171,Weiweitai Kingdom,East Riverine,110,Dog Domestication,10
-2660,initial,171,Weiweitai Kingdom,East Riverine,111,Grinding Stones,10
-2660,initial,171,Weiweitai Kingdom,East Riverine,116,Charcoal Firing,10
-2660,initial,171,Weiweitai Kingdom,East Riverine,3,Archery,10
-2657,unlock,44,New kinter Tribe,Monsoon Coastal,7,Wheel,23
-2657,unlock,104,South ravishadesh Tribe,Indic Riverine,7,Wheel,18
-2655,unlock,51,North mazuu Tribe,West Sahel,117,Proto-writing and Administrative Notation,19
-2647,unlock,11,Shadradesh Tribe,Indic Riverine,11,Writing,21
-2646,unlock,13,Kingdom of New sursurpur,Indic Riverine,12,Shipbuilding,24
-2645,initial,172,North nakinland Tribe,Western Plains,100,Cordage and Knots,8
-2645,initial,172,North nakinland Tribe,Western Plains,101,Hide Working and Tailored Clothing,8
-2645,initial,172,North nakinland Tribe,Western Plains,102,Hafted Stone Tools,8
-2645,initial,172,North nakinland Tribe,Western Plains,105,Food Preservation,8
-2645,initial,172,North nakinland Tribe,Western Plains,106,Storage Pits and Containers,8
-2645,initial,172,North nakinland Tribe,Western Plains,107,Seasonal Aggregation Camps,8
-2645,initial,172,North nakinland Tribe,Western Plains,111,Grinding Stones,8
-2645,initial,172,North nakinland Tribe,Western Plains,3,Archery,8
-2642,unlock,48,Kingdom of New zuchiu,Nile Floodplain,117,Proto-writing and Administrative Notation,22
-2640,unlock,9,New mitkansurnagar Tribe,Indic Riverine,10,Irrigation,18
-2640,unlock,40,Kingdom of South quibel,Monsoon Coastal,109,Long-distance Exchange Networks,23
-2635,unlock,49,Empire of Old lamtanchiara,Nile Floodplain,19,Alphabet,26
-2619,unlock,104,South ravishadesh Tribe,Indic Riverine,104,Fishing Technology,19
-2617,unlock,68,New nahteomixtan Tribe,Mesoamerican,5,Sailing,23
-2616,unlock,52,Great barofiene Tribe,West Sahel,10,Irrigation,24
-2614,unlock,39,Kingdom of Old garkinmaria,Monsoon Coastal,12,Shipbuilding,22
-2609,unlock,10,New varravardesh Tribe,Indic Riverine,108,Watercraft,20
-2606,unlock,13,Kingdom of New sursurpur,Indic Riverine,109,Long-distance Exchange Networks,25
-2606,unlock,52,Great barofiene Tribe,West Sahel,23,Engineering,25
-2605,initial,173,Great kanvara Kingdom,Indic Riverine,100,Cordage and Knots,10
-2605,initial,173,Great kanvara Kingdom,Indic Riverine,101,Hide Working and Tailored Clothing,10
-2605,initial,173,Great kanvara Kingdom,Indic Riverine,102,Hafted Stone Tools,10
-2605,initial,173,Great kanvara Kingdom,Indic Riverine,105,Food Preservation,10
-2605,initial,173,Great kanvara Kingdom,Indic Riverine,106,Storage Pits and Containers,10
-2605,initial,173,Great kanvara Kingdom,Indic Riverine,107,Seasonal Aggregation Camps,10
-2605,initial,173,Great kanvara Kingdom,Indic Riverine,110,Dog Domestication,10
-2605,initial,173,Great kanvara Kingdom,Indic Riverine,111,Grinding Stones,10
-2605,initial,173,Great kanvara Kingdom,Indic Riverine,116,Charcoal Firing,10
-2605,initial,173,Great kanvara Kingdom,Indic Riverine,3,Archery,10
-2600,unlock,71,Great itzyucan Tribe,Mesoamerican,10,Irrigation,21
-2596,unlock,40,Kingdom of South quibel,Monsoon Coastal,12,Shipbuilding,24
-2595,initial,174,New quivia Tribe,Monsoon Coastal,100,Cordage and Knots,14
-2595,initial,174,New quivia Tribe,Monsoon Coastal,101,Hide Working and Tailored Clothing,14
-2595,initial,174,New quivia Tribe,Monsoon Coastal,102,Hafted Stone Tools,14
-2595,initial,174,New quivia Tribe,Monsoon Coastal,103,Bone and Antler Tools,14
-2595,initial,174,New quivia Tribe,Monsoon Coastal,104,Fishing Technology,14
-2595,initial,174,New quivia Tribe,Monsoon Coastal,105,Food Preservation,14
-2595,initial,174,New quivia Tribe,Monsoon Coastal,106,Storage Pits and Containers,14
-2595,initial,174,New quivia Tribe,Monsoon Coastal,107,Seasonal Aggregation Camps,14
-2595,initial,174,New quivia Tribe,Monsoon Coastal,108,Watercraft,14
-2595,initial,174,New quivia Tribe,Monsoon Coastal,110,Dog Domestication,14
-2595,initial,174,New quivia Tribe,Monsoon Coastal,111,Grinding Stones,14
-2595,initial,174,New quivia Tribe,Monsoon Coastal,116,Charcoal Firing,14
-2595,initial,174,New quivia Tribe,Monsoon Coastal,3,Archery,14
-2595,initial,174,New quivia Tribe,Monsoon Coastal,5,Sailing,14
-2594,unlock,49,Empire of Old lamtanchiara,Nile Floodplain,14,Formal Mathematics,27
-2584,unlock,108,Kingdom of New ngolammaara,West Sahel,103,Bone and Antler Tools,15
-2574,unlock,65,Kingdom of Great temtolpan,Mesoamerican,104,Fishing Technology,19
-2568,unlock,0,Tanmita Tribe,Indic Riverine,108,Watercraft,22
-2568,unlock,0,Tanmita Tribe,Indic Riverine,17,Roads,22
-2567,unlock,13,Kingdom of New sursurpur,Indic Riverine,17,Roads,26
-2566,unlock,76,New llaqsuyumarca Tribe,Andean Highland,29,Machinery,27
-2563,unlock,76,New llaqsuyumarca Tribe,Andean Highland,117,Proto-writing and Administrative Notation,28
-2562,unlock,65,Kingdom of Great temtolpan,Mesoamerican,7,Wheel,20
-2561,unlock,68,New nahteomixtan Tribe,Mesoamerican,12,Shipbuilding,24
-2560,unlock,10,New varravardesh Tribe,Indic Riverine,117,Proto-writing and Administrative Notation,21
-2554,unlock,53,Kingdom of Old ofibaru,East Horn,104,Fishing Technology,14
-2548,unlock,72,Kingdom of Great calteochian,Mesoamerican,110,Dog Domestication,19
-2545,unlock,71,Great itzyucan Tribe,Mesoamerican,109,Long-distance Exchange Networks,22
-2545,unlock,108,Kingdom of New ngolammaara,West Sahel,104,Fishing Technology,16
-2542,unlock,72,Kingdom of Great calteochian,Mesoamerican,7,Wheel,20
-2540,unlock,49,Empire of Old lamtanchiara,Nile Floodplain,22,Philosophy,28
-2534,unlock,0,Tanmita Tribe,Indic Riverine,10,Irrigation,23
-2529,unlock,66,Teoxocpan Tribe,Mesoamerican,115,Counting Tokens and Tallies,18
-2520,unlock,9,Kingdom of Shashanalnagar,Indic Riverine,7,Wheel,19
-2518,unlock,49,Empire of Old lamtanchiara,Nile Floodplain,24,Optics,29
-2516,unlock,52,Great barofiene Tribe,West Sahel,29,Machinery,26
-2505,initial,175,Old quiterquigrad Kingdom,Eastern Woodland,100,Cordage and Knots,8
-2505,initial,175,Old quiterquigrad Kingdom,Eastern Woodland,101,Hide Working and Tailored Clothing,8
-2505,initial,175,Old quiterquigrad Kingdom,Eastern Woodland,102,Hafted Stone Tools,8
-2505,initial,175,Old quiterquigrad Kingdom,Eastern Woodland,105,Food Preservation,8
-2505,initial,175,Old quiterquigrad Kingdom,Eastern Woodland,106,Storage Pits and Containers,8
-2505,initial,175,Old quiterquigrad Kingdom,Eastern Woodland,107,Seasonal Aggregation Camps,8
-2505,initial,175,Old quiterquigrad Kingdom,Eastern Woodland,111,Grinding Stones,8
-2505,initial,175,Old quiterquigrad Kingdom,Eastern Woodland,3,Archery,8
-2501,unlock,49,Empire of Old lamtanchiara,Nile Floodplain,21,Drama and Poetry,30
-2497,unlock,25,New qinmintaishan,East Riverine,103,Bone and Antler Tools,11
-2488,unlock,10,New varravardesh Tribe,Indic Riverine,10,Irrigation,22
-2480,unlock,48,Kingdom of New zuchiu,Nile Floodplain,118,Numeracy and Measurement,23
-2477,unlock,104,South ravishadesh Tribe,Indic Riverine,10,Irrigation,20
-2474,unlock,44,New kinter Tribe,Monsoon Coastal,115,Counting Tokens and Tallies,24
-2469,unlock,39,Kingdom of Old garkinmaria,Monsoon Coastal,10,Irrigation,23
-2464,unlock,73,Kingdom of New temchico,Mesoamerican,7,Wheel,18
-2459,unlock,39,Kingdom of Old garkinmaria,Monsoon Coastal,109,Long-distance Exchange Networks,24
-2459,unlock,97,Kingdom of Great nalinlingrad,Caribbean Seafaring,12,Shipbuilding,14
-2452,unlock,10,New varravardesh Tribe,Indic Riverine,5,Sailing,23
-2447,unlock,34,Kingdom of Kalar,Fertile Crescent,103,Bone and Antler Tools,13
-2438,unlock,68,New nahteomixtan Tribe,Mesoamerican,109,Long-distance Exchange Networks,25
-2435,initial,176,Old intiayapach Kingdom,Andean Highland,100,Cordage and Knots,12
-2435,initial,176,Old intiayapach Kingdom,Andean Highland,101,Hide Working and Tailored Clothing,12
-2435,initial,176,Old intiayapach Kingdom,Andean Highland,102,Hafted Stone Tools,12
-2435,initial,176,Old intiayapach Kingdom,Andean Highland,105,Food Preservation,12
-2435,initial,176,Old intiayapach Kingdom,Andean Highland,106,Storage Pits and Containers,12
-2435,initial,176,Old intiayapach Kingdom,Andean Highland,107,Seasonal Aggregation Camps,12
-2435,initial,176,Old intiayapach Kingdom,Andean Highland,111,Grinding Stones,12
-2435,initial,176,Old intiayapach Kingdom,Andean Highland,112,Proto-cultivation,12
-2435,initial,176,Old intiayapach Kingdom,Andean Highland,113,Sedentism,12
-2435,initial,176,Old intiayapach Kingdom,Andean Highland,116,Charcoal Firing,12
-2435,initial,176,Old intiayapach Kingdom,Andean Highland,3,Archery,12
-2435,initial,176,Old intiayapach Kingdom,Andean Highland,6,Calendar,12
-2431,unlock,73,Kingdom of New temchico,Mesoamerican,115,Counting Tokens and Tallies,19
-2426,unlock,69,North xocteo Tribe,Mesoamerican,104,Fishing Technology,19
-2413,unlock,69,North xocteo Tribe,Mesoamerican,110,Dog Domestication,20
-2411,unlock,97,Kingdom of Great nalinlingrad,Caribbean Seafaring,111,Grinding Stones,15
-2408,unlock,141,Empire of Great tupintina,Andean Highland,10,Irrigation,14
-2405,initial,177,Rumsuyu Kingdom,Andean Highland,100,Cordage and Knots,9
-2405,initial,177,Rumsuyu Kingdom,Andean Highland,101,Hide Working and Tailored Clothing,9
-2405,initial,177,Rumsuyu Kingdom,Andean Highland,102,Hafted Stone Tools,9
-2405,initial,177,Rumsuyu Kingdom,Andean Highland,105,Food Preservation,9
-2405,initial,177,Rumsuyu Kingdom,Andean Highland,106,Storage Pits and Containers,9
-2405,initial,177,Rumsuyu Kingdom,Andean Highland,107,Seasonal Aggregation Camps,9
-2405,initial,177,Rumsuyu Kingdom,Andean Highland,111,Grinding Stones,9
-2405,initial,177,Rumsuyu Kingdom,Andean Highland,116,Charcoal Firing,9
-2405,initial,177,Rumsuyu Kingdom,Andean Highland,3,Archery,9
-2386,unlock,0,Tanmita Tribe,Indic Riverine,109,Long-distance Exchange Networks,24
-2369,unlock,73,Kingdom of New temchico,Mesoamerican,103,Bone and Antler Tools,20
-2363,unlock,10,New varravardesh Tribe,Indic Riverine,109,Long-distance Exchange Networks,24
-2363,unlock,53,Kingdom of Old ofibaru,East Horn,115,Counting Tokens and Tallies,15
-2360,unlock,52,Great barofiene Tribe,West Sahel,12,Shipbuilding,27
-2349,unlock,141,Empire of Great tupintina,Andean Highland,115,Counting Tokens and Tallies,15
-2345,unlock,54,North chingolamu Tribe,East Horn,114,Enclosures and Herd Management,19
-2339,unlock,40,Kingdom of South quibel,Monsoon Coastal,7,Wheel,25
-2337,unlock,65,Kingdom of Great temtolpan,Mesoamerican,17,Roads,21
-2336,unlock,65,Kingdom of Great temtolpan,Mesoamerican,117,Proto-writing and Administrative Notation,22
-2328,unlock,11,Shadradesh Tribe,Indic Riverine,17,Roads,21
-2322,unlock,141,Empire of Great tupintina,Andean Highland,104,Fishing Technology,16
-2318,unlock,39,Kingdom of Old garkinmaria,Monsoon Coastal,17,Roads,25
-2310,initial,178,Old intiayaqorina Kingdom,Andean Highland,100,Cordage and Knots,10
-2310,initial,178,Old intiayaqorina Kingdom,Andean Highland,101,Hide Working and Tailored Clothing,10
-2310,initial,178,Old intiayaqorina Kingdom,Andean Highland,102,Hafted Stone Tools,10
-2310,initial,178,Old intiayaqorina Kingdom,Andean Highland,105,Food Preservation,10
-2310,initial,178,Old intiayaqorina Kingdom,Andean Highland,106,Storage Pits and Containers,10
-2310,initial,178,Old intiayaqorina Kingdom,Andean Highland,107,Seasonal Aggregation Camps,10
-2310,initial,178,Old intiayaqorina Kingdom,Andean Highland,111,Grinding Stones,10
-2310,initial,178,Old intiayaqorina Kingdom,Andean Highland,116,Charcoal Firing,10
-2310,initial,178,Old intiayaqorina Kingdom,Andean Highland,4,Mining,10
-2310,initial,178,Old intiayaqorina Kingdom,Andean Highland,3,Archery,10
-2309,unlock,65,Kingdom of Great temtolpan,Mesoamerican,108,Watercraft,23
-2305,unlock,54,North chingolamu Tribe,East Horn,7,Wheel,20
-2302,unlock,0,Tanmita Tribe,Indic Riverine,19,Alphabet,25
-2286,unlock,10,New varravardesh Tribe,Indic Riverine,12,Shipbuilding,25
-2285,unlock,72,Kingdom of Great calteochian,Mesoamerican,17,Roads,21
-2285,initial,179,Selkarkarland Tribe,Mediterranean Urban,100,Cordage and Knots,13
-2285,initial,179,Selkarkarland Tribe,Mediterranean Urban,101,Hide Working and Tailored Clothing,13
-2285,initial,179,Selkarkarland Tribe,Mediterranean Urban,102,Hafted Stone Tools,13
-2285,initial,179,Selkarkarland Tribe,Mediterranean Urban,103,Bone and Antler Tools,13
-2285,initial,179,Selkarkarland Tribe,Mediterranean Urban,105,Food Preservation,13
-2285,initial,179,Selkarkarland Tribe,Mediterranean Urban,106,Storage Pits and Containers,13
-2285,initial,179,Selkarkarland Tribe,Mediterranean Urban,107,Seasonal Aggregation Camps,13
-2285,initial,179,Selkarkarland Tribe,Mediterranean Urban,110,Dog Domestication,13
-2285,initial,179,Selkarkarland Tribe,Mediterranean Urban,111,Grinding Stones,13
-2285,initial,179,Selkarkarland Tribe,Mediterranean Urban,116,Charcoal Firing,13
-2285,initial,179,Selkarkarland Tribe,Mediterranean Urban,4,Mining,13
-2285,initial,179,Selkarkarland Tribe,Mediterranean Urban,3,Archery,13
-2285,initial,179,Selkarkarland Tribe,Mediterranean Urban,8,Masonry,13
-2285,initial,180,Ofibarngoene Kingdom,North Saharan,100,Cordage and Knots,10
-2285,initial,180,Ofibarngoene Kingdom,North Saharan,101,Hide Working and Tailored Clothing,10
-2285,initial,180,Ofibarngoene Kingdom,North Saharan,102,Hafted Stone Tools,10
-2285,initial,180,Ofibarngoene Kingdom,North Saharan,105,Food Preservation,10
-2285,initial,180,Ofibarngoene Kingdom,North Saharan,106,Storage Pits and Containers,10
-2285,initial,180,Ofibarngoene Kingdom,North Saharan,107,Seasonal Aggregation Camps,10
-2285,initial,180,Ofibarngoene Kingdom,North Saharan,110,Dog Domestication,10
-2285,initial,180,Ofibarngoene Kingdom,North Saharan,111,Grinding Stones,10
-2285,initial,180,Ofibarngoene Kingdom,North Saharan,116,Charcoal Firing,10
-2285,initial,180,Ofibarngoene Kingdom,North Saharan,3,Archery,10
-2281,unlock,13,Kingdom of New sursurpur,Indic Riverine,23,Engineering,27
-2279,unlock,122,New sumpachpach Kingdom,Andean Highland,103,Bone and Antler Tools,10
-2275,initial,181,North lamngo Kingdom,North Saharan,100,Cordage and Knots,10
-2275,initial,181,North lamngo Kingdom,North Saharan,101,Hide Working and Tailored Clothing,10
-2275,initial,181,North lamngo Kingdom,North Saharan,102,Hafted Stone Tools,10
-2275,initial,181,North lamngo Kingdom,North Saharan,105,Food Preservation,10
-2275,initial,181,North lamngo Kingdom,North Saharan,106,Storage Pits and Containers,10
-2275,initial,181,North lamngo Kingdom,North Saharan,107,Seasonal Aggregation Camps,10
-2275,initial,181,North lamngo Kingdom,North Saharan,110,Dog Domestication,10
-2275,initial,181,North lamngo Kingdom,North Saharan,111,Grinding Stones,10
-2275,initial,181,North lamngo Kingdom,North Saharan,116,Charcoal Firing,10
-2275,initial,181,North lamngo Kingdom,North Saharan,3,Archery,10
-2265,unlock,105,Kingdom of New ayaqorirum,Andean Highland,103,Bone and Antler Tools,11
-2263,unlock,10,New varravardesh Tribe,Indic Riverine,11,Writing,26
-2261,unlock,41,Empire of Terrangarland,Monsoon Coastal,109,Long-distance Exchange Networks,15
-2261,unlock,51,North mazuu Tribe,West Sahel,114,Enclosures and Herd Management,19
-2257,unlock,53,Kingdom of Old ofibaru,East Horn,114,Enclosures and Herd Management,16
-2256,unlock,141,Empire of Great tupintina,Andean Highland,110,Dog Domestication,17
-2251,unlock,48,Kingdom of New zuchiu,Nile Floodplain,15,Currency,24
-2249,unlock,10,New varravardesh Tribe,Indic Riverine,17,Roads,27
-2248,unlock,53,Kingdom of Old ofibaru,East Horn,10,Irrigation,17
-2246,unlock,66,Teoxocpan Tribe,Mesoamerican,114,Enclosures and Herd Management,19
-2240,initial,182,North tarlenland Kingdom,Central Plain,100,Cordage and Knots,10
-2240,initial,182,North tarlenland Kingdom,Central Plain,101,Hide Working and Tailored Clothing,10
-2240,initial,182,North tarlenland Kingdom,Central Plain,102,Hafted Stone Tools,10
-2240,initial,182,North tarlenland Kingdom,Central Plain,105,Food Preservation,10
-2240,initial,182,North tarlenland Kingdom,Central Plain,106,Storage Pits and Containers,10
-2240,initial,182,North tarlenland Kingdom,Central Plain,107,Seasonal Aggregation Camps,10
-2240,initial,182,North tarlenland Kingdom,Central Plain,110,Dog Domestication,10
-2240,initial,182,North tarlenland Kingdom,Central Plain,111,Grinding Stones,10
-2240,initial,182,North tarlenland Kingdom,Central Plain,116,Charcoal Firing,10
-2240,initial,182,North tarlenland Kingdom,Central Plain,3,Archery,10
-2238,unlock,54,North chingolamu Tribe,East Horn,17,Roads,21
-2232,unlock,52,Great barofiene Tribe,West Sahel,117,Proto-writing and Administrative Notation,28
-2231,unlock,33,North tamurar Tribe,Fertile Crescent,103,Bone and Antler Tools,12
-2225,unlock,123,Kingdom of South lenvenlenum,Atlantic Fringe,8,Masonry,11
-2215,initial,183,Great sumrummarca Kingdom,Andean Highland,100,Cordage and Knots,12
-2215,initial,183,Great sumrummarca Kingdom,Andean Highland,101,Hide Working and Tailored Clothing,12
-2215,initial,183,Great sumrummarca Kingdom,Andean Highland,102,Hafted Stone Tools,12
-2215,initial,183,Great sumrummarca Kingdom,Andean Highland,105,Food Preservation,12
-2215,initial,183,Great sumrummarca Kingdom,Andean Highland,106,Storage Pits and Containers,12
-2215,initial,183,Great sumrummarca Kingdom,Andean Highland,107,Seasonal Aggregation Camps,12
-2215,initial,183,Great sumrummarca Kingdom,Andean Highland,111,Grinding Stones,12
-2215,initial,183,Great sumrummarca Kingdom,Andean Highland,112,Proto-cultivation,12
-2215,initial,183,Great sumrummarca Kingdom,Andean Highland,113,Sedentism,12
-2215,initial,183,Great sumrummarca Kingdom,Andean Highland,116,Charcoal Firing,12
-2215,initial,183,Great sumrummarca Kingdom,Andean Highland,3,Archery,12
-2215,initial,183,Great sumrummarca Kingdom,Andean Highland,6,Calendar,12
-2208,unlock,109,Kingdom of Old taiqinshan,East Riverine,103,Bone and Antler Tools,11
-2206,unlock,104,South ravishadesh Tribe,Indic Riverine,17,Roads,21
-2205,unlock,53,Kingdom of Old ofibaru,East Horn,103,Bone and Antler Tools,18
-2202,unlock,53,Kingdom of Old ofibaru,East Horn,108,Watercraft,19
-2200,initial,184,North tantanvar Kingdom,Indic Riverine,100,Cordage and Knots,10
-2200,initial,184,North tantanvar Kingdom,Indic Riverine,101,Hide Working and Tailored Clothing,10
-2200,initial,184,North tantanvar Kingdom,Indic Riverine,102,Hafted Stone Tools,10
-2200,initial,184,North tantanvar Kingdom,Indic Riverine,105,Food Preservation,10
-2200,initial,184,North tantanvar Kingdom,Indic Riverine,106,Storage Pits and Containers,10
-2200,initial,184,North tantanvar Kingdom,Indic Riverine,107,Seasonal Aggregation Camps,10
-2200,initial,184,North tantanvar Kingdom,Indic Riverine,110,Dog Domestication,10
-2200,initial,184,North tantanvar Kingdom,Indic Riverine,111,Grinding Stones,10
-2200,initial,184,North tantanvar Kingdom,Indic Riverine,116,Charcoal Firing,10
-2200,initial,184,North tantanvar Kingdom,Indic Riverine,3,Archery,10
-2199,unlock,141,Empire of Great tupintina,Andean Highland,114,Enclosures and Herd Management,18
-2197,unlock,39,Kingdom of Old garkinmaria,Monsoon Coastal,117,Proto-writing and Administrative Notation,26
-2185,unlock,44,New kinter Tribe,Monsoon Coastal,117,Proto-writing and Administrative Notation,25
-2182,unlock,65,Kingdom of Great temtolpan,Mesoamerican,5,Sailing,24
-2163,unlock,8,Kingdom of Old mitsursurpur,Indic Riverine,104,Fishing Technology,18
-2152,unlock,71,Great itzyucan Tribe,Mesoamerican,114,Enclosures and Herd Management,23
-2149,unlock,8,Kingdom of Old mitsursurpur,Indic Riverine,10,Irrigation,19
-2145,unlock,0,Tanmita Tribe,Indic Riverine,23,Engineering,26
-2143,unlock,0,Tanmita Tribe,Indic Riverine,22,Philosophy,27
-2131,unlock,49,Empire of Old lamtanchiara,Nile Floodplain,27,Democracy,31
-2126,unlock,66,Teoxocpan Tribe,Mesoamerican,7,Wheel,20
-2113,unlock,69,North xocteo Tribe,Mesoamerican,17,Roads,21
-2108,unlock,10,New varravardesh Tribe,Indic Riverine,19,Alphabet,28
-2101,unlock,108,Kingdom of New ngolammaara,West Sahel,108,Watercraft,17
-2095,unlock,79,Kingdom of South ayaintiyu,Andean Highland,104,Fishing Technology,13
-2087,unlock,0,Tanmita Tribe,Indic Riverine,21,Drama and Poetry,28
-2086,unlock,123,Kingdom of South lenvenlenum,Atlantic Fringe,103,Bone and Antler Tools,12
-2081,unlock,40,Kingdom of South quibel,Monsoon Coastal,17,Roads,26
-2080,initial,185,Old kaofiara Tribe,Nile Floodplain,100,Cordage and Knots,31
-2080,initial,185,Old kaofiara Tribe,Nile Floodplain,101,Hide Working and Tailored Clothing,31
-2080,initial,185,Old kaofiara Tribe,Nile Floodplain,102,Hafted Stone Tools,31
-2080,initial,185,Old kaofiara Tribe,Nile Floodplain,103,Bone and Antler Tools,31
-2080,initial,185,Old kaofiara Tribe,Nile Floodplain,104,Fishing Technology,31
-2080,initial,185,Old kaofiara Tribe,Nile Floodplain,105,Food Preservation,31
-2080,initial,185,Old kaofiara Tribe,Nile Floodplain,106,Storage Pits and Containers,31
-2080,initial,185,Old kaofiara Tribe,Nile Floodplain,107,Seasonal Aggregation Camps,31
-2080,initial,185,Old kaofiara Tribe,Nile Floodplain,110,Dog Domestication,31
-2080,initial,185,Old kaofiara Tribe,Nile Floodplain,111,Grinding Stones,31
-2080,initial,185,Old kaofiara Tribe,Nile Floodplain,112,Proto-cultivation,31
-2080,initial,185,Old kaofiara Tribe,Nile Floodplain,113,Sedentism,31
-2080,initial,185,Old kaofiara Tribe,Nile Floodplain,114,Enclosures and Herd Management,31
-2080,initial,185,Old kaofiara Tribe,Nile Floodplain,115,Counting Tokens and Tallies,31
-2080,initial,185,Old kaofiara Tribe,Nile Floodplain,116,Charcoal Firing,31
-2080,initial,185,Old kaofiara Tribe,Nile Floodplain,117,Proto-writing and Administrative Notation,31
-2080,initial,185,Old kaofiara Tribe,Nile Floodplain,118,Numeracy and Measurement,31
-2080,initial,185,Old kaofiara Tribe,Nile Floodplain,20,Agriculture,31
-2080,initial,185,Old kaofiara Tribe,Nile Floodplain,11,Writing,31
-2080,initial,185,Old kaofiara Tribe,Nile Floodplain,3,Archery,31
-2080,initial,185,Old kaofiara Tribe,Nile Floodplain,6,Calendar,31
-2080,initial,185,Old kaofiara Tribe,Nile Floodplain,7,Wheel,31
-2080,initial,185,Old kaofiara Tribe,Nile Floodplain,10,Irrigation,31
-2080,initial,185,Old kaofiara Tribe,Nile Floodplain,14,Formal Mathematics,31
-2080,initial,185,Old kaofiara Tribe,Nile Floodplain,15,Currency,31
-2080,initial,185,Old kaofiara Tribe,Nile Floodplain,17,Roads,31
-2080,initial,185,Old kaofiara Tribe,Nile Floodplain,19,Alphabet,31
-2080,initial,185,Old kaofiara Tribe,Nile Floodplain,21,Drama and Poetry,31
-2080,initial,185,Old kaofiara Tribe,Nile Floodplain,22,Philosophy,31
-2080,initial,185,Old kaofiara Tribe,Nile Floodplain,24,Optics,31
-2080,initial,185,Old kaofiara Tribe,Nile Floodplain,27,Democracy,31
-2076,unlock,9,Kingdom of Shashanalnagar,Indic Riverine,103,Bone and Antler Tools,20
-2071,unlock,11,Shadradesh Tribe,Indic Riverine,103,Bone and Antler Tools,22
-2066,unlock,54,North chingolamu Tribe,East Horn,23,Engineering,22
-2065,initial,186,Great llaqsuyu Kingdom,Andean Highland,100,Cordage and Knots,9
-2065,initial,186,Great llaqsuyu Kingdom,Andean Highland,101,Hide Working and Tailored Clothing,9
-2065,initial,186,Great llaqsuyu Kingdom,Andean Highland,102,Hafted Stone Tools,9
-2065,initial,186,Great llaqsuyu Kingdom,Andean Highland,105,Food Preservation,9
-2065,initial,186,Great llaqsuyu Kingdom,Andean Highland,106,Storage Pits and Containers,9
-2065,initial,186,Great llaqsuyu Kingdom,Andean Highland,107,Seasonal Aggregation Camps,9
-2065,initial,186,Great llaqsuyu Kingdom,Andean Highland,111,Grinding Stones,9
-2065,initial,186,Great llaqsuyu Kingdom,Andean Highland,116,Charcoal Firing,9
-2065,initial,186,Great llaqsuyu Kingdom,Andean Highland,3,Archery,9
-2060,unlock,71,Great itzyucan Tribe,Mesoamerican,7,Wheel,24
-2053,unlock,9,Kingdom of Shashanalnagar,Indic Riverine,17,Roads,21
-2050,initial,187,Great linlinzhou Kingdom,East Riverine,100,Cordage and Knots,11
-2050,initial,187,Great linlinzhou Kingdom,East Riverine,101,Hide Working and Tailored Clothing,11
-2050,initial,187,Great linlinzhou Kingdom,East Riverine,102,Hafted Stone Tools,11
-2050,initial,187,Great linlinzhou Kingdom,East Riverine,103,Bone and Antler Tools,11
-2050,initial,187,Great linlinzhou Kingdom,East Riverine,105,Food Preservation,11
-2050,initial,187,Great linlinzhou Kingdom,East Riverine,106,Storage Pits and Containers,11
-2050,initial,187,Great linlinzhou Kingdom,East Riverine,107,Seasonal Aggregation Camps,11
-2050,initial,187,Great linlinzhou Kingdom,East Riverine,110,Dog Domestication,11
-2050,initial,187,Great linlinzhou Kingdom,East Riverine,111,Grinding Stones,11
-2050,initial,187,Great linlinzhou Kingdom,East Riverine,116,Charcoal Firing,11
-2050,initial,187,Great linlinzhou Kingdom,East Riverine,3,Archery,11
-2037,unlock,65,Kingdom of Great temtolpan,Mesoamerican,109,Long-distance Exchange Networks,25
-2035,initial,188,South venkaral Tribe,Mediterranean Urban,100,Cordage and Knots,10
-2035,initial,188,South venkaral Tribe,Mediterranean Urban,101,Hide Working and Tailored Clothing,10
-2035,initial,188,South venkaral Tribe,Mediterranean Urban,102,Hafted Stone Tools,10
-2035,initial,188,South venkaral Tribe,Mediterranean Urban,105,Food Preservation,10
-2035,initial,188,South venkaral Tribe,Mediterranean Urban,106,Storage Pits and Containers,10
-2035,initial,188,South venkaral Tribe,Mediterranean Urban,107,Seasonal Aggregation Camps,10
-2035,initial,188,South venkaral Tribe,Mediterranean Urban,110,Dog Domestication,10
-2035,initial,188,South venkaral Tribe,Mediterranean Urban,111,Grinding Stones,10
-2035,initial,188,South venkaral Tribe,Mediterranean Urban,116,Charcoal Firing,10
-2035,initial,188,South venkaral Tribe,Mediterranean Urban,3,Archery,10
-2034,unlock,105,Kingdom of New ayaqorirum,Andean Highland,110,Dog Domestication,12
-2012,unlock,63,South lentartar Tribe,Atlantic Fringe,8,Masonry,11
-2011,unlock,8,Kingdom of Old mitsursurpur,Indic Riverine,103,Bone and Antler Tools,20
-2003,unlock,53,Kingdom of Old ofibaru,East Horn,5,Sailing,20
-2002,unlock,54,North chingolamu Tribe,East Horn,29,Machinery,23
-2000,initial,189,North tupintikus Kingdom,Andean Highland,100,Cordage and Knots,10
-2000,initial,189,North tupintikus Kingdom,Andean Highland,101,Hide Working and Tailored Clothing,10
-2000,initial,189,North tupintikus Kingdom,Andean Highland,102,Hafted Stone Tools,10
-2000,initial,189,North tupintikus Kingdom,Andean Highland,105,Food Preservation,10
-2000,initial,189,North tupintikus Kingdom,Andean Highland,106,Storage Pits and Containers,10
-2000,initial,189,North tupintikus Kingdom,Andean Highland,107,Seasonal Aggregation Camps,10
-2000,initial,189,North tupintikus Kingdom,Andean Highland,111,Grinding Stones,10
-2000,initial,189,North tupintikus Kingdom,Andean Highland,116,Charcoal Firing,10
-2000,initial,189,North tupintikus Kingdom,Andean Highland,4,Mining,10
-2000,initial,189,North tupintikus Kingdom,Andean Highland,3,Archery,10
-1999,unlock,65,Kingdom of Great temtolpan,Mesoamerican,12,Shipbuilding,26
-1995,unlock,108,Kingdom of New ngolammaara,West Sahel,5,Sailing,18
-1995,initial,190,Great qoritupqorimarca Kingdom,Andean Highland,100,Cordage and Knots,13
-1995,initial,190,Great qoritupqorimarca Kingdom,Andean Highland,101,Hide Working and Tailored Clothing,13
-1995,initial,190,Great qoritupqorimarca Kingdom,Andean Highland,102,Hafted Stone Tools,13
-1995,initial,190,Great qoritupqorimarca Kingdom,Andean Highland,104,Fishing Technology,13
-1995,initial,190,Great qoritupqorimarca Kingdom,Andean Highland,105,Food Preservation,13
-1995,initial,190,Great qoritupqorimarca Kingdom,Andean Highland,106,Storage Pits and Containers,13
-1995,initial,190,Great qoritupqorimarca Kingdom,Andean Highland,107,Seasonal Aggregation Camps,13
-1995,initial,190,Great qoritupqorimarca Kingdom,Andean Highland,111,Grinding Stones,13
-1995,initial,190,Great qoritupqorimarca Kingdom,Andean Highland,112,Proto-cultivation,13
-1995,initial,190,Great qoritupqorimarca Kingdom,Andean Highland,113,Sedentism,13
-1995,initial,190,Great qoritupqorimarca Kingdom,Andean Highland,116,Charcoal Firing,13
-1995,initial,190,Great qoritupqorimarca Kingdom,Andean Highland,3,Archery,13
-1995,initial,190,Great qoritupqorimarca Kingdom,Andean Highland,6,Calendar,13
-1982,unlock,11,Shadradesh Tribe,Indic Riverine,118,Numeracy and Measurement,23
-1978,unlock,61,Empire of Tardorkarland,Central Plain,8,Masonry,12
-1977,unlock,8,Kingdom of Old mitsursurpur,Indic Riverine,17,Roads,21
-1965,unlock,66,Teoxocpan Tribe,Mesoamerican,17,Roads,21
-1962,unlock,13,Kingdom of New sursurpur,Indic Riverine,29,Machinery,28
-1960,unlock,114,Kingdom of Great samarad,Fertile Crescent,103,Bone and Antler Tools,12
-1954,unlock,53,Kingdom of Old ofibaru,East Horn,110,Dog Domestication,21
-1950,unlock,21,Kingdom of North hanzhotai,East Riverine,103,Bone and Antler Tools,11
-1945,unlock,49,Empire of Old lamtanchiara,Nile Floodplain,33,Paper,31
-1940,unlock,73,Kingdom of New temchico,Mesoamerican,17,Roads,21
-1937,unlock,74,Kingdom of Great chitemnahtan,Mesoamerican,103,Bone and Antler Tools,13
-1930,unlock,71,Great itzyucan Tribe,Mesoamerican,17,Roads,25
-1927,unlock,11,Shadradesh Tribe,Indic Riverine,15,Currency,24
-1915,unlock,108,Kingdom of New ngolammaara,West Sahel,109,Long-distance Exchange Networks,19
-1911,unlock,67,Kingdom of Old mixteo,Mesoamerican,17,Roads,19
-1910,unlock,10,New varravardesh Tribe,Indic Riverine,22,Philosophy,29
-1909,unlock,108,Kingdom of New ngolammaara,West Sahel,115,Counting Tokens and Tallies,20
-1901,unlock,141,Empire of Great tupintina,Andean Highland,7,Wheel,19
-1889,unlock,23,Kingdom of Weiqinzho,East Riverine,103,Bone and Antler Tools,11
-1867,unlock,10,New varravardesh Tribe,Indic Riverine,23,Engineering,30
-1861,unlock,10,New varravardesh Tribe,Indic Riverine,29,Machinery,31
-1860,unlock,108,Kingdom of New ngolammaara,West Sahel,29,Machinery,21
-1859,unlock,53,Kingdom of Old ofibaru,East Horn,7,Wheel,22
-1847,unlock,0,Tanmita Tribe,Indic Riverine,30,Education,29
-1845,initial,191,Old tupkus Kingdom,Andean Highland,100,Cordage and Knots,9
-1845,initial,191,Old tupkus Kingdom,Andean Highland,101,Hide Working and Tailored Clothing,9
-1845,initial,191,Old tupkus Kingdom,Andean Highland,102,Hafted Stone Tools,9
-1845,initial,191,Old tupkus Kingdom,Andean Highland,105,Food Preservation,9
-1845,initial,191,Old tupkus Kingdom,Andean Highland,106,Storage Pits and Containers,9
-1845,initial,191,Old tupkus Kingdom,Andean Highland,107,Seasonal Aggregation Camps,9
-1845,initial,191,Old tupkus Kingdom,Andean Highland,111,Grinding Stones,9
-1845,initial,191,Old tupkus Kingdom,Andean Highland,116,Charcoal Firing,9
-1845,initial,191,Old tupkus Kingdom,Andean Highland,3,Archery,9
-1833,unlock,108,Kingdom of New ngolammaara,West Sahel,12,Shipbuilding,22
-1825,initial,192,New maofitanara Tribe,West Sahel,100,Cordage and Knots,19
-1825,initial,192,New maofitanara Tribe,West Sahel,101,Hide Working and Tailored Clothing,19
-1825,initial,192,New maofitanara Tribe,West Sahel,102,Hafted Stone Tools,19
-1825,initial,192,New maofitanara Tribe,West Sahel,103,Bone and Antler Tools,19
-1825,initial,192,New maofitanara Tribe,West Sahel,104,Fishing Technology,19
-1825,initial,192,New maofitanara Tribe,West Sahel,105,Food Preservation,19
-1825,initial,192,New maofitanara Tribe,West Sahel,106,Storage Pits and Containers,19
-1825,initial,192,New maofitanara Tribe,West Sahel,107,Seasonal Aggregation Camps,19
-1825,initial,192,New maofitanara Tribe,West Sahel,110,Dog Domestication,19
-1825,initial,192,New maofitanara Tribe,West Sahel,111,Grinding Stones,19
-1825,initial,192,New maofitanara Tribe,West Sahel,112,Proto-cultivation,19
-1825,initial,192,New maofitanara Tribe,West Sahel,113,Sedentism,19
-1825,initial,192,New maofitanara Tribe,West Sahel,114,Enclosures and Herd Management,19
-1825,initial,192,New maofitanara Tribe,West Sahel,115,Counting Tokens and Tallies,19
-1825,initial,192,New maofitanara Tribe,West Sahel,116,Charcoal Firing,19
-1825,initial,192,New maofitanara Tribe,West Sahel,20,Agriculture,19
-1825,initial,192,New maofitanara Tribe,West Sahel,3,Archery,19
-1825,initial,192,New maofitanara Tribe,West Sahel,6,Calendar,19
-1825,initial,192,New maofitanara Tribe,West Sahel,10,Irrigation,19
-1823,unlock,8,Kingdom of Old mitsursurpur,Indic Riverine,108,Watercraft,22
-1818,unlock,10,New varravardesh Tribe,Indic Riverine,27,Democracy,32
-1810,unlock,32,Kingdom of Urashashum,Fertile Crescent,8,Masonry,12
-1810,unlock,49,Empire of Old lamtanchiara,Nile Floodplain,30,Education,33
-1808,unlock,24,Kingdom of North xiataishan,East Riverine,103,Bone and Antler Tools,12
-1807,unlock,74,Kingdom of Great chitemnahtan,Mesoamerican,115,Counting Tokens and Tallies,14
-1805,initial,193,North varraa Kingdom,Indic Riverine,100,Cordage and Knots,10
-1805,initial,193,North varraa Kingdom,Indic Riverine,101,Hide Working and Tailored Clothing,10
-1805,initial,193,North varraa Kingdom,Indic Riverine,102,Hafted Stone Tools,10
-1805,initial,193,North varraa Kingdom,Indic Riverine,105,Food Preservation,10
-1805,initial,193,North varraa Kingdom,Indic Riverine,106,Storage Pits and Containers,10
-1805,initial,193,North varraa Kingdom,Indic Riverine,107,Seasonal Aggregation Camps,10
-1805,initial,193,North varraa Kingdom,Indic Riverine,110,Dog Domestication,10
-1805,initial,193,North varraa Kingdom,Indic Riverine,111,Grinding Stones,10
-1805,initial,193,North varraa Kingdom,Indic Riverine,116,Charcoal Firing,10
-1805,initial,193,North varraa Kingdom,Indic Riverine,3,Archery,10
-1796,unlock,34,Kingdom of Kalar,Fertile Crescent,8,Masonry,14
-1795,initial,194,South lorbel Kingdom,Steppe Nomadic,100,Cordage and Knots,10
-1795,initial,194,South lorbel Kingdom,Steppe Nomadic,101,Hide Working and Tailored Clothing,10
-1795,initial,194,South lorbel Kingdom,Steppe Nomadic,102,Hafted Stone Tools,10
-1795,initial,194,South lorbel Kingdom,Steppe Nomadic,105,Food Preservation,10
-1795,initial,194,South lorbel Kingdom,Steppe Nomadic,106,Storage Pits and Containers,10
-1795,initial,194,South lorbel Kingdom,Steppe Nomadic,107,Seasonal Aggregation Camps,10
-1795,initial,194,South lorbel Kingdom,Steppe Nomadic,110,Dog Domestication,10
-1795,initial,194,South lorbel Kingdom,Steppe Nomadic,111,Grinding Stones,10
-1795,initial,194,South lorbel Kingdom,Steppe Nomadic,4,Mining,10
-1795,initial,194,South lorbel Kingdom,Steppe Nomadic,3,Archery,10
-1788,unlock,81,Kingdom of Great suyuqorillaqa,Andean Highland,119,Native Copper Working,11
-1780,initial,195,South rumkus Kingdom,Andean Highland,100,Cordage and Knots,10
-1780,initial,195,South rumkus Kingdom,Andean Highland,101,Hide Working and Tailored Clothing,10
-1780,initial,195,South rumkus Kingdom,Andean Highland,102,Hafted Stone Tools,10
-1780,initial,195,South rumkus Kingdom,Andean Highland,105,Food Preservation,10
-1780,initial,195,South rumkus Kingdom,Andean Highland,106,Storage Pits and Containers,10
-1780,initial,195,South rumkus Kingdom,Andean Highland,107,Seasonal Aggregation Camps,10
-1780,initial,195,South rumkus Kingdom,Andean Highland,111,Grinding Stones,10
-1780,initial,195,South rumkus Kingdom,Andean Highland,116,Charcoal Firing,10
-1780,initial,195,South rumkus Kingdom,Andean Highland,4,Mining,10
-1780,initial,195,South rumkus Kingdom,Andean Highland,3,Archery,10
-1779,unlock,49,Empire of Old lamtanchiara,Nile Floodplain,39,Universities,34
-1775,initial,196,North tupsuyuinti Kingdom,Andean Highland,100,Cordage and Knots,13
-1775,initial,196,North tupsuyuinti Kingdom,Andean Highland,101,Hide Working and Tailored Clothing,13
-1775,initial,196,North tupsuyuinti Kingdom,Andean Highland,102,Hafted Stone Tools,13
-1775,initial,196,North tupsuyuinti Kingdom,Andean Highland,104,Fishing Technology,13
-1775,initial,196,North tupsuyuinti Kingdom,Andean Highland,105,Food Preservation,13
-1775,initial,196,North tupsuyuinti Kingdom,Andean Highland,106,Storage Pits and Containers,13
-1775,initial,196,North tupsuyuinti Kingdom,Andean Highland,107,Seasonal Aggregation Camps,13
-1775,initial,196,North tupsuyuinti Kingdom,Andean Highland,111,Grinding Stones,13
-1775,initial,196,North tupsuyuinti Kingdom,Andean Highland,112,Proto-cultivation,13
-1775,initial,196,North tupsuyuinti Kingdom,Andean Highland,113,Sedentism,13
-1775,initial,196,North tupsuyuinti Kingdom,Andean Highland,116,Charcoal Firing,13
-1775,initial,196,North tupsuyuinti Kingdom,Andean Highland,3,Archery,13
-1775,initial,196,North tupsuyuinti Kingdom,Andean Highland,6,Calendar,13
-1766,unlock,9,Kingdom of North dranalvara,Indic Riverine,117,Proto-writing and Administrative Notation,22
-1760,unlock,63,South lentartar Tribe,Atlantic Fringe,104,Fishing Technology,12
-1751,unlock,59,New ventarselum Tribe,Mediterranean Urban,119,Native Copper Working,14
-1750,unlock,32,Kingdom of Urashashum,Fertile Crescent,103,Bone and Antler Tools,13
-1750,initial,197,North zulamkau Kingdom,North Saharan,100,Cordage and Knots,10
-1750,initial,197,North zulamkau Kingdom,North Saharan,101,Hide Working and Tailored Clothing,10
-1750,initial,197,North zulamkau Kingdom,North Saharan,102,Hafted Stone Tools,10
-1750,initial,197,North zulamkau Kingdom,North Saharan,105,Food Preservation,10
-1750,initial,197,North zulamkau Kingdom,North Saharan,106,Storage Pits and Containers,10
-1750,initial,197,North zulamkau Kingdom,North Saharan,107,Seasonal Aggregation Camps,10
-1750,initial,197,North zulamkau Kingdom,North Saharan,110,Dog Domestication,10
-1750,initial,197,North zulamkau Kingdom,North Saharan,111,Grinding Stones,10
-1750,initial,197,North zulamkau Kingdom,North Saharan,116,Charcoal Firing,10
-1750,initial,197,North zulamkau Kingdom,North Saharan,3,Archery,10
-1741,unlock,110,Kingdom of Great solkingrad,Steppe Nomadic,103,Bone and Antler Tools,10
-1729,unlock,0,Tanmita Tribe,Indic Riverine,5,Sailing,30
-1726,unlock,49,Empire of Old lamtanchiara,Nile Floodplain,108,Watercraft,35
-1720,initial,198,Zungo Tribe,Nile Floodplain,100,Cordage and Knots,24
-1720,initial,198,Zungo Tribe,Nile Floodplain,101,Hide Working and Tailored Clothing,24
-1720,initial,198,Zungo Tribe,Nile Floodplain,102,Hafted Stone Tools,24
-1720,initial,198,Zungo Tribe,Nile Floodplain,103,Bone and Antler Tools,24
-1720,initial,198,Zungo Tribe,Nile Floodplain,104,Fishing Technology,24
-1720,initial,198,Zungo Tribe,Nile Floodplain,105,Food Preservation,24
-1720,initial,198,Zungo Tribe,Nile Floodplain,106,Storage Pits and Containers,24
-1720,initial,198,Zungo Tribe,Nile Floodplain,107,Seasonal Aggregation Camps,24
-1720,initial,198,Zungo Tribe,Nile Floodplain,110,Dog Domestication,24
-1720,initial,198,Zungo Tribe,Nile Floodplain,111,Grinding Stones,24
-1720,initial,198,Zungo Tribe,Nile Floodplain,112,Proto-cultivation,24
-1720,initial,198,Zungo Tribe,Nile Floodplain,113,Sedentism,24
-1720,initial,198,Zungo Tribe,Nile Floodplain,114,Enclosures and Herd Management,24
-1720,initial,198,Zungo Tribe,Nile Floodplain,115,Counting Tokens and Tallies,24
-1720,initial,198,Zungo Tribe,Nile Floodplain,116,Charcoal Firing,24
-1720,initial,198,Zungo Tribe,Nile Floodplain,117,Proto-writing and Administrative Notation,24
-1720,initial,198,Zungo Tribe,Nile Floodplain,118,Numeracy and Measurement,24
-1720,initial,198,Zungo Tribe,Nile Floodplain,20,Agriculture,24
-1720,initial,198,Zungo Tribe,Nile Floodplain,3,Archery,24
-1720,initial,198,Zungo Tribe,Nile Floodplain,6,Calendar,24
-1720,initial,198,Zungo Tribe,Nile Floodplain,7,Wheel,24
-1720,initial,198,Zungo Tribe,Nile Floodplain,10,Irrigation,24
-1720,initial,198,Zungo Tribe,Nile Floodplain,15,Currency,24
-1720,initial,198,Zungo Tribe,Nile Floodplain,17,Roads,24
-1715,unlock,66,Teoxocpan Tribe,Mesoamerican,117,Proto-writing and Administrative Notation,22
-1710,initial,199,Great drashadesh Tribe,Indic Riverine,100,Cordage and Knots,10
-1710,initial,199,Great drashadesh Tribe,Indic Riverine,101,Hide Working and Tailored Clothing,10
-1710,initial,199,Great drashadesh Tribe,Indic Riverine,102,Hafted Stone Tools,10
-1710,initial,199,Great drashadesh Tribe,Indic Riverine,105,Food Preservation,10
-1710,initial,199,Great drashadesh Tribe,Indic Riverine,106,Storage Pits and Containers,10
-1710,initial,199,Great drashadesh Tribe,Indic Riverine,107,Seasonal Aggregation Camps,10
-1710,initial,199,Great drashadesh Tribe,Indic Riverine,110,Dog Domestication,10
-1710,initial,199,Great drashadesh Tribe,Indic Riverine,111,Grinding Stones,10
-1710,initial,199,Great drashadesh Tribe,Indic Riverine,116,Charcoal Firing,10
-1710,initial,199,Great drashadesh Tribe,Indic Riverine,3,Archery,10
-1705,unlock,7,Old kanvarvara Tribe,Indic Riverine,103,Bone and Antler Tools,11
-1700,unlock,49,Empire of Old lamtanchiara,Nile Floodplain,5,Sailing,36
-1692,unlock,67,Kingdom of Old mixteo,Mesoamerican,104,Fishing Technology,20
-1666,unlock,12,North shavartandesh Tribe,Indic Riverine,103,Bone and Antler Tools,11
-1665,unlock,115,Old qinweishan Tribe,East Riverine,103,Bone and Antler Tools,11
-1663,unlock,63,South lentartar Tribe,Atlantic Fringe,110,Dog Domestication,13
-1645,unlock,49,Empire of Old lamtanchiara,Nile Floodplain,109,Long-distance Exchange Networks,37
-1645,initial,200,Great sumllaqrumyu Kingdom,Andean Highland,100,Cordage and Knots,9
-1645,initial,200,Great sumllaqrumyu Kingdom,Andean Highland,101,Hide Working and Tailored Clothing,9
-1645,initial,200,Great sumllaqrumyu Kingdom,Andean Highland,102,Hafted Stone Tools,9
-1645,initial,200,Great sumllaqrumyu Kingdom,Andean Highland,105,Food Preservation,9
-1645,initial,200,Great sumllaqrumyu Kingdom,Andean Highland,106,Storage Pits and Containers,9
-1645,initial,200,Great sumllaqrumyu Kingdom,Andean Highland,107,Seasonal Aggregation Camps,9
-1645,initial,200,Great sumllaqrumyu Kingdom,Andean Highland,111,Grinding Stones,9
-1645,initial,200,Great sumllaqrumyu Kingdom,Andean Highland,116,Charcoal Firing,9
-1645,initial,200,Great sumllaqrumyu Kingdom,Andean Highland,3,Archery,9
-1639,unlock,53,Kingdom of Old ofibaru,East Horn,17,Roads,23
-1636,unlock,141,Empire of Great tupintina,Andean Highland,17,Roads,20
-1635,unlock,8,Kingdom of Old mitsursurpur,Indic Riverine,5,Sailing,23
-1624,unlock,49,Empire of Old lamtanchiara,Nile Floodplain,36,Printing,38
-1622,unlock,10,New varravardesh Tribe,Indic Riverine,118,Numeracy and Measurement,33
-1616,unlock,108,Kingdom of New ngolammaara,West Sahel,110,Dog Domestication,23
-1609,unlock,116,Kingdom of Great dusnagargrad,Steppe Nomadic,103,Bone and Antler Tools,10
-1605,initial,201,Great makatanu Kingdom,West Sahel,100,Cordage and Knots,19
-1605,initial,201,Great makatanu Kingdom,West Sahel,101,Hide Working and Tailored Clothing,19
-1605,initial,201,Great makatanu Kingdom,West Sahel,102,Hafted Stone Tools,19
-1605,initial,201,Great makatanu Kingdom,West Sahel,103,Bone and Antler Tools,19
-1605,initial,201,Great makatanu Kingdom,West Sahel,104,Fishing Technology,19
-1605,initial,201,Great makatanu Kingdom,West Sahel,105,Food Preservation,19
-1605,initial,201,Great makatanu Kingdom,West Sahel,106,Storage Pits and Containers,19
-1605,initial,201,Great makatanu Kingdom,West Sahel,107,Seasonal Aggregation Camps,19
-1605,initial,201,Great makatanu Kingdom,West Sahel,110,Dog Domestication,19
-1605,initial,201,Great makatanu Kingdom,West Sahel,111,Grinding Stones,19
-1605,initial,201,Great makatanu Kingdom,West Sahel,112,Proto-cultivation,19
-1605,initial,201,Great makatanu Kingdom,West Sahel,113,Sedentism,19
-1605,initial,201,Great makatanu Kingdom,West Sahel,114,Enclosures and Herd Management,19
-1605,initial,201,Great makatanu Kingdom,West Sahel,115,Counting Tokens and Tallies,19
-1605,initial,201,Great makatanu Kingdom,West Sahel,116,Charcoal Firing,19
-1605,initial,201,Great makatanu Kingdom,West Sahel,20,Agriculture,19
-1605,initial,201,Great makatanu Kingdom,West Sahel,3,Archery,19
-1605,initial,201,Great makatanu Kingdom,West Sahel,6,Calendar,19
-1605,initial,201,Great makatanu Kingdom,West Sahel,10,Irrigation,19
-1604,unlock,73,Kingdom of New temchico,Mesoamerican,117,Proto-writing and Administrative Notation,22
-1603,unlock,33,North tamurar Tribe,Fertile Crescent,8,Masonry,13
-1599,unlock,49,Empire of Old lamtanchiara,Nile Floodplain,32,Civil Service,39
-1596,unlock,97,Kingdom of Great nalinlingrad,Caribbean Seafaring,115,Counting Tokens and Tallies,16
-1594,unlock,10,New varravardesh Tribe,Indic Riverine,33,Paper,34
-1590,unlock,66,Teoxocpan Tribe,Mesoamerican,108,Watercraft,23
-1587,unlock,10,New varravardesh Tribe,Indic Riverine,15,Currency,35
-1585,initial,202,New tandra Kingdom,Indic Riverine,100,Cordage and Knots,10
-1585,initial,202,New tandra Kingdom,Indic Riverine,101,Hide Working and Tailored Clothing,10
-1585,initial,202,New tandra Kingdom,Indic Riverine,102,Hafted Stone Tools,10
-1585,initial,202,New tandra Kingdom,Indic Riverine,105,Food Preservation,10
-1585,initial,202,New tandra Kingdom,Indic Riverine,106,Storage Pits and Containers,10
-1585,initial,202,New tandra Kingdom,Indic Riverine,107,Seasonal Aggregation Camps,10
-1585,initial,202,New tandra Kingdom,Indic Riverine,110,Dog Domestication,10
-1585,initial,202,New tandra Kingdom,Indic Riverine,111,Grinding Stones,10
-1585,initial,202,New tandra Kingdom,Indic Riverine,116,Charcoal Firing,10
-1585,initial,202,New tandra Kingdom,Indic Riverine,3,Archery,10
-1583,unlock,81,Kingdom of Great suyuqorillaqa,Andean Highland,103,Bone and Antler Tools,12
-1580,unlock,10,New varravardesh Tribe,Indic Riverine,30,Education,36
-1579,unlock,104,South ravishadesh Tribe,Indic Riverine,117,Proto-writing and Administrative Notation,22
-1571,unlock,121,Kingdom of South rangarstan,Western Plains,110,Dog Domestication,9
-1570,initial,203,Great tupsuyullaqa Kingdom,Andean Highland,100,Cordage and Knots,9
-1570,initial,203,Great tupsuyullaqa Kingdom,Andean Highland,101,Hide Working and Tailored Clothing,9
-1570,initial,203,Great tupsuyullaqa Kingdom,Andean Highland,102,Hafted Stone Tools,9
-1570,initial,203,Great tupsuyullaqa Kingdom,Andean Highland,105,Food Preservation,9
-1570,initial,203,Great tupsuyullaqa Kingdom,Andean Highland,106,Storage Pits and Containers,9
-1570,initial,203,Great tupsuyullaqa Kingdom,Andean Highland,107,Seasonal Aggregation Camps,9
-1570,initial,203,Great tupsuyullaqa Kingdom,Andean Highland,111,Grinding Stones,9
-1570,initial,203,Great tupsuyullaqa Kingdom,Andean Highland,116,Charcoal Firing,9
-1570,initial,203,Great tupsuyullaqa Kingdom,Andean Highland,3,Archery,9
-1567,unlock,85,Kingdom of New kinlinmar,Eastern Woodland,110,Dog Domestication,9
-1554,unlock,44,Kingdom of New romlorromstan,Monsoon Coastal,17,Roads,26
-1545,unlock,141,Empire of Great tupintina,Andean Highland,103,Bone and Antler Tools,21
-1544,unlock,8,Kingdom of Old mitsursurpur,Indic Riverine,109,Long-distance Exchange Networks,24
-1537,unlock,39,Kingdom of Old garkinmaria,Monsoon Coastal,118,Numeracy and Measurement,27
-1530,initial,204,South tankau Kingdom,North Saharan,100,Cordage and Knots,10
-1530,initial,204,South tankau Kingdom,North Saharan,101,Hide Working and Tailored Clothing,10
-1530,initial,204,South tankau Kingdom,North Saharan,102,Hafted Stone Tools,10
-1530,initial,204,South tankau Kingdom,North Saharan,105,Food Preservation,10
-1530,initial,204,South tankau Kingdom,North Saharan,106,Storage Pits and Containers,10
-1530,initial,204,South tankau Kingdom,North Saharan,107,Seasonal Aggregation Camps,10
-1530,initial,204,South tankau Kingdom,North Saharan,110,Dog Domestication,10
-1530,initial,204,South tankau Kingdom,North Saharan,111,Grinding Stones,10
-1530,initial,204,South tankau Kingdom,North Saharan,116,Charcoal Firing,10
-1530,initial,204,South tankau Kingdom,North Saharan,3,Archery,10
-1525,unlock,66,Teoxocpan Tribe,Mesoamerican,5,Sailing,24
-1508,unlock,43,New quiromia Tribe,Monsoon Coastal,103,Bone and Antler Tools,11
-1505,unlock,108,Kingdom of New ngolammaara,West Sahel,114,Enclosures and Herd Management,24
-1505,initial,205,Seofichiu Kingdom,North Saharan,100,Cordage and Knots,10
-1505,initial,205,Seofichiu Kingdom,North Saharan,101,Hide Working and Tailored Clothing,10
-1505,initial,205,Seofichiu Kingdom,North Saharan,102,Hafted Stone Tools,10
-1505,initial,205,Seofichiu Kingdom,North Saharan,105,Food Preservation,10
-1505,initial,205,Seofichiu Kingdom,North Saharan,106,Storage Pits and Containers,10
-1505,initial,205,Seofichiu Kingdom,North Saharan,107,Seasonal Aggregation Camps,10
-1505,initial,205,Seofichiu Kingdom,North Saharan,110,Dog Domestication,10
-1505,initial,205,Seofichiu Kingdom,North Saharan,111,Grinding Stones,10
-1505,initial,205,Seofichiu Kingdom,North Saharan,116,Charcoal Firing,10
-1505,initial,205,Seofichiu Kingdom,North Saharan,3,Archery,10
-1500,unlock,10,New varravardesh Tribe,Indic Riverine,14,Formal Mathematics,37
-1500,initial,206,South lihanxialing Kingdom,East Riverine,100,Cordage and Knots,10
-1500,initial,206,South lihanxialing Kingdom,East Riverine,101,Hide Working and Tailored Clothing,10
-1500,initial,206,South lihanxialing Kingdom,East Riverine,102,Hafted Stone Tools,10
-1500,initial,206,South lihanxialing Kingdom,East Riverine,105,Food Preservation,10
-1500,initial,206,South lihanxialing Kingdom,East Riverine,106,Storage Pits and Containers,10
-1500,initial,206,South lihanxialing Kingdom,East Riverine,107,Seasonal Aggregation Camps,10
-1500,initial,206,South lihanxialing Kingdom,East Riverine,110,Dog Domestication,10
-1500,initial,206,South lihanxialing Kingdom,East Riverine,111,Grinding Stones,10
-1500,initial,206,South lihanxialing Kingdom,East Riverine,116,Charcoal Firing,10
-1500,initial,206,South lihanxialing Kingdom,East Riverine,3,Archery,10
-1489,unlock,72,Kingdom of Great calteochian,Mesoamerican,108,Watercraft,22
-1480,unlock,53,Kingdom of Old ofibaru,East Horn,23,Engineering,24
-1477,unlock,9,Kingdom of North dranalvara,Indic Riverine,23,Engineering,23
-1475,unlock,114,Kingdom of Great samarad,Fertile Crescent,8,Masonry,13
-1470,unlock,53,Kingdom of Old ofibaru,East Horn,12,Shipbuilding,25
-1469,unlock,97,Kingdom of Great nalinlingrad,Caribbean Seafaring,112,Proto-cultivation,17
-1468,unlock,117,South ninesh Tribe,Fertile Crescent,103,Bone and Antler Tools,11
-1465,unlock,8,Kingdom of Old mitsursurpur,Indic Riverine,117,Proto-writing and Administrative Notation,25
-1465,unlock,35,Kingdom of North ashararan,Fertile Crescent,120,Copper Smelting,13
-1461,unlock,59,New ventarselum Tribe,Mediterranean Urban,16,Construction,15
-1457,unlock,53,Kingdom of Old ofibaru,East Horn,29,Machinery,26
-1454,unlock,104,South ravishadesh Tribe,Indic Riverine,11,Writing,23
-1442,unlock,8,Kingdom of Old mitsursurpur,Indic Riverine,12,Shipbuilding,26
-1441,unlock,0,Tanmita Tribe,Indic Riverine,29,Machinery,31
-1438,unlock,36,South tamarad,Fertile Crescent,120,Copper Smelting,13
-1429,unlock,49,Empire of Old lamtanchiara,Nile Floodplain,34,Banking,40
-1423,unlock,66,Teoxocpan Tribe,Mesoamerican,12,Shipbuilding,25
-1415,unlock,9,Kingdom of North dranalvara,Indic Riverine,29,Machinery,24
-1415,unlock,141,Empire of Great tupintina,Andean Highland,29,Machinery,22
-1395,unlock,67,Kingdom of Old mixteo,Mesoamerican,103,Bone and Antler Tools,21
-1392,unlock,108,Kingdom of New ngolammaara,West Sahel,7,Wheel,25
-1385,initial,207,South intisuyuaya Kingdom,Andean Highland,100,Cordage and Knots,10
-1385,initial,207,South intisuyuaya Kingdom,Andean Highland,101,Hide Working and Tailored Clothing,10
-1385,initial,207,South intisuyuaya Kingdom,Andean Highland,102,Hafted Stone Tools,10
-1385,initial,207,South intisuyuaya Kingdom,Andean Highland,105,Food Preservation,10
-1385,initial,207,South intisuyuaya Kingdom,Andean Highland,106,Storage Pits and Containers,10
-1385,initial,207,South intisuyuaya Kingdom,Andean Highland,107,Seasonal Aggregation Camps,10
-1385,initial,207,South intisuyuaya Kingdom,Andean Highland,111,Grinding Stones,10
-1385,initial,207,South intisuyuaya Kingdom,Andean Highland,116,Charcoal Firing,10
-1385,initial,207,South intisuyuaya Kingdom,Andean Highland,4,Mining,10
-1385,initial,207,South intisuyuaya Kingdom,Andean Highland,3,Archery,10
-1385,initial,208,New tanmakaene Kingdom,West Sahel,100,Cordage and Knots,19
-1385,initial,208,New tanmakaene Kingdom,West Sahel,101,Hide Working and Tailored Clothing,19
-1385,initial,208,New tanmakaene Kingdom,West Sahel,102,Hafted Stone Tools,19
-1385,initial,208,New tanmakaene Kingdom,West Sahel,103,Bone and Antler Tools,19
-1385,initial,208,New tanmakaene Kingdom,West Sahel,104,Fishing Technology,19
-1385,initial,208,New tanmakaene Kingdom,West Sahel,105,Food Preservation,19
-1385,initial,208,New tanmakaene Kingdom,West Sahel,106,Storage Pits and Containers,19
-1385,initial,208,New tanmakaene Kingdom,West Sahel,107,Seasonal Aggregation Camps,19
-1385,initial,208,New tanmakaene Kingdom,West Sahel,110,Dog Domestication,19
-1385,initial,208,New tanmakaene Kingdom,West Sahel,111,Grinding Stones,19
-1385,initial,208,New tanmakaene Kingdom,West Sahel,112,Proto-cultivation,19
-1385,initial,208,New tanmakaene Kingdom,West Sahel,113,Sedentism,19
-1385,initial,208,New tanmakaene Kingdom,West Sahel,114,Enclosures and Herd Management,19
-1385,initial,208,New tanmakaene Kingdom,West Sahel,115,Counting Tokens and Tallies,19
-1385,initial,208,New tanmakaene Kingdom,West Sahel,116,Charcoal Firing,19
-1385,initial,208,New tanmakaene Kingdom,West Sahel,20,Agriculture,19
-1385,initial,208,New tanmakaene Kingdom,West Sahel,3,Archery,19
-1385,initial,208,New tanmakaene Kingdom,West Sahel,6,Calendar,19
-1385,initial,208,New tanmakaene Kingdom,West Sahel,10,Irrigation,19
-1384,unlock,105,Kingdom of Rumintina,Andean Highland,119,Native Copper Working,13
-1381,unlock,34,Kingdom of Kalar,Fertile Crescent,120,Copper Smelting,15
-1380,initial,209,South shatanmita Kingdom,Indic Riverine,100,Cordage and Knots,10
-1380,initial,209,South shatanmita Kingdom,Indic Riverine,101,Hide Working and Tailored Clothing,10
-1380,initial,209,South shatanmita Kingdom,Indic Riverine,102,Hafted Stone Tools,10
-1380,initial,209,South shatanmita Kingdom,Indic Riverine,105,Food Preservation,10
-1380,initial,209,South shatanmita Kingdom,Indic Riverine,106,Storage Pits and Containers,10
-1380,initial,209,South shatanmita Kingdom,Indic Riverine,107,Seasonal Aggregation Camps,10
-1380,initial,209,South shatanmita Kingdom,Indic Riverine,110,Dog Domestication,10
-1380,initial,209,South shatanmita Kingdom,Indic Riverine,111,Grinding Stones,10
-1380,initial,209,South shatanmita Kingdom,Indic Riverine,116,Charcoal Firing,10
-1380,initial,209,South shatanmita Kingdom,Indic Riverine,3,Archery,10
-1379,unlock,59,New ventarselum Tribe,Mediterranean Urban,120,Copper Smelting,16
-1376,unlock,72,Kingdom of Great calteochian,Mesoamerican,5,Sailing,23
-1366,unlock,8,Kingdom of Old mitsursurpur,Indic Riverine,29,Machinery,27
-1350,unlock,41,Empire of Terrangarland,Monsoon Coastal,12,Shipbuilding,16
-1350,initial,210,New kustupa Kingdom,Andean Highland,100,Cordage and Knots,9
-1350,initial,210,New kustupa Kingdom,Andean Highland,101,Hide Working and Tailored Clothing,9
-1350,initial,210,New kustupa Kingdom,Andean Highland,102,Hafted Stone Tools,9
-1350,initial,210,New kustupa Kingdom,Andean Highland,105,Food Preservation,9
-1350,initial,210,New kustupa Kingdom,Andean Highland,106,Storage Pits and Containers,9
-1350,initial,210,New kustupa Kingdom,Andean Highland,107,Seasonal Aggregation Camps,9
-1350,initial,210,New kustupa Kingdom,Andean Highland,111,Grinding Stones,9
-1350,initial,210,New kustupa Kingdom,Andean Highland,116,Charcoal Firing,9
-1350,initial,210,New kustupa Kingdom,Andean Highland,3,Archery,9
-1350,initial,211,New nalshanagar Kingdom,Indic Riverine,100,Cordage and Knots,10
-1350,initial,211,New nalshanagar Kingdom,Indic Riverine,101,Hide Working and Tailored Clothing,10
-1350,initial,211,New nalshanagar Kingdom,Indic Riverine,102,Hafted Stone Tools,10
-1350,initial,211,New nalshanagar Kingdom,Indic Riverine,105,Food Preservation,10
-1350,initial,211,New nalshanagar Kingdom,Indic Riverine,106,Storage Pits and Containers,10
-1350,initial,211,New nalshanagar Kingdom,Indic Riverine,107,Seasonal Aggregation Camps,10
-1350,initial,211,New nalshanagar Kingdom,Indic Riverine,110,Dog Domestication,10
-1350,initial,211,New nalshanagar Kingdom,Indic Riverine,111,Grinding Stones,10
-1350,initial,211,New nalshanagar Kingdom,Indic Riverine,116,Charcoal Firing,10
-1350,initial,211,New nalshanagar Kingdom,Indic Riverine,3,Archery,10
-1337,unlock,10,New varravardesh Tribe,Indic Riverine,24,Optics,38
-1328,unlock,81,Kingdom of Great suyuqorillaqa,Andean Highland,120,Copper Smelting,13
-1323,unlock,24,Kingdom of North linhanling,East Riverine,8,Masonry,13
-1313,unlock,8,Kingdom of Old mitsursurpur,Indic Riverine,23,Engineering,28
-1313,unlock,104,South ravishadesh Tribe,Indic Riverine,118,Numeracy and Measurement,24
-1310,initial,212,North bartankaene Kingdom,North Saharan,100,Cordage and Knots,10
-1310,initial,212,North bartankaene Kingdom,North Saharan,101,Hide Working and Tailored Clothing,10
-1310,initial,212,North bartankaene Kingdom,North Saharan,102,Hafted Stone Tools,10
-1310,initial,212,North bartankaene Kingdom,North Saharan,105,Food Preservation,10
-1310,initial,212,North bartankaene Kingdom,North Saharan,106,Storage Pits and Containers,10
-1310,initial,212,North bartankaene Kingdom,North Saharan,107,Seasonal Aggregation Camps,10
-1310,initial,212,North bartankaene Kingdom,North Saharan,110,Dog Domestication,10
-1310,initial,212,North bartankaene Kingdom,North Saharan,111,Grinding Stones,10
-1310,initial,212,North bartankaene Kingdom,North Saharan,116,Charcoal Firing,10
-1310,initial,212,North bartankaene Kingdom,North Saharan,3,Archery,10
-1302,unlock,72,Kingdom of Great calteochian,Mesoamerican,109,Long-distance Exchange Networks,24
-1298,unlock,66,Teoxocpan Tribe,Mesoamerican,109,Long-distance Exchange Networks,26
-1294,unlock,104,South ravishadesh Tribe,Indic Riverine,19,Alphabet,25
-1284,unlock,163,North romselbelland Tribe,Central Plain,8,Masonry,12
-1282,unlock,74,Kingdom of Great chitemnahtan,Mesoamerican,110,Dog Domestication,15
-1271,unlock,104,South ravishadesh Tribe,Indic Riverine,15,Currency,26
-1265,unlock,49,Empire of Old lamtanchiara,Nile Floodplain,12,Shipbuilding,41
-1260,unlock,61,Empire of Great selbel,Central Plain,103,Bone and Antler Tools,13
-1256,unlock,108,Kingdom of New ngolammaara,West Sahel,17,Roads,26
-1255,initial,213,Great kanmit Kingdom,Indic Riverine,100,Cordage and Knots,11
-1255,initial,213,Great kanmit Kingdom,Indic Riverine,101,Hide Working and Tailored Clothing,11
-1255,initial,213,Great kanmit Kingdom,Indic Riverine,102,Hafted Stone Tools,11
-1255,initial,213,Great kanmit Kingdom,Indic Riverine,103,Bone and Antler Tools,11
-1255,initial,213,Great kanmit Kingdom,Indic Riverine,105,Food Preservation,11
-1255,initial,213,Great kanmit Kingdom,Indic Riverine,106,Storage Pits and Containers,11
-1255,initial,213,Great kanmit Kingdom,Indic Riverine,107,Seasonal Aggregation Camps,11
-1255,initial,213,Great kanmit Kingdom,Indic Riverine,110,Dog Domestication,11
-1255,initial,213,Great kanmit Kingdom,Indic Riverine,111,Grinding Stones,11
-1255,initial,213,Great kanmit Kingdom,Indic Riverine,116,Charcoal Firing,11
-1255,initial,213,Great kanmit Kingdom,Indic Riverine,3,Archery,11
-1254,unlock,81,Kingdom of Great suyuqorillaqa,Andean Highland,110,Dog Domestication,14
-1251,unlock,0,Kingdom of Old kantana,Indic Riverine,27,Democracy,32
-1237,unlock,61,Empire of Great selbel,Central Plain,119,Native Copper Working,14
-1225,unlock,72,Kingdom of Great calteochian,Mesoamerican,12,Shipbuilding,25
-1224,unlock,74,Kingdom of Great chitemnahtan,Mesoamerican,114,Enclosures and Herd Management,17
-1220,initial,214,South kussumsuyumarca Kingdom,Andean Highland,100,Cordage and Knots,9
-1220,initial,214,South kussumsuyumarca Kingdom,Andean Highland,101,Hide Working and Tailored Clothing,9
-1220,initial,214,South kussumsuyumarca Kingdom,Andean Highland,102,Hafted Stone Tools,9
-1220,initial,214,South kussumsuyumarca Kingdom,Andean Highland,105,Food Preservation,9
-1220,initial,214,South kussumsuyumarca Kingdom,Andean Highland,106,Storage Pits and Containers,9
-1220,initial,214,South kussumsuyumarca Kingdom,Andean Highland,107,Seasonal Aggregation Camps,9
-1220,initial,214,South kussumsuyumarca Kingdom,Andean Highland,111,Grinding Stones,9
-1220,initial,214,South kussumsuyumarca Kingdom,Andean Highland,116,Charcoal Firing,9
-1220,initial,214,South kussumsuyumarca Kingdom,Andean Highland,3,Archery,9
-1209,unlock,0,Kingdom of Old kantana,Indic Riverine,118,Numeracy and Measurement,33
-1209,unlock,102,Kingdom of Old sumrumyu,Andean Highland,103,Bone and Antler Tools,10
-1208,unlock,83,Kingdom of North terzenlinia,Eastern Woodland,110,Dog Domestication,9
-1193,unlock,74,Kingdom of Great chitemnahtan,Mesoamerican,117,Proto-writing and Administrative Notation,18
-1185,unlock,156,Kardorselburg Tribe,Mediterranean Highland,4,Mining,11
-1175,unlock,104,South ravishadesh Tribe,Indic Riverine,14,Formal Mathematics,27
-1170,initial,215,Great liqinshan Kingdom,East Riverine,100,Cordage and Knots,10
-1170,initial,215,Great liqinshan Kingdom,East Riverine,101,Hide Working and Tailored Clothing,10
-1170,initial,215,Great liqinshan Kingdom,East Riverine,102,Hafted Stone Tools,10
-1170,initial,215,Great liqinshan Kingdom,East Riverine,105,Food Preservation,10
-1170,initial,215,Great liqinshan Kingdom,East Riverine,106,Storage Pits and Containers,10
-1170,initial,215,Great liqinshan Kingdom,East Riverine,107,Seasonal Aggregation Camps,10
-1170,initial,215,Great liqinshan Kingdom,East Riverine,110,Dog Domestication,10
-1170,initial,215,Great liqinshan Kingdom,East Riverine,111,Grinding Stones,10
-1170,initial,215,Great liqinshan Kingdom,East Riverine,116,Charcoal Firing,10
-1170,initial,215,Great liqinshan Kingdom,East Riverine,3,Archery,10
-1165,initial,216,Sumpachsumyu Kingdom,Andean Highland,100,Cordage and Knots,10
-1165,initial,216,Sumpachsumyu Kingdom,Andean Highland,101,Hide Working and Tailored Clothing,10
-1165,initial,216,Sumpachsumyu Kingdom,Andean Highland,102,Hafted Stone Tools,10
-1165,initial,216,Sumpachsumyu Kingdom,Andean Highland,105,Food Preservation,10
-1165,initial,216,Sumpachsumyu Kingdom,Andean Highland,106,Storage Pits and Containers,10
-1165,initial,216,Sumpachsumyu Kingdom,Andean Highland,107,Seasonal Aggregation Camps,10
-1165,initial,216,Sumpachsumyu Kingdom,Andean Highland,111,Grinding Stones,10
-1165,initial,216,Sumpachsumyu Kingdom,Andean Highland,116,Charcoal Firing,10
-1165,initial,216,Sumpachsumyu Kingdom,Andean Highland,4,Mining,10
-1165,initial,216,Sumpachsumyu Kingdom,Andean Highland,3,Archery,10
-1165,initial,217,South zuofiara Kingdom,West Sahel,100,Cordage and Knots,19
-1165,initial,217,South zuofiara Kingdom,West Sahel,101,Hide Working and Tailored Clothing,19
-1165,initial,217,South zuofiara Kingdom,West Sahel,102,Hafted Stone Tools,19
-1165,initial,217,South zuofiara Kingdom,West Sahel,103,Bone and Antler Tools,19
-1165,initial,217,South zuofiara Kingdom,West Sahel,104,Fishing Technology,19
-1165,initial,217,South zuofiara Kingdom,West Sahel,105,Food Preservation,19
-1165,initial,217,South zuofiara Kingdom,West Sahel,106,Storage Pits and Containers,19
-1165,initial,217,South zuofiara Kingdom,West Sahel,107,Seasonal Aggregation Camps,19
-1165,initial,217,South zuofiara Kingdom,West Sahel,110,Dog Domestication,19
-1165,initial,217,South zuofiara Kingdom,West Sahel,111,Grinding Stones,19
-1165,initial,217,South zuofiara Kingdom,West Sahel,112,Proto-cultivation,19
-1165,initial,217,South zuofiara Kingdom,West Sahel,113,Sedentism,19
-1165,initial,217,South zuofiara Kingdom,West Sahel,114,Enclosures and Herd Management,19
-1165,initial,217,South zuofiara Kingdom,West Sahel,115,Counting Tokens and Tallies,19
-1165,initial,217,South zuofiara Kingdom,West Sahel,116,Charcoal Firing,19
-1165,initial,217,South zuofiara Kingdom,West Sahel,20,Agriculture,19
-1165,initial,217,South zuofiara Kingdom,West Sahel,3,Archery,19
-1165,initial,217,South zuofiara Kingdom,West Sahel,6,Calendar,19
-1165,initial,217,South zuofiara Kingdom,West Sahel,10,Irrigation,19
-1160,initial,218,New barkalamene Kingdom,West Sahel,100,Cordage and Knots,19
-1160,initial,218,New barkalamene Kingdom,West Sahel,101,Hide Working and Tailored Clothing,19
-1160,initial,218,New barkalamene Kingdom,West Sahel,102,Hafted Stone Tools,19
-1160,initial,218,New barkalamene Kingdom,West Sahel,103,Bone and Antler Tools,19
-1160,initial,218,New barkalamene Kingdom,West Sahel,104,Fishing Technology,19
-1160,initial,218,New barkalamene Kingdom,West Sahel,105,Food Preservation,19
-1160,initial,218,New barkalamene Kingdom,West Sahel,106,Storage Pits and Containers,19
-1160,initial,218,New barkalamene Kingdom,West Sahel,107,Seasonal Aggregation Camps,19
-1160,initial,218,New barkalamene Kingdom,West Sahel,110,Dog Domestication,19
-1160,initial,218,New barkalamene Kingdom,West Sahel,111,Grinding Stones,19
-1160,initial,218,New barkalamene Kingdom,West Sahel,112,Proto-cultivation,19
-1160,initial,218,New barkalamene Kingdom,West Sahel,113,Sedentism,19
-1160,initial,218,New barkalamene Kingdom,West Sahel,114,Enclosures and Herd Management,19
-1160,initial,218,New barkalamene Kingdom,West Sahel,115,Counting Tokens and Tallies,19
-1160,initial,218,New barkalamene Kingdom,West Sahel,116,Charcoal Firing,19
-1160,initial,218,New barkalamene Kingdom,West Sahel,20,Agriculture,19
-1160,initial,218,New barkalamene Kingdom,West Sahel,3,Archery,19
-1160,initial,218,New barkalamene Kingdom,West Sahel,6,Calendar,19
-1160,initial,218,New barkalamene Kingdom,West Sahel,10,Irrigation,19
-1135,unlock,10,New varravardesh Tribe,Indic Riverine,39,Universities,39
-1121,unlock,60,Kingdom of Old venalia,Central Plain,8,Masonry,12
-1115,unlock,67,Kingdom of Old mixteo,Mesoamerican,108,Watercraft,22
-1113,unlock,201,Great makatanu Kingdom,West Sahel,7,Wheel,20
-1111,unlock,0,Kingdom of Old kantana,Indic Riverine,103,Bone and Antler Tools,34
-1103,unlock,0,Kingdom of Old kantana,Indic Riverine,14,Formal Mathematics,35
-1096,unlock,61,Empire of Great selbel,Central Plain,16,Construction,15
-1094,unlock,104,South ravishadesh Tribe,Indic Riverine,29,Machinery,28
-1090,initial,219,Old kasemaa Kingdom,North Saharan,100,Cordage and Knots,10
-1090,initial,219,Old kasemaa Kingdom,North Saharan,101,Hide Working and Tailored Clothing,10
-1090,initial,219,Old kasemaa Kingdom,North Saharan,102,Hafted Stone Tools,10
-1090,initial,219,Old kasemaa Kingdom,North Saharan,105,Food Preservation,10
-1090,initial,219,Old kasemaa Kingdom,North Saharan,106,Storage Pits and Containers,10
-1090,initial,219,Old kasemaa Kingdom,North Saharan,107,Seasonal Aggregation Camps,10
-1090,initial,219,Old kasemaa Kingdom,North Saharan,110,Dog Domestication,10
-1090,initial,219,Old kasemaa Kingdom,North Saharan,111,Grinding Stones,10
-1090,initial,219,Old kasemaa Kingdom,North Saharan,116,Charcoal Firing,10
-1090,initial,219,Old kasemaa Kingdom,North Saharan,3,Archery,10
-1078,unlock,74,Kingdom of Great chitemnahtan,Mesoamerican,10,Irrigation,19
-1077,unlock,104,South ravishadesh Tribe,Indic Riverine,21,Drama and Poetry,30
-1077,unlock,104,South ravishadesh Tribe,Indic Riverine,22,Philosophy,30
-1065,unlock,11,Shadradesh Tribe,Indic Riverine,23,Engineering,25
-1052,unlock,74,Kingdom of Great chitemnahtan,Mesoamerican,7,Wheel,20
-1022,unlock,11,Shadradesh Tribe,Indic Riverine,29,Machinery,26
-1015,unlock,81,Kingdom of Great suyuqorillaqa,Andean Highland,9,Bronze Alloying,15
-1014,unlock,0,Kingdom of Old kantana,Indic Riverine,12,Shipbuilding,36
-1012,unlock,67,Kingdom of Old mixteo,Mesoamerican,5,Sailing,23
-1010,initial,220,Nasolzenstan Kingdom,Steppe Nomadic,100,Cordage and Knots,9
-1010,initial,220,Nasolzenstan Kingdom,Steppe Nomadic,101,Hide Working and Tailored Clothing,9
-1010,initial,220,Nasolzenstan Kingdom,Steppe Nomadic,102,Hafted Stone Tools,9
-1010,initial,220,Nasolzenstan Kingdom,Steppe Nomadic,105,Food Preservation,9
-1010,initial,220,Nasolzenstan Kingdom,Steppe Nomadic,106,Storage Pits and Containers,9
-1010,initial,220,Nasolzenstan Kingdom,Steppe Nomadic,107,Seasonal Aggregation Camps,9
-1010,initial,220,Nasolzenstan Kingdom,Steppe Nomadic,110,Dog Domestication,9
-1010,initial,220,Nasolzenstan Kingdom,Steppe Nomadic,111,Grinding Stones,9
-1010,initial,220,Nasolzenstan Kingdom,Steppe Nomadic,3,Archery,9
-1005,unlock,59,New ventarselum Tribe,Mediterranean Urban,9,Bronze Alloying,17
-1005,initial,221,North sese Kingdom,West Sahel,100,Cordage and Knots,28
-1005,initial,221,North sese Kingdom,West Sahel,101,Hide Working and Tailored Clothing,28
-1005,initial,221,North sese Kingdom,West Sahel,102,Hafted Stone Tools,28
-1005,initial,221,North sese Kingdom,West Sahel,103,Bone and Antler Tools,28
-1005,initial,221,North sese Kingdom,West Sahel,104,Fishing Technology,28
-1005,initial,221,North sese Kingdom,West Sahel,105,Food Preservation,28
-1005,initial,221,North sese Kingdom,West Sahel,106,Storage Pits and Containers,28
-1005,initial,221,North sese Kingdom,West Sahel,107,Seasonal Aggregation Camps,28
-1005,initial,221,North sese Kingdom,West Sahel,108,Watercraft,28
-1005,initial,221,North sese Kingdom,West Sahel,109,Long-distance Exchange Networks,28
-1005,initial,221,North sese Kingdom,West Sahel,110,Dog Domestication,28
-1005,initial,221,North sese Kingdom,West Sahel,111,Grinding Stones,28
-1005,initial,221,North sese Kingdom,West Sahel,112,Proto-cultivation,28
-1005,initial,221,North sese Kingdom,West Sahel,113,Sedentism,28
-1005,initial,221,North sese Kingdom,West Sahel,114,Enclosures and Herd Management,28
-1005,initial,221,North sese Kingdom,West Sahel,115,Counting Tokens and Tallies,28
-1005,initial,221,North sese Kingdom,West Sahel,116,Charcoal Firing,28
-1005,initial,221,North sese Kingdom,West Sahel,117,Proto-writing and Administrative Notation,28
-1005,initial,221,North sese Kingdom,West Sahel,20,Agriculture,28
-1005,initial,221,North sese Kingdom,West Sahel,3,Archery,28
-1005,initial,221,North sese Kingdom,West Sahel,5,Sailing,28
-1005,initial,221,North sese Kingdom,West Sahel,6,Calendar,28
-1005,initial,221,North sese Kingdom,West Sahel,7,Wheel,28
-1005,initial,221,North sese Kingdom,West Sahel,10,Irrigation,28
-1005,initial,221,North sese Kingdom,West Sahel,12,Shipbuilding,28
-1005,initial,221,North sese Kingdom,West Sahel,17,Roads,28
-1005,initial,221,North sese Kingdom,West Sahel,23,Engineering,28
-1005,initial,221,North sese Kingdom,West Sahel,29,Machinery,28
-1001,unlock,24,Kingdom of North linhanling,East Riverine,119,Native Copper Working,14
-1000,initial,222,New artamurad Tribe,Fertile Crescent,100,Cordage and Knots,15
-1000,initial,222,New artamurad Tribe,Fertile Crescent,101,Hide Working and Tailored Clothing,15
-1000,initial,222,New artamurad Tribe,Fertile Crescent,102,Hafted Stone Tools,15
-1000,initial,222,New artamurad Tribe,Fertile Crescent,103,Bone and Antler Tools,15
-1000,initial,222,New artamurad Tribe,Fertile Crescent,105,Food Preservation,15
-1000,initial,222,New artamurad Tribe,Fertile Crescent,106,Storage Pits and Containers,15
-1000,initial,222,New artamurad Tribe,Fertile Crescent,107,Seasonal Aggregation Camps,15
-1000,initial,222,New artamurad Tribe,Fertile Crescent,110,Dog Domestication,15
-1000,initial,222,New artamurad Tribe,Fertile Crescent,111,Grinding Stones,15
-1000,initial,222,New artamurad Tribe,Fertile Crescent,116,Charcoal Firing,15
-1000,initial,222,New artamurad Tribe,Fertile Crescent,119,Native Copper Working,15
-1000,initial,222,New artamurad Tribe,Fertile Crescent,4,Mining,15
-1000,initial,222,New artamurad Tribe,Fertile Crescent,120,Copper Smelting,15
-1000,initial,222,New artamurad Tribe,Fertile Crescent,3,Archery,15
-1000,initial,222,New artamurad Tribe,Fertile Crescent,8,Masonry,15
-998,unlock,104,South ravishadesh Tribe,Indic Riverine,33,Paper,31
-996,unlock,104,South ravishadesh Tribe,Indic Riverine,24,Optics,32
-995,unlock,104,South ravishadesh Tribe,Indic Riverine,27,Democracy,33
-985,initial,223,Great ngotana Kingdom,Central Forest,100,Cordage and Knots,10
-985,initial,223,Great ngotana Kingdom,Central Forest,101,Hide Working and Tailored Clothing,10
-985,initial,223,Great ngotana Kingdom,Central Forest,102,Hafted Stone Tools,10
-985,initial,223,Great ngotana Kingdom,Central Forest,105,Food Preservation,10
-985,initial,223,Great ngotana Kingdom,Central Forest,106,Storage Pits and Containers,10
-985,initial,223,Great ngotana Kingdom,Central Forest,107,Seasonal Aggregation Camps,10
-985,initial,223,Great ngotana Kingdom,Central Forest,111,Grinding Stones,10
-985,initial,223,Great ngotana Kingdom,Central Forest,116,Charcoal Firing,10
-985,initial,223,Great ngotana Kingdom,Central Forest,4,Mining,10
-985,initial,223,Great ngotana Kingdom,Central Forest,3,Archery,10
-969,unlock,34,Kingdom of Kalar,Fertile Crescent,9,Bronze Alloying,16
-955,initial,224,Old rumrumllaqyu Kingdom,Andean Highland,100,Cordage and Knots,9
-955,initial,224,Old rumrumllaqyu Kingdom,Andean Highland,101,Hide Working and Tailored Clothing,9
-955,initial,224,Old rumrumllaqyu Kingdom,Andean Highland,102,Hafted Stone Tools,9
-955,initial,224,Old rumrumllaqyu Kingdom,Andean Highland,105,Food Preservation,9
-955,initial,224,Old rumrumllaqyu Kingdom,Andean Highland,106,Storage Pits and Containers,9
-955,initial,224,Old rumrumllaqyu Kingdom,Andean Highland,107,Seasonal Aggregation Camps,9
-955,initial,224,Old rumrumllaqyu Kingdom,Andean Highland,111,Grinding Stones,9
-955,initial,224,Old rumrumllaqyu Kingdom,Andean Highland,116,Charcoal Firing,9
-955,initial,224,Old rumrumllaqyu Kingdom,Andean Highland,3,Archery,9
-952,unlock,104,South ravishadesh Tribe,Indic Riverine,30,Education,34
-939,unlock,67,Kingdom of Old mixteo,Mesoamerican,109,Long-distance Exchange Networks,24
-938,unlock,115,Old qinweishan Tribe,East Riverine,4,Mining,12
-926,unlock,201,Great makatanu Kingdom,West Sahel,29,Machinery,21
-915,initial,225,New chisetan Kingdom,West Sahel,100,Cordage and Knots,19
-915,initial,225,New chisetan Kingdom,West Sahel,101,Hide Working and Tailored Clothing,19
-915,initial,225,New chisetan Kingdom,West Sahel,102,Hafted Stone Tools,19
-915,initial,225,New chisetan Kingdom,West Sahel,103,Bone and Antler Tools,19
-915,initial,225,New chisetan Kingdom,West Sahel,104,Fishing Technology,19
-915,initial,225,New chisetan Kingdom,West Sahel,105,Food Preservation,19
-915,initial,225,New chisetan Kingdom,West Sahel,106,Storage Pits and Containers,19
-915,initial,225,New chisetan Kingdom,West Sahel,107,Seasonal Aggregation Camps,19
-915,initial,225,New chisetan Kingdom,West Sahel,110,Dog Domestication,19
-915,initial,225,New chisetan Kingdom,West Sahel,111,Grinding Stones,19
-915,initial,225,New chisetan Kingdom,West Sahel,112,Proto-cultivation,19
-915,initial,225,New chisetan Kingdom,West Sahel,113,Sedentism,19
-915,initial,225,New chisetan Kingdom,West Sahel,114,Enclosures and Herd Management,19
-915,initial,225,New chisetan Kingdom,West Sahel,115,Counting Tokens and Tallies,19
-915,initial,225,New chisetan Kingdom,West Sahel,116,Charcoal Firing,19
-915,initial,225,New chisetan Kingdom,West Sahel,20,Agriculture,19
-915,initial,225,New chisetan Kingdom,West Sahel,3,Archery,19
-915,initial,225,New chisetan Kingdom,West Sahel,6,Calendar,19
-915,initial,225,New chisetan Kingdom,West Sahel,10,Irrigation,19
-904,unlock,0,Kingdom of Old kantana,Indic Riverine,15,Currency,37
-901,unlock,35,Kingdom of North ashararan,Fertile Crescent,103,Bone and Antler Tools,14
-896,unlock,63,South lentartar Tribe,Atlantic Fringe,103,Bone and Antler Tools,14
-891,unlock,139,Empire of Weihanzhozhou,East Riverine,103,Bone and Antler Tools,12
-886,unlock,103,Kingdom of South duslornaia,Western Plains,8,Masonry,10
-880,unlock,67,Kingdom of Old mixteo,Mesoamerican,12,Shipbuilding,25
-877,unlock,32,Kingdom of Urashashum,Fertile Crescent,16,Construction,14
-877,unlock,201,Great makatanu Kingdom,West Sahel,17,Roads,22
-851,unlock,92,New quibeldus Tribe,Western Plains,103,Bone and Antler Tools,10
-849,unlock,26,Kingdom of New linqinguo,East Riverine,103,Bone and Antler Tools,11
-848,unlock,118,Kingdom of Old quiqui,Eastern Woodland,103,Bone and Antler Tools,9
-831,unlock,104,South ravishadesh Tribe,Indic Riverine,32,Civil Service,35
-818,unlock,10,New varravardesh Tribe,Indic Riverine,21,Drama and Poetry,40
-800,unlock,97,Kingdom of Great nalinlingrad,Caribbean Seafaring,117,Proto-writing and Administrative Notation,18
-796,unlock,104,South ravishadesh Tribe,Indic Riverine,39,Universities,36
-785,unlock,103,Kingdom of South duslornaia,Western Plains,110,Dog Domestication,11
-778,unlock,105,Kingdom of Suyupachaya,Andean Highland,120,Copper Smelting,14
-775,unlock,10,New varravardesh Tribe,Indic Riverine,32,Civil Service,41
-775,initial,226,South sumsuyumarca Kingdom,Andean Highland,100,Cordage and Knots,9
-775,initial,226,South sumsuyumarca Kingdom,Andean Highland,101,Hide Working and Tailored Clothing,9
-775,initial,226,South sumsuyumarca Kingdom,Andean Highland,102,Hafted Stone Tools,9
-775,initial,226,South sumsuyumarca Kingdom,Andean Highland,105,Food Preservation,9
-775,initial,226,South sumsuyumarca Kingdom,Andean Highland,106,Storage Pits and Containers,9
-775,initial,226,South sumsuyumarca Kingdom,Andean Highland,107,Seasonal Aggregation Camps,9
-775,initial,226,South sumsuyumarca Kingdom,Andean Highland,111,Grinding Stones,9
-775,initial,226,South sumsuyumarca Kingdom,Andean Highland,116,Charcoal Firing,9
-775,initial,226,South sumsuyumarca Kingdom,Andean Highland,3,Archery,9
-773,unlock,0,Kingdom of Old kantana,Indic Riverine,32,Civil Service,38
-755,unlock,36,Kingdom of Tamashashan,Fertile Crescent,8,Masonry,14
-755,initial,227,Old lamka Kingdom,Central Forest,100,Cordage and Knots,10
-755,initial,227,Old lamka Kingdom,Central Forest,101,Hide Working and Tailored Clothing,10
-755,initial,227,Old lamka Kingdom,Central Forest,102,Hafted Stone Tools,10
-755,initial,227,Old lamka Kingdom,Central Forest,105,Food Preservation,10
-755,initial,227,Old lamka Kingdom,Central Forest,106,Storage Pits and Containers,10
-755,initial,227,Old lamka Kingdom,Central Forest,107,Seasonal Aggregation Camps,10
-755,initial,227,Old lamka Kingdom,Central Forest,111,Grinding Stones,10
-755,initial,227,Old lamka Kingdom,Central Forest,116,Charcoal Firing,10
-755,initial,227,Old lamka Kingdom,Central Forest,4,Mining,10
-755,initial,227,Old lamka Kingdom,Central Forest,3,Archery,10
-748,unlock,0,Kingdom of Old kantana,Indic Riverine,39,Universities,39
-745,unlock,60,Kingdom of Selalnorland,Central Plain,103,Bone and Antler Tools,13
-728,unlock,63,South lentartar Tribe,Atlantic Fringe,119,Native Copper Working,15
-721,unlock,217,South zuofiara Kingdom,West Sahel,7,Wheel,20
-705,unlock,96,Kingdom of New zenlingrad,Western Plains,8,Masonry,10
-705,unlock,132,Old weilishan Tribe,East Riverine,103,Bone and Antler Tools,12
-705,initial,228,Ofimaa Kingdom,West Sahel,100,Cordage and Knots,19
-705,initial,228,Ofimaa Kingdom,West Sahel,101,Hide Working and Tailored Clothing,19
-705,initial,228,Ofimaa Kingdom,West Sahel,102,Hafted Stone Tools,19
-705,initial,228,Ofimaa Kingdom,West Sahel,103,Bone and Antler Tools,19
-705,initial,228,Ofimaa Kingdom,West Sahel,104,Fishing Technology,19
-705,initial,228,Ofimaa Kingdom,West Sahel,105,Food Preservation,19
-705,initial,228,Ofimaa Kingdom,West Sahel,106,Storage Pits and Containers,19
-705,initial,228,Ofimaa Kingdom,West Sahel,107,Seasonal Aggregation Camps,19
-705,initial,228,Ofimaa Kingdom,West Sahel,110,Dog Domestication,19
-705,initial,228,Ofimaa Kingdom,West Sahel,111,Grinding Stones,19
-705,initial,228,Ofimaa Kingdom,West Sahel,112,Proto-cultivation,19
-705,initial,228,Ofimaa Kingdom,West Sahel,113,Sedentism,19
-705,initial,228,Ofimaa Kingdom,West Sahel,114,Enclosures and Herd Management,19
-705,initial,228,Ofimaa Kingdom,West Sahel,115,Counting Tokens and Tallies,19
-705,initial,228,Ofimaa Kingdom,West Sahel,116,Charcoal Firing,19
-705,initial,228,Ofimaa Kingdom,West Sahel,20,Agriculture,19
-705,initial,228,Ofimaa Kingdom,West Sahel,3,Archery,19
-705,initial,228,Ofimaa Kingdom,West Sahel,6,Calendar,19
-705,initial,228,Ofimaa Kingdom,West Sahel,10,Irrigation,19
-690,initial,229,North kaitaneua Kingdom,Oceanic Navigators,100,Cordage and Knots,7
-690,initial,229,North kaitaneua Kingdom,Oceanic Navigators,101,Hide Working and Tailored Clothing,7
-690,initial,229,North kaitaneua Kingdom,Oceanic Navigators,102,Hafted Stone Tools,7
-690,initial,229,North kaitaneua Kingdom,Oceanic Navigators,105,Food Preservation,7
-690,initial,229,North kaitaneua Kingdom,Oceanic Navigators,106,Storage Pits and Containers,7
-690,initial,229,North kaitaneua Kingdom,Oceanic Navigators,107,Seasonal Aggregation Camps,7
-690,initial,229,North kaitaneua Kingdom,Oceanic Navigators,3,Archery,7
-685,unlock,13,Kingdom of New sursurpur,Indic Riverine,49,Scientific Method,29
-668,unlock,133,Kingdom of New ofilamkau,North Saharan,103,Bone and Antler Tools,11
-659,unlock,16,South zhoweihanshan Tribe,East Riverine,119,Native Copper Working,12
-657,unlock,10,New varravardesh Tribe,Indic Riverine,34,Banking,42
-653,unlock,42,Kingdom of Viaquilorland,Monsoon Coastal,103,Bone and Antler Tools,11
-636,unlock,52,Great barofiene Tribe,West Sahel,38,Mechanical Clock,29
-636,unlock,61,Empire of South tartarburg,Central Plain,23,Engineering,16
-630,unlock,83,Kingdom of North terzenlinia,Eastern Woodland,103,Bone and Antler Tools,10
-625,initial,230,North quiranbel Kingdom,Western Plains,100,Cordage and Knots,9
-625,initial,230,North quiranbel Kingdom,Western Plains,101,Hide Working and Tailored Clothing,9
-625,initial,230,North quiranbel Kingdom,Western Plains,102,Hafted Stone Tools,9
-625,initial,230,North quiranbel Kingdom,Western Plains,105,Food Preservation,9
-625,initial,230,North quiranbel Kingdom,Western Plains,106,Storage Pits and Containers,9
-625,initial,230,North quiranbel Kingdom,Western Plains,107,Seasonal Aggregation Camps,9
-625,initial,230,North quiranbel Kingdom,Western Plains,111,Grinding Stones,9
-625,initial,230,North quiranbel Kingdom,Western Plains,4,Mining,9
-625,initial,230,North quiranbel Kingdom,Western Plains,3,Archery,9
-621,unlock,35,Kingdom of North ashararan,Fertile Crescent,9,Bronze Alloying,15
-620,unlock,8,Kingdom of Old mitsursurpur,Indic Riverine,118,Numeracy and Measurement,29
-611,unlock,35,Kingdom of North ashararan,Fertile Crescent,8,Masonry,16
-611,unlock,157,Empire of North qinlinweizhou,East Riverine,8,Masonry,12
-608,unlock,0,Kingdom of Old kantana,Indic Riverine,33,Paper,40
-605,unlock,97,Kingdom of Great nalinlingrad,Caribbean Seafaring,110,Dog Domestication,19
-592,unlock,17,South qinqinhan,East Riverine,103,Bone and Antler Tools,11
-590,initial,231,North ranui Tribe,Oceanic Navigators,100,Cordage and Knots,7
-590,initial,231,North ranui Tribe,Oceanic Navigators,101,Hide Working and Tailored Clothing,7
-590,initial,231,North ranui Tribe,Oceanic Navigators,102,Hafted Stone Tools,7
-590,initial,231,North ranui Tribe,Oceanic Navigators,105,Food Preservation,7
-590,initial,231,North ranui Tribe,Oceanic Navigators,106,Storage Pits and Containers,7
-590,initial,231,North ranui Tribe,Oceanic Navigators,107,Seasonal Aggregation Camps,7
-590,initial,231,North ranui Tribe,Oceanic Navigators,3,Archery,7
-586,unlock,34,Kingdom of Kalar,Fertile Crescent,13,Iron Working,17
-585,initial,232,Great ranviasolstan Kingdom,Western Plains,100,Cordage and Knots,8
-585,initial,232,Great ranviasolstan Kingdom,Western Plains,101,Hide Working and Tailored Clothing,8
-585,initial,232,Great ranviasolstan Kingdom,Western Plains,102,Hafted Stone Tools,8
-585,initial,232,Great ranviasolstan Kingdom,Western Plains,105,Food Preservation,8
-585,initial,232,Great ranviasolstan Kingdom,Western Plains,106,Storage Pits and Containers,8
-585,initial,232,Great ranviasolstan Kingdom,Western Plains,107,Seasonal Aggregation Camps,8
-585,initial,232,Great ranviasolstan Kingdom,Western Plains,111,Grinding Stones,8
-585,initial,232,Great ranviasolstan Kingdom,Western Plains,3,Archery,8
-581,unlock,10,New varravardesh Tribe,Indic Riverine,26,Compass,43
-578,unlock,81,Kingdom of Ayaayatup,Andean Highland,13,Iron Working,16
-571,unlock,101,Great quiranromland,Western Plains,103,Bone and Antler Tools,9
-570,unlock,37,Kingdom of Great ashashsamum,Fertile Crescent,103,Bone and Antler Tools,11
-554,unlock,169,Old karbelum Kingdom,Central Plain,103,Bone and Antler Tools,11
-550,unlock,74,Kingdom of Great chitemnahtan,Mesoamerican,17,Roads,19
-548,unlock,157,Empire of North qinlinweizhou,East Riverine,103,Bone and Antler Tools,13
-540,unlock,163,North romselbelland Tribe,Central Plain,119,Native Copper Working,13
-537,unlock,39,Kingdom of Old garkinmaria,Monsoon Coastal,15,Currency,28
-535,unlock,105,Kingdom of Suyupachaya,Andean Highland,9,Bronze Alloying,15
-535,initial,233,Great tankaofiara Kingdom,Central Forest,100,Cordage and Knots,9
-535,initial,233,Great tankaofiara Kingdom,Central Forest,101,Hide Working and Tailored Clothing,9
-535,initial,233,Great tankaofiara Kingdom,Central Forest,102,Hafted Stone Tools,9
-535,initial,233,Great tankaofiara Kingdom,Central Forest,105,Food Preservation,9
-535,initial,233,Great tankaofiara Kingdom,Central Forest,106,Storage Pits and Containers,9
-535,initial,233,Great tankaofiara Kingdom,Central Forest,107,Seasonal Aggregation Camps,9
-535,initial,233,Great tankaofiara Kingdom,Central Forest,111,Grinding Stones,9
-535,initial,233,Great tankaofiara Kingdom,Central Forest,116,Charcoal Firing,9
-535,initial,233,Great tankaofiara Kingdom,Central Forest,3,Archery,9
-517,unlock,104,South ravishadesh Tribe,Indic Riverine,31,Acoustics,37
-511,unlock,92,New quibeldus Tribe,Western Plains,110,Dog Domestication,11
-505,unlock,218,New barkalamene Kingdom,West Sahel,7,Wheel,20
-497,unlock,123,Kingdom of South lenvenlenum,Atlantic Fringe,119,Native Copper Working,13
-491,unlock,8,Kingdom of Old mitsursurpur,Indic Riverine,15,Currency,30
-485,unlock,208,New tanmakaene Kingdom,West Sahel,7,Wheel,20
-470,initial,234,Old rangirarangimoa Kingdom,Oceanic Navigators,100,Cordage and Knots,7
-470,initial,234,Old rangirarangimoa Kingdom,Oceanic Navigators,101,Hide Working and Tailored Clothing,7
-470,initial,234,Old rangirarangimoa Kingdom,Oceanic Navigators,102,Hafted Stone Tools,7
-470,initial,234,Old rangirarangimoa Kingdom,Oceanic Navigators,105,Food Preservation,7
-470,initial,234,Old rangirarangimoa Kingdom,Oceanic Navigators,106,Storage Pits and Containers,7
-470,initial,234,Old rangirarangimoa Kingdom,Oceanic Navigators,107,Seasonal Aggregation Camps,7
-470,initial,234,Old rangirarangimoa Kingdom,Oceanic Navigators,3,Archery,7
-467,unlock,97,Kingdom of Great nalinlingrad,Caribbean Seafaring,20,Agriculture,20
-461,unlock,60,Kingdom of Selalnorland,Central Plain,16,Construction,14
-448,unlock,0,Kingdom of Old kantana,Indic Riverine,36,Printing,41
-445,unlock,187,Great linlinzhou Kingdom,East Riverine,104,Fishing Technology,12
-440,unlock,154,Kingdom of North qinlinzholing,East Riverine,103,Bone and Antler Tools,11
-434,unlock,217,South zuofiara Kingdom,West Sahel,17,Roads,21
-430,initial,235,Kaofikaene Kingdom,West Sahel,100,Cordage and Knots,19
-430,initial,235,Kaofikaene Kingdom,West Sahel,101,Hide Working and Tailored Clothing,19
-430,initial,235,Kaofikaene Kingdom,West Sahel,102,Hafted Stone Tools,19
-430,initial,235,Kaofikaene Kingdom,West Sahel,103,Bone and Antler Tools,19
-430,initial,235,Kaofikaene Kingdom,West Sahel,104,Fishing Technology,19
-430,initial,235,Kaofikaene Kingdom,West Sahel,105,Food Preservation,19
-430,initial,235,Kaofikaene Kingdom,West Sahel,106,Storage Pits and Containers,19
-430,initial,235,Kaofikaene Kingdom,West Sahel,107,Seasonal Aggregation Camps,19
-430,initial,235,Kaofikaene Kingdom,West Sahel,110,Dog Domestication,19
-430,initial,235,Kaofikaene Kingdom,West Sahel,111,Grinding Stones,19
-430,initial,235,Kaofikaene Kingdom,West Sahel,112,Proto-cultivation,19
-430,initial,235,Kaofikaene Kingdom,West Sahel,113,Sedentism,19
-430,initial,235,Kaofikaene Kingdom,West Sahel,114,Enclosures and Herd Management,19
-430,initial,235,Kaofikaene Kingdom,West Sahel,115,Counting Tokens and Tallies,19
-430,initial,235,Kaofikaene Kingdom,West Sahel,116,Charcoal Firing,19
-430,initial,235,Kaofikaene Kingdom,West Sahel,20,Agriculture,19
-430,initial,235,Kaofikaene Kingdom,West Sahel,3,Archery,19
-430,initial,235,Kaofikaene Kingdom,West Sahel,6,Calendar,19
-430,initial,235,Kaofikaene Kingdom,West Sahel,10,Irrigation,19
-420,unlock,92,New quibeldus Tribe,Western Plains,8,Masonry,12
-420,unlock,151,Empire of South lormarsolgrad,Eastern Woodland,4,Mining,9
-418,unlock,123,Kingdom of South noralkarburg,Atlantic Fringe,110,Dog Domestication,14
-416,unlock,0,Republic of Kingdom of Old kantana,Indic Riverine,26,Compass,42
-410,unlock,63,South lentartar Tribe,Atlantic Fringe,108,Watercraft,16
-407,unlock,115,Old qinweishan Tribe,East Riverine,8,Masonry,13
-407,unlock,225,New chisetan Kingdom,West Sahel,7,Wheel,20
-405,initial,236,New tanbar Kingdom,Central Forest,100,Cordage and Knots,10
-405,initial,236,New tanbar Kingdom,Central Forest,101,Hide Working and Tailored Clothing,10
-405,initial,236,New tanbar Kingdom,Central Forest,102,Hafted Stone Tools,10
-405,initial,236,New tanbar Kingdom,Central Forest,105,Food Preservation,10
-405,initial,236,New tanbar Kingdom,Central Forest,106,Storage Pits and Containers,10
-405,initial,236,New tanbar Kingdom,Central Forest,107,Seasonal Aggregation Camps,10
-405,initial,236,New tanbar Kingdom,Central Forest,111,Grinding Stones,10
-405,initial,236,New tanbar Kingdom,Central Forest,116,Charcoal Firing,10
-405,initial,236,New tanbar Kingdom,Central Forest,4,Mining,10
-405,initial,236,New tanbar Kingdom,Central Forest,3,Archery,10
-390,initial,237,Old quimarland Kingdom,Western Plains,100,Cordage and Knots,8
-390,initial,237,Old quimarland Kingdom,Western Plains,101,Hide Working and Tailored Clothing,8
-390,initial,237,Old quimarland Kingdom,Western Plains,102,Hafted Stone Tools,8
-390,initial,237,Old quimarland Kingdom,Western Plains,105,Food Preservation,8
-390,initial,237,Old quimarland Kingdom,Western Plains,106,Storage Pits and Containers,8
-390,initial,237,Old quimarland Kingdom,Western Plains,107,Seasonal Aggregation Camps,8
-390,initial,237,Old quimarland Kingdom,Western Plains,111,Grinding Stones,8
-390,initial,237,Old quimarland Kingdom,Western Plains,3,Archery,8
-385,initial,238,North qoripachtupmarca Kingdom,Andean Highland,100,Cordage and Knots,9
-385,initial,238,North qoripachtupmarca Kingdom,Andean Highland,101,Hide Working and Tailored Clothing,9
-385,initial,238,North qoripachtupmarca Kingdom,Andean Highland,102,Hafted Stone Tools,9
-385,initial,238,North qoripachtupmarca Kingdom,Andean Highland,105,Food Preservation,9
-385,initial,238,North qoripachtupmarca Kingdom,Andean Highland,106,Storage Pits and Containers,9
-385,initial,238,North qoripachtupmarca Kingdom,Andean Highland,107,Seasonal Aggregation Camps,9
-385,initial,238,North qoripachtupmarca Kingdom,Andean Highland,111,Grinding Stones,9
-385,initial,238,North qoripachtupmarca Kingdom,Andean Highland,116,Charcoal Firing,9
-385,initial,238,North qoripachtupmarca Kingdom,Andean Highland,3,Archery,9
-384,unlock,218,New barkalamene Kingdom,West Sahel,17,Roads,21
-373,unlock,61,Empire of South tartarburg,Central Plain,120,Copper Smelting,17
-368,unlock,217,South zuofiara Kingdom,West Sahel,29,Machinery,22
-366,unlock,97,Kingdom of Great nalinlingrad,Caribbean Seafaring,116,Charcoal Firing,21
-357,unlock,0,Republic of Kingdom of Old kantana,Indic Riverine,24,Optics,43
-356,unlock,96,Kingdom of South linlorquistan,Western Plains,110,Dog Domestication,11
-337,unlock,33,Kingdom of Old samashsamad,Fertile Crescent,16,Construction,14
-335,initial,239,Great naquirania Kingdom,Western Plains,100,Cordage and Knots,8
-335,initial,239,Great naquirania Kingdom,Western Plains,101,Hide Working and Tailored Clothing,8
-335,initial,239,Great naquirania Kingdom,Western Plains,102,Hafted Stone Tools,8
-335,initial,239,Great naquirania Kingdom,Western Plains,105,Food Preservation,8
-335,initial,239,Great naquirania Kingdom,Western Plains,106,Storage Pits and Containers,8
-335,initial,239,Great naquirania Kingdom,Western Plains,107,Seasonal Aggregation Camps,8
-335,initial,239,Great naquirania Kingdom,Western Plains,111,Grinding Stones,8
-335,initial,239,Great naquirania Kingdom,Western Plains,3,Archery,8
-329,unlock,13,Kingdom of New sursurpur,Indic Riverine,38,Mechanical Clock,30
-315,initial,240,Old tantan Kingdom,Central Forest,100,Cordage and Knots,9
-315,initial,240,Old tantan Kingdom,Central Forest,101,Hide Working and Tailored Clothing,9
-315,initial,240,Old tantan Kingdom,Central Forest,102,Hafted Stone Tools,9
-315,initial,240,Old tantan Kingdom,Central Forest,105,Food Preservation,9
-315,initial,240,Old tantan Kingdom,Central Forest,106,Storage Pits and Containers,9
-315,initial,240,Old tantan Kingdom,Central Forest,107,Seasonal Aggregation Camps,9
-315,initial,240,Old tantan Kingdom,Central Forest,111,Grinding Stones,9
-315,initial,240,Old tantan Kingdom,Central Forest,116,Charcoal Firing,9
-315,initial,240,Old tantan Kingdom,Central Forest,3,Archery,9
-311,unlock,97,Kingdom of Great nalinlingrad,Caribbean Seafaring,114,Enclosures and Herd Management,22
-308,unlock,184,North tantanvar Kingdom,Indic Riverine,4,Mining,11
-304,unlock,97,Kingdom of Great nalinlingrad,Caribbean Seafaring,10,Irrigation,23
-285,initial,241,Old solsol Kingdom,Western Plains,100,Cordage and Knots,8
-285,initial,241,Old solsol Kingdom,Western Plains,101,Hide Working and Tailored Clothing,8
-285,initial,241,Old solsol Kingdom,Western Plains,102,Hafted Stone Tools,8
-285,initial,241,Old solsol Kingdom,Western Plains,105,Food Preservation,8
-285,initial,241,Old solsol Kingdom,Western Plains,106,Storage Pits and Containers,8
-285,initial,241,Old solsol Kingdom,Western Plains,107,Seasonal Aggregation Camps,8
-285,initial,241,Old solsol Kingdom,Western Plains,111,Grinding Stones,8
-285,initial,241,Old solsol Kingdom,Western Plains,3,Archery,8
-281,unlock,218,New barkalamene Kingdom,West Sahel,108,Watercraft,22
-269,unlock,156,Kardorselburg Tribe,Mediterranean Highland,103,Bone and Antler Tools,12
-268,unlock,85,Kingdom of New kinlinmar,Eastern Woodland,103,Bone and Antler Tools,10
-264,unlock,121,Kingdom of South rangarstan,Western Plains,116,Charcoal Firing,10
-263,unlock,156,Kardorselburg Tribe,Mediterranean Highland,8,Masonry,13
-259,unlock,61,Empire of South tartarburg,Central Plain,9,Bronze Alloying,18
-259,unlock,208,Empire of Great chibarara,West Sahel,17,Roads,21
-252,unlock,198,Zungo Tribe,Nile Floodplain,29,Machinery,23
-246,unlock,105,Kingdom of Suyupachaya,Andean Highland,13,Iron Working,16
-225,unlock,104,South ravishadesh Tribe,Indic Riverine,34,Banking,38
-214,unlock,97,Kingdom of Great nalinlingrad,Caribbean Seafaring,109,Long-distance Exchange Networks,23
-198,unlock,111,Great ashninan Tribe,Fertile Crescent,103,Bone and Antler Tools,11
-198,unlock,130,South belranvia Tribe,Eastern Woodland,103,Bone and Antler Tools,9
-193,unlock,58,Kingdom of South tarromalburg,Mediterranean Urban,103,Bone and Antler Tools,11
-188,unlock,0,Republic of Kingdom of Old kantana,Indic Riverine,49,Scientific Method,44
-185,unlock,61,Empire of South tartarburg,Central Plain,42,Metallurgy,19
-185,unlock,218,New barkalamene Kingdom,West Sahel,5,Sailing,23
-183,unlock,196,North tupsuyuinti Kingdom,Andean Highland,20,Agriculture,14
-175,unlock,2,Kingdom of South vimitdesh,Indic Riverine,103,Bone and Antler Tools,11
-174,unlock,201,Empire of Great ngotan,West Sahel,38,Mechanical Clock,23
-170,unlock,127,Kingdom of Great viasolgrad,Western Plains,103,Bone and Antler Tools,10
-165,initial,242,Old romviaia Kingdom,Steppe Nomadic,100,Cordage and Knots,9
-165,initial,242,Old romviaia Kingdom,Steppe Nomadic,101,Hide Working and Tailored Clothing,9
-165,initial,242,Old romviaia Kingdom,Steppe Nomadic,102,Hafted Stone Tools,9
-165,initial,242,Old romviaia Kingdom,Steppe Nomadic,105,Food Preservation,9
-165,initial,242,Old romviaia Kingdom,Steppe Nomadic,106,Storage Pits and Containers,9
-165,initial,242,Old romviaia Kingdom,Steppe Nomadic,107,Seasonal Aggregation Camps,9
-165,initial,242,Old romviaia Kingdom,Steppe Nomadic,110,Dog Domestication,9
-165,initial,242,Old romviaia Kingdom,Steppe Nomadic,111,Grinding Stones,9
-165,initial,242,Old romviaia Kingdom,Steppe Nomadic,3,Archery,9
-165,initial,243,North ofizu Kingdom,Central Forest,100,Cordage and Knots,10
-165,initial,243,North ofizu Kingdom,Central Forest,101,Hide Working and Tailored Clothing,10
-165,initial,243,North ofizu Kingdom,Central Forest,102,Hafted Stone Tools,10
-165,initial,243,North ofizu Kingdom,Central Forest,105,Food Preservation,10
-165,initial,243,North ofizu Kingdom,Central Forest,106,Storage Pits and Containers,10
-165,initial,243,North ofizu Kingdom,Central Forest,107,Seasonal Aggregation Camps,10
-165,initial,243,North ofizu Kingdom,Central Forest,111,Grinding Stones,10
-165,initial,243,North ofizu Kingdom,Central Forest,116,Charcoal Firing,10
-165,initial,243,North ofizu Kingdom,Central Forest,4,Mining,10
-165,initial,243,North ofizu Kingdom,Central Forest,3,Archery,10
-162,unlock,92,New quibeldus Tribe,Western Plains,116,Charcoal Firing,13
-160,unlock,53,Kingdom of Old ofibaru,East Horn,109,Long-distance Exchange Networks,27
-158,unlock,96,Kingdom of South linlorquistan,Western Plains,116,Charcoal Firing,12
-155,initial,244,Tervialand Kingdom,Western Plains,100,Cordage and Knots,8
-155,initial,244,Tervialand Kingdom,Western Plains,101,Hide Working and Tailored Clothing,8
-155,initial,244,Tervialand Kingdom,Western Plains,102,Hafted Stone Tools,8
-155,initial,244,Tervialand Kingdom,Western Plains,105,Food Preservation,8
-155,initial,244,Tervialand Kingdom,Western Plains,106,Storage Pits and Containers,8
-155,initial,244,Tervialand Kingdom,Western Plains,107,Seasonal Aggregation Camps,8
-155,initial,244,Tervialand Kingdom,Western Plains,111,Grinding Stones,8
-155,initial,244,Tervialand Kingdom,Western Plains,3,Archery,8
-148,unlock,122,Kingdom of Old kustupyu,Andean Highland,110,Dog Domestication,11
-144,unlock,225,New chisetan Kingdom,West Sahel,17,Roads,21
-127,unlock,218,New barkalamene Kingdom,West Sahel,109,Long-distance Exchange Networks,24
-122,unlock,130,South belranvia Tribe,Eastern Woodland,110,Dog Domestication,10
-113,unlock,120,Kingdom of Lorvialinland,Western Plains,110,Dog Domestication,9
-107,unlock,61,Empire of South tartarburg,Central Plain,13,Iron Working,20
-107,unlock,162,Viaquiloria Kingdom,Eastern Woodland,110,Dog Domestication,9
-98,unlock,51,Empire of Great sechiara,West Sahel,29,Machinery,20
-95,initial,245,New ngoofiara Kingdom,Central Forest,100,Cordage and Knots,9
-95,initial,245,New ngoofiara Kingdom,Central Forest,101,Hide Working and Tailored Clothing,9
-95,initial,245,New ngoofiara Kingdom,Central Forest,102,Hafted Stone Tools,9
-95,initial,245,New ngoofiara Kingdom,Central Forest,105,Food Preservation,9
-95,initial,245,New ngoofiara Kingdom,Central Forest,106,Storage Pits and Containers,9
-95,initial,245,New ngoofiara Kingdom,Central Forest,107,Seasonal Aggregation Camps,9
-95,initial,245,New ngoofiara Kingdom,Central Forest,111,Grinding Stones,9
-95,initial,245,New ngoofiara Kingdom,Central Forest,116,Charcoal Firing,9
-95,initial,245,New ngoofiara Kingdom,Central Forest,3,Archery,9
-77,unlock,0,Republic of Kingdom of Old kantana,Indic Riverine,40,Astronomy,45
-60,unlock,63,South lentartar Tribe,Atlantic Fringe,5,Sailing,17
-59,unlock,218,New barkalamene Kingdom,West Sahel,12,Shipbuilding,25
-57,unlock,106,Nalvarpur Tribe,Indic Riverine,103,Bone and Antler Tools,11
-52,unlock,19,Kingdom of Great xialiguo,East Riverine,103,Bone and Antler Tools,11
-51,unlock,0,Republic of Kingdom of Old kantana,Indic Riverine,34,Banking,46
-51,unlock,10,Republic of New varravardesh,Indic Riverine,31,Acoustics,44
-29,unlock,0,Republic of Kingdom of Old kantana,Indic Riverine,38,Mechanical Clock,47
-26,unlock,196,North tupsuyuinti Kingdom,Andean Highland,108,Watercraft,15
-18,unlock,9,Kingdom of North dranalvara,Indic Riverine,49,Scientific Method,24
-7,unlock,187,Great linlinzhou Kingdom,East Riverine,113,Sedentism,13
-4,unlock,119,Kingdom of South temnahpan,Mesoamerican,115,Counting Tokens and Tallies,13
0,unlock,196,North tupsuyuinti Kingdom,Andean Highland,10,Irrigation,16
9,unlock,201,Empire of Great ngotan,West Sahel,23,Engineering,24
18,unlock,79,Kingdom of South ayaintiyu,Andean Highland,103,Bone and Antler Tools,14
19,unlock,151,Empire of South garbelgrad,Eastern Woodland,103,Bone and Antler Tools,10
20,unlock,0,North nalvarnagar,Indic Riverine,48,Physics,48
24,unlock,83,Kingdom of North terzenlinia,Eastern Woodland,116,Charcoal Firing,11
25,unlock,105,Kingdom of Suyupachaya,Andean Highland,42,Metallurgy,17
25,initial,246,Old hivatamoa Kingdom,Oceanic Navigators,100,Cordage and Knots,7
25,initial,246,Old hivatamoa Kingdom,Oceanic Navigators,101,Hide Working and Tailored Clothing,7
25,initial,246,Old hivatamoa Kingdom,Oceanic Navigators,102,Hafted Stone Tools,7
25,initial,246,Old hivatamoa Kingdom,Oceanic Navigators,105,Food Preservation,7
25,initial,246,Old hivatamoa Kingdom,Oceanic Navigators,106,Storage Pits and Containers,7
25,initial,246,Old hivatamoa Kingdom,Oceanic Navigators,107,Seasonal Aggregation Camps,7
25,initial,246,Old hivatamoa Kingdom,Oceanic Navigators,3,Archery,7
26,unlock,98,Kingdom of North rangitanui,Oceanic Navigators,110,Dog Domestication,8
26,unlock,228,Ofimaa Kingdom,West Sahel,7,Wheel,20
40,unlock,101,Great quiranromland,Western Plains,116,Charcoal Firing,10
40,initial,247,North kabartanara Kingdom,West Sahel,100,Cordage and Knots,20
40,initial,247,North kabartanara Kingdom,West Sahel,101,Hide Working and Tailored Clothing,20
40,initial,247,North kabartanara Kingdom,West Sahel,102,Hafted Stone Tools,20
40,initial,247,North kabartanara Kingdom,West Sahel,103,Bone and Antler Tools,20
40,initial,247,North kabartanara Kingdom,West Sahel,104,Fishing Technology,20
40,initial,247,North kabartanara Kingdom,West Sahel,105,Food Preservation,20
40,initial,247,North kabartanara Kingdom,West Sahel,106,Storage Pits and Containers,20
40,initial,247,North kabartanara Kingdom,West Sahel,107,Seasonal Aggregation Camps,20
40,initial,247,North kabartanara Kingdom,West Sahel,110,Dog Domestication,20
40,initial,247,North kabartanara Kingdom,West Sahel,111,Grinding Stones,20
40,initial,247,North kabartanara Kingdom,West Sahel,112,Proto-cultivation,20
40,initial,247,North kabartanara Kingdom,West Sahel,113,Sedentism,20
40,initial,247,North kabartanara Kingdom,West Sahel,114,Enclosures and Herd Management,20
40,initial,247,North kabartanara Kingdom,West Sahel,115,Counting Tokens and Tallies,20
40,initial,247,North kabartanara Kingdom,West Sahel,116,Charcoal Firing,20
40,initial,247,North kabartanara Kingdom,West Sahel,20,Agriculture,20
40,initial,247,North kabartanara Kingdom,West Sahel,3,Archery,20
40,initial,247,North kabartanara Kingdom,West Sahel,6,Calendar,20
40,initial,247,North kabartanara Kingdom,West Sahel,10,Irrigation,20
40,initial,247,North kabartanara Kingdom,West Sahel,29,Machinery,20
43,unlock,108,Kingdom of New setanzua,West Sahel,38,Mechanical Clock,27
46,unlock,35,Kingdom of North ashararan,Fertile Crescent,16,Construction,17
56,unlock,97,Kingdom of Great nalinlingrad,Caribbean Seafaring,7,Wheel,24
57,unlock,104,South ravishadesh Tribe,Indic Riverine,38,Mechanical Clock,39
68,unlock,0,North nalvarnagar,Indic Riverine,31,Acoustics,49
70,unlock,196,North tupsuyuinti Kingdom,Andean Highland,5,Sailing,17
78,unlock,119,Kingdom of South temnahpan,Mesoamerican,103,Bone and Antler Tools,14
82,unlock,10,Republic of New varravardesh,Indic Riverine,38,Mechanical Clock,45
84,unlock,8,Kingdom of Old mitsursurpur,Indic Riverine,38,Mechanical Clock,31
84,unlock,112,Kingdom of New tupintiintina,Andean Highland,110,Dog Domestication,10
86,unlock,63,South lentartar Tribe,Atlantic Fringe,16,Construction,18
89,unlock,183,Kingdom of North ayaqorina,Andean Highland,20,Agriculture,13
95,unlock,4,North ravivi Tribe,Indic Riverine,103,Bone and Antler Tools,11
97,unlock,60,Kingdom of Selalnorland,Central Plain,119,Native Copper Working,15
105,unlock,162,Viaquiloria Kingdom,Eastern Woodland,103,Bone and Antler Tools,10
112,unlock,98,Kingdom of North rangitanui,Oceanic Navigators,103,Bone and Antler Tools,9
118,unlock,17,South qinqinhan,East Riverine,8,Masonry,13
121,unlock,156,Kingdom of New lenalum,Mediterranean Highland,119,Native Copper Working,14
122,unlock,61,Empire of South tartarburg,Central Plain,25,Metal Casting,21
124,unlock,196,North tupsuyuinti Kingdom,Andean Highland,109,Long-distance Exchange Networks,18
132,unlock,164,Kingdom of New lordustergrad,Eastern Woodland,103,Bone and Antler Tools,9
132,unlock,192,New maofitanara Tribe,West Sahel,7,Wheel,20
135,initial,248,North kinlordusgrad Kingdom,Steppe Nomadic,100,Cordage and Knots,9
135,initial,248,North kinlordusgrad Kingdom,Steppe Nomadic,101,Hide Working and Tailored Clothing,9
135,initial,248,North kinlordusgrad Kingdom,Steppe Nomadic,102,Hafted Stone Tools,9
135,initial,248,North kinlordusgrad Kingdom,Steppe Nomadic,105,Food Preservation,9
135,initial,248,North kinlordusgrad Kingdom,Steppe Nomadic,106,Storage Pits and Containers,9
135,initial,248,North kinlordusgrad Kingdom,Steppe Nomadic,107,Seasonal Aggregation Camps,9
135,initial,248,North kinlordusgrad Kingdom,Steppe Nomadic,110,Dog Domestication,9
135,initial,248,North kinlordusgrad Kingdom,Steppe Nomadic,111,Grinding Stones,9
135,initial,248,North kinlordusgrad Kingdom,Steppe Nomadic,3,Archery,9
142,unlock,97,Kingdom of Great nalinlingrad,Caribbean Seafaring,17,Roads,25
143,unlock,63,South lentartar Tribe,Atlantic Fringe,109,Long-distance Exchange Networks,19
143,unlock,104,South ravishadesh Tribe,Indic Riverine,49,Scientific Method,40
151,unlock,56,Kingdom of Old rombelnorburg,Mediterranean Highland,103,Bone and Antler Tools,11
152,unlock,104,South ravishadesh Tribe,Indic Riverine,36,Printing,41
162,unlock,34,Kingdom of Kalar,Fertile Crescent,16,Construction,18
162,unlock,61,Empire of South tartarburg,Central Plain,51,Steam Engine,23
162,unlock,61,Empire of South tartarburg,Central Plain,52,Industrialization,23
166,unlock,61,Empire of South tartarburg,Central Plain,60,Combustion,24
167,unlock,196,North tupsuyuinti Kingdom,Andean Highland,114,Enclosures and Herd Management,19
170,unlock,192,New maofitanara Tribe,West Sahel,29,Machinery,21
175,unlock,81,Kingdom of Ayaayatup,Andean Highland,42,Metallurgy,17
180,unlock,208,Empire of South barmakaene,West Sahel,29,Machinery,22
184,unlock,196,North tupsuyuinti Kingdom,Andean Highland,12,Shipbuilding,20
192,unlock,20,Kingdom of North xiaminshan,East Riverine,103,Bone and Antler Tools,11
200,unlock,29,Kingdom of South urashsamum,Fertile Crescent,103,Bone and Antler Tools,11
203,unlock,123,Kingdom of South noralkarburg,Atlantic Fringe,16,Construction,15
206,unlock,166,Kingdom of Great tarkarvenum,Mediterranean Urban,103,Bone and Antler Tools,11
210,unlock,61,Empire of South tartarburg,Central Plain,28,Steel,25
210,initial,249,Great tanofi Kingdom,West Sahel,100,Cordage and Knots,17
210,initial,249,Great tanofi Kingdom,West Sahel,101,Hide Working and Tailored Clothing,17
210,initial,249,Great tanofi Kingdom,West Sahel,102,Hafted Stone Tools,17
210,initial,249,Great tanofi Kingdom,West Sahel,103,Bone and Antler Tools,17
210,initial,249,Great tanofi Kingdom,West Sahel,104,Fishing Technology,17
210,initial,249,Great tanofi Kingdom,West Sahel,105,Food Preservation,17
210,initial,249,Great tanofi Kingdom,West Sahel,106,Storage Pits and Containers,17
210,initial,249,Great tanofi Kingdom,West Sahel,107,Seasonal Aggregation Camps,17
210,initial,249,Great tanofi Kingdom,West Sahel,110,Dog Domestication,17
210,initial,249,Great tanofi Kingdom,West Sahel,111,Grinding Stones,17
210,initial,249,Great tanofi Kingdom,West Sahel,112,Proto-cultivation,17
210,initial,249,Great tanofi Kingdom,West Sahel,113,Sedentism,17
210,initial,249,Great tanofi Kingdom,West Sahel,114,Enclosures and Herd Management,17
210,initial,249,Great tanofi Kingdom,West Sahel,115,Counting Tokens and Tallies,17
210,initial,249,Great tanofi Kingdom,West Sahel,116,Charcoal Firing,17
210,initial,249,Great tanofi Kingdom,West Sahel,3,Archery,17
210,initial,249,Great tanofi Kingdom,West Sahel,6,Calendar,17
212,unlock,183,Kingdom of North ayaqorina,Andean Highland,103,Bone and Antler Tools,14
227,unlock,228,Ofimaa Kingdom,West Sahel,29,Machinery,21
228,unlock,228,Ofimaa Kingdom,West Sahel,17,Roads,22
232,unlock,192,New maofitanara Tribe,West Sahel,17,Roads,22
233,unlock,196,North tupsuyuinti Kingdom,Andean Highland,110,Dog Domestication,21
234,unlock,74,Kingdom of Great chitemnahtan,Mesoamerican,118,Numeracy and Measurement,20
239,unlock,141,Empire of Great tupintina,Andean Highland,38,Mechanical Clock,23
242,unlock,21,Kingdom of North zhoqin,East Riverine,23,Engineering,12
242,unlock,61,Empire of South tartarburg,Central Plain,29,Machinery,26
244,unlock,96,Kingdom of South linlorquistan,Western Plains,103,Bone and Antler Tools,13
244,unlock,156,Kingdom of New lenalum,Mediterranean Highland,16,Construction,15
249,unlock,145,Empire of North ngongotanene,North Saharan,103,Bone and Antler Tools,11
250,unlock,10,Republic of New varravardesh,Indic Riverine,49,Scientific Method,46
251,unlock,192,New maofitanara Tribe,West Sahel,23,Engineering,23
256,unlock,183,Kingdom of North ayaqorina,Andean Highland,10,Irrigation,15
257,unlock,183,Kingdom of North ayaqorina,Andean Highland,110,Dog Domestication,16
257,unlock,196,North tupsuyuinti Kingdom,Andean Highland,7,Wheel,22
259,unlock,10,Republic of New varravardesh,Indic Riverine,36,Printing,47
262,unlock,104,South ravishadesh Tribe,Indic Riverine,40,Astronomy,42
263,unlock,225,New chisetan Kingdom,West Sahel,29,Machinery,22
264,unlock,16,Kingdom of Old taiqinmin,East Riverine,103,Bone and Antler Tools,13
265,initial,250,North mohivanui Kingdom,Oceanic Navigators,100,Cordage and Knots,7
265,initial,250,North mohivanui Kingdom,Oceanic Navigators,101,Hide Working and Tailored Clothing,7
265,initial,250,North mohivanui Kingdom,Oceanic Navigators,102,Hafted Stone Tools,7
265,initial,250,North mohivanui Kingdom,Oceanic Navigators,105,Food Preservation,7
265,initial,250,North mohivanui Kingdom,Oceanic Navigators,106,Storage Pits and Containers,7
265,initial,250,North mohivanui Kingdom,Oceanic Navigators,107,Seasonal Aggregation Camps,7
265,initial,250,North mohivanui Kingdom,Oceanic Navigators,3,Archery,7
266,unlock,41,Empire of Terrangarland,Monsoon Coastal,115,Counting Tokens and Tallies,19
269,unlock,225,New chisetan Kingdom,West Sahel,108,Watercraft,23
275,unlock,192,New maofitanara Tribe,West Sahel,38,Mechanical Clock,24
282,unlock,188,Kingdom of North nordordor,Mediterranean Urban,4,Mining,11
287,unlock,187,Great linlinzhou Kingdom,East Riverine,108,Watercraft,14
294,unlock,183,Kingdom of North ayaqorina,Andean Highland,104,Fishing Technology,17
297,unlock,187,Great linlinzhou Kingdom,East Riverine,112,Proto-cultivation,15
297,unlock,192,New maofitanara Tribe,West Sahel,108,Watercraft,25
298,unlock,151,Empire of South garbelgrad,Eastern Woodland,8,Masonry,11
300,initial,251,Old kinlorlinstan Kingdom,Western Plains,100,Cordage and Knots,9
300,initial,251,Old kinlorlinstan Kingdom,Western Plains,101,Hide Working and Tailored Clothing,9
300,initial,251,Old kinlorlinstan Kingdom,Western Plains,102,Hafted Stone Tools,9
300,initial,251,Old kinlorlinstan Kingdom,Western Plains,105,Food Preservation,9
300,initial,251,Old kinlorlinstan Kingdom,Western Plains,106,Storage Pits and Containers,9
300,initial,251,Old kinlorlinstan Kingdom,Western Plains,107,Seasonal Aggregation Camps,9
300,initial,251,Old kinlorlinstan Kingdom,Western Plains,111,Grinding Stones,9
300,initial,251,Old kinlorlinstan Kingdom,Western Plains,4,Mining,9
300,initial,251,Old kinlorlinstan Kingdom,Western Plains,3,Archery,9
305,unlock,63,South lentartar Tribe,Atlantic Fringe,12,Shipbuilding,20
315,unlock,10,Republic of New varravardesh,Indic Riverine,35,Markets,48
318,unlock,74,Kingdom of Great chitemnahtan,Mesoamerican,15,Currency,21
327,unlock,163,North romselbelland Tribe,Central Plain,16,Construction,14
337,unlock,163,North romselbelland Tribe,Central Plain,103,Bone and Antler Tools,15
343,unlock,53,Kingdom of Old ofibaru,East Horn,49,Scientific Method,28
348,unlock,61,Empire of South tartarburg,Central Plain,54,Electricity,27
350,initial,252,New barzuene Kingdom,West Sahel,100,Cordage and Knots,18
350,initial,252,New barzuene Kingdom,West Sahel,101,Hide Working and Tailored Clothing,18
350,initial,252,New barzuene Kingdom,West Sahel,102,Hafted Stone Tools,18
350,initial,252,New barzuene Kingdom,West Sahel,103,Bone and Antler Tools,18
350,initial,252,New barzuene Kingdom,West Sahel,104,Fishing Technology,18
350,initial,252,New barzuene Kingdom,West Sahel,105,Food Preservation,18
350,initial,252,New barzuene Kingdom,West Sahel,106,Storage Pits and Containers,18
350,initial,252,New barzuene Kingdom,West Sahel,107,Seasonal Aggregation Camps,18
350,initial,252,New barzuene Kingdom,West Sahel,110,Dog Domestication,18
350,initial,252,New barzuene Kingdom,West Sahel,111,Grinding Stones,18
350,initial,252,New barzuene Kingdom,West Sahel,112,Proto-cultivation,18
350,initial,252,New barzuene Kingdom,West Sahel,113,Sedentism,18
350,initial,252,New barzuene Kingdom,West Sahel,114,Enclosures and Herd Management,18
350,initial,252,New barzuene Kingdom,West Sahel,115,Counting Tokens and Tallies,18
350,initial,252,New barzuene Kingdom,West Sahel,116,Charcoal Firing,18
350,initial,252,New barzuene Kingdom,West Sahel,3,Archery,18
350,initial,252,New barzuene Kingdom,West Sahel,6,Calendar,18
350,initial,252,New barzuene Kingdom,West Sahel,29,Machinery,18
352,unlock,196,North tupsuyuinti Kingdom,Andean Highland,17,Roads,23
353,unlock,0,North nalvarnagar,Indic Riverine,46,Printing Press,50
354,unlock,9,Kingdom of North dranalvara,Indic Riverine,38,Mechanical Clock,25
361,unlock,112,Kingdom of New tupintiintina,Andean Highland,103,Bone and Antler Tools,11
366,unlock,132,Old weilishan Tribe,East Riverine,8,Masonry,13
368,unlock,61,Empire of South tartarburg,Central Plain,64,Electronics,27
370,unlock,61,Empire of South tartarburg,Central Plain,69,Computers,29
373,unlock,61,Empire of South tartarburg,Central Plain,79,Internet,29
374,unlock,61,Empire of South tartarburg,Central Plain,70,Transistors,30
375,unlock,61,Empire of South tartarburg,Central Plain,76,Integrated Circuit,31
376,unlock,61,Empire of South tartarburg,Central Plain,85,Artificial Intelligence,32
377,unlock,61,Empire of South tartarburg,Central Plain,91,Quantum Computing,33
383,unlock,192,New maofitanara Tribe,West Sahel,5,Sailing,26
390,initial,253,South rumintitupa Kingdom,Andean Highland,100,Cordage and Knots,9
390,initial,253,South rumintitupa Kingdom,Andean Highland,101,Hide Working and Tailored Clothing,9
390,initial,253,South rumintitupa Kingdom,Andean Highland,102,Hafted Stone Tools,9
390,initial,253,South rumintitupa Kingdom,Andean Highland,105,Food Preservation,9
390,initial,253,South rumintitupa Kingdom,Andean Highland,106,Storage Pits and Containers,9
390,initial,253,South rumintitupa Kingdom,Andean Highland,107,Seasonal Aggregation Camps,9
390,initial,253,South rumintitupa Kingdom,Andean Highland,111,Grinding Stones,9
390,initial,253,South rumintitupa Kingdom,Andean Highland,116,Charcoal Firing,9
390,initial,253,South rumintitupa Kingdom,Andean Highland,3,Archery,9
392,unlock,61,Empire of South tartarburg,Central Plain,38,Mechanical Clock,34
398,unlock,228,Ofimaa Kingdom,West Sahel,38,Mechanical Clock,23
401,unlock,20,Kingdom of North xiaminshan,East Riverine,23,Engineering,12
401,unlock,225,New chisetan Kingdom,West Sahel,5,Sailing,24
404,unlock,55,Chizuene Tribe,Central Forest,110,Dog Domestication,11
404,unlock,61,Empire of South tartarburg,Central Plain,63,Mass Production,36
412,unlock,74,Kingdom of Great chitemnahtan,Mesoamerican,104,Fishing Technology,22
415,initial,254,Old kusllaqyu Kingdom,Andean Highland,100,Cordage and Knots,13
415,initial,254,Old kusllaqyu Kingdom,Andean Highland,101,Hide Working and Tailored Clothing,13
415,initial,254,Old kusllaqyu Kingdom,Andean Highland,102,Hafted Stone Tools,13
415,initial,254,Old kusllaqyu Kingdom,Andean Highland,104,Fishing Technology,13
415,initial,254,Old kusllaqyu Kingdom,Andean Highland,105,Food Preservation,13
415,initial,254,Old kusllaqyu Kingdom,Andean Highland,106,Storage Pits and Containers,13
415,initial,254,Old kusllaqyu Kingdom,Andean Highland,107,Seasonal Aggregation Camps,13
415,initial,254,Old kusllaqyu Kingdom,Andean Highland,111,Grinding Stones,13
415,initial,254,Old kusllaqyu Kingdom,Andean Highland,112,Proto-cultivation,13
415,initial,254,Old kusllaqyu Kingdom,Andean Highland,113,Sedentism,13
415,initial,254,Old kusllaqyu Kingdom,Andean Highland,116,Charcoal Firing,13
415,initial,254,Old kusllaqyu Kingdom,Andean Highland,3,Archery,13
415,initial,254,Old kusllaqyu Kingdom,Andean Highland,6,Calendar,13
417,unlock,85,Kingdom of New kinlinmar,Eastern Woodland,23,Engineering,11
420,unlock,225,New chisetan Kingdom,West Sahel,38,Mechanical Clock,25
421,unlock,164,Kingdom of North naran,Eastern Woodland,110,Dog Domestication,10
423,unlock,11,Shadradesh Tribe,Indic Riverine,38,Mechanical Clock,27
429,unlock,10,Republic of New varravardesh,Indic Riverine,40,Astronomy,49
430,initial,255,North ofibarara Kingdom,West Sahel,100,Cordage and Knots,17
430,initial,255,North ofibarara Kingdom,West Sahel,101,Hide Working and Tailored Clothing,17
430,initial,255,North ofibarara Kingdom,West Sahel,102,Hafted Stone Tools,17
430,initial,255,North ofibarara Kingdom,West Sahel,103,Bone and Antler Tools,17
430,initial,255,North ofibarara Kingdom,West Sahel,104,Fishing Technology,17
430,initial,255,North ofibarara Kingdom,West Sahel,105,Food Preservation,17
430,initial,255,North ofibarara Kingdom,West Sahel,106,Storage Pits and Containers,17
430,initial,255,North ofibarara Kingdom,West Sahel,107,Seasonal Aggregation Camps,17
430,initial,255,North ofibarara Kingdom,West Sahel,110,Dog Domestication,17
430,initial,255,North ofibarara Kingdom,West Sahel,111,Grinding Stones,17
430,initial,255,North ofibarara Kingdom,West Sahel,112,Proto-cultivation,17
430,initial,255,North ofibarara Kingdom,West Sahel,113,Sedentism,17
430,initial,255,North ofibarara Kingdom,West Sahel,114,Enclosures and Herd Management,17
430,initial,255,North ofibarara Kingdom,West Sahel,115,Counting Tokens and Tallies,17
430,initial,255,North ofibarara Kingdom,West Sahel,116,Charcoal Firing,17
430,initial,255,North ofibarara Kingdom,West Sahel,3,Archery,17
430,initial,255,North ofibarara Kingdom,West Sahel,6,Calendar,17
439,unlock,208,Empire of South barmakaene,West Sahel,38,Mechanical Clock,23
440,unlock,17,South qinqinhan,East Riverine,16,Construction,14
442,unlock,222,New artamurad Tribe,Fertile Crescent,9,Bronze Alloying,16
444,unlock,163,North romselbelland Tribe,Central Plain,120,Copper Smelting,16
452,unlock,8,Kingdom of Old mitsursurpur,Indic Riverine,49,Scientific Method,32
456,unlock,10,Republic of New varravardesh,Indic Riverine,44,Architecture,50
458,unlock,95,Kingdom of Old marlinnagrad,Western Plains,116,Charcoal Firing,9
460,unlock,187,Empire of North lintaizho,East Riverine,115,Counting Tokens and Tallies,16
460,initial,256,South ofibar Kingdom,North Saharan,100,Cordage and Knots,10
460,initial,256,South ofibar Kingdom,North Saharan,101,Hide Working and Tailored Clothing,10
460,initial,256,South ofibar Kingdom,North Saharan,102,Hafted Stone Tools,10
460,initial,256,South ofibar Kingdom,North Saharan,105,Food Preservation,10
460,initial,256,South ofibar Kingdom,North Saharan,106,Storage Pits and Containers,10
460,initial,256,South ofibar Kingdom,North Saharan,107,Seasonal Aggregation Camps,10
460,initial,256,South ofibar Kingdom,North Saharan,110,Dog Domestication,10
460,initial,256,South ofibar Kingdom,North Saharan,111,Grinding Stones,10
460,initial,256,South ofibar Kingdom,North Saharan,116,Charcoal Firing,10
460,initial,256,South ofibar Kingdom,North Saharan,3,Archery,10
465,unlock,34,Kingdom of Kalar,Fertile Crescent,25,Metal Casting,19
471,unlock,36,Kingdom of Tamashashan,Fertile Crescent,16,Construction,15
472,unlock,120,Kingdom of Lorvialinland,Western Plains,103,Bone and Antler Tools,10
480,unlock,28,Kingdom of South kalkalad,Fertile Crescent,120,Copper Smelting,13
481,unlock,196,North tupsuyuinti Kingdom,Andean Highland,103,Bone and Antler Tools,24
482,unlock,104,Republic of South ravishadesh,Indic Riverine,48,Physics,43
488,unlock,192,New maofitanara Tribe,West Sahel,12,Shipbuilding,27
491,unlock,61,Empire of South tartarburg,Central Plain,41,Chemistry,37
497,unlock,225,New chisetan Kingdom,West Sahel,109,Long-distance Exchange Networks,26
499,unlock,30,Kingdom of Old kalsam,Fertile Crescent,23,Engineering,12
507,unlock,82,Empire of North dusromqui,Eastern Woodland,103,Bone and Antler Tools,9
512,unlock,23,Kingdom of North hanxiazhou,East Riverine,23,Engineering,12
512,unlock,60,Kingdom of Selalnorland,Central Plain,120,Copper Smelting,16
518,unlock,184,North tantanvar Kingdom,Indic Riverine,8,Masonry,12
526,unlock,192,New maofitanara Tribe,West Sahel,109,Long-distance Exchange Networks,28
530,unlock,156,Kingdom of New lenalum,Mediterranean Highland,120,Copper Smelting,16
541,unlock,150,Kingdom of Old tantanpur,Indic Riverine,103,Bone and Antler Tools,11
542,unlock,187,Empire of North lintaizho,East Riverine,6,Calendar,17
544,unlock,10,Republic of New varravardesh,Indic Riverine,48,Physics,51
545,unlock,0,North nalvarnagar,Indic Riverine,35,Markets,51
552,unlock,60,Kingdom of Selalnorland,Central Plain,60,Combustion,17
557,unlock,156,Kingdom of New lenalum,Mediterranean Highland,60,Combustion,17
557,unlock,247,North kabartanara Kingdom,West Sahel,7,Wheel,20
565,unlock,53,Kingdom of Old ofibaru,East Horn,38,Mechanical Clock,29
565,unlock,128,Kingdom of Old renqinmin,East Riverine,103,Bone and Antler Tools,11
568,unlock,41,Empire of Terrangarland,Monsoon Coastal,117,Proto-writing and Administrative Notation,21
570,initial,257,Old semau Kingdom,West Sahel,100,Cordage and Knots,18
570,initial,257,Old semau Kingdom,West Sahel,101,Hide Working and Tailored Clothing,18
570,initial,257,Old semau Kingdom,West Sahel,102,Hafted Stone Tools,18
570,initial,257,Old semau Kingdom,West Sahel,103,Bone and Antler Tools,18
570,initial,257,Old semau Kingdom,West Sahel,104,Fishing Technology,18
570,initial,257,Old semau Kingdom,West Sahel,105,Food Preservation,18
570,initial,257,Old semau Kingdom,West Sahel,106,Storage Pits and Containers,18
570,initial,257,Old semau Kingdom,West Sahel,107,Seasonal Aggregation Camps,18
570,initial,257,Old semau Kingdom,West Sahel,110,Dog Domestication,18
570,initial,257,Old semau Kingdom,West Sahel,111,Grinding Stones,18
570,initial,257,Old semau Kingdom,West Sahel,112,Proto-cultivation,18
570,initial,257,Old semau Kingdom,West Sahel,113,Sedentism,18
570,initial,257,Old semau Kingdom,West Sahel,114,Enclosures and Herd Management,18
570,initial,257,Old semau Kingdom,West Sahel,115,Counting Tokens and Tallies,18
570,initial,257,Old semau Kingdom,West Sahel,116,Charcoal Firing,18
570,initial,257,Old semau Kingdom,West Sahel,3,Archery,18
570,initial,257,Old semau Kingdom,West Sahel,6,Calendar,18
570,initial,257,Old semau Kingdom,West Sahel,29,Machinery,18
579,unlock,225,New chisetan Kingdom,West Sahel,12,Shipbuilding,27
588,unlock,41,Empire of Terrangarland,Monsoon Coastal,7,Wheel,22
588,unlock,175,Old quiterquigrad Kingdom,Eastern Woodland,110,Dog Domestication,9
591,unlock,127,Kingdom of New dusgarstan,Western Plains,8,Masonry,11
592,unlock,104,Republic of South ravishadesh,Indic Riverine,35,Markets,44
595,unlock,126,Kingdom of North dusgarmarstan,Western Plains,103,Bone and Antler Tools,9
603,unlock,55,Chizuene Tribe,Central Forest,103,Bone and Antler Tools,12
607,unlock,218,New barkalamene Kingdom,West Sahel,29,Machinery,26
613,unlock,161,Kingdom of Old marteria,Western Plains,110,Dog Domestication,9
623,unlock,12,Empire of Nalvinalnagar,Indic Riverine,51,Steam Engine,12
625,initial,258,Old chizuu Kingdom,North Saharan,100,Cordage and Knots,10
625,initial,258,Old chizuu Kingdom,North Saharan,101,Hide Working and Tailored Clothing,10
625,initial,258,Old chizuu Kingdom,North Saharan,102,Hafted Stone Tools,10
625,initial,258,Old chizuu Kingdom,North Saharan,105,Food Preservation,10
625,initial,258,Old chizuu Kingdom,North Saharan,106,Storage Pits and Containers,10
625,initial,258,Old chizuu Kingdom,North Saharan,107,Seasonal Aggregation Camps,10
625,initial,258,Old chizuu Kingdom,North Saharan,110,Dog Domestication,10
625,initial,258,Old chizuu Kingdom,North Saharan,111,Grinding Stones,10
625,initial,258,Old chizuu Kingdom,North Saharan,116,Charcoal Firing,10
625,initial,258,Old chizuu Kingdom,North Saharan,3,Archery,10
627,unlock,142,Kingdom of Drakanvarnagar,Indic Riverine,103,Bone and Antler Tools,11
629,unlock,146,New ninsaman Tribe,Fertile Crescent,103,Bone and Antler Tools,11
632,unlock,34,Kingdom of Kalar,Fertile Crescent,28,Steel,20
633,unlock,156,Kingdom of New lenalum,Mediterranean Highland,79,Internet,18
634,unlock,168,Kingdom of Great alromtarum,Atlantic Fringe,8,Masonry,11
635,unlock,134,Kingdom of New hivararangiua,Oceanic Navigators,110,Dog Domestication,8
638,unlock,156,Kingdom of New lenalum,Mediterranean Highland,69,Computers,19
640,unlock,74,Kingdom of Great chitemnahtan,Mesoamerican,23,Engineering,23
640,unlock,156,Kingdom of New lenalum,Mediterranean Highland,52,Industrialization,20
647,unlock,96,Kingdom of South linlorquistan,Western Plains,16,Construction,14
650,initial,259,North tanbara Kingdom,West Sahel,100,Cordage and Knots,12
650,initial,259,North tanbara Kingdom,West Sahel,101,Hide Working and Tailored Clothing,12
650,initial,259,North tanbara Kingdom,West Sahel,102,Hafted Stone Tools,12
650,initial,259,North tanbara Kingdom,West Sahel,103,Bone and Antler Tools,12
650,initial,259,North tanbara Kingdom,West Sahel,104,Fishing Technology,12
650,initial,259,North tanbara Kingdom,West Sahel,105,Food Preservation,12
650,initial,259,North tanbara Kingdom,West Sahel,106,Storage Pits and Containers,12
650,initial,259,North tanbara Kingdom,West Sahel,107,Seasonal Aggregation Camps,12
650,initial,259,North tanbara Kingdom,West Sahel,110,Dog Domestication,12
650,initial,259,North tanbara Kingdom,West Sahel,111,Grinding Stones,12
650,initial,259,North tanbara Kingdom,West Sahel,116,Charcoal Firing,12
650,initial,259,North tanbara Kingdom,West Sahel,3,Archery,12
657,unlock,60,Kingdom of Selalnorland,Central Plain,52,Industrialization,18
657,unlock,217,South zuofiara Kingdom,West Sahel,38,Mechanical Clock,23
664,unlock,156,Kingdom of New lenalum,Mediterranean Highland,76,Integrated Circuit,21
666,unlock,118,Kingdom of Ranmarstan,Eastern Woodland,110,Dog Domestication,10
669,unlock,12,Empire of Nalvinalnagar,Indic Riverine,52,Industrialization,13
669,unlock,139,Empire of Zhominzhou,East Riverine,8,Masonry,13
670,unlock,109,Kingdom of Old taiqinshan,East Riverine,23,Engineering,12
671,unlock,104,Republic of South ravishadesh,Indic Riverine,46,Printing Press,45
672,unlock,187,Empire of North lintaizho,East Riverine,5,Sailing,18
676,unlock,183,Kingdom of Old kusqorisuyua,Andean Highland,115,Counting Tokens and Tallies,18
680,unlock,168,Kingdom of Great alromtarum,Atlantic Fringe,110,Dog Domestication,12
680,initial,260,Great llaqintisum Tribe,Andean Highland,100,Cordage and Knots,9
680,initial,260,Great llaqintisum Tribe,Andean Highland,101,Hide Working and Tailored Clothing,9
680,initial,260,Great llaqintisum Tribe,Andean Highland,102,Hafted Stone Tools,9
680,initial,260,Great llaqintisum Tribe,Andean Highland,105,Food Preservation,9
680,initial,260,Great llaqintisum Tribe,Andean Highland,106,Storage Pits and Containers,9
680,initial,260,Great llaqintisum Tribe,Andean Highland,107,Seasonal Aggregation Camps,9
680,initial,260,Great llaqintisum Tribe,Andean Highland,111,Grinding Stones,9
680,initial,260,Great llaqintisum Tribe,Andean Highland,116,Charcoal Firing,9
680,initial,260,Great llaqintisum Tribe,Andean Highland,3,Archery,9
683,unlock,187,Empire of North lintaizho,East Riverine,20,Agriculture,19
685,initial,261,Old suyusumllaq Kingdom,Andean Highland,100,Cordage and Knots,9
685,initial,261,Old suyusumllaq Kingdom,Andean Highland,101,Hide Working and Tailored Clothing,9
685,initial,261,Old suyusumllaq Kingdom,Andean Highland,102,Hafted Stone Tools,9
685,initial,261,Old suyusumllaq Kingdom,Andean Highland,105,Food Preservation,9
685,initial,261,Old suyusumllaq Kingdom,Andean Highland,106,Storage Pits and Containers,9
685,initial,261,Old suyusumllaq Kingdom,Andean Highland,107,Seasonal Aggregation Camps,9
685,initial,261,Old suyusumllaq Kingdom,Andean Highland,111,Grinding Stones,9
685,initial,261,Old suyusumllaq Kingdom,Andean Highland,116,Charcoal Firing,9
685,initial,261,Old suyusumllaq Kingdom,Andean Highland,3,Archery,9
690,unlock,11,Kingdom of Great shavarsurdesh,Indic Riverine,49,Scientific Method,28
692,unlock,103,Kingdom of South duslornaia,Western Plains,116,Charcoal Firing,12
704,unlock,156,Kingdom of New lenalum,Mediterranean Highland,51,Steam Engine,22
713,unlock,218,New barkalamene Kingdom,West Sahel,38,Mechanical Clock,27
719,unlock,94,South lormarbelia Tribe,Western Plains,110,Dog Domestication,9
720,initial,262,Great marviastan Kingdom,Steppe Nomadic,100,Cordage and Knots,9
720,initial,262,Great marviastan Kingdom,Steppe Nomadic,101,Hide Working and Tailored Clothing,9
720,initial,262,Great marviastan Kingdom,Steppe Nomadic,102,Hafted Stone Tools,9
720,initial,262,Great marviastan Kingdom,Steppe Nomadic,105,Food Preservation,9
720,initial,262,Great marviastan Kingdom,Steppe Nomadic,106,Storage Pits and Containers,9
720,initial,262,Great marviastan Kingdom,Steppe Nomadic,107,Seasonal Aggregation Camps,9
720,initial,262,Great marviastan Kingdom,Steppe Nomadic,110,Dog Domestication,9
720,initial,262,Great marviastan Kingdom,Steppe Nomadic,111,Grinding Stones,9
720,initial,262,Great marviastan Kingdom,Steppe Nomadic,3,Archery,9
722,unlock,156,Kingdom of New lenalum,Mediterranean Highland,85,Artificial Intelligence,24
722,unlock,156,Kingdom of New lenalum,Mediterranean Highland,91,Quantum Computing,24
728,unlock,156,Kingdom of New lenalum,Mediterranean Highland,23,Engineering,25
732,unlock,163,Empire of Alromia,Central Plain,60,Combustion,17
734,unlock,163,Empire of Alromia,Central Plain,52,Industrialization,19
734,unlock,163,Empire of Alromia,Central Plain,85,Artificial Intelligence,19
735,unlock,163,Empire of Alromia,Central Plain,79,Internet,21
735,unlock,163,Empire of Alromia,Central Plain,91,Quantum Computing,21
737,unlock,166,Kingdom of Great tarkarvenum,Mediterranean Urban,23,Engineering,12
738,unlock,60,Kingdom of Selalnorland,Central Plain,91,Quantum Computing,19
739,unlock,163,Empire of Alromia,Central Plain,42,Metallurgy,22
741,unlock,114,Kingdom of North kalbarkal,Fertile Crescent,16,Construction,14
741,unlock,163,Empire of Alromia,Central Plain,76,Integrated Circuit,23
742,unlock,12,Empire of Nalvinalnagar,Indic Riverine,54,Electricity,14
742,unlock,85,Kingdom of New kinlinmar,Eastern Woodland,51,Steam Engine,12
743,unlock,183,Kingdom of Old kusqorisuyua,Andean Highland,114,Enclosures and Herd Management,19
745,unlock,163,Empire of Alromia,Central Plain,69,Computers,24
752,unlock,60,Kingdom of Selalnorland,Central Plain,76,Integrated Circuit,20
753,unlock,169,Empire of North sellen,Central Plain,79,Internet,12
757,unlock,60,Kingdom of Selalnorland,Central Plain,85,Artificial Intelligence,21
760,unlock,187,Empire of North lintaizho,East Riverine,114,Enclosures and Herd Management,20
765,unlock,74,Kingdom of Great chitemnahtan,Mesoamerican,29,Machinery,24
770,unlock,163,Empire of Alromia,Central Plain,51,Steam Engine,25
771,unlock,58,Kingdom of South tarromalburg,Mediterranean Urban,76,Integrated Circuit,12
776,unlock,187,Empire of North lintaizho,East Riverine,109,Long-distance Exchange Networks,21
783,unlock,247,North kabartanara Kingdom,West Sahel,17,Roads,21
793,unlock,166,Kingdom of Great tarkarvenum,Mediterranean Urban,79,Internet,13
799,unlock,58,Kingdom of South tarromalburg,Mediterranean Urban,60,Combustion,13
799,unlock,156,Kingdom of New lenalum,Mediterranean Highland,9,Bronze Alloying,27
799,unlock,156,Kingdom of New lenalum,Mediterranean Highland,70,Transistors,27
799,unlock,187,Empire of North lintaizho,East Riverine,117,Proto-writing and Administrative Notation,22
804,unlock,166,Kingdom of Great tarkarvenum,Mediterranean Urban,91,Quantum Computing,14
809,unlock,156,Kingdom of New lenalum,Mediterranean Highland,64,Electronics,28
810,unlock,60,Kingdom of Selalnorland,Central Plain,79,Internet,22
810,unlock,85,Kingdom of New kinlinmar,Eastern Woodland,29,Machinery,13
813,unlock,169,Empire of North sellen,Central Plain,69,Computers,13
816,unlock,141,Empire of Great sumkusyu,Andean Highland,23,Engineering,24
816,unlock,169,Empire of North sellen,Central Plain,85,Artificial Intelligence,14
818,unlock,60,Kingdom of Selalnorland,Central Plain,69,Computers,23
818,unlock,166,Kingdom of Great tarkarvenum,Mediterranean Urban,85,Artificial Intelligence,15
819,unlock,24,Kingdom of North linhanling,East Riverine,16,Construction,15
819,unlock,169,Empire of North sellen,Central Plain,91,Quantum Computing,15
820,unlock,132,Old weilishan Tribe,East Riverine,16,Construction,14
828,unlock,168,Kingdom of Great alromtarum,Atlantic Fringe,119,Native Copper Working,13
836,unlock,58,Kingdom of South tarromalburg,Mediterranean Urban,91,Quantum Computing,14
837,unlock,10,Republic of New varravardesh,Indic Riverine,46,Printing Press,52
840,unlock,151,Empire of South garbelgrad,Eastern Woodland,110,Dog Domestication,12
840,unlock,187,Empire of North lintaizho,East Riverine,10,Irrigation,23
842,unlock,172,Kingdom of North zenterquistan,Western Plains,110,Dog Domestication,9
845,unlock,169,Empire of North sellen,Central Plain,76,Integrated Circuit,16
846,unlock,226,Empire of Great kuspachsuyuyu,Andean Highland,104,Fishing Technology,10
849,unlock,85,Kingdom of New kinlinmar,Eastern Woodland,52,Industrialization,14
851,unlock,160,Kingdom of Old kinbeldusia,Western Plains,116,Charcoal Firing,9
853,unlock,58,Kingdom of South tarromalburg,Mediterranean Urban,85,Artificial Intelligence,15
854,unlock,222,New artamurad Tribe,Fertile Crescent,13,Iron Working,17
857,unlock,34,Kingdom of Kalar,Fertile Crescent,42,Metallurgy,21
861,unlock,169,Empire of North sellen,Central Plain,60,Combustion,17
867,unlock,41,Empire of Terrangarland,Monsoon Coastal,11,Writing,23
870,unlock,60,Kingdom of Selalnorland,Central Plain,51,Steam Engine,24
870,initial,263,New ngozuene Kingdom,West Sahel,100,Cordage and Knots,11
870,initial,263,New ngozuene Kingdom,West Sahel,101,Hide Working and Tailored Clothing,11
870,initial,263,New ngozuene Kingdom,West Sahel,102,Hafted Stone Tools,11
870,initial,263,New ngozuene Kingdom,West Sahel,103,Bone and Antler Tools,11
870,initial,263,New ngozuene Kingdom,West Sahel,105,Food Preservation,11
870,initial,263,New ngozuene Kingdom,West Sahel,106,Storage Pits and Containers,11
870,initial,263,New ngozuene Kingdom,West Sahel,107,Seasonal Aggregation Camps,11
870,initial,263,New ngozuene Kingdom,West Sahel,110,Dog Domestication,11
870,initial,263,New ngozuene Kingdom,West Sahel,111,Grinding Stones,11
870,initial,263,New ngozuene Kingdom,West Sahel,116,Charcoal Firing,11
870,initial,263,New ngozuene Kingdom,West Sahel,3,Archery,11
871,unlock,58,Kingdom of South tarromalburg,Mediterranean Urban,79,Internet,16
873,unlock,74,Kingdom of Great chitemnahtan,Mesoamerican,108,Watercraft,25
873,unlock,169,Empire of North sellen,Central Plain,70,Transistors,18
879,unlock,169,Empire of North sellen,Central Plain,64,Electronics,19
880,unlock,41,Empire of Terrangarland,Monsoon Coastal,17,Roads,24
889,unlock,225,New chisetan Kingdom,West Sahel,23,Engineering,28
895,initial,264,New ranviastan Kingdom,Steppe Nomadic,100,Cordage and Knots,9
895,initial,264,New ranviastan Kingdom,Steppe Nomadic,101,Hide Working and Tailored Clothing,9
895,initial,264,New ranviastan Kingdom,Steppe Nomadic,102,Hafted Stone Tools,9
895,initial,264,New ranviastan Kingdom,Steppe Nomadic,105,Food Preservation,9
895,initial,264,New ranviastan Kingdom,Steppe Nomadic,106,Storage Pits and Containers,9
895,initial,264,New ranviastan Kingdom,Steppe Nomadic,107,Seasonal Aggregation Camps,9
895,initial,264,New ranviastan Kingdom,Steppe Nomadic,110,Dog Domestication,9
895,initial,264,New ranviastan Kingdom,Steppe Nomadic,111,Grinding Stones,9
895,initial,264,New ranviastan Kingdom,Steppe Nomadic,3,Archery,9
896,unlock,58,Kingdom of South tarromalburg,Mediterranean Urban,69,Computers,17
898,unlock,163,Empire of Alromia,Central Plain,23,Engineering,26
902,unlock,196,North tupsuyuinti Kingdom,Andean Highland,115,Counting Tokens and Tallies,25
905,unlock,121,Kingdom of Kinzenbelstan,Western Plains,103,Bone and Antler Tools,11
911,unlock,164,Kingdom of North naran,Eastern Woodland,116,Charcoal Firing,11
911,unlock,183,Kingdom of Old kusqorisuyua,Andean Highland,7,Wheel,20
916,unlock,58,Kingdom of South tarromalburg,Mediterranean Urban,23,Engineering,18
922,unlock,140,Empire of Old sezukaa,North Saharan,103,Bone and Antler Tools,11
925,initial,265,North qoriintina Kingdom,Andean Highland,100,Cordage and Knots,10
925,initial,265,North qoriintina Kingdom,Andean Highland,101,Hide Working and Tailored Clothing,10
925,initial,265,North qoriintina Kingdom,Andean Highland,102,Hafted Stone Tools,10
925,initial,265,North qoriintina Kingdom,Andean Highland,105,Food Preservation,10
925,initial,265,North qoriintina Kingdom,Andean Highland,106,Storage Pits and Containers,10
925,initial,265,North qoriintina Kingdom,Andean Highland,107,Seasonal Aggregation Camps,10
925,initial,265,North qoriintina Kingdom,Andean Highland,111,Grinding Stones,10
925,initial,265,North qoriintina Kingdom,Andean Highland,116,Charcoal Firing,10
925,initial,265,North qoriintina Kingdom,Andean Highland,4,Mining,10
925,initial,265,North qoriintina Kingdom,Andean Highland,3,Archery,10
927,unlock,12,Empire of Nalvinalnagar,Indic Riverine,60,Combustion,15
927,unlock,74,Kingdom of Great chitemnahtan,Mesoamerican,5,Sailing,26
927,unlock,169,Empire of North sellen,Central Plain,23,Engineering,20
939,unlock,33,Kingdom of Old samashsamad,Fertile Crescent,23,Engineering,15
940,unlock,12,Empire of Nalvinalnagar,Indic Riverine,23,Engineering,16
940,initial,266,New garzenland Kingdom,Steppe Nomadic,100,Cordage and Knots,9
940,initial,266,New garzenland Kingdom,Steppe Nomadic,101,Hide Working and Tailored Clothing,9
940,initial,266,New garzenland Kingdom,Steppe Nomadic,102,Hafted Stone Tools,9
940,initial,266,New garzenland Kingdom,Steppe Nomadic,105,Food Preservation,9
940,initial,266,New garzenland Kingdom,Steppe Nomadic,106,Storage Pits and Containers,9
940,initial,266,New garzenland Kingdom,Steppe Nomadic,107,Seasonal Aggregation Camps,9
940,initial,266,New garzenland Kingdom,Steppe Nomadic,110,Dog Domestication,9
940,initial,266,New garzenland Kingdom,Steppe Nomadic,111,Grinding Stones,9
940,initial,266,New garzenland Kingdom,Steppe Nomadic,3,Archery,9
943,unlock,0,North nalvarnagar,Indic Riverine,44,Architecture,52
945,unlock,138,North ravia Kingdom,Indic Riverine,103,Bone and Antler Tools,11
948,unlock,228,Empire of Zutana,West Sahel,23,Engineering,24
950,unlock,169,Empire of North sellen,Central Plain,63,Mass Production,21
953,unlock,226,Empire of Great kuspachsuyuyu,Andean Highland,112,Proto-cultivation,11
968,unlock,35,Kingdom of North ashararan,Fertile Crescent,23,Engineering,18
973,unlock,74,Kingdom of Great chitemnahtan,Mesoamerican,109,Long-distance Exchange Networks,27
981,unlock,115,Old qinweishan Tribe,East Riverine,119,Native Copper Working,14
987,unlock,156,Kingdom of New lenalum,Mediterranean Highland,42,Metallurgy,29
991,unlock,182,Empire of New lenalalia,Central Plain,60,Combustion,11
995,unlock,23,Kingdom of North hanxiazhou,East Riverine,29,Machinery,13
996,unlock,41,Empire of Terrangarland,Monsoon Coastal,118,Numeracy and Measurement,25
1002,unlock,222,New artamurad Tribe,Fertile Crescent,16,Construction,18
1003,unlock,163,Empire of Alromia,Central Plain,9,Bronze Alloying,27
1004,unlock,100,Great liqin Tribe,East Riverine,103,Bone and Antler Tools,11
1005,unlock,187,Empire of North lintaizho,East Riverine,7,Wheel,24
1005,initial,267,Old dusviastan Kingdom,Steppe Nomadic,100,Cordage and Knots,9
1005,initial,267,Old dusviastan Kingdom,Steppe Nomadic,101,Hide Working and Tailored Clothing,9
1005,initial,267,Old dusviastan Kingdom,Steppe Nomadic,102,Hafted Stone Tools,9
1005,initial,267,Old dusviastan Kingdom,Steppe Nomadic,105,Food Preservation,9
1005,initial,267,Old dusviastan Kingdom,Steppe Nomadic,106,Storage Pits and Containers,9
1005,initial,267,Old dusviastan Kingdom,Steppe Nomadic,107,Seasonal Aggregation Camps,9
1005,initial,267,Old dusviastan Kingdom,Steppe Nomadic,110,Dog Domestication,9
1005,initial,267,Old dusviastan Kingdom,Steppe Nomadic,111,Grinding Stones,9
1005,initial,267,Old dusviastan Kingdom,Steppe Nomadic,3,Archery,9
1009,unlock,12,Empire of Nalvinalnagar,Indic Riverine,63,Mass Production,18
1009,unlock,12,Empire of Nalvinalnagar,Indic Riverine,64,Electronics,18
1009,unlock,166,Kingdom of Great tarkarvenum,Mediterranean Urban,29,Machinery,16
1011,unlock,226,Empire of Great kuspachsuyuyu,Andean Highland,110,Dog Domestication,12
1016,unlock,187,Empire of North lintaizho,East Riverine,12,Shipbuilding,25
1017,unlock,74,Kingdom of Great chitemnahtan,Mesoamerican,12,Shipbuilding,28
1018,unlock,58,Kingdom of South tarromalburg,Mediterranean Urban,52,Industrialization,19
1021,unlock,156,Kingdom of New lenalum,Mediterranean Highland,29,Machinery,30
1025,unlock,154,Kingdom of North qinlinzholing,East Riverine,23,Engineering,12
1029,unlock,144,Empire of New tanchiene,North Saharan,103,Bone and Antler Tools,11
1030,initial,268,Old mazuofi Kingdom,Central Forest,100,Cordage and Knots,9
1030,initial,268,Old mazuofi Kingdom,Central Forest,101,Hide Working and Tailored Clothing,9
1030,initial,268,Old mazuofi Kingdom,Central Forest,102,Hafted Stone Tools,9
1030,initial,268,Old mazuofi Kingdom,Central Forest,105,Food Preservation,9
1030,initial,268,Old mazuofi Kingdom,Central Forest,106,Storage Pits and Containers,9
1030,initial,268,Old mazuofi Kingdom,Central Forest,107,Seasonal Aggregation Camps,9
1030,initial,268,Old mazuofi Kingdom,Central Forest,111,Grinding Stones,9
1030,initial,268,Old mazuofi Kingdom,Central Forest,116,Charcoal Firing,9
1030,initial,268,Old mazuofi Kingdom,Central Forest,3,Archery,9
1032,unlock,59,Empire of New lennorbel,Mediterranean Urban,42,Metallurgy,18
1033,unlock,28,Kingdom of South kalkalad,Fertile Crescent,9,Bronze Alloying,14
1041,unlock,58,Kingdom of South tarromalburg,Mediterranean Urban,51,Steam Engine,20
1045,unlock,160,Kingdom of Old kinbeldusia,Western Plains,103,Bone and Antler Tools,10
1048,unlock,188,Kingdom of North nordordor,Mediterranean Urban,8,Masonry,12
1051,unlock,12,Empire of Nalvinalnagar,Indic Riverine,69,Computers,19
1054,unlock,0,North nalvarnagar,Indic Riverine,45,Economics,53
1062,unlock,28,Kingdom of South kalkalad,Fertile Crescent,8,Masonry,15
1064,unlock,41,Empire of Terrangarland,Monsoon Coastal,15,Currency,26
1065,unlock,35,Kingdom of North ashararan,Fertile Crescent,13,Iron Working,19
1065,unlock,130,South belranvia Tribe,Eastern Woodland,51,Steam Engine,11
1066,unlock,169,Empire of North sellen,Central Plain,42,Metallurgy,21
1069,unlock,166,Kingdom of Great tarkarvenum,Mediterranean Urban,76,Integrated Circuit,17
1071,unlock,12,Empire of Nalvinalnagar,Indic Riverine,29,Machinery,20
1079,unlock,58,Kingdom of South tarromalburg,Mediterranean Urban,41,Chemistry,21
1083,unlock,59,Empire of New lennorbel,Mediterranean Urban,13,Iron Working,19
1085,unlock,55,Chizuene Tribe,Central Forest,119,Native Copper Working,13
1091,unlock,168,Kingdom of Great alromtarum,Atlantic Fringe,103,Bone and Antler Tools,14
1093,unlock,82,Empire of North dusromqui,Eastern Woodland,110,Dog Domestication,10
1095,unlock,102,Kingdom of Old sumrumyu,Andean Highland,110,Dog Domestication,11
1097,unlock,36,Kingdom of Tamashashan,Fertile Crescent,9,Bronze Alloying,16
1097,unlock,187,Empire of North lintaizho,East Riverine,17,Roads,26
1100,unlock,20,Kingdom of North xiaminshan,East Riverine,29,Machinery,13
1105,unlock,41,Empire of Terrangarland,Monsoon Coastal,19,Alphabet,27
1107,unlock,135,Empire of South bartanu,North Saharan,103,Bone and Antler Tools,11
1109,unlock,79,Kingdom of New ayarum,Andean Highland,114,Enclosures and Herd Management,15
1109,unlock,115,Old qinweishan Tribe,East Riverine,16,Construction,15
1110,initial,269,New intisumsummarca Kingdom,Andean Highland,100,Cordage and Knots,9
1110,initial,269,New intisumsummarca Kingdom,Andean Highland,101,Hide Working and Tailored Clothing,9
1110,initial,269,New intisumsummarca Kingdom,Andean Highland,102,Hafted Stone Tools,9
1110,initial,269,New intisumsummarca Kingdom,Andean Highland,105,Food Preservation,9
1110,initial,269,New intisumsummarca Kingdom,Andean Highland,106,Storage Pits and Containers,9
1110,initial,269,New intisumsummarca Kingdom,Andean Highland,107,Seasonal Aggregation Camps,9
1110,initial,269,New intisumsummarca Kingdom,Andean Highland,111,Grinding Stones,9
1110,initial,269,New intisumsummarca Kingdom,Andean Highland,116,Charcoal Firing,9
1110,initial,269,New intisumsummarca Kingdom,Andean Highland,3,Archery,9
1116,unlock,143,Kingdom of Great karlenia,Mediterranean Highland,91,Quantum Computing,11
1117,unlock,46,Kingdom of North romzenbel,Steppe Nomadic,103,Bone and Antler Tools,10
1122,unlock,30,Kingdom of Old kalsam,Fertile Crescent,29,Machinery,13
1122,unlock,134,Kingdom of New hivararangiua,Oceanic Navigators,103,Bone and Antler Tools,9
1126,unlock,139,Empire of Zhominzhou,East Riverine,16,Construction,14
1127,unlock,12,Empire of Nalvinalnagar,Indic Riverine,79,Internet,21
1129,unlock,182,Empire of New lenalalia,Central Plain,91,Quantum Computing,12
1132,unlock,182,Empire of New lenalalia,Central Plain,79,Internet,13
1134,unlock,182,Empire of New lenalalia,Central Plain,85,Artificial Intelligence,14
1136,unlock,156,Kingdom of New lenalum,Mediterranean Highland,13,Iron Working,31
1138,unlock,30,Kingdom of Old kalsam,Fertile Crescent,51,Steam Engine,14
1144,unlock,30,Kingdom of Old kalsam,Fertile Crescent,52,Industrialization,15
1144,unlock,90,Kingdom of North linnastan,Western Plains,8,Masonry,10
1144,unlock,182,Empire of New lenalalia,Central Plain,69,Computers,15
1148,unlock,62,Kingdom of Old tardorum,Atlantic Fringe,103,Bone and Antler Tools,12
1148,unlock,62,Kingdom of Old tardorum,Atlantic Fringe,110,Dog Domestication,12
1149,unlock,81,Kingdom of Ayaayatup,Andean Highland,25,Metal Casting,18
1154,unlock,94,South lormarbelia Tribe,Western Plains,116,Charcoal Firing,10
1154,unlock,169,Empire of North sellen,Central Plain,52,Industrialization,23
1154,unlock,182,Empire of New lenalalia,Central Plain,76,Integrated Circuit,16
1155,unlock,143,Kingdom of Great karlenia,Mediterranean Highland,85,Artificial Intelligence,12
1155,unlock,163,Empire of Alromia,Central Plain,29,Machinery,28
1172,unlock,188,Kingdom of North nordordor,Mediterranean Urban,91,Quantum Computing,13
1175,unlock,114,Kingdom of North kalbarkal,Fertile Crescent,23,Engineering,15
1179,unlock,183,Kingdom of Old kusqorisuyua,Andean Highland,17,Roads,21
1180,unlock,188,Kingdom of North nordordor,Mediterranean Urban,79,Internet,14
1181,unlock,175,Old quiterquigrad Kingdom,Eastern Woodland,116,Charcoal Firing,10
1183,unlock,188,Kingdom of North nordordor,Mediterranean Urban,85,Artificial Intelligence,15
1190,initial,270,Old tamotanui Kingdom,Oceanic Navigators,100,Cordage and Knots,7
1190,initial,270,Old tamotanui Kingdom,Oceanic Navigators,101,Hide Working and Tailored Clothing,7
1190,initial,270,Old tamotanui Kingdom,Oceanic Navigators,102,Hafted Stone Tools,7
1190,initial,270,Old tamotanui Kingdom,Oceanic Navigators,105,Food Preservation,7
1190,initial,270,Old tamotanui Kingdom,Oceanic Navigators,106,Storage Pits and Containers,7
1190,initial,270,Old tamotanui Kingdom,Oceanic Navigators,107,Seasonal Aggregation Camps,7
1190,initial,270,Old tamotanui Kingdom,Oceanic Navigators,3,Archery,7
1203,unlock,143,Kingdom of Great karlenia,Mediterranean Highland,79,Internet,13
1208,unlock,188,Kingdom of North nordordor,Mediterranean Urban,103,Bone and Antler Tools,16
1209,unlock,41,Republic of Empire of Terrangarland,Monsoon Coastal,14,Formal Mathematics,28
1210,unlock,189,Kingdom of Great suyupachtup,Andean Highland,51,Steam Engine,11
1215,initial,271,Old rantermargrad Kingdom,Steppe Nomadic,100,Cordage and Knots,9
1215,initial,271,Old rantermargrad Kingdom,Steppe Nomadic,101,Hide Working and Tailored Clothing,9
1215,initial,271,Old rantermargrad Kingdom,Steppe Nomadic,102,Hafted Stone Tools,9
1215,initial,271,Old rantermargrad Kingdom,Steppe Nomadic,105,Food Preservation,9
1215,initial,271,Old rantermargrad Kingdom,Steppe Nomadic,106,Storage Pits and Containers,9
1215,initial,271,Old rantermargrad Kingdom,Steppe Nomadic,107,Seasonal Aggregation Camps,9
1215,initial,271,Old rantermargrad Kingdom,Steppe Nomadic,110,Dog Domestication,9
1215,initial,271,Old rantermargrad Kingdom,Steppe Nomadic,111,Grinding Stones,9
1215,initial,271,Old rantermargrad Kingdom,Steppe Nomadic,3,Archery,9
1222,unlock,156,Kingdom of New lenalum,Mediterranean Highland,41,Chemistry,32
1224,unlock,104,Republic of South ravishadesh,Indic Riverine,45,Economics,46
1226,unlock,182,Empire of New lenalalia,Central Plain,52,Industrialization,17
1230,unlock,24,Kingdom of North hanminzhou,East Riverine,23,Engineering,16
1230,unlock,58,Kingdom of South tarromalburg,Mediterranean Urban,29,Machinery,22
1230,initial,272,South romgar Kingdom,Steppe Nomadic,100,Cordage and Knots,9
1230,initial,272,South romgar Kingdom,Steppe Nomadic,101,Hide Working and Tailored Clothing,9
1230,initial,272,South romgar Kingdom,Steppe Nomadic,102,Hafted Stone Tools,9
1230,initial,272,South romgar Kingdom,Steppe Nomadic,105,Food Preservation,9
1230,initial,272,South romgar Kingdom,Steppe Nomadic,106,Storage Pits and Containers,9
1230,initial,272,South romgar Kingdom,Steppe Nomadic,107,Seasonal Aggregation Camps,9
1230,initial,272,South romgar Kingdom,Steppe Nomadic,110,Dog Domestication,9
1230,initial,272,South romgar Kingdom,Steppe Nomadic,111,Grinding Stones,9
1230,initial,272,South romgar Kingdom,Steppe Nomadic,3,Archery,9
1234,unlock,56,Kingdom of Old rombelnorburg,Mediterranean Highland,91,Quantum Computing,12
1234,unlock,188,Kingdom of North nordordor,Mediterranean Urban,69,Computers,17
1235,unlock,93,Kingdom of Old linterbelstan,Western Plains,103,Bone and Antler Tools,9
1235,unlock,168,Kingdom of Great alromtarum,Atlantic Fringe,79,Internet,15
1240,unlock,27,Kingdom of Great xiaqinlinshan,East Riverine,103,Bone and Antler Tools,11
1243,unlock,59,Empire of New lennorbel,Mediterranean Urban,23,Engineering,20
1245,unlock,63,South lentartar Tribe,Atlantic Fringe,23,Engineering,21
1246,unlock,74,Kingdom of Great chitemnahtan,Mesoamerican,38,Mechanical Clock,29
1252,unlock,16,Kingdom of Old taiqinmin,East Riverine,8,Masonry,14
1253,unlock,56,Kingdom of Old rombelnorburg,Mediterranean Highland,79,Internet,13
1253,unlock,59,Empire of New lennorbel,Mediterranean Urban,52,Industrialization,21
1254,unlock,72,Kingdom of Great calteochian,Mesoamerican,29,Machinery,26
1254,unlock,160,Kingdom of Old kinbeldusia,Western Plains,110,Dog Domestication,11
1259,unlock,143,Kingdom of Great karlenia,Mediterranean Highland,103,Bone and Antler Tools,14
1260,unlock,56,Kingdom of Old rombelnorburg,Mediterranean Highland,85,Artificial Intelligence,14
1260,unlock,188,Kingdom of North nordordor,Mediterranean Urban,60,Combustion,18
1261,unlock,168,Kingdom of Great alromtarum,Atlantic Fringe,85,Artificial Intelligence,16
1264,unlock,59,Empire of New lennorbel,Mediterranean Urban,51,Steam Engine,22
1266,unlock,12,Empire of Nalvinalnagar,Indic Riverine,70,Transistors,22
1268,unlock,12,Empire of Nalvinalnagar,Indic Riverine,76,Integrated Circuit,23
1268,unlock,28,Kingdom of South kalkalad,Fertile Crescent,103,Bone and Antler Tools,16
1269,unlock,188,Kingdom of North nordordor,Mediterranean Urban,76,Integrated Circuit,19
1270,unlock,143,Kingdom of Great karlenia,Mediterranean Highland,76,Integrated Circuit,15
1277,unlock,149,Kingdom of North gardusland,Monsoon Coastal,103,Bone and Antler Tools,11
1278,unlock,168,Kingdom of Great alromtarum,Atlantic Fringe,91,Quantum Computing,17
1285,initial,273,Great hananuiua Kingdom,Oceanic Navigators,100,Cordage and Knots,7
1285,initial,273,Great hananuiua Kingdom,Oceanic Navigators,101,Hide Working and Tailored Clothing,7
1285,initial,273,Great hananuiua Kingdom,Oceanic Navigators,102,Hafted Stone Tools,7
1285,initial,273,Great hananuiua Kingdom,Oceanic Navigators,105,Food Preservation,7
1285,initial,273,Great hananuiua Kingdom,Oceanic Navigators,106,Storage Pits and Containers,7
1285,initial,273,Great hananuiua Kingdom,Oceanic Navigators,107,Seasonal Aggregation Camps,7
1285,initial,273,Great hananuiua Kingdom,Oceanic Navigators,3,Archery,7
1286,unlock,59,Empire of New lennorbel,Mediterranean Urban,60,Combustion,23
1288,unlock,168,Kingdom of Great alromtarum,Atlantic Fringe,16,Construction,18
1290,unlock,153,Kingdom of Linmin,East Riverine,103,Bone and Antler Tools,11
1294,unlock,59,Empire of New lennorbel,Mediterranean Urban,54,Electricity,24
1294,unlock,155,Kingdom of North nalkankan,Indic Riverine,103,Bone and Antler Tools,11
1297,unlock,12,Empire of Nalvinalnagar,Indic Riverine,85,Artificial Intelligence,24
1297,unlock,37,Kingdom of Great ashashsamum,Fertile Crescent,23,Engineering,12
1304,unlock,55,Chizuene Tribe,Central Forest,8,Masonry,13
1305,unlock,206,New renlinhanguo,East Riverine,103,Bone and Antler Tools,11
1308,unlock,183,Kingdom of Old kusqorisuyua,Andean Highland,29,Machinery,22
1309,unlock,12,Empire of Nalvinalnagar,Indic Riverine,91,Quantum Computing,25
1309,unlock,60,Kingdom of South tarbelalburg,Central Plain,23,Engineering,25
1309,unlock,163,Empire of Alromia,Central Plain,13,Iron Working,29
1316,unlock,163,Empire of Alromia,Central Plain,41,Chemistry,30
1317,unlock,151,Empire of South garbelgrad,Eastern Woodland,116,Charcoal Firing,13
1318,unlock,59,Empire of New lennorbel,Mediterranean Urban,64,Electronics,25
1319,unlock,139,Empire of Zhominzhou,East Riverine,23,Engineering,15
1319,unlock,168,Kingdom of Great alromtarum,Atlantic Fringe,69,Computers,19
1321,unlock,230,North quiranbel Kingdom,Western Plains,8,Masonry,10
1328,unlock,168,Kingdom of Great alromtarum,Atlantic Fringe,76,Integrated Circuit,20
1331,unlock,247,North kabartanara Kingdom,West Sahel,38,Mechanical Clock,23
1332,unlock,196,North tupsuyuinti Kingdom,Andean Highland,117,Proto-writing and Administrative Notation,26
1337,unlock,41,Republic of Empire of Terrangarland,Monsoon Coastal,33,Paper,29
1349,unlock,214,South kussumsuyumarca Kingdom,Andean Highland,113,Sedentism,10
1350,unlock,189,Kingdom of Great suyupachtup,Andean Highland,8,Masonry,12
1350,unlock,219,Old kasemaa Kingdom,North Saharan,113,Sedentism,11
1351,unlock,59,Empire of New lennorbel,Mediterranean Urban,29,Machinery,26
1355,initial,274,Great renxiashan Kingdom,East Riverine,100,Cordage and Knots,26
1355,initial,274,Great renxiashan Kingdom,East Riverine,101,Hide Working and Tailored Clothing,26
1355,initial,274,Great renxiashan Kingdom,East Riverine,102,Hafted Stone Tools,26
1355,initial,274,Great renxiashan Kingdom,East Riverine,103,Bone and Antler Tools,26
1355,initial,274,Great renxiashan Kingdom,East Riverine,104,Fishing Technology,26
1355,initial,274,Great renxiashan Kingdom,East Riverine,105,Food Preservation,26
1355,initial,274,Great renxiashan Kingdom,East Riverine,106,Storage Pits and Containers,26
1355,initial,274,Great renxiashan Kingdom,East Riverine,107,Seasonal Aggregation Camps,26
1355,initial,274,Great renxiashan Kingdom,East Riverine,108,Watercraft,26
1355,initial,274,Great renxiashan Kingdom,East Riverine,109,Long-distance Exchange Networks,26
1355,initial,274,Great renxiashan Kingdom,East Riverine,110,Dog Domestication,26
1355,initial,274,Great renxiashan Kingdom,East Riverine,111,Grinding Stones,26
1355,initial,274,Great renxiashan Kingdom,East Riverine,112,Proto-cultivation,26
1355,initial,274,Great renxiashan Kingdom,East Riverine,113,Sedentism,26
1355,initial,274,Great renxiashan Kingdom,East Riverine,114,Enclosures and Herd Management,26
1355,initial,274,Great renxiashan Kingdom,East Riverine,115,Counting Tokens and Tallies,26
1355,initial,274,Great renxiashan Kingdom,East Riverine,116,Charcoal Firing,26
1355,initial,274,Great renxiashan Kingdom,East Riverine,117,Proto-writing and Administrative Notation,26
1355,initial,274,Great renxiashan Kingdom,East Riverine,20,Agriculture,26
1355,initial,274,Great renxiashan Kingdom,East Riverine,3,Archery,26
1355,initial,274,Great renxiashan Kingdom,East Riverine,5,Sailing,26
1355,initial,274,Great renxiashan Kingdom,East Riverine,6,Calendar,26
1355,initial,274,Great renxiashan Kingdom,East Riverine,7,Wheel,26
1355,initial,274,Great renxiashan Kingdom,East Riverine,10,Irrigation,26
1355,initial,274,Great renxiashan Kingdom,East Riverine,12,Shipbuilding,26
1355,initial,274,Great renxiashan Kingdom,East Riverine,17,Roads,26
1356,unlock,166,Kingdom of Great tarkarvenum,Mediterranean Urban,38,Mechanical Clock,18
1362,unlock,59,Empire of New lennorbel,Mediterranean Urban,70,Transistors,27
1368,unlock,11,Kingdom of Great shavarsurdesh,Indic Riverine,79,Internet,29
1370,unlock,11,Kingdom of Great shavarsurdesh,Indic Riverine,85,Artificial Intelligence,30
1371,unlock,60,Kingdom of South tarbelalburg,Central Plain,29,Machinery,26
1379,unlock,169,Empire of North sellen,Central Plain,41,Chemistry,24
1380,unlock,183,Kingdom of Old kusqorisuyua,Andean Highland,23,Engineering,23
1390,unlock,222,New artamurad Tribe,Fertile Crescent,25,Metal Casting,19
1390,initial,275,Ofizuara Kingdom,West Sahel,100,Cordage and Knots,18
1390,initial,275,Ofizuara Kingdom,West Sahel,101,Hide Working and Tailored Clothing,18
1390,initial,275,Ofizuara Kingdom,West Sahel,102,Hafted Stone Tools,18
1390,initial,275,Ofizuara Kingdom,West Sahel,103,Bone and Antler Tools,18
1390,initial,275,Ofizuara Kingdom,West Sahel,104,Fishing Technology,18
1390,initial,275,Ofizuara Kingdom,West Sahel,105,Food Preservation,18
1390,initial,275,Ofizuara Kingdom,West Sahel,106,Storage Pits and Containers,18
1390,initial,275,Ofizuara Kingdom,West Sahel,107,Seasonal Aggregation Camps,18
1390,initial,275,Ofizuara Kingdom,West Sahel,110,Dog Domestication,18
1390,initial,275,Ofizuara Kingdom,West Sahel,111,Grinding Stones,18
1390,initial,275,Ofizuara Kingdom,West Sahel,112,Proto-cultivation,18
1390,initial,275,Ofizuara Kingdom,West Sahel,113,Sedentism,18
1390,initial,275,Ofizuara Kingdom,West Sahel,114,Enclosures and Herd Management,18
1390,initial,275,Ofizuara Kingdom,West Sahel,115,Counting Tokens and Tallies,18
1390,initial,275,Ofizuara Kingdom,West Sahel,116,Charcoal Firing,18
1390,initial,275,Ofizuara Kingdom,West Sahel,3,Archery,18
1390,initial,275,Ofizuara Kingdom,West Sahel,6,Calendar,18
1390,initial,275,Ofizuara Kingdom,West Sahel,29,Machinery,18
1393,unlock,168,Kingdom of Great alromtarum,Atlantic Fringe,70,Transistors,21
1396,unlock,26,Kingdom of Great minlixia,East Riverine,23,Engineering,12
1398,unlock,10,Republic of New varravardesh,Indic Riverine,45,Economics,53
1404,unlock,60,Kingdom of South tarbelalburg,Central Plain,41,Chemistry,27
1406,unlock,59,Empire of New lennorbel,Mediterranean Urban,63,Mass Production,28
1408,unlock,189,Kingdom of Great suyupachtup,Andean Highland,52,Industrialization,13
1410,unlock,59,Empire of New lennorbel,Mediterranean Urban,76,Integrated Circuit,29
1420,unlock,59,Empire of New lennorbel,Mediterranean Urban,69,Computers,31
1420,unlock,59,Empire of New lennorbel,Mediterranean Urban,79,Internet,31
1421,unlock,59,Empire of New lennorbel,Mediterranean Urban,85,Artificial Intelligence,32
1421,unlock,188,Kingdom of North nordordor,Mediterranean Urban,52,Industrialization,20
1422,unlock,168,Kingdom of Great alromtarum,Atlantic Fringe,64,Electronics,22
1424,unlock,59,Empire of New lennorbel,Mediterranean Urban,91,Quantum Computing,33
1425,unlock,157,Empire of North xiaqinliguo,East Riverine,29,Machinery,14
1425,unlock,168,Kingdom of Great alromtarum,Atlantic Fringe,60,Combustion,23
1428,unlock,12,Empire of Nalvinalnagar,Indic Riverine,104,Fishing Technology,26
1431,unlock,62,Kingdom of Old tardorum,Atlantic Fringe,8,Masonry,13
1432,unlock,56,Kingdom of Old rombelnorburg,Mediterranean Highland,76,Integrated Circuit,15
1435,unlock,93,Kingdom of Old linterbelstan,Western Plains,110,Dog Domestication,10
1436,unlock,188,Kingdom of North nordordor,Mediterranean Urban,23,Engineering,21
1442,unlock,41,Republic of Empire of Terrangarland,Monsoon Coastal,21,Drama and Poetry,31
1442,unlock,41,Republic of Empire of Terrangarland,Monsoon Coastal,22,Philosophy,31
1446,unlock,62,Kingdom of Old tardorum,Atlantic Fringe,119,Native Copper Working,14
1446,unlock,138,North ravia Kingdom,Indic Riverine,23,Engineering,12
1449,unlock,47,Kingdom of New zendussolstan,Steppe Nomadic,103,Bone and Antler Tools,10
1451,unlock,151,Empire of South garbelgrad,Eastern Woodland,16,Construction,14
1455,unlock,62,Kingdom of Old tardorum,Atlantic Fringe,79,Internet,15
1457,unlock,30,Kingdom of Old kalsam,Fertile Crescent,60,Combustion,16
1458,unlock,62,Kingdom of Old tardorum,Atlantic Fringe,91,Quantum Computing,16
1461,unlock,62,Kingdom of Old tardorum,Atlantic Fringe,85,Artificial Intelligence,17
1462,unlock,188,Kingdom of North nordordor,Mediterranean Urban,51,Steam Engine,22
1466,unlock,35,Kingdom of North ashararan,Fertile Crescent,52,Industrialization,20
1469,unlock,35,Kingdom of North ashararan,Fertile Crescent,60,Combustion,21
1473,unlock,24,Kingdom of North hanminzhou,East Riverine,51,Steam Engine,17
1474,unlock,139,Empire of Zhominzhou,East Riverine,119,Native Copper Working,16
1475,unlock,12,Empire of Nalvinalnagar,Indic Riverine,38,Mechanical Clock,27
1476,unlock,62,Kingdom of Old tardorum,Atlantic Fringe,60,Combustion,19
1476,unlock,62,Kingdom of Old tardorum,Atlantic Fringe,69,Computers,19
1476,unlock,72,Kingdom of Great calteochian,Mesoamerican,38,Mechanical Clock,27
1477,unlock,175,Old quiterquigrad Kingdom,Eastern Woodland,103,Bone and Antler Tools,11
1478,unlock,32,Kingdom of Urashashum,Fertile Crescent,23,Engineering,15
1479,unlock,126,Kingdom of North dusgarmarstan,Western Plains,110,Dog Domestication,10
1479,unlock,163,Empire of Alromia,Central Plain,70,Transistors,31
1482,unlock,214,Empire of Intitupruma,Andean Highland,112,Proto-cultivation,11
1483,unlock,163,Empire of Alromia,Central Plain,64,Electronics,32
1484,unlock,35,Kingdom of North ashararan,Fertile Crescent,51,Steam Engine,22
1487,unlock,41,Republic of Empire of Terrangarland,Monsoon Coastal,24,Optics,32
1489,unlock,130,South belranvia Tribe,Eastern Woodland,52,Industrialization,12
1490,unlock,62,Kingdom of Old tardorum,Atlantic Fringe,63,Mass Production,20
1491,unlock,62,Kingdom of Old tardorum,Atlantic Fringe,76,Integrated Circuit,21
1503,unlock,24,Kingdom of North hanminzhou,East Riverine,52,Industrialization,18
1503,unlock,36,Kingdom of South kalarbarum,Fertile Crescent,13,Iron Working,17
1507,unlock,156,Kingdom of North romnorum,Mediterranean Highland,25,Metal Casting,33
1510,unlock,62,Kingdom of Old tardorum,Atlantic Fringe,64,Electronics,22
1510,unlock,62,Kingdom of Old tardorum,Atlantic Fringe,70,Transistors,22
1511,unlock,28,Kingdom of South kalkalad,Fertile Crescent,13,Iron Working,17
1512,unlock,63,South lentartar Tribe,Atlantic Fringe,29,Machinery,22
1512,unlock,128,Kingdom of Old renqinmin,East Riverine,23,Engineering,12
1516,unlock,56,Kingdom of Old rombelnorburg,Mediterranean Highland,23,Engineering,16
1520,unlock,11,Kingdom of Great shavarsurdesh,Indic Riverine,91,Quantum Computing,31
1521,unlock,157,Empire of North xiaqinliguo,East Riverine,16,Construction,15
1523,unlock,37,Kingdom of New beleshar,Fertile Crescent,29,Machinery,13
1524,unlock,197,North zulamkau Kingdom,North Saharan,103,Bone and Antler Tools,11
1525,initial,276,Old tupqorimarca Kingdom,Andean Highland,100,Cordage and Knots,9
1525,initial,276,Old tupqorimarca Kingdom,Andean Highland,101,Hide Working and Tailored Clothing,9
1525,initial,276,Old tupqorimarca Kingdom,Andean Highland,102,Hafted Stone Tools,9
1525,initial,276,Old tupqorimarca Kingdom,Andean Highland,105,Food Preservation,9
1525,initial,276,Old tupqorimarca Kingdom,Andean Highland,106,Storage Pits and Containers,9
1525,initial,276,Old tupqorimarca Kingdom,Andean Highland,107,Seasonal Aggregation Camps,9
1525,initial,276,Old tupqorimarca Kingdom,Andean Highland,111,Grinding Stones,9
1525,initial,276,Old tupqorimarca Kingdom,Andean Highland,116,Charcoal Firing,9
1525,initial,276,Old tupqorimarca Kingdom,Andean Highland,3,Archery,9
1527,unlock,72,Kingdom of Great calteochian,Mesoamerican,23,Engineering,28
1534,unlock,161,Kingdom of Old marteria,Western Plains,103,Bone and Antler Tools,10
1535,unlock,222,New artamurad Tribe,Fertile Crescent,23,Engineering,20
1537,unlock,240,Old tantan Kingdom,Central Forest,112,Proto-cultivation,10
1539,unlock,108,Kingdom of New setanzua,West Sahel,23,Engineering,28
1542,unlock,182,Empire of New lenalalia,Central Plain,23,Engineering,18
1543,unlock,10,Republic of New varravardesh,Indic Riverine,79,Internet,54
1543,unlock,59,Empire of New lennorbel,Mediterranean Urban,25,Metal Casting,34
1545,unlock,177,Kingdom of North rumrumna,Andean Highland,103,Bone and Antler Tools,10
1548,unlock,28,Kingdom of South kalkalad,Fertile Crescent,16,Construction,18
1554,unlock,127,Kingdom of New dusgarstan,Western Plains,116,Charcoal Firing,12
1556,unlock,124,Kingdom of Old namarlorland,Steppe Nomadic,103,Bone and Antler Tools,10
1556,unlock,154,Kingdom of North qinlinzholing,East Riverine,29,Machinery,13
1559,unlock,35,Kingdom of North ashararan,Fertile Crescent,29,Machinery,23
1559,unlock,95,Kingdom of Old marlinnagrad,Western Plains,103,Bone and Antler Tools,10
1559,unlock,188,Kingdom of North nordordor,Mediterranean Urban,119,Native Copper Working,23
1561,unlock,41,Republic of Empire of Terrangarland,Monsoon Coastal,36,Printing,33
1562,unlock,58,Kingdom of South tarromalburg,Mediterranean Urban,38,Mechanical Clock,23
1563,unlock,241,Kingdom of Old quizenquiia,Western Plains,116,Charcoal Firing,9
1564,unlock,10,Republic of New varravardesh,Indic Riverine,91,Quantum Computing,55
1567,unlock,41,Republic of Empire of Terrangarland,Monsoon Coastal,27,Democracy,34
1567,unlock,109,Kingdom of Old taiqinshan,East Riverine,29,Machinery,13
1569,unlock,130,South belranvia Tribe,Eastern Woodland,29,Machinery,13
1569,unlock,157,Empire of North xiaqinliguo,East Riverine,23,Engineering,16
1570,unlock,36,Kingdom of South kalarbarum,Fertile Crescent,42,Metallurgy,18
1570,unlock,154,Kingdom of North qinlinzholing,East Riverine,51,Steam Engine,14
1570,unlock,222,New artamurad Tribe,Fertile Crescent,42,Metallurgy,21
1571,unlock,104,North vimitnagar,Indic Riverine,91,Quantum Computing,47
1580,unlock,182,Empire of New lenalalia,Central Plain,51,Steam Engine,19
1583,unlock,183,Kingdom of Old kusqorisuyua,Andean Highland,117,Proto-writing and Administrative Notation,24
1585,unlock,11,Kingdom of Great shavarsurdesh,Indic Riverine,76,Integrated Circuit,32
1585,unlock,56,Kingdom of Old rombelnorburg,Mediterranean Highland,69,Computers,17
1588,unlock,75,Kingdom of New intitupyu,Andean Highland,110,Dog Domestication,10
1588,unlock,85,Kingdom of New kinlinmar,Eastern Woodland,60,Combustion,15
1588,unlock,154,Kingdom of North qinlinzholing,East Riverine,52,Industrialization,15
1600,unlock,19,Kingdom of South zhohanshan,East Riverine,23,Engineering,12
1602,unlock,130,South belranvia Tribe,Eastern Woodland,60,Combustion,14
1604,unlock,103,Kingdom of Old lormarstan,Western Plains,16,Construction,13
1610,unlock,41,Republic of Empire of Terrangarland,Monsoon Coastal,30,Education,35
1611,unlock,211,Kingdom of Great tannalsur,Indic Riverine,4,Mining,11
1612,unlock,63,South lentartar Tribe,Atlantic Fringe,79,Internet,25
1612,unlock,63,South lentartar Tribe,Atlantic Fringe,85,Artificial Intelligence,25
1612,unlock,63,South lentartar Tribe,Atlantic Fringe,91,Quantum Computing,25
1614,unlock,63,South lentartar Tribe,Atlantic Fringe,69,Computers,26
1618,unlock,62,Kingdom of Old tardorum,Atlantic Fringe,52,Industrialization,24
1619,unlock,63,South lentartar Tribe,Atlantic Fringe,76,Integrated Circuit,27
1620,unlock,16,Kingdom of Old taiqinmin,East Riverine,16,Construction,15
1621,unlock,63,South lentartar Tribe,Atlantic Fringe,64,Electronics,28
1624,unlock,63,South lentartar Tribe,Atlantic Fringe,63,Mass Production,29
1627,unlock,63,South lentartar Tribe,Atlantic Fringe,70,Transistors,30
1627,unlock,168,Kingdom of Great alromtarum,Atlantic Fringe,52,Industrialization,24
1634,unlock,59,Empire of New lennorbel,Mediterranean Urban,38,Mechanical Clock,35
1636,unlock,63,South lentartar Tribe,Atlantic Fringe,42,Metallurgy,31
1640,unlock,222,New artamurad Tribe,Fertile Crescent,28,Steel,22
1641,unlock,184,North tantanvar Kingdom,Indic Riverine,103,Bone and Antler Tools,13
1643,unlock,63,South lentartar Tribe,Atlantic Fringe,60,Combustion,32
1644,unlock,188,Kingdom of North nordordor,Mediterranean Urban,16,Construction,24
1655,unlock,28,Kingdom of South kalkalad,Fertile Crescent,52,Industrialization,19
1656,unlock,24,Kingdom of North hanminzhou,East Riverine,29,Machinery,19
1657,unlock,241,Kingdom of Old quizenquiia,Western Plains,110,Dog Domestication,10
1659,unlock,207,Kingdom of New sumtupmarca,Andean Highland,110,Dog Domestication,10
1661,unlock,240,Old tantan Kingdom,Central Forest,103,Bone and Antler Tools,11
1663,unlock,90,Kingdom of North linnastan,Western Plains,103,Bone and Antler Tools,11
1664,unlock,26,Kingdom of New taizholing,East Riverine,29,Machinery,13
1666,unlock,28,Kingdom of South kalkalad,Fertile Crescent,60,Combustion,20
1669,unlock,168,Kingdom of Great alromtarum,Atlantic Fringe,51,Steam Engine,25
1673,unlock,41,Republic of Empire of Terrangarland,Monsoon Coastal,49,Scientific Method,37
1673,unlock,214,Empire of Intitupruma,Andean Highland,110,Dog Domestication,12
1675,initial,277,Old viabellor Kingdom,Steppe Nomadic,100,Cordage and Knots,10
1675,initial,277,Old viabellor Kingdom,Steppe Nomadic,101,Hide Working and Tailored Clothing,10
1675,initial,277,Old viabellor Kingdom,Steppe Nomadic,102,Hafted Stone Tools,10
1675,initial,277,Old viabellor Kingdom,Steppe Nomadic,103,Bone and Antler Tools,10
1675,initial,277,Old viabellor Kingdom,Steppe Nomadic,105,Food Preservation,10
1675,initial,277,Old viabellor Kingdom,Steppe Nomadic,106,Storage Pits and Containers,10
1675,initial,277,Old viabellor Kingdom,Steppe Nomadic,107,Seasonal Aggregation Camps,10
1675,initial,277,Old viabellor Kingdom,Steppe Nomadic,110,Dog Domestication,10
1675,initial,277,Old viabellor Kingdom,Steppe Nomadic,111,Grinding Stones,10
1675,initial,277,Old viabellor Kingdom,Steppe Nomadic,3,Archery,10
1679,unlock,95,Kingdom of Old marlinnagrad,Western Plains,110,Dog Domestication,11
1685,unlock,219,Old kasemaa Kingdom,North Saharan,112,Proto-cultivation,12
1689,unlock,62,Kingdom of Old tardorum,Atlantic Fringe,120,Copper Smelting,25
1689,unlock,111,Great ashninan Tribe,Fertile Crescent,23,Engineering,12
1690,unlock,63,South lentartar Tribe,Atlantic Fringe,54,Electricity,33
1691,unlock,45,Kingdom of Old viaviaia,Steppe Nomadic,8,Masonry,11
1699,unlock,63,South lentartar Tribe,Atlantic Fringe,52,Industrialization,34
1703,unlock,120,Kingdom of Lorvialinland,Western Plains,116,Charcoal Firing,11
1704,unlock,28,Kingdom of South kalkalad,Fertile Crescent,51,Steam Engine,21
1704,unlock,68,Empire of South itztolcalan,Mesoamerican,29,Machinery,26
1704,unlock,121,Kingdom of South terzengrad,Western Plains,23,Engineering,12
1706,unlock,63,South lentartar Tribe,Atlantic Fringe,51,Steam Engine,35
1706,unlock,163,Empire of Alromia,Central Plain,25,Metal Casting,33
1708,unlock,214,Empire of Intitupruma,Andean Highland,6,Calendar,13
1710,unlock,168,Kingdom of Great alromtarum,Atlantic Fringe,23,Engineering,26
1720,initial,278,Great ofilamtanene Kingdom,West Sahel,100,Cordage and Knots,12
1720,initial,278,Great ofilamtanene Kingdom,West Sahel,101,Hide Working and Tailored Clothing,12
1720,initial,278,Great ofilamtanene Kingdom,West Sahel,102,Hafted Stone Tools,12
1720,initial,278,Great ofilamtanene Kingdom,West Sahel,103,Bone and Antler Tools,12
1720,initial,278,Great ofilamtanene Kingdom,West Sahel,105,Food Preservation,12
1720,initial,278,Great ofilamtanene Kingdom,West Sahel,106,Storage Pits and Containers,12
1720,initial,278,Great ofilamtanene Kingdom,West Sahel,107,Seasonal Aggregation Camps,12
1720,initial,278,Great ofilamtanene Kingdom,West Sahel,110,Dog Domestication,12
1720,initial,278,Great ofilamtanene Kingdom,West Sahel,111,Grinding Stones,12
1720,initial,278,Great ofilamtanene Kingdom,West Sahel,116,Charcoal Firing,12
1720,initial,278,Great ofilamtanene Kingdom,West Sahel,3,Archery,12
1720,initial,278,Great ofilamtanene Kingdom,West Sahel,29,Machinery,12
1722,unlock,19,Kingdom of South zhohanshan,East Riverine,29,Machinery,13
1724,unlock,33,Kingdom of North barkalan,Fertile Crescent,52,Industrialization,16
1724,unlock,226,Empire of Great kuspachsuyuyu,Andean Highland,108,Watercraft,13
1725,unlock,33,Kingdom of North barkalan,Fertile Crescent,51,Steam Engine,17
1732,unlock,0,North nalvarnagar,Indic Riverine,91,Quantum Computing,54
1732,unlock,59,Empire of New lennorbel,Mediterranean Urban,41,Chemistry,36
1732,unlock,68,Empire of South itztolcalan,Mesoamerican,38,Mechanical Clock,27
1733,unlock,24,Kingdom of North hanminzhou,East Riverine,60,Combustion,20
1742,unlock,33,Kingdom of North barkalan,Fertile Crescent,60,Combustion,18
1743,unlock,119,Kingdom of South temnahpan,Mesoamerican,110,Dog Domestication,15
1755,unlock,58,Kingdom of South tarromalburg,Mediterranean Urban,70,Transistors,24
1755,unlock,68,Empire of South itztolcalan,Mesoamerican,23,Engineering,28
1757,unlock,58,Kingdom of South tarromalburg,Mediterranean Urban,64,Electronics,25
1758,unlock,226,Empire of Great kuspachsuyuyu,Andean Highland,113,Sedentism,14
1761,unlock,59,Empire of New lennorbel,Mediterranean Urban,28,Steel,37
1762,unlock,123,Kingdom of New belkartar,Atlantic Fringe,54,Electricity,16
1763,unlock,172,Kingdom of North zenterquistan,Western Plains,103,Bone and Antler Tools,10
1767,unlock,123,Kingdom of New belkartar,Atlantic Fringe,79,Internet,19
1767,unlock,123,Kingdom of New belkartar,Atlantic Fringe,85,Artificial Intelligence,19
1767,unlock,123,Kingdom of New belkartar,Atlantic Fringe,91,Quantum Computing,19
1770,unlock,188,Kingdom of North nordordor,Mediterranean Urban,29,Machinery,25
1770,initial,279,South zenmardusia Kingdom,Steppe Nomadic,100,Cordage and Knots,9
1770,initial,279,South zenmardusia Kingdom,Steppe Nomadic,101,Hide Working and Tailored Clothing,9
1770,initial,279,South zenmardusia Kingdom,Steppe Nomadic,102,Hafted Stone Tools,9
1770,initial,279,South zenmardusia Kingdom,Steppe Nomadic,105,Food Preservation,9
1770,initial,279,South zenmardusia Kingdom,Steppe Nomadic,106,Storage Pits and Containers,9
1770,initial,279,South zenmardusia Kingdom,Steppe Nomadic,107,Seasonal Aggregation Camps,9
1770,initial,279,South zenmardusia Kingdom,Steppe Nomadic,110,Dog Domestication,9
1770,initial,279,South zenmardusia Kingdom,Steppe Nomadic,111,Grinding Stones,9
1770,initial,279,South zenmardusia Kingdom,Steppe Nomadic,3,Archery,9
1772,unlock,112,Kingdom of New tupintiintina,Andean Highland,29,Machinery,12
1775,unlock,123,Kingdom of New belkartar,Atlantic Fringe,52,Industrialization,20
1776,unlock,114,Kingdom of North kalbarkal,Fertile Crescent,60,Combustion,16
1776,unlock,254,Old kusllaqyu Kingdom,Andean Highland,20,Agriculture,14
1778,unlock,123,Kingdom of New belkartar,Atlantic Fringe,69,Computers,21
1781,unlock,123,Kingdom of New belkartar,Atlantic Fringe,64,Electronics,23
1781,unlock,123,Kingdom of New belkartar,Atlantic Fringe,76,Integrated Circuit,23
1781,unlock,156,Kingdom of North romnorum,Mediterranean Highland,28,Steel,34
1783,unlock,35,Kingdom of North ashararan,Fertile Crescent,25,Metal Casting,24
1785,unlock,41,Republic of Empire of Terrangarland,Monsoon Coastal,32,Civil Service,38
1787,unlock,55,Chizuene Tribe,Central Forest,16,Construction,14
1787,unlock,81,Kingdom of Ayaayatup,Andean Highland,28,Steel,19
1788,unlock,215,Great liqinshan Kingdom,East Riverine,103,Bone and Antler Tools,11
1790,initial,280,Great beldor Kingdom,Mediterranean Highland,100,Cordage and Knots,10
1790,initial,280,Great beldor Kingdom,Mediterranean Highland,101,Hide Working and Tailored Clothing,10
1790,initial,280,Great beldor Kingdom,Mediterranean Highland,102,Hafted Stone Tools,10
1790,initial,280,Great beldor Kingdom,Mediterranean Highland,105,Food Preservation,10
1790,initial,280,Great beldor Kingdom,Mediterranean Highland,106,Storage Pits and Containers,10
1790,initial,280,Great beldor Kingdom,Mediterranean Highland,107,Seasonal Aggregation Camps,10
1790,initial,280,Great beldor Kingdom,Mediterranean Highland,110,Dog Domestication,10
1790,initial,280,Great beldor Kingdom,Mediterranean Highland,111,Grinding Stones,10
1790,initial,280,Great beldor Kingdom,Mediterranean Highland,116,Charcoal Firing,10
1790,initial,280,Great beldor Kingdom,Mediterranean Highland,3,Archery,10
1791,unlock,230,North quiranbel Kingdom,Western Plains,116,Charcoal Firing,11
1795,unlock,154,Kingdom of North qinlinzholing,East Riverine,60,Combustion,16
1797,unlock,85,Kingdom of New kinlinmar,Eastern Woodland,116,Charcoal Firing,16
1797,unlock,118,Kingdom of Ranmarstan,Eastern Woodland,116,Charcoal Firing,11
1803,unlock,123,Kingdom of New belkartar,Atlantic Fringe,70,Transistors,24
1810,initial,281,Hanhanzhou Kingdom,East Riverine,100,Cordage and Knots,25
1810,initial,281,Hanhanzhou Kingdom,East Riverine,101,Hide Working and Tailored Clothing,25
1810,initial,281,Hanhanzhou Kingdom,East Riverine,102,Hafted Stone Tools,25
1810,initial,281,Hanhanzhou Kingdom,East Riverine,103,Bone and Antler Tools,25
1810,initial,281,Hanhanzhou Kingdom,East Riverine,104,Fishing Technology,25
1810,initial,281,Hanhanzhou Kingdom,East Riverine,105,Food Preservation,25
1810,initial,281,Hanhanzhou Kingdom,East Riverine,106,Storage Pits and Containers,25
1810,initial,281,Hanhanzhou Kingdom,East Riverine,107,Seasonal Aggregation Camps,25
1810,initial,281,Hanhanzhou Kingdom,East Riverine,108,Watercraft,25
1810,initial,281,Hanhanzhou Kingdom,East Riverine,109,Long-distance Exchange Networks,25
1810,initial,281,Hanhanzhou Kingdom,East Riverine,110,Dog Domestication,25
1810,initial,281,Hanhanzhou Kingdom,East Riverine,111,Grinding Stones,25
1810,initial,281,Hanhanzhou Kingdom,East Riverine,112,Proto-cultivation,25
1810,initial,281,Hanhanzhou Kingdom,East Riverine,113,Sedentism,25
1810,initial,281,Hanhanzhou Kingdom,East Riverine,114,Enclosures and Herd Management,25
1810,initial,281,Hanhanzhou Kingdom,East Riverine,115,Counting Tokens and Tallies,25
1810,initial,281,Hanhanzhou Kingdom,East Riverine,116,Charcoal Firing,25
1810,initial,281,Hanhanzhou Kingdom,East Riverine,20,Agriculture,25
1810,initial,281,Hanhanzhou Kingdom,East Riverine,3,Archery,25
1810,initial,281,Hanhanzhou Kingdom,East Riverine,5,Sailing,25
1810,initial,281,Hanhanzhou Kingdom,East Riverine,6,Calendar,25
1810,initial,281,Hanhanzhou Kingdom,East Riverine,7,Wheel,25
1810,initial,281,Hanhanzhou Kingdom,East Riverine,10,Irrigation,25
1810,initial,281,Hanhanzhou Kingdom,East Riverine,12,Shipbuilding,25
1810,initial,281,Hanhanzhou Kingdom,East Riverine,17,Roads,25
1811,unlock,33,Kingdom of North barkalan,Fertile Crescent,29,Machinery,19
1820,unlock,63,South lentartar Tribe,Atlantic Fringe,38,Mechanical Clock,37
1821,unlock,41,Republic of Empire of Terrangarland,Monsoon Coastal,39,Universities,39
1831,unlock,16,Kingdom of Old taiqinmin,East Riverine,52,Industrialization,16
1834,unlock,77,Kingdom of Qorillaqqori,Andean Highland,42,Metallurgy,11
1834,unlock,143,Kingdom of Great karlenia,Mediterranean Highland,69,Computers,16
1834,unlock,254,Old kusllaqyu Kingdom,Andean Highland,114,Enclosures and Herd Management,15
1836,unlock,144,Empire of New tanchiene,North Saharan,29,Machinery,12
1836,unlock,184,North tantanvar Kingdom,Indic Riverine,16,Construction,14
1838,unlock,222,New artamurad Tribe,Fertile Crescent,29,Machinery,23
1839,unlock,214,Empire of Intitupruma,Andean Highland,20,Agriculture,14
1840,unlock,123,Kingdom of New belkartar,Atlantic Fringe,60,Combustion,25
1841,unlock,123,Kingdom of New belkartar,Atlantic Fringe,63,Mass Production,26
1843,unlock,190,Kingdom of South tupintina,Andean Highland,20,Agriculture,14
1844,unlock,31,Kingdom of New ursamsamad,Fertile Crescent,23,Engineering,12
1847,unlock,62,Kingdom of Old tardorum,Atlantic Fringe,51,Steam Engine,26
1847,unlock,182,Empire of New lenalalia,Central Plain,29,Machinery,20
1847,unlock,214,Empire of Intitupruma,Andean Highland,115,Counting Tokens and Tallies,15
1847,unlock,244,Tervialand Kingdom,Western Plains,103,Bone and Antler Tools,9
1849,unlock,28,Kingdom of South kalkalad,Fertile Crescent,23,Engineering,22
1852,unlock,16,Kingdom of Old taiqinmin,East Riverine,51,Steam Engine,17
1853,unlock,153,Kingdom of Linmin,East Riverine,23,Engineering,12
1855,unlock,60,Kingdom of South tarbelalburg,Central Plain,70,Transistors,28
1857,unlock,240,Old tantan Kingdom,Central Forest,104,Fishing Technology,12
1858,unlock,2,Kingdom of Old mitvarnal,Indic Riverine,23,Engineering,12
1860,unlock,60,Kingdom of South tarbelalburg,Central Plain,64,Electronics,29
1863,unlock,214,Empire of Intitupruma,Andean Highland,114,Enclosures and Herd Management,16
1865,unlock,104,North vimitnagar,Indic Riverine,79,Internet,48
1865,unlock,214,Empire of Intitupruma,Andean Highland,104,Fishing Technology,17
1866,unlock,16,Kingdom of Old taiqinmin,East Riverine,23,Engineering,18
1868,unlock,230,North quiranbel Kingdom,Western Plains,110,Dog Domestication,12
1873,unlock,27,Kingdom of Great xiaqinlinshan,East Riverine,23,Engineering,12
1875,unlock,41,Republic of Empire of Terrangarland,Monsoon Coastal,40,Astronomy,37
1876,unlock,183,Kingdom of Old kusqorisuyua,Andean Highland,38,Mechanical Clock,25
1884,unlock,146,New ninsaman Tribe,Fertile Crescent,60,Combustion,12
1885,unlock,29,Kingdom of South urashsamum,Fertile Crescent,23,Engineering,12
1889,unlock,185,Empire of Great tanka,Nile Floodplain,49,Scientific Method,18
1893,unlock,28,Kingdom of South kalkalad,Fertile Crescent,29,Machinery,23
1894,unlock,29,Kingdom of South urashsamum,Fertile Crescent,51,Steam Engine,13
1895,unlock,137,Kingdom of Old gargarstan,Western Plains,116,Charcoal Firing,9
1897,unlock,185,Empire of Great tanka,Nile Floodplain,108,Watercraft,19
1898,unlock,90,Kingdom of North linnastan,Western Plains,110,Dog Domestication,12
1898,unlock,157,Empire of New xiazholing,East Riverine,119,Native Copper Working,17
1898,unlock,254,Old kusllaqyu Kingdom,Andean Highland,10,Irrigation,16
1900,unlock,10,Republic of New varravardesh,Indic Riverine,85,Artificial Intelligence,56
1900,unlock,168,Kingdom of Great alromtarum,Atlantic Fringe,29,Machinery,27
1901,unlock,17,South qinqinhan,East Riverine,52,Industrialization,15
1901,unlock,146,New ninsaman Tribe,Fertile Crescent,23,Engineering,13
1902,unlock,32,Kingdom of North tamkal,Fertile Crescent,60,Combustion,16
1902,unlock,105,Kingdom of Old llaqqoriyu,Andean Highland,25,Metal Casting,18
1902,unlock,187,Empire of North lintaizho Kingdom,East Riverine,29,Machinery,26
1907,unlock,17,South qinqinhan,East Riverine,23,Engineering,16
1907,unlock,32,Kingdom of North tamkal,Fertile Crescent,52,Industrialization,17
1907,unlock,146,New ninsaman Tribe,Fertile Crescent,52,Industrialization,14
1907,unlock,177,Kingdom of North rumrumna,Andean Highland,110,Dog Domestication,11
1911,unlock,13,Kingdom of New sursurpur,Indic Riverine,91,Quantum Computing,31
1911,unlock,32,Kingdom of North tamkal,Fertile Crescent,51,Steam Engine,18
1911,unlock,171,Empire of Weilililing,East Riverine,4,Mining,11
1912,unlock,16,Kingdom of Old taiqinmin,East Riverine,60,Combustion,19
1913,unlock,13,Kingdom of New sursurpur,Indic Riverine,85,Artificial Intelligence,32
1913,unlock,190,Kingdom of South tupintina,Andean Highland,115,Counting Tokens and Tallies,15
1914,unlock,226,Empire of Great kuspachsuyuyu,Andean Highland,103,Bone and Antler Tools,15
1915,unlock,114,Kingdom of North kalbarkal,Fertile Crescent,52,Industrialization,17
1915,unlock,146,New ninsaman Tribe,Fertile Crescent,51,Steam Engine,15
1916,unlock,94,New romsolland,Western Plains,103,Bone and Antler Tools,11
1917,unlock,9,Kingdom of North dranalvara,Indic Riverine,91,Quantum Computing,27
1919,unlock,17,South qinqinhan,East Riverine,60,Combustion,17
1920,unlock,163,Empire of Alromia,Central Plain,28,Steel,34
1920,unlock,254,Old kusllaqyu Kingdom,Andean Highland,7,Wheel,17
1921,unlock,254,Old kusllaqyu Kingdom,Andean Highland,115,Counting Tokens and Tallies,18
1922,unlock,10,Republic of New varravardesh,Indic Riverine,76,Integrated Circuit,57
1924,unlock,239,Kingdom of Kinlinsolland,Western Plains,110,Dog Domestication,9
1925,unlock,62,Kingdom of Old tardorum,Atlantic Fringe,54,Electricity,27
1927,unlock,105,Kingdom of Old llaqqoriyu,Andean Highland,8,Masonry,19
1927,unlock,214,Empire of Intitupruma,Andean Highland,7,Wheel,18
1930,unlock,29,Kingdom of South urashsamum,Fertile Crescent,29,Machinery,14
1930,unlock,214,Empire of Intitupruma,Andean Highland,10,Irrigation,19
1932,unlock,79,Kingdom of New ayarum,Andean Highland,7,Wheel,17
1937,unlock,123,Kingdom of New belkartar,Atlantic Fringe,104,Fishing Technology,27
1937,unlock,182,Empire of New lenalalia,Central Plain,41,Chemistry,21
1939,unlock,13,Kingdom of New sursurpur,Indic Riverine,76,Integrated Circuit,33
1939,unlock,104,North vimitnagar,Indic Riverine,85,Artificial Intelligence,49
1940,unlock,17,South qinqinhan,East Riverine,51,Steam Engine,18
1946,unlock,190,Kingdom of South tupintina,Andean Highland,110,Dog Domestication,16
1947,unlock,123,Kingdom of New belkartar,Atlantic Fringe,51,Steam Engine,28
1958,unlock,103,Kingdom of Old lormarstan,Western Plains,119,Native Copper Working,14
1964,unlock,35,Kingdom of North ashararan,Fertile Crescent,28,Steel,25
1967,unlock,79,Kingdom of New ayarum,Andean Highland,110,Dog Domestication,18
1970,unlock,190,Kingdom of South tupintina,Andean Highland,29,Machinery,17
1971,unlock,151,Empire of South garbelgrad,Eastern Woodland,60,Combustion,15
1973,unlock,172,Kingdom of North zenterquistan,Western Plains,116,Charcoal Firing,11
1976,unlock,28,Kingdom of South kalkalad,Fertile Crescent,25,Metal Casting,24
1977,unlock,214,Empire of Intitupruma,Andean Highland,108,Watercraft,20
1979,unlock,146,New ninsaman Tribe,Fertile Crescent,29,Machinery,16
1980,unlock,198,Zungo Tribe,Nile Floodplain,38,Mechanical Clock,24
1984,unlock,179,Selkarkarland Tribe,Mediterranean Urban,91,Quantum Computing,12
1984,unlock,185,Empire of Great tanka,Nile Floodplain,5,Sailing,23
1984,unlock,226,Empire of Great kuspachsuyuyu,Andean Highland,5,Sailing,16
1985,unlock,130,Kingdom of Great marviastan,Eastern Woodland,54,Electricity,15
1987,unlock,162,Empire of South lorkindus,Eastern Woodland,60,Combustion,11
1987,unlock,190,Kingdom of South tupintina,Andean Highland,23,Engineering,18
1989,unlock,69,Kingdom of Chitoltan,Mesoamerican,29,Machinery,22
1990,unlock,79,Kingdom of New ayarum,Andean Highland,10,Irrigation,19
1990,initial,282,Great quinaland Kingdom,Steppe Nomadic,100,Cordage and Knots,9
1990,initial,282,Great quinaland Kingdom,Steppe Nomadic,101,Hide Working and Tailored Clothing,9
1990,initial,282,Great quinaland Kingdom,Steppe Nomadic,102,Hafted Stone Tools,9
1990,initial,282,Great quinaland Kingdom,Steppe Nomadic,105,Food Preservation,9
1990,initial,282,Great quinaland Kingdom,Steppe Nomadic,106,Storage Pits and Containers,9
1990,initial,282,Great quinaland Kingdom,Steppe Nomadic,107,Seasonal Aggregation Camps,9
1990,initial,282,Great quinaland Kingdom,Steppe Nomadic,110,Dog Domestication,9
1990,initial,282,Great quinaland Kingdom,Steppe Nomadic,111,Grinding Stones,9
1990,initial,282,Great quinaland Kingdom,Steppe Nomadic,3,Archery,9
1992,unlock,190,Kingdom of South tupintina,Andean Highland,10,Irrigation,19
1994,unlock,32,Kingdom of North tamkal,Fertile Crescent,29,Machinery,19
1995,unlock,79,Kingdom of New ayarum,Andean Highland,29,Machinery,20
1998,unlock,36,Kingdom of South kalarbarum,Fertile Crescent,25,Metal Casting,19
2000,unlock,151,Empire of South garbelgrad,Eastern Woodland,52,Industrialization,16
2000,unlock,179,Selkarkarland Tribe,Mediterranean Urban,85,Artificial Intelligence,13
2001,unlock,200,Great sumllaqrumyu Kingdom,Andean Highland,113,Sedentism,10
2003,unlock,162,Empire of South lorkindus,Eastern Woodland,52,Industrialization,12
2008,unlock,139,Empire of Zhominzhou,East Riverine,60,Combustion,17
2009,unlock,252,New barzuene Kingdom,West Sahel,7,Wheel,18
2011,unlock,79,Kingdom of New ayarum,Andean Highland,17,Roads,21
2012,unlock,13,Kingdom of New sursurpur,Indic Riverine,79,Internet,34
2012,unlock,187,Empire of North lintaizho Kingdom,East Riverine,23,Engineering,27
2013,unlock,169,Empire of North sellen,Central Plain,51,Steam Engine,25
2013,unlock,219,Old kasemaa Kingdom,North Saharan,115,Counting Tokens and Tallies,13
2014,unlock,179,Selkarkarland Tribe,Mediterranean Urban,79,Internet,14
2015,unlock,8,Kingdom of Old drasurpur,Indic Riverine,91,Quantum Computing,33
2015,unlock,189,Kingdom of Great suyupachtup,Andean Highland,60,Combustion,14
2018,unlock,214,Empire of Intitupruma,Andean Highland,17,Roads,21
2021,unlock,172,Kingdom of North zenterquistan,Western Plains,23,Engineering,12
2021,unlock,181,Kingdom of Old masekaene,North Saharan,103,Bone and Antler Tools,11
2024,unlock,169,Empire of North sellen,Central Plain,54,Electricity,26
2025,unlock,29,Kingdom of South urashsamum,Fertile Crescent,60,Combustion,15
