{
  "violations": [
    {
      "id": "STORAGE_SMOOTHING_CHEAT",
      "severity": 99.25463045333332,
      "hardfail": false,
      "details": {
        "adequacy_var": 1.8634238666666933e-05,
        "loss_share": 0.02637106153840411
      }
    }
  ]
}