{
  "seed": 909,
  "configPath": "data/sim_config.toml",
  "configHash": "b7bc0966dee0f984",
  "startYear": -5000,
  "endYear": -4200,
  "worldStartYear": -5000,
  "useGPU": true,
  "invariants": {
    "ok": true,
    "message": ""
  },
  "checkpoints": [
    {
      "year": -5000,
      "worldPopulation": 5748902.000000,
      "urbanShare": 0.025101,
      "medianCountryPop": 37446.000000,
      "medianCountryArea": 102.000000,
      "warFrequencyPerCentury": 0.000000,
      "tradeIntensity": 0.000761,
      "tradeActivePairShare": 0.000303,
      "techCapabilityLevels": {
        "tier1Share": 0.000000,
        "tier2Share": 0.000000,
        "tier3Share": 0.000000
      },
      "collapseCount": 4,
      "foodSecurity": {
        "mean": 0.999798,
        "p10": 1.000000
      },
      "diseaseBurden": {
        "mean": 0.000154,
        "p90": 0.000153
      }
    },
    {
      "year": -4950,
      "worldPopulation": 7571401.000000,
      "urbanShare": 0.027848,
      "medianCountryPop": 48717.000000,
      "medianCountryArea": 114.000000,
      "warFrequencyPerCentury": 0.000000,
      "tradeIntensity": 0.007719,
      "tradeActivePairShare": 0.001068,
      "techCapabilityLevels": {
        "tier1Share": 0.000000,
        "tier2Share": 0.000000,
        "tier3Share": 0.000000
      },
      "collapseCount": 65,
      "foodSecurity": {
        "mean": 0.952802,
        "p10": 0.824935
      },
      "diseaseBurden": {
        "mean": 0.000096,
        "p90": 0.000165
      }
    },
    {
      "year": -4900,
      "worldPopulation": 8624744.000000,
      "urbanShare": 0.028303,
      "medianCountryPop": 49512.500000,
      "medianCountryArea": 125.500000,
      "warFrequencyPerCentury": 0.000000,
      "tradeIntensity": 0.000000,
      "tradeActivePairShare": 0.000000,
      "techCapabilityLevels": {
        "tier1Share": 0.000000,
        "tier2Share": 0.000000,
        "tier3Share": 0.000000
      },
      "collapseCount": 70,
      "foodSecurity": {
        "mean": 0.972733,
        "p10": 0.852079
      },
      "diseaseBurden": {
        "mean": 0.000106,
        "p90": 0.000176
      }
    },
    {
      "year": -4850,
      "worldPopulation": 9753218.000000,
      "urbanShare": 0.028646,
      "medianCountryPop": 56486.000000,
      "medianCountryArea": 138.500000,
      "warFrequencyPerCentury": 0.662252,
      "tradeIntensity": 0.004851,
      "tradeActivePairShare": 0.000952,
      "techCapabilityLevels": {
        "tier1Share": 0.000000,
        "tier2Share": 0.000000,
        "tier3Share": 0.000000
      },
      "collapseCount": 93,
      "foodSecurity": {
        "mean": 0.973335,
        "p10": 0.866258
      },
      "diseaseBurden": {
        "mean": 0.000122,
        "p90": 0.000197
      }
    },
    {
      "year": -4800,
      "worldPopulation": 10872205.000000,
      "urbanShare": 0.029064,
      "medianCountryPop": 59927.000000,
      "medianCountryArea": 138.000000,
      "warFrequencyPerCentury": 0.497512,
      "tradeIntensity": 0.005593,
      "tradeActivePairShare": 0.001850,
      "techCapabilityLevels": {
        "tier1Share": 0.000000,
        "tier2Share": 0.000000,
        "tier3Share": 0.000000
      },
      "collapseCount": 111,
      "foodSecurity": {
        "mean": 0.975848,
        "p10": 0.897939
      },
      "diseaseBurden": {
        "mean": 0.000130,
        "p90": 0.000185
      }
    },
    {
      "year": -4750,
      "worldPopulation": 11978799.000000,
      "urbanShare": 0.029801,
      "medianCountryPop": 57234.000000,
      "medianCountryArea": 142.000000,
      "warFrequencyPerCentury": 0.398406,
      "tradeIntensity": 0.005332,
      "tradeActivePairShare": 0.001738,
      "techCapabilityLevels": {
        "tier1Share": 0.000000,
        "tier2Share": 0.000000,
        "tier3Share": 0.000000
      },
      "collapseCount": 118,
      "foodSecurity": {
        "mean": 0.971753,
        "p10": 0.913048
      },
      "diseaseBurden": {
        "mean": 0.000115,
        "p90": 0.000186
      }
    },
    {
      "year": -4700,
      "worldPopulation": 13178708.000000,
      "urbanShare": 0.031062,
      "medianCountryPop": 50122.500000,
      "medianCountryArea": 144.000000,
      "warFrequencyPerCentury": 0.664452,
      "tradeIntensity": 0.003640,
      "tradeActivePairShare": 0.002484,
      "techCapabilityLevels": {
        "tier1Share": 0.000000,
        "tier2Share": 0.000000,
        "tier3Share": 0.000000
      },
      "collapseCount": 123,
      "foodSecurity": {
        "mean": 0.977328,
        "p10": 0.917312
      },
      "diseaseBurden": {
        "mean": 0.000115,
        "p90": 0.000193
      }
    },
    {
      "year": -4650,
      "worldPopulation": 14595001.000000,
      "urbanShare": 0.031618,
      "medianCountryPop": 48335.000000,
      "medianCountryArea": 145.000000,
      "warFrequencyPerCentury": 0.854701,
      "tradeIntensity": 0.006020,
      "tradeActivePairShare": 0.002174,
      "techCapabilityLevels": {
        "tier1Share": 0.000000,
        "tier2Share": 0.000000,
        "tier3Share": 0.000000
      },
      "collapseCount": 123,
      "foodSecurity": {
        "mean": 0.975858,
        "p10": 0.898958
      },
      "diseaseBurden": {
        "mean": 0.000126,
        "p90": 0.000211
      }
    },
    {
      "year": -4600,
      "worldPopulation": 16070261.000000,
      "urbanShare": 0.032681,
      "medianCountryPop": 53773.000000,
      "medianCountryArea": 145.000000,
      "warFrequencyPerCentury": 0.748130,
      "tradeIntensity": 0.006162,
      "tradeActivePairShare": 0.001724,
      "techCapabilityLevels": {
        "tier1Share": 0.000000,
        "tier2Share": 0.000000,
        "tier3Share": 0.000000
      },
      "collapseCount": 134,
      "foodSecurity": {
        "mean": 0.978218,
        "p10": 0.928345
      },
      "diseaseBurden": {
        "mean": 0.000131,
        "p90": 0.000211
      }
    },
    {
      "year": -4550,
      "worldPopulation": 17898388.000000,
      "urbanShare": 0.034051,
      "medianCountryPop": 54556.500000,
      "medianCountryArea": 146.000000,
      "warFrequencyPerCentury": 0.665188,
      "tradeIntensity": 0.005029,
      "tradeActivePairShare": 0.002024,
      "techCapabilityLevels": {
        "tier1Share": 0.000000,
        "tier2Share": 0.000000,
        "tier3Share": 0.000000
      },
      "collapseCount": 134,
      "foodSecurity": {
        "mean": 0.979921,
        "p10": 0.927214
      },
      "diseaseBurden": {
        "mean": 0.000121,
        "p90": 0.000203
      }
    },
    {
      "year": -4500,
      "worldPopulation": 19882636.000000,
      "urbanShare": 0.034964,
      "medianCountryPop": 55748.000000,
      "medianCountryArea": 146.000000,
      "warFrequencyPerCentury": 0.598802,
      "tradeIntensity": 0.004115,
      "tradeActivePairShare": 0.002099,
      "techCapabilityLevels": {
        "tier1Share": 0.000000,
        "tier2Share": 0.000000,
        "tier3Share": 0.000000
      },
      "collapseCount": 134,
      "foodSecurity": {
        "mean": 0.977482,
        "p10": 0.926716
      },
      "diseaseBurden": {
        "mean": 0.000125,
        "p90": 0.000214
      }
    },
    {
      "year": -4450,
      "worldPopulation": 21986258.000000,
      "urbanShare": 0.036178,
      "medianCountryPop": 53482.500000,
      "medianCountryArea": 146.500000,
      "warFrequencyPerCentury": 0.544465,
      "tradeIntensity": 0.003952,
      "tradeActivePairShare": 0.002249,
      "techCapabilityLevels": {
        "tier1Share": 0.000000,
        "tier2Share": 0.000000,
        "tier3Share": 0.000000
      },
      "collapseCount": 134,
      "foodSecurity": {
        "mean": 0.976043,
        "p10": 0.926439
      },
      "diseaseBurden": {
        "mean": 0.000117,
        "p90": 0.000186
      }
    },
    {
      "year": -4400,
      "worldPopulation": 24192136.000000,
      "urbanShare": 0.037261,
      "medianCountryPop": 56978.000000,
      "medianCountryArea": 152.500000,