year,event_type,country_index,country_name,country_culture,tech_id,tech_name,total_unlocked_techs
-5000,initial,0,Great radranagar Tribe,Indic Riverine,100,Cordage and Knots,19
-5000,initial,0,Great radranagar Tribe,Indic Riverine,101,Hide Working and Tailored Clothing,19
-5000,initial,0,Great radranagar Tribe,Indic Riverine,102,Hafted Stone Tools,19
-5000,initial,0,Great radranagar Tribe,Indic Riverine,105,Food Preservation,19
-5000,initial,0,Great radranagar Tribe,Indic Riverine,106,Storage Pits and Containers,19
-5000,initial,0,Great radranagar Tribe,Indic Riverine,107,Seasonal Aggregation Camps,19
-5000,initial,0,Great radranagar Tribe,Indic Riverine,110,Dog Domestication,19
-5000,initial,0,Great radranagar Tribe,Indic Riverine,111,Grinding Stones,19
-5000,initial,0,Great radranagar Tribe,Indic Riverine,112,Proto-cultivation,19
-5000,initial,0,Great radranagar Tribe,Indic Riverine,113,Sedentism,19
-5000,initial,0,Great radranagar Tribe,Indic Riverine,114,Enclosures and Herd Management,19
-5000,initial,0,Great radranagar Tribe,Indic Riverine,115,Counting Tokens and Tallies,19
-5000,initial,0,Great radranagar Tribe,Indic Riverine,116,Charcoal Firing,19
-5000,initial,0,Great radranagar Tribe,Indic Riverine,1,Pottery,19
-5000,initial,0,Great radranagar Tribe,Indic Riverine,2,Animal Husbandry,19
-5000,initial,0,Great radranagar Tribe,Indic Riverine,4,Mining,19
-5000,initial,0,Great radranagar Tribe,Indic Riverine,20,Agriculture,19
-5000,initial,0,Great radranagar Tribe,Indic Riverine,3,Archery,19
-5000,initial,0,Great radranagar Tribe,Indic Riverine,6,Calendar,19
-5000,initial,1,Old sursurdra Tribe,Indic Riverine,100,Cordage and Knots,19
-5000,initial,1,Old sursurdra Tribe,Indic Riverine,101,Hide Working and Tailored Clothing,19
-5000,initial,1,Old sursurdra Tribe,Indic Riverine,102,Hafted Stone Tools,19
-5000,initial,1,Old sursurdra Tribe,Indic Riverine,105,Food Preservation,19
-5000,initial,1,Old sursurdra Tribe,Indic Riverine,106,Storage Pits and Containers,19
-5000,initial,1,Old sursurdra Tribe,Indic Riverine,107,Seasonal Aggregation Camps,19
-5000,initial,1,Old sursurdra Tribe,Indic Riverine,110,Dog Domestication,19
-5000,initial,1,Old sursurdra Tribe,Indic Riverine,111,Grinding Stones,19
-5000,initial,1,Old sursurdra Tribe,Indic Riverine,112,Proto-cultivation,19
-5000,initial,1,Old sursurdra Tribe,Indic Riverine,113,Sedentism,19
-5000,initial,1,Old sursurdra Tribe,Indic Riverine,114,Enclosures and Herd Management,19
-5000,initial,1,Old sursurdra Tribe,Indic Riverine,115,Counting Tokens and Tallies,19
-5000,initial,1,Old sursurdra Tribe,Indic Riverine,116,Charcoal Firing,19
-5000,initial,1,Old sursurdra Tribe,Indic Riverine,1,Pottery,19
-5000,initial,1,Old sursurdra Tribe,Indic Riverine,2,Animal Husbandry,19
-5000,initial,1,Old sursurdra Tribe,Indic Riverine,4,Mining,19
-5000,initial,1,Old sursurdra Tribe,Indic Riverine,20,Agriculture,19
-5000,initial,1,Old sursurdra Tribe,Indic Riverine,3,Archery,19
-5000,initial,1,Old sursurdra Tribe,Indic Riverine,6,Calendar,19
-5000,initial,2,Great vidradesh Tribe,Indic Riverine,100,Cordage and Knots,19
-5000,initial,2,Great vidradesh Tribe,Indic Riverine,101,Hide Working and Tailored Clothing,19
-5000,initial,2,Great vidradesh Tribe,Indic Riverine,102,Hafted Stone Tools,19
-5000,initial,2,Great vidradesh Tribe,Indic Riverine,105,Food Preservation,19
-5000,initial,2,Great vidradesh Tribe,Indic Riverine,106,Storage Pits and Containers,19
-5000,initial,2,Great vidradesh Tribe,Indic Riverine,107,Seasonal Aggregation Camps,19
-5000,initial,2,Great vidradesh Tribe,Indic Riverine,110,Dog Domestication,19
-5000,initial,2,Great vidradesh Tribe,Indic Riverine,111,Grinding Stones,19
-5000,initial,2,Great vidradesh Tribe,Indic Riverine,112,Proto-cultivation,19
-5000,initial,2,Great vidradesh Tribe,Indic Riverine,113,Sedentism,19
-5000,initial,2,Great vidradesh Tribe,Indic Riverine,114,Enclosures and Herd Management,19
-5000,initial,2,Great vidradesh Tribe,Indic Riverine,115,Counting Tokens and Tallies,19
-5000,initial,2,Great vidradesh Tribe,Indic Riverine,116,Charcoal Firing,19
-5000,initial,2,Great vidradesh Tribe,Indic Riverine,1,Pottery,19
-5000,initial,2,Great vidradesh Tribe,Indic Riverine,2,Animal Husbandry,19
-5000,initial,2,Great vidradesh Tribe,Indic Riverine,4,Mining,19
-5000,initial,2,Great vidradesh Tribe,Indic Riverine,20,Agriculture,19
-5000,initial,2,Great vidradesh Tribe,Indic Riverine,3,Archery,19
-5000,initial,2,Great vidradesh Tribe,Indic Riverine,6,Calendar,19
-5000,initial,3,North vidraa Tribe,Indic Riverine,100,Cordage and Knots,19
-5000,initial,3,North vidraa Tribe,Indic Riverine,101,Hide Working and Tailored Clothing,19
-5000,initial,3,North vidraa Tribe,Indic Riverine,102,Hafted Stone Tools,19
-5000,initial,3,North vidraa Tribe,Indic Riverine,105,Food Preservation,19
-5000,initial,3,North vidraa Tribe,Indic Riverine,106,Storage Pits and Containers,19
-5000,initial,3,North vidraa Tribe,Indic Riverine,107,Seasonal Aggregation Camps,19
-5000,initial,3,North vidraa Tribe,Indic Riverine,110,Dog Domestication,19
-5000,initial,3,North vidraa Tribe,Indic Riverine,111,Grinding Stones,19
-5000,initial,3,North vidraa Tribe,Indic Riverine,112,Proto-cultivation,19
-5000,initial,3,North vidraa Tribe,Indic Riverine,113,Sedentism,19
-5000,initial,3,North vidraa Tribe,Indic Riverine,114,Enclosures and Herd Management,19
-5000,initial,3,North vidraa Tribe,Indic Riverine,115,Counting Tokens and Tallies,19
-5000,initial,3,North vidraa Tribe,Indic Riverine,116,Charcoal Firing,19
-5000,initial,3,North vidraa Tribe,Indic Riverine,1,Pottery,19
-5000,initial,3,North vidraa Tribe,Indic Riverine,2,Animal Husbandry,19
-5000,initial,3,North vidraa Tribe,Indic Riverine,4,Mining,19
-5000,initial,3,North vidraa Tribe,Indic Riverine,20,Agriculture,19
-5000,initial,3,North vidraa Tribe,Indic Riverine,3,Archery,19
-5000,initial,3,North vidraa Tribe,Indic Riverine,6,Calendar,19
-5000,initial,4,Great tankanmitpur Tribe,Indic Riverine,100,Cordage and Knots,19
-5000,initial,4,Great tankanmitpur Tribe,Indic Riverine,101,Hide Working and Tailored Clothing,19
-5000,initial,4,Great tankanmitpur Tribe,Indic Riverine,102,Hafted Stone Tools,19
-5000,initial,4,Great tankanmitpur Tribe,Indic Riverine,105,Food Preservation,19
-5000,initial,4,Great tankanmitpur Tribe,Indic Riverine,106,Storage Pits and Containers,19
-5000,initial,4,Great tankanmitpur Tribe,Indic Riverine,107,Seasonal Aggregation Camps,19
-5000,initial,4,Great tankanmitpur Tribe,Indic Riverine,110,Dog Domestication,19
-5000,initial,4,Great tankanmitpur Tribe,Indic Riverine,111,Grinding Stones,19
-5000,initial,4,Great tankanmitpur Tribe,Indic Riverine,112,Proto-cultivation,19
-5000,initial,4,Great tankanmitpur Tribe,Indic Riverine,113,Sedentism,19
-5000,initial,4,Great tankanmitpur Tribe,Indic Riverine,114,Enclosures and Herd Management,19
-5000,initial,4,Great tankanmitpur Tribe,Indic Riverine,115,Counting Tokens and Tallies,19
-5000,initial,4,Great tankanmitpur Tribe,Indic Riverine,116,Charcoal Firing,19
-5000,initial,4,Great tankanmitpur Tribe,Indic Riverine,1,Pottery,19
-5000,initial,4,Great tankanmitpur Tribe,Indic Riverine,2,Animal Husbandry,19
-5000,initial,4,Great tankanmitpur Tribe,Indic Riverine,4,Mining,19
-5000,initial,4,Great tankanmitpur Tribe,Indic Riverine,20,Agriculture,19
-5000,initial,4,Great tankanmitpur Tribe,Indic Riverine,3,Archery,19
-5000,initial,4,Great tankanmitpur Tribe,Indic Riverine,6,Calendar,19
-5000,initial,5,Old dramitkandesh Tribe,Indic Riverine,100,Cordage and Knots,19
-5000,initial,5,Old dramitkandesh Tribe,Indic Riverine,101,Hide Working and Tailored Clothing,19
-5000,initial,5,Old dramitkandesh Tribe,Indic Riverine,102,Hafted Stone Tools,19
-5000,initial,5,Old dramitkandesh Tribe,Indic Riverine,105,Food Preservation,19
-5000,initial,5,Old dramitkandesh Tribe,Indic Riverine,106,Storage Pits and Containers,19
-5000,initial,5,Old dramitkandesh Tribe,Indic Riverine,107,Seasonal Aggregation Camps,19
-5000,initial,5,Old dramitkandesh Tribe,Indic Riverine,110,Dog Domestication,19
-5000,initial,5,Old dramitkandesh Tribe,Indic Riverine,111,Grinding Stones,19
-5000,initial,5,Old dramitkandesh Tribe,Indic Riverine,112,Proto-cultivation,19
-5000,initial,5,Old dramitkandesh Tribe,Indic Riverine,113,Sedentism,19
-5000,initial,5,Old dramitkandesh Tribe,Indic Riverine,114,Enclosures and Herd Management,19
-5000,initial,5,Old dramitkandesh Tribe,Indic Riverine,115,Counting Tokens and Tallies,19
-5000,initial,5,Old dramitkandesh Tribe,Indic Riverine,116,Charcoal Firing,19
-5000,initial,5,Old dramitkandesh Tribe,Indic Riverine,1,Pottery,19
-5000,initial,5,Old dramitkandesh Tribe,Indic Riverine,2,Animal Husbandry,19
-5000,initial,5,Old dramitkandesh Tribe,Indic Riverine,4,Mining,19
-5000,initial,5,Old dramitkandesh Tribe,Indic Riverine,20,Agriculture,19
-5000,initial,5,Old dramitkandesh Tribe,Indic Riverine,3,Archery,19
-5000,initial,5,Old dramitkandesh Tribe,Indic Riverine,6,Calendar,19
-5000,initial,6,Great naltannagar Tribe,Indic Riverine,100,Cordage and Knots,19
-5000,initial,6,Great naltannagar Tribe,Indic Riverine,101,Hide Working and Tailored Clothing,19
-5000,initial,6,Great naltannagar Tribe,Indic Riverine,102,Hafted Stone Tools,19
-5000,initial,6,Great naltannagar Tribe,Indic Riverine,105,Food Preservation,19
-5000,initial,6,Great naltannagar Tribe,Indic Riverine,106,Storage Pits and Containers,19
-5000,initial,6,Great naltannagar Tribe,Indic Riverine,107,Seasonal Aggregation Camps,19
-5000,initial,6,Great naltannagar Tribe,Indic Riverine,110,Dog Domestication,19
-5000,initial,6,Great naltannagar Tribe,Indic Riverine,111,Grinding Stones,19
-5000,initial,6,Great naltannagar Tribe,Indic Riverine,112,Proto-cultivation,19
-5000,initial,6,Great naltannagar Tribe,Indic Riverine,113,Sedentism,19
-5000,initial,6,Great naltannagar Tribe,Indic Riverine,114,Enclosures and Herd Management,19
-5000,initial,6,Great naltannagar Tribe,Indic Riverine,115,Counting Tokens and Tallies,19
-5000,initial,6,Great naltannagar Tribe,Indic Riverine,116,Charcoal Firing,19
-5000,initial,6,Great naltannagar Tribe,Indic Riverine,1,Pottery,19
-5000,initial,6,Great naltannagar Tribe,Indic Riverine,2,Animal Husbandry,19
-5000,initial,6,Great naltannagar Tribe,Indic Riverine,4,Mining,19
-5000,initial,6,Great naltannagar Tribe,Indic Riverine,20,Agriculture,19
-5000,initial,6,Great naltannagar Tribe,Indic Riverine,3,Archery,19
-5000,initial,6,Great naltannagar Tribe,Indic Riverine,6,Calendar,19
-5000,initial,8,Old mittandesh Tribe,Indic Riverine,100,Cordage and Knots,19
-5000,initial,8,Old mittandesh Tribe,Indic Riverine,101,Hide Working and Tailored Clothing,19
-5000,initial,8,Old mittandesh Tribe,Indic Riverine,102,Hafted Stone Tools,19
-5000,initial,8,Old mittandesh Tribe,Indic Riverine,105,Food Preservation,19
-5000,initial,8,Old mittandesh Tribe,Indic Riverine,106,Storage Pits and Containers,19
-5000,initial,8,Old mittandesh Tribe,Indic Riverine,107,Seasonal Aggregation Camps,19
-5000,initial,8,Old mittandesh Tribe,Indic Riverine,110,Dog Domestication,19
-5000,initial,8,Old mittandesh Tribe,Indic Riverine,111,Grinding Stones,19
-5000,initial,8,Old mittandesh Tribe,Indic Riverine,112,Proto-cultivation,19
-5000,initial,8,Old mittandesh Tribe,Indic Riverine,113,Sedentism,19
-5000,initial,8,Old mittandesh Tribe,Indic Riverine,114,Enclosures and Herd Management,19
-5000,initial,8,Old mittandesh Tribe,Indic Riverine,115,Counting Tokens and Tallies,19
-5000,initial,8,Old mittandesh Tribe,Indic Riverine,116,Charcoal Firing,19
-5000,initial,8,Old mittandesh Tribe,Indic Riverine,1,Pottery,19
-5000,initial,8,Old mittandesh Tribe,Indic Riverine,2,Animal Husbandry,19
-5000,initial,8,Old mittandesh Tribe,Indic Riverine,4,Mining,19
-5000,initial,8,Old mittandesh Tribe,Indic Riverine,20,Agriculture,19
-5000,initial,8,Old mittandesh Tribe,Indic Riverine,3,Archery,19
-5000,initial,8,Old mittandesh Tribe,Indic Riverine,6,Calendar,19
-5000,initial,9,South nalshakandesh Tribe,Indic Riverine,100,Cordage and Knots,19
-5000,initial,9,South nalshakandesh Tribe,Indic Riverine,101,Hide Working and Tailored Clothing,19
-5000,initial,9,South nalshakandesh Tribe,Indic Riverine,102,Hafted Stone Tools,19
-5000,initial,9,South nalshakandesh Tribe,Indic Riverine,105,Food Preservation,19
-5000,initial,9,South nalshakandesh Tribe,Indic Riverine,106,Storage Pits and Containers,19
-5000,initial,9,South nalshakandesh Tribe,Indic Riverine,107,Seasonal Aggregation Camps,19
-5000,initial,9,South nalshakandesh Tribe,Indic Riverine,110,Dog Domestication,19
-5000,initial,9,South nalshakandesh Tribe,Indic Riverine,111,Grinding Stones,19
-5000,initial,9,South nalshakandesh Tribe,Indic Riverine,112,Proto-cultivation,19
-5000,initial,9,South nalshakandesh Tribe,Indic Riverine,113,Sedentism,19
-5000,initial,9,South nalshakandesh Tribe,Indic Riverine,114,Enclosures and Herd Management,19
-5000,initial,9,South nalshakandesh Tribe,Indic Riverine,115,Counting Tokens and Tallies,19
-5000,initial,9,South nalshakandesh Tribe,Indic Riverine,116,Charcoal Firing,19
-5000,initial,9,South nalshakandesh Tribe,Indic Riverine,1,Pottery,19
-5000,initial,9,South nalshakandesh Tribe,Indic Riverine,2,Animal Husbandry,19
-5000,initial,9,South nalshakandesh Tribe,Indic Riverine,4,Mining,19
-5000,initial,9,South nalshakandesh Tribe,Indic Riverine,20,Agriculture,19
-5000,initial,9,South nalshakandesh Tribe,Indic Riverine,3,Archery,19
-5000,initial,9,South nalshakandesh Tribe,Indic Riverine,6,Calendar,19
-5000,initial,10,North shanaldesh Tribe,Indic Riverine,100,Cordage and Knots,19
-5000,initial,10,North shanaldesh Tribe,Indic Riverine,101,Hide Working and Tailored Clothing,19
-5000,initial,10,North shanaldesh Tribe,Indic Riverine,102,Hafted Stone Tools,19
-5000,initial,10,North shanaldesh Tribe,Indic Riverine,105,Food Preservation,19
-5000,initial,10,North shanaldesh Tribe,Indic Riverine,106,Storage Pits and Containers,19
-5000,initial,10,North shanaldesh Tribe,Indic Riverine,107,Seasonal Aggregation Camps,19
-5000,initial,10,North shanaldesh Tribe,Indic Riverine,110,Dog Domestication,19
-5000,initial,10,North shanaldesh Tribe,Indic Riverine,111,Grinding Stones,19
-5000,initial,10,North shanaldesh Tribe,Indic Riverine,112,Proto-cultivation,19
-5000,initial,10,North shanaldesh Tribe,Indic Riverine,113,Sedentism,19
-5000,initial,10,North shanaldesh Tribe,Indic Riverine,114,Enclosures and Herd Management,19
-5000,initial,10,North shanaldesh Tribe,Indic Riverine,115,Counting Tokens and Tallies,19
-5000,initial,10,North shanaldesh Tribe,Indic Riverine,116,Charcoal Firing,19
-5000,initial,10,North shanaldesh Tribe,Indic Riverine,1,Pottery,19
-5000,initial,10,North shanaldesh Tribe,Indic Riverine,2,Animal Husbandry,19
-5000,initial,10,North shanaldesh Tribe,Indic Riverine,4,Mining,19
-5000,initial,10,North shanaldesh Tribe,Indic Riverine,20,Agriculture,19
-5000,initial,10,North shanaldesh Tribe,Indic Riverine,3,Archery,19
-5000,initial,10,North shanaldesh Tribe,Indic Riverine,6,Calendar,19
-5000,initial,11,Old dranaltannagar Tribe,Indic Riverine,100,Cordage and Knots,19
-5000,initial,11,Old dranaltannagar Tribe,Indic Riverine,101,Hide Working and Tailored Clothing,19
-5000,initial,11,Old dranaltannagar Tribe,Indic Riverine,102,Hafted Stone Tools,19
-5000,initial,11,Old dranaltannagar Tribe,Indic Riverine,105,Food Preservation,19
-5000,initial,11,Old dranaltannagar Tribe,Indic Riverine,106,Storage Pits and Containers,19
-5000,initial,11,Old dranaltannagar Tribe,Indic Riverine,107,Seasonal Aggregation Camps,19
-5000,initial,11,Old dranaltannagar Tribe,Indic Riverine,110,Dog Domestication,19
-5000,initial,11,Old dranaltannagar Tribe,Indic Riverine,111,Grinding Stones,19
-5000,initial,11,Old dranaltannagar Tribe,Indic Riverine,112,Proto-cultivation,19
-5000,initial,11,Old dranaltannagar Tribe,Indic Riverine,113,Sedentism,19
-5000,initial,11,Old dranaltannagar Tribe,Indic Riverine,114,Enclosures and Herd Management,19
-5000,initial,11,Old dranaltannagar Tribe,Indic Riverine,115,Counting Tokens and Tallies,19
-5000,initial,11,Old dranaltannagar Tribe,Indic Riverine,116,Charcoal Firing,19
-5000,initial,11,Old dranaltannagar Tribe,Indic Riverine,1,Pottery,19
-5000,initial,11,Old dranaltannagar Tribe,Indic Riverine,2,Animal Husbandry,19
-5000,initial,11,Old dranaltannagar Tribe,Indic Riverine,4,Mining,19
-5000,initial,11,Old dranaltannagar Tribe,Indic Riverine,20,Agriculture,19
-5000,initial,11,Old dranaltannagar Tribe,Indic Riverine,3,Archery,19
-5000,initial,11,Old dranaltannagar Tribe,Indic Riverine,6,Calendar,19
-5000,initial,12,North mittana Tribe,Indic Riverine,100,Cordage and Knots,19
-5000,initial,12,North mittana Tribe,Indic Riverine,101,Hide Working and Tailored Clothing,19
-5000,initial,12,North mittana Tribe,Indic Riverine,102,Hafted Stone Tools,19
-5000,initial,12,North mittana Tribe,Indic Riverine,105,Food Preservation,19
-5000,initial,12,North mittana Tribe,Indic Riverine,106,Storage Pits and Containers,19
-5000,initial,12,North mittana Tribe,Indic Riverine,107,Seasonal Aggregation Camps,19
-5000,initial,12,North mittana Tribe,Indic Riverine,110,Dog Domestication,19
-5000,initial,12,North mittana Tribe,Indic Riverine,111,Grinding Stones,19
-5000,initial,12,North mittana Tribe,Indic Riverine,112,Proto-cultivation,19
-5000,initial,12,North mittana Tribe,Indic Riverine,113,Sedentism,19
-5000,initial,12,North mittana Tribe,Indic Riverine,114,Enclosures and Herd Management,19
-5000,initial,12,North mittana Tribe,Indic Riverine,115,Counting Tokens and Tallies,19
-5000,initial,12,North mittana Tribe,Indic Riverine,116,Charcoal Firing,19
-5000,initial,12,North mittana Tribe,Indic Riverine,1,Pottery,19
-5000,initial,12,North mittana Tribe,Indic Riverine,2,Animal Husbandry,19
-5000,initial,12,North mittana Tribe,Indic Riverine,4,Mining,19
-5000,initial,12,North mittana Tribe,Indic Riverine,20,Agriculture,19
-5000,initial,12,North mittana Tribe,Indic Riverine,3,Archery,19
-5000,initial,12,North mittana Tribe,Indic Riverine,6,Calendar,19
-5000,initial,13,North ramit Tribe,Indic Riverine,100,Cordage and Knots,19
-5000,initial,13,North ramit Tribe,Indic Riverine,101,Hide Working and Tailored Clothing,19
-5000,initial,13,North ramit Tribe,Indic Riverine,102,Hafted Stone Tools,19
-5000,initial,13,North ramit Tribe,Indic Riverine,105,Food Preservation,19
-5000,initial,13,North ramit Tribe,Indic Riverine,106,Storage Pits and Containers,19
-5000,initial,13,North ramit Tribe,Indic Riverine,107,Seasonal Aggregation Camps,19
-5000,initial,13,North ramit Tribe,Indic Riverine,110,Dog Domestication,19
-5000,initial,13,North ramit Tribe,Indic Riverine,111,Grinding Stones,19
-5000,initial,13,North ramit Tribe,Indic Riverine,112,Proto-cultivation,19
-5000,initial,13,North ramit Tribe,Indic Riverine,113,Sedentism,19
-5000,initial,13,North ramit Tribe,Indic Riverine,114,Enclosures and Herd Management,19
-5000,initial,13,North ramit Tribe,Indic Riverine,115,Counting Tokens and Tallies,19
-5000,initial,13,North ramit Tribe,Indic Riverine,116,Charcoal Firing,19
-5000,initial,13,North ramit Tribe,Indic Riverine,1,Pottery,19
-5000,initial,13,North ramit Tribe,Indic Riverine,2,Animal Husbandry,19
-5000,initial,13,North ramit Tribe,Indic Riverine,4,Mining,19
-5000,initial,13,North ramit Tribe,Indic Riverine,20,Agriculture,19
-5000,initial,13,North ramit Tribe,Indic Riverine,3,Archery,19
-5000,initial,13,North ramit Tribe,Indic Riverine,6,Calendar,19
-5000,initial,14,South weixiaqinshan Tribe,East Riverine,100,Cordage and Knots,19
-5000,initial,14,South weixiaqinshan Tribe,East Riverine,101,Hide Working and Tailored Clothing,19
-5000,initial,14,South weixiaqinshan Tribe,East Riverine,102,Hafted Stone Tools,19
-5000,initial,14,South weixiaqinshan Tribe,East Riverine,105,Food Preservation,19
-5000,initial,14,South weixiaqinshan Tribe,East Riverine,106,Storage Pits and Containers,19
-5000,initial,14,South weixiaqinshan Tribe,East Riverine,107,Seasonal Aggregation Camps,19
-5000,initial,14,South weixiaqinshan Tribe,East Riverine,110,Dog Domestication,19
-5000,initial,14,South weixiaqinshan Tribe,East Riverine,111,Grinding Stones,19
-5000,initial,14,South weixiaqinshan Tribe,East Riverine,112,Proto-cultivation,19
-5000,initial,14,South weixiaqinshan Tribe,East Riverine,113,Sedentism,19
-5000,initial,14,South weixiaqinshan Tribe,East Riverine,114,Enclosures and Herd Management,19
-5000,initial,14,South weixiaqinshan Tribe,East Riverine,115,Counting Tokens and Tallies,19
-5000,initial,14,South weixiaqinshan Tribe,East Riverine,116,Charcoal Firing,19
-5000,initial,14,South weixiaqinshan Tribe,East Riverine,1,Pottery,19
-5000,initial,14,South weixiaqinshan Tribe,East Riverine,2,Animal Husbandry,19
-5000,initial,14,South weixiaqinshan Tribe,East Riverine,4,Mining,19
-5000,initial,14,South weixiaqinshan Tribe,East Riverine,20,Agriculture,19
-5000,initial,14,South weixiaqinshan Tribe,East Riverine,3,Archery,19
-5000,initial,14,South weixiaqinshan Tribe,East Riverine,6,Calendar,19
-5000,initial,15,South weirenrenshan Tribe,East Riverine,100,Cordage and Knots,19
-5000,initial,15,South weirenrenshan Tribe,East Riverine,101,Hide Working and Tailored Clothing,19
-5000,initial,15,South weirenrenshan Tribe,East Riverine,102,Hafted Stone Tools,19
-5000,initial,15,South weirenrenshan Tribe,East Riverine,105,Food Preservation,19
-5000,initial,15,South weirenrenshan Tribe,East Riverine,106,Storage Pits and Containers,19
-5000,initial,15,South weirenrenshan Tribe,East Riverine,107,Seasonal Aggregation Camps,19
-5000,initial,15,South weirenrenshan Tribe,East Riverine,110,Dog Domestication,19
-5000,initial,15,South weirenrenshan Tribe,East Riverine,111,Grinding Stones,19
-5000,initial,15,South weirenrenshan Tribe,East Riverine,112,Proto-cultivation,19
-5000,initial,15,South weirenrenshan Tribe,East Riverine,113,Sedentism,19
-5000,initial,15,South weirenrenshan Tribe,East Riverine,114,Enclosures and Herd Management,19
-5000,initial,15,South weirenrenshan Tribe,East Riverine,115,Counting Tokens and Tallies,19
-5000,initial,15,South weirenrenshan Tribe,East Riverine,116,Charcoal Firing,19
-5000,initial,15,South weirenrenshan Tribe,East Riverine,1,Pottery,19
-5000,initial,15,South weirenrenshan Tribe,East Riverine,2,Animal Husbandry,19
-5000,initial,15,South weirenrenshan Tribe,East Riverine,4,Mining,19
-5000,initial,15,South weirenrenshan Tribe,East Riverine,20,Agriculture,19
-5000,initial,15,South weirenrenshan Tribe,East Riverine,3,Archery,19
-5000,initial,15,South weirenrenshan Tribe,East Riverine,6,Calendar,19
-5000,initial,16,South qinminxialing Tribe,East Riverine,100,Cordage and Knots,19
-5000,initial,16,South qinminxialing Tribe,East Riverine,101,Hide Working and Tailored Clothing,19
-5000,initial,16,South qinminxialing Tribe,East Riverine,102,Hafted Stone Tools,19
-5000,initial,16,South qinminxialing Tribe,East Riverine,105,Food Preservation,19
-5000,initial,16,South qinminxialing Tribe,East Riverine,106,Storage Pits and Containers,19
-5000,initial,16,South qinminxialing Tribe,East Riverine,107,Seasonal Aggregation Camps,19
-5000,initial,16,South qinminxialing Tribe,East Riverine,110,Dog Domestication,19
-5000,initial,16,South qinminxialing Tribe,East Riverine,111,Grinding Stones,19
-5000,initial,16,South qinminxialing Tribe,East Riverine,112,Proto-cultivation,19
-5000,initial,16,South qinminxialing Tribe,East Riverine,113,Sedentism,19
-5000,initial,16,South qinminxialing Tribe,East Riverine,114,Enclosures and Herd Management,19
-5000,initial,16,South qinminxialing Tribe,East Riverine,115,Counting Tokens and Tallies,19
-5000,initial,16,South qinminxialing Tribe,East Riverine,116,Charcoal Firing,19
-5000,initial,16,South qinminxialing Tribe,East Riverine,1,Pottery,19
-5000,initial,16,South qinminxialing Tribe,East Riverine,2,Animal Husbandry,19
-5000,initial,16,South qinminxialing Tribe,East Riverine,4,Mining,19
-5000,initial,16,South qinminxialing Tribe,East Riverine,20,Agriculture,19
-5000,initial,16,South qinminxialing Tribe,East Riverine,3,Archery,19
-5000,initial,16,South qinminxialing Tribe,East Riverine,6,Calendar,19
-5000,initial,17,North hanzhorenshan Tribe,East Riverine,100,Cordage and Knots,19
-5000,initial,17,North hanzhorenshan Tribe,East Riverine,101,Hide Working and Tailored Clothing,19
-5000,initial,17,North hanzhorenshan Tribe,East Riverine,102,Hafted Stone Tools,19
-5000,initial,17,North hanzhorenshan Tribe,East Riverine,105,Food Preservation,19
-5000,initial,17,North hanzhorenshan Tribe,East Riverine,106,Storage Pits and Containers,19
-5000,initial,17,North hanzhorenshan Tribe,East Riverine,107,Seasonal Aggregation Camps,19
-5000,initial,17,North hanzhorenshan Tribe,East Riverine,110,Dog Domestication,19
-5000,initial,17,North hanzhorenshan Tribe,East Riverine,111,Grinding Stones,19
-5000,initial,17,North hanzhorenshan Tribe,East Riverine,112,Proto-cultivation,19
-5000,initial,17,North hanzhorenshan Tribe,East Riverine,113,Sedentism,19
-5000,initial,17,North hanzhorenshan Tribe,East Riverine,114,Enclosures and Herd Management,19
-5000,initial,17,North hanzhorenshan Tribe,East Riverine,115,Counting Tokens and Tallies,19
-5000,initial,17,North hanzhorenshan Tribe,East Riverine,116,Charcoal Firing,19
-5000,initial,17,North hanzhorenshan Tribe,East Riverine,1,Pottery,19
-5000,initial,17,North hanzhorenshan Tribe,East Riverine,2,Animal Husbandry,19
-5000,initial,17,North hanzhorenshan Tribe,East Riverine,4,Mining,19
-5000,initial,17,North hanzhorenshan Tribe,East Riverine,20,Agriculture,19
-5000,initial,17,North hanzhorenshan Tribe,East Riverine,3,Archery,19
-5000,initial,17,North hanzhorenshan Tribe,East Riverine,6,Calendar,19
-5000,initial,18,Hantaiminzhou Tribe,East Riverine,100,Cordage and Knots,19
-5000,initial,18,Hantaiminzhou Tribe,East Riverine,101,Hide Working and Tailored Clothing,19
-5000,initial,18,Hantaiminzhou Tribe,East Riverine,102,Hafted Stone Tools,19
-5000,initial,18,Hantaiminzhou Tribe,East Riverine,105,Food Preservation,19
-5000,initial,18,Hantaiminzhou Tribe,East Riverine,106,Storage Pits and Containers,19
-5000,initial,18,Hantaiminzhou Tribe,East Riverine,107,Seasonal Aggregation Camps,19
-5000,initial,18,Hantaiminzhou Tribe,East Riverine,110,Dog Domestication,19
-5000,initial,18,Hantaiminzhou Tribe,East Riverine,111,Grinding Stones,19
-5000,initial,18,Hantaiminzhou Tribe,East Riverine,112,Proto-cultivation,19
-5000,initial,18,Hantaiminzhou Tribe,East Riverine,113,Sedentism,19
-5000,initial,18,Hantaiminzhou Tribe,East Riverine,114,Enclosures and Herd Management,19
-5000,initial,18,Hantaiminzhou Tribe,East Riverine,115,Counting Tokens and Tallies,19
-5000,initial,18,Hantaiminzhou Tribe,East Riverine,116,Charcoal Firing,19
-5000,initial,18,Hantaiminzhou Tribe,East Riverine,1,Pottery,19
-5000,initial,18,Hantaiminzhou Tribe,East Riverine,2,Animal Husbandry,19
-5000,initial,18,Hantaiminzhou Tribe,East Riverine,4,Mining,19
-5000,initial,18,Hantaiminzhou Tribe,East Riverine,20,Agriculture,19
-5000,initial,18,Hantaiminzhou Tribe,East Riverine,3,Archery,19
-5000,initial,18,Hantaiminzhou Tribe,East Riverine,6,Calendar,19
-5000,initial,19,Weilinguo Tribe,East Riverine,100,Cordage and Knots,19
-5000,initial,19,Weilinguo Tribe,East Riverine,101,Hide Working and Tailored Clothing,19
-5000,initial,19,Weilinguo Tribe,East Riverine,102,Hafted Stone Tools,19
-5000,initial,19,Weilinguo Tribe,East Riverine,105,Food Preservation,19
-5000,initial,19,Weilinguo Tribe,East Riverine,106,Storage Pits and Containers,19
-5000,initial,19,Weilinguo Tribe,East Riverine,107,Seasonal Aggregation Camps,19
-5000,initial,19,Weilinguo Tribe,East Riverine,110,Dog Domestication,19
-5000,initial,19,Weilinguo Tribe,East Riverine,111,Grinding Stones,19
-5000,initial,19,Weilinguo Tribe,East Riverine,112,Proto-cultivation,19
-5000,initial,19,Weilinguo Tribe,East Riverine,113,Sedentism,19
-5000,initial,19,Weilinguo Tribe,East Riverine,114,Enclosures and Herd Management,19
-5000,initial,19,Weilinguo Tribe,East Riverine,115,Counting Tokens and Tallies,19
-5000,initial,19,Weilinguo Tribe,East Riverine,116,Charcoal Firing,19
-5000,initial,19,Weilinguo Tribe,East Riverine,1,Pottery,19
-5000,initial,19,Weilinguo Tribe,East Riverine,2,Animal Husbandry,19
-5000,initial,19,Weilinguo Tribe,East Riverine,4,Mining,19
-5000,initial,19,Weilinguo Tribe,East Riverine,20,Agriculture,19
-5000,initial,19,Weilinguo Tribe,East Riverine,3,Archery,19
-5000,initial,19,Weilinguo Tribe,East Riverine,6,Calendar,19
-5000,initial,20,North zhoweizhou Tribe,East Riverine,100,Cordage and Knots,19
-5000,initial,20,North zhoweizhou Tribe,East Riverine,101,Hide Working and Tailored Clothing,19
-5000,initial,20,North zhoweizhou Tribe,East Riverine,102,Hafted Stone Tools,19
-5000,initial,20,North zhoweizhou Tribe,East Riverine,105,Food Preservation,19
-5000,initial,20,North zhoweizhou Tribe,East Riverine,106,Storage Pits and Containers,19
-5000,initial,20,North zhoweizhou Tribe,East Riverine,107,Seasonal Aggregation Camps,19
-5000,initial,20,North zhoweizhou Tribe,East Riverine,110,Dog Domestication,19
-5000,initial,20,North zhoweizhou Tribe,East Riverine,111,Grinding Stones,19
-5000,initial,20,North zhoweizhou Tribe,East Riverine,112,Proto-cultivation,19
-5000,initial,20,North zhoweizhou Tribe,East Riverine,113,Sedentism,19
-5000,initial,20,North zhoweizhou Tribe,East Riverine,114,Enclosures and Herd Management,19
-5000,initial,20,North zhoweizhou Tribe,East Riverine,115,Counting Tokens and Tallies,19
-5000,initial,20,North zhoweizhou Tribe,East Riverine,116,Charcoal Firing,19
-5000,initial,20,North zhoweizhou Tribe,East Riverine,1,Pottery,19
-5000,initial,20,North zhoweizhou Tribe,East Riverine,2,Animal Husbandry,19
-5000,initial,20,North zhoweizhou Tribe,East Riverine,4,Mining,19
-5000,initial,20,North zhoweizhou Tribe,East Riverine,20,Agriculture,19
-5000,initial,20,North zhoweizhou Tribe,East Riverine,3,Archery,19
-5000,initial,20,North zhoweizhou Tribe,East Riverine,6,Calendar,19
-5000,initial,21,Old hanqinguo Tribe,East Riverine,100,Cordage and Knots,19
-5000,initial,21,Old hanqinguo Tribe,East Riverine,101,Hide Working and Tailored Clothing,19
-5000,initial,21,Old hanqinguo Tribe,East Riverine,102,Hafted Stone Tools,19
-5000,initial,21,Old hanqinguo Tribe,East Riverine,105,Food Preservation,19
-5000,initial,21,Old hanqinguo Tribe,East Riverine,106,Storage Pits and Containers,19
-5000,initial,21,Old hanqinguo Tribe,East Riverine,107,Seasonal Aggregation Camps,19
-5000,initial,21,Old hanqinguo Tribe,East Riverine,110,Dog Domestication,19
-5000,initial,21,Old hanqinguo Tribe,East Riverine,111,Grinding Stones,19
-5000,initial,21,Old hanqinguo Tribe,East Riverine,112,Proto-cultivation,19
-5000,initial,21,Old hanqinguo Tribe,East Riverine,113,Sedentism,19
-5000,initial,21,Old hanqinguo Tribe,East Riverine,114,Enclosures and Herd Management,19
-5000,initial,21,Old hanqinguo Tribe,East Riverine,115,Counting Tokens and Tallies,19
-5000,initial,21,Old hanqinguo Tribe,East Riverine,116,Charcoal Firing,19
-5000,initial,21,Old hanqinguo Tribe,East Riverine,1,Pottery,19
-5000,initial,21,Old hanqinguo Tribe,East Riverine,2,Animal Husbandry,19
-5000,initial,21,Old hanqinguo Tribe,East Riverine,4,Mining,19
-5000,initial,21,Old hanqinguo Tribe,East Riverine,20,Agriculture,19
-5000,initial,21,Old hanqinguo Tribe,East Riverine,3,Archery,19
-5000,initial,21,Old hanqinguo Tribe,East Riverine,6,Calendar,19
-5000,initial,22,Great renhanling Tribe,East Riverine,100,Cordage and Knots,19
-5000,initial,22,Great renhanling Tribe,East Riverine,101,Hide Working and Tailored Clothing,19
-5000,initial,22,Great renhanling Tribe,East Riverine,102,Hafted Stone Tools,19
-5000,initial,22,Great renhanling Tribe,East Riverine,105,Food Preservation,19
-5000,initial,22,Great renhanling Tribe,East Riverine,106,Storage Pits and Containers,19
-5000,initial,22,Great renhanling Tribe,East Riverine,107,Seasonal Aggregation Camps,19
-5000,initial,22,Great renhanling Tribe,East Riverine,110,Dog Domestication,19
-5000,initial,22,Great renhanling Tribe,East Riverine,111,Grinding Stones,19
-5000,initial,22,Great renhanling Tribe,East Riverine,112,Proto-cultivation,19
-5000,initial,22,Great renhanling Tribe,East Riverine,113,Sedentism,19
-5000,initial,22,Great renhanling Tribe,East Riverine,114,Enclosures and Herd Management,19
-5000,initial,22,Great renhanling Tribe,East Riverine,115,Counting Tokens and Tallies,19
-5000,initial,22,Great renhanling Tribe,East Riverine,116,Charcoal Firing,19
-5000,initial,22,Great renhanling Tribe,East Riverine,1,Pottery,19
-5000,initial,22,Great renhanling Tribe,East Riverine,2,Animal Husbandry,19
-5000,initial,22,Great renhanling Tribe,East Riverine,4,Mining,19
-5000,initial,22,Great renhanling Tribe,East Riverine,20,Agriculture,19
-5000,initial,22,Great renhanling Tribe,East Riverine,3,Archery,19
-5000,initial,22,Great renhanling Tribe,East Riverine,6,Calendar,19
-5000,initial,23,South liqinliguo Tribe,East Riverine,100,Cordage and Knots,19
-5000,initial,23,South liqinliguo Tribe,East Riverine,101,Hide Working and Tailored Clothing,19
-5000,initial,23,South liqinliguo Tribe,East Riverine,102,Hafted Stone Tools,19
-5000,initial,23,South liqinliguo Tribe,East Riverine,105,Food Preservation,19
-5000,initial,23,South liqinliguo Tribe,East Riverine,106,Storage Pits and Containers,19
-5000,initial,23,South liqinliguo Tribe,East Riverine,107,Seasonal Aggregation Camps,19
-5000,initial,23,South liqinliguo Tribe,East Riverine,110,Dog Domestication,19
-5000,initial,23,South liqinliguo Tribe,East Riverine,111,Grinding Stones,19
-5000,initial,23,South liqinliguo Tribe,East Riverine,112,Proto-cultivation,19
-5000,initial,23,South liqinliguo Tribe,East Riverine,113,Sedentism,19
-5000,initial,23,South liqinliguo Tribe,East Riverine,114,Enclosures and Herd Management,19
-5000,initial,23,South liqinliguo Tribe,East Riverine,115,Counting Tokens and Tallies,19
-5000,initial,23,South liqinliguo Tribe,East Riverine,116,Charcoal Firing,19
-5000,initial,23,South liqinliguo Tribe,East Riverine,1,Pottery,19
-5000,initial,23,South liqinliguo Tribe,East Riverine,2,Animal Husbandry,19
-5000,initial,23,South liqinliguo Tribe,East Riverine,4,Mining,19
-5000,initial,23,South liqinliguo Tribe,East Riverine,20,Agriculture,19
-5000,initial,23,South liqinliguo Tribe,East Riverine,3,Archery,19
-5000,initial,23,South liqinliguo Tribe,East Riverine,6,Calendar,19
-5000,initial,24,Old taiqinshan Tribe,East Riverine,100,Cordage and Knots,19
-5000,initial,24,Old taiqinshan Tribe,East Riverine,101,Hide Working and Tailored Clothing,19
-5000,initial,24,Old taiqinshan Tribe,East Riverine,102,Hafted Stone Tools,19
-5000,initial,24,Old taiqinshan Tribe,East Riverine,105,Food Preservation,19
-5000,initial,24,Old taiqinshan Tribe,East Riverine,106,Storage Pits and Containers,19
-5000,initial,24,Old taiqinshan Tribe,East Riverine,107,Seasonal Aggregation Camps,19
-5000,initial,24,Old taiqinshan Tribe,East Riverine,110,Dog Domestication,19
-5000,initial,24,Old taiqinshan Tribe,East Riverine,111,Grinding Stones,19
-5000,initial,24,Old taiqinshan Tribe,East Riverine,112,Proto-cultivation,19
-5000,initial,24,Old taiqinshan Tribe,East Riverine,113,Sedentism,19
-5000,initial,24,Old taiqinshan Tribe,East Riverine,114,Enclosures and Herd Management,19
-5000,initial,24,Old taiqinshan Tribe,East Riverine,115,Counting Tokens and Tallies,19
-5000,initial,24,Old taiqinshan Tribe,East Riverine,116,Charcoal Firing,19
-5000,initial,24,Old taiqinshan Tribe,East Riverine,1,Pottery,19
-5000,initial,24,Old taiqinshan Tribe,East Riverine,2,Animal Husbandry,19
-5000,initial,24,Old taiqinshan Tribe,East Riverine,4,Mining,19
-5000,initial,24,Old taiqinshan Tribe,East Riverine,20,Agriculture,19
-5000,initial,24,Old taiqinshan Tribe,East Riverine,3,Archery,19
-5000,initial,24,Old taiqinshan Tribe,East Riverine,6,Calendar,19
-5000,initial,25,New weihanhanling Tribe,East Riverine,100,Cordage and Knots,19
-5000,initial,25,New weihanhanling Tribe,East Riverine,101,Hide Working and Tailored Clothing,19
-5000,initial,25,New weihanhanling Tribe,East Riverine,102,Hafted Stone Tools,19
-5000,initial,25,New weihanhanling Tribe,East Riverine,105,Food Preservation,19
-5000,initial,25,New weihanhanling Tribe,East Riverine,106,Storage Pits and Containers,19
-5000,initial,25,New weihanhanling Tribe,East Riverine,107,Seasonal Aggregation Camps,19
-5000,initial,25,New weihanhanling Tribe,East Riverine,110,Dog Domestication,19
-5000,initial,25,New weihanhanling Tribe,East Riverine,111,Grinding Stones,19
-5000,initial,25,New weihanhanling Tribe,East Riverine,112,Proto-cultivation,19
-5000,initial,25,New weihanhanling Tribe,East Riverine,113,Sedentism,19
-5000,initial,25,New weihanhanling Tribe,East Riverine,114,Enclosures and Herd Management,19
-5000,initial,25,New weihanhanling Tribe,East Riverine,115,Counting Tokens and Tallies,19
-5000,initial,25,New weihanhanling Tribe,East Riverine,116,Charcoal Firing,19
-5000,initial,25,New weihanhanling Tribe,East Riverine,1,Pottery,19
-5000,initial,25,New weihanhanling Tribe,East Riverine,2,Animal Husbandry,19
-5000,initial,25,New weihanhanling Tribe,East Riverine,4,Mining,19
-5000,initial,25,New weihanhanling Tribe,East Riverine,20,Agriculture,19
-5000,initial,25,New weihanhanling Tribe,East Riverine,3,Archery,19
-5000,initial,25,New weihanhanling Tribe,East Riverine,6,Calendar,19
-5000,initial,26,Old hanqinshan Tribe,East Riverine,100,Cordage and Knots,19
-5000,initial,26,Old hanqinshan Tribe,East Riverine,101,Hide Working and Tailored Clothing,19
-5000,initial,26,Old hanqinshan Tribe,East Riverine,102,Hafted Stone Tools,19
-5000,initial,26,Old hanqinshan Tribe,East Riverine,105,Food Preservation,19
-5000,initial,26,Old hanqinshan Tribe,East Riverine,106,Storage Pits and Containers,19
-5000,initial,26,Old hanqinshan Tribe,East Riverine,107,Seasonal Aggregation Camps,19
-5000,initial,26,Old hanqinshan Tribe,East Riverine,110,Dog Domestication,19
-5000,initial,26,Old hanqinshan Tribe,East Riverine,111,Grinding Stones,19
-5000,initial,26,Old hanqinshan Tribe,East Riverine,112,Proto-cultivation,19
-5000,initial,26,Old hanqinshan Tribe,East Riverine,113,Sedentism,19
-5000,initial,26,Old hanqinshan Tribe,East Riverine,114,Enclosures and Herd Management,19
-5000,initial,26,Old hanqinshan Tribe,East Riverine,115,Counting Tokens and Tallies,19
-5000,initial,26,Old hanqinshan Tribe,East Riverine,116,Charcoal Firing,19
-5000,initial,26,Old hanqinshan Tribe,East Riverine,1,Pottery,19
-5000,initial,26,Old hanqinshan Tribe,East Riverine,2,Animal Husbandry,19
-5000,initial,26,Old hanqinshan Tribe,East Riverine,4,Mining,19
-5000,initial,26,Old hanqinshan Tribe,East Riverine,20,Agriculture,19
-5000,initial,26,Old hanqinshan Tribe,East Riverine,3,Archery,19
-5000,initial,26,Old hanqinshan Tribe,East Riverine,6,Calendar,19
-5000,initial,27,Great qinhanweishan Tribe,East Riverine,100,Cordage and Knots,19
-5000,initial,27,Great qinhanweishan Tribe,East Riverine,101,Hide Working and Tailored Clothing,19
-5000,initial,27,Great qinhanweishan Tribe,East Riverine,102,Hafted Stone Tools,19
-5000,initial,27,Great qinhanweishan Tribe,East Riverine,105,Food Preservation,19
-5000,initial,27,Great qinhanweishan Tribe,East Riverine,106,Storage Pits and Containers,19
-5000,initial,27,Great qinhanweishan Tribe,East Riverine,107,Seasonal Aggregation Camps,19
-5000,initial,27,Great qinhanweishan Tribe,East Riverine,110,Dog Domestication,19
-5000,initial,27,Great qinhanweishan Tribe,East Riverine,111,Grinding Stones,19
-5000,initial,27,Great qinhanweishan Tribe,East Riverine,112,Proto-cultivation,19
-5000,initial,27,Great qinhanweishan Tribe,East Riverine,113,Sedentism,19
-5000,initial,27,Great qinhanweishan Tribe,East Riverine,114,Enclosures and Herd Management,19
-5000,initial,27,Great qinhanweishan Tribe,East Riverine,115,Counting Tokens and Tallies,19
-5000,initial,27,Great qinhanweishan Tribe,East Riverine,116,Charcoal Firing,19
-5000,initial,27,Great qinhanweishan Tribe,East Riverine,1,Pottery,19
-5000,initial,27,Great qinhanweishan Tribe,East Riverine,2,Animal Husbandry,19
-5000,initial,27,Great qinhanweishan Tribe,East Riverine,4,Mining,19
-5000,initial,27,Great qinhanweishan Tribe,East Riverine,20,Agriculture,19
-5000,initial,27,Great qinhanweishan Tribe,East Riverine,3,Archery,19
-5000,initial,27,Great qinhanweishan Tribe,East Riverine,6,Calendar,19
-5000,initial,28,New ashashad Tribe,Fertile Crescent,100,Cordage and Knots,21
-5000,initial,28,New ashashad Tribe,Fertile Crescent,101,Hide Working and Tailored Clothing,21
-5000,initial,28,New ashashad Tribe,Fertile Crescent,102,Hafted Stone Tools,21
-5000,initial,28,New ashashad Tribe,Fertile Crescent,105,Food Preservation,21
-5000,initial,28,New ashashad Tribe,Fertile Crescent,106,Storage Pits and Containers,21
-5000,initial,28,New ashashad Tribe,Fertile Crescent,107,Seasonal Aggregation Camps,21
-5000,initial,28,New ashashad Tribe,Fertile Crescent,110,Dog Domestication,21
-5000,initial,28,New ashashad Tribe,Fertile Crescent,111,Grinding Stones,21
-5000,initial,28,New ashashad Tribe,Fertile Crescent,112,Proto-cultivation,21
-5000,initial,28,New ashashad Tribe,Fertile Crescent,113,Sedentism,21
-5000,initial,28,New ashashad Tribe,Fertile Crescent,114,Enclosures and Herd Management,21
-5000,initial,28,New ashashad Tribe,Fertile Crescent,115,Counting Tokens and Tallies,21
-5000,initial,28,New ashashad Tribe,Fertile Crescent,116,Charcoal Firing,21
-5000,initial,28,New ashashad Tribe,Fertile Crescent,1,Pottery,21
-5000,initial,28,New ashashad Tribe,Fertile Crescent,119,Native Copper Working,21
-5000,initial,28,New ashashad Tribe,Fertile Crescent,2,Animal Husbandry,21
-5000,initial,28,New ashashad Tribe,Fertile Crescent,4,Mining,21
-5000,initial,28,New ashashad Tribe,Fertile Crescent,20,Agriculture,21
-5000,initial,28,New ashashad Tribe,Fertile Crescent,3,Archery,21
-5000,initial,28,New ashashad Tribe,Fertile Crescent,6,Calendar,21
-5000,initial,28,New ashashad Tribe,Fertile Crescent,10,Irrigation,21
-5000,initial,29,Barninbaran Tribe,Fertile Crescent,100,Cordage and Knots,21
-5000,initial,29,Barninbaran Tribe,Fertile Crescent,101,Hide Working and Tailored Clothing,21
-5000,initial,29,Barninbaran Tribe,Fertile Crescent,102,Hafted Stone Tools,21
-5000,initial,29,Barninbaran Tribe,Fertile Crescent,105,Food Preservation,21
-5000,initial,29,Barninbaran Tribe,Fertile Crescent,106,Storage Pits and Containers,21
-5000,initial,29,Barninbaran Tribe,Fertile Crescent,107,Seasonal Aggregation Camps,21
-5000,initial,29,Barninbaran Tribe,Fertile Crescent,110,Dog Domestication,21
-5000,initial,29,Barninbaran Tribe,Fertile Crescent,111,Grinding Stones,21
-5000,initial,29,Barninbaran Tribe,Fertile Crescent,112,Proto-cultivation,21
-5000,initial,29,Barninbaran Tribe,Fertile Crescent,113,Sedentism,21
-5000,initial,29,Barninbaran Tribe,Fertile Crescent,114,Enclosures and Herd Management,21
-5000,initial,29,Barninbaran Tribe,Fertile Crescent,115,Counting Tokens and Tallies,21
-5000,initial,29,Barninbaran Tribe,Fertile Crescent,116,Charcoal Firing,21
-5000,initial,29,Barninbaran Tribe,Fertile Crescent,1,Pottery,21
-5000,initial,29,Barninbaran Tribe,Fertile Crescent,119,Native Copper Working,21
-5000,initial,29,Barninbaran Tribe,Fertile Crescent,2,Animal Husbandry,21
-5000,initial,29,Barninbaran Tribe,Fertile Crescent,4,Mining,21
-5000,initial,29,Barninbaran Tribe,Fertile Crescent,20,Agriculture,21
-5000,initial,29,Barninbaran Tribe,Fertile Crescent,3,Archery,21
-5000,initial,29,Barninbaran Tribe,Fertile Crescent,6,Calendar,21
-5000,initial,29,Barninbaran Tribe,Fertile Crescent,10,Irrigation,21
-5000,initial,30,Great ararar Tribe,Fertile Crescent,100,Cordage and Knots,21
-5000,initial,30,Great ararar Tribe,Fertile Crescent,101,Hide Working and Tailored Clothing,21
-5000,initial,30,Great ararar Tribe,Fertile Crescent,102,Hafted Stone Tools,21
-5000,initial,30,Great ararar Tribe,Fertile Crescent,105,Food Preservation,21
-5000,initial,30,Great ararar Tribe,Fertile Crescent,106,Storage Pits and Containers,21
-5000,initial,30,Great ararar Tribe,Fertile Crescent,107,Seasonal Aggregation Camps,21
-5000,initial,30,Great ararar Tribe,Fertile Crescent,110,Dog Domestication,21
-5000,initial,30,Great ararar Tribe,Fertile Crescent,111,Grinding Stones,21
-5000,initial,30,Great ararar Tribe,Fertile Crescent,112,Proto-cultivation,21
-5000,initial,30,Great ararar Tribe,Fertile Crescent,113,Sedentism,21
-5000,initial,30,Great ararar Tribe,Fertile Crescent,114,Enclosures and Herd Management,21
-5000,initial,30,Great ararar Tribe,Fertile Crescent,115,Counting Tokens and Tallies,21
-5000,initial,30,Great ararar Tribe,Fertile Crescent,116,Charcoal Firing,21
-5000,initial,30,Great ararar Tribe,Fertile Crescent,1,Pottery,21
-5000,initial,30,Great ararar Tribe,Fertile Crescent,119,Native Copper Working,21
-5000,initial,30,Great ararar Tribe,Fertile Crescent,2,Animal Husbandry,21
-5000,initial,30,Great ararar Tribe,Fertile Crescent,4,Mining,21
-5000,initial,30,Great ararar Tribe,Fertile Crescent,20,Agriculture,21
-5000,initial,30,Great ararar Tribe,Fertile Crescent,3,Archery,21
-5000,initial,30,Great ararar Tribe,Fertile Crescent,6,Calendar,21
-5000,initial,30,Great ararar Tribe,Fertile Crescent,10,Irrigation,21
-5000,initial,31,New ureshsamad Tribe,Fertile Crescent,100,Cordage and Knots,21
-5000,initial,31,New ureshsamad Tribe,Fertile Crescent,101,Hide Working and Tailored Clothing,21
-5000,initial,31,New ureshsamad Tribe,Fertile Crescent,102,Hafted Stone Tools,21
-5000,initial,31,New ureshsamad Tribe,Fertile Crescent,105,Food Preservation,21
-5000,initial,31,New ureshsamad Tribe,Fertile Crescent,106,Storage Pits and Containers,21
-5000,initial,31,New ureshsamad Tribe,Fertile Crescent,107,Seasonal Aggregation Camps,21
-5000,initial,31,New ureshsamad Tribe,Fertile Crescent,110,Dog Domestication,21
-5000,initial,31,New ureshsamad Tribe,Fertile Crescent,111,Grinding Stones,21
-5000,initial,31,New ureshsamad Tribe,Fertile Crescent,112,Proto-cultivation,21
-5000,initial,31,New ureshsamad Tribe,Fertile Crescent,113,Sedentism,21
-5000,initial,31,New ureshsamad Tribe,Fertile Crescent,114,Enclosures and Herd Management,21
-5000,initial,31,New ureshsamad Tribe,Fertile Crescent,115,Counting Tokens and Tallies,21
-5000,initial,31,New ureshsamad Tribe,Fertile Crescent,116,Charcoal Firing,21
-5000,initial,31,New ureshsamad Tribe,Fertile Crescent,1,Pottery,21
-5000,initial,31,New ureshsamad Tribe,Fertile Crescent,119,Native Copper Working,21
-5000,initial,31,New ureshsamad Tribe,Fertile Crescent,2,Animal Husbandry,21
-5000,initial,31,New ureshsamad Tribe,Fertile Crescent,4,Mining,21
-5000,initial,31,New ureshsamad Tribe,Fertile Crescent,20,Agriculture,21
-5000,initial,31,New ureshsamad Tribe,Fertile Crescent,3,Archery,21
-5000,initial,31,New ureshsamad Tribe,Fertile Crescent,6,Calendar,21
-5000,initial,31,New ureshsamad Tribe,Fertile Crescent,10,Irrigation,21
-5000,initial,32,New belsamad Tribe,Fertile Crescent,100,Cordage and Knots,21
-5000,initial,32,New belsamad Tribe,Fertile Crescent,101,Hide Working and Tailored Clothing,21
-5000,initial,32,New belsamad Tribe,Fertile Crescent,102,Hafted Stone Tools,21
-5000,initial,32,New belsamad Tribe,Fertile Crescent,105,Food Preservation,21
-5000,initial,32,New belsamad Tribe,Fertile Crescent,106,Storage Pits and Containers,21
-5000,initial,32,New belsamad Tribe,Fertile Crescent,107,Seasonal Aggregation Camps,21
-5000,initial,32,New belsamad Tribe,Fertile Crescent,110,Dog Domestication,21
-5000,initial,32,New belsamad Tribe,Fertile Crescent,111,Grinding Stones,21
-5000,initial,32,New belsamad Tribe,Fertile Crescent,112,Proto-cultivation,21
-5000,initial,32,New belsamad Tribe,Fertile Crescent,113,Sedentism,21
-5000,initial,32,New belsamad Tribe,Fertile Crescent,114,Enclosures and Herd Management,21
-5000,initial,32,New belsamad Tribe,Fertile Crescent,115,Counting Tokens and Tallies,21
-5000,initial,32,New belsamad Tribe,Fertile Crescent,116,Charcoal Firing,21
-5000,initial,32,New belsamad Tribe,Fertile Crescent,1,Pottery,21
-5000,initial,32,New belsamad Tribe,Fertile Crescent,119,Native Copper Working,21
-5000,initial,32,New belsamad Tribe,Fertile Crescent,2,Animal Husbandry,21
-5000,initial,32,New belsamad Tribe,Fertile Crescent,4,Mining,21
-5000,initial,32,New belsamad Tribe,Fertile Crescent,20,Agriculture,21
-5000,initial,32,New belsamad Tribe,Fertile Crescent,3,Archery,21
-5000,initial,32,New belsamad Tribe,Fertile Crescent,6,Calendar,21
-5000,initial,32,New belsamad Tribe,Fertile Crescent,10,Irrigation,21
-5000,initial,33,South samkalad Tribe,Fertile Crescent,100,Cordage and Knots,21
-5000,initial,33,South samkalad Tribe,Fertile Crescent,101,Hide Working and Tailored Clothing,21
-5000,initial,33,South samkalad Tribe,Fertile Crescent,102,Hafted Stone Tools,21
-5000,initial,33,South samkalad Tribe,Fertile Crescent,105,Food Preservation,21
-5000,initial,33,South samkalad Tribe,Fertile Crescent,106,Storage Pits and Containers,21
-5000,initial,33,South samkalad Tribe,Fertile Crescent,107,Seasonal Aggregation Camps,21
-5000,initial,33,South samkalad Tribe,Fertile Crescent,110,Dog Domestication,21
-5000,initial,33,South samkalad Tribe,Fertile Crescent,111,Grinding Stones,21
-5000,initial,33,South samkalad Tribe,Fertile Crescent,112,Proto-cultivation,21
-5000,initial,33,South samkalad Tribe,Fertile Crescent,113,Sedentism,21
-5000,initial,33,South samkalad Tribe,Fertile Crescent,114,Enclosures and Herd Management,21
-5000,initial,33,South samkalad Tribe,Fertile Crescent,115,Counting Tokens and Tallies,21
-5000,initial,33,South samkalad Tribe,Fertile Crescent,116,Charcoal Firing,21
-5000,initial,33,South samkalad Tribe,Fertile Crescent,1,Pottery,21
-5000,initial,33,South samkalad Tribe,Fertile Crescent,119,Native Copper Working,21
-5000,initial,33,South samkalad Tribe,Fertile Crescent,2,Animal Husbandry,21
-5000,initial,33,South samkalad Tribe,Fertile Crescent,4,Mining,21
-5000,initial,33,South samkalad Tribe,Fertile Crescent,20,Agriculture,21
-5000,initial,33,South samkalad Tribe,Fertile Crescent,3,Archery,21
-5000,initial,33,South samkalad Tribe,Fertile Crescent,6,Calendar,21
-5000,initial,33,South samkalad Tribe,Fertile Crescent,10,Irrigation,21
-5000,initial,34,Ninururad Tribe,Fertile Crescent,100,Cordage and Knots,21
-5000,initial,34,Ninururad Tribe,Fertile Crescent,101,Hide Working and Tailored Clothing,21
-5000,initial,34,Ninururad Tribe,Fertile Crescent,102,Hafted Stone Tools,21
-5000,initial,34,Ninururad Tribe,Fertile Crescent,105,Food Preservation,21
-5000,initial,34,Ninururad Tribe,Fertile Crescent,106,Storage Pits and Containers,21
-5000,initial,34,Ninururad Tribe,Fertile Crescent,107,Seasonal Aggregation Camps,21
-5000,initial,34,Ninururad Tribe,Fertile Crescent,110,Dog Domestication,21
-5000,initial,34,Ninururad Tribe,Fertile Crescent,111,Grinding Stones,21
-5000,initial,34,Ninururad Tribe,Fertile Crescent,112,Proto-cultivation,21
-5000,initial,34,Ninururad Tribe,Fertile Crescent,113,Sedentism,21
-5000,initial,34,Ninururad Tribe,Fertile Crescent,114,Enclosures and Herd Management,21
-5000,initial,34,Ninururad Tribe,Fertile Crescent,115,Counting Tokens and Tallies,21
-5000,initial,34,Ninururad Tribe,Fertile Crescent,116,Charcoal Firing,21
-5000,initial,34,Ninururad Tribe,Fertile Crescent,1,Pottery,21
-5000,initial,34,Ninururad Tribe,Fertile Crescent,119,Native Copper Working,21
-5000,initial,34,Ninururad Tribe,Fertile Crescent,2,Animal Husbandry,21
-5000,initial,34,Ninururad Tribe,Fertile Crescent,4,Mining,21
-5000,initial,34,Ninururad Tribe,Fertile Crescent,20,Agriculture,21
-5000,initial,34,Ninururad Tribe,Fertile Crescent,3,Archery,21
-5000,initial,34,Ninururad Tribe,Fertile Crescent,6,Calendar,21
-5000,initial,34,Ninururad Tribe,Fertile Crescent,10,Irrigation,21
-5000,initial,35,New ashashurar Tribe,Fertile Crescent,100,Cordage and Knots,21
-5000,initial,35,New ashashurar Tribe,Fertile Crescent,101,Hide Working and Tailored Clothing,21
-5000,initial,35,New ashashurar Tribe,Fertile Crescent,102,Hafted Stone Tools,21
-5000,initial,35,New ashashurar Tribe,Fertile Crescent,105,Food Preservation,21
-5000,initial,35,New ashashurar Tribe,Fertile Crescent,106,Storage Pits and Containers,21
-5000,initial,35,New ashashurar Tribe,Fertile Crescent,107,Seasonal Aggregation Camps,21
-5000,initial,35,New ashashurar Tribe,Fertile Crescent,110,Dog Domestication,21
-5000,initial,35,New ashashurar Tribe,Fertile Crescent,111,Grinding Stones,21
-5000,initial,35,New ashashurar Tribe,Fertile Crescent,112,Proto-cultivation,21
-5000,initial,35,New ashashurar Tribe,Fertile Crescent,113,Sedentism,21
-5000,initial,35,New ashashurar Tribe,Fertile Crescent,114,Enclosures and Herd Management,21
-5000,initial,35,New ashashurar Tribe,Fertile Crescent,115,Counting Tokens and Tallies,21
-5000,initial,35,New ashashurar Tribe,Fertile Crescent,116,Charcoal Firing,21
-5000,initial,35,New ashashurar Tribe,Fertile Crescent,1,Pottery,21
-5000,initial,35,New ashashurar Tribe,Fertile Crescent,119,Native Copper Working,21
-5000,initial,35,New ashashurar Tribe,Fertile Crescent,2,Animal Husbandry,21
-5000,initial,35,New ashashurar Tribe,Fertile Crescent,4,Mining,21
-5000,initial,35,New ashashurar Tribe,Fertile Crescent,20,Agriculture,21
-5000,initial,35,New ashashurar Tribe,Fertile Crescent,3,Archery,21
-5000,initial,35,New ashashurar Tribe,Fertile Crescent,6,Calendar,21
-5000,initial,35,New ashashurar Tribe,Fertile Crescent,10,Irrigation,21
-5000,initial,36,Great ashninninar Tribe,Fertile Crescent,100,Cordage and Knots,21
-5000,initial,36,Great ashninninar Tribe,Fertile Crescent,101,Hide Working and Tailored Clothing,21
-5000,initial,36,Great ashninninar Tribe,Fertile Crescent,102,Hafted Stone Tools,21
-5000,initial,36,Great ashninninar Tribe,Fertile Crescent,105,Food Preservation,21
-5000,initial,36,Great ashninninar Tribe,Fertile Crescent,106,Storage Pits and Containers,21
-5000,initial,36,Great ashninninar Tribe,Fertile Crescent,107,Seasonal Aggregation Camps,21
-5000,initial,36,Great ashninninar Tribe,Fertile Crescent,110,Dog Domestication,21
-5000,initial,36,Great ashninninar Tribe,Fertile Crescent,111,Grinding Stones,21
-5000,initial,36,Great ashninninar Tribe,Fertile Crescent,112,Proto-cultivation,21
-5000,initial,36,Great ashninninar Tribe,Fertile Crescent,113,Sedentism,21
-5000,initial,36,Great ashninninar Tribe,Fertile Crescent,114,Enclosures and Herd Management,21
-5000,initial,36,Great ashninninar Tribe,Fertile Crescent,115,Counting Tokens and Tallies,21
-5000,initial,36,Great ashninninar Tribe,Fertile Crescent,116,Charcoal Firing,21
-5000,initial,36,Great ashninninar Tribe,Fertile Crescent,1,Pottery,21
-5000,initial,36,Great ashninninar Tribe,Fertile Crescent,119,Native Copper Working,21
-5000,initial,36,Great ashninninar Tribe,Fertile Crescent,2,Animal Husbandry,21
-5000,initial,36,Great ashninninar Tribe,Fertile Crescent,4,Mining,21
-5000,initial,36,Great ashninninar Tribe,Fertile Crescent,20,Agriculture,21
-5000,initial,36,Great ashninninar Tribe,Fertile Crescent,3,Archery,21
-5000,initial,36,Great ashninninar Tribe,Fertile Crescent,6,Calendar,21
-5000,initial,36,Great ashninninar Tribe,Fertile Crescent,10,Irrigation,21
-5000,initial,38,North ashashbelad Tribe,Fertile Crescent,100,Cordage and Knots,21
-5000,initial,38,North ashashbelad Tribe,Fertile Crescent,101,Hide Working and Tailored Clothing,21
-5000,initial,38,North ashashbelad Tribe,Fertile Crescent,102,Hafted Stone Tools,21
-5000,initial,38,North ashashbelad Tribe,Fertile Crescent,105,Food Preservation,21
-5000,initial,38,North ashashbelad Tribe,Fertile Crescent,106,Storage Pits and Containers,21
-5000,initial,38,North ashashbelad Tribe,Fertile Crescent,107,Seasonal Aggregation Camps,21
-5000,initial,38,North ashashbelad Tribe,Fertile Crescent,110,Dog Domestication,21
-5000,initial,38,North ashashbelad Tribe,Fertile Crescent,111,Grinding Stones,21
-5000,initial,38,North ashashbelad Tribe,Fertile Crescent,112,Proto-cultivation,21
-5000,initial,38,North ashashbelad Tribe,Fertile Crescent,113,Sedentism,21
-5000,initial,38,North ashashbelad Tribe,Fertile Crescent,114,Enclosures and Herd Management,21
-5000,initial,38,North ashashbelad Tribe,Fertile Crescent,115,Counting Tokens and Tallies,21
-5000,initial,38,North ashashbelad Tribe,Fertile Crescent,116,Charcoal Firing,21
-5000,initial,38,North ashashbelad Tribe,Fertile Crescent,1,Pottery,21
-5000,initial,38,North ashashbelad Tribe,Fertile Crescent,119,Native Copper Working,21
-5000,initial,38,North ashashbelad Tribe,Fertile Crescent,2,Animal Husbandry,21
-5000,initial,38,North ashashbelad Tribe,Fertile Crescent,4,Mining,21
-5000,initial,38,North ashashbelad Tribe,Fertile Crescent,20,Agriculture,21
-5000,initial,38,North ashashbelad Tribe,Fertile Crescent,3,Archery,21
-5000,initial,38,North ashashbelad Tribe,Fertile Crescent,6,Calendar,21
-5000,initial,38,North ashashbelad Tribe,Fertile Crescent,10,Irrigation,21
-5000,initial,39,New linnaromia Tribe,Monsoon Coastal,100,Cordage and Knots,20
-5000,initial,39,New linnaromia Tribe,Monsoon Coastal,101,Hide Working and Tailored Clothing,20
-5000,initial,39,New linnaromia Tribe,Monsoon Coastal,102,Hafted Stone Tools,20
-5000,initial,39,New linnaromia Tribe,Monsoon Coastal,104,Fishing Technology,20
-5000,initial,39,New linnaromia Tribe,Monsoon Coastal,105,Food Preservation,20
-5000,initial,39,New linnaromia Tribe,Monsoon Coastal,106,Storage Pits and Containers,20
-5000,initial,39,New linnaromia Tribe,Monsoon Coastal,107,Seasonal Aggregation Camps,20
-5000,initial,39,New linnaromia Tribe,Monsoon Coastal,108,Watercraft,20
-5000,initial,39,New linnaromia Tribe,Monsoon Coastal,110,Dog Domestication,20
-5000,initial,39,New linnaromia Tribe,Monsoon Coastal,111,Grinding Stones,20
-5000,initial,39,New linnaromia Tribe,Monsoon Coastal,112,Proto-cultivation,20
-5000,initial,39,New linnaromia Tribe,Monsoon Coastal,113,Sedentism,20
-5000,initial,39,New linnaromia Tribe,Monsoon Coastal,114,Enclosures and Herd Management,20
-5000,initial,39,New linnaromia Tribe,Monsoon Coastal,116,Charcoal Firing,20
-5000,initial,39,New linnaromia Tribe,Monsoon Coastal,1,Pottery,20
-5000,initial,39,New linnaromia Tribe,Monsoon Coastal,2,Animal Husbandry,20
-5000,initial,39,New linnaromia Tribe,Monsoon Coastal,20,Agriculture,20
-5000,initial,39,New linnaromia Tribe,Monsoon Coastal,3,Archery,20
-5000,initial,39,New linnaromia Tribe,Monsoon Coastal,5,Sailing,20
-5000,initial,39,New linnaromia Tribe,Monsoon Coastal,6,Calendar,20
-5000,initial,40,Nazenstan Tribe,Monsoon Coastal,100,Cordage and Knots,20
-5000,initial,40,Nazenstan Tribe,Monsoon Coastal,101,Hide Working and Tailored Clothing,20
-5000,initial,40,Nazenstan Tribe,Monsoon Coastal,102,Hafted Stone Tools,20
-5000,initial,40,Nazenstan Tribe,Monsoon Coastal,104,Fishing Technology,20
-5000,initial,40,Nazenstan Tribe,Monsoon Coastal,105,Food Preservation,20
-5000,initial,40,Nazenstan Tribe,Monsoon Coastal,106,Storage Pits and Containers,20
-5000,initial,40,Nazenstan Tribe,Monsoon Coastal,107,Seasonal Aggregation Camps,20
-5000,initial,40,Nazenstan Tribe,Monsoon Coastal,108,Watercraft,20
-5000,initial,40,Nazenstan Tribe,Monsoon Coastal,110,Dog Domestication,20
-5000,initial,40,Nazenstan Tribe,Monsoon Coastal,111,Grinding Stones,20
-5000,initial,40,Nazenstan Tribe,Monsoon Coastal,112,Proto-cultivation,20
-5000,initial,40,Nazenstan Tribe,Monsoon Coastal,113,Sedentism,20
-5000,initial,40,Nazenstan Tribe,Monsoon Coastal,114,Enclosures and Herd Management,20
-5000,initial,40,Nazenstan Tribe,Monsoon Coastal,116,Charcoal Firing,20
-5000,initial,40,Nazenstan Tribe,Monsoon Coastal,1,Pottery,20
-5000,initial,40,Nazenstan Tribe,Monsoon Coastal,2,Animal Husbandry,20
-5000,initial,40,Nazenstan Tribe,Monsoon Coastal,20,Agriculture,20
-5000,initial,40,Nazenstan Tribe,Monsoon Coastal,3,Archery,20
-5000,initial,40,Nazenstan Tribe,Monsoon Coastal,5,Sailing,20
-5000,initial,40,Nazenstan Tribe,Monsoon Coastal,6,Calendar,20
-5000,initial,41,New quidus Tribe,Monsoon Coastal,100,Cordage and Knots,20
-5000,initial,41,New quidus Tribe,Monsoon Coastal,101,Hide Working and Tailored Clothing,20
-5000,initial,41,New quidus Tribe,Monsoon Coastal,102,Hafted Stone Tools,20
-5000,initial,41,New quidus Tribe,Monsoon Coastal,104,Fishing Technology,20
-5000,initial,41,New quidus Tribe,Monsoon Coastal,105,Food Preservation,20
-5000,initial,41,New quidus Tribe,Monsoon Coastal,106,Storage Pits and Containers,20
-5000,initial,41,New quidus Tribe,Monsoon Coastal,107,Seasonal Aggregation Camps,20
-5000,initial,41,New quidus Tribe,Monsoon Coastal,108,Watercraft,20
-5000,initial,41,New quidus Tribe,Monsoon Coastal,110,Dog Domestication,20
-5000,initial,41,New quidus Tribe,Monsoon Coastal,111,Grinding Stones,20
-5000,initial,41,New quidus Tribe,Monsoon Coastal,112,Proto-cultivation,20
-5000,initial,41,New quidus Tribe,Monsoon Coastal,113,Sedentism,20
-5000,initial,41,New quidus Tribe,Monsoon Coastal,114,Enclosures and Herd Management,20
-5000,initial,41,New quidus Tribe,Monsoon Coastal,116,Charcoal Firing,20
-5000,initial,41,New quidus Tribe,Monsoon Coastal,1,Pottery,20
-5000,initial,41,New quidus Tribe,Monsoon Coastal,2,Animal Husbandry,20
-5000,initial,41,New quidus Tribe,Monsoon Coastal,20,Agriculture,20
-5000,initial,41,New quidus Tribe,Monsoon Coastal,3,Archery,20
-5000,initial,41,New quidus Tribe,Monsoon Coastal,5,Sailing,20
-5000,initial,41,New quidus Tribe,Monsoon Coastal,6,Calendar,20
-5000,initial,42,New zensolia Tribe,Monsoon Coastal,100,Cordage and Knots,20
-5000,initial,42,New zensolia Tribe,Monsoon Coastal,101,Hide Working and Tailored Clothing,20
-5000,initial,42,New zensolia Tribe,Monsoon Coastal,102,Hafted Stone Tools,20
-5000,initial,42,New zensolia Tribe,Monsoon Coastal,104,Fishing Technology,20
-5000,initial,42,New zensolia Tribe,Monsoon Coastal,105,Food Preservation,20
-5000,initial,42,New zensolia Tribe,Monsoon Coastal,106,Storage Pits and Containers,20
-5000,initial,42,New zensolia Tribe,Monsoon Coastal,107,Seasonal Aggregation Camps,20
-5000,initial,42,New zensolia Tribe,Monsoon Coastal,108,Watercraft,20
-5000,initial,42,New zensolia Tribe,Monsoon Coastal,110,Dog Domestication,20
-5000,initial,42,New zensolia Tribe,Monsoon Coastal,111,Grinding Stones,20
-5000,initial,42,New zensolia Tribe,Monsoon Coastal,112,Proto-cultivation,20
-5000,initial,42,New zensolia Tribe,Monsoon Coastal,113,Sedentism,20
-5000,initial,42,New zensolia Tribe,Monsoon Coastal,114,Enclosures and Herd Management,20
-5000,initial,42,New zensolia Tribe,Monsoon Coastal,116,Charcoal Firing,20
-5000,initial,42,New zensolia Tribe,Monsoon Coastal,1,Pottery,20
-5000,initial,42,New zensolia Tribe,Monsoon Coastal,2,Animal Husbandry,20
-5000,initial,42,New zensolia Tribe,Monsoon Coastal,20,Agriculture,20
-5000,initial,42,New zensolia Tribe,Monsoon Coastal,3,Archery,20
-5000,initial,42,New zensolia Tribe,Monsoon Coastal,5,Sailing,20
-5000,initial,42,New zensolia Tribe,Monsoon Coastal,6,Calendar,20
-5000,initial,43,Marquiia Tribe,Monsoon Coastal,100,Cordage and Knots,20
-5000,initial,43,Marquiia Tribe,Monsoon Coastal,101,Hide Working and Tailored Clothing,20
-5000,initial,43,Marquiia Tribe,Monsoon Coastal,102,Hafted Stone Tools,20
-5000,initial,43,Marquiia Tribe,Monsoon Coastal,104,Fishing Technology,20
-5000,initial,43,Marquiia Tribe,Monsoon Coastal,105,Food Preservation,20
-5000,initial,43,Marquiia Tribe,Monsoon Coastal,106,Storage Pits and Containers,20
-5000,initial,43,Marquiia Tribe,Monsoon Coastal,107,Seasonal Aggregation Camps,20
-5000,initial,43,Marquiia Tribe,Monsoon Coastal,108,Watercraft,20
-5000,initial,43,Marquiia Tribe,Monsoon Coastal,110,Dog Domestication,20
-5000,initial,43,Marquiia Tribe,Monsoon Coastal,111,Grinding Stones,20
-5000,initial,43,Marquiia Tribe,Monsoon Coastal,112,Proto-cultivation,20
-5000,initial,43,Marquiia Tribe,Monsoon Coastal,113,Sedentism,20
-5000,initial,43,Marquiia Tribe,Monsoon Coastal,114,Enclosures and Herd Management,20
-5000,initial,43,Marquiia Tribe,Monsoon Coastal,116,Charcoal Firing,20
-5000,initial,43,Marquiia Tribe,Monsoon Coastal,1,Pottery,20
-5000,initial,43,Marquiia Tribe,Monsoon Coastal,2,Animal Husbandry,20
-5000,initial,43,Marquiia Tribe,Monsoon Coastal,20,Agriculture,20
-5000,initial,43,Marquiia Tribe,Monsoon Coastal,3,Archery,20
-5000,initial,43,Marquiia Tribe,Monsoon Coastal,5,Sailing,20
-5000,initial,43,Marquiia Tribe,Monsoon Coastal,6,Calendar,20
-5000,initial,44,Romzengrad Tribe,Monsoon Coastal,100,Cordage and Knots,20
-5000,initial,44,Romzengrad Tribe,Monsoon Coastal,101,Hide Working and Tailored Clothing,20
-5000,initial,44,Romzengrad Tribe,Monsoon Coastal,102,Hafted Stone Tools,20
-5000,initial,44,Romzengrad Tribe,Monsoon Coastal,104,Fishing Technology,20
-5000,initial,44,Romzengrad Tribe,Monsoon Coastal,105,Food Preservation,20
-5000,initial,44,Romzengrad Tribe,Monsoon Coastal,106,Storage Pits and Containers,20
-5000,initial,44,Romzengrad Tribe,Monsoon Coastal,107,Seasonal Aggregation Camps,20
-5000,initial,44,Romzengrad Tribe,Monsoon Coastal,108,Watercraft,20
-5000,initial,44,Romzengrad Tribe,Monsoon Coastal,110,Dog Domestication,20
-5000,initial,44,Romzengrad Tribe,Monsoon Coastal,111,Grinding Stones,20
-5000,initial,44,Romzengrad Tribe,Monsoon Coastal,112,Proto-cultivation,20
-5000,initial,44,Romzengrad Tribe,Monsoon Coastal,113,Sedentism,20
-5000,initial,44,Romzengrad Tribe,Monsoon Coastal,114,Enclosures and Herd Management,20
-5000,initial,44,Romzengrad Tribe,Monsoon Coastal,116,Charcoal Firing,20
-5000,initial,44,Romzengrad Tribe,Monsoon Coastal,1,Pottery,20
-5000,initial,44,Romzengrad Tribe,Monsoon Coastal,2,Animal Husbandry,20
-5000,initial,44,Romzengrad Tribe,Monsoon Coastal,20,Agriculture,20
-5000,initial,44,Romzengrad Tribe,Monsoon Coastal,3,Archery,20
-5000,initial,44,Romzengrad Tribe,Monsoon Coastal,5,Sailing,20
-5000,initial,44,Romzengrad Tribe,Monsoon Coastal,6,Calendar,20
-5000,initial,45,Great vianaromland Tribe,Steppe Nomadic,100,Cordage and Knots,14
-5000,initial,45,Great vianaromland Tribe,Steppe Nomadic,101,Hide Working and Tailored Clothing,14
-5000,initial,45,Great vianaromland Tribe,Steppe Nomadic,102,Hafted Stone Tools,14
-5000,initial,45,Great vianaromland Tribe,Steppe Nomadic,105,Food Preservation,14
-5000,initial,45,Great vianaromland Tribe,Steppe Nomadic,106,Storage Pits and Containers,14
-5000,initial,45,Great vianaromland Tribe,Steppe Nomadic,107,Seasonal Aggregation Camps,14
-5000,initial,45,Great vianaromland Tribe,Steppe Nomadic,110,Dog Domestication,14
-5000,initial,45,Great vianaromland Tribe,Steppe Nomadic,111,Grinding Stones,14
-5000,initial,45,Great vianaromland Tribe,Steppe Nomadic,113,Sedentism,14
-5000,initial,45,Great vianaromland Tribe,Steppe Nomadic,114,Enclosures and Herd Management,14
-5000,initial,45,Great vianaromland Tribe,Steppe Nomadic,2,Animal Husbandry,14
-5000,initial,45,Great vianaromland Tribe,Steppe Nomadic,4,Mining,14
-5000,initial,45,Great vianaromland Tribe,Steppe Nomadic,3,Archery,14
-5000,initial,45,Great vianaromland Tribe,Steppe Nomadic,6,Calendar,14
-5000,initial,46,Old ranzenland Tribe,Steppe Nomadic,100,Cordage and Knots,14
-5000,initial,46,Old ranzenland Tribe,Steppe Nomadic,101,Hide Working and Tailored Clothing,14
-5000,initial,46,Old ranzenland Tribe,Steppe Nomadic,102,Hafted Stone Tools,14
-5000,initial,46,Old ranzenland Tribe,Steppe Nomadic,105,Food Preservation,14
-5000,initial,46,Old ranzenland Tribe,Steppe Nomadic,106,Storage Pits and Containers,14
-5000,initial,46,Old ranzenland Tribe,Steppe Nomadic,107,Seasonal Aggregation Camps,14
-5000,initial,46,Old ranzenland Tribe,Steppe Nomadic,110,Dog Domestication,14
-5000,initial,46,Old ranzenland Tribe,Steppe Nomadic,111,Grinding Stones,14
-5000,initial,46,Old ranzenland Tribe,Steppe Nomadic,113,Sedentism,14
-5000,initial,46,Old ranzenland Tribe,Steppe Nomadic,114,Enclosures and Herd Management,14
-5000,initial,46,Old ranzenland Tribe,Steppe Nomadic,2,Animal Husbandry,14
-5000,initial,46,Old ranzenland Tribe,Steppe Nomadic,4,Mining,14
-5000,initial,46,Old ranzenland Tribe,Steppe Nomadic,3,Archery,14
-5000,initial,46,Old ranzenland Tribe,Steppe Nomadic,6,Calendar,14
-5000,initial,47,Great dusromgrad Tribe,Steppe Nomadic,100,Cordage and Knots,14
-5000,initial,47,Great dusromgrad Tribe,Steppe Nomadic,101,Hide Working and Tailored Clothing,14
-5000,initial,47,Great dusromgrad Tribe,Steppe Nomadic,102,Hafted Stone Tools,14
-5000,initial,47,Great dusromgrad Tribe,Steppe Nomadic,105,Food Preservation,14
-5000,initial,47,Great dusromgrad Tribe,Steppe Nomadic,106,Storage Pits and Containers,14
-5000,initial,47,Great dusromgrad Tribe,Steppe Nomadic,107,Seasonal Aggregation Camps,14
-5000,initial,47,Great dusromgrad Tribe,Steppe Nomadic,110,Dog Domestication,14
-5000,initial,47,Great dusromgrad Tribe,Steppe Nomadic,111,Grinding Stones,14
-5000,initial,47,Great dusromgrad Tribe,Steppe Nomadic,113,Sedentism,14
-5000,initial,47,Great dusromgrad Tribe,Steppe Nomadic,114,Enclosures and Herd Management,14
-5000,initial,47,Great dusromgrad Tribe,Steppe Nomadic,2,Animal Husbandry,14
-5000,initial,47,Great dusromgrad Tribe,Steppe Nomadic,4,Mining,14
-5000,initial,47,Great dusromgrad Tribe,Steppe Nomadic,3,Archery,14
-5000,initial,47,Great dusromgrad Tribe,Steppe Nomadic,6,Calendar,14
-5000,initial,48,South ngongongoara Tribe,Nile Floodplain,100,Cordage and Knots,19
-5000,initial,48,South ngongongoara Tribe,Nile Floodplain,101,Hide Working and Tailored Clothing,19
-5000,initial,48,South ngongongoara Tribe,Nile Floodplain,102,Hafted Stone Tools,19
-5000,initial,48,South ngongongoara Tribe,Nile Floodplain,105,Food Preservation,19
-5000,initial,48,South ngongongoara Tribe,Nile Floodplain,106,Storage Pits and Containers,19
-5000,initial,48,South ngongongoara Tribe,Nile Floodplain,107,Seasonal Aggregation Camps,19
-5000,initial,48,South ngongongoara Tribe,Nile Floodplain,110,Dog Domestication,19
-5000,initial,48,South ngongongoara Tribe,Nile Floodplain,111,Grinding Stones,19
-5000,initial,48,South ngongongoara Tribe,Nile Floodplain,112,Proto-cultivation,19
-5000,initial,48,South ngongongoara Tribe,Nile Floodplain,113,Sedentism,19
-5000,initial,48,South ngongongoara Tribe,Nile Floodplain,114,Enclosures and Herd Management,19
-5000,initial,48,South ngongongoara Tribe,Nile Floodplain,115,Counting Tokens and Tallies,19
-5000,initial,48,South ngongongoara Tribe,Nile Floodplain,116,Charcoal Firing,19
-5000,initial,48,South ngongongoara Tribe,Nile Floodplain,1,Pottery,19
-5000,initial,48,South ngongongoara Tribe,Nile Floodplain,2,Animal Husbandry,19
-5000,initial,48,South ngongongoara Tribe,Nile Floodplain,20,Agriculture,19
-5000,initial,48,South ngongongoara Tribe,Nile Floodplain,3,Archery,19
-5000,initial,48,South ngongongoara Tribe,Nile Floodplain,6,Calendar,19
-5000,initial,48,South ngongongoara Tribe,Nile Floodplain,10,Irrigation,19
-5000,initial,49,Old masezuu Tribe,Nile Floodplain,100,Cordage and Knots,19
-5000,initial,49,Old masezuu Tribe,Nile Floodplain,101,Hide Working and Tailored Clothing,19
-5000,initial,49,Old masezuu Tribe,Nile Floodplain,102,Hafted Stone Tools,19
-5000,initial,49,Old masezuu Tribe,Nile Floodplain,105,Food Preservation,19
-5000,initial,49,Old masezuu Tribe,Nile Floodplain,106,Storage Pits and Containers,19
-5000,initial,49,Old masezuu Tribe,Nile Floodplain,107,Seasonal Aggregation Camps,19
-5000,initial,49,Old masezuu Tribe,Nile Floodplain,110,Dog Domestication,19
-5000,initial,49,Old masezuu Tribe,Nile Floodplain,111,Grinding Stones,19
-5000,initial,49,Old masezuu Tribe,Nile Floodplain,112,Proto-cultivation,19
-5000,initial,49,Old masezuu Tribe,Nile Floodplain,113,Sedentism,19
-5000,initial,49,Old masezuu Tribe,Nile Floodplain,114,Enclosures and Herd Management,19
-5000,initial,49,Old masezuu Tribe,Nile Floodplain,115,Counting Tokens and Tallies,19
-5000,initial,49,Old masezuu Tribe,Nile Floodplain,116,Charcoal Firing,19
-5000,initial,49,Old masezuu Tribe,Nile Floodplain,1,Pottery,19
-5000,initial,49,Old masezuu Tribe,Nile Floodplain,2,Animal Husbandry,19
-5000,initial,49,Old masezuu Tribe,Nile Floodplain,20,Agriculture,19
-5000,initial,49,Old masezuu Tribe,Nile Floodplain,3,Archery,19
-5000,initial,49,Old masezuu Tribe,Nile Floodplain,6,Calendar,19
-5000,initial,49,Old masezuu Tribe,Nile Floodplain,10,Irrigation,19
-5000,initial,50,North tansetanara Tribe,North Saharan,100,Cordage and Knots,19
-5000,initial,50,North tansetanara Tribe,North Saharan,101,Hide Working and Tailored Clothing,19
-5000,initial,50,North tansetanara Tribe,North Saharan,102,Hafted Stone Tools,19
-5000,initial,50,North tansetanara Tribe,North Saharan,105,Food Preservation,19
-5000,initial,50,North tansetanara Tribe,North Saharan,106,Storage Pits and Containers,19
-5000,initial,50,North tansetanara Tribe,North Saharan,107,Seasonal Aggregation Camps,19
-5000,initial,50,North tansetanara Tribe,North Saharan,110,Dog Domestication,19
-5000,initial,50,North tansetanara Tribe,North Saharan,111,Grinding Stones,19
-5000,initial,50,North tansetanara Tribe,North Saharan,112,Proto-cultivation,19
-5000,initial,50,North tansetanara Tribe,North Saharan,113,Sedentism,19
-5000,initial,50,North tansetanara Tribe,North Saharan,114,Enclosures and Herd Management,19
-5000,initial,50,North tansetanara Tribe,North Saharan,115,Counting Tokens and Tallies,19
-5000,initial,50,North tansetanara Tribe,North Saharan,116,Charcoal Firing,19
-5000,initial,50,North tansetanara Tribe,North Saharan,1,Pottery,19
-5000,initial,50,North tansetanara Tribe,North Saharan,2,Animal Husbandry,19
-5000,initial,50,North tansetanara Tribe,North Saharan,4,Mining,19
-5000,initial,50,North tansetanara Tribe,North Saharan,20,Agriculture,19
-5000,initial,50,North tansetanara Tribe,North Saharan,3,Archery,19
-5000,initial,50,North tansetanara Tribe,North Saharan,6,Calendar,19
-5000,initial,51,Great chimau Tribe,West Sahel,100,Cordage and Knots,15
-5000,initial,51,Great chimau Tribe,West Sahel,101,Hide Working and Tailored Clothing,15
-5000,initial,51,Great chimau Tribe,West Sahel,102,Hafted Stone Tools,15
-5000,initial,51,Great chimau Tribe,West Sahel,105,Food Preservation,15
-5000,initial,51,Great chimau Tribe,West Sahel,106,Storage Pits and Containers,15
-5000,initial,51,Great chimau Tribe,West Sahel,107,Seasonal Aggregation Camps,15
-5000,initial,51,Great chimau Tribe,West Sahel,111,Grinding Stones,15
-5000,initial,51,Great chimau Tribe,West Sahel,112,Proto-cultivation,15
-5000,initial,51,Great chimau Tribe,West Sahel,113,Sedentism,15
-5000,initial,51,Great chimau Tribe,West Sahel,116,Charcoal Firing,15
-5000,initial,51,Great chimau Tribe,West Sahel,1,Pottery,15
-5000,initial,51,Great chimau Tribe,West Sahel,4,Mining,15
-5000,initial,51,Great chimau Tribe,West Sahel,20,Agriculture,15
-5000,initial,51,Great chimau Tribe,West Sahel,3,Archery,15
-5000,initial,51,Great chimau Tribe,West Sahel,6,Calendar,15
-5000,initial,52,North barkabar Tribe,West Sahel,100,Cordage and Knots,15
-5000,initial,52,North barkabar Tribe,West Sahel,101,Hide Working and Tailored Clothing,15
-5000,initial,52,North barkabar Tribe,West Sahel,102,Hafted Stone Tools,15
-5000,initial,52,North barkabar Tribe,West Sahel,105,Food Preservation,15
-5000,initial,52,North barkabar Tribe,West Sahel,106,Storage Pits and Containers,15
-5000,initial,52,North barkabar Tribe,West Sahel,107,Seasonal Aggregation Camps,15
-5000,initial,52,North barkabar Tribe,West Sahel,111,Grinding Stones,15
-5000,initial,52,North barkabar Tribe,West Sahel,112,Proto-cultivation,15
-5000,initial,52,North barkabar Tribe,West Sahel,113,Sedentism,15
-5000,initial,52,North barkabar Tribe,West Sahel,116,Charcoal Firing,15
-5000,initial,52,North barkabar Tribe,West Sahel,1,Pottery,15
-5000,initial,52,North barkabar Tribe,West Sahel,4,Mining,15
-5000,initial,52,North barkabar Tribe,West Sahel,20,Agriculture,15
-5000,initial,52,North barkabar Tribe,West Sahel,3,Archery,15
-5000,initial,52,North barkabar Tribe,West Sahel,6,Calendar,15
-5000,initial,53,Maofi Tribe,East Horn,100,Cordage and Knots,15
-5000,initial,53,Maofi Tribe,East Horn,101,Hide Working and Tailored Clothing,15
-5000,initial,53,Maofi Tribe,East Horn,102,Hafted Stone Tools,15
-5000,initial,53,Maofi Tribe,East Horn,105,Food Preservation,15
-5000,initial,53,Maofi Tribe,East Horn,106,Storage Pits and Containers,15
-5000,initial,53,Maofi Tribe,East Horn,107,Seasonal Aggregation Camps,15
-5000,initial,53,Maofi Tribe,East Horn,111,Grinding Stones,15
-5000,initial,53,Maofi Tribe,East Horn,112,Proto-cultivation,15
-5000,initial,53,Maofi Tribe,East Horn,113,Sedentism,15
-5000,initial,53,Maofi Tribe,East Horn,116,Charcoal Firing,15
-5000,initial,53,Maofi Tribe,East Horn,1,Pottery,15
-5000,initial,53,Maofi Tribe,East Horn,4,Mining,15
-5000,initial,53,Maofi Tribe,East Horn,20,Agriculture,15
-5000,initial,53,Maofi Tribe,East Horn,3,Archery,15
-5000,initial,53,Maofi Tribe,East Horn,6,Calendar,15
-5000,initial,54,New barseene Tribe,East Horn,100,Cordage and Knots,15
-5000,initial,54,New barseene Tribe,East Horn,101,Hide Working and Tailored Clothing,15
-5000,initial,54,New barseene Tribe,East Horn,102,Hafted Stone Tools,15
-5000,initial,54,New barseene Tribe,East Horn,105,Food Preservation,15
-5000,initial,54,New barseene Tribe,East Horn,106,Storage Pits and Containers,15
-5000,initial,54,New barseene Tribe,East Horn,107,Seasonal Aggregation Camps,15
-5000,initial,54,New barseene Tribe,East Horn,111,Grinding Stones,15
-5000,initial,54,New barseene Tribe,East Horn,112,Proto-cultivation,15
-5000,initial,54,New barseene Tribe,East Horn,113,Sedentism,15
-5000,initial,54,New barseene Tribe,East Horn,116,Charcoal Firing,15
-5000,initial,54,New barseene Tribe,East Horn,1,Pottery,15
-5000,initial,54,New barseene Tribe,East Horn,4,Mining,15
-5000,initial,54,New barseene Tribe,East Horn,20,Agriculture,15
-5000,initial,54,New barseene Tribe,East Horn,3,Archery,15
-5000,initial,54,New barseene Tribe,East Horn,6,Calendar,15
-5000,initial,55,Kaseu Tribe,Central Forest,100,Cordage and Knots,13
-5000,initial,55,Kaseu Tribe,Central Forest,101,Hide Working and Tailored Clothing,13
-5000,initial,55,Kaseu Tribe,Central Forest,102,Hafted Stone Tools,13
-5000,initial,55,Kaseu Tribe,Central Forest,105,Food Preservation,13
-5000,initial,55,Kaseu Tribe,Central Forest,106,Storage Pits and Containers,13
-5000,initial,55,Kaseu Tribe,Central Forest,107,Seasonal Aggregation Camps,13
-5000,initial,55,Kaseu Tribe,Central Forest,111,Grinding Stones,13
-5000,initial,55,Kaseu Tribe,Central Forest,113,Sedentism,13
-5000,initial,55,Kaseu Tribe,Central Forest,116,Charcoal Firing,13
-5000,initial,55,Kaseu Tribe,Central Forest,1,Pottery,13
-5000,initial,55,Kaseu Tribe,Central Forest,4,Mining,13
-5000,initial,55,Kaseu Tribe,Central Forest,3,Archery,13
-5000,initial,55,Kaseu Tribe,Central Forest,6,Calendar,13
-5000,initial,56,Great lendortarland Tribe,Mediterranean Highland,100,Cordage and Knots,20
-5000,initial,56,Great lendortarland Tribe,Mediterranean Highland,101,Hide Working and Tailored Clothing,20
-5000,initial,56,Great lendortarland Tribe,Mediterranean Highland,102,Hafted Stone Tools,20
-5000,initial,56,Great lendortarland Tribe,Mediterranean Highland,105,Food Preservation,20
-5000,initial,56,Great lendortarland Tribe,Mediterranean Highland,106,Storage Pits and Containers,20
-5000,initial,56,Great lendortarland Tribe,Mediterranean Highland,107,Seasonal Aggregation Camps,20
-5000,initial,56,Great lendortarland Tribe,Mediterranean Highland,110,Dog Domestication,20
-5000,initial,56,Great lendortarland Tribe,Mediterranean Highland,111,Grinding Stones,20
-5000,initial,56,Great lendortarland Tribe,Mediterranean Highland,112,Proto-cultivation,20
-5000,initial,56,Great lendortarland Tribe,Mediterranean Highland,113,Sedentism,20
-5000,initial,56,Great lendortarland Tribe,Mediterranean Highland,114,Enclosures and Herd Management,20
-5000,initial,56,Great lendortarland Tribe,Mediterranean Highland,115,Counting Tokens and Tallies,20
-5000,initial,56,Great lendortarland Tribe,Mediterranean Highland,116,Charcoal Firing,20
-5000,initial,56,Great lendortarland Tribe,Mediterranean Highland,1,Pottery,20
-5000,initial,56,Great lendortarland Tribe,Mediterranean Highland,119,Native Copper Working,20
-5000,initial,56,Great lendortarland Tribe,Mediterranean Highland,2,Animal Husbandry,20
-5000,initial,56,Great lendortarland Tribe,Mediterranean Highland,4,Mining,20
-5000,initial,56,Great lendortarland Tribe,Mediterranean Highland,20,Agriculture,20
-5000,initial,56,Great lendortarland Tribe,Mediterranean Highland,3,Archery,20
-5000,initial,56,Great lendortarland Tribe,Mediterranean Highland,6,Calendar,20
-5000,initial,57,Old romnorlenburg Tribe,Mediterranean Highland,100,Cordage and Knots,20
-5000,initial,57,Old romnorlenburg Tribe,Mediterranean Highland,101,Hide Working and Tailored Clothing,20
-5000,initial,57,Old romnorlenburg Tribe,Mediterranean Highland,102,Hafted Stone Tools,20
-5000,initial,57,Old romnorlenburg Tribe,Mediterranean Highland,105,Food Preservation,20
-5000,initial,57,Old romnorlenburg Tribe,Mediterranean Highland,106,Storage Pits and Containers,20
-5000,initial,57,Old romnorlenburg Tribe,Mediterranean Highland,107,Seasonal Aggregation Camps,20
-5000,initial,57,Old romnorlenburg Tribe,Mediterranean Highland,110,Dog Domestication,20
-5000,initial,57,Old romnorlenburg Tribe,Mediterranean Highland,111,Grinding Stones,20
-5000,initial,57,Old romnorlenburg Tribe,Mediterranean Highland,112,Proto-cultivation,20
-5000,initial,57,Old romnorlenburg Tribe,Mediterranean Highland,113,Sedentism,20
-5000,initial,57,Old romnorlenburg Tribe,Mediterranean Highland,114,Enclosures and Herd Management,20
-5000,initial,57,Old romnorlenburg Tribe,Mediterranean Highland,115,Counting Tokens and Tallies,20
-5000,initial,57,Old romnorlenburg Tribe,Mediterranean Highland,116,Charcoal Firing,20
-5000,initial,57,Old romnorlenburg Tribe,Mediterranean Highland,1,Pottery,20
-5000,initial,57,Old romnorlenburg Tribe,Mediterranean Highland,119,Native Copper Working,20
-5000,initial,57,Old romnorlenburg Tribe,Mediterranean Highland,2,Animal Husbandry,20
-5000,initial,57,Old romnorlenburg Tribe,Mediterranean Highland,4,Mining,20
-5000,initial,57,Old romnorlenburg Tribe,Mediterranean Highland,20,Agriculture,20
-5000,initial,57,Old romnorlenburg Tribe,Mediterranean Highland,3,Archery,20
-5000,initial,57,Old romnorlenburg Tribe,Mediterranean Highland,6,Calendar,20
-5000,initial,58,North venseltarburg Tribe,Mediterranean Urban,100,Cordage and Knots,22
-5000,initial,58,North venseltarburg Tribe,Mediterranean Urban,101,Hide Working and Tailored Clothing,22
-5000,initial,58,North venseltarburg Tribe,Mediterranean Urban,102,Hafted Stone Tools,22
-5000,initial,58,North venseltarburg Tribe,Mediterranean Urban,104,Fishing Technology,22
-5000,initial,58,North venseltarburg Tribe,Mediterranean Urban,105,Food Preservation,22
-5000,initial,58,North venseltarburg Tribe,Mediterranean Urban,106,Storage Pits and Containers,22
-5000,initial,58,North venseltarburg Tribe,Mediterranean Urban,107,Seasonal Aggregation Camps,22
-5000,initial,58,North venseltarburg Tribe,Mediterranean Urban,108,Watercraft,22
-5000,initial,58,North venseltarburg Tribe,Mediterranean Urban,110,Dog Domestication,22
-5000,initial,58,North venseltarburg Tribe,Mediterranean Urban,111,Grinding Stones,22
-5000,initial,58,North venseltarburg Tribe,Mediterranean Urban,112,Proto-cultivation,22
-5000,initial,58,North venseltarburg Tribe,Mediterranean Urban,113,Sedentism,22
-5000,initial,58,North venseltarburg Tribe,Mediterranean Urban,114,Enclosures and Herd Management,22
-5000,initial,58,North venseltarburg Tribe,Mediterranean Urban,115,Counting Tokens and Tallies,22
-5000,initial,58,North venseltarburg Tribe,Mediterranean Urban,116,Charcoal Firing,22
-5000,initial,58,North venseltarburg Tribe,Mediterranean Urban,1,Pottery,22
-5000,initial,58,North venseltarburg Tribe,Mediterranean Urban,2,Animal Husbandry,22
-5000,initial,58,North venseltarburg Tribe,Mediterranean Urban,4,Mining,22
-5000,initial,58,North venseltarburg Tribe,Mediterranean Urban,20,Agriculture,22
-5000,initial,58,North venseltarburg Tribe,Mediterranean Urban,3,Archery,22
-5000,initial,58,North venseltarburg Tribe,Mediterranean Urban,5,Sailing,22
-5000,initial,58,North venseltarburg Tribe,Mediterranean Urban,6,Calendar,22
-5000,initial,59,South romtarkarburg Tribe,Mediterranean Urban,100,Cordage and Knots,22
-5000,initial,59,South romtarkarburg Tribe,Mediterranean Urban,101,Hide Working and Tailored Clothing,22
-5000,initial,59,South romtarkarburg Tribe,Mediterranean Urban,102,Hafted Stone Tools,22
-5000,initial,59,South romtarkarburg Tribe,Mediterranean Urban,104,Fishing Technology,22
-5000,initial,59,South romtarkarburg Tribe,Mediterranean Urban,105,Food Preservation,22
-5000,initial,59,South romtarkarburg Tribe,Mediterranean Urban,106,Storage Pits and Containers,22
-5000,initial,59,South romtarkarburg Tribe,Mediterranean Urban,107,Seasonal Aggregation Camps,22
-5000,initial,59,South romtarkarburg Tribe,Mediterranean Urban,108,Watercraft,22
-5000,initial,59,South romtarkarburg Tribe,Mediterranean Urban,110,Dog Domestication,22
-5000,initial,59,South romtarkarburg Tribe,Mediterranean Urban,111,Grinding Stones,22
-5000,initial,59,South romtarkarburg Tribe,Mediterranean Urban,112,Proto-cultivation,22
-5000,initial,59,South romtarkarburg Tribe,Mediterranean Urban,113,Sedentism,22
-5000,initial,59,South romtarkarburg Tribe,Mediterranean Urban,114,Enclosures and Herd Management,22
-5000,initial,59,South romtarkarburg Tribe,Mediterranean Urban,115,Counting Tokens and Tallies,22
-5000,initial,59,South romtarkarburg Tribe,Mediterranean Urban,116,Charcoal Firing,22
-5000,initial,59,South romtarkarburg Tribe,Mediterranean Urban,1,Pottery,22
-5000,initial,59,South romtarkarburg Tribe,Mediterranean Urban,2,Animal Husbandry,22
-5000,initial,59,South romtarkarburg Tribe,Mediterranean Urban,4,Mining,22
-5000,initial,59,South romtarkarburg Tribe,Mediterranean Urban,20,Agriculture,22
-5000,initial,59,South romtarkarburg Tribe,Mediterranean Urban,3,Archery,22
-5000,initial,59,South romtarkarburg Tribe,Mediterranean Urban,5,Sailing,22
-5000,initial,59,South romtarkarburg Tribe,Mediterranean Urban,6,Calendar,22
-5000,initial,60,Great karven Tribe,Central Plain,100,Cordage and Knots,18
-5000,initial,60,Great karven Tribe,Central Plain,101,Hide Working and Tailored Clothing,18
-5000,initial,60,Great karven Tribe,Central Plain,102,Hafted Stone Tools,18
-5000,initial,60,Great karven Tribe,Central Plain,105,Food Preservation,18
-5000,initial,60,Great karven Tribe,Central Plain,106,Storage Pits and Containers,18
-5000,initial,60,Great karven Tribe,Central Plain,107,Seasonal Aggregation Camps,18
-5000,initial,60,Great karven Tribe,Central Plain,110,Dog Domestication,18
-5000,initial,60,Great karven Tribe,Central Plain,111,Grinding Stones,18
-5000,initial,60,Great karven Tribe,Central Plain,112,Proto-cultivation,18
-5000,initial,60,Great karven Tribe,Central Plain,113,Sedentism,18
-5000,initial,60,Great karven Tribe,Central Plain,114,Enclosures and Herd Management,18
-5000,initial,60,Great karven Tribe,Central Plain,116,Charcoal Firing,18
-5000,initial,60,Great karven Tribe,Central Plain,1,Pottery,18
-5000,initial,60,Great karven Tribe,Central Plain,2,Animal Husbandry,18
-5000,initial,60,Great karven Tribe,Central Plain,4,Mining,18
-5000,initial,60,Great karven Tribe,Central Plain,20,Agriculture,18
-5000,initial,60,Great karven Tribe,Central Plain,3,Archery,18
-5000,initial,60,Great karven Tribe,Central Plain,6,Calendar,18
-5000,initial,61,Old dorvenum Tribe,Central Plain,100,Cordage and Knots,18
-5000,initial,61,Old dorvenum Tribe,Central Plain,101,Hide Working and Tailored Clothing,18
-5000,initial,61,Old dorvenum Tribe,Central Plain,102,Hafted Stone Tools,18
-5000,initial,61,Old dorvenum Tribe,Central Plain,105,Food Preservation,18
-5000,initial,61,Old dorvenum Tribe,Central Plain,106,Storage Pits and Containers,18
-5000,initial,61,Old dorvenum Tribe,Central Plain,107,Seasonal Aggregation Camps,18
-5000,initial,61,Old dorvenum Tribe,Central Plain,110,Dog Domestication,18
-5000,initial,61,Old dorvenum Tribe,Central Plain,111,Grinding Stones,18
-5000,initial,61,Old dorvenum Tribe,Central Plain,112,Proto-cultivation,18
-5000,initial,61,Old dorvenum Tribe,Central Plain,113,Sedentism,18
-5000,initial,61,Old dorvenum Tribe,Central Plain,114,Enclosures and Herd Management,18
-5000,initial,61,Old dorvenum Tribe,Central Plain,116,Charcoal Firing,18
-5000,initial,61,Old dorvenum Tribe,Central Plain,1,Pottery,18
-5000,initial,61,Old dorvenum Tribe,Central Plain,2,Animal Husbandry,18
-5000,initial,61,Old dorvenum Tribe,Central Plain,4,Mining,18
-5000,initial,61,Old dorvenum Tribe,Central Plain,20,Agriculture,18
-5000,initial,61,Old dorvenum Tribe,Central Plain,3,Archery,18
-5000,initial,61,Old dorvenum Tribe,Central Plain,6,Calendar,18
-5000,initial,62,South dorkartarburg Tribe,Atlantic Fringe,100,Cordage and Knots,15
-5000,initial,62,South dorkartarburg Tribe,Atlantic Fringe,101,Hide Working and Tailored Clothing,15
-5000,initial,62,South dorkartarburg Tribe,Atlantic Fringe,102,Hafted Stone Tools,15
-5000,initial,62,South dorkartarburg Tribe,Atlantic Fringe,105,Food Preservation,15
-5000,initial,62,South dorkartarburg Tribe,Atlantic Fringe,106,Storage Pits and Containers,15
-5000,initial,62,South dorkartarburg Tribe,Atlantic Fringe,107,Seasonal Aggregation Camps,15
-5000,initial,62,South dorkartarburg Tribe,Atlantic Fringe,111,Grinding Stones,15
-5000,initial,62,South dorkartarburg Tribe,Atlantic Fringe,112,Proto-cultivation,15
-5000,initial,62,South dorkartarburg Tribe,Atlantic Fringe,113,Sedentism,15
-5000,initial,62,South dorkartarburg Tribe,Atlantic Fringe,116,Charcoal Firing,15
-5000,initial,62,South dorkartarburg Tribe,Atlantic Fringe,1,Pottery,15
-5000,initial,62,South dorkartarburg Tribe,Atlantic Fringe,4,Mining,15
-5000,initial,62,South dorkartarburg Tribe,Atlantic Fringe,20,Agriculture,15
-5000,initial,62,South dorkartarburg Tribe,Atlantic Fringe,3,Archery,15
-5000,initial,62,South dorkartarburg Tribe,Atlantic Fringe,6,Calendar,15
-5000,initial,63,Old belsellenland Tribe,Atlantic Fringe,100,Cordage and Knots,15
-5000,initial,63,Old belsellenland Tribe,Atlantic Fringe,101,Hide Working and Tailored Clothing,15
-5000,initial,63,Old belsellenland Tribe,Atlantic Fringe,102,Hafted Stone Tools,15
-5000,initial,63,Old belsellenland Tribe,Atlantic Fringe,105,Food Preservation,15
-5000,initial,63,Old belsellenland Tribe,Atlantic Fringe,106,Storage Pits and Containers,15
-5000,initial,63,Old belsellenland Tribe,Atlantic Fringe,107,Seasonal Aggregation Camps,15
-5000,initial,63,Old belsellenland Tribe,Atlantic Fringe,111,Grinding Stones,15
-5000,initial,63,Old belsellenland Tribe,Atlantic Fringe,112,Proto-cultivation,15
-5000,initial,63,Old belsellenland Tribe,Atlantic Fringe,113,Sedentism,15
-5000,initial,63,Old belsellenland Tribe,Atlantic Fringe,116,Charcoal Firing,15
-5000,initial,63,Old belsellenland Tribe,Atlantic Fringe,1,Pottery,15
-5000,initial,63,Old belsellenland Tribe,Atlantic Fringe,4,Mining,15
-5000,initial,63,Old belsellenland Tribe,Atlantic Fringe,20,Agriculture,15
-5000,initial,63,Old belsellenland Tribe,Atlantic Fringe,3,Archery,15
-5000,initial,63,Old belsellenland Tribe,Atlantic Fringe,6,Calendar,15
-5000,initial,64,North romlenbelia Tribe,Northern Maritime,100,Cordage and Knots,11
-5000,initial,64,North romlenbelia Tribe,Northern Maritime,101,Hide Working and Tailored Clothing,11
-5000,initial,64,North romlenbelia Tribe,Northern Maritime,102,Hafted Stone Tools,11
-5000,initial,64,North romlenbelia Tribe,Northern Maritime,105,Food Preservation,11
-5000,initial,64,North romlenbelia Tribe,Northern Maritime,106,Storage Pits and Containers,11
-5000,initial,64,North romlenbelia Tribe,Northern Maritime,107,Seasonal Aggregation Camps,11
-5000,initial,64,North romlenbelia Tribe,Northern Maritime,111,Grinding Stones,11
-5000,initial,64,North romlenbelia Tribe,Northern Maritime,113,Sedentism,11
-5000,initial,64,North romlenbelia Tribe,Northern Maritime,4,Mining,11
-5000,initial,64,North romlenbelia Tribe,Northern Maritime,3,Archery,11
-5000,initial,64,North romlenbelia Tribe,Northern Maritime,6,Calendar,11
-5000,initial,65,Great chiyucpan Tribe,Mesoamerican,100,Cordage and Knots,14
-5000,initial,65,Great chiyucpan Tribe,Mesoamerican,101,Hide Working and Tailored Clothing,14
-5000,initial,65,Great chiyucpan Tribe,Mesoamerican,102,Hafted Stone Tools,14
-5000,initial,65,Great chiyucpan Tribe,Mesoamerican,105,Food Preservation,14
-5000,initial,65,Great chiyucpan Tribe,Mesoamerican,106,Storage Pits and Containers,14
-5000,initial,65,Great chiyucpan Tribe,Mesoamerican,107,Seasonal Aggregation Camps,14
-5000,initial,65,Great chiyucpan Tribe,Mesoamerican,111,Grinding Stones,14
-5000,initial,65,Great chiyucpan Tribe,Mesoamerican,112,Proto-cultivation,14
-5000,initial,65,Great chiyucpan Tribe,Mesoamerican,113,Sedentism,14
-5000,initial,65,Great chiyucpan Tribe,Mesoamerican,116,Charcoal Firing,14
-5000,initial,65,Great chiyucpan Tribe,Mesoamerican,1,Pottery,14
-5000,initial,65,Great chiyucpan Tribe,Mesoamerican,20,Agriculture,14
-5000,initial,65,Great chiyucpan Tribe,Mesoamerican,3,Archery,14
-5000,initial,65,Great chiyucpan Tribe,Mesoamerican,6,Calendar,14
-5000,initial,66,South yuccalco Tribe,Mesoamerican,100,Cordage and Knots,14
-5000,initial,66,South yuccalco Tribe,Mesoamerican,101,Hide Working and Tailored Clothing,14
-5000,initial,66,South yuccalco Tribe,Mesoamerican,102,Hafted Stone Tools,14
-5000,initial,66,South yuccalco Tribe,Mesoamerican,105,Food Preservation,14
-5000,initial,66,South yuccalco Tribe,Mesoamerican,106,Storage Pits and Containers,14
-5000,initial,66,South yuccalco Tribe,Mesoamerican,107,Seasonal Aggregation Camps,14
-5000,initial,66,South yuccalco Tribe,Mesoamerican,111,Grinding Stones,14
-5000,initial,66,South yuccalco Tribe,Mesoamerican,112,Proto-cultivation,14
-5000,initial,66,South yuccalco Tribe,Mesoamerican,113,Sedentism,14
-5000,initial,66,South yuccalco Tribe,Mesoamerican,116,Charcoal Firing,14
-5000,initial,66,South yuccalco Tribe,Mesoamerican,1,Pottery,14
-5000,initial,66,South yuccalco Tribe,Mesoamerican,20,Agriculture,14
-5000,initial,66,South yuccalco Tribe,Mesoamerican,3,Archery,14
-5000,initial,66,South yuccalco Tribe,Mesoamerican,6,Calendar,14
-5000,initial,67,New chinahco Tribe,Mesoamerican,100,Cordage and Knots,14
-5000,initial,67,New chinahco Tribe,Mesoamerican,101,Hide Working and Tailored Clothing,14
-5000,initial,67,New chinahco Tribe,Mesoamerican,102,Hafted Stone Tools,14
-5000,initial,67,New chinahco Tribe,Mesoamerican,105,Food Preservation,14
-5000,initial,67,New chinahco Tribe,Mesoamerican,106,Storage Pits and Containers,14
-5000,initial,67,New chinahco Tribe,Mesoamerican,107,Seasonal Aggregation Camps,14
-5000,initial,67,New chinahco Tribe,Mesoamerican,111,Grinding Stones,14
-5000,initial,67,New chinahco Tribe,Mesoamerican,112,Proto-cultivation,14
-5000,initial,67,New chinahco Tribe,Mesoamerican,113,Sedentism,14
-5000,initial,67,New chinahco Tribe,Mesoamerican,116,Charcoal Firing,14
-5000,initial,67,New chinahco Tribe,Mesoamerican,1,Pottery,14
-5000,initial,67,New chinahco Tribe,Mesoamerican,20,Agriculture,14
-5000,initial,67,New chinahco Tribe,Mesoamerican,3,Archery,14
-5000,initial,67,New chinahco Tribe,Mesoamerican,6,Calendar,14
-5000,initial,68,South itzcalan Tribe,Mesoamerican,100,Cordage and Knots,14
-5000,initial,68,South itzcalan Tribe,Mesoamerican,101,Hide Working and Tailored Clothing,14
-5000,initial,68,South itzcalan Tribe,Mesoamerican,102,Hafted Stone Tools,14
-5000,initial,68,South itzcalan Tribe,Mesoamerican,105,Food Preservation,14
-5000,initial,68,South itzcalan Tribe,Mesoamerican,106,Storage Pits and Containers,14
-5000,initial,68,South itzcalan Tribe,Mesoamerican,107,Seasonal Aggregation Camps,14
-5000,initial,68,South itzcalan Tribe,Mesoamerican,111,Grinding Stones,14
-5000,initial,68,South itzcalan Tribe,Mesoamerican,112,Proto-cultivation,14
-5000,initial,68,South itzcalan Tribe,Mesoamerican,113,Sedentism,14
-5000,initial,68,South itzcalan Tribe,Mesoamerican,116,Charcoal Firing,14
-5000,initial,68,South itzcalan Tribe,Mesoamerican,1,Pottery,14
-5000,initial,68,South itzcalan Tribe,Mesoamerican,20,Agriculture,14
-5000,initial,68,South itzcalan Tribe,Mesoamerican,3,Archery,14
-5000,initial,68,South itzcalan Tribe,Mesoamerican,6,Calendar,14
-5000,initial,69,New temyucan Tribe,Mesoamerican,100,Cordage and Knots,14
-5000,initial,69,New temyucan Tribe,Mesoamerican,101,Hide Working and Tailored Clothing,14
-5000,initial,69,New temyucan Tribe,Mesoamerican,102,Hafted Stone Tools,14
-5000,initial,69,New temyucan Tribe,Mesoamerican,105,Food Preservation,14
-5000,initial,69,New temyucan Tribe,Mesoamerican,106,Storage Pits and Containers,14
-5000,initial,69,New temyucan Tribe,Mesoamerican,107,Seasonal Aggregation Camps,14
-5000,initial,69,New temyucan Tribe,Mesoamerican,111,Grinding Stones,14
-5000,initial,69,New temyucan Tribe,Mesoamerican,112,Proto-cultivation,14
-5000,initial,69,New temyucan Tribe,Mesoamerican,113,Sedentism,14
-5000,initial,69,New temyucan Tribe,Mesoamerican,116,Charcoal Firing,14
-5000,initial,69,New temyucan Tribe,Mesoamerican,1,Pottery,14
-5000,initial,69,New temyucan Tribe,Mesoamerican,20,Agriculture,14
-5000,initial,69,New temyucan Tribe,Mesoamerican,3,Archery,14
-5000,initial,69,New temyucan Tribe,Mesoamerican,6,Calendar,14
-5000,initial,70,Great chiyucan Tribe,Mesoamerican,100,Cordage and Knots,14
-5000,initial,70,Great chiyucan Tribe,Mesoamerican,101,Hide Working and Tailored Clothing,14
-5000,initial,70,Great chiyucan Tribe,Mesoamerican,102,Hafted Stone Tools,14
-5000,initial,70,Great chiyucan Tribe,Mesoamerican,105,Food Preservation,14
-5000,initial,70,Great chiyucan Tribe,Mesoamerican,106,Storage Pits and Containers,14
-5000,initial,70,Great chiyucan Tribe,Mesoamerican,107,Seasonal Aggregation Camps,14
-5000,initial,70,Great chiyucan Tribe,Mesoamerican,111,Grinding Stones,14
-5000,initial,70,Great chiyucan Tribe,Mesoamerican,112,Proto-cultivation,14
-5000,initial,70,Great chiyucan Tribe,Mesoamerican,113,Sedentism,14
-5000,initial,70,Great chiyucan Tribe,Mesoamerican,116,Charcoal Firing,14
-5000,initial,70,Great chiyucan Tribe,Mesoamerican,1,Pottery,14
-5000,initial,70,Great chiyucan Tribe,Mesoamerican,20,Agriculture,14
-5000,initial,70,Great chiyucan Tribe,Mesoamerican,3,Archery,14
-5000,initial,70,Great chiyucan Tribe,Mesoamerican,6,Calendar,14
-5000,initial,71,Old itzxoccalco Tribe,Mesoamerican,100,Cordage and Knots,14
-5000,initial,71,Old itzxoccalco Tribe,Mesoamerican,101,Hide Working and Tailored Clothing,14
-5000,initial,71,Old itzxoccalco Tribe,Mesoamerican,102,Hafted Stone Tools,14
-5000,initial,71,Old itzxoccalco Tribe,Mesoamerican,105,Food Preservation,14
-5000,initial,71,Old itzxoccalco Tribe,Mesoamerican,106,Storage Pits and Containers,14
-5000,initial,71,Old itzxoccalco Tribe,Mesoamerican,107,Seasonal Aggregation Camps,14
-5000,initial,71,Old itzxoccalco Tribe,Mesoamerican,111,Grinding Stones,14
-5000,initial,71,Old itzxoccalco Tribe,Mesoamerican,112,Proto-cultivation,14
-5000,initial,71,Old itzxoccalco Tribe,Mesoamerican,113,Sedentism,14
-5000,initial,71,Old itzxoccalco Tribe,Mesoamerican,116,Charcoal Firing,14
-5000,initial,71,Old itzxoccalco Tribe,Mesoamerican,1,Pottery,14
-5000,initial,71,Old itzxoccalco Tribe,Mesoamerican,20,Agriculture,14
-5000,initial,71,Old itzxoccalco Tribe,Mesoamerican,3,Archery,14
-5000,initial,71,Old itzxoccalco Tribe,Mesoamerican,6,Calendar,14
-5000,initial,72,North calcalmixpan Tribe,Mesoamerican,100,Cordage and Knots,14
-5000,initial,72,North calcalmixpan Tribe,Mesoamerican,101,Hide Working and Tailored Clothing,14
-5000,initial,72,North calcalmixpan Tribe,Mesoamerican,102,Hafted Stone Tools,14
-5000,initial,72,North calcalmixpan Tribe,Mesoamerican,105,Food Preservation,14
-5000,initial,72,North calcalmixpan Tribe,Mesoamerican,106,Storage Pits and Containers,14
-5000,initial,72,North calcalmixpan Tribe,Mesoamerican,107,Seasonal Aggregation Camps,14
-5000,initial,72,North calcalmixpan Tribe,Mesoamerican,111,Grinding Stones,14
-5000,initial,72,North calcalmixpan Tribe,Mesoamerican,112,Proto-cultivation,14
-5000,initial,72,North calcalmixpan Tribe,Mesoamerican,113,Sedentism,14
-5000,initial,72,North calcalmixpan Tribe,Mesoamerican,116,Charcoal Firing,14
-5000,initial,72,North calcalmixpan Tribe,Mesoamerican,1,Pottery,14
-5000,initial,72,North calcalmixpan Tribe,Mesoamerican,20,Agriculture,14
-5000,initial,72,North calcalmixpan Tribe,Mesoamerican,3,Archery,14
-5000,initial,72,North calcalmixpan Tribe,Mesoamerican,6,Calendar,14
-5000,initial,73,Great yucxocitz Tribe,Mesoamerican,100,Cordage and Knots,14
-5000,initial,73,Great yucxocitz Tribe,Mesoamerican,101,Hide Working and Tailored Clothing,14
-5000,initial,73,Great yucxocitz Tribe,Mesoamerican,102,Hafted Stone Tools,14
-5000,initial,73,Great yucxocitz Tribe,Mesoamerican,105,Food Preservation,14
-5000,initial,73,Great yucxocitz Tribe,Mesoamerican,106,Storage Pits and Containers,14
-5000,initial,73,Great yucxocitz Tribe,Mesoamerican,107,Seasonal Aggregation Camps,14
-5000,initial,73,Great yucxocitz Tribe,Mesoamerican,111,Grinding Stones,14
-5000,initial,73,Great yucxocitz Tribe,Mesoamerican,112,Proto-cultivation,14
-5000,initial,73,Great yucxocitz Tribe,Mesoamerican,113,Sedentism,14
-5000,initial,73,Great yucxocitz Tribe,Mesoamerican,116,Charcoal Firing,14
-5000,initial,73,Great yucxocitz Tribe,Mesoamerican,1,Pottery,14
-5000,initial,73,Great yucxocitz Tribe,Mesoamerican,20,Agriculture,14
-5000,initial,73,Great yucxocitz Tribe,Mesoamerican,3,Archery,14
-5000,initial,73,Great yucxocitz Tribe,Mesoamerican,6,Calendar,14
-5000,initial,75,New intiruma Tribe,Andean Highland,100,Cordage and Knots,15
-5000,initial,75,New intiruma Tribe,Andean Highland,101,Hide Working and Tailored Clothing,15
-5000,initial,75,New intiruma Tribe,Andean Highland,102,Hafted Stone Tools,15
-5000,initial,75,New intiruma Tribe,Andean Highland,105,Food Preservation,15
-5000,initial,75,New intiruma Tribe,Andean Highland,106,Storage Pits and Containers,15
-5000,initial,75,New intiruma Tribe,Andean Highland,107,Seasonal Aggregation Camps,15
-5000,initial,75,New intiruma Tribe,Andean Highland,111,Grinding Stones,15
-5000,initial,75,New intiruma Tribe,Andean Highland,112,Proto-cultivation,15
-5000,initial,75,New intiruma Tribe,Andean Highland,113,Sedentism,15
-5000,initial,75,New intiruma Tribe,Andean Highland,116,Charcoal Firing,15
-5000,initial,75,New intiruma Tribe,Andean Highland,1,Pottery,15
-5000,initial,75,New intiruma Tribe,Andean Highland,4,Mining,15
-5000,initial,75,New intiruma Tribe,Andean Highland,20,Agriculture,15
-5000,initial,75,New intiruma Tribe,Andean Highland,3,Archery,15
-5000,initial,75,New intiruma Tribe,Andean Highland,6,Calendar,15
-5000,initial,76,Great ayallaqyu Tribe,Andean Highland,100,Cordage and Knots,15
-5000,initial,76,Great ayallaqyu Tribe,Andean Highland,101,Hide Working and Tailored Clothing,15
-5000,initial,76,Great ayallaqyu Tribe,Andean Highland,102,Hafted Stone Tools,15
-5000,initial,76,Great ayallaqyu Tribe,Andean Highland,105,Food Preservation,15
-5000,initial,76,Great ayallaqyu Tribe,Andean Highland,106,Storage Pits and Containers,15
-5000,initial,76,Great ayallaqyu Tribe,Andean Highland,107,Seasonal Aggregation Camps,15
-5000,initial,76,Great ayallaqyu Tribe,Andean Highland,111,Grinding Stones,15
-5000,initial,76,Great ayallaqyu Tribe,Andean Highland,112,Proto-cultivation,15
-5000,initial,76,Great ayallaqyu Tribe,Andean Highland,113,Sedentism,15
-5000,initial,76,Great ayallaqyu Tribe,Andean Highland,116,Charcoal Firing,15
-5000,initial,76,Great ayallaqyu Tribe,Andean Highland,1,Pottery,15
-5000,initial,76,Great ayallaqyu Tribe,Andean Highland,4,Mining,15
-5000,initial,76,Great ayallaqyu Tribe,Andean Highland,20,Agriculture,15
-5000,initial,76,Great ayallaqyu Tribe,Andean Highland,3,Archery,15
-5000,initial,76,Great ayallaqyu Tribe,Andean Highland,6,Calendar,15
-5000,initial,77,Great sumtupyu Tribe,Andean Highland,100,Cordage and Knots,15
-5000,initial,77,Great sumtupyu Tribe,Andean Highland,101,Hide Working and Tailored Clothing,15
-5000,initial,77,Great sumtupyu Tribe,Andean Highland,102,Hafted Stone Tools,15
-5000,initial,77,Great sumtupyu Tribe,Andean Highland,105,Food Preservation,15
-5000,initial,77,Great sumtupyu Tribe,Andean Highland,106,Storage Pits and Containers,15
-5000,initial,77,Great sumtupyu Tribe,Andean Highland,107,Seasonal Aggregation Camps,15
-5000,initial,77,Great sumtupyu Tribe,Andean Highland,111,Grinding Stones,15
-5000,initial,77,Great sumtupyu Tribe,Andean Highland,112,Proto-cultivation,15
-5000,initial,77,Great sumtupyu Tribe,Andean Highland,113,Sedentism,15
-5000,initial,77,Great sumtupyu Tribe,Andean Highland,116,Charcoal Firing,15
-5000,initial,77,Great sumtupyu Tribe,Andean Highland,1,Pottery,15
-5000,initial,77,Great sumtupyu Tribe,Andean Highland,4,Mining,15
-5000,initial,77,Great sumtupyu Tribe,Andean Highland,20,Agriculture,15
-5000,initial,77,Great sumtupyu Tribe,Andean Highland,3,Archery,15
-5000,initial,77,Great sumtupyu Tribe,Andean Highland,6,Calendar,15
-5000,initial,78,Old qorikussuyuna Tribe,Andean Highland,100,Cordage and Knots,15
-5000,initial,78,Old qorikussuyuna Tribe,Andean Highland,101,Hide Working and Tailored Clothing,15
-5000,initial,78,Old qorikussuyuna Tribe,Andean Highland,102,Hafted Stone Tools,15
-5000,initial,78,Old qorikussuyuna Tribe,Andean Highland,105,Food Preservation,15
-5000,initial,78,Old qorikussuyuna Tribe,Andean Highland,106,Storage Pits and Containers,15
-5000,initial,78,Old qorikussuyuna Tribe,Andean Highland,107,Seasonal Aggregation Camps,15
-5000,initial,78,Old qorikussuyuna Tribe,Andean Highland,111,Grinding Stones,15
-5000,initial,78,Old qorikussuyuna Tribe,Andean Highland,112,Proto-cultivation,15
-5000,initial,78,Old qorikussuyuna Tribe,Andean Highland,113,Sedentism,15
-5000,initial,78,Old qorikussuyuna Tribe,Andean Highland,116,Charcoal Firing,15
-5000,initial,78,Old qorikussuyuna Tribe,Andean Highland,1,Pottery,15
-5000,initial,78,Old qorikussuyuna Tribe,Andean Highland,4,Mining,15
-5000,initial,78,Old qorikussuyuna Tribe,Andean Highland,20,Agriculture,15
-5000,initial,78,Old qorikussuyuna Tribe,Andean Highland,3,Archery,15
-5000,initial,78,Old qorikussuyuna Tribe,Andean Highland,6,Calendar,15
-5000,initial,79,Rumllaqaya Tribe,Andean Highland,100,Cordage and Knots,15
-5000,initial,79,Rumllaqaya Tribe,Andean Highland,101,Hide Working and Tailored Clothing,15
-5000,initial,79,Rumllaqaya Tribe,Andean Highland,102,Hafted Stone Tools,15
-5000,initial,79,Rumllaqaya Tribe,Andean Highland,105,Food Preservation,15
-5000,initial,79,Rumllaqaya Tribe,Andean Highland,106,Storage Pits and Containers,15
-5000,initial,79,Rumllaqaya Tribe,Andean Highland,107,Seasonal Aggregation Camps,15
-5000,initial,79,Rumllaqaya Tribe,Andean Highland,111,Grinding Stones,15
-5000,initial,79,Rumllaqaya Tribe,Andean Highland,112,Proto-cultivation,15
-5000,initial,79,Rumllaqaya Tribe,Andean Highland,113,Sedentism,15
-5000,initial,79,Rumllaqaya Tribe,Andean Highland,116,Charcoal Firing,15
-5000,initial,79,Rumllaqaya Tribe,Andean Highland,1,Pottery,15
-5000,initial,79,Rumllaqaya Tribe,Andean Highland,4,Mining,15
-5000,initial,79,Rumllaqaya Tribe,Andean Highland,20,Agriculture,15
-5000,initial,79,Rumllaqaya Tribe,Andean Highland,3,Archery,15
-5000,initial,79,Rumllaqaya Tribe,Andean Highland,6,Calendar,15
-5000,initial,80,Great qoriayamarca Tribe,Andean Highland,100,Cordage and Knots,15
-5000,initial,80,Great qoriayamarca Tribe,Andean Highland,101,Hide Working and Tailored Clothing,15
-5000,initial,80,Great qoriayamarca Tribe,Andean Highland,102,Hafted Stone Tools,15
-5000,initial,80,Great qoriayamarca Tribe,Andean Highland,105,Food Preservation,15
-5000,initial,80,Great qoriayamarca Tribe,Andean Highland,106,Storage Pits and Containers,15
-5000,initial,80,Great qoriayamarca Tribe,Andean Highland,107,Seasonal Aggregation Camps,15
-5000,initial,80,Great qoriayamarca Tribe,Andean Highland,111,Grinding Stones,15
-5000,initial,80,Great qoriayamarca Tribe,Andean Highland,112,Proto-cultivation,15
-5000,initial,80,Great qoriayamarca Tribe,Andean Highland,113,Sedentism,15
-5000,initial,80,Great qoriayamarca Tribe,Andean Highland,116,Charcoal Firing,15
-5000,initial,80,Great qoriayamarca Tribe,Andean Highland,1,Pottery,15
-5000,initial,80,Great qoriayamarca Tribe,Andean Highland,4,Mining,15
-5000,initial,80,Great qoriayamarca Tribe,Andean Highland,20,Agriculture,15
-5000,initial,80,Great qoriayamarca Tribe,Andean Highland,3,Archery,15
-5000,initial,80,Great qoriayamarca Tribe,Andean Highland,6,Calendar,15
-5000,initial,81,New ayallaqna Tribe,Andean Highland,100,Cordage and Knots,15
-5000,initial,81,New ayallaqna Tribe,Andean Highland,101,Hide Working and Tailored Clothing,15
-5000,initial,81,New ayallaqna Tribe,Andean Highland,102,Hafted Stone Tools,15
-5000,initial,81,New ayallaqna Tribe,Andean Highland,105,Food Preservation,15
-5000,initial,81,New ayallaqna Tribe,Andean Highland,106,Storage Pits and Containers,15
-5000,initial,81,New ayallaqna Tribe,Andean Highland,107,Seasonal Aggregation Camps,15
-5000,initial,81,New ayallaqna Tribe,Andean Highland,111,Grinding Stones,15
-5000,initial,81,New ayallaqna Tribe,Andean Highland,112,Proto-cultivation,15
-5000,initial,81,New ayallaqna Tribe,Andean Highland,113,Sedentism,15
-5000,initial,81,New ayallaqna Tribe,Andean Highland,116,Charcoal Firing,15
-5000,initial,81,New ayallaqna Tribe,Andean Highland,1,Pottery,15
-5000,initial,81,New ayallaqna Tribe,Andean Highland,4,Mining,15
-5000,initial,81,New ayallaqna Tribe,Andean Highland,20,Agriculture,15
-5000,initial,81,New ayallaqna Tribe,Andean Highland,3,Archery,15
-5000,initial,81,New ayallaqna Tribe,Andean Highland,6,Calendar,15
-5000,initial,82,North zenlinzen Tribe,Eastern Woodland,100,Cordage and Knots,11
-5000,initial,82,North zenlinzen Tribe,Eastern Woodland,101,Hide Working and Tailored Clothing,11
-5000,initial,82,North zenlinzen Tribe,Eastern Woodland,102,Hafted Stone Tools,11
-5000,initial,82,North zenlinzen Tribe,Eastern Woodland,105,Food Preservation,11
-5000,initial,82,North zenlinzen Tribe,Eastern Woodland,106,Storage Pits and Containers,11
-5000,initial,82,North zenlinzen Tribe,Eastern Woodland,107,Seasonal Aggregation Camps,11
-5000,initial,82,North zenlinzen Tribe,Eastern Woodland,111,Grinding Stones,11
-5000,initial,82,North zenlinzen Tribe,Eastern Woodland,113,Sedentism,11
-5000,initial,82,North zenlinzen Tribe,Eastern Woodland,4,Mining,11
-5000,initial,82,North zenlinzen Tribe,Eastern Woodland,3,Archery,11
-5000,initial,82,North zenlinzen Tribe,Eastern Woodland,6,Calendar,11
-5000,initial,83,North quilinia Tribe,Eastern Woodland,100,Cordage and Knots,11
-5000,initial,83,North quilinia Tribe,Eastern Woodland,101,Hide Working and Tailored Clothing,11
-5000,initial,83,North quilinia Tribe,Eastern Woodland,102,Hafted Stone Tools,11
-5000,initial,83,North quilinia Tribe,Eastern Woodland,105,Food Preservation,11
-5000,initial,83,North quilinia Tribe,Eastern Woodland,106,Storage Pits and Containers,11
-5000,initial,83,North quilinia Tribe,Eastern Woodland,107,Seasonal Aggregation Camps,11
-5000,initial,83,North quilinia Tribe,Eastern Woodland,111,Grinding Stones,11
-5000,initial,83,North quilinia Tribe,Eastern Woodland,113,Sedentism,11
-5000,initial,83,North quilinia Tribe,Eastern Woodland,4,Mining,11
-5000,initial,83,North quilinia Tribe,Eastern Woodland,3,Archery,11
-5000,initial,83,North quilinia Tribe,Eastern Woodland,6,Calendar,11
-5000,initial,84,North lorsolland Tribe,Eastern Woodland,100,Cordage and Knots,11
-5000,initial,84,North lorsolland Tribe,Eastern Woodland,101,Hide Working and Tailored Clothing,11
-5000,initial,84,North lorsolland Tribe,Eastern Woodland,102,Hafted Stone Tools,11
-5000,initial,84,North lorsolland Tribe,Eastern Woodland,105,Food Preservation,11
-5000,initial,84,North lorsolland Tribe,Eastern Woodland,106,Storage Pits and Containers,11
-5000,initial,84,North lorsolland Tribe,Eastern Woodland,107,Seasonal Aggregation Camps,11
-5000,initial,84,North lorsolland Tribe,Eastern Woodland,111,Grinding Stones,11
-5000,initial,84,North lorsolland Tribe,Eastern Woodland,113,Sedentism,11
-5000,initial,84,North lorsolland Tribe,Eastern Woodland,4,Mining,11
-5000,initial,84,North lorsolland Tribe,Eastern Woodland,3,Archery,11
-5000,initial,84,North lorsolland Tribe,Eastern Woodland,6,Calendar,11
-5000,initial,85,Great viakinland Tribe,Eastern Woodland,100,Cordage and Knots,11
-5000,initial,85,Great viakinland Tribe,Eastern Woodland,101,Hide Working and Tailored Clothing,11
-5000,initial,85,Great viakinland Tribe,Eastern Woodland,102,Hafted Stone Tools,11
-5000,initial,85,Great viakinland Tribe,Eastern Woodland,105,Food Preservation,11
-5000,initial,85,Great viakinland Tribe,Eastern Woodland,106,Storage Pits and Containers,11
-5000,initial,85,Great viakinland Tribe,Eastern Woodland,107,Seasonal Aggregation Camps,11
-5000,initial,85,Great viakinland Tribe,Eastern Woodland,111,Grinding Stones,11
-5000,initial,85,Great viakinland Tribe,Eastern Woodland,113,Sedentism,11
-5000,initial,85,Great viakinland Tribe,Eastern Woodland,4,Mining,11
-5000,initial,85,Great viakinland Tribe,Eastern Woodland,3,Archery,11
-5000,initial,85,Great viakinland Tribe,Eastern Woodland,6,Calendar,11
-5000,initial,86,Lorlinmargrad Tribe,Eastern Woodland,100,Cordage and Knots,11
-5000,initial,86,Lorlinmargrad Tribe,Eastern Woodland,101,Hide Working and Tailored Clothing,11
-5000,initial,86,Lorlinmargrad Tribe,Eastern Woodland,102,Hafted Stone Tools,11
-5000,initial,86,Lorlinmargrad Tribe,Eastern Woodland,105,Food Preservation,11
-5000,initial,86,Lorlinmargrad Tribe,Eastern Woodland,106,Storage Pits and Containers,11
-5000,initial,86,Lorlinmargrad Tribe,Eastern Woodland,107,Seasonal Aggregation Camps,11
-5000,initial,86,Lorlinmargrad Tribe,Eastern Woodland,111,Grinding Stones,11
-5000,initial,86,Lorlinmargrad Tribe,Eastern Woodland,113,Sedentism,11
-5000,initial,86,Lorlinmargrad Tribe,Eastern Woodland,4,Mining,11
-5000,initial,86,Lorlinmargrad Tribe,Eastern Woodland,3,Archery,11
-5000,initial,86,Lorlinmargrad Tribe,Eastern Woodland,6,Calendar,11
-5000,initial,87,Nalor Tribe,Eastern Woodland,100,Cordage and Knots,11
-5000,initial,87,Nalor Tribe,Eastern Woodland,101,Hide Working and Tailored Clothing,11
-5000,initial,87,Nalor Tribe,Eastern Woodland,102,Hafted Stone Tools,11
-5000,initial,87,Nalor Tribe,Eastern Woodland,105,Food Preservation,11
-5000,initial,87,Nalor Tribe,Eastern Woodland,106,Storage Pits and Containers,11
-5000,initial,87,Nalor Tribe,Eastern Woodland,107,Seasonal Aggregation Camps,11
-5000,initial,87,Nalor Tribe,Eastern Woodland,111,Grinding Stones,11
-5000,initial,87,Nalor Tribe,Eastern Woodland,113,Sedentism,11
-5000,initial,87,Nalor Tribe,Eastern Woodland,4,Mining,11
-5000,initial,87,Nalor Tribe,Eastern Woodland,3,Archery,11
-5000,initial,87,Nalor Tribe,Eastern Woodland,6,Calendar,11
-5000,initial,88,New ranzenranland Tribe,Eastern Woodland,100,Cordage and Knots,11
-5000,initial,88,New ranzenranland Tribe,Eastern Woodland,101,Hide Working and Tailored Clothing,11
-5000,initial,88,New ranzenranland Tribe,Eastern Woodland,102,Hafted Stone Tools,11
-5000,initial,88,New ranzenranland Tribe,Eastern Woodland,105,Food Preservation,11
-5000,initial,88,New ranzenranland Tribe,Eastern Woodland,106,Storage Pits and Containers,11
-5000,initial,88,New ranzenranland Tribe,Eastern Woodland,107,Seasonal Aggregation Camps,11
-5000,initial,88,New ranzenranland Tribe,Eastern Woodland,111,Grinding Stones,11
-5000,initial,88,New ranzenranland Tribe,Eastern Woodland,113,Sedentism,11
-5000,initial,88,New ranzenranland Tribe,Eastern Woodland,4,Mining,11
-5000,initial,88,New ranzenranland Tribe,Eastern Woodland,3,Archery,11
-5000,initial,88,New ranzenranland Tribe,Eastern Woodland,6,Calendar,11
-5000,initial,89,Great zengarlorland Tribe,Western Plains,100,Cordage and Knots,11
-5000,initial,89,Great zengarlorland Tribe,Western Plains,101,Hide Working and Tailored Clothing,11
-5000,initial,89,Great zengarlorland Tribe,Western Plains,102,Hafted Stone Tools,11
-5000,initial,89,Great zengarlorland Tribe,Western Plains,105,Food Preservation,11
-5000,initial,89,Great zengarlorland Tribe,Western Plains,106,Storage Pits and Containers,11
-5000,initial,89,Great zengarlorland Tribe,Western Plains,107,Seasonal Aggregation Camps,11
-5000,initial,89,Great zengarlorland Tribe,Western Plains,111,Grinding Stones,11
-5000,initial,89,Great zengarlorland Tribe,Western Plains,113,Sedentism,11
-5000,initial,89,Great zengarlorland Tribe,Western Plains,4,Mining,11
-5000,initial,89,Great zengarlorland Tribe,Western Plains,3,Archery,11
-5000,initial,89,Great zengarlorland Tribe,Western Plains,6,Calendar,11
-5000,initial,90,Old romterstan Tribe,Western Plains,100,Cordage and Knots,11
-5000,initial,90,Old romterstan Tribe,Western Plains,101,Hide Working and Tailored Clothing,11
-5000,initial,90,Old romterstan Tribe,Western Plains,102,Hafted Stone Tools,11
-5000,initial,90,Old romterstan Tribe,Western Plains,105,Food Preservation,11
-5000,initial,90,Old romterstan Tribe,Western Plains,106,Storage Pits and Containers,11
-5000,initial,90,Old romterstan Tribe,Western Plains,107,Seasonal Aggregation Camps,11
-5000,initial,90,Old romterstan Tribe,Western Plains,111,Grinding Stones,11
-5000,initial,90,Old romterstan Tribe,Western Plains,113,Sedentism,11
-5000,initial,90,Old romterstan Tribe,Western Plains,4,Mining,11
-5000,initial,90,Old romterstan Tribe,Western Plains,3,Archery,11
-5000,initial,90,Old romterstan Tribe,Western Plains,6,Calendar,11
-5000,initial,91,New marranstan Tribe,Western Plains,100,Cordage and Knots,11
-5000,initial,91,New marranstan Tribe,Western Plains,101,Hide Working and Tailored Clothing,11
-5000,initial,91,New marranstan Tribe,Western Plains,102,Hafted Stone Tools,11
-5000,initial,91,New marranstan Tribe,Western Plains,105,Food Preservation,11
-5000,initial,91,New marranstan Tribe,Western Plains,106,Storage Pits and Containers,11
-5000,initial,91,New marranstan Tribe,Western Plains,107,Seasonal Aggregation Camps,11
-5000,initial,91,New marranstan Tribe,Western Plains,111,Grinding Stones,11
-5000,initial,91,New marranstan Tribe,Western Plains,113,Sedentism,11
-5000,initial,91,New marranstan Tribe,Western Plains,4,Mining,11
-5000,initial,91,New marranstan Tribe,Western Plains,3,Archery,11
-5000,initial,91,New marranstan Tribe,Western Plains,6,Calendar,11
-5000,initial,92,New romdus Tribe,Western Plains,100,Cordage and Knots,11
-5000,initial,92,New romdus Tribe,Western Plains,101,Hide Working and Tailored Clothing,11
-5000,initial,92,New romdus Tribe,Western Plains,102,Hafted Stone Tools,11
-5000,initial,92,New romdus Tribe,Western Plains,105,Food Preservation,11
-5000,initial,92,New romdus Tribe,Western Plains,106,Storage Pits and Containers,11
-5000,initial,92,New romdus Tribe,Western Plains,107,Seasonal Aggregation Camps,11
-5000,initial,92,New romdus Tribe,Western Plains,111,Grinding Stones,11
-5000,initial,92,New romdus Tribe,Western Plains,113,Sedentism,11
-5000,initial,92,New romdus Tribe,Western Plains,4,Mining,11
-5000,initial,92,New romdus Tribe,Western Plains,3,Archery,11
-5000,initial,92,New romdus Tribe,Western Plains,6,Calendar,11
-5000,initial,93,Zennaran Tribe,Western Plains,100,Cordage and Knots,11
-5000,initial,93,Zennaran Tribe,Western Plains,101,Hide Working and Tailored Clothing,11
-5000,initial,93,Zennaran Tribe,Western Plains,102,Hafted Stone Tools,11
-5000,initial,93,Zennaran Tribe,Western Plains,105,Food Preservation,11
-5000,initial,93,Zennaran Tribe,Western Plains,106,Storage Pits and Containers,11
-5000,initial,93,Zennaran Tribe,Western Plains,107,Seasonal Aggregation Camps,11
-5000,initial,93,Zennaran Tribe,Western Plains,111,Grinding Stones,11
-5000,initial,93,Zennaran Tribe,Western Plains,113,Sedentism,11
-5000,initial,93,Zennaran Tribe,Western Plains,4,Mining,11
-5000,initial,93,Zennaran Tribe,Western Plains,3,Archery,11
-5000,initial,93,Zennaran Tribe,Western Plains,6,Calendar,11
-5000,initial,94,New belter Tribe,Western Plains,100,Cordage and Knots,11
-5000,initial,94,New belter Tribe,Western Plains,101,Hide Working and Tailored Clothing,11
-5000,initial,94,New belter Tribe,Western Plains,102,Hafted Stone Tools,11
-5000,initial,94,New belter Tribe,Western Plains,105,Food Preservation,11
-5000,initial,94,New belter Tribe,Western Plains,106,Storage Pits and Containers,11
-5000,initial,94,New belter Tribe,Western Plains,107,Seasonal Aggregation Camps,11
-5000,initial,94,New belter Tribe,Western Plains,111,Grinding Stones,11
-5000,initial,94,New belter Tribe,Western Plains,113,Sedentism,11
-5000,initial,94,New belter Tribe,Western Plains,4,Mining,11
-5000,initial,94,New belter Tribe,Western Plains,3,Archery,11
-5000,initial,94,New belter Tribe,Western Plains,6,Calendar,11
-5000,initial,95,New marrangarland Tribe,Western Plains,100,Cordage and Knots,11
-5000,initial,95,New marrangarland Tribe,Western Plains,101,Hide Working and Tailored Clothing,11
-5000,initial,95,New marrangarland Tribe,Western Plains,102,Hafted Stone Tools,11
-5000,initial,95,New marrangarland Tribe,Western Plains,105,Food Preservation,11
-5000,initial,95,New marrangarland Tribe,Western Plains,106,Storage Pits and Containers,11
-5000,initial,95,New marrangarland Tribe,Western Plains,107,Seasonal Aggregation Camps,11
-5000,initial,95,New marrangarland Tribe,Western Plains,111,Grinding Stones,11
-5000,initial,95,New marrangarland Tribe,Western Plains,113,Sedentism,11
-5000,initial,95,New marrangarland Tribe,Western Plains,4,Mining,11
-5000,initial,95,New marrangarland Tribe,Western Plains,3,Archery,11
-5000,initial,95,New marrangarland Tribe,Western Plains,6,Calendar,11
-5000,initial,96,South rannaia Tribe,Western Plains,100,Cordage and Knots,11
-5000,initial,96,South rannaia Tribe,Western Plains,101,Hide Working and Tailored Clothing,11
-5000,initial,96,South rannaia Tribe,Western Plains,102,Hafted Stone Tools,11
-5000,initial,96,South rannaia Tribe,Western Plains,105,Food Preservation,11
-5000,initial,96,South rannaia Tribe,Western Plains,106,Storage Pits and Containers,11
-5000,initial,96,South rannaia Tribe,Western Plains,107,Seasonal Aggregation Camps,11
-5000,initial,96,South rannaia Tribe,Western Plains,111,Grinding Stones,11
-5000,initial,96,South rannaia Tribe,Western Plains,113,Sedentism,11
-5000,initial,96,South rannaia Tribe,Western Plains,4,Mining,11
-5000,initial,96,South rannaia Tribe,Western Plains,3,Archery,11
-5000,initial,96,South rannaia Tribe,Western Plains,6,Calendar,11
-5000,initial,97,Old ranlorstan Tribe,Caribbean Seafaring,100,Cordage and Knots,12
-5000,initial,97,Old ranlorstan Tribe,Caribbean Seafaring,101,Hide Working and Tailored Clothing,12
-5000,initial,97,Old ranlorstan Tribe,Caribbean Seafaring,102,Hafted Stone Tools,12
-5000,initial,97,Old ranlorstan Tribe,Caribbean Seafaring,104,Fishing Technology,12
-5000,initial,97,Old ranlorstan Tribe,Caribbean Seafaring,105,Food Preservation,12
-5000,initial,97,Old ranlorstan Tribe,Caribbean Seafaring,106,Storage Pits and Containers,12
-5000,initial,97,Old ranlorstan Tribe,Caribbean Seafaring,107,Seasonal Aggregation Camps,12
-5000,initial,97,Old ranlorstan Tribe,Caribbean Seafaring,108,Watercraft,12
-5000,initial,97,Old ranlorstan Tribe,Caribbean Seafaring,113,Sedentism,12
-5000,initial,97,Old ranlorstan Tribe,Caribbean Seafaring,3,Archery,12
-5000,initial,97,Old ranlorstan Tribe,Caribbean Seafaring,5,Sailing,12
-5000,initial,97,Old ranlorstan Tribe,Caribbean Seafaring,6,Calendar,12
-5000,initial,98,New ramohivanui Tribe,Oceanic Navigators,100,Cordage and Knots,12
-5000,initial,98,New ramohivanui Tribe,Oceanic Navigators,101,Hide Working and Tailored Clothing,12
-5000,initial,98,New ramohivanui Tribe,Oceanic Navigators,102,Hafted Stone Tools,12
-5000,initial,98,New ramohivanui Tribe,Oceanic Navigators,104,Fishing Technology,12
-5000,initial,98,New ramohivanui Tribe,Oceanic Navigators,105,Food Preservation,12
-5000,initial,98,New ramohivanui Tribe,Oceanic Navigators,106,Storage Pits and Containers,12
-5000,initial,98,New ramohivanui Tribe,Oceanic Navigators,107,Seasonal Aggregation Camps,12
-5000,initial,98,New ramohivanui Tribe,Oceanic Navigators,108,Watercraft,12
-5000,initial,98,New ramohivanui Tribe,Oceanic Navigators,113,Sedentism,12
-5000,initial,98,New ramohivanui Tribe,Oceanic Navigators,3,Archery,12
-5000,initial,98,New ramohivanui Tribe,Oceanic Navigators,5,Sailing,12
-5000,initial,98,New ramohivanui Tribe,Oceanic Navigators,6,Calendar,12
-5000,initial,99,South rangikaikaimoa Tribe,Oceanic Navigators,100,Cordage and Knots,12
-5000,initial,99,South rangikaikaimoa Tribe,Oceanic Navigators,101,Hide Working and Tailored Clothing,12
-5000,initial,99,South rangikaikaimoa Tribe,Oceanic Navigators,102,Hafted Stone Tools,12
-5000,initial,99,South rangikaikaimoa Tribe,Oceanic Navigators,104,Fishing Technology,12
-5000,initial,99,South rangikaikaimoa Tribe,Oceanic Navigators,105,Food Preservation,12
-5000,initial,99,South rangikaikaimoa Tribe,Oceanic Navigators,106,Storage Pits and Containers,12
-5000,initial,99,South rangikaikaimoa Tribe,Oceanic Navigators,107,Seasonal Aggregation Camps,12
-5000,initial,99,South rangikaikaimoa Tribe,Oceanic Navigators,108,Watercraft,12
-5000,initial,99,South rangikaikaimoa Tribe,Oceanic Navigators,113,Sedentism,12
-5000,initial,99,South rangikaikaimoa Tribe,Oceanic Navigators,3,Archery,12
-5000,initial,99,South rangikaikaimoa Tribe,Oceanic Navigators,5,Sailing,12
-5000,initial,99,South rangikaikaimoa Tribe,Oceanic Navigators,6,Calendar,12
-4980,initial,100,New belgargrad Tribe,Caribbean Seafaring,100,Cordage and Knots,7
-4980,initial,100,New belgargrad Tribe,Caribbean Seafaring,101,Hide Working and Tailored Clothing,7
-4980,initial,100,New belgargrad Tribe,Caribbean Seafaring,102,Hafted Stone Tools,7
-4980,initial,100,New belgargrad Tribe,Caribbean Seafaring,105,Food Preservation,7
-4980,initial,100,New belgargrad Tribe,Caribbean Seafaring,106,Storage Pits and Containers,7
-4980,initial,100,New belgargrad Tribe,Caribbean Seafaring,107,Seasonal Aggregation Camps,7
-4980,initial,100,New belgargrad Tribe,Caribbean Seafaring,3,Archery,7
-4970,initial,101,North nalsurtan Tribe,Indic Riverine,100,Cordage and Knots,10
-4970,initial,101,North nalsurtan Tribe,Indic Riverine,101,Hide Working and Tailored Clothing,10
-4970,initial,101,North nalsurtan Tribe,Indic Riverine,102,Hafted Stone Tools,10
-4970,initial,101,North nalsurtan Tribe,Indic Riverine,105,Food Preservation,10
-4970,initial,101,North nalsurtan Tribe,Indic Riverine,106,Storage Pits and Containers,10
-4970,initial,101,North nalsurtan Tribe,Indic Riverine,107,Seasonal Aggregation Camps,10
-4970,initial,101,North nalsurtan Tribe,Indic Riverine,110,Dog Domestication,10
-4970,initial,101,North nalsurtan Tribe,Indic Riverine,111,Grinding Stones,10
-4970,initial,101,North nalsurtan Tribe,Indic Riverine,116,Charcoal Firing,10
-4970,initial,101,North nalsurtan Tribe,Indic Riverine,3,Archery,10
-4965,initial,102,Old zenran Tribe,Western Plains,100,Cordage and Knots,8
-4965,initial,102,Old zenran Tribe,Western Plains,101,Hide Working and Tailored Clothing,8
-4965,initial,102,Old zenran Tribe,Western Plains,102,Hafted Stone Tools,8
-4965,initial,102,Old zenran Tribe,Western Plains,105,Food Preservation,8
-4965,initial,102,Old zenran Tribe,Western Plains,106,Storage Pits and Containers,8
-4965,initial,102,Old zenran Tribe,Western Plains,107,Seasonal Aggregation Camps,8
-4965,initial,102,Old zenran Tribe,Western Plains,111,Grinding Stones,8
-4965,initial,102,Old zenran Tribe,Western Plains,3,Archery,8
-4960,initial,103,Great margarlorstan Tribe,Western Plains,100,Cordage and Knots,8
-4960,initial,103,Great margarlorstan Tribe,Western Plains,101,Hide Working and Tailored Clothing,8
-4960,initial,103,Great margarlorstan Tribe,Western Plains,102,Hafted Stone Tools,8
-4960,initial,103,Great margarlorstan Tribe,Western Plains,105,Food Preservation,8
-4960,initial,103,Great margarlorstan Tribe,Western Plains,106,Storage Pits and Containers,8
-4960,initial,103,Great margarlorstan Tribe,Western Plains,107,Seasonal Aggregation Camps,8
-4960,initial,103,Great margarlorstan Tribe,Western Plains,111,Grinding Stones,8
-4960,initial,103,Great margarlorstan Tribe,Western Plains,3,Archery,8
-4960,initial,104,South kusrummarca Tribe,Andean Highland,100,Cordage and Knots,10
-4960,initial,104,South kusrummarca Tribe,Andean Highland,101,Hide Working and Tailored Clothing,10
-4960,initial,104,South kusrummarca Tribe,Andean Highland,102,Hafted Stone Tools,10
-4960,initial,104,South kusrummarca Tribe,Andean Highland,105,Food Preservation,10
-4960,initial,104,South kusrummarca Tribe,Andean Highland,106,Storage Pits and Containers,10
-4960,initial,104,South kusrummarca Tribe,Andean Highland,107,Seasonal Aggregation Camps,10
-4960,initial,104,South kusrummarca Tribe,Andean Highland,111,Grinding Stones,10
-4960,initial,104,South kusrummarca Tribe,Andean Highland,116,Charcoal Firing,10
-4960,initial,104,South kusrummarca Tribe,Andean Highland,4,Mining,10
-4960,initial,104,South kusrummarca Tribe,Andean Highland,3,Archery,10
-4955,initial,105,North nornorburg Tribe,Central Plain,100,Cordage and Knots,11
-4955,initial,105,North nornorburg Tribe,Central Plain,101,Hide Working and Tailored Clothing,11
-4955,initial,105,North nornorburg Tribe,Central Plain,102,Hafted Stone Tools,11
-4955,initial,105,North nornorburg Tribe,Central Plain,105,Food Preservation,11
-4955,initial,105,North nornorburg Tribe,Central Plain,106,Storage Pits and Containers,11
-4955,initial,105,North nornorburg Tribe,Central Plain,107,Seasonal Aggregation Camps,11
-4955,initial,105,North nornorburg Tribe,Central Plain,110,Dog Domestication,11
-4955,initial,105,North nornorburg Tribe,Central Plain,111,Grinding Stones,11
-4955,initial,105,North nornorburg Tribe,Central Plain,116,Charcoal Firing,11
-4955,initial,105,North nornorburg Tribe,Central Plain,4,Mining,11
-4955,initial,105,North nornorburg Tribe,Central Plain,3,Archery,11
-4950,initial,106,Great belsamninan Tribe,Fertile Crescent,100,Cordage and Knots,12
-4950,initial,106,Great belsamninan Tribe,Fertile Crescent,101,Hide Working and Tailored Clothing,12
-4950,initial,106,Great belsamninan Tribe,Fertile Crescent,102,Hafted Stone Tools,12
-4950,initial,106,Great belsamninan Tribe,Fertile Crescent,105,Food Preservation,12
-4950,initial,106,Great belsamninan Tribe,Fertile Crescent,106,Storage Pits and Containers,12
-4950,initial,106,Great belsamninan Tribe,Fertile Crescent,107,Seasonal Aggregation Camps,12
-4950,initial,106,Great belsamninan Tribe,Fertile Crescent,110,Dog Domestication,12
-4950,initial,106,Great belsamninan Tribe,Fertile Crescent,111,Grinding Stones,12
-4950,initial,106,Great belsamninan Tribe,Fertile Crescent,116,Charcoal Firing,12
-4950,initial,106,Great belsamninan Tribe,Fertile Crescent,119,Native Copper Working,12
-4950,initial,106,Great belsamninan Tribe,Fertile Crescent,4,Mining,12
-4950,initial,106,Great belsamninan Tribe,Fertile Crescent,3,Archery,12
-4925,initial,107,New ashurashar Tribe,Fertile Crescent,100,Cordage and Knots,12
-4925,initial,107,New ashurashar Tribe,Fertile Crescent,101,Hide Working and Tailored Clothing,12
-4925,initial,107,New ashurashar Tribe,Fertile Crescent,102,Hafted Stone Tools,12
-4925,initial,107,New ashurashar Tribe,Fertile Crescent,105,Food Preservation,12
-4925,initial,107,New ashurashar Tribe,Fertile Crescent,106,Storage Pits and Containers,12
-4925,initial,107,New ashurashar Tribe,Fertile Crescent,107,Seasonal Aggregation Camps,12
-4925,initial,107,New ashurashar Tribe,Fertile Crescent,110,Dog Domestication,12
-4925,initial,107,New ashurashar Tribe,Fertile Crescent,111,Grinding Stones,12
-4925,initial,107,New ashurashar Tribe,Fertile Crescent,116,Charcoal Firing,12
-4925,initial,107,New ashurashar Tribe,Fertile Crescent,119,Native Copper Working,12
-4925,initial,107,New ashurashar Tribe,Fertile Crescent,4,Mining,12
-4925,initial,107,New ashurashar Tribe,Fertile Crescent,3,Archery,12
-4910,initial,108,New intiintina Tribe,Andean Highland,100,Cordage and Knots,14
-4910,initial,108,New intiintina Tribe,Andean Highland,101,Hide Working and Tailored Clothing,14
-4910,initial,108,New intiintina Tribe,Andean Highland,102,Hafted Stone Tools,14
-4910,initial,108,New intiintina Tribe,Andean Highland,105,Food Preservation,14
-4910,initial,108,New intiintina Tribe,Andean Highland,106,Storage Pits and Containers,14
-4910,initial,108,New intiintina Tribe,Andean Highland,107,Seasonal Aggregation Camps,14
-4910,initial,108,New intiintina Tribe,Andean Highland,111,Grinding Stones,14
-4910,initial,108,New intiintina Tribe,Andean Highland,112,Proto-cultivation,14
-4910,initial,108,New intiintina Tribe,Andean Highland,113,Sedentism,14
-4910,initial,108,New intiintina Tribe,Andean Highland,116,Charcoal Firing,14
-4910,initial,108,New intiintina Tribe,Andean Highland,1,Pottery,14
-4910,initial,108,New intiintina Tribe,Andean Highland,20,Agriculture,14
-4910,initial,108,New intiintina Tribe,Andean Highland,3,Archery,14
-4910,initial,108,New intiintina Tribe,Andean Highland,6,Calendar,14
-4900,initial,109,Renzhoshan Tribe,East Riverine,100,Cordage and Knots,10
-4900,initial,109,Renzhoshan Tribe,East Riverine,101,Hide Working and Tailored Clothing,10
-4900,initial,109,Renzhoshan Tribe,East Riverine,102,Hafted Stone Tools,10
-4900,initial,109,Renzhoshan Tribe,East Riverine,105,Food Preservation,10
-4900,initial,109,Renzhoshan Tribe,East Riverine,106,Storage Pits and Containers,10
-4900,initial,109,Renzhoshan Tribe,East Riverine,107,Seasonal Aggregation Camps,10
-4900,initial,109,Renzhoshan Tribe,East Riverine,110,Dog Domestication,10
-4900,initial,109,Renzhoshan Tribe,East Riverine,111,Grinding Stones,10
-4900,initial,109,Renzhoshan Tribe,East Riverine,116,Charcoal Firing,10
-4900,initial,109,Renzhoshan Tribe,East Riverine,3,Archery,10
-4900,initial,110,North taixiaxia Tribe,East Riverine,100,Cordage and Knots,11
-4900,initial,110,North taixiaxia Tribe,East Riverine,101,Hide Working and Tailored Clothing,11
-4900,initial,110,North taixiaxia Tribe,East Riverine,102,Hafted Stone Tools,11
-4900,initial,110,North taixiaxia Tribe,East Riverine,105,Food Preservation,11
-4900,initial,110,North taixiaxia Tribe,East Riverine,106,Storage Pits and Containers,11
-4900,initial,110,North taixiaxia Tribe,East Riverine,107,Seasonal Aggregation Camps,11
-4900,initial,110,North taixiaxia Tribe,East Riverine,110,Dog Domestication,11
-4900,initial,110,North taixiaxia Tribe,East Riverine,111,Grinding Stones,11
-4900,initial,110,North taixiaxia Tribe,East Riverine,116,Charcoal Firing,11
-4900,initial,110,North taixiaxia Tribe,East Riverine,4,Mining,11
-4900,initial,110,North taixiaxia Tribe,East Riverine,3,Archery,11
-4885,initial,111,Old nagaria Tribe,Monsoon Coastal,100,Cordage and Knots,19
-4885,initial,111,Old nagaria Tribe,Monsoon Coastal,101,Hide Working and Tailored Clothing,19
-4885,initial,111,Old nagaria Tribe,Monsoon Coastal,102,Hafted Stone Tools,19
-4885,initial,111,Old nagaria Tribe,Monsoon Coastal,104,Fishing Technology,19
-4885,initial,111,Old nagaria Tribe,Monsoon Coastal,105,Food Preservation,19
-4885,initial,111,Old nagaria Tribe,Monsoon Coastal,106,Storage Pits and Containers,19
-4885,initial,111,Old nagaria Tribe,Monsoon Coastal,107,Seasonal Aggregation Camps,19
-4885,initial,111,Old nagaria Tribe,Monsoon Coastal,108,Watercraft,19
-4885,initial,111,Old nagaria Tribe,Monsoon Coastal,110,Dog Domestication,19
-4885,initial,111,Old nagaria Tribe,Monsoon Coastal,111,Grinding Stones,19
-4885,initial,111,Old nagaria Tribe,Monsoon Coastal,112,Proto-cultivation,19
-4885,initial,111,Old nagaria Tribe,Monsoon Coastal,113,Sedentism,19
-4885,initial,111,Old nagaria Tribe,Monsoon Coastal,114,Enclosures and Herd Management,19
-4885,initial,111,Old nagaria Tribe,Monsoon Coastal,116,Charcoal Firing,19
-4885,initial,111,Old nagaria Tribe,Monsoon Coastal,1,Pottery,19
-4885,initial,111,Old nagaria Tribe,Monsoon Coastal,20,Agriculture,19
-4885,initial,111,Old nagaria Tribe,Monsoon Coastal,3,Archery,19
-4885,initial,111,Old nagaria Tribe,Monsoon Coastal,5,Sailing,19
-4885,initial,111,Old nagaria Tribe,Monsoon Coastal,6,Calendar,19
-4850,initial,112,Mitranagar Tribe,Indic Riverine,100,Cordage and Knots,14
-4850,initial,112,Mitranagar Tribe,Indic Riverine,101,Hide Working and Tailored Clothing,14
-4850,initial,112,Mitranagar Tribe,Indic Riverine,102,Hafted Stone Tools,14
-4850,initial,112,Mitranagar Tribe,Indic Riverine,105,Food Preservation,14
-4850,initial,112,Mitranagar Tribe,Indic Riverine,106,Storage Pits and Containers,14
-4850,initial,112,Mitranagar Tribe,Indic Riverine,107,Seasonal Aggregation Camps,14
-4850,initial,112,Mitranagar Tribe,Indic Riverine,110,Dog Domestication,14
-4850,initial,112,Mitranagar Tribe,Indic Riverine,111,Grinding Stones,14
-4850,initial,112,Mitranagar Tribe,Indic Riverine,114,Enclosures and Herd Management,14
-4850,initial,112,Mitranagar Tribe,Indic Riverine,115,Counting Tokens and Tallies,14
-4850,initial,112,Mitranagar Tribe,Indic Riverine,116,Charcoal Firing,14
-4850,initial,112,Mitranagar Tribe,Indic Riverine,1,Pottery,14
-4850,initial,112,Mitranagar Tribe,Indic Riverine,3,Archery,14
-4850,initial,112,Mitranagar Tribe,Indic Riverine,6,Calendar,14
-4835,initial,113,New linsollor Tribe,Western Plains,100,Cordage and Knots,8
-4835,initial,113,New linsollor Tribe,Western Plains,101,Hide Working and Tailored Clothing,8
-4835,initial,113,New linsollor Tribe,Western Plains,102,Hafted Stone Tools,8
-4835,initial,113,New linsollor Tribe,Western Plains,105,Food Preservation,8
-4835,initial,113,New linsollor Tribe,Western Plains,106,Storage Pits and Containers,8
-4835,initial,113,New linsollor Tribe,Western Plains,107,Seasonal Aggregation Camps,8
-4835,initial,113,New linsollor Tribe,Western Plains,111,Grinding Stones,8
-4835,initial,113,New linsollor Tribe,Western Plains,3,Archery,8
-4725,initial,114,New taihanling Tribe,East Riverine,100,Cordage and Knots,17
-4725,initial,114,New taihanling Tribe,East Riverine,101,Hide Working and Tailored Clothing,17
-4725,initial,114,New taihanling Tribe,East Riverine,102,Hafted Stone Tools,17
-4725,initial,114,New taihanling Tribe,East Riverine,105,Food Preservation,17
-4725,initial,114,New taihanling Tribe,East Riverine,106,Storage Pits and Containers,17
-4725,initial,114,New taihanling Tribe,East Riverine,107,Seasonal Aggregation Camps,17
-4725,initial,114,New taihanling Tribe,East Riverine,110,Dog Domestication,17
-4725,initial,114,New taihanling Tribe,East Riverine,111,Grinding Stones,17
-4725,initial,114,New taihanling Tribe,East Riverine,112,Proto-cultivation,17
-4725,initial,114,New taihanling Tribe,East Riverine,113,Sedentism,17
-4725,initial,114,New taihanling Tribe,East Riverine,114,Enclosures and Herd Management,17
-4725,initial,114,New taihanling Tribe,East Riverine,115,Counting Tokens and Tallies,17
-4725,initial,114,New taihanling Tribe,East Riverine,116,Charcoal Firing,17
-4725,initial,114,New taihanling Tribe,East Riverine,1,Pottery,17
-4725,initial,114,New taihanling Tribe,East Riverine,20,Agriculture,17
-4725,initial,114,New taihanling Tribe,East Riverine,3,Archery,17
-4725,initial,114,New taihanling Tribe,East Riverine,6,Calendar,17
-4710,initial,115,New solquilingrad Kingdom,Western Plains,100,Cordage and Knots,8
-4710,initial,115,New solquilingrad Kingdom,Western Plains,101,Hide Working and Tailored Clothing,8
-4710,initial,115,New solquilingrad Kingdom,Western Plains,102,Hafted Stone Tools,8
-4710,initial,115,New solquilingrad Kingdom,Western Plains,105,Food Preservation,8
-4710,initial,115,New solquilingrad Kingdom,Western Plains,106,Storage Pits and Containers,8
-4710,initial,115,New solquilingrad Kingdom,Western Plains,107,Seasonal Aggregation Camps,8
-4710,initial,115,New solquilingrad Kingdom,Western Plains,111,Grinding Stones,8
-4710,initial,115,New solquilingrad Kingdom,Western Plains,3,Archery,8
-4605,initial,116,South marlorlinia Kingdom,Western Plains,100,Cordage and Knots,8
-4605,initial,116,South marlorlinia Kingdom,Western Plains,101,Hide Working and Tailored Clothing,8
-4605,initial,116,South marlorlinia Kingdom,Western Plains,102,Hafted Stone Tools,8
-4605,initial,116,South marlorlinia Kingdom,Western Plains,105,Food Preservation,8
-4605,initial,116,South marlorlinia Kingdom,Western Plains,106,Storage Pits and Containers,8
-4605,initial,116,South marlorlinia Kingdom,Western Plains,107,Seasonal Aggregation Camps,8
-4605,initial,116,South marlorlinia Kingdom,Western Plains,111,Grinding Stones,8
-4605,initial,116,South marlorlinia Kingdom,Western Plains,3,Archery,8
-4590,initial,117,Great barkalum Kingdom,Fertile Crescent,100,Cordage and Knots,10
-4590,initial,117,Great barkalum Kingdom,Fertile Crescent,101,Hide Working and Tailored Clothing,10
-4590,initial,117,Great barkalum Kingdom,Fertile Crescent,102,Hafted Stone Tools,10
-4590,initial,117,Great barkalum Kingdom,Fertile Crescent,105,Food Preservation,10
-4590,initial,117,Great barkalum Kingdom,Fertile Crescent,106,Storage Pits and Containers,10
-4590,initial,117,Great barkalum Kingdom,Fertile Crescent,107,Seasonal Aggregation Camps,10
-4590,initial,117,Great barkalum Kingdom,Fertile Crescent,110,Dog Domestication,10
-4590,initial,117,Great barkalum Kingdom,Fertile Crescent,111,Grinding Stones,10
-4590,initial,117,Great barkalum Kingdom,Fertile Crescent,116,Charcoal Firing,10
-4590,initial,117,Great barkalum Kingdom,Fertile Crescent,3,Archery,10
-4580,initial,118,New romranland Tribe,Monsoon Coastal,100,Cordage and Knots,19
-4580,initial,118,New romranland Tribe,Monsoon Coastal,101,Hide Working and Tailored Clothing,19
-4580,initial,118,New romranland Tribe,Monsoon Coastal,102,Hafted Stone Tools,19
-4580,initial,118,New romranland Tribe,Monsoon Coastal,104,Fishing Technology,19
-4580,initial,118,New romranland Tribe,Monsoon Coastal,105,Food Preservation,19
-4580,initial,118,New romranland Tribe,Monsoon Coastal,106,Storage Pits and Containers,19
-4580,initial,118,New romranland Tribe,Monsoon Coastal,107,Seasonal Aggregation Camps,19
-4580,initial,118,New romranland Tribe,Monsoon Coastal,108,Watercraft,19
-4580,initial,118,New romranland Tribe,Monsoon Coastal,110,Dog Domestication,19
-4580,initial,118,New romranland Tribe,Monsoon Coastal,111,Grinding Stones,19
-4580,initial,118,New romranland Tribe,Monsoon Coastal,112,Proto-cultivation,19
-4580,initial,118,New romranland Tribe,Monsoon Coastal,113,Sedentism,19
-4580,initial,118,New romranland Tribe,Monsoon Coastal,114,Enclosures and Herd Management,19
-4580,initial,118,New romranland Tribe,Monsoon Coastal,116,Charcoal Firing,19
-4580,initial,118,New romranland Tribe,Monsoon Coastal,1,Pottery,19
-4580,initial,118,New romranland Tribe,Monsoon Coastal,20,Agriculture,19
-4580,initial,118,New romranland Tribe,Monsoon Coastal,3,Archery,19
-4580,initial,118,New romranland Tribe,Monsoon Coastal,5,Sailing,19
-4580,initial,118,New romranland Tribe,Monsoon Coastal,6,Calendar,19
-4530,initial,119,South takiritanea Tribe,Oceanic Navigators,100,Cordage and Knots,7
-4530,initial,119,South takiritanea Tribe,Oceanic Navigators,101,Hide Working and Tailored Clothing,7
-4530,initial,119,South takiritanea Tribe,Oceanic Navigators,102,Hafted Stone Tools,7
-4530,initial,119,South takiritanea Tribe,Oceanic Navigators,105,Food Preservation,7
-4530,initial,119,South takiritanea Tribe,Oceanic Navigators,106,Storage Pits and Containers,7
-4530,initial,119,South takiritanea Tribe,Oceanic Navigators,107,Seasonal Aggregation Camps,7
-4530,initial,119,South takiritanea Tribe,Oceanic Navigators,3,Archery,7
