{
  "violations": [
    {
      "id": "STORAGE_SMOOTHING_CHEAT",
      "severity": 99.76477952444446,
      "hardfail": false,
      "details": {
        "adequacy_var": 5.880511888888901e-06,
        "loss_share": 0.046448193990100896
      }
    }
  ]
}