{
  "violations": [
    {
      "id": "STORAGE_SMOOTHING_CHEAT",
      "severity": 99.71888183444445,
      "hardfail": false,
      "details": {
        "adequacy_var": 7.027954138888959e-06,
        "loss_share": 0.01905748192010632
      }
    }
  ]
}