{
  "violations": [
    {
      "id": "STORAGE_SMOOTHING_CHEAT",
      "severity": 99.84355432444445,
      "hardfail": false,
      "details": {
        "adequacy_var": 3.91114188888892e-06,
        "loss_share": 0.02977736330343295
      }
    }
  ]
}