year,event_type,country_index,country_name,country_culture,tech_id,tech_name,total_unlocked_techs
-5000,initial,0,New shasurmitpur Tribe,Indic Riverine,100,Cordage and Knots,19
-5000,initial,0,New shasurmitpur Tribe,Indic Riverine,101,Hide Working and Tailored Clothing,19
-5000,initial,0,New shasurmitpur Tribe,Indic Riverine,102,Hafted Stone Tools,19
-5000,initial,0,New shasurmitpur Tribe,Indic Riverine,105,Food Preservation,19
-5000,initial,0,New shasurmitpur Tribe,Indic Riverine,106,Storage Pits and Containers,19
-5000,initial,0,New shasurmitpur Tribe,Indic Riverine,107,Seasonal Aggregation Camps,19
-5000,initial,0,New shasurmitpur Tribe,Indic Riverine,110,Dog Domestication,19
-5000,initial,0,New shasurmitpur Tribe,Indic Riverine,111,Grinding Stones,19
-5000,initial,0,New shasurmitpur Tribe,Indic Riverine,112,Proto-cultivation,19
-5000,initial,0,New shasurmitpur Tribe,Indic Riverine,113,Sedentism,19
-5000,initial,0,New shasurmitpur Tribe,Indic Riverine,114,Enclosures and Herd Management,19
-5000,initial,0,New shasurmitpur Tribe,Indic Riverine,115,Counting Tokens and Tallies,19
-5000,initial,0,New shasurmitpur Tribe,Indic Riverine,116,Charcoal Firing,19
-5000,initial,0,New shasurmitpur Tribe,Indic Riverine,1,Pottery,19
-5000,initial,0,New shasurmitpur Tribe,Indic Riverine,2,Animal Husbandry,19
-5000,initial,0,New shasurmitpur Tribe,Indic Riverine,4,Mining,19
-5000,initial,0,New shasurmitpur Tribe,Indic Riverine,20,Agriculture,19
-5000,initial,0,New shasurmitpur Tribe,Indic Riverine,3,Archery,19
-5000,initial,0,New shasurmitpur Tribe,Indic Riverine,6,Calendar,19
-5000,initial,1,South kantanpur Tribe,Indic Riverine,100,Cordage and Knots,19
-5000,initial,1,South kantanpur Tribe,Indic Riverine,101,Hide Working and Tailored Clothing,19
-5000,initial,1,South kantanpur Tribe,Indic Riverine,102,Hafted Stone Tools,19
-5000,initial,1,South kantanpur Tribe,Indic Riverine,105,Food Preservation,19
-5000,initial,1,South kantanpur Tribe,Indic Riverine,106,Storage Pits and Containers,19
-5000,initial,1,South kantanpur Tribe,Indic Riverine,107,Seasonal Aggregation Camps,19
-5000,initial,1,South kantanpur Tribe,Indic Riverine,110,Dog Domestication,19
-5000,initial,1,South kantanpur Tribe,Indic Riverine,111,Grinding Stones,19
-5000,initial,1,South kantanpur Tribe,Indic Riverine,112,Proto-cultivation,19
-5000,initial,1,South kantanpur Tribe,Indic Riverine,113,Sedentism,19
-5000,initial,1,South kantanpur Tribe,Indic Riverine,114,Enclosures and Herd Management,19
-5000,initial,1,South kantanpur Tribe,Indic Riverine,115,Counting Tokens and Tallies,19
-5000,initial,1,South kantanpur Tribe,Indic Riverine,116,Charcoal Firing,19
-5000,initial,1,South kantanpur Tribe,Indic Riverine,1,Pottery,19
-5000,initial,1,South kantanpur Tribe,Indic Riverine,2,Animal Husbandry,19
-5000,initial,1,South kantanpur Tribe,Indic Riverine,4,Mining,19
-5000,initial,1,South kantanpur Tribe,Indic Riverine,20,Agriculture,19
-5000,initial,1,South kantanpur Tribe,Indic Riverine,3,Archery,19
-5000,initial,1,South kantanpur Tribe,Indic Riverine,6,Calendar,19
-5000,initial,2,North ratannagar Tribe,Indic Riverine,100,Cordage and Knots,19
-5000,initial,2,North ratannagar Tribe,Indic Riverine,101,Hide Working and Tailored Clothing,19
-5000,initial,2,North ratannagar Tribe,Indic Riverine,102,Hafted Stone Tools,19
-5000,initial,2,North ratannagar Tribe,Indic Riverine,105,Food Preservation,19
-5000,initial,2,North ratannagar Tribe,Indic Riverine,106,Storage Pits and Containers,19
-5000,initial,2,North ratannagar Tribe,Indic Riverine,107,Seasonal Aggregation Camps,19
-5000,initial,2,North ratannagar Tribe,Indic Riverine,110,Dog Domestication,19
-5000,initial,2,North ratannagar Tribe,Indic Riverine,111,Grinding Stones,19
-5000,initial,2,North ratannagar Tribe,Indic Riverine,112,Proto-cultivation,19
-5000,initial,2,North ratannagar Tribe,Indic Riverine,113,Sedentism,19
-5000,initial,2,North ratannagar Tribe,Indic Riverine,114,Enclosures and Herd Management,19
-5000,initial,2,North ratannagar Tribe,Indic Riverine,115,Counting Tokens and Tallies,19
-5000,initial,2,North ratannagar Tribe,Indic Riverine,116,Charcoal Firing,19
-5000,initial,2,North ratannagar Tribe,Indic Riverine,1,Pottery,19
-5000,initial,2,North ratannagar Tribe,Indic Riverine,2,Animal Husbandry,19
-5000,initial,2,North ratannagar Tribe,Indic Riverine,4,Mining,19
-5000,initial,2,North ratannagar Tribe,Indic Riverine,20,Agriculture,19
-5000,initial,2,North ratannagar Tribe,Indic Riverine,3,Archery,19
-5000,initial,2,North ratannagar Tribe,Indic Riverine,6,Calendar,19
-5000,initial,3,Old tanmitpur Tribe,Indic Riverine,100,Cordage and Knots,19
-5000,initial,3,Old tanmitpur Tribe,Indic Riverine,101,Hide Working and Tailored Clothing,19
-5000,initial,3,Old tanmitpur Tribe,Indic Riverine,102,Hafted Stone Tools,19
-5000,initial,3,Old tanmitpur Tribe,Indic Riverine,105,Food Preservation,19
-5000,initial,3,Old tanmitpur Tribe,Indic Riverine,106,Storage Pits and Containers,19
-5000,initial,3,Old tanmitpur Tribe,Indic Riverine,107,Seasonal Aggregation Camps,19
-5000,initial,3,Old tanmitpur Tribe,Indic Riverine,110,Dog Domestication,19
-5000,initial,3,Old tanmitpur Tribe,Indic Riverine,111,Grinding Stones,19
-5000,initial,3,Old tanmitpur Tribe,Indic Riverine,112,Proto-cultivation,19
-5000,initial,3,Old tanmitpur Tribe,Indic Riverine,113,Sedentism,19
-5000,initial,3,Old tanmitpur Tribe,Indic Riverine,114,Enclosures and Herd Management,19
-5000,initial,3,Old tanmitpur Tribe,Indic Riverine,115,Counting Tokens and Tallies,19
-5000,initial,3,Old tanmitpur Tribe,Indic Riverine,116,Charcoal Firing,19
-5000,initial,3,Old tanmitpur Tribe,Indic Riverine,1,Pottery,19
-5000,initial,3,Old tanmitpur Tribe,Indic Riverine,2,Animal Husbandry,19
-5000,initial,3,Old tanmitpur Tribe,Indic Riverine,4,Mining,19
-5000,initial,3,Old tanmitpur Tribe,Indic Riverine,20,Agriculture,19
-5000,initial,3,Old tanmitpur Tribe,Indic Riverine,3,Archery,19
-5000,initial,3,Old tanmitpur Tribe,Indic Riverine,6,Calendar,19
-5000,initial,4,Great kankan Tribe,Indic Riverine,100,Cordage and Knots,19
-5000,initial,4,Great kankan Tribe,Indic Riverine,101,Hide Working and Tailored Clothing,19
-5000,initial,4,Great kankan Tribe,Indic Riverine,102,Hafted Stone Tools,19
-5000,initial,4,Great kankan Tribe,Indic Riverine,105,Food Preservation,19
-5000,initial,4,Great kankan Tribe,Indic Riverine,106,Storage Pits and Containers,19
-5000,initial,4,Great kankan Tribe,Indic Riverine,107,Seasonal Aggregation Camps,19
-5000,initial,4,Great kankan Tribe,Indic Riverine,110,Dog Domestication,19
-5000,initial,4,Great kankan Tribe,Indic Riverine,111,Grinding Stones,19
-5000,initial,4,Great kankan Tribe,Indic Riverine,112,Proto-cultivation,19
-5000,initial,4,Great kankan Tribe,Indic Riverine,113,Sedentism,19
-5000,initial,4,Great kankan Tribe,Indic Riverine,114,Enclosures and Herd Management,19
-5000,initial,4,Great kankan Tribe,Indic Riverine,115,Counting Tokens and Tallies,19
-5000,initial,4,Great kankan Tribe,Indic Riverine,116,Charcoal Firing,19
-5000,initial,4,Great kankan Tribe,Indic Riverine,1,Pottery,19
-5000,initial,4,Great kankan Tribe,Indic Riverine,2,Animal Husbandry,19
-5000,initial,4,Great kankan Tribe,Indic Riverine,4,Mining,19
-5000,initial,4,Great kankan Tribe,Indic Riverine,20,Agriculture,19
-5000,initial,4,Great kankan Tribe,Indic Riverine,3,Archery,19
-5000,initial,4,Great kankan Tribe,Indic Riverine,6,Calendar,19
-5000,initial,5,Old tantandesh Tribe,Indic Riverine,100,Cordage and Knots,19
-5000,initial,5,Old tantandesh Tribe,Indic Riverine,101,Hide Working and Tailored Clothing,19
-5000,initial,5,Old tantandesh Tribe,Indic Riverine,102,Hafted Stone Tools,19
-5000,initial,5,Old tantandesh Tribe,Indic Riverine,105,Food Preservation,19
-5000,initial,5,Old tantandesh Tribe,Indic Riverine,106,Storage Pits and Containers,19
-5000,initial,5,Old tantandesh Tribe,Indic Riverine,107,Seasonal Aggregation Camps,19
-5000,initial,5,Old tantandesh Tribe,Indic Riverine,110,Dog Domestication,19
-5000,initial,5,Old tantandesh Tribe,Indic Riverine,111,Grinding Stones,19
-5000,initial,5,Old tantandesh Tribe,Indic Riverine,112,Proto-cultivation,19
-5000,initial,5,Old tantandesh Tribe,Indic Riverine,113,Sedentism,19
-5000,initial,5,Old tantandesh Tribe,Indic Riverine,114,Enclosures and Herd Management,19
-5000,initial,5,Old tantandesh Tribe,Indic Riverine,115,Counting Tokens and Tallies,19
-5000,initial,5,Old tantandesh Tribe,Indic Riverine,116,Charcoal Firing,19
-5000,initial,5,Old tantandesh Tribe,Indic Riverine,1,Pottery,19
-5000,initial,5,Old tantandesh Tribe,Indic Riverine,2,Animal Husbandry,19
-5000,initial,5,Old tantandesh Tribe,Indic Riverine,4,Mining,19
-5000,initial,5,Old tantandesh Tribe,Indic Riverine,20,Agriculture,19
-5000,initial,5,Old tantandesh Tribe,Indic Riverine,3,Archery,19
-5000,initial,5,Old tantandesh Tribe,Indic Riverine,6,Calendar,19
-5000,initial,6,New surshasurpur Tribe,Indic Riverine,100,Cordage and Knots,19
-5000,initial,6,New surshasurpur Tribe,Indic Riverine,101,Hide Working and Tailored Clothing,19
-5000,initial,6,New surshasurpur Tribe,Indic Riverine,102,Hafted Stone Tools,19
-5000,initial,6,New surshasurpur Tribe,Indic Riverine,105,Food Preservation,19
-5000,initial,6,New surshasurpur Tribe,Indic Riverine,106,Storage Pits and Containers,19
-5000,initial,6,New surshasurpur Tribe,Indic Riverine,107,Seasonal Aggregation Camps,19
-5000,initial,6,New surshasurpur Tribe,Indic Riverine,110,Dog Domestication,19
-5000,initial,6,New surshasurpur Tribe,Indic Riverine,111,Grinding Stones,19
-5000,initial,6,New surshasurpur Tribe,Indic Riverine,112,Proto-cultivation,19
-5000,initial,6,New surshasurpur Tribe,Indic Riverine,113,Sedentism,19
-5000,initial,6,New surshasurpur Tribe,Indic Riverine,114,Enclosures and Herd Management,19
-5000,initial,6,New surshasurpur Tribe,Indic Riverine,115,Counting Tokens and Tallies,19
-5000,initial,6,New surshasurpur Tribe,Indic Riverine,116,Charcoal Firing,19
-5000,initial,6,New surshasurpur Tribe,Indic Riverine,1,Pottery,19
-5000,initial,6,New surshasurpur Tribe,Indic Riverine,2,Animal Husbandry,19
-5000,initial,6,New surshasurpur Tribe,Indic Riverine,4,Mining,19
-5000,initial,6,New surshasurpur Tribe,Indic Riverine,20,Agriculture,19
-5000,initial,6,New surshasurpur Tribe,Indic Riverine,3,Archery,19
-5000,initial,6,New surshasurpur Tribe,Indic Riverine,6,Calendar,19
-5000,initial,7,Old mitraa Tribe,Indic Riverine,100,Cordage and Knots,19
-5000,initial,7,Old mitraa Tribe,Indic Riverine,101,Hide Working and Tailored Clothing,19
-5000,initial,7,Old mitraa Tribe,Indic Riverine,102,Hafted Stone Tools,19
-5000,initial,7,Old mitraa Tribe,Indic Riverine,105,Food Preservation,19
-5000,initial,7,Old mitraa Tribe,Indic Riverine,106,Storage Pits and Containers,19
-5000,initial,7,Old mitraa Tribe,Indic Riverine,107,Seasonal Aggregation Camps,19
-5000,initial,7,Old mitraa Tribe,Indic Riverine,110,Dog Domestication,19
-5000,initial,7,Old mitraa Tribe,Indic Riverine,111,Grinding Stones,19
-5000,initial,7,Old mitraa Tribe,Indic Riverine,112,Proto-cultivation,19
-5000,initial,7,Old mitraa Tribe,Indic Riverine,113,Sedentism,19
-5000,initial,7,Old mitraa Tribe,Indic Riverine,114,Enclosures and Herd Management,19
-5000,initial,7,Old mitraa Tribe,Indic Riverine,115,Counting Tokens and Tallies,19
-5000,initial,7,Old mitraa Tribe,Indic Riverine,116,Charcoal Firing,19
-5000,initial,7,Old mitraa Tribe,Indic Riverine,1,Pottery,19
-5000,initial,7,Old mitraa Tribe,Indic Riverine,2,Animal Husbandry,19
-5000,initial,7,Old mitraa Tribe,Indic Riverine,4,Mining,19
-5000,initial,7,Old mitraa Tribe,Indic Riverine,20,Agriculture,19
-5000,initial,7,Old mitraa Tribe,Indic Riverine,3,Archery,19
-5000,initial,7,Old mitraa Tribe,Indic Riverine,6,Calendar,19
-5000,initial,8,South mitnaltanpur Tribe,Indic Riverine,100,Cordage and Knots,19
-5000,initial,8,South mitnaltanpur Tribe,Indic Riverine,101,Hide Working and Tailored Clothing,19
-5000,initial,8,South mitnaltanpur Tribe,Indic Riverine,102,Hafted Stone Tools,19
-5000,initial,8,South mitnaltanpur Tribe,Indic Riverine,105,Food Preservation,19
-5000,initial,8,South mitnaltanpur Tribe,Indic Riverine,106,Storage Pits and Containers,19
-5000,initial,8,South mitnaltanpur Tribe,Indic Riverine,107,Seasonal Aggregation Camps,19
-5000,initial,8,South mitnaltanpur Tribe,Indic Riverine,110,Dog Domestication,19
-5000,initial,8,South mitnaltanpur Tribe,Indic Riverine,111,Grinding Stones,19
-5000,initial,8,South mitnaltanpur Tribe,Indic Riverine,112,Proto-cultivation,19
-5000,initial,8,South mitnaltanpur Tribe,Indic Riverine,113,Sedentism,19
-5000,initial,8,South mitnaltanpur Tribe,Indic Riverine,114,Enclosures and Herd Management,19
-5000,initial,8,South mitnaltanpur Tribe,Indic Riverine,115,Counting Tokens and Tallies,19
-5000,initial,8,South mitnaltanpur Tribe,Indic Riverine,116,Charcoal Firing,19
-5000,initial,8,South mitnaltanpur Tribe,Indic Riverine,1,Pottery,19
-5000,initial,8,South mitnaltanpur Tribe,Indic Riverine,2,Animal Husbandry,19
-5000,initial,8,South mitnaltanpur Tribe,Indic Riverine,4,Mining,19
-5000,initial,8,South mitnaltanpur Tribe,Indic Riverine,20,Agriculture,19
-5000,initial,8,South mitnaltanpur Tribe,Indic Riverine,3,Archery,19
-5000,initial,8,South mitnaltanpur Tribe,Indic Riverine,6,Calendar,19
-5000,initial,9,Old kankandesh Tribe,Indic Riverine,100,Cordage and Knots,19
-5000,initial,9,Old kankandesh Tribe,Indic Riverine,101,Hide Working and Tailored Clothing,19
-5000,initial,9,Old kankandesh Tribe,Indic Riverine,102,Hafted Stone Tools,19
-5000,initial,9,Old kankandesh Tribe,Indic Riverine,105,Food Preservation,19
-5000,initial,9,Old kankandesh Tribe,Indic Riverine,106,Storage Pits and Containers,19
-5000,initial,9,Old kankandesh Tribe,Indic Riverine,107,Seasonal Aggregation Camps,19
-5000,initial,9,Old kankandesh Tribe,Indic Riverine,110,Dog Domestication,19
-5000,initial,9,Old kankandesh Tribe,Indic Riverine,111,Grinding Stones,19
-5000,initial,9,Old kankandesh Tribe,Indic Riverine,112,Proto-cultivation,19
-5000,initial,9,Old kankandesh Tribe,Indic Riverine,113,Sedentism,19
-5000,initial,9,Old kankandesh Tribe,Indic Riverine,114,Enclosures and Herd Management,19
-5000,initial,9,Old kankandesh Tribe,Indic Riverine,115,Counting Tokens and Tallies,19
-5000,initial,9,Old kankandesh Tribe,Indic Riverine,116,Charcoal Firing,19
-5000,initial,9,Old kankandesh Tribe,Indic Riverine,1,Pottery,19
-5000,initial,9,Old kankandesh Tribe,Indic Riverine,2,Animal Husbandry,19
-5000,initial,9,Old kankandesh Tribe,Indic Riverine,4,Mining,19
-5000,initial,9,Old kankandesh Tribe,Indic Riverine,20,Agriculture,19
-5000,initial,9,Old kankandesh Tribe,Indic Riverine,3,Archery,19
-5000,initial,9,Old kankandesh Tribe,Indic Riverine,6,Calendar,19
-5000,initial,10,Old varmitdesh Tribe,Indic Riverine,100,Cordage and Knots,19
-5000,initial,10,Old varmitdesh Tribe,Indic Riverine,101,Hide Working and Tailored Clothing,19
-5000,initial,10,Old varmitdesh Tribe,Indic Riverine,102,Hafted Stone Tools,19
-5000,initial,10,Old varmitdesh Tribe,Indic Riverine,105,Food Preservation,19
-5000,initial,10,Old varmitdesh Tribe,Indic Riverine,106,Storage Pits and Containers,19
-5000,initial,10,Old varmitdesh Tribe,Indic Riverine,107,Seasonal Aggregation Camps,19
-5000,initial,10,Old varmitdesh Tribe,Indic Riverine,110,Dog Domestication,19
-5000,initial,10,Old varmitdesh Tribe,Indic Riverine,111,Grinding Stones,19
-5000,initial,10,Old varmitdesh Tribe,Indic Riverine,112,Proto-cultivation,19
-5000,initial,10,Old varmitdesh Tribe,Indic Riverine,113,Sedentism,19
-5000,initial,10,Old varmitdesh Tribe,Indic Riverine,114,Enclosures and Herd Management,19
-5000,initial,10,Old varmitdesh Tribe,Indic Riverine,115,Counting Tokens and Tallies,19
-5000,initial,10,Old varmitdesh Tribe,Indic Riverine,116,Charcoal Firing,19
-5000,initial,10,Old varmitdesh Tribe,Indic Riverine,1,Pottery,19
-5000,initial,10,Old varmitdesh Tribe,Indic Riverine,2,Animal Husbandry,19
-5000,initial,10,Old varmitdesh Tribe,Indic Riverine,4,Mining,19
-5000,initial,10,Old varmitdesh Tribe,Indic Riverine,20,Agriculture,19
-5000,initial,10,Old varmitdesh Tribe,Indic Riverine,3,Archery,19
-5000,initial,10,Old varmitdesh Tribe,Indic Riverine,6,Calendar,19
-5000,initial,11,South nalkana Tribe,Indic Riverine,100,Cordage and Knots,19
-5000,initial,11,South nalkana Tribe,Indic Riverine,101,Hide Working and Tailored Clothing,19
-5000,initial,11,South nalkana Tribe,Indic Riverine,102,Hafted Stone Tools,19
-5000,initial,11,South nalkana Tribe,Indic Riverine,105,Food Preservation,19
-5000,initial,11,South nalkana Tribe,Indic Riverine,106,Storage Pits and Containers,19
-5000,initial,11,South nalkana Tribe,Indic Riverine,107,Seasonal Aggregation Camps,19
-5000,initial,11,South nalkana Tribe,Indic Riverine,110,Dog Domestication,19
-5000,initial,11,South nalkana Tribe,Indic Riverine,111,Grinding Stones,19
-5000,initial,11,South nalkana Tribe,Indic Riverine,112,Proto-cultivation,19
-5000,initial,11,South nalkana Tribe,Indic Riverine,113,Sedentism,19
-5000,initial,11,South nalkana Tribe,Indic Riverine,114,Enclosures and Herd Management,19
-5000,initial,11,South nalkana Tribe,Indic Riverine,115,Counting Tokens and Tallies,19
-5000,initial,11,South nalkana Tribe,Indic Riverine,116,Charcoal Firing,19
-5000,initial,11,South nalkana Tribe,Indic Riverine,1,Pottery,19
-5000,initial,11,South nalkana Tribe,Indic Riverine,2,Animal Husbandry,19
-5000,initial,11,South nalkana Tribe,Indic Riverine,4,Mining,19
-5000,initial,11,South nalkana Tribe,Indic Riverine,20,Agriculture,19
-5000,initial,11,South nalkana Tribe,Indic Riverine,3,Archery,19
-5000,initial,11,South nalkana Tribe,Indic Riverine,6,Calendar,19
-5000,initial,12,South vardrapur Tribe,Indic Riverine,100,Cordage and Knots,19
-5000,initial,12,South vardrapur Tribe,Indic Riverine,101,Hide Working and Tailored Clothing,19
-5000,initial,12,South vardrapur Tribe,Indic Riverine,102,Hafted Stone Tools,19
-5000,initial,12,South vardrapur Tribe,Indic Riverine,105,Food Preservation,19
-5000,initial,12,South vardrapur Tribe,Indic Riverine,106,Storage Pits and Containers,19
-5000,initial,12,South vardrapur Tribe,Indic Riverine,107,Seasonal Aggregation Camps,19
-5000,initial,12,South vardrapur Tribe,Indic Riverine,110,Dog Domestication,19
-5000,initial,12,South vardrapur Tribe,Indic Riverine,111,Grinding Stones,19
-5000,initial,12,South vardrapur Tribe,Indic Riverine,112,Proto-cultivation,19
-5000,initial,12,South vardrapur Tribe,Indic Riverine,113,Sedentism,19
-5000,initial,12,South vardrapur Tribe,Indic Riverine,114,Enclosures and Herd Management,19
-5000,initial,12,South vardrapur Tribe,Indic Riverine,115,Counting Tokens and Tallies,19
-5000,initial,12,South vardrapur Tribe,Indic Riverine,116,Charcoal Firing,19
-5000,initial,12,South vardrapur Tribe,Indic Riverine,1,Pottery,19
-5000,initial,12,South vardrapur Tribe,Indic Riverine,2,Animal Husbandry,19
-5000,initial,12,South vardrapur Tribe,Indic Riverine,4,Mining,19
-5000,initial,12,South vardrapur Tribe,Indic Riverine,20,Agriculture,19
-5000,initial,12,South vardrapur Tribe,Indic Riverine,3,Archery,19
-5000,initial,12,South vardrapur Tribe,Indic Riverine,6,Calendar,19
-5000,initial,13,Varvinagar Tribe,Indic Riverine,100,Cordage and Knots,19
-5000,initial,13,Varvinagar Tribe,Indic Riverine,101,Hide Working and Tailored Clothing,19
-5000,initial,13,Varvinagar Tribe,Indic Riverine,102,Hafted Stone Tools,19
-5000,initial,13,Varvinagar Tribe,Indic Riverine,105,Food Preservation,19
-5000,initial,13,Varvinagar Tribe,Indic Riverine,106,Storage Pits and Containers,19
-5000,initial,13,Varvinagar Tribe,Indic Riverine,107,Seasonal Aggregation Camps,19
-5000,initial,13,Varvinagar Tribe,Indic Riverine,110,Dog Domestication,19
-5000,initial,13,Varvinagar Tribe,Indic Riverine,111,Grinding Stones,19
-5000,initial,13,Varvinagar Tribe,Indic Riverine,112,Proto-cultivation,19
-5000,initial,13,Varvinagar Tribe,Indic Riverine,113,Sedentism,19
-5000,initial,13,Varvinagar Tribe,Indic Riverine,114,Enclosures and Herd Management,19
-5000,initial,13,Varvinagar Tribe,Indic Riverine,115,Counting Tokens and Tallies,19
-5000,initial,13,Varvinagar Tribe,Indic Riverine,116,Charcoal Firing,19
-5000,initial,13,Varvinagar Tribe,Indic Riverine,1,Pottery,19
-5000,initial,13,Varvinagar Tribe,Indic Riverine,2,Animal Husbandry,19
-5000,initial,13,Varvinagar Tribe,Indic Riverine,4,Mining,19
-5000,initial,13,Varvinagar Tribe,Indic Riverine,20,Agriculture,19
-5000,initial,13,Varvinagar Tribe,Indic Riverine,3,Archery,19
-5000,initial,13,Varvinagar Tribe,Indic Riverine,6,Calendar,19
-5000,initial,14,Great minrenweiguo Tribe,East Riverine,100,Cordage and Knots,19
-5000,initial,14,Great minrenweiguo Tribe,East Riverine,101,Hide Working and Tailored Clothing,19
-5000,initial,14,Great minrenweiguo Tribe,East Riverine,102,Hafted Stone Tools,19
-5000,initial,14,Great minrenweiguo Tribe,East Riverine,105,Food Preservation,19
-5000,initial,14,Great minrenweiguo Tribe,East Riverine,106,Storage Pits and Containers,19
-5000,initial,14,Great minrenweiguo Tribe,East Riverine,107,Seasonal Aggregation Camps,19
-5000,initial,14,Great minrenweiguo Tribe,East Riverine,110,Dog Domestication,19
-5000,initial,14,Great minrenweiguo Tribe,East Riverine,111,Grinding Stones,19
-5000,initial,14,Great minrenweiguo Tribe,East Riverine,112,Proto-cultivation,19
-5000,initial,14,Great minrenweiguo Tribe,East Riverine,113,Sedentism,19
-5000,initial,14,Great minrenweiguo Tribe,East Riverine,114,Enclosures and Herd Management,19
-5000,initial,14,Great minrenweiguo Tribe,East Riverine,115,Counting Tokens and Tallies,19
-5000,initial,14,Great minrenweiguo Tribe,East Riverine,116,Charcoal Firing,19
-5000,initial,14,Great minrenweiguo Tribe,East Riverine,1,Pottery,19
-5000,initial,14,Great minrenweiguo Tribe,East Riverine,2,Animal Husbandry,19
-5000,initial,14,Great minrenweiguo Tribe,East Riverine,4,Mining,19
-5000,initial,14,Great minrenweiguo Tribe,East Riverine,20,Agriculture,19
-5000,initial,14,Great minrenweiguo Tribe,East Riverine,3,Archery,19
-5000,initial,14,Great minrenweiguo Tribe,East Riverine,6,Calendar,19
-5000,initial,15,Qinhan Tribe,East Riverine,100,Cordage and Knots,19
-5000,initial,15,Qinhan Tribe,East Riverine,101,Hide Working and Tailored Clothing,19
-5000,initial,15,Qinhan Tribe,East Riverine,102,Hafted Stone Tools,19
-5000,initial,15,Qinhan Tribe,East Riverine,105,Food Preservation,19
-5000,initial,15,Qinhan Tribe,East Riverine,106,Storage Pits and Containers,19
-5000,initial,15,Qinhan Tribe,East Riverine,107,Seasonal Aggregation Camps,19
-5000,initial,15,Qinhan Tribe,East Riverine,110,Dog Domestication,19
-5000,initial,15,Qinhan Tribe,East Riverine,111,Grinding Stones,19
-5000,initial,15,Qinhan Tribe,East Riverine,112,Proto-cultivation,19
-5000,initial,15,Qinhan Tribe,East Riverine,113,Sedentism,19
-5000,initial,15,Qinhan Tribe,East Riverine,114,Enclosures and Herd Management,19
-5000,initial,15,Qinhan Tribe,East Riverine,115,Counting Tokens and Tallies,19
-5000,initial,15,Qinhan Tribe,East Riverine,116,Charcoal Firing,19
-5000,initial,15,Qinhan Tribe,East Riverine,1,Pottery,19
-5000,initial,15,Qinhan Tribe,East Riverine,2,Animal Husbandry,19
-5000,initial,15,Qinhan Tribe,East Riverine,4,Mining,19
-5000,initial,15,Qinhan Tribe,East Riverine,20,Agriculture,19
-5000,initial,15,Qinhan Tribe,East Riverine,3,Archery,19
-5000,initial,15,Qinhan Tribe,East Riverine,6,Calendar,19
-5000,initial,16,Great linmin Tribe,East Riverine,100,Cordage and Knots,19
-5000,initial,16,Great linmin Tribe,East Riverine,101,Hide Working and Tailored Clothing,19
-5000,initial,16,Great linmin Tribe,East Riverine,102,Hafted Stone Tools,19
-5000,initial,16,Great linmin Tribe,East Riverine,105,Food Preservation,19
-5000,initial,16,Great linmin Tribe,East Riverine,106,Storage Pits and Containers,19
-5000,initial,16,Great linmin Tribe,East Riverine,107,Seasonal Aggregation Camps,19
-5000,initial,16,Great linmin Tribe,East Riverine,110,Dog Domestication,19
-5000,initial,16,Great linmin Tribe,East Riverine,111,Grinding Stones,19
-5000,initial,16,Great linmin Tribe,East Riverine,112,Proto-cultivation,19
-5000,initial,16,Great linmin Tribe,East Riverine,113,Sedentism,19
-5000,initial,16,Great linmin Tribe,East Riverine,114,Enclosures and Herd Management,19
-5000,initial,16,Great linmin Tribe,East Riverine,115,Counting Tokens and Tallies,19
-5000,initial,16,Great linmin Tribe,East Riverine,116,Charcoal Firing,19
-5000,initial,16,Great linmin Tribe,East Riverine,1,Pottery,19
-5000,initial,16,Great linmin Tribe,East Riverine,2,Animal Husbandry,19
-5000,initial,16,Great linmin Tribe,East Riverine,4,Mining,19
-5000,initial,16,Great linmin Tribe,East Riverine,20,Agriculture,19
-5000,initial,16,Great linmin Tribe,East Riverine,3,Archery,19
-5000,initial,16,Great linmin Tribe,East Riverine,6,Calendar,19
-5000,initial,17,Old minlin Tribe,East Riverine,100,Cordage and Knots,19
-5000,initial,17,Old minlin Tribe,East Riverine,101,Hide Working and Tailored Clothing,19
-5000,initial,17,Old minlin Tribe,East Riverine,102,Hafted Stone Tools,19
-5000,initial,17,Old minlin Tribe,East Riverine,105,Food Preservation,19
-5000,initial,17,Old minlin Tribe,East Riverine,106,Storage Pits and Containers,19
-5000,initial,17,Old minlin Tribe,East Riverine,107,Seasonal Aggregation Camps,19
-5000,initial,17,Old minlin Tribe,East Riverine,110,Dog Domestication,19
-5000,initial,17,Old minlin Tribe,East Riverine,111,Grinding Stones,19
-5000,initial,17,Old minlin Tribe,East Riverine,112,Proto-cultivation,19
-5000,initial,17,Old minlin Tribe,East Riverine,113,Sedentism,19
-5000,initial,17,Old minlin Tribe,East Riverine,114,Enclosures and Herd Management,19
-5000,initial,17,Old minlin Tribe,East Riverine,115,Counting Tokens and Tallies,19
-5000,initial,17,Old minlin Tribe,East Riverine,116,Charcoal Firing,19
-5000,initial,17,Old minlin Tribe,East Riverine,1,Pottery,19
-5000,initial,17,Old minlin Tribe,East Riverine,2,Animal Husbandry,19
-5000,initial,17,Old minlin Tribe,East Riverine,4,Mining,19
-5000,initial,17,Old minlin Tribe,East Riverine,20,Agriculture,19
-5000,initial,17,Old minlin Tribe,East Riverine,3,Archery,19
-5000,initial,17,Old minlin Tribe,East Riverine,6,Calendar,19
-5000,initial,18,New taiqinhanguo Tribe,East Riverine,100,Cordage and Knots,19
-5000,initial,18,New taiqinhanguo Tribe,East Riverine,101,Hide Working and Tailored Clothing,19
-5000,initial,18,New taiqinhanguo Tribe,East Riverine,102,Hafted Stone Tools,19
-5000,initial,18,New taiqinhanguo Tribe,East Riverine,105,Food Preservation,19
-5000,initial,18,New taiqinhanguo Tribe,East Riverine,106,Storage Pits and Containers,19
-5000,initial,18,New taiqinhanguo Tribe,East Riverine,107,Seasonal Aggregation Camps,19
-5000,initial,18,New taiqinhanguo Tribe,East Riverine,110,Dog Domestication,19
-5000,initial,18,New taiqinhanguo Tribe,East Riverine,111,Grinding Stones,19
-5000,initial,18,New taiqinhanguo Tribe,East Riverine,112,Proto-cultivation,19
-5000,initial,18,New taiqinhanguo Tribe,East Riverine,113,Sedentism,19
-5000,initial,18,New taiqinhanguo Tribe,East Riverine,114,Enclosures and Herd Management,19
-5000,initial,18,New taiqinhanguo Tribe,East Riverine,115,Counting Tokens and Tallies,19
-5000,initial,18,New taiqinhanguo Tribe,East Riverine,116,Charcoal Firing,19
-5000,initial,18,New taiqinhanguo Tribe,East Riverine,1,Pottery,19
-5000,initial,18,New taiqinhanguo Tribe,East Riverine,2,Animal Husbandry,19
-5000,initial,18,New taiqinhanguo Tribe,East Riverine,4,Mining,19
-5000,initial,18,New taiqinhanguo Tribe,East Riverine,20,Agriculture,19
-5000,initial,18,New taiqinhanguo Tribe,East Riverine,3,Archery,19
-5000,initial,18,New taiqinhanguo Tribe,East Riverine,6,Calendar,19
-5000,initial,19,Old taixia Tribe,East Riverine,100,Cordage and Knots,19
-5000,initial,19,Old taixia Tribe,East Riverine,101,Hide Working and Tailored Clothing,19
-5000,initial,19,Old taixia Tribe,East Riverine,102,Hafted Stone Tools,19
-5000,initial,19,Old taixia Tribe,East Riverine,105,Food Preservation,19
-5000,initial,19,Old taixia Tribe,East Riverine,106,Storage Pits and Containers,19
-5000,initial,19,Old taixia Tribe,East Riverine,107,Seasonal Aggregation Camps,19
-5000,initial,19,Old taixia Tribe,East Riverine,110,Dog Domestication,19
-5000,initial,19,Old taixia Tribe,East Riverine,111,Grinding Stones,19
-5000,initial,19,Old taixia Tribe,East Riverine,112,Proto-cultivation,19
-5000,initial,19,Old taixia Tribe,East Riverine,113,Sedentism,19
-5000,initial,19,Old taixia Tribe,East Riverine,114,Enclosures and Herd Management,19
-5000,initial,19,Old taixia Tribe,East Riverine,115,Counting Tokens and Tallies,19
-5000,initial,19,Old taixia Tribe,East Riverine,116,Charcoal Firing,19
-5000,initial,19,Old taixia Tribe,East Riverine,1,Pottery,19
-5000,initial,19,Old taixia Tribe,East Riverine,2,Animal Husbandry,19
-5000,initial,19,Old taixia Tribe,East Riverine,4,Mining,19
-5000,initial,19,Old taixia Tribe,East Riverine,20,Agriculture,19
-5000,initial,19,Old taixia Tribe,East Riverine,3,Archery,19
-5000,initial,19,Old taixia Tribe,East Riverine,6,Calendar,19
-5000,initial,20,South qinqinrenling Tribe,East Riverine,100,Cordage and Knots,19
-5000,initial,20,South qinqinrenling Tribe,East Riverine,101,Hide Working and Tailored Clothing,19
-5000,initial,20,South qinqinrenling Tribe,East Riverine,102,Hafted Stone Tools,19
-5000,initial,20,South qinqinrenling Tribe,East Riverine,105,Food Preservation,19
-5000,initial,20,South qinqinrenling Tribe,East Riverine,106,Storage Pits and Containers,19
-5000,initial,20,South qinqinrenling Tribe,East Riverine,107,Seasonal Aggregation Camps,19
-5000,initial,20,South qinqinrenling Tribe,East Riverine,110,Dog Domestication,19
-5000,initial,20,South qinqinrenling Tribe,East Riverine,111,Grinding Stones,19
-5000,initial,20,South qinqinrenling Tribe,East Riverine,112,Proto-cultivation,19
-5000,initial,20,South qinqinrenling Tribe,East Riverine,113,Sedentism,19
-5000,initial,20,South qinqinrenling Tribe,East Riverine,114,Enclosures and Herd Management,19
-5000,initial,20,South qinqinrenling Tribe,East Riverine,115,Counting Tokens and Tallies,19
-5000,initial,20,South qinqinrenling Tribe,East Riverine,116,Charcoal Firing,19
-5000,initial,20,South qinqinrenling Tribe,East Riverine,1,Pottery,19
-5000,initial,20,South qinqinrenling Tribe,East Riverine,2,Animal Husbandry,19
-5000,initial,20,South qinqinrenling Tribe,East Riverine,4,Mining,19
-5000,initial,20,South qinqinrenling Tribe,East Riverine,20,Agriculture,19
-5000,initial,20,South qinqinrenling Tribe,East Riverine,3,Archery,19
-5000,initial,20,South qinqinrenling Tribe,East Riverine,6,Calendar,19
-5000,initial,21,Great lixiamin Tribe,East Riverine,100,Cordage and Knots,19
-5000,initial,21,Great lixiamin Tribe,East Riverine,101,Hide Working and Tailored Clothing,19
-5000,initial,21,Great lixiamin Tribe,East Riverine,102,Hafted Stone Tools,19
-5000,initial,21,Great lixiamin Tribe,East Riverine,105,Food Preservation,19
-5000,initial,21,Great lixiamin Tribe,East Riverine,106,Storage Pits and Containers,19
-5000,initial,21,Great lixiamin Tribe,East Riverine,107,Seasonal Aggregation Camps,19
-5000,initial,21,Great lixiamin Tribe,East Riverine,110,Dog Domestication,19
-5000,initial,21,Great lixiamin Tribe,East Riverine,111,Grinding Stones,19
-5000,initial,21,Great lixiamin Tribe,East Riverine,112,Proto-cultivation,19
-5000,initial,21,Great lixiamin Tribe,East Riverine,113,Sedentism,19
-5000,initial,21,Great lixiamin Tribe,East Riverine,114,Enclosures and Herd Management,19
-5000,initial,21,Great lixiamin Tribe,East Riverine,115,Counting Tokens and Tallies,19
-5000,initial,21,Great lixiamin Tribe,East Riverine,116,Charcoal Firing,19
-5000,initial,21,Great lixiamin Tribe,East Riverine,1,Pottery,19
-5000,initial,21,Great lixiamin Tribe,East Riverine,2,Animal Husbandry,19
-5000,initial,21,Great lixiamin Tribe,East Riverine,4,Mining,19
-5000,initial,21,Great lixiamin Tribe,East Riverine,20,Agriculture,19
-5000,initial,21,Great lixiamin Tribe,East Riverine,3,Archery,19
-5000,initial,21,Great lixiamin Tribe,East Riverine,6,Calendar,19
-5000,initial,22,New zhoqinren Tribe,East Riverine,100,Cordage and Knots,19
-5000,initial,22,New zhoqinren Tribe,East Riverine,101,Hide Working and Tailored Clothing,19
-5000,initial,22,New zhoqinren Tribe,East Riverine,102,Hafted Stone Tools,19
-5000,initial,22,New zhoqinren Tribe,East Riverine,105,Food Preservation,19
-5000,initial,22,New zhoqinren Tribe,East Riverine,106,Storage Pits and Containers,19
-5000,initial,22,New zhoqinren Tribe,East Riverine,107,Seasonal Aggregation Camps,19
-5000,initial,22,New zhoqinren Tribe,East Riverine,110,Dog Domestication,19
-5000,initial,22,New zhoqinren Tribe,East Riverine,111,Grinding Stones,19
-5000,initial,22,New zhoqinren Tribe,East Riverine,112,Proto-cultivation,19
-5000,initial,22,New zhoqinren Tribe,East Riverine,113,Sedentism,19
-5000,initial,22,New zhoqinren Tribe,East Riverine,114,Enclosures and Herd Management,19
-5000,initial,22,New zhoqinren Tribe,East Riverine,115,Counting Tokens and Tallies,19
-5000,initial,22,New zhoqinren Tribe,East Riverine,116,Charcoal Firing,19
-5000,initial,22,New zhoqinren Tribe,East Riverine,1,Pottery,19
-5000,initial,22,New zhoqinren Tribe,East Riverine,2,Animal Husbandry,19
-5000,initial,22,New zhoqinren Tribe,East Riverine,4,Mining,19
-5000,initial,22,New zhoqinren Tribe,East Riverine,20,Agriculture,19
-5000,initial,22,New zhoqinren Tribe,East Riverine,3,Archery,19
-5000,initial,22,New zhoqinren Tribe,East Riverine,6,Calendar,19
-5000,initial,23,Weizhohanzhou Tribe,East Riverine,100,Cordage and Knots,19
-5000,initial,23,Weizhohanzhou Tribe,East Riverine,101,Hide Working and Tailored Clothing,19
-5000,initial,23,Weizhohanzhou Tribe,East Riverine,102,Hafted Stone Tools,19
-5000,initial,23,Weizhohanzhou Tribe,East Riverine,105,Food Preservation,19
-5000,initial,23,Weizhohanzhou Tribe,East Riverine,106,Storage Pits and Containers,19
-5000,initial,23,Weizhohanzhou Tribe,East Riverine,107,Seasonal Aggregation Camps,19
-5000,initial,23,Weizhohanzhou Tribe,East Riverine,110,Dog Domestication,19
-5000,initial,23,Weizhohanzhou Tribe,East Riverine,111,Grinding Stones,19
-5000,initial,23,Weizhohanzhou Tribe,East Riverine,112,Proto-cultivation,19
-5000,initial,23,Weizhohanzhou Tribe,East Riverine,113,Sedentism,19
-5000,initial,23,Weizhohanzhou Tribe,East Riverine,114,Enclosures and Herd Management,19
-5000,initial,23,Weizhohanzhou Tribe,East Riverine,115,Counting Tokens and Tallies,19
-5000,initial,23,Weizhohanzhou Tribe,East Riverine,116,Charcoal Firing,19
-5000,initial,23,Weizhohanzhou Tribe,East Riverine,1,Pottery,19
-5000,initial,23,Weizhohanzhou Tribe,East Riverine,2,Animal Husbandry,19
-5000,initial,23,Weizhohanzhou Tribe,East Riverine,4,Mining,19
-5000,initial,23,Weizhohanzhou Tribe,East Riverine,20,Agriculture,19
-5000,initial,23,Weizhohanzhou Tribe,East Riverine,3,Archery,19
-5000,initial,23,Weizhohanzhou Tribe,East Riverine,6,Calendar,19
-5000,initial,24,Old hanzholin Tribe,East Riverine,100,Cordage and Knots,19
-5000,initial,24,Old hanzholin Tribe,East Riverine,101,Hide Working and Tailored Clothing,19
-5000,initial,24,Old hanzholin Tribe,East Riverine,102,Hafted Stone Tools,19
-5000,initial,24,Old hanzholin Tribe,East Riverine,105,Food Preservation,19
-5000,initial,24,Old hanzholin Tribe,East Riverine,106,Storage Pits and Containers,19
-5000,initial,24,Old hanzholin Tribe,East Riverine,107,Seasonal Aggregation Camps,19
-5000,initial,24,Old hanzholin Tribe,East Riverine,110,Dog Domestication,19
-5000,initial,24,Old hanzholin Tribe,East Riverine,111,Grinding Stones,19
-5000,initial,24,Old hanzholin Tribe,East Riverine,112,Proto-cultivation,19
-5000,initial,24,Old hanzholin Tribe,East Riverine,113,Sedentism,19
-5000,initial,24,Old hanzholin Tribe,East Riverine,114,Enclosures and Herd Management,19
-5000,initial,24,Old hanzholin Tribe,East Riverine,115,Counting Tokens and Tallies,19
-5000,initial,24,Old hanzholin Tribe,East Riverine,116,Charcoal Firing,19
-5000,initial,24,Old hanzholin Tribe,East Riverine,1,Pottery,19
-5000,initial,24,Old hanzholin Tribe,East Riverine,2,Animal Husbandry,19
-5000,initial,24,Old hanzholin Tribe,East Riverine,4,Mining,19
-5000,initial,24,Old hanzholin Tribe,East Riverine,20,Agriculture,19
-5000,initial,24,Old hanzholin Tribe,East Riverine,3,Archery,19
-5000,initial,24,Old hanzholin Tribe,East Riverine,6,Calendar,19
-5000,initial,25,Qinminxiashan Tribe,East Riverine,100,Cordage and Knots,19
-5000,initial,25,Qinminxiashan Tribe,East Riverine,101,Hide Working and Tailored Clothing,19
-5000,initial,25,Qinminxiashan Tribe,East Riverine,102,Hafted Stone Tools,19
-5000,initial,25,Qinminxiashan Tribe,East Riverine,105,Food Preservation,19
-5000,initial,25,Qinminxiashan Tribe,East Riverine,106,Storage Pits and Containers,19
-5000,initial,25,Qinminxiashan Tribe,East Riverine,107,Seasonal Aggregation Camps,19
-5000,initial,25,Qinminxiashan Tribe,East Riverine,110,Dog Domestication,19
-5000,initial,25,Qinminxiashan Tribe,East Riverine,111,Grinding Stones,19
-5000,initial,25,Qinminxiashan Tribe,East Riverine,112,Proto-cultivation,19
-5000,initial,25,Qinminxiashan Tribe,East Riverine,113,Sedentism,19
-5000,initial,25,Qinminxiashan Tribe,East Riverine,114,Enclosures and Herd Management,19
-5000,initial,25,Qinminxiashan Tribe,East Riverine,115,Counting Tokens and Tallies,19
-5000,initial,25,Qinminxiashan Tribe,East Riverine,116,Charcoal Firing,19
-5000,initial,25,Qinminxiashan Tribe,East Riverine,1,Pottery,19
-5000,initial,25,Qinminxiashan Tribe,East Riverine,2,Animal Husbandry,19
-5000,initial,25,Qinminxiashan Tribe,East Riverine,4,Mining,19
-5000,initial,25,Qinminxiashan Tribe,East Riverine,20,Agriculture,19
-5000,initial,25,Qinminxiashan Tribe,East Riverine,3,Archery,19
-5000,initial,25,Qinminxiashan Tribe,East Riverine,6,Calendar,19
-5000,initial,26,New hanminzhou Tribe,East Riverine,100,Cordage and Knots,19
-5000,initial,26,New hanminzhou Tribe,East Riverine,101,Hide Working and Tailored Clothing,19
-5000,initial,26,New hanminzhou Tribe,East Riverine,102,Hafted Stone Tools,19
-5000,initial,26,New hanminzhou Tribe,East Riverine,105,Food Preservation,19
-5000,initial,26,New hanminzhou Tribe,East Riverine,106,Storage Pits and Containers,19
-5000,initial,26,New hanminzhou Tribe,East Riverine,107,Seasonal Aggregation Camps,19
-5000,initial,26,New hanminzhou Tribe,East Riverine,110,Dog Domestication,19
-5000,initial,26,New hanminzhou Tribe,East Riverine,111,Grinding Stones,19
-5000,initial,26,New hanminzhou Tribe,East Riverine,112,Proto-cultivation,19
-5000,initial,26,New hanminzhou Tribe,East Riverine,113,Sedentism,19
-5000,initial,26,New hanminzhou Tribe,East Riverine,114,Enclosures and Herd Management,19
-5000,initial,26,New hanminzhou Tribe,East Riverine,115,Counting Tokens and Tallies,19
-5000,initial,26,New hanminzhou Tribe,East Riverine,116,Charcoal Firing,19
-5000,initial,26,New hanminzhou Tribe,East Riverine,1,Pottery,19
-5000,initial,26,New hanminzhou Tribe,East Riverine,2,Animal Husbandry,19
-5000,initial,26,New hanminzhou Tribe,East Riverine,4,Mining,19
-5000,initial,26,New hanminzhou Tribe,East Riverine,20,Agriculture,19
-5000,initial,26,New hanminzhou Tribe,East Riverine,3,Archery,19
-5000,initial,26,New hanminzhou Tribe,East Riverine,6,Calendar,19
-5000,initial,27,New lihanhanguo Tribe,East Riverine,100,Cordage and Knots,19
-5000,initial,27,New lihanhanguo Tribe,East Riverine,101,Hide Working and Tailored Clothing,19
-5000,initial,27,New lihanhanguo Tribe,East Riverine,102,Hafted Stone Tools,19
-5000,initial,27,New lihanhanguo Tribe,East Riverine,105,Food Preservation,19
-5000,initial,27,New lihanhanguo Tribe,East Riverine,106,Storage Pits and Containers,19
-5000,initial,27,New lihanhanguo Tribe,East Riverine,107,Seasonal Aggregation Camps,19
-5000,initial,27,New lihanhanguo Tribe,East Riverine,110,Dog Domestication,19
-5000,initial,27,New lihanhanguo Tribe,East Riverine,111,Grinding Stones,19
-5000,initial,27,New lihanhanguo Tribe,East Riverine,112,Proto-cultivation,19
-5000,initial,27,New lihanhanguo Tribe,East Riverine,113,Sedentism,19
-5000,initial,27,New lihanhanguo Tribe,East Riverine,114,Enclosures and Herd Management,19
-5000,initial,27,New lihanhanguo Tribe,East Riverine,115,Counting Tokens and Tallies,19
-5000,initial,27,New lihanhanguo Tribe,East Riverine,116,Charcoal Firing,19
-5000,initial,27,New lihanhanguo Tribe,East Riverine,1,Pottery,19
-5000,initial,27,New lihanhanguo Tribe,East Riverine,2,Animal Husbandry,19
-5000,initial,27,New lihanhanguo Tribe,East Riverine,4,Mining,19
-5000,initial,27,New lihanhanguo Tribe,East Riverine,20,Agriculture,19
-5000,initial,27,New lihanhanguo Tribe,East Riverine,3,Archery,19
-5000,initial,27,New lihanhanguo Tribe,East Riverine,6,Calendar,19
-5000,initial,28,North sambarur Tribe,Fertile Crescent,100,Cordage and Knots,21
-5000,initial,28,North sambarur Tribe,Fertile Crescent,101,Hide Working and Tailored Clothing,21
-5000,initial,28,North sambarur Tribe,Fertile Crescent,102,Hafted Stone Tools,21
-5000,initial,28,North sambarur Tribe,Fertile Crescent,105,Food Preservation,21
-5000,initial,28,North sambarur Tribe,Fertile Crescent,106,Storage Pits and Containers,21
-5000,initial,28,North sambarur Tribe,Fertile Crescent,107,Seasonal Aggregation Camps,21
-5000,initial,28,North sambarur Tribe,Fertile Crescent,110,Dog Domestication,21
-5000,initial,28,North sambarur Tribe,Fertile Crescent,111,Grinding Stones,21
-5000,initial,28,North sambarur Tribe,Fertile Crescent,112,Proto-cultivation,21
-5000,initial,28,North sambarur Tribe,Fertile Crescent,113,Sedentism,21
-5000,initial,28,North sambarur Tribe,Fertile Crescent,114,Enclosures and Herd Management,21
-5000,initial,28,North sambarur Tribe,Fertile Crescent,115,Counting Tokens and Tallies,21
-5000,initial,28,North sambarur Tribe,Fertile Crescent,116,Charcoal Firing,21
-5000,initial,28,North sambarur Tribe,Fertile Crescent,1,Pottery,21
-5000,initial,28,North sambarur Tribe,Fertile Crescent,119,Native Copper Working,21
-5000,initial,28,North sambarur Tribe,Fertile Crescent,2,Animal Husbandry,21
-5000,initial,28,North sambarur Tribe,Fertile Crescent,4,Mining,21
-5000,initial,28,North sambarur Tribe,Fertile Crescent,20,Agriculture,21
-5000,initial,28,North sambarur Tribe,Fertile Crescent,3,Archery,21
-5000,initial,28,North sambarur Tribe,Fertile Crescent,6,Calendar,21
-5000,initial,28,North sambarur Tribe,Fertile Crescent,10,Irrigation,21
-5000,initial,29,Barurur Tribe,Fertile Crescent,100,Cordage and Knots,21
-5000,initial,29,Barurur Tribe,Fertile Crescent,101,Hide Working and Tailored Clothing,21
-5000,initial,29,Barurur Tribe,Fertile Crescent,102,Hafted Stone Tools,21
-5000,initial,29,Barurur Tribe,Fertile Crescent,105,Food Preservation,21
-5000,initial,29,Barurur Tribe,Fertile Crescent,106,Storage Pits and Containers,21
-5000,initial,29,Barurur Tribe,Fertile Crescent,107,Seasonal Aggregation Camps,21
-5000,initial,29,Barurur Tribe,Fertile Crescent,110,Dog Domestication,21
-5000,initial,29,Barurur Tribe,Fertile Crescent,111,Grinding Stones,21
-5000,initial,29,Barurur Tribe,Fertile Crescent,112,Proto-cultivation,21
-5000,initial,29,Barurur Tribe,Fertile Crescent,113,Sedentism,21
-5000,initial,29,Barurur Tribe,Fertile Crescent,114,Enclosures and Herd Management,21
-5000,initial,29,Barurur Tribe,Fertile Crescent,115,Counting Tokens and Tallies,21
-5000,initial,29,Barurur Tribe,Fertile Crescent,116,Charcoal Firing,21
-5000,initial,29,Barurur Tribe,Fertile Crescent,1,Pottery,21
-5000,initial,29,Barurur Tribe,Fertile Crescent,119,Native Copper Working,21
-5000,initial,29,Barurur Tribe,Fertile Crescent,2,Animal Husbandry,21
-5000,initial,29,Barurur Tribe,Fertile Crescent,4,Mining,21
-5000,initial,29,Barurur Tribe,Fertile Crescent,20,Agriculture,21
-5000,initial,29,Barurur Tribe,Fertile Crescent,3,Archery,21
-5000,initial,29,Barurur Tribe,Fertile Crescent,6,Calendar,21
-5000,initial,29,Barurur Tribe,Fertile Crescent,10,Irrigation,21
-5000,initial,30,North esheshsamad Tribe,Fertile Crescent,100,Cordage and Knots,21
-5000,initial,30,North esheshsamad Tribe,Fertile Crescent,101,Hide Working and Tailored Clothing,21
-5000,initial,30,North esheshsamad Tribe,Fertile Crescent,102,Hafted Stone Tools,21
-5000,initial,30,North esheshsamad Tribe,Fertile Crescent,105,Food Preservation,21
-5000,initial,30,North esheshsamad Tribe,Fertile Crescent,106,Storage Pits and Containers,21
-5000,initial,30,North esheshsamad Tribe,Fertile Crescent,107,Seasonal Aggregation Camps,21
-5000,initial,30,North esheshsamad Tribe,Fertile Crescent,110,Dog Domestication,21
-5000,initial,30,North esheshsamad Tribe,Fertile Crescent,111,Grinding Stones,21
-5000,initial,30,North esheshsamad Tribe,Fertile Crescent,112,Proto-cultivation,21
-5000,initial,30,North esheshsamad Tribe,Fertile Crescent,113,Sedentism,21
-5000,initial,30,North esheshsamad Tribe,Fertile Crescent,114,Enclosures and Herd Management,21
-5000,initial,30,North esheshsamad Tribe,Fertile Crescent,115,Counting Tokens and Tallies,21
-5000,initial,30,North esheshsamad Tribe,Fertile Crescent,116,Charcoal Firing,21
-5000,initial,30,North esheshsamad Tribe,Fertile Crescent,1,Pottery,21
-5000,initial,30,North esheshsamad Tribe,Fertile Crescent,119,Native Copper Working,21
-5000,initial,30,North esheshsamad Tribe,Fertile Crescent,2,Animal Husbandry,21
-5000,initial,30,North esheshsamad Tribe,Fertile Crescent,4,Mining,21
-5000,initial,30,North esheshsamad Tribe,Fertile Crescent,20,Agriculture,21
-5000,initial,30,North esheshsamad Tribe,Fertile Crescent,3,Archery,21
-5000,initial,30,North esheshsamad Tribe,Fertile Crescent,6,Calendar,21
-5000,initial,30,North esheshsamad Tribe,Fertile Crescent,10,Irrigation,21
-5000,initial,31,New kaleshum Tribe,Fertile Crescent,100,Cordage and Knots,21
-5000,initial,31,New kaleshum Tribe,Fertile Crescent,101,Hide Working and Tailored Clothing,21
-5000,initial,31,New kaleshum Tribe,Fertile Crescent,102,Hafted Stone Tools,21
-5000,initial,31,New kaleshum Tribe,Fertile Crescent,105,Food Preservation,21
-5000,initial,31,New kaleshum Tribe,Fertile Crescent,106,Storage Pits and Containers,21
-5000,initial,31,New kaleshum Tribe,Fertile Crescent,107,Seasonal Aggregation Camps,21
-5000,initial,31,New kaleshum Tribe,Fertile Crescent,110,Dog Domestication,21
-5000,initial,31,New kaleshum Tribe,Fertile Crescent,111,Grinding Stones,21
-5000,initial,31,New kaleshum Tribe,Fertile Crescent,112,Proto-cultivation,21
-5000,initial,31,New kaleshum Tribe,Fertile Crescent,113,Sedentism,21
-5000,initial,31,New kaleshum Tribe,Fertile Crescent,114,Enclosures and Herd Management,21
-5000,initial,31,New kaleshum Tribe,Fertile Crescent,115,Counting Tokens and Tallies,21
-5000,initial,31,New kaleshum Tribe,Fertile Crescent,116,Charcoal Firing,21
-5000,initial,31,New kaleshum Tribe,Fertile Crescent,1,Pottery,21
-5000,initial,31,New kaleshum Tribe,Fertile Crescent,119,Native Copper Working,21
-5000,initial,31,New kaleshum Tribe,Fertile Crescent,2,Animal Husbandry,21
-5000,initial,31,New kaleshum Tribe,Fertile Crescent,4,Mining,21
-5000,initial,31,New kaleshum Tribe,Fertile Crescent,20,Agriculture,21
-5000,initial,31,New kaleshum Tribe,Fertile Crescent,3,Archery,21
-5000,initial,31,New kaleshum Tribe,Fertile Crescent,6,Calendar,21
-5000,initial,31,New kaleshum Tribe,Fertile Crescent,10,Irrigation,21
-5000,initial,32,Old aruran Tribe,Fertile Crescent,100,Cordage and Knots,21
-5000,initial,32,Old aruran Tribe,Fertile Crescent,101,Hide Working and Tailored Clothing,21
-5000,initial,32,Old aruran Tribe,Fertile Crescent,102,Hafted Stone Tools,21
-5000,initial,32,Old aruran Tribe,Fertile Crescent,105,Food Preservation,21
-5000,initial,32,Old aruran Tribe,Fertile Crescent,106,Storage Pits and Containers,21
-5000,initial,32,Old aruran Tribe,Fertile Crescent,107,Seasonal Aggregation Camps,21
-5000,initial,32,Old aruran Tribe,Fertile Crescent,110,Dog Domestication,21
-5000,initial,32,Old aruran Tribe,Fertile Crescent,111,Grinding Stones,21
-5000,initial,32,Old aruran Tribe,Fertile Crescent,112,Proto-cultivation,21
-5000,initial,32,Old aruran Tribe,Fertile Crescent,113,Sedentism,21
-5000,initial,32,Old aruran Tribe,Fertile Crescent,114,Enclosures and Herd Management,21
-5000,initial,32,Old aruran Tribe,Fertile Crescent,115,Counting Tokens and Tallies,21
-5000,initial,32,Old aruran Tribe,Fertile Crescent,116,Charcoal Firing,21
-5000,initial,32,Old aruran Tribe,Fertile Crescent,1,Pottery,21
-5000,initial,32,Old aruran Tribe,Fertile Crescent,119,Native Copper Working,21
-5000,initial,32,Old aruran Tribe,Fertile Crescent,2,Animal Husbandry,21
-5000,initial,32,Old aruran Tribe,Fertile Crescent,4,Mining,21
-5000,initial,32,Old aruran Tribe,Fertile Crescent,20,Agriculture,21
-5000,initial,32,Old aruran Tribe,Fertile Crescent,3,Archery,21
-5000,initial,32,Old aruran Tribe,Fertile Crescent,6,Calendar,21
-5000,initial,32,Old aruran Tribe,Fertile Crescent,10,Irrigation,21
-5000,initial,34,Kalbarkal Tribe,Fertile Crescent,100,Cordage and Knots,21
-5000,initial,34,Kalbarkal Tribe,Fertile Crescent,101,Hide Working and Tailored Clothing,21
-5000,initial,34,Kalbarkal Tribe,Fertile Crescent,102,Hafted Stone Tools,21
-5000,initial,34,Kalbarkal Tribe,Fertile Crescent,105,Food Preservation,21
-5000,initial,34,Kalbarkal Tribe,Fertile Crescent,106,Storage Pits and Containers,21
-5000,initial,34,Kalbarkal Tribe,Fertile Crescent,107,Seasonal Aggregation Camps,21
-5000,initial,34,Kalbarkal Tribe,Fertile Crescent,110,Dog Domestication,21
-5000,initial,34,Kalbarkal Tribe,Fertile Crescent,111,Grinding Stones,21
-5000,initial,34,Kalbarkal Tribe,Fertile Crescent,112,Proto-cultivation,21
-5000,initial,34,Kalbarkal Tribe,Fertile Crescent,113,Sedentism,21
-5000,initial,34,Kalbarkal Tribe,Fertile Crescent,114,Enclosures and Herd Management,21
-5000,initial,34,Kalbarkal Tribe,Fertile Crescent,115,Counting Tokens and Tallies,21
-5000,initial,34,Kalbarkal Tribe,Fertile Crescent,116,Charcoal Firing,21
-5000,initial,34,Kalbarkal Tribe,Fertile Crescent,1,Pottery,21
-5000,initial,34,Kalbarkal Tribe,Fertile Crescent,119,Native Copper Working,21
-5000,initial,34,Kalbarkal Tribe,Fertile Crescent,2,Animal Husbandry,21
-5000,initial,34,Kalbarkal Tribe,Fertile Crescent,4,Mining,21
-5000,initial,34,Kalbarkal Tribe,Fertile Crescent,20,Agriculture,21
-5000,initial,34,Kalbarkal Tribe,Fertile Crescent,3,Archery,21
-5000,initial,34,Kalbarkal Tribe,Fertile Crescent,6,Calendar,21
-5000,initial,34,Kalbarkal Tribe,Fertile Crescent,10,Irrigation,21
-5000,initial,35,New ururan Tribe,Fertile Crescent,100,Cordage and Knots,21
-5000,initial,35,New ururan Tribe,Fertile Crescent,101,Hide Working and Tailored Clothing,21
-5000,initial,35,New ururan Tribe,Fertile Crescent,102,Hafted Stone Tools,21
-5000,initial,35,New ururan Tribe,Fertile Crescent,105,Food Preservation,21
-5000,initial,35,New ururan Tribe,Fertile Crescent,106,Storage Pits and Containers,21
-5000,initial,35,New ururan Tribe,Fertile Crescent,107,Seasonal Aggregation Camps,21
-5000,initial,35,New ururan Tribe,Fertile Crescent,110,Dog Domestication,21
-5000,initial,35,New ururan Tribe,Fertile Crescent,111,Grinding Stones,21
-5000,initial,35,New ururan Tribe,Fertile Crescent,112,Proto-cultivation,21
-5000,initial,35,New ururan Tribe,Fertile Crescent,113,Sedentism,21
-5000,initial,35,New ururan Tribe,Fertile Crescent,114,Enclosures and Herd Management,21
-5000,initial,35,New ururan Tribe,Fertile Crescent,115,Counting Tokens and Tallies,21
-5000,initial,35,New ururan Tribe,Fertile Crescent,116,Charcoal Firing,21
-5000,initial,35,New ururan Tribe,Fertile Crescent,1,Pottery,21
-5000,initial,35,New ururan Tribe,Fertile Crescent,119,Native Copper Working,21
-5000,initial,35,New ururan Tribe,Fertile Crescent,2,Animal Husbandry,21
-5000,initial,35,New ururan Tribe,Fertile Crescent,4,Mining,21
-5000,initial,35,New ururan Tribe,Fertile Crescent,20,Agriculture,21
-5000,initial,35,New ururan Tribe,Fertile Crescent,3,Archery,21
-5000,initial,35,New ururan Tribe,Fertile Crescent,6,Calendar,21
-5000,initial,35,New ururan Tribe,Fertile Crescent,10,Irrigation,21
-5000,initial,36,Great barash Tribe,Fertile Crescent,100,Cordage and Knots,21
-5000,initial,36,Great barash Tribe,Fertile Crescent,101,Hide Working and Tailored Clothing,21
-5000,initial,36,Great barash Tribe,Fertile Crescent,102,Hafted Stone Tools,21
-5000,initial,36,Great barash Tribe,Fertile Crescent,105,Food Preservation,21
-5000,initial,36,Great barash Tribe,Fertile Crescent,106,Storage Pits and Containers,21
-5000,initial,36,Great barash Tribe,Fertile Crescent,107,Seasonal Aggregation Camps,21
-5000,initial,36,Great barash Tribe,Fertile Crescent,110,Dog Domestication,21
-5000,initial,36,Great barash Tribe,Fertile Crescent,111,Grinding Stones,21
-5000,initial,36,Great barash Tribe,Fertile Crescent,112,Proto-cultivation,21
-5000,initial,36,Great barash Tribe,Fertile Crescent,113,Sedentism,21
-5000,initial,36,Great barash Tribe,Fertile Crescent,114,Enclosures and Herd Management,21
-5000,initial,36,Great barash Tribe,Fertile Crescent,115,Counting Tokens and Tallies,21
-5000,initial,36,Great barash Tribe,Fertile Crescent,116,Charcoal Firing,21
-5000,initial,36,Great barash Tribe,Fertile Crescent,1,Pottery,21
-5000,initial,36,Great barash Tribe,Fertile Crescent,119,Native Copper Working,21
-5000,initial,36,Great barash Tribe,Fertile Crescent,2,Animal Husbandry,21
-5000,initial,36,Great barash Tribe,Fertile Crescent,4,Mining,21
-5000,initial,36,Great barash Tribe,Fertile Crescent,20,Agriculture,21
-5000,initial,36,Great barash Tribe,Fertile Crescent,3,Archery,21
-5000,initial,36,Great barash Tribe,Fertile Crescent,6,Calendar,21
-5000,initial,36,Great barash Tribe,Fertile Crescent,10,Irrigation,21
-5000,initial,38,Eshbaresh Tribe,Fertile Crescent,100,Cordage and Knots,21
-5000,initial,38,Eshbaresh Tribe,Fertile Crescent,101,Hide Working and Tailored Clothing,21
-5000,initial,38,Eshbaresh Tribe,Fertile Crescent,102,Hafted Stone Tools,21
-5000,initial,38,Eshbaresh Tribe,Fertile Crescent,105,Food Preservation,21
-5000,initial,38,Eshbaresh Tribe,Fertile Crescent,106,Storage Pits and Containers,21
-5000,initial,38,Eshbaresh Tribe,Fertile Crescent,107,Seasonal Aggregation Camps,21
-5000,initial,38,Eshbaresh Tribe,Fertile Crescent,110,Dog Domestication,21
-5000,initial,38,Eshbaresh Tribe,Fertile Crescent,111,Grinding Stones,21
-5000,initial,38,Eshbaresh Tribe,Fertile Crescent,112,Proto-cultivation,21
-5000,initial,38,Eshbaresh Tribe,Fertile Crescent,113,Sedentism,21
-5000,initial,38,Eshbaresh Tribe,Fertile Crescent,114,Enclosures and Herd Management,21
-5000,initial,38,Eshbaresh Tribe,Fertile Crescent,115,Counting Tokens and Tallies,21
-5000,initial,38,Eshbaresh Tribe,Fertile Crescent,116,Charcoal Firing,21
-5000,initial,38,Eshbaresh Tribe,Fertile Crescent,1,Pottery,21
-5000,initial,38,Eshbaresh Tribe,Fertile Crescent,119,Native Copper Working,21
-5000,initial,38,Eshbaresh Tribe,Fertile Crescent,2,Animal Husbandry,21
-5000,initial,38,Eshbaresh Tribe,Fertile Crescent,4,Mining,21
-5000,initial,38,Eshbaresh Tribe,Fertile Crescent,20,Agriculture,21
-5000,initial,38,Eshbaresh Tribe,Fertile Crescent,3,Archery,21
-5000,initial,38,Eshbaresh Tribe,Fertile Crescent,6,Calendar,21
-5000,initial,38,Eshbaresh Tribe,Fertile Crescent,10,Irrigation,21
-5000,initial,39,New lorromia Tribe,Monsoon Coastal,100,Cordage and Knots,20
-5000,initial,39,New lorromia Tribe,Monsoon Coastal,101,Hide Working and Tailored Clothing,20
-5000,initial,39,New lorromia Tribe,Monsoon Coastal,102,Hafted Stone Tools,20
-5000,initial,39,New lorromia Tribe,Monsoon Coastal,104,Fishing Technology,20
-5000,initial,39,New lorromia Tribe,Monsoon Coastal,105,Food Preservation,20
-5000,initial,39,New lorromia Tribe,Monsoon Coastal,106,Storage Pits and Containers,20
-5000,initial,39,New lorromia Tribe,Monsoon Coastal,107,Seasonal Aggregation Camps,20
-5000,initial,39,New lorromia Tribe,Monsoon Coastal,108,Watercraft,20
-5000,initial,39,New lorromia Tribe,Monsoon Coastal,110,Dog Domestication,20
-5000,initial,39,New lorromia Tribe,Monsoon Coastal,111,Grinding Stones,20
-5000,initial,39,New lorromia Tribe,Monsoon Coastal,112,Proto-cultivation,20
-5000,initial,39,New lorromia Tribe,Monsoon Coastal,113,Sedentism,20
-5000,initial,39,New lorromia Tribe,Monsoon Coastal,114,Enclosures and Herd Management,20
-5000,initial,39,New lorromia Tribe,Monsoon Coastal,116,Charcoal Firing,20
-5000,initial,39,New lorromia Tribe,Monsoon Coastal,1,Pottery,20
-5000,initial,39,New lorromia Tribe,Monsoon Coastal,2,Animal Husbandry,20
-5000,initial,39,New lorromia Tribe,Monsoon Coastal,20,Agriculture,20
-5000,initial,39,New lorromia Tribe,Monsoon Coastal,3,Archery,20
-5000,initial,39,New lorromia Tribe,Monsoon Coastal,5,Sailing,20
-5000,initial,39,New lorromia Tribe,Monsoon Coastal,6,Calendar,20
-5000,initial,40,Old kinterstan Tribe,Monsoon Coastal,100,Cordage and Knots,20
-5000,initial,40,Old kinterstan Tribe,Monsoon Coastal,101,Hide Working and Tailored Clothing,20
-5000,initial,40,Old kinterstan Tribe,Monsoon Coastal,102,Hafted Stone Tools,20
-5000,initial,40,Old kinterstan Tribe,Monsoon Coastal,104,Fishing Technology,20
-5000,initial,40,Old kinterstan Tribe,Monsoon Coastal,105,Food Preservation,20
-5000,initial,40,Old kinterstan Tribe,Monsoon Coastal,106,Storage Pits and Containers,20
-5000,initial,40,Old kinterstan Tribe,Monsoon Coastal,107,Seasonal Aggregation Camps,20
-5000,initial,40,Old kinterstan Tribe,Monsoon Coastal,108,Watercraft,20
-5000,initial,40,Old kinterstan Tribe,Monsoon Coastal,110,Dog Domestication,20
-5000,initial,40,Old kinterstan Tribe,Monsoon Coastal,111,Grinding Stones,20
-5000,initial,40,Old kinterstan Tribe,Monsoon Coastal,112,Proto-cultivation,20
-5000,initial,40,Old kinterstan Tribe,Monsoon Coastal,113,Sedentism,20
-5000,initial,40,Old kinterstan Tribe,Monsoon Coastal,114,Enclosures and Herd Management,20
-5000,initial,40,Old kinterstan Tribe,Monsoon Coastal,116,Charcoal Firing,20
-5000,initial,40,Old kinterstan Tribe,Monsoon Coastal,1,Pottery,20
-5000,initial,40,Old kinterstan Tribe,Monsoon Coastal,2,Animal Husbandry,20
-5000,initial,40,Old kinterstan Tribe,Monsoon Coastal,20,Agriculture,20
-5000,initial,40,Old kinterstan Tribe,Monsoon Coastal,3,Archery,20
-5000,initial,40,Old kinterstan Tribe,Monsoon Coastal,5,Sailing,20
-5000,initial,40,Old kinterstan Tribe,Monsoon Coastal,6,Calendar,20
-5000,initial,41,Old kinviaquigrad Tribe,Monsoon Coastal,100,Cordage and Knots,20
-5000,initial,41,Old kinviaquigrad Tribe,Monsoon Coastal,101,Hide Working and Tailored Clothing,20
-5000,initial,41,Old kinviaquigrad Tribe,Monsoon Coastal,102,Hafted Stone Tools,20
-5000,initial,41,Old kinviaquigrad Tribe,Monsoon Coastal,104,Fishing Technology,20
-5000,initial,41,Old kinviaquigrad Tribe,Monsoon Coastal,105,Food Preservation,20
-5000,initial,41,Old kinviaquigrad Tribe,Monsoon Coastal,106,Storage Pits and Containers,20
-5000,initial,41,Old kinviaquigrad Tribe,Monsoon Coastal,107,Seasonal Aggregation Camps,20
-5000,initial,41,Old kinviaquigrad Tribe,Monsoon Coastal,108,Watercraft,20
-5000,initial,41,Old kinviaquigrad Tribe,Monsoon Coastal,110,Dog Domestication,20
-5000,initial,41,Old kinviaquigrad Tribe,Monsoon Coastal,111,Grinding Stones,20
-5000,initial,41,Old kinviaquigrad Tribe,Monsoon Coastal,112,Proto-cultivation,20
-5000,initial,41,Old kinviaquigrad Tribe,Monsoon Coastal,113,Sedentism,20
-5000,initial,41,Old kinviaquigrad Tribe,Monsoon Coastal,114,Enclosures and Herd Management,20
-5000,initial,41,Old kinviaquigrad Tribe,Monsoon Coastal,116,Charcoal Firing,20
-5000,initial,41,Old kinviaquigrad Tribe,Monsoon Coastal,1,Pottery,20
-5000,initial,41,Old kinviaquigrad Tribe,Monsoon Coastal,2,Animal Husbandry,20
-5000,initial,41,Old kinviaquigrad Tribe,Monsoon Coastal,20,Agriculture,20
-5000,initial,41,Old kinviaquigrad Tribe,Monsoon Coastal,3,Archery,20
-5000,initial,41,Old kinviaquigrad Tribe,Monsoon Coastal,5,Sailing,20
-5000,initial,41,Old kinviaquigrad Tribe,Monsoon Coastal,6,Calendar,20
-5000,initial,42,Old kinromland Tribe,Monsoon Coastal,100,Cordage and Knots,20
-5000,initial,42,Old kinromland Tribe,Monsoon Coastal,101,Hide Working and Tailored Clothing,20
-5000,initial,42,Old kinromland Tribe,Monsoon Coastal,102,Hafted Stone Tools,20
-5000,initial,42,Old kinromland Tribe,Monsoon Coastal,104,Fishing Technology,20
-5000,initial,42,Old kinromland Tribe,Monsoon Coastal,105,Food Preservation,20
-5000,initial,42,Old kinromland Tribe,Monsoon Coastal,106,Storage Pits and Containers,20
-5000,initial,42,Old kinromland Tribe,Monsoon Coastal,107,Seasonal Aggregation Camps,20
-5000,initial,42,Old kinromland Tribe,Monsoon Coastal,108,Watercraft,20
-5000,initial,42,Old kinromland Tribe,Monsoon Coastal,110,Dog Domestication,20
-5000,initial,42,Old kinromland Tribe,Monsoon Coastal,111,Grinding Stones,20
-5000,initial,42,Old kinromland Tribe,Monsoon Coastal,112,Proto-cultivation,20
-5000,initial,42,Old kinromland Tribe,Monsoon Coastal,113,Sedentism,20
-5000,initial,42,Old kinromland Tribe,Monsoon Coastal,114,Enclosures and Herd Management,20
-5000,initial,42,Old kinromland Tribe,Monsoon Coastal,116,Charcoal Firing,20
-5000,initial,42,Old kinromland Tribe,Monsoon Coastal,1,Pottery,20
-5000,initial,42,Old kinromland Tribe,Monsoon Coastal,2,Animal Husbandry,20
-5000,initial,42,Old kinromland Tribe,Monsoon Coastal,20,Agriculture,20
-5000,initial,42,Old kinromland Tribe,Monsoon Coastal,3,Archery,20
-5000,initial,42,Old kinromland Tribe,Monsoon Coastal,5,Sailing,20
-5000,initial,42,Old kinromland Tribe,Monsoon Coastal,6,Calendar,20
-5000,initial,43,Old marrankinstan Tribe,Monsoon Coastal,100,Cordage and Knots,20
-5000,initial,43,Old marrankinstan Tribe,Monsoon Coastal,101,Hide Working and Tailored Clothing,20
-5000,initial,43,Old marrankinstan Tribe,Monsoon Coastal,102,Hafted Stone Tools,20
-5000,initial,43,Old marrankinstan Tribe,Monsoon Coastal,104,Fishing Technology,20
-5000,initial,43,Old marrankinstan Tribe,Monsoon Coastal,105,Food Preservation,20
-5000,initial,43,Old marrankinstan Tribe,Monsoon Coastal,106,Storage Pits and Containers,20
-5000,initial,43,Old marrankinstan Tribe,Monsoon Coastal,107,Seasonal Aggregation Camps,20
-5000,initial,43,Old marrankinstan Tribe,Monsoon Coastal,108,Watercraft,20
-5000,initial,43,Old marrankinstan Tribe,Monsoon Coastal,110,Dog Domestication,20
-5000,initial,43,Old marrankinstan Tribe,Monsoon Coastal,111,Grinding Stones,20
-5000,initial,43,Old marrankinstan Tribe,Monsoon Coastal,112,Proto-cultivation,20
-5000,initial,43,Old marrankinstan Tribe,Monsoon Coastal,113,Sedentism,20
-5000,initial,43,Old marrankinstan Tribe,Monsoon Coastal,114,Enclosures and Herd Management,20
-5000,initial,43,Old marrankinstan Tribe,Monsoon Coastal,116,Charcoal Firing,20
-5000,initial,43,Old marrankinstan Tribe,Monsoon Coastal,1,Pottery,20
-5000,initial,43,Old marrankinstan Tribe,Monsoon Coastal,2,Animal Husbandry,20
-5000,initial,43,Old marrankinstan Tribe,Monsoon Coastal,20,Agriculture,20
-5000,initial,43,Old marrankinstan Tribe,Monsoon Coastal,3,Archery,20
-5000,initial,43,Old marrankinstan Tribe,Monsoon Coastal,5,Sailing,20
-5000,initial,43,Old marrankinstan Tribe,Monsoon Coastal,6,Calendar,20
-5000,initial,44,New mardusia Tribe,Monsoon Coastal,100,Cordage and Knots,20
-5000,initial,44,New mardusia Tribe,Monsoon Coastal,101,Hide Working and Tailored Clothing,20
-5000,initial,44,New mardusia Tribe,Monsoon Coastal,102,Hafted Stone Tools,20
-5000,initial,44,New mardusia Tribe,Monsoon Coastal,104,Fishing Technology,20
-5000,initial,44,New mardusia Tribe,Monsoon Coastal,105,Food Preservation,20
-5000,initial,44,New mardusia Tribe,Monsoon Coastal,106,Storage Pits and Containers,20
-5000,initial,44,New mardusia Tribe,Monsoon Coastal,107,Seasonal Aggregation Camps,20
-5000,initial,44,New mardusia Tribe,Monsoon Coastal,108,Watercraft,20
-5000,initial,44,New mardusia Tribe,Monsoon Coastal,110,Dog Domestication,20
-5000,initial,44,New mardusia Tribe,Monsoon Coastal,111,Grinding Stones,20
-5000,initial,44,New mardusia Tribe,Monsoon Coastal,112,Proto-cultivation,20
-5000,initial,44,New mardusia Tribe,Monsoon Coastal,113,Sedentism,20
-5000,initial,44,New mardusia Tribe,Monsoon Coastal,114,Enclosures and Herd Management,20
-5000,initial,44,New mardusia Tribe,Monsoon Coastal,116,Charcoal Firing,20
-5000,initial,44,New mardusia Tribe,Monsoon Coastal,1,Pottery,20
-5000,initial,44,New mardusia Tribe,Monsoon Coastal,2,Animal Husbandry,20
-5000,initial,44,New mardusia Tribe,Monsoon Coastal,20,Agriculture,20
-5000,initial,44,New mardusia Tribe,Monsoon Coastal,3,Archery,20
-5000,initial,44,New mardusia Tribe,Monsoon Coastal,5,Sailing,20
-5000,initial,44,New mardusia Tribe,Monsoon Coastal,6,Calendar,20
-5000,initial,45,Old linnaland Tribe,Steppe Nomadic,100,Cordage and Knots,14
-5000,initial,45,Old linnaland Tribe,Steppe Nomadic,101,Hide Working and Tailored Clothing,14
-5000,initial,45,Old linnaland Tribe,Steppe Nomadic,102,Hafted Stone Tools,14
-5000,initial,45,Old linnaland Tribe,Steppe Nomadic,105,Food Preservation,14
-5000,initial,45,Old linnaland Tribe,Steppe Nomadic,106,Storage Pits and Containers,14
-5000,initial,45,Old linnaland Tribe,Steppe Nomadic,107,Seasonal Aggregation Camps,14
-5000,initial,45,Old linnaland Tribe,Steppe Nomadic,110,Dog Domestication,14
-5000,initial,45,Old linnaland Tribe,Steppe Nomadic,111,Grinding Stones,14
-5000,initial,45,Old linnaland Tribe,Steppe Nomadic,113,Sedentism,14
-5000,initial,45,Old linnaland Tribe,Steppe Nomadic,114,Enclosures and Herd Management,14
-5000,initial,45,Old linnaland Tribe,Steppe Nomadic,2,Animal Husbandry,14
-5000,initial,45,Old linnaland Tribe,Steppe Nomadic,4,Mining,14
-5000,initial,45,Old linnaland Tribe,Steppe Nomadic,3,Archery,14
-5000,initial,45,Old linnaland Tribe,Steppe Nomadic,6,Calendar,14
-5000,initial,46,New kinzentergrad Tribe,Steppe Nomadic,100,Cordage and Knots,14
-5000,initial,46,New kinzentergrad Tribe,Steppe Nomadic,101,Hide Working and Tailored Clothing,14
-5000,initial,46,New kinzentergrad Tribe,Steppe Nomadic,102,Hafted Stone Tools,14
-5000,initial,46,New kinzentergrad Tribe,Steppe Nomadic,105,Food Preservation,14
-5000,initial,46,New kinzentergrad Tribe,Steppe Nomadic,106,Storage Pits and Containers,14
-5000,initial,46,New kinzentergrad Tribe,Steppe Nomadic,107,Seasonal Aggregation Camps,14
-5000,initial,46,New kinzentergrad Tribe,Steppe Nomadic,110,Dog Domestication,14
-5000,initial,46,New kinzentergrad Tribe,Steppe Nomadic,111,Grinding Stones,14
-5000,initial,46,New kinzentergrad Tribe,Steppe Nomadic,113,Sedentism,14
-5000,initial,46,New kinzentergrad Tribe,Steppe Nomadic,114,Enclosures and Herd Management,14
-5000,initial,46,New kinzentergrad Tribe,Steppe Nomadic,2,Animal Husbandry,14
-5000,initial,46,New kinzentergrad Tribe,Steppe Nomadic,4,Mining,14
-5000,initial,46,New kinzentergrad Tribe,Steppe Nomadic,3,Archery,14
-5000,initial,46,New kinzentergrad Tribe,Steppe Nomadic,6,Calendar,14
-5000,initial,47,New quiromland Tribe,Steppe Nomadic,100,Cordage and Knots,14
-5000,initial,47,New quiromland Tribe,Steppe Nomadic,101,Hide Working and Tailored Clothing,14
-5000,initial,47,New quiromland Tribe,Steppe Nomadic,102,Hafted Stone Tools,14
-5000,initial,47,New quiromland Tribe,Steppe Nomadic,105,Food Preservation,14
-5000,initial,47,New quiromland Tribe,Steppe Nomadic,106,Storage Pits and Containers,14
-5000,initial,47,New quiromland Tribe,Steppe Nomadic,107,Seasonal Aggregation Camps,14
-5000,initial,47,New quiromland Tribe,Steppe Nomadic,110,Dog Domestication,14
-5000,initial,47,New quiromland Tribe,Steppe Nomadic,111,Grinding Stones,14
-5000,initial,47,New quiromland Tribe,Steppe Nomadic,113,Sedentism,14
-5000,initial,47,New quiromland Tribe,Steppe Nomadic,114,Enclosures and Herd Management,14
-5000,initial,47,New quiromland Tribe,Steppe Nomadic,2,Animal Husbandry,14
-5000,initial,47,New quiromland Tribe,Steppe Nomadic,4,Mining,14
-5000,initial,47,New quiromland Tribe,Steppe Nomadic,3,Archery,14
-5000,initial,47,New quiromland Tribe,Steppe Nomadic,6,Calendar,14
-5000,initial,48,Great ofichikaene Tribe,Nile Floodplain,100,Cordage and Knots,19
-5000,initial,48,Great ofichikaene Tribe,Nile Floodplain,101,Hide Working and Tailored Clothing,19
-5000,initial,48,Great ofichikaene Tribe,Nile Floodplain,102,Hafted Stone Tools,19
-5000,initial,48,Great ofichikaene Tribe,Nile Floodplain,105,Food Preservation,19
-5000,initial,48,Great ofichikaene Tribe,Nile Floodplain,106,Storage Pits and Containers,19
-5000,initial,48,Great ofichikaene Tribe,Nile Floodplain,107,Seasonal Aggregation Camps,19
-5000,initial,48,Great ofichikaene Tribe,Nile Floodplain,110,Dog Domestication,19
-5000,initial,48,Great ofichikaene Tribe,Nile Floodplain,111,Grinding Stones,19
-5000,initial,48,Great ofichikaene Tribe,Nile Floodplain,112,Proto-cultivation,19
-5000,initial,48,Great ofichikaene Tribe,Nile Floodplain,113,Sedentism,19
-5000,initial,48,Great ofichikaene Tribe,Nile Floodplain,114,Enclosures and Herd Management,19
-5000,initial,48,Great ofichikaene Tribe,Nile Floodplain,115,Counting Tokens and Tallies,19
-5000,initial,48,Great ofichikaene Tribe,Nile Floodplain,116,Charcoal Firing,19
-5000,initial,48,Great ofichikaene Tribe,Nile Floodplain,1,Pottery,19
-5000,initial,48,Great ofichikaene Tribe,Nile Floodplain,2,Animal Husbandry,19
-5000,initial,48,Great ofichikaene Tribe,Nile Floodplain,20,Agriculture,19
-5000,initial,48,Great ofichikaene Tribe,Nile Floodplain,3,Archery,19
-5000,initial,48,Great ofichikaene Tribe,Nile Floodplain,6,Calendar,19
-5000,initial,48,Great ofichikaene Tribe,Nile Floodplain,10,Irrigation,19
-5000,initial,49,South lamtankau Tribe,Nile Floodplain,100,Cordage and Knots,19
-5000,initial,49,South lamtankau Tribe,Nile Floodplain,101,Hide Working and Tailored Clothing,19
-5000,initial,49,South lamtankau Tribe,Nile Floodplain,102,Hafted Stone Tools,19
-5000,initial,49,South lamtankau Tribe,Nile Floodplain,105,Food Preservation,19
-5000,initial,49,South lamtankau Tribe,Nile Floodplain,106,Storage Pits and Containers,19
-5000,initial,49,South lamtankau Tribe,Nile Floodplain,107,Seasonal Aggregation Camps,19
-5000,initial,49,South lamtankau Tribe,Nile Floodplain,110,Dog Domestication,19
-5000,initial,49,South lamtankau Tribe,Nile Floodplain,111,Grinding Stones,19
-5000,initial,49,South lamtankau Tribe,Nile Floodplain,112,Proto-cultivation,19
-5000,initial,49,South lamtankau Tribe,Nile Floodplain,113,Sedentism,19
-5000,initial,49,South lamtankau Tribe,Nile Floodplain,114,Enclosures and Herd Management,19
-5000,initial,49,South lamtankau Tribe,Nile Floodplain,115,Counting Tokens and Tallies,19
-5000,initial,49,South lamtankau Tribe,Nile Floodplain,116,Charcoal Firing,19
-5000,initial,49,South lamtankau Tribe,Nile Floodplain,1,Pottery,19
-5000,initial,49,South lamtankau Tribe,Nile Floodplain,2,Animal Husbandry,19
-5000,initial,49,South lamtankau Tribe,Nile Floodplain,20,Agriculture,19
-5000,initial,49,South lamtankau Tribe,Nile Floodplain,3,Archery,19
-5000,initial,49,South lamtankau Tribe,Nile Floodplain,6,Calendar,19
-5000,initial,49,South lamtankau Tribe,Nile Floodplain,10,Irrigation,19
-5000,initial,50,South ofingoofi Tribe,North Saharan,100,Cordage and Knots,19
-5000,initial,50,South ofingoofi Tribe,North Saharan,101,Hide Working and Tailored Clothing,19
-5000,initial,50,South ofingoofi Tribe,North Saharan,102,Hafted Stone Tools,19
-5000,initial,50,South ofingoofi Tribe,North Saharan,105,Food Preservation,19
-5000,initial,50,South ofingoofi Tribe,North Saharan,106,Storage Pits and Containers,19
-5000,initial,50,South ofingoofi Tribe,North Saharan,107,Seasonal Aggregation Camps,19
-5000,initial,50,South ofingoofi Tribe,North Saharan,110,Dog Domestication,19
-5000,initial,50,South ofingoofi Tribe,North Saharan,111,Grinding Stones,19
-5000,initial,50,South ofingoofi Tribe,North Saharan,112,Proto-cultivation,19
-5000,initial,50,South ofingoofi Tribe,North Saharan,113,Sedentism,19
-5000,initial,50,South ofingoofi Tribe,North Saharan,114,Enclosures and Herd Management,19
-5000,initial,50,South ofingoofi Tribe,North Saharan,115,Counting Tokens and Tallies,19
-5000,initial,50,South ofingoofi Tribe,North Saharan,116,Charcoal Firing,19
-5000,initial,50,South ofingoofi Tribe,North Saharan,1,Pottery,19
-5000,initial,50,South ofingoofi Tribe,North Saharan,2,Animal Husbandry,19
-5000,initial,50,South ofingoofi Tribe,North Saharan,4,Mining,19
-5000,initial,50,South ofingoofi Tribe,North Saharan,20,Agriculture,19
-5000,initial,50,South ofingoofi Tribe,North Saharan,3,Archery,19
-5000,initial,50,South ofingoofi Tribe,North Saharan,6,Calendar,19
-5000,initial,51,Barofi Tribe,West Sahel,100,Cordage and Knots,15
-5000,initial,51,Barofi Tribe,West Sahel,101,Hide Working and Tailored Clothing,15
-5000,initial,51,Barofi Tribe,West Sahel,102,Hafted Stone Tools,15
-5000,initial,51,Barofi Tribe,West Sahel,105,Food Preservation,15
-5000,initial,51,Barofi Tribe,West Sahel,106,Storage Pits and Containers,15
-5000,initial,51,Barofi Tribe,West Sahel,107,Seasonal Aggregation Camps,15
-5000,initial,51,Barofi Tribe,West Sahel,111,Grinding Stones,15
-5000,initial,51,Barofi Tribe,West Sahel,112,Proto-cultivation,15
-5000,initial,51,Barofi Tribe,West Sahel,113,Sedentism,15
-5000,initial,51,Barofi Tribe,West Sahel,116,Charcoal Firing,15
-5000,initial,51,Barofi Tribe,West Sahel,1,Pottery,15
-5000,initial,51,Barofi Tribe,West Sahel,4,Mining,15
-5000,initial,51,Barofi Tribe,West Sahel,20,Agriculture,15
-5000,initial,51,Barofi Tribe,West Sahel,3,Archery,15
-5000,initial,51,Barofi Tribe,West Sahel,6,Calendar,15
-5000,initial,52,Old barmamaene Tribe,West Sahel,100,Cordage and Knots,15
-5000,initial,52,Old barmamaene Tribe,West Sahel,101,Hide Working and Tailored Clothing,15
-5000,initial,52,Old barmamaene Tribe,West Sahel,102,Hafted Stone Tools,15
-5000,initial,52,Old barmamaene Tribe,West Sahel,105,Food Preservation,15
-5000,initial,52,Old barmamaene Tribe,West Sahel,106,Storage Pits and Containers,15
-5000,initial,52,Old barmamaene Tribe,West Sahel,107,Seasonal Aggregation Camps,15
-5000,initial,52,Old barmamaene Tribe,West Sahel,111,Grinding Stones,15
-5000,initial,52,Old barmamaene Tribe,West Sahel,112,Proto-cultivation,15
-5000,initial,52,Old barmamaene Tribe,West Sahel,113,Sedentism,15
-5000,initial,52,Old barmamaene Tribe,West Sahel,116,Charcoal Firing,15
-5000,initial,52,Old barmamaene Tribe,West Sahel,1,Pottery,15
-5000,initial,52,Old barmamaene Tribe,West Sahel,4,Mining,15
-5000,initial,52,Old barmamaene Tribe,West Sahel,20,Agriculture,15
-5000,initial,52,Old barmamaene Tribe,West Sahel,3,Archery,15
-5000,initial,52,Old barmamaene Tribe,West Sahel,6,Calendar,15
-5000,initial,53,Great ngobar Tribe,East Horn,100,Cordage and Knots,15
-5000,initial,53,Great ngobar Tribe,East Horn,101,Hide Working and Tailored Clothing,15
-5000,initial,53,Great ngobar Tribe,East Horn,102,Hafted Stone Tools,15
-5000,initial,53,Great ngobar Tribe,East Horn,105,Food Preservation,15
-5000,initial,53,Great ngobar Tribe,East Horn,106,Storage Pits and Containers,15
-5000,initial,53,Great ngobar Tribe,East Horn,107,Seasonal Aggregation Camps,15
-5000,initial,53,Great ngobar Tribe,East Horn,111,Grinding Stones,15
-5000,initial,53,Great ngobar Tribe,East Horn,112,Proto-cultivation,15
-5000,initial,53,Great ngobar Tribe,East Horn,113,Sedentism,15
-5000,initial,53,Great ngobar Tribe,East Horn,116,Charcoal Firing,15
-5000,initial,53,Great ngobar Tribe,East Horn,1,Pottery,15
-5000,initial,53,Great ngobar Tribe,East Horn,4,Mining,15
-5000,initial,53,Great ngobar Tribe,East Horn,20,Agriculture,15
-5000,initial,53,Great ngobar Tribe,East Horn,3,Archery,15
-5000,initial,53,Great ngobar Tribe,East Horn,6,Calendar,15
-5000,initial,54,South ngochiofiu Tribe,East Horn,100,Cordage and Knots,15
-5000,initial,54,South ngochiofiu Tribe,East Horn,101,Hide Working and Tailored Clothing,15
-5000,initial,54,South ngochiofiu Tribe,East Horn,102,Hafted Stone Tools,15
-5000,initial,54,South ngochiofiu Tribe,East Horn,105,Food Preservation,15
-5000,initial,54,South ngochiofiu Tribe,East Horn,106,Storage Pits and Containers,15
-5000,initial,54,South ngochiofiu Tribe,East Horn,107,Seasonal Aggregation Camps,15
-5000,initial,54,South ngochiofiu Tribe,East Horn,111,Grinding Stones,15
-5000,initial,54,South ngochiofiu Tribe,East Horn,112,Proto-cultivation,15
-5000,initial,54,South ngochiofiu Tribe,East Horn,113,Sedentism,15
-5000,initial,54,South ngochiofiu Tribe,East Horn,116,Charcoal Firing,15
-5000,initial,54,South ngochiofiu Tribe,East Horn,1,Pottery,15
-5000,initial,54,South ngochiofiu Tribe,East Horn,4,Mining,15
-5000,initial,54,South ngochiofiu Tribe,East Horn,20,Agriculture,15
-5000,initial,54,South ngochiofiu Tribe,East Horn,3,Archery,15
-5000,initial,54,South ngochiofiu Tribe,East Horn,6,Calendar,15
-5000,initial,55,South ngozuzua Tribe,Central Forest,100,Cordage and Knots,13
-5000,initial,55,South ngozuzua Tribe,Central Forest,101,Hide Working and Tailored Clothing,13
-5000,initial,55,South ngozuzua Tribe,Central Forest,102,Hafted Stone Tools,13
-5000,initial,55,South ngozuzua Tribe,Central Forest,105,Food Preservation,13
-5000,initial,55,South ngozuzua Tribe,Central Forest,106,Storage Pits and Containers,13
-5000,initial,55,South ngozuzua Tribe,Central Forest,107,Seasonal Aggregation Camps,13
-5000,initial,55,South ngozuzua Tribe,Central Forest,111,Grinding Stones,13
-5000,initial,55,South ngozuzua Tribe,Central Forest,113,Sedentism,13
-5000,initial,55,South ngozuzua Tribe,Central Forest,116,Charcoal Firing,13
-5000,initial,55,South ngozuzua Tribe,Central Forest,1,Pottery,13
-5000,initial,55,South ngozuzua Tribe,Central Forest,4,Mining,13
-5000,initial,55,South ngozuzua Tribe,Central Forest,3,Archery,13
-5000,initial,55,South ngozuzua Tribe,Central Forest,6,Calendar,13
-5000,initial,56,Great karvenromburg Tribe,Mediterranean Highland,100,Cordage and Knots,20
-5000,initial,56,Great karvenromburg Tribe,Mediterranean Highland,101,Hide Working and Tailored Clothing,20
-5000,initial,56,Great karvenromburg Tribe,Mediterranean Highland,102,Hafted Stone Tools,20
-5000,initial,56,Great karvenromburg Tribe,Mediterranean Highland,105,Food Preservation,20
-5000,initial,56,Great karvenromburg Tribe,Mediterranean Highland,106,Storage Pits and Containers,20
-5000,initial,56,Great karvenromburg Tribe,Mediterranean Highland,107,Seasonal Aggregation Camps,20
-5000,initial,56,Great karvenromburg Tribe,Mediterranean Highland,110,Dog Domestication,20
-5000,initial,56,Great karvenromburg Tribe,Mediterranean Highland,111,Grinding Stones,20
-5000,initial,56,Great karvenromburg Tribe,Mediterranean Highland,112,Proto-cultivation,20
-5000,initial,56,Great karvenromburg Tribe,Mediterranean Highland,113,Sedentism,20
-5000,initial,56,Great karvenromburg Tribe,Mediterranean Highland,114,Enclosures and Herd Management,20
-5000,initial,56,Great karvenromburg Tribe,Mediterranean Highland,115,Counting Tokens and Tallies,20
-5000,initial,56,Great karvenromburg Tribe,Mediterranean Highland,116,Charcoal Firing,20
-5000,initial,56,Great karvenromburg Tribe,Mediterranean Highland,1,Pottery,20
-5000,initial,56,Great karvenromburg Tribe,Mediterranean Highland,119,Native Copper Working,20
-5000,initial,56,Great karvenromburg Tribe,Mediterranean Highland,2,Animal Husbandry,20
-5000,initial,56,Great karvenromburg Tribe,Mediterranean Highland,4,Mining,20
-5000,initial,56,Great karvenromburg Tribe,Mediterranean Highland,20,Agriculture,20
-5000,initial,56,Great karvenromburg Tribe,Mediterranean Highland,3,Archery,20
-5000,initial,56,Great karvenromburg Tribe,Mediterranean Highland,6,Calendar,20
-5000,initial,57,Old venkarbelum Tribe,Mediterranean Highland,100,Cordage and Knots,20
-5000,initial,57,Old venkarbelum Tribe,Mediterranean Highland,101,Hide Working and Tailored Clothing,20
-5000,initial,57,Old venkarbelum Tribe,Mediterranean Highland,102,Hafted Stone Tools,20
-5000,initial,57,Old venkarbelum Tribe,Mediterranean Highland,105,Food Preservation,20
-5000,initial,57,Old venkarbelum Tribe,Mediterranean Highland,106,Storage Pits and Containers,20
-5000,initial,57,Old venkarbelum Tribe,Mediterranean Highland,107,Seasonal Aggregation Camps,20
-5000,initial,57,Old venkarbelum Tribe,Mediterranean Highland,110,Dog Domestication,20
-5000,initial,57,Old venkarbelum Tribe,Mediterranean Highland,111,Grinding Stones,20
-5000,initial,57,Old venkarbelum Tribe,Mediterranean Highland,112,Proto-cultivation,20
-5000,initial,57,Old venkarbelum Tribe,Mediterranean Highland,113,Sedentism,20
-5000,initial,57,Old venkarbelum Tribe,Mediterranean Highland,114,Enclosures and Herd Management,20
-5000,initial,57,Old venkarbelum Tribe,Mediterranean Highland,115,Counting Tokens and Tallies,20
-5000,initial,57,Old venkarbelum Tribe,Mediterranean Highland,116,Charcoal Firing,20
-5000,initial,57,Old venkarbelum Tribe,Mediterranean Highland,1,Pottery,20
-5000,initial,57,Old venkarbelum Tribe,Mediterranean Highland,119,Native Copper Working,20
-5000,initial,57,Old venkarbelum Tribe,Mediterranean Highland,2,Animal Husbandry,20
-5000,initial,57,Old venkarbelum Tribe,Mediterranean Highland,4,Mining,20
-5000,initial,57,Old venkarbelum Tribe,Mediterranean Highland,20,Agriculture,20
-5000,initial,57,Old venkarbelum Tribe,Mediterranean Highland,3,Archery,20
-5000,initial,57,Old venkarbelum Tribe,Mediterranean Highland,6,Calendar,20
-5000,initial,58,Selkarbelum Tribe,Mediterranean Urban,100,Cordage and Knots,22
-5000,initial,58,Selkarbelum Tribe,Mediterranean Urban,101,Hide Working and Tailored Clothing,22
-5000,initial,58,Selkarbelum Tribe,Mediterranean Urban,102,Hafted Stone Tools,22
-5000,initial,58,Selkarbelum Tribe,Mediterranean Urban,104,Fishing Technology,22
-5000,initial,58,Selkarbelum Tribe,Mediterranean Urban,105,Food Preservation,22
-5000,initial,58,Selkarbelum Tribe,Mediterranean Urban,106,Storage Pits and Containers,22
-5000,initial,58,Selkarbelum Tribe,Mediterranean Urban,107,Seasonal Aggregation Camps,22
-5000,initial,58,Selkarbelum Tribe,Mediterranean Urban,108,Watercraft,22
-5000,initial,58,Selkarbelum Tribe,Mediterranean Urban,110,Dog Domestication,22
-5000,initial,58,Selkarbelum Tribe,Mediterranean Urban,111,Grinding Stones,22
-5000,initial,58,Selkarbelum Tribe,Mediterranean Urban,112,Proto-cultivation,22
-5000,initial,58,Selkarbelum Tribe,Mediterranean Urban,113,Sedentism,22
-5000,initial,58,Selkarbelum Tribe,Mediterranean Urban,114,Enclosures and Herd Management,22
-5000,initial,58,Selkarbelum Tribe,Mediterranean Urban,115,Counting Tokens and Tallies,22
-5000,initial,58,Selkarbelum Tribe,Mediterranean Urban,116,Charcoal Firing,22
-5000,initial,58,Selkarbelum Tribe,Mediterranean Urban,1,Pottery,22
-5000,initial,58,Selkarbelum Tribe,Mediterranean Urban,2,Animal Husbandry,22
-5000,initial,58,Selkarbelum Tribe,Mediterranean Urban,4,Mining,22
-5000,initial,58,Selkarbelum Tribe,Mediterranean Urban,20,Agriculture,22
-5000,initial,58,Selkarbelum Tribe,Mediterranean Urban,3,Archery,22
-5000,initial,58,Selkarbelum Tribe,Mediterranean Urban,5,Sailing,22
-5000,initial,58,Selkarbelum Tribe,Mediterranean Urban,6,Calendar,22
-5000,initial,59,Great seltaria Tribe,Mediterranean Urban,100,Cordage and Knots,22
-5000,initial,59,Great seltaria Tribe,Mediterranean Urban,101,Hide Working and Tailored Clothing,22
-5000,initial,59,Great seltaria Tribe,Mediterranean Urban,102,Hafted Stone Tools,22
-5000,initial,59,Great seltaria Tribe,Mediterranean Urban,104,Fishing Technology,22
-5000,initial,59,Great seltaria Tribe,Mediterranean Urban,105,Food Preservation,22
-5000,initial,59,Great seltaria Tribe,Mediterranean Urban,106,Storage Pits and Containers,22
-5000,initial,59,Great seltaria Tribe,Mediterranean Urban,107,Seasonal Aggregation Camps,22
-5000,initial,59,Great seltaria Tribe,Mediterranean Urban,108,Watercraft,22
-5000,initial,59,Great seltaria Tribe,Mediterranean Urban,110,Dog Domestication,22
-5000,initial,59,Great seltaria Tribe,Mediterranean Urban,111,Grinding Stones,22
-5000,initial,59,Great seltaria Tribe,Mediterranean Urban,112,Proto-cultivation,22
-5000,initial,59,Great seltaria Tribe,Mediterranean Urban,113,Sedentism,22
-5000,initial,59,Great seltaria Tribe,Mediterranean Urban,114,Enclosures and Herd Management,22
-5000,initial,59,Great seltaria Tribe,Mediterranean Urban,115,Counting Tokens and Tallies,22
-5000,initial,59,Great seltaria Tribe,Mediterranean Urban,116,Charcoal Firing,22
-5000,initial,59,Great seltaria Tribe,Mediterranean Urban,1,Pottery,22
-5000,initial,59,Great seltaria Tribe,Mediterranean Urban,2,Animal Husbandry,22
-5000,initial,59,Great seltaria Tribe,Mediterranean Urban,4,Mining,22
-5000,initial,59,Great seltaria Tribe,Mediterranean Urban,20,Agriculture,22
-5000,initial,59,Great seltaria Tribe,Mediterranean Urban,3,Archery,22
-5000,initial,59,Great seltaria Tribe,Mediterranean Urban,5,Sailing,22
-5000,initial,59,Great seltaria Tribe,Mediterranean Urban,6,Calendar,22
-5000,initial,60,New venseldorburg Tribe,Central Plain,100,Cordage and Knots,18
-5000,initial,60,New venseldorburg Tribe,Central Plain,101,Hide Working and Tailored Clothing,18
-5000,initial,60,New venseldorburg Tribe,Central Plain,102,Hafted Stone Tools,18
-5000,initial,60,New venseldorburg Tribe,Central Plain,105,Food Preservation,18
-5000,initial,60,New venseldorburg Tribe,Central Plain,106,Storage Pits and Containers,18
-5000,initial,60,New venseldorburg Tribe,Central Plain,107,Seasonal Aggregation Camps,18
-5000,initial,60,New venseldorburg Tribe,Central Plain,110,Dog Domestication,18
-5000,initial,60,New venseldorburg Tribe,Central Plain,111,Grinding Stones,18
-5000,initial,60,New venseldorburg Tribe,Central Plain,112,Proto-cultivation,18
-5000,initial,60,New venseldorburg Tribe,Central Plain,113,Sedentism,18
-5000,initial,60,New venseldorburg Tribe,Central Plain,114,Enclosures and Herd Management,18
-5000,initial,60,New venseldorburg Tribe,Central Plain,116,Charcoal Firing,18
-5000,initial,60,New venseldorburg Tribe,Central Plain,1,Pottery,18
-5000,initial,60,New venseldorburg Tribe,Central Plain,2,Animal Husbandry,18
-5000,initial,60,New venseldorburg Tribe,Central Plain,4,Mining,18
-5000,initial,60,New venseldorburg Tribe,Central Plain,20,Agriculture,18
-5000,initial,60,New venseldorburg Tribe,Central Plain,3,Archery,18
-5000,initial,60,New venseldorburg Tribe,Central Plain,6,Calendar,18
-5000,initial,61,Great alallenburg Tribe,Central Plain,100,Cordage and Knots,18
-5000,initial,61,Great alallenburg Tribe,Central Plain,101,Hide Working and Tailored Clothing,18
-5000,initial,61,Great alallenburg Tribe,Central Plain,102,Hafted Stone Tools,18
-5000,initial,61,Great alallenburg Tribe,Central Plain,105,Food Preservation,18
-5000,initial,61,Great alallenburg Tribe,Central Plain,106,Storage Pits and Containers,18
-5000,initial,61,Great alallenburg Tribe,Central Plain,107,Seasonal Aggregation Camps,18
-5000,initial,61,Great alallenburg Tribe,Central Plain,110,Dog Domestication,18
-5000,initial,61,Great alallenburg Tribe,Central Plain,111,Grinding Stones,18
-5000,initial,61,Great alallenburg Tribe,Central Plain,112,Proto-cultivation,18
-5000,initial,61,Great alallenburg Tribe,Central Plain,113,Sedentism,18
-5000,initial,61,Great alallenburg Tribe,Central Plain,114,Enclosures and Herd Management,18
-5000,initial,61,Great alallenburg Tribe,Central Plain,116,Charcoal Firing,18
-5000,initial,61,Great alallenburg Tribe,Central Plain,1,Pottery,18
-5000,initial,61,Great alallenburg Tribe,Central Plain,2,Animal Husbandry,18
-5000,initial,61,Great alallenburg Tribe,Central Plain,4,Mining,18
-5000,initial,61,Great alallenburg Tribe,Central Plain,20,Agriculture,18
-5000,initial,61,Great alallenburg Tribe,Central Plain,3,Archery,18
-5000,initial,61,Great alallenburg Tribe,Central Plain,6,Calendar,18
-5000,initial,62,South romromia Tribe,Atlantic Fringe,100,Cordage and Knots,15
-5000,initial,62,South romromia Tribe,Atlantic Fringe,101,Hide Working and Tailored Clothing,15
-5000,initial,62,South romromia Tribe,Atlantic Fringe,102,Hafted Stone Tools,15
-5000,initial,62,South romromia Tribe,Atlantic Fringe,105,Food Preservation,15
-5000,initial,62,South romromia Tribe,Atlantic Fringe,106,Storage Pits and Containers,15
-5000,initial,62,South romromia Tribe,Atlantic Fringe,107,Seasonal Aggregation Camps,15
-5000,initial,62,South romromia Tribe,Atlantic Fringe,111,Grinding Stones,15
-5000,initial,62,South romromia Tribe,Atlantic Fringe,112,Proto-cultivation,15
-5000,initial,62,South romromia Tribe,Atlantic Fringe,113,Sedentism,15
-5000,initial,62,South romromia Tribe,Atlantic Fringe,116,Charcoal Firing,15
-5000,initial,62,South romromia Tribe,Atlantic Fringe,1,Pottery,15
-5000,initial,62,South romromia Tribe,Atlantic Fringe,4,Mining,15
-5000,initial,62,South romromia Tribe,Atlantic Fringe,20,Agriculture,15
-5000,initial,62,South romromia Tribe,Atlantic Fringe,3,Archery,15
-5000,initial,62,South romromia Tribe,Atlantic Fringe,6,Calendar,15
-5000,initial,63,Great lenvennorburg Tribe,Atlantic Fringe,100,Cordage and Knots,15
-5000,initial,63,Great lenvennorburg Tribe,Atlantic Fringe,101,Hide Working and Tailored Clothing,15
-5000,initial,63,Great lenvennorburg Tribe,Atlantic Fringe,102,Hafted Stone Tools,15
-5000,initial,63,Great lenvennorburg Tribe,Atlantic Fringe,105,Food Preservation,15
-5000,initial,63,Great lenvennorburg Tribe,Atlantic Fringe,106,Storage Pits and Containers,15
-5000,initial,63,Great lenvennorburg Tribe,Atlantic Fringe,107,Seasonal Aggregation Camps,15
-5000,initial,63,Great lenvennorburg Tribe,Atlantic Fringe,111,Grinding Stones,15
-5000,initial,63,Great lenvennorburg Tribe,Atlantic Fringe,112,Proto-cultivation,15
-5000,initial,63,Great lenvennorburg Tribe,Atlantic Fringe,113,Sedentism,15
-5000,initial,63,Great lenvennorburg Tribe,Atlantic Fringe,116,Charcoal Firing,15
-5000,initial,63,Great lenvennorburg Tribe,Atlantic Fringe,1,Pottery,15
-5000,initial,63,Great lenvennorburg Tribe,Atlantic Fringe,4,Mining,15
-5000,initial,63,Great lenvennorburg Tribe,Atlantic Fringe,20,Agriculture,15
-5000,initial,63,Great lenvennorburg Tribe,Atlantic Fringe,3,Archery,15
-5000,initial,63,Great lenvennorburg Tribe,Atlantic Fringe,6,Calendar,15
-5000,initial,64,North nordor Tribe,Northern Maritime,100,Cordage and Knots,11
-5000,initial,64,North nordor Tribe,Northern Maritime,101,Hide Working and Tailored Clothing,11
-5000,initial,64,North nordor Tribe,Northern Maritime,102,Hafted Stone Tools,11
-5000,initial,64,North nordor Tribe,Northern Maritime,105,Food Preservation,11
-5000,initial,64,North nordor Tribe,Northern Maritime,106,Storage Pits and Containers,11
-5000,initial,64,North nordor Tribe,Northern Maritime,107,Seasonal Aggregation Camps,11
-5000,initial,64,North nordor Tribe,Northern Maritime,111,Grinding Stones,11
-5000,initial,64,North nordor Tribe,Northern Maritime,113,Sedentism,11
-5000,initial,64,North nordor Tribe,Northern Maritime,4,Mining,11
-5000,initial,64,North nordor Tribe,Northern Maritime,3,Archery,11
-5000,initial,64,North nordor Tribe,Northern Maritime,6,Calendar,11
-5000,initial,65,Caltolxocco Tribe,Mesoamerican,100,Cordage and Knots,14
-5000,initial,65,Caltolxocco Tribe,Mesoamerican,101,Hide Working and Tailored Clothing,14
-5000,initial,65,Caltolxocco Tribe,Mesoamerican,102,Hafted Stone Tools,14
-5000,initial,65,Caltolxocco Tribe,Mesoamerican,105,Food Preservation,14
-5000,initial,65,Caltolxocco Tribe,Mesoamerican,106,Storage Pits and Containers,14
-5000,initial,65,Caltolxocco Tribe,Mesoamerican,107,Seasonal Aggregation Camps,14
-5000,initial,65,Caltolxocco Tribe,Mesoamerican,111,Grinding Stones,14
-5000,initial,65,Caltolxocco Tribe,Mesoamerican,112,Proto-cultivation,14
-5000,initial,65,Caltolxocco Tribe,Mesoamerican,113,Sedentism,14
-5000,initial,65,Caltolxocco Tribe,Mesoamerican,116,Charcoal Firing,14
-5000,initial,65,Caltolxocco Tribe,Mesoamerican,1,Pottery,14
-5000,initial,65,Caltolxocco Tribe,Mesoamerican,20,Agriculture,14
-5000,initial,65,Caltolxocco Tribe,Mesoamerican,3,Archery,14
-5000,initial,65,Caltolxocco Tribe,Mesoamerican,6,Calendar,14
-5000,initial,66,Great xoctem Tribe,Mesoamerican,100,Cordage and Knots,14
-5000,initial,66,Great xoctem Tribe,Mesoamerican,101,Hide Working and Tailored Clothing,14
-5000,initial,66,Great xoctem Tribe,Mesoamerican,102,Hafted Stone Tools,14
-5000,initial,66,Great xoctem Tribe,Mesoamerican,105,Food Preservation,14
-5000,initial,66,Great xoctem Tribe,Mesoamerican,106,Storage Pits and Containers,14
-5000,initial,66,Great xoctem Tribe,Mesoamerican,107,Seasonal Aggregation Camps,14
-5000,initial,66,Great xoctem Tribe,Mesoamerican,111,Grinding Stones,14
-5000,initial,66,Great xoctem Tribe,Mesoamerican,112,Proto-cultivation,14
-5000,initial,66,Great xoctem Tribe,Mesoamerican,113,Sedentism,14
-5000,initial,66,Great xoctem Tribe,Mesoamerican,116,Charcoal Firing,14
-5000,initial,66,Great xoctem Tribe,Mesoamerican,1,Pottery,14
-5000,initial,66,Great xoctem Tribe,Mesoamerican,20,Agriculture,14
-5000,initial,66,Great xoctem Tribe,Mesoamerican,3,Archery,14
-5000,initial,66,Great xoctem Tribe,Mesoamerican,6,Calendar,14
-5000,initial,67,Great itzteoyucpan Tribe,Mesoamerican,100,Cordage and Knots,14
-5000,initial,67,Great itzteoyucpan Tribe,Mesoamerican,101,Hide Working and Tailored Clothing,14
-5000,initial,67,Great itzteoyucpan Tribe,Mesoamerican,102,Hafted Stone Tools,14
-5000,initial,67,Great itzteoyucpan Tribe,Mesoamerican,105,Food Preservation,14
-5000,initial,67,Great itzteoyucpan Tribe,Mesoamerican,106,Storage Pits and Containers,14
-5000,initial,67,Great itzteoyucpan Tribe,Mesoamerican,107,Seasonal Aggregation Camps,14
-5000,initial,67,Great itzteoyucpan Tribe,Mesoamerican,111,Grinding Stones,14
-5000,initial,67,Great itzteoyucpan Tribe,Mesoamerican,112,Proto-cultivation,14
-5000,initial,67,Great itzteoyucpan Tribe,Mesoamerican,113,Sedentism,14
-5000,initial,67,Great itzteoyucpan Tribe,Mesoamerican,116,Charcoal Firing,14
-5000,initial,67,Great itzteoyucpan Tribe,Mesoamerican,1,Pottery,14
-5000,initial,67,Great itzteoyucpan Tribe,Mesoamerican,20,Agriculture,14
-5000,initial,67,Great itzteoyucpan Tribe,Mesoamerican,3,Archery,14
-5000,initial,67,Great itzteoyucpan Tribe,Mesoamerican,6,Calendar,14
-5000,initial,68,Itznahtan Tribe,Mesoamerican,100,Cordage and Knots,14
-5000,initial,68,Itznahtan Tribe,Mesoamerican,101,Hide Working and Tailored Clothing,14
-5000,initial,68,Itznahtan Tribe,Mesoamerican,102,Hafted Stone Tools,14
-5000,initial,68,Itznahtan Tribe,Mesoamerican,105,Food Preservation,14
-5000,initial,68,Itznahtan Tribe,Mesoamerican,106,Storage Pits and Containers,14
-5000,initial,68,Itznahtan Tribe,Mesoamerican,107,Seasonal Aggregation Camps,14
-5000,initial,68,Itznahtan Tribe,Mesoamerican,111,Grinding Stones,14
-5000,initial,68,Itznahtan Tribe,Mesoamerican,112,Proto-cultivation,14
-5000,initial,68,Itznahtan Tribe,Mesoamerican,113,Sedentism,14
-5000,initial,68,Itznahtan Tribe,Mesoamerican,116,Charcoal Firing,14
-5000,initial,68,Itznahtan Tribe,Mesoamerican,1,Pottery,14
-5000,initial,68,Itznahtan Tribe,Mesoamerican,20,Agriculture,14
-5000,initial,68,Itznahtan Tribe,Mesoamerican,3,Archery,14
-5000,initial,68,Itznahtan Tribe,Mesoamerican,6,Calendar,14
-5000,initial,69,North teoxocxocco Tribe,Mesoamerican,100,Cordage and Knots,14
-5000,initial,69,North teoxocxocco Tribe,Mesoamerican,101,Hide Working and Tailored Clothing,14
-5000,initial,69,North teoxocxocco Tribe,Mesoamerican,102,Hafted Stone Tools,14
-5000,initial,69,North teoxocxocco Tribe,Mesoamerican,105,Food Preservation,14
-5000,initial,69,North teoxocxocco Tribe,Mesoamerican,106,Storage Pits and Containers,14
-5000,initial,69,North teoxocxocco Tribe,Mesoamerican,107,Seasonal Aggregation Camps,14
-5000,initial,69,North teoxocxocco Tribe,Mesoamerican,111,Grinding Stones,14
-5000,initial,69,North teoxocxocco Tribe,Mesoamerican,112,Proto-cultivation,14
-5000,initial,69,North teoxocxocco Tribe,Mesoamerican,113,Sedentism,14
-5000,initial,69,North teoxocxocco Tribe,Mesoamerican,116,Charcoal Firing,14
-5000,initial,69,North teoxocxocco Tribe,Mesoamerican,1,Pottery,14
-5000,initial,69,North teoxocxocco Tribe,Mesoamerican,20,Agriculture,14
-5000,initial,69,North teoxocxocco Tribe,Mesoamerican,3,Archery,14
-5000,initial,69,North teoxocxocco Tribe,Mesoamerican,6,Calendar,14
-5000,initial,70,North teoitzmix Tribe,Mesoamerican,100,Cordage and Knots,14
-5000,initial,70,North teoitzmix Tribe,Mesoamerican,101,Hide Working and Tailored Clothing,14
-5000,initial,70,North teoitzmix Tribe,Mesoamerican,102,Hafted Stone Tools,14
-5000,initial,70,North teoitzmix Tribe,Mesoamerican,105,Food Preservation,14
-5000,initial,70,North teoitzmix Tribe,Mesoamerican,106,Storage Pits and Containers,14
-5000,initial,70,North teoitzmix Tribe,Mesoamerican,107,Seasonal Aggregation Camps,14
-5000,initial,70,North teoitzmix Tribe,Mesoamerican,111,Grinding Stones,14
-5000,initial,70,North teoitzmix Tribe,Mesoamerican,112,Proto-cultivation,14
-5000,initial,70,North teoitzmix Tribe,Mesoamerican,113,Sedentism,14
-5000,initial,70,North teoitzmix Tribe,Mesoamerican,116,Charcoal Firing,14
-5000,initial,70,North teoitzmix Tribe,Mesoamerican,1,Pottery,14
-5000,initial,70,North teoitzmix Tribe,Mesoamerican,20,Agriculture,14
-5000,initial,70,North teoitzmix Tribe,Mesoamerican,3,Archery,14
-5000,initial,70,North teoitzmix Tribe,Mesoamerican,6,Calendar,14
-5000,initial,71,North chichitolan Tribe,Mesoamerican,100,Cordage and Knots,14
-5000,initial,71,North chichitolan Tribe,Mesoamerican,101,Hide Working and Tailored Clothing,14
-5000,initial,71,North chichitolan Tribe,Mesoamerican,102,Hafted Stone Tools,14
-5000,initial,71,North chichitolan Tribe,Mesoamerican,105,Food Preservation,14
-5000,initial,71,North chichitolan Tribe,Mesoamerican,106,Storage Pits and Containers,14
-5000,initial,71,North chichitolan Tribe,Mesoamerican,107,Seasonal Aggregation Camps,14
-5000,initial,71,North chichitolan Tribe,Mesoamerican,111,Grinding Stones,14
-5000,initial,71,North chichitolan Tribe,Mesoamerican,112,Proto-cultivation,14
-5000,initial,71,North chichitolan Tribe,Mesoamerican,113,Sedentism,14
-5000,initial,71,North chichitolan Tribe,Mesoamerican,116,Charcoal Firing,14
-5000,initial,71,North chichitolan Tribe,Mesoamerican,1,Pottery,14
-5000,initial,71,North chichitolan Tribe,Mesoamerican,20,Agriculture,14
-5000,initial,71,North chichitolan Tribe,Mesoamerican,3,Archery,14
-5000,initial,71,North chichitolan Tribe,Mesoamerican,6,Calendar,14
-5000,initial,72,New nahmix Tribe,Mesoamerican,100,Cordage and Knots,14
-5000,initial,72,New nahmix Tribe,Mesoamerican,101,Hide Working and Tailored Clothing,14
-5000,initial,72,New nahmix Tribe,Mesoamerican,102,Hafted Stone Tools,14
-5000,initial,72,New nahmix Tribe,Mesoamerican,105,Food Preservation,14
-5000,initial,72,New nahmix Tribe,Mesoamerican,106,Storage Pits and Containers,14
-5000,initial,72,New nahmix Tribe,Mesoamerican,107,Seasonal Aggregation Camps,14
-5000,initial,72,New nahmix Tribe,Mesoamerican,111,Grinding Stones,14
-5000,initial,72,New nahmix Tribe,Mesoamerican,112,Proto-cultivation,14
-5000,initial,72,New nahmix Tribe,Mesoamerican,113,Sedentism,14
-5000,initial,72,New nahmix Tribe,Mesoamerican,116,Charcoal Firing,14
-5000,initial,72,New nahmix Tribe,Mesoamerican,1,Pottery,14
-5000,initial,72,New nahmix Tribe,Mesoamerican,20,Agriculture,14
-5000,initial,72,New nahmix Tribe,Mesoamerican,3,Archery,14
-5000,initial,72,New nahmix Tribe,Mesoamerican,6,Calendar,14
-5000,initial,73,South chitemteopan Tribe,Mesoamerican,100,Cordage and Knots,14
-5000,initial,73,South chitemteopan Tribe,Mesoamerican,101,Hide Working and Tailored Clothing,14
-5000,initial,73,South chitemteopan Tribe,Mesoamerican,102,Hafted Stone Tools,14
-5000,initial,73,South chitemteopan Tribe,Mesoamerican,105,Food Preservation,14
-5000,initial,73,South chitemteopan Tribe,Mesoamerican,106,Storage Pits and Containers,14
-5000,initial,73,South chitemteopan Tribe,Mesoamerican,107,Seasonal Aggregation Camps,14
-5000,initial,73,South chitemteopan Tribe,Mesoamerican,111,Grinding Stones,14
-5000,initial,73,South chitemteopan Tribe,Mesoamerican,112,Proto-cultivation,14
-5000,initial,73,South chitemteopan Tribe,Mesoamerican,113,Sedentism,14
-5000,initial,73,South chitemteopan Tribe,Mesoamerican,116,Charcoal Firing,14
-5000,initial,73,South chitemteopan Tribe,Mesoamerican,1,Pottery,14
-5000,initial,73,South chitemteopan Tribe,Mesoamerican,20,Agriculture,14
-5000,initial,73,South chitemteopan Tribe,Mesoamerican,3,Archery,14
-5000,initial,73,South chitemteopan Tribe,Mesoamerican,6,Calendar,14
-5000,initial,74,North nahcaltemtan Tribe,Mesoamerican,100,Cordage and Knots,14
-5000,initial,74,North nahcaltemtan Tribe,Mesoamerican,101,Hide Working and Tailored Clothing,14
-5000,initial,74,North nahcaltemtan Tribe,Mesoamerican,102,Hafted Stone Tools,14
-5000,initial,74,North nahcaltemtan Tribe,Mesoamerican,105,Food Preservation,14
-5000,initial,74,North nahcaltemtan Tribe,Mesoamerican,106,Storage Pits and Containers,14
-5000,initial,74,North nahcaltemtan Tribe,Mesoamerican,107,Seasonal Aggregation Camps,14
-5000,initial,74,North nahcaltemtan Tribe,Mesoamerican,111,Grinding Stones,14
-5000,initial,74,North nahcaltemtan Tribe,Mesoamerican,112,Proto-cultivation,14
-5000,initial,74,North nahcaltemtan Tribe,Mesoamerican,113,Sedentism,14
-5000,initial,74,North nahcaltemtan Tribe,Mesoamerican,116,Charcoal Firing,14
-5000,initial,74,North nahcaltemtan Tribe,Mesoamerican,1,Pottery,14
-5000,initial,74,North nahcaltemtan Tribe,Mesoamerican,20,Agriculture,14
-5000,initial,74,North nahcaltemtan Tribe,Mesoamerican,3,Archery,14
-5000,initial,74,North nahcaltemtan Tribe,Mesoamerican,6,Calendar,14
-5000,initial,75,Old pachtupmarca Tribe,Andean Highland,100,Cordage and Knots,15
-5000,initial,75,Old pachtupmarca Tribe,Andean Highland,101,Hide Working and Tailored Clothing,15
-5000,initial,75,Old pachtupmarca Tribe,Andean Highland,102,Hafted Stone Tools,15
-5000,initial,75,Old pachtupmarca Tribe,Andean Highland,105,Food Preservation,15
-5000,initial,75,Old pachtupmarca Tribe,Andean Highland,106,Storage Pits and Containers,15
-5000,initial,75,Old pachtupmarca Tribe,Andean Highland,107,Seasonal Aggregation Camps,15
-5000,initial,75,Old pachtupmarca Tribe,Andean Highland,111,Grinding Stones,15
-5000,initial,75,Old pachtupmarca Tribe,Andean Highland,112,Proto-cultivation,15
-5000,initial,75,Old pachtupmarca Tribe,Andean Highland,113,Sedentism,15
-5000,initial,75,Old pachtupmarca Tribe,Andean Highland,116,Charcoal Firing,15
-5000,initial,75,Old pachtupmarca Tribe,Andean Highland,1,Pottery,15
-5000,initial,75,Old pachtupmarca Tribe,Andean Highland,4,Mining,15
-5000,initial,75,Old pachtupmarca Tribe,Andean Highland,20,Agriculture,15
-5000,initial,75,Old pachtupmarca Tribe,Andean Highland,3,Archery,15
-5000,initial,75,Old pachtupmarca Tribe,Andean Highland,6,Calendar,15
-5000,initial,76,South tupsumqorimarca Tribe,Andean Highland,100,Cordage and Knots,15
-5000,initial,76,South tupsumqorimarca Tribe,Andean Highland,101,Hide Working and Tailored Clothing,15
-5000,initial,76,South tupsumqorimarca Tribe,Andean Highland,102,Hafted Stone Tools,15
-5000,initial,76,South tupsumqorimarca Tribe,Andean Highland,105,Food Preservation,15
-5000,initial,76,South tupsumqorimarca Tribe,Andean Highland,106,Storage Pits and Containers,15
-5000,initial,76,South tupsumqorimarca Tribe,Andean Highland,107,Seasonal Aggregation Camps,15
-5000,initial,76,South tupsumqorimarca Tribe,Andean Highland,111,Grinding Stones,15
-5000,initial,76,South tupsumqorimarca Tribe,Andean Highland,112,Proto-cultivation,15
-5000,initial,76,South tupsumqorimarca Tribe,Andean Highland,113,Sedentism,15
-5000,initial,76,South tupsumqorimarca Tribe,Andean Highland,116,Charcoal Firing,15
-5000,initial,76,South tupsumqorimarca Tribe,Andean Highland,1,Pottery,15
-5000,initial,76,South tupsumqorimarca Tribe,Andean Highland,4,Mining,15
-5000,initial,76,South tupsumqorimarca Tribe,Andean Highland,20,Agriculture,15
-5000,initial,76,South tupsumqorimarca Tribe,Andean Highland,3,Archery,15
-5000,initial,76,South tupsumqorimarca Tribe,Andean Highland,6,Calendar,15
-5000,initial,77,Old kusrumsuyu Tribe,Andean Highland,100,Cordage and Knots,15
-5000,initial,77,Old kusrumsuyu Tribe,Andean Highland,101,Hide Working and Tailored Clothing,15
-5000,initial,77,Old kusrumsuyu Tribe,Andean Highland,102,Hafted Stone Tools,15
-5000,initial,77,Old kusrumsuyu Tribe,Andean Highland,105,Food Preservation,15
-5000,initial,77,Old kusrumsuyu Tribe,Andean Highland,106,Storage Pits and Containers,15
-5000,initial,77,Old kusrumsuyu Tribe,Andean Highland,107,Seasonal Aggregation Camps,15
-5000,initial,77,Old kusrumsuyu Tribe,Andean Highland,111,Grinding Stones,15
-5000,initial,77,Old kusrumsuyu Tribe,Andean Highland,112,Proto-cultivation,15
-5000,initial,77,Old kusrumsuyu Tribe,Andean Highland,113,Sedentism,15
-5000,initial,77,Old kusrumsuyu Tribe,Andean Highland,116,Charcoal Firing,15
-5000,initial,77,Old kusrumsuyu Tribe,Andean Highland,1,Pottery,15
-5000,initial,77,Old kusrumsuyu Tribe,Andean Highland,4,Mining,15
-5000,initial,77,Old kusrumsuyu Tribe,Andean Highland,20,Agriculture,15
-5000,initial,77,Old kusrumsuyu Tribe,Andean Highland,3,Archery,15
-5000,initial,77,Old kusrumsuyu Tribe,Andean Highland,6,Calendar,15
-5000,initial,78,South sumllaqna Tribe,Andean Highland,100,Cordage and Knots,15
-5000,initial,78,South sumllaqna Tribe,Andean Highland,101,Hide Working and Tailored Clothing,15
-5000,initial,78,South sumllaqna Tribe,Andean Highland,102,Hafted Stone Tools,15
-5000,initial,78,South sumllaqna Tribe,Andean Highland,105,Food Preservation,15
-5000,initial,78,South sumllaqna Tribe,Andean Highland,106,Storage Pits and Containers,15
-5000,initial,78,South sumllaqna Tribe,Andean Highland,107,Seasonal Aggregation Camps,15
-5000,initial,78,South sumllaqna Tribe,Andean Highland,111,Grinding Stones,15
-5000,initial,78,South sumllaqna Tribe,Andean Highland,112,Proto-cultivation,15
-5000,initial,78,South sumllaqna Tribe,Andean Highland,113,Sedentism,15
-5000,initial,78,South sumllaqna Tribe,Andean Highland,116,Charcoal Firing,15
-5000,initial,78,South sumllaqna Tribe,Andean Highland,1,Pottery,15
-5000,initial,78,South sumllaqna Tribe,Andean Highland,4,Mining,15
-5000,initial,78,South sumllaqna Tribe,Andean Highland,20,Agriculture,15
-5000,initial,78,South sumllaqna Tribe,Andean Highland,3,Archery,15
-5000,initial,78,South sumllaqna Tribe,Andean Highland,6,Calendar,15
-5000,initial,79,New pachtuptupmarca Tribe,Andean Highland,100,Cordage and Knots,15
-5000,initial,79,New pachtuptupmarca Tribe,Andean Highland,101,Hide Working and Tailored Clothing,15
-5000,initial,79,New pachtuptupmarca Tribe,Andean Highland,102,Hafted Stone Tools,15
-5000,initial,79,New pachtuptupmarca Tribe,Andean Highland,105,Food Preservation,15
-5000,initial,79,New pachtuptupmarca Tribe,Andean Highland,106,Storage Pits and Containers,15
-5000,initial,79,New pachtuptupmarca Tribe,Andean Highland,107,Seasonal Aggregation Camps,15
-5000,initial,79,New pachtuptupmarca Tribe,Andean Highland,111,Grinding Stones,15
-5000,initial,79,New pachtuptupmarca Tribe,Andean Highland,112,Proto-cultivation,15
-5000,initial,79,New pachtuptupmarca Tribe,Andean Highland,113,Sedentism,15
-5000,initial,79,New pachtuptupmarca Tribe,Andean Highland,116,Charcoal Firing,15
-5000,initial,79,New pachtuptupmarca Tribe,Andean Highland,1,Pottery,15
-5000,initial,79,New pachtuptupmarca Tribe,Andean Highland,4,Mining,15
-5000,initial,79,New pachtuptupmarca Tribe,Andean Highland,20,Agriculture,15
-5000,initial,79,New pachtuptupmarca Tribe,Andean Highland,3,Archery,15
-5000,initial,79,New pachtuptupmarca Tribe,Andean Highland,6,Calendar,15
-5000,initial,80,Great llaqsumna Tribe,Andean Highland,100,Cordage and Knots,15
-5000,initial,80,Great llaqsumna Tribe,Andean Highland,101,Hide Working and Tailored Clothing,15
-5000,initial,80,Great llaqsumna Tribe,Andean Highland,102,Hafted Stone Tools,15
-5000,initial,80,Great llaqsumna Tribe,Andean Highland,105,Food Preservation,15
-5000,initial,80,Great llaqsumna Tribe,Andean Highland,106,Storage Pits and Containers,15
-5000,initial,80,Great llaqsumna Tribe,Andean Highland,107,Seasonal Aggregation Camps,15
-5000,initial,80,Great llaqsumna Tribe,Andean Highland,111,Grinding Stones,15
-5000,initial,80,Great llaqsumna Tribe,Andean Highland,112,Proto-cultivation,15
-5000,initial,80,Great llaqsumna Tribe,Andean Highland,113,Sedentism,15
-5000,initial,80,Great llaqsumna Tribe,Andean Highland,116,Charcoal Firing,15
-5000,initial,80,Great llaqsumna Tribe,Andean Highland,1,Pottery,15
-5000,initial,80,Great llaqsumna Tribe,Andean Highland,4,Mining,15
-5000,initial,80,Great llaqsumna Tribe,Andean Highland,20,Agriculture,15
-5000,initial,80,Great llaqsumna Tribe,Andean Highland,3,Archery,15
-5000,initial,80,Great llaqsumna Tribe,Andean Highland,6,Calendar,15
-5000,initial,81,Great pachayaa Tribe,Andean Highland,100,Cordage and Knots,15
-5000,initial,81,Great pachayaa Tribe,Andean Highland,101,Hide Working and Tailored Clothing,15
-5000,initial,81,Great pachayaa Tribe,Andean Highland,102,Hafted Stone Tools,15
-5000,initial,81,Great pachayaa Tribe,Andean Highland,105,Food Preservation,15
-5000,initial,81,Great pachayaa Tribe,Andean Highland,106,Storage Pits and Containers,15
-5000,initial,81,Great pachayaa Tribe,Andean Highland,107,Seasonal Aggregation Camps,15
-5000,initial,81,Great pachayaa Tribe,Andean Highland,111,Grinding Stones,15
-5000,initial,81,Great pachayaa Tribe,Andean Highland,112,Proto-cultivation,15
-5000,initial,81,Great pachayaa Tribe,Andean Highland,113,Sedentism,15
-5000,initial,81,Great pachayaa Tribe,Andean Highland,116,Charcoal Firing,15
-5000,initial,81,Great pachayaa Tribe,Andean Highland,1,Pottery,15
-5000,initial,81,Great pachayaa Tribe,Andean Highland,4,Mining,15
-5000,initial,81,Great pachayaa Tribe,Andean Highland,20,Agriculture,15
-5000,initial,81,Great pachayaa Tribe,Andean Highland,3,Archery,15
-5000,initial,81,Great pachayaa Tribe,Andean Highland,6,Calendar,15
-5000,initial,82,New randusland Tribe,Eastern Woodland,100,Cordage and Knots,11
-5000,initial,82,New randusland Tribe,Eastern Woodland,101,Hide Working and Tailored Clothing,11
-5000,initial,82,New randusland Tribe,Eastern Woodland,102,Hafted Stone Tools,11
-5000,initial,82,New randusland Tribe,Eastern Woodland,105,Food Preservation,11
-5000,initial,82,New randusland Tribe,Eastern Woodland,106,Storage Pits and Containers,11
-5000,initial,82,New randusland Tribe,Eastern Woodland,107,Seasonal Aggregation Camps,11
-5000,initial,82,New randusland Tribe,Eastern Woodland,111,Grinding Stones,11
-5000,initial,82,New randusland Tribe,Eastern Woodland,113,Sedentism,11
-5000,initial,82,New randusland Tribe,Eastern Woodland,4,Mining,11
-5000,initial,82,New randusland Tribe,Eastern Woodland,3,Archery,11
-5000,initial,82,New randusland Tribe,Eastern Woodland,6,Calendar,11
-5000,initial,83,Tersolstan Tribe,Eastern Woodland,100,Cordage and Knots,11
-5000,initial,83,Tersolstan Tribe,Eastern Woodland,101,Hide Working and Tailored Clothing,11
-5000,initial,83,Tersolstan Tribe,Eastern Woodland,102,Hafted Stone Tools,11
-5000,initial,83,Tersolstan Tribe,Eastern Woodland,105,Food Preservation,11
-5000,initial,83,Tersolstan Tribe,Eastern Woodland,106,Storage Pits and Containers,11
-5000,initial,83,Tersolstan Tribe,Eastern Woodland,107,Seasonal Aggregation Camps,11
-5000,initial,83,Tersolstan Tribe,Eastern Woodland,111,Grinding Stones,11
-5000,initial,83,Tersolstan Tribe,Eastern Woodland,113,Sedentism,11
-5000,initial,83,Tersolstan Tribe,Eastern Woodland,4,Mining,11
-5000,initial,83,Tersolstan Tribe,Eastern Woodland,3,Archery,11
-5000,initial,83,Tersolstan Tribe,Eastern Woodland,6,Calendar,11
-5000,initial,84,Kinlin Tribe,Eastern Woodland,100,Cordage and Knots,11
-5000,initial,84,Kinlin Tribe,Eastern Woodland,101,Hide Working and Tailored Clothing,11
-5000,initial,84,Kinlin Tribe,Eastern Woodland,102,Hafted Stone Tools,11
-5000,initial,84,Kinlin Tribe,Eastern Woodland,105,Food Preservation,11
-5000,initial,84,Kinlin Tribe,Eastern Woodland,106,Storage Pits and Containers,11
-5000,initial,84,Kinlin Tribe,Eastern Woodland,107,Seasonal Aggregation Camps,11
-5000,initial,84,Kinlin Tribe,Eastern Woodland,111,Grinding Stones,11
-5000,initial,84,Kinlin Tribe,Eastern Woodland,113,Sedentism,11
-5000,initial,84,Kinlin Tribe,Eastern Woodland,4,Mining,11
-5000,initial,84,Kinlin Tribe,Eastern Woodland,3,Archery,11
-5000,initial,84,Kinlin Tribe,Eastern Woodland,6,Calendar,11
-5000,initial,85,Great garbelmaria Tribe,Eastern Woodland,100,Cordage and Knots,11
-5000,initial,85,Great garbelmaria Tribe,Eastern Woodland,101,Hide Working and Tailored Clothing,11
-5000,initial,85,Great garbelmaria Tribe,Eastern Woodland,102,Hafted Stone Tools,11
-5000,initial,85,Great garbelmaria Tribe,Eastern Woodland,105,Food Preservation,11
-5000,initial,85,Great garbelmaria Tribe,Eastern Woodland,106,Storage Pits and Containers,11
-5000,initial,85,Great garbelmaria Tribe,Eastern Woodland,107,Seasonal Aggregation Camps,11
-5000,initial,85,Great garbelmaria Tribe,Eastern Woodland,111,Grinding Stones,11
-5000,initial,85,Great garbelmaria Tribe,Eastern Woodland,113,Sedentism,11
-5000,initial,85,Great garbelmaria Tribe,Eastern Woodland,4,Mining,11
-5000,initial,85,Great garbelmaria Tribe,Eastern Woodland,3,Archery,11
-5000,initial,85,Great garbelmaria Tribe,Eastern Woodland,6,Calendar,11
-5000,initial,86,Quilin Tribe,Eastern Woodland,100,Cordage and Knots,11
-5000,initial,86,Quilin Tribe,Eastern Woodland,101,Hide Working and Tailored Clothing,11
-5000,initial,86,Quilin Tribe,Eastern Woodland,102,Hafted Stone Tools,11
-5000,initial,86,Quilin Tribe,Eastern Woodland,105,Food Preservation,11
-5000,initial,86,Quilin Tribe,Eastern Woodland,106,Storage Pits and Containers,11
-5000,initial,86,Quilin Tribe,Eastern Woodland,107,Seasonal Aggregation Camps,11
-5000,initial,86,Quilin Tribe,Eastern Woodland,111,Grinding Stones,11
-5000,initial,86,Quilin Tribe,Eastern Woodland,113,Sedentism,11
-5000,initial,86,Quilin Tribe,Eastern Woodland,4,Mining,11
-5000,initial,86,Quilin Tribe,Eastern Woodland,3,Archery,11
-5000,initial,86,Quilin Tribe,Eastern Woodland,6,Calendar,11
-5000,initial,87,Old termarlingrad Tribe,Eastern Woodland,100,Cordage and Knots,11
-5000,initial,87,Old termarlingrad Tribe,Eastern Woodland,101,Hide Working and Tailored Clothing,11
-5000,initial,87,Old termarlingrad Tribe,Eastern Woodland,102,Hafted Stone Tools,11
-5000,initial,87,Old termarlingrad Tribe,Eastern Woodland,105,Food Preservation,11
-5000,initial,87,Old termarlingrad Tribe,Eastern Woodland,106,Storage Pits and Containers,11
-5000,initial,87,Old termarlingrad Tribe,Eastern Woodland,107,Seasonal Aggregation Camps,11
-5000,initial,87,Old termarlingrad Tribe,Eastern Woodland,111,Grinding Stones,11
-5000,initial,87,Old termarlingrad Tribe,Eastern Woodland,113,Sedentism,11
-5000,initial,87,Old termarlingrad Tribe,Eastern Woodland,4,Mining,11
-5000,initial,87,Old termarlingrad Tribe,Eastern Woodland,3,Archery,11
-5000,initial,87,Old termarlingrad Tribe,Eastern Woodland,6,Calendar,11
-5000,initial,88,New terbelia Tribe,Eastern Woodland,100,Cordage and Knots,11
-5000,initial,88,New terbelia Tribe,Eastern Woodland,101,Hide Working and Tailored Clothing,11
-5000,initial,88,New terbelia Tribe,Eastern Woodland,102,Hafted Stone Tools,11
-5000,initial,88,New terbelia Tribe,Eastern Woodland,105,Food Preservation,11
-5000,initial,88,New terbelia Tribe,Eastern Woodland,106,Storage Pits and Containers,11
-5000,initial,88,New terbelia Tribe,Eastern Woodland,107,Seasonal Aggregation Camps,11
-5000,initial,88,New terbelia Tribe,Eastern Woodland,111,Grinding Stones,11
-5000,initial,88,New terbelia Tribe,Eastern Woodland,113,Sedentism,11
-5000,initial,88,New terbelia Tribe,Eastern Woodland,4,Mining,11
-5000,initial,88,New terbelia Tribe,Eastern Woodland,3,Archery,11
-5000,initial,88,New terbelia Tribe,Eastern Woodland,6,Calendar,11
-5000,initial,89,North lindusviaia Tribe,Western Plains,100,Cordage and Knots,11
-5000,initial,89,North lindusviaia Tribe,Western Plains,101,Hide Working and Tailored Clothing,11
-5000,initial,89,North lindusviaia Tribe,Western Plains,102,Hafted Stone Tools,11
-5000,initial,89,North lindusviaia Tribe,Western Plains,105,Food Preservation,11
-5000,initial,89,North lindusviaia Tribe,Western Plains,106,Storage Pits and Containers,11
-5000,initial,89,North lindusviaia Tribe,Western Plains,107,Seasonal Aggregation Camps,11
-5000,initial,89,North lindusviaia Tribe,Western Plains,111,Grinding Stones,11
-5000,initial,89,North lindusviaia Tribe,Western Plains,113,Sedentism,11
-5000,initial,89,North lindusviaia Tribe,Western Plains,4,Mining,11
-5000,initial,89,North lindusviaia Tribe,Western Plains,3,Archery,11
-5000,initial,89,North lindusviaia Tribe,Western Plains,6,Calendar,11
-5000,initial,90,Kinterrangrad Tribe,Western Plains,100,Cordage and Knots,11
-5000,initial,90,Kinterrangrad Tribe,Western Plains,101,Hide Working and Tailored Clothing,11
-5000,initial,90,Kinterrangrad Tribe,Western Plains,102,Hafted Stone Tools,11
-5000,initial,90,Kinterrangrad Tribe,Western Plains,105,Food Preservation,11
-5000,initial,90,Kinterrangrad Tribe,Western Plains,106,Storage Pits and Containers,11
-5000,initial,90,Kinterrangrad Tribe,Western Plains,107,Seasonal Aggregation Camps,11
-5000,initial,90,Kinterrangrad Tribe,Western Plains,111,Grinding Stones,11
-5000,initial,90,Kinterrangrad Tribe,Western Plains,113,Sedentism,11
-5000,initial,90,Kinterrangrad Tribe,Western Plains,4,Mining,11
-5000,initial,90,Kinterrangrad Tribe,Western Plains,3,Archery,11
-5000,initial,90,Kinterrangrad Tribe,Western Plains,6,Calendar,11
-5000,initial,91,Great randusia Tribe,Western Plains,100,Cordage and Knots,11
-5000,initial,91,Great randusia Tribe,Western Plains,101,Hide Working and Tailored Clothing,11
-5000,initial,91,Great randusia Tribe,Western Plains,102,Hafted Stone Tools,11
-5000,initial,91,Great randusia Tribe,Western Plains,105,Food Preservation,11
-5000,initial,91,Great randusia Tribe,Western Plains,106,Storage Pits and Containers,11
-5000,initial,91,Great randusia Tribe,Western Plains,107,Seasonal Aggregation Camps,11
-5000,initial,91,Great randusia Tribe,Western Plains,111,Grinding Stones,11
-5000,initial,91,Great randusia Tribe,Western Plains,113,Sedentism,11
-5000,initial,91,Great randusia Tribe,Western Plains,4,Mining,11
-5000,initial,91,Great randusia Tribe,Western Plains,3,Archery,11
-5000,initial,91,Great randusia Tribe,Western Plains,6,Calendar,11
-5000,initial,92,North namarquiia Tribe,Western Plains,100,Cordage and Knots,11
-5000,initial,92,North namarquiia Tribe,Western Plains,101,Hide Working and Tailored Clothing,11
-5000,initial,92,North namarquiia Tribe,Western Plains,102,Hafted Stone Tools,11
-5000,initial,92,North namarquiia Tribe,Western Plains,105,Food Preservation,11
-5000,initial,92,North namarquiia Tribe,Western Plains,106,Storage Pits and Containers,11
-5000,initial,92,North namarquiia Tribe,Western Plains,107,Seasonal Aggregation Camps,11
-5000,initial,92,North namarquiia Tribe,Western Plains,111,Grinding Stones,11
-5000,initial,92,North namarquiia Tribe,Western Plains,113,Sedentism,11
-5000,initial,92,North namarquiia Tribe,Western Plains,4,Mining,11
-5000,initial,92,North namarquiia Tribe,Western Plains,3,Archery,11
-5000,initial,92,North namarquiia Tribe,Western Plains,6,Calendar,11
-5000,initial,93,Rommarland Tribe,Western Plains,100,Cordage and Knots,11
-5000,initial,93,Rommarland Tribe,Western Plains,101,Hide Working and Tailored Clothing,11
-5000,initial,93,Rommarland Tribe,Western Plains,102,Hafted Stone Tools,11
-5000,initial,93,Rommarland Tribe,Western Plains,105,Food Preservation,11
-5000,initial,93,Rommarland Tribe,Western Plains,106,Storage Pits and Containers,11
-5000,initial,93,Rommarland Tribe,Western Plains,107,Seasonal Aggregation Camps,11
-5000,initial,93,Rommarland Tribe,Western Plains,111,Grinding Stones,11
-5000,initial,93,Rommarland Tribe,Western Plains,113,Sedentism,11
-5000,initial,93,Rommarland Tribe,Western Plains,4,Mining,11
-5000,initial,93,Rommarland Tribe,Western Plains,3,Archery,11
-5000,initial,93,Rommarland Tribe,Western Plains,6,Calendar,11
-5000,initial,94,North lorquizengrad Tribe,Western Plains,100,Cordage and Knots,11
-5000,initial,94,North lorquizengrad Tribe,Western Plains,101,Hide Working and Tailored Clothing,11
-5000,initial,94,North lorquizengrad Tribe,Western Plains,102,Hafted Stone Tools,11
-5000,initial,94,North lorquizengrad Tribe,Western Plains,105,Food Preservation,11
-5000,initial,94,North lorquizengrad Tribe,Western Plains,106,Storage Pits and Containers,11
-5000,initial,94,North lorquizengrad Tribe,Western Plains,107,Seasonal Aggregation Camps,11
-5000,initial,94,North lorquizengrad Tribe,Western Plains,111,Grinding Stones,11
-5000,initial,94,North lorquizengrad Tribe,Western Plains,113,Sedentism,11
-5000,initial,94,North lorquizengrad Tribe,Western Plains,4,Mining,11
-5000,initial,94,North lorquizengrad Tribe,Western Plains,3,Archery,11
-5000,initial,94,North lorquizengrad Tribe,Western Plains,6,Calendar,11
-5000,initial,95,North garlorrangrad Tribe,Western Plains,100,Cordage and Knots,11
-5000,initial,95,North garlorrangrad Tribe,Western Plains,101,Hide Working and Tailored Clothing,11
-5000,initial,95,North garlorrangrad Tribe,Western Plains,102,Hafted Stone Tools,11
-5000,initial,95,North garlorrangrad Tribe,Western Plains,105,Food Preservation,11
-5000,initial,95,North garlorrangrad Tribe,Western Plains,106,Storage Pits and Containers,11
-5000,initial,95,North garlorrangrad Tribe,Western Plains,107,Seasonal Aggregation Camps,11
-5000,initial,95,North garlorrangrad Tribe,Western Plains,111,Grinding Stones,11
-5000,initial,95,North garlorrangrad Tribe,Western Plains,113,Sedentism,11
-5000,initial,95,North garlorrangrad Tribe,Western Plains,4,Mining,11
-5000,initial,95,North garlorrangrad Tribe,Western Plains,3,Archery,11
-5000,initial,95,North garlorrangrad Tribe,Western Plains,6,Calendar,11
-5000,initial,96,New kinviakingrad Tribe,Western Plains,100,Cordage and Knots,11
-5000,initial,96,New kinviakingrad Tribe,Western Plains,101,Hide Working and Tailored Clothing,11
-5000,initial,96,New kinviakingrad Tribe,Western Plains,102,Hafted Stone Tools,11
-5000,initial,96,New kinviakingrad Tribe,Western Plains,105,Food Preservation,11
-5000,initial,96,New kinviakingrad Tribe,Western Plains,106,Storage Pits and Containers,11
-5000,initial,96,New kinviakingrad Tribe,Western Plains,107,Seasonal Aggregation Camps,11
-5000,initial,96,New kinviakingrad Tribe,Western Plains,111,Grinding Stones,11
-5000,initial,96,New kinviakingrad Tribe,Western Plains,113,Sedentism,11
-5000,initial,96,New kinviakingrad Tribe,Western Plains,4,Mining,11
-5000,initial,96,New kinviakingrad Tribe,Western Plains,3,Archery,11
-5000,initial,96,New kinviakingrad Tribe,Western Plains,6,Calendar,11
-5000,initial,97,North nasolromland Tribe,Caribbean Seafaring,100,Cordage and Knots,12
-5000,initial,97,North nasolromland Tribe,Caribbean Seafaring,101,Hide Working and Tailored Clothing,12
-5000,initial,97,North nasolromland Tribe,Caribbean Seafaring,102,Hafted Stone Tools,12
-5000,initial,97,North nasolromland Tribe,Caribbean Seafaring,104,Fishing Technology,12
-5000,initial,97,North nasolromland Tribe,Caribbean Seafaring,105,Food Preservation,12
-5000,initial,97,North nasolromland Tribe,Caribbean Seafaring,106,Storage Pits and Containers,12
-5000,initial,97,North nasolromland Tribe,Caribbean Seafaring,107,Seasonal Aggregation Camps,12
-5000,initial,97,North nasolromland Tribe,Caribbean Seafaring,108,Watercraft,12
-5000,initial,97,North nasolromland Tribe,Caribbean Seafaring,113,Sedentism,12
-5000,initial,97,North nasolromland Tribe,Caribbean Seafaring,3,Archery,12
-5000,initial,97,North nasolromland Tribe,Caribbean Seafaring,5,Sailing,12
-5000,initial,97,North nasolromland Tribe,Caribbean Seafaring,6,Calendar,12
-5000,initial,98,North nuihivatanea Tribe,Oceanic Navigators,100,Cordage and Knots,12
-5000,initial,98,North nuihivatanea Tribe,Oceanic Navigators,101,Hide Working and Tailored Clothing,12
-5000,initial,98,North nuihivatanea Tribe,Oceanic Navigators,102,Hafted Stone Tools,12
-5000,initial,98,North nuihivatanea Tribe,Oceanic Navigators,104,Fishing Technology,12
-5000,initial,98,North nuihivatanea Tribe,Oceanic Navigators,105,Food Preservation,12
-5000,initial,98,North nuihivatanea Tribe,Oceanic Navigators,106,Storage Pits and Containers,12
-5000,initial,98,North nuihivatanea Tribe,Oceanic Navigators,107,Seasonal Aggregation Camps,12
-5000,initial,98,North nuihivatanea Tribe,Oceanic Navigators,108,Watercraft,12
-5000,initial,98,North nuihivatanea Tribe,Oceanic Navigators,113,Sedentism,12
-5000,initial,98,North nuihivatanea Tribe,Oceanic Navigators,3,Archery,12
-5000,initial,98,North nuihivatanea Tribe,Oceanic Navigators,5,Sailing,12
-5000,initial,98,North nuihivatanea Tribe,Oceanic Navigators,6,Calendar,12
-5000,initial,99,Great hanakaia Tribe,Oceanic Navigators,100,Cordage and Knots,12
-5000,initial,99,Great hanakaia Tribe,Oceanic Navigators,101,Hide Working and Tailored Clothing,12
-5000,initial,99,Great hanakaia Tribe,Oceanic Navigators,102,Hafted Stone Tools,12
-5000,initial,99,Great hanakaia Tribe,Oceanic Navigators,104,Fishing Technology,12
-5000,initial,99,Great hanakaia Tribe,Oceanic Navigators,105,Food Preservation,12
-5000,initial,99,Great hanakaia Tribe,Oceanic Navigators,106,Storage Pits and Containers,12
-5000,initial,99,Great hanakaia Tribe,Oceanic Navigators,107,Seasonal Aggregation Camps,12
-5000,initial,99,Great hanakaia Tribe,Oceanic Navigators,108,Watercraft,12
-5000,initial,99,Great hanakaia Tribe,Oceanic Navigators,113,Sedentism,12
-5000,initial,99,Great hanakaia Tribe,Oceanic Navigators,3,Archery,12
-5000,initial,99,Great hanakaia Tribe,Oceanic Navigators,5,Sailing,12
-5000,initial,99,Great hanakaia Tribe,Oceanic Navigators,6,Calendar,12
-4980,initial,100,North chimaofiu Tribe,Central Forest,100,Cordage and Knots,12
-4980,initial,100,North chimaofiu Tribe,Central Forest,101,Hide Working and Tailored Clothing,12
-4980,initial,100,North chimaofiu Tribe,Central Forest,102,Hafted Stone Tools,12
-4980,initial,100,North chimaofiu Tribe,Central Forest,105,Food Preservation,12
-4980,initial,100,North chimaofiu Tribe,Central Forest,106,Storage Pits and Containers,12
-4980,initial,100,North chimaofiu Tribe,Central Forest,107,Seasonal Aggregation Camps,12
-4980,initial,100,North chimaofiu Tribe,Central Forest,111,Grinding Stones,12
-4980,initial,100,North chimaofiu Tribe,Central Forest,113,Sedentism,12
-4980,initial,100,North chimaofiu Tribe,Central Forest,116,Charcoal Firing,12
-4980,initial,100,North chimaofiu Tribe,Central Forest,1,Pottery,12
-4980,initial,100,North chimaofiu Tribe,Central Forest,3,Archery,12
-4980,initial,100,North chimaofiu Tribe,Central Forest,6,Calendar,12
-4970,initial,101,Great lorquidus Tribe,Steppe Nomadic,100,Cordage and Knots,9
-4970,initial,101,Great lorquidus Tribe,Steppe Nomadic,101,Hide Working and Tailored Clothing,9
-4970,initial,101,Great lorquidus Tribe,Steppe Nomadic,102,Hafted Stone Tools,9
-4970,initial,101,Great lorquidus Tribe,Steppe Nomadic,105,Food Preservation,9
-4970,initial,101,Great lorquidus Tribe,Steppe Nomadic,106,Storage Pits and Containers,9
-4970,initial,101,Great lorquidus Tribe,Steppe Nomadic,107,Seasonal Aggregation Camps,9
-4970,initial,101,Great lorquidus Tribe,Steppe Nomadic,110,Dog Domestication,9
-4970,initial,101,Great lorquidus Tribe,Steppe Nomadic,111,Grinding Stones,9
-4970,initial,101,Great lorquidus Tribe,Steppe Nomadic,3,Archery,9
-4960,initial,102,South surdrasurdesh Tribe,Indic Riverine,100,Cordage and Knots,11
-4960,initial,102,South surdrasurdesh Tribe,Indic Riverine,101,Hide Working and Tailored Clothing,11
-4960,initial,102,South surdrasurdesh Tribe,Indic Riverine,102,Hafted Stone Tools,11
-4960,initial,102,South surdrasurdesh Tribe,Indic Riverine,105,Food Preservation,11
-4960,initial,102,South surdrasurdesh Tribe,Indic Riverine,106,Storage Pits and Containers,11
-4960,initial,102,South surdrasurdesh Tribe,Indic Riverine,107,Seasonal Aggregation Camps,11
-4960,initial,102,South surdrasurdesh Tribe,Indic Riverine,110,Dog Domestication,11
-4960,initial,102,South surdrasurdesh Tribe,Indic Riverine,111,Grinding Stones,11
-4960,initial,102,South surdrasurdesh Tribe,Indic Riverine,116,Charcoal Firing,11
-4960,initial,102,South surdrasurdesh Tribe,Indic Riverine,4,Mining,11
-4960,initial,102,South surdrasurdesh Tribe,Indic Riverine,3,Archery,11
-4960,initial,103,North kinmarkinland Tribe,Western Plains,100,Cordage and Knots,8
-4960,initial,103,North kinmarkinland Tribe,Western Plains,101,Hide Working and Tailored Clothing,8
-4960,initial,103,North kinmarkinland Tribe,Western Plains,102,Hafted Stone Tools,8
-4960,initial,103,North kinmarkinland Tribe,Western Plains,105,Food Preservation,8
-4960,initial,103,North kinmarkinland Tribe,Western Plains,106,Storage Pits and Containers,8
-4960,initial,103,North kinmarkinland Tribe,Western Plains,107,Seasonal Aggregation Camps,8
-4960,initial,103,North kinmarkinland Tribe,Western Plains,111,Grinding Stones,8
-4960,initial,103,North kinmarkinland Tribe,Western Plains,3,Archery,8
-4955,initial,104,Old tamkalum Tribe,Fertile Crescent,100,Cordage and Knots,12
-4955,initial,104,Old tamkalum Tribe,Fertile Crescent,101,Hide Working and Tailored Clothing,12
-4955,initial,104,Old tamkalum Tribe,Fertile Crescent,102,Hafted Stone Tools,12
-4955,initial,104,Old tamkalum Tribe,Fertile Crescent,105,Food Preservation,12
-4955,initial,104,Old tamkalum Tribe,Fertile Crescent,106,Storage Pits and Containers,12
-4955,initial,104,Old tamkalum Tribe,Fertile Crescent,107,Seasonal Aggregation Camps,12
-4955,initial,104,Old tamkalum Tribe,Fertile Crescent,110,Dog Domestication,12
-4955,initial,104,Old tamkalum Tribe,Fertile Crescent,111,Grinding Stones,12
-4955,initial,104,Old tamkalum Tribe,Fertile Crescent,116,Charcoal Firing,12
-4955,initial,104,Old tamkalum Tribe,Fertile Crescent,119,Native Copper Working,12
-4955,initial,104,Old tamkalum Tribe,Fertile Crescent,4,Mining,12
-4955,initial,104,Old tamkalum Tribe,Fertile Crescent,3,Archery,12
-4950,initial,105,South dusromlorland Tribe,Steppe Nomadic,100,Cordage and Knots,9
-4950,initial,105,South dusromlorland Tribe,Steppe Nomadic,101,Hide Working and Tailored Clothing,9
-4950,initial,105,South dusromlorland Tribe,Steppe Nomadic,102,Hafted Stone Tools,9
-4950,initial,105,South dusromlorland Tribe,Steppe Nomadic,105,Food Preservation,9
-4950,initial,105,South dusromlorland Tribe,Steppe Nomadic,106,Storage Pits and Containers,9
-4950,initial,105,South dusromlorland Tribe,Steppe Nomadic,107,Seasonal Aggregation Camps,9
-4950,initial,105,South dusromlorland Tribe,Steppe Nomadic,110,Dog Domestication,9
-4950,initial,105,South dusromlorland Tribe,Steppe Nomadic,111,Grinding Stones,9
-4950,initial,105,South dusromlorland Tribe,Steppe Nomadic,3,Archery,9
-4945,initial,106,Great naltannagar Tribe,Indic Riverine,100,Cordage and Knots,11
-4945,initial,106,Great naltannagar Tribe,Indic Riverine,101,Hide Working and Tailored Clothing,11
-4945,initial,106,Great naltannagar Tribe,Indic Riverine,102,Hafted Stone Tools,11
-4945,initial,106,Great naltannagar Tribe,Indic Riverine,105,Food Preservation,11
-4945,initial,106,Great naltannagar Tribe,Indic Riverine,106,Storage Pits and Containers,11
-4945,initial,106,Great naltannagar Tribe,Indic Riverine,107,Seasonal Aggregation Camps,11
-4945,initial,106,Great naltannagar Tribe,Indic Riverine,110,Dog Domestication,11
-4945,initial,106,Great naltannagar Tribe,Indic Riverine,111,Grinding Stones,11
-4945,initial,106,Great naltannagar Tribe,Indic Riverine,116,Charcoal Firing,11
-4945,initial,106,Great naltannagar Tribe,Indic Riverine,4,Mining,11
-4945,initial,106,Great naltannagar Tribe,Indic Riverine,3,Archery,11
-4940,initial,107,New soldus Tribe,Western Plains,100,Cordage and Knots,9
-4940,initial,107,New soldus Tribe,Western Plains,101,Hide Working and Tailored Clothing,9
-4940,initial,107,New soldus Tribe,Western Plains,102,Hafted Stone Tools,9
-4940,initial,107,New soldus Tribe,Western Plains,105,Food Preservation,9
-4940,initial,107,New soldus Tribe,Western Plains,106,Storage Pits and Containers,9
-4940,initial,107,New soldus Tribe,Western Plains,107,Seasonal Aggregation Camps,9
-4940,initial,107,New soldus Tribe,Western Plains,111,Grinding Stones,9
-4940,initial,107,New soldus Tribe,Western Plains,4,Mining,9
-4940,initial,107,New soldus Tribe,Western Plains,3,Archery,9
-4935,initial,108,South mitmitshapur Tribe,Indic Riverine,100,Cordage and Knots,17
-4935,initial,108,South mitmitshapur Tribe,Indic Riverine,101,Hide Working and Tailored Clothing,17
-4935,initial,108,South mitmitshapur Tribe,Indic Riverine,102,Hafted Stone Tools,17
-4935,initial,108,South mitmitshapur Tribe,Indic Riverine,105,Food Preservation,17
-4935,initial,108,South mitmitshapur Tribe,Indic Riverine,106,Storage Pits and Containers,17
-4935,initial,108,South mitmitshapur Tribe,Indic Riverine,107,Seasonal Aggregation Camps,17
-4935,initial,108,South mitmitshapur Tribe,Indic Riverine,110,Dog Domestication,17
-4935,initial,108,South mitmitshapur Tribe,Indic Riverine,111,Grinding Stones,17
-4935,initial,108,South mitmitshapur Tribe,Indic Riverine,112,Proto-cultivation,17
-4935,initial,108,South mitmitshapur Tribe,Indic Riverine,113,Sedentism,17
-4935,initial,108,South mitmitshapur Tribe,Indic Riverine,114,Enclosures and Herd Management,17
-4935,initial,108,South mitmitshapur Tribe,Indic Riverine,115,Counting Tokens and Tallies,17
-4935,initial,108,South mitmitshapur Tribe,Indic Riverine,116,Charcoal Firing,17
-4935,initial,108,South mitmitshapur Tribe,Indic Riverine,1,Pottery,17
-4935,initial,108,South mitmitshapur Tribe,Indic Riverine,20,Agriculture,17
-4935,initial,108,South mitmitshapur Tribe,Indic Riverine,3,Archery,17
-4935,initial,108,South mitmitshapur Tribe,Indic Riverine,6,Calendar,17
-4930,initial,109,Old viasolzengrad Tribe,Eastern Woodland,100,Cordage and Knots,9
-4930,initial,109,Old viasolzengrad Tribe,Eastern Woodland,101,Hide Working and Tailored Clothing,9
-4930,initial,109,Old viasolzengrad Tribe,Eastern Woodland,102,Hafted Stone Tools,9
-4930,initial,109,Old viasolzengrad Tribe,Eastern Woodland,105,Food Preservation,9
-4930,initial,109,Old viasolzengrad Tribe,Eastern Woodland,106,Storage Pits and Containers,9
-4930,initial,109,Old viasolzengrad Tribe,Eastern Woodland,107,Seasonal Aggregation Camps,9
-4930,initial,109,Old viasolzengrad Tribe,Eastern Woodland,111,Grinding Stones,9
-4930,initial,109,Old viasolzengrad Tribe,Eastern Woodland,4,Mining,9
-4930,initial,109,Old viasolzengrad Tribe,Eastern Woodland,3,Archery,9
-4930,initial,110,Garnagrad Tribe,Western Plains,100,Cordage and Knots,9
-4930,initial,110,Garnagrad Tribe,Western Plains,101,Hide Working and Tailored Clothing,9
-4930,initial,110,Garnagrad Tribe,Western Plains,102,Hafted Stone Tools,9
-4930,initial,110,Garnagrad Tribe,Western Plains,105,Food Preservation,9
-4930,initial,110,Garnagrad Tribe,Western Plains,106,Storage Pits and Containers,9
-4930,initial,110,Garnagrad Tribe,Western Plains,107,Seasonal Aggregation Camps,9
-4930,initial,110,Garnagrad Tribe,Western Plains,111,Grinding Stones,9
-4930,initial,110,Garnagrad Tribe,Western Plains,4,Mining,9
-4930,initial,110,Garnagrad Tribe,Western Plains,3,Archery,9
-4925,initial,111,New suyuintillaqa Tribe,Andean Highland,100,Cordage and Knots,10
-4925,initial,111,New suyuintillaqa Tribe,Andean Highland,101,Hide Working and Tailored Clothing,10
-4925,initial,111,New suyuintillaqa Tribe,Andean Highland,102,Hafted Stone Tools,10
-4925,initial,111,New suyuintillaqa Tribe,Andean Highland,105,Food Preservation,10
-4925,initial,111,New suyuintillaqa Tribe,Andean Highland,106,Storage Pits and Containers,10
-4925,initial,111,New suyuintillaqa Tribe,Andean Highland,107,Seasonal Aggregation Camps,10
-4925,initial,111,New suyuintillaqa Tribe,Andean Highland,111,Grinding Stones,10
-4925,initial,111,New suyuintillaqa Tribe,Andean Highland,116,Charcoal Firing,10
-4925,initial,111,New suyuintillaqa Tribe,Andean Highland,4,Mining,10
-4925,initial,111,New suyuintillaqa Tribe,Andean Highland,3,Archery,10
-4925,initial,112,North renhanzho Tribe,East Riverine,100,Cordage and Knots,10
-4925,initial,112,North renhanzho Tribe,East Riverine,101,Hide Working and Tailored Clothing,10
-4925,initial,112,North renhanzho Tribe,East Riverine,102,Hafted Stone Tools,10
-4925,initial,112,North renhanzho Tribe,East Riverine,105,Food Preservation,10
-4925,initial,112,North renhanzho Tribe,East Riverine,106,Storage Pits and Containers,10
-4925,initial,112,North renhanzho Tribe,East Riverine,107,Seasonal Aggregation Camps,10
-4925,initial,112,North renhanzho Tribe,East Riverine,110,Dog Domestication,10
-4925,initial,112,North renhanzho Tribe,East Riverine,111,Grinding Stones,10
-4925,initial,112,North renhanzho Tribe,East Riverine,116,Charcoal Firing,10
-4925,initial,112,North renhanzho Tribe,East Riverine,3,Archery,10
-4915,initial,113,South vivarkan Tribe,Indic Riverine,100,Cordage and Knots,11
-4915,initial,113,South vivarkan Tribe,Indic Riverine,101,Hide Working and Tailored Clothing,11
-4915,initial,113,South vivarkan Tribe,Indic Riverine,102,Hafted Stone Tools,11
-4915,initial,113,South vivarkan Tribe,Indic Riverine,105,Food Preservation,11
-4915,initial,113,South vivarkan Tribe,Indic Riverine,106,Storage Pits and Containers,11
-4915,initial,113,South vivarkan Tribe,Indic Riverine,107,Seasonal Aggregation Camps,11
-4915,initial,113,South vivarkan Tribe,Indic Riverine,110,Dog Domestication,11
-4915,initial,113,South vivarkan Tribe,Indic Riverine,111,Grinding Stones,11
-4915,initial,113,South vivarkan Tribe,Indic Riverine,116,Charcoal Firing,11
-4915,initial,113,South vivarkan Tribe,Indic Riverine,4,Mining,11
-4915,initial,113,South vivarkan Tribe,Indic Riverine,3,Archery,11
-4895,initial,114,New tupqoritupna Tribe,Andean Highland,100,Cordage and Knots,10
-4895,initial,114,New tupqoritupna Tribe,Andean Highland,101,Hide Working and Tailored Clothing,10
-4895,initial,114,New tupqoritupna Tribe,Andean Highland,102,Hafted Stone Tools,10
-4895,initial,114,New tupqoritupna Tribe,Andean Highland,105,Food Preservation,10
-4895,initial,114,New tupqoritupna Tribe,Andean Highland,106,Storage Pits and Containers,10
-4895,initial,114,New tupqoritupna Tribe,Andean Highland,107,Seasonal Aggregation Camps,10
-4895,initial,114,New tupqoritupna Tribe,Andean Highland,111,Grinding Stones,10
-4895,initial,114,New tupqoritupna Tribe,Andean Highland,116,Charcoal Firing,10
-4895,initial,114,New tupqoritupna Tribe,Andean Highland,4,Mining,10
-4895,initial,114,New tupqoritupna Tribe,Andean Highland,3,Archery,10
-4870,initial,115,South linrenliguo Tribe,East Riverine,100,Cordage and Knots,10
-4870,initial,115,South linrenliguo Tribe,East Riverine,101,Hide Working and Tailored Clothing,10
-4870,initial,115,South linrenliguo Tribe,East Riverine,102,Hafted Stone Tools,10
-4870,initial,115,South linrenliguo Tribe,East Riverine,105,Food Preservation,10
-4870,initial,115,South linrenliguo Tribe,East Riverine,106,Storage Pits and Containers,10
-4870,initial,115,South linrenliguo Tribe,East Riverine,107,Seasonal Aggregation Camps,10
-4870,initial,115,South linrenliguo Tribe,East Riverine,110,Dog Domestication,10
-4870,initial,115,South linrenliguo Tribe,East Riverine,111,Grinding Stones,10
-4870,initial,115,South linrenliguo Tribe,East Riverine,116,Charcoal Firing,10
-4870,initial,115,South linrenliguo Tribe,East Riverine,3,Archery,10
-4860,initial,116,Old kandratandesh Tribe,Indic Riverine,100,Cordage and Knots,10
-4860,initial,116,Old kandratandesh Tribe,Indic Riverine,101,Hide Working and Tailored Clothing,10
-4860,initial,116,Old kandratandesh Tribe,Indic Riverine,102,Hafted Stone Tools,10
-4860,initial,116,Old kandratandesh Tribe,Indic Riverine,105,Food Preservation,10
-4860,initial,116,Old kandratandesh Tribe,Indic Riverine,106,Storage Pits and Containers,10
-4860,initial,116,Old kandratandesh Tribe,Indic Riverine,107,Seasonal Aggregation Camps,10
-4860,initial,116,Old kandratandesh Tribe,Indic Riverine,110,Dog Domestication,10
-4860,initial,116,Old kandratandesh Tribe,Indic Riverine,111,Grinding Stones,10
-4860,initial,116,Old kandratandesh Tribe,Indic Riverine,116,Charcoal Firing,10
-4860,initial,116,Old kandratandesh Tribe,Indic Riverine,3,Archery,10
-4855,initial,117,New kartar Tribe,Central Plain,100,Cordage and Knots,11
-4855,initial,117,New kartar Tribe,Central Plain,101,Hide Working and Tailored Clothing,11
-4855,initial,117,New kartar Tribe,Central Plain,102,Hafted Stone Tools,11
-4855,initial,117,New kartar Tribe,Central Plain,105,Food Preservation,11
-4855,initial,117,New kartar Tribe,Central Plain,106,Storage Pits and Containers,11
-4855,initial,117,New kartar Tribe,Central Plain,107,Seasonal Aggregation Camps,11
-4855,initial,117,New kartar Tribe,Central Plain,110,Dog Domestication,11
-4855,initial,117,New kartar Tribe,Central Plain,111,Grinding Stones,11
-4855,initial,117,New kartar Tribe,Central Plain,116,Charcoal Firing,11
-4855,initial,117,New kartar Tribe,Central Plain,4,Mining,11
-4855,initial,117,New kartar Tribe,Central Plain,3,Archery,11
-4855,initial,118,Romvenia Tribe,Mediterranean Urban,100,Cordage and Knots,10
-4855,initial,118,Romvenia Tribe,Mediterranean Urban,101,Hide Working and Tailored Clothing,10
-4855,initial,118,Romvenia Tribe,Mediterranean Urban,102,Hafted Stone Tools,10
-4855,initial,118,Romvenia Tribe,Mediterranean Urban,105,Food Preservation,10
-4855,initial,118,Romvenia Tribe,Mediterranean Urban,106,Storage Pits and Containers,10
-4855,initial,118,Romvenia Tribe,Mediterranean Urban,107,Seasonal Aggregation Camps,10
-4855,initial,118,Romvenia Tribe,Mediterranean Urban,110,Dog Domestication,10
-4855,initial,118,Romvenia Tribe,Mediterranean Urban,111,Grinding Stones,10
-4855,initial,118,Romvenia Tribe,Mediterranean Urban,116,Charcoal Firing,10
-4855,initial,118,Romvenia Tribe,Mediterranean Urban,3,Archery,10
-4820,initial,119,North sellennoria Tribe,Mediterranean Highland,100,Cordage and Knots,10
-4820,initial,119,North sellennoria Tribe,Mediterranean Highland,101,Hide Working and Tailored Clothing,10
-4820,initial,119,North sellennoria Tribe,Mediterranean Highland,102,Hafted Stone Tools,10
-4820,initial,119,North sellennoria Tribe,Mediterranean Highland,105,Food Preservation,10
-4820,initial,119,North sellennoria Tribe,Mediterranean Highland,106,Storage Pits and Containers,10
-4820,initial,119,North sellennoria Tribe,Mediterranean Highland,107,Seasonal Aggregation Camps,10
-4820,initial,119,North sellennoria Tribe,Mediterranean Highland,110,Dog Domestication,10
-4820,initial,119,North sellennoria Tribe,Mediterranean Highland,111,Grinding Stones,10
-4820,initial,119,North sellennoria Tribe,Mediterranean Highland,116,Charcoal Firing,10
-4820,initial,119,North sellennoria Tribe,Mediterranean Highland,3,Archery,10
-4800,initial,120,North nagardusia Tribe,Eastern Woodland,100,Cordage and Knots,8
-4800,initial,120,North nagardusia Tribe,Eastern Woodland,101,Hide Working and Tailored Clothing,8
-4800,initial,120,North nagardusia Tribe,Eastern Woodland,102,Hafted Stone Tools,8
-4800,initial,120,North nagardusia Tribe,Eastern Woodland,105,Food Preservation,8
-4800,initial,120,North nagardusia Tribe,Eastern Woodland,106,Storage Pits and Containers,8
-4800,initial,120,North nagardusia Tribe,Eastern Woodland,107,Seasonal Aggregation Camps,8
-4800,initial,120,North nagardusia Tribe,Eastern Woodland,111,Grinding Stones,8
-4800,initial,120,North nagardusia Tribe,Eastern Woodland,3,Archery,8
-4780,initial,121,New barur Tribe,Fertile Crescent,100,Cordage and Knots,12
-4780,initial,121,New barur Tribe,Fertile Crescent,101,Hide Working and Tailored Clothing,12
-4780,initial,121,New barur Tribe,Fertile Crescent,102,Hafted Stone Tools,12
-4780,initial,121,New barur Tribe,Fertile Crescent,105,Food Preservation,12
-4780,initial,121,New barur Tribe,Fertile Crescent,106,Storage Pits and Containers,12
-4780,initial,121,New barur Tribe,Fertile Crescent,107,Seasonal Aggregation Camps,12
-4780,initial,121,New barur Tribe,Fertile Crescent,110,Dog Domestication,12
-4780,initial,121,New barur Tribe,Fertile Crescent,111,Grinding Stones,12
-4780,initial,121,New barur Tribe,Fertile Crescent,116,Charcoal Firing,12
-4780,initial,121,New barur Tribe,Fertile Crescent,119,Native Copper Working,12
-4780,initial,121,New barur Tribe,Fertile Crescent,4,Mining,12
-4780,initial,121,New barur Tribe,Fertile Crescent,3,Archery,12
-4775,initial,122,Old arninan Tribe,Fertile Crescent,100,Cordage and Knots,12
-4775,initial,122,Old arninan Tribe,Fertile Crescent,101,Hide Working and Tailored Clothing,12
-4775,initial,122,Old arninan Tribe,Fertile Crescent,102,Hafted Stone Tools,12
-4775,initial,122,Old arninan Tribe,Fertile Crescent,105,Food Preservation,12
-4775,initial,122,Old arninan Tribe,Fertile Crescent,106,Storage Pits and Containers,12
-4775,initial,122,Old arninan Tribe,Fertile Crescent,107,Seasonal Aggregation Camps,12
-4775,initial,122,Old arninan Tribe,Fertile Crescent,110,Dog Domestication,12
-4775,initial,122,Old arninan Tribe,Fertile Crescent,111,Grinding Stones,12
-4775,initial,122,Old arninan Tribe,Fertile Crescent,116,Charcoal Firing,12
-4775,initial,122,Old arninan Tribe,Fertile Crescent,119,Native Copper Working,12
-4775,initial,122,Old arninan Tribe,Fertile Crescent,4,Mining,12
-4775,initial,122,Old arninan Tribe,Fertile Crescent,3,Archery,12
-4755,initial,123,New shatantanpur Tribe,Indic Riverine,100,Cordage and Knots,11
-4755,initial,123,New shatantanpur Tribe,Indic Riverine,101,Hide Working and Tailored Clothing,11
-4755,initial,123,New shatantanpur Tribe,Indic Riverine,102,Hafted Stone Tools,11
-4755,initial,123,New shatantanpur Tribe,Indic Riverine,105,Food Preservation,11
-4755,initial,123,New shatantanpur Tribe,Indic Riverine,106,Storage Pits and Containers,11
-4755,initial,123,New shatantanpur Tribe,Indic Riverine,107,Seasonal Aggregation Camps,11
-4755,initial,123,New shatantanpur Tribe,Indic Riverine,110,Dog Domestication,11
-4755,initial,123,New shatantanpur Tribe,Indic Riverine,111,Grinding Stones,11
-4755,initial,123,New shatantanpur Tribe,Indic Riverine,116,Charcoal Firing,11
-4755,initial,123,New shatantanpur Tribe,Indic Riverine,4,Mining,11
-4755,initial,123,New shatantanpur Tribe,Indic Riverine,3,Archery,11
-4750,initial,124,New rangikaita Tribe,Oceanic Navigators,100,Cordage and Knots,7
-4750,initial,124,New rangikaita Tribe,Oceanic Navigators,101,Hide Working and Tailored Clothing,7
-4750,initial,124,New rangikaita Tribe,Oceanic Navigators,102,Hafted Stone Tools,7
-4750,initial,124,New rangikaita Tribe,Oceanic Navigators,105,Food Preservation,7
-4750,initial,124,New rangikaita Tribe,Oceanic Navigators,106,Storage Pits and Containers,7
-4750,initial,124,New rangikaita Tribe,Oceanic Navigators,107,Seasonal Aggregation Camps,7
-4750,initial,124,New rangikaita Tribe,Oceanic Navigators,3,Archery,7
-4710,initial,125,Terrangrad Kingdom,Western Plains,100,Cordage and Knots,8
-4710,initial,125,Terrangrad Kingdom,Western Plains,101,Hide Working and Tailored Clothing,8
-4710,initial,125,Terrangrad Kingdom,Western Plains,102,Hafted Stone Tools,8
-4710,initial,125,Terrangrad Kingdom,Western Plains,105,Food Preservation,8
-4710,initial,125,Terrangrad Kingdom,Western Plains,106,Storage Pits and Containers,8
-4710,initial,125,Terrangrad Kingdom,Western Plains,107,Seasonal Aggregation Camps,8
-4710,initial,125,Terrangrad Kingdom,Western Plains,111,Grinding Stones,8
-4710,initial,125,Terrangrad Kingdom,Western Plains,3,Archery,8
-4695,initial,126,Great viraa Kingdom,Indic Riverine,100,Cordage and Knots,11
-4695,initial,126,Great viraa Kingdom,Indic Riverine,101,Hide Working and Tailored Clothing,11
-4695,initial,126,Great viraa Kingdom,Indic Riverine,102,Hafted Stone Tools,11
-4695,initial,126,Great viraa Kingdom,Indic Riverine,105,Food Preservation,11
-4695,initial,126,Great viraa Kingdom,Indic Riverine,106,Storage Pits and Containers,11
-4695,initial,126,Great viraa Kingdom,Indic Riverine,107,Seasonal Aggregation Camps,11
-4695,initial,126,Great viraa Kingdom,Indic Riverine,110,Dog Domestication,11
-4695,initial,126,Great viraa Kingdom,Indic Riverine,111,Grinding Stones,11
-4695,initial,126,Great viraa Kingdom,Indic Riverine,116,Charcoal Firing,11
-4695,initial,126,Great viraa Kingdom,Indic Riverine,4,Mining,11
-4695,initial,126,Great viraa Kingdom,Indic Riverine,3,Archery,11
-4655,initial,127,Old zuchia Tribe,North Saharan,100,Cordage and Knots,10
-4655,initial,127,Old zuchia Tribe,North Saharan,101,Hide Working and Tailored Clothing,10
-4655,initial,127,Old zuchia Tribe,North Saharan,102,Hafted Stone Tools,10
-4655,initial,127,Old zuchia Tribe,North Saharan,105,Food Preservation,10
-4655,initial,127,Old zuchia Tribe,North Saharan,106,Storage Pits and Containers,10
-4655,initial,127,Old zuchia Tribe,North Saharan,107,Seasonal Aggregation Camps,10
-4655,initial,127,Old zuchia Tribe,North Saharan,110,Dog Domestication,10
-4655,initial,127,Old zuchia Tribe,North Saharan,111,Grinding Stones,10
-4655,initial,127,Old zuchia Tribe,North Saharan,116,Charcoal Firing,10
-4655,initial,127,Old zuchia Tribe,North Saharan,3,Archery,10
-4635,initial,128,South alnornorland Kingdom,Central Plain,100,Cordage and Knots,11
-4635,initial,128,South alnornorland Kingdom,Central Plain,101,Hide Working and Tailored Clothing,11
-4635,initial,128,South alnornorland Kingdom,Central Plain,102,Hafted Stone Tools,11
-4635,initial,128,South alnornorland Kingdom,Central Plain,105,Food Preservation,11
-4635,initial,128,South alnornorland Kingdom,Central Plain,106,Storage Pits and Containers,11
-4635,initial,128,South alnornorland Kingdom,Central Plain,107,Seasonal Aggregation Camps,11
-4635,initial,128,South alnornorland Kingdom,Central Plain,110,Dog Domestication,11
-4635,initial,128,South alnornorland Kingdom,Central Plain,111,Grinding Stones,11
-4635,initial,128,South alnornorland Kingdom,Central Plain,116,Charcoal Firing,11
-4635,initial,128,South alnornorland Kingdom,Central Plain,4,Mining,11
-4635,initial,128,South alnornorland Kingdom,Central Plain,3,Archery,11
-4610,initial,129,New kussuyuayana Tribe,Andean Highland,100,Cordage and Knots,10
-4610,initial,129,New kussuyuayana Tribe,Andean Highland,101,Hide Working and Tailored Clothing,10
-4610,initial,129,New kussuyuayana Tribe,Andean Highland,102,Hafted Stone Tools,10
-4610,initial,129,New kussuyuayana Tribe,Andean Highland,105,Food Preservation,10
-4610,initial,129,New kussuyuayana Tribe,Andean Highland,106,Storage Pits and Containers,10
-4610,initial,129,New kussuyuayana Tribe,Andean Highland,107,Seasonal Aggregation Camps,10
-4610,initial,129,New kussuyuayana Tribe,Andean Highland,111,Grinding Stones,10
-4610,initial,129,New kussuyuayana Tribe,Andean Highland,116,Charcoal Firing,10
-4610,initial,129,New kussuyuayana Tribe,Andean Highland,4,Mining,10
-4610,initial,129,New kussuyuayana Tribe,Andean Highland,3,Archery,10
-4550,initial,130,Norbelia Tribe,Mediterranean Urban,100,Cordage and Knots,10
-4550,initial,130,Norbelia Tribe,Mediterranean Urban,101,Hide Working and Tailored Clothing,10
-4550,initial,130,Norbelia Tribe,Mediterranean Urban,102,Hafted Stone Tools,10
-4550,initial,130,Norbelia Tribe,Mediterranean Urban,105,Food Preservation,10
-4550,initial,130,Norbelia Tribe,Mediterranean Urban,106,Storage Pits and Containers,10
-4550,initial,130,Norbelia Tribe,Mediterranean Urban,107,Seasonal Aggregation Camps,10
-4550,initial,130,Norbelia Tribe,Mediterranean Urban,110,Dog Domestication,10
-4550,initial,130,Norbelia Tribe,Mediterranean Urban,111,Grinding Stones,10
-4550,initial,130,Norbelia Tribe,Mediterranean Urban,116,Charcoal Firing,10
-4550,initial,130,Norbelia Tribe,Mediterranean Urban,3,Archery,10
-4535,initial,131,South naterranstan Tribe,Steppe Nomadic,100,Cordage and Knots,9
-4535,initial,131,South naterranstan Tribe,Steppe Nomadic,101,Hide Working and Tailored Clothing,9
-4535,initial,131,South naterranstan Tribe,Steppe Nomadic,102,Hafted Stone Tools,9
-4535,initial,131,South naterranstan Tribe,Steppe Nomadic,105,Food Preservation,9
-4535,initial,131,South naterranstan Tribe,Steppe Nomadic,106,Storage Pits and Containers,9
-4535,initial,131,South naterranstan Tribe,Steppe Nomadic,107,Seasonal Aggregation Camps,9
-4535,initial,131,South naterranstan Tribe,Steppe Nomadic,110,Dog Domestication,9
-4535,initial,131,South naterranstan Tribe,Steppe Nomadic,111,Grinding Stones,9
-4535,initial,131,South naterranstan Tribe,Steppe Nomadic,3,Archery,9
-4515,initial,132,Garlinia Kingdom,Western Plains,100,Cordage and Knots,8
-4515,initial,132,Garlinia Kingdom,Western Plains,101,Hide Working and Tailored Clothing,8
-4515,initial,132,Garlinia Kingdom,Western Plains,102,Hafted Stone Tools,8
-4515,initial,132,Garlinia Kingdom,Western Plains,105,Food Preservation,8
-4515,initial,132,Garlinia Kingdom,Western Plains,106,Storage Pits and Containers,8
-4515,initial,132,Garlinia Kingdom,Western Plains,107,Seasonal Aggregation Camps,8
-4515,initial,132,Garlinia Kingdom,Western Plains,111,Grinding Stones,8
-4515,initial,132,Garlinia Kingdom,Western Plains,3,Archery,8
-4380,initial,133,Liwei Tribe,East Riverine,100,Cordage and Knots,10
-4380,initial,133,Liwei Tribe,East Riverine,101,Hide Working and Tailored Clothing,10
-4380,initial,133,Liwei Tribe,East Riverine,102,Hafted Stone Tools,10
-4380,initial,133,Liwei Tribe,East Riverine,105,Food Preservation,10
-4380,initial,133,Liwei Tribe,East Riverine,106,Storage Pits and Containers,10
-4380,initial,133,Liwei Tribe,East Riverine,107,Seasonal Aggregation Camps,10
-4380,initial,133,Liwei Tribe,East Riverine,110,Dog Domestication,10
-4380,initial,133,Liwei Tribe,East Riverine,111,Grinding Stones,10
-4380,initial,133,Liwei Tribe,East Riverine,116,Charcoal Firing,10
-4380,initial,133,Liwei Tribe,East Riverine,3,Archery,10
-4355,initial,134,North weilinling Tribe,East Riverine,100,Cordage and Knots,10
-4355,initial,134,North weilinling Tribe,East Riverine,101,Hide Working and Tailored Clothing,10
-4355,initial,134,North weilinling Tribe,East Riverine,102,Hafted Stone Tools,10
-4355,initial,134,North weilinling Tribe,East Riverine,105,Food Preservation,10
-4355,initial,134,North weilinling Tribe,East Riverine,106,Storage Pits and Containers,10
-4355,initial,134,North weilinling Tribe,East Riverine,107,Seasonal Aggregation Camps,10
-4355,initial,134,North weilinling Tribe,East Riverine,110,Dog Domestication,10
-4355,initial,134,North weilinling Tribe,East Riverine,111,Grinding Stones,10
-4355,initial,134,North weilinling Tribe,East Riverine,116,Charcoal Firing,10
-4355,initial,134,North weilinling Tribe,East Riverine,3,Archery,10
-4320,initial,135,South lorbelzenia Tribe,Western Plains,100,Cordage and Knots,8
-4320,initial,135,South lorbelzenia Tribe,Western Plains,101,Hide Working and Tailored Clothing,8
-4320,initial,135,South lorbelzenia Tribe,Western Plains,102,Hafted Stone Tools,8
-4320,initial,135,South lorbelzenia Tribe,Western Plains,105,Food Preservation,8
-4320,initial,135,South lorbelzenia Tribe,Western Plains,106,Storage Pits and Containers,8
-4320,initial,135,South lorbelzenia Tribe,Western Plains,107,Seasonal Aggregation Camps,8
-4320,initial,135,South lorbelzenia Tribe,Western Plains,111,Grinding Stones,8
-4320,initial,135,South lorbelzenia Tribe,Western Plains,3,Archery,8
-4315,initial,136,Old naransol Kingdom,Steppe Nomadic,100,Cordage and Knots,9
-4315,initial,136,Old naransol Kingdom,Steppe Nomadic,101,Hide Working and Tailored Clothing,9
-4315,initial,136,Old naransol Kingdom,Steppe Nomadic,102,Hafted Stone Tools,9
-4315,initial,136,Old naransol Kingdom,Steppe Nomadic,105,Food Preservation,9
-4315,initial,136,Old naransol Kingdom,Steppe Nomadic,106,Storage Pits and Containers,9
-4315,initial,136,Old naransol Kingdom,Steppe Nomadic,107,Seasonal Aggregation Camps,9
-4315,initial,136,Old naransol Kingdom,Steppe Nomadic,110,Dog Domestication,9
-4315,initial,136,Old naransol Kingdom,Steppe Nomadic,111,Grinding Stones,9
-4315,initial,136,Old naransol Kingdom,Steppe Nomadic,3,Archery,9
-4190,initial,137,South intirumsuyua Tribe,Andean Highland,100,Cordage and Knots,9
-4190,initial,137,South intirumsuyua Tribe,Andean Highland,101,Hide Working and Tailored Clothing,9
-4190,initial,137,South intirumsuyua Tribe,Andean Highland,102,Hafted Stone Tools,9
-4190,initial,137,South intirumsuyua Tribe,Andean Highland,105,Food Preservation,9
-4190,initial,137,South intirumsuyua Tribe,Andean Highland,106,Storage Pits and Containers,9
-4190,initial,137,South intirumsuyua Tribe,Andean Highland,107,Seasonal Aggregation Camps,9
-4190,initial,137,South intirumsuyua Tribe,Andean Highland,111,Grinding Stones,9
-4190,initial,137,South intirumsuyua Tribe,Andean Highland,116,Charcoal Firing,9
-4190,initial,137,South intirumsuyua Tribe,Andean Highland,3,Archery,9
-4165,initial,138,South kalama Kingdom,West Sahel,100,Cordage and Knots,14
-4165,initial,138,South kalama Kingdom,West Sahel,101,Hide Working and Tailored Clothing,14
-4165,initial,138,South kalama Kingdom,West Sahel,102,Hafted Stone Tools,14
-4165,initial,138,South kalama Kingdom,West Sahel,105,Food Preservation,14
-4165,initial,138,South kalama Kingdom,West Sahel,106,Storage Pits and Containers,14
-4165,initial,138,South kalama Kingdom,West Sahel,107,Seasonal Aggregation Camps,14
-4165,initial,138,South kalama Kingdom,West Sahel,111,Grinding Stones,14
-4165,initial,138,South kalama Kingdom,West Sahel,112,Proto-cultivation,14
-4165,initial,138,South kalama Kingdom,West Sahel,113,Sedentism,14
-4165,initial,138,South kalama Kingdom,West Sahel,116,Charcoal Firing,14
-4165,initial,138,South kalama Kingdom,West Sahel,1,Pottery,14
-4165,initial,138,South kalama Kingdom,West Sahel,20,Agriculture,14
-4165,initial,138,South kalama Kingdom,West Sahel,3,Archery,14
-4165,initial,138,South kalama Kingdom,West Sahel,6,Calendar,14
-4160,initial,139,North ranquiromland Kingdom,Western Plains,100,Cordage and Knots,8
-4160,initial,139,North ranquiromland Kingdom,Western Plains,101,Hide Working and Tailored Clothing,8
-4160,initial,139,North ranquiromland Kingdom,Western Plains,102,Hafted Stone Tools,8
-4160,initial,139,North ranquiromland Kingdom,Western Plains,105,Food Preservation,8
-4160,initial,139,North ranquiromland Kingdom,Western Plains,106,Storage Pits and Containers,8
-4160,initial,139,North ranquiromland Kingdom,Western Plains,107,Seasonal Aggregation Camps,8
-4160,initial,139,North ranquiromland Kingdom,Western Plains,111,Grinding Stones,8
-4160,initial,139,North ranquiromland Kingdom,Western Plains,3,Archery,8
-4110,initial,140,Raraa Tribe,Oceanic Navigators,100,Cordage and Knots,7
-4110,initial,140,Raraa Tribe,Oceanic Navigators,101,Hide Working and Tailored Clothing,7
-4110,initial,140,Raraa Tribe,Oceanic Navigators,102,Hafted Stone Tools,7
-4110,initial,140,Raraa Tribe,Oceanic Navigators,105,Food Preservation,7
-4110,initial,140,Raraa Tribe,Oceanic Navigators,106,Storage Pits and Containers,7
-4110,initial,140,Raraa Tribe,Oceanic Navigators,107,Seasonal Aggregation Camps,7
-4110,initial,140,Raraa Tribe,Oceanic Navigators,3,Archery,7
-4095,initial,141,South dusqui Kingdom,Steppe Nomadic,100,Cordage and Knots,9
-4095,initial,141,South dusqui Kingdom,Steppe Nomadic,101,Hide Working and Tailored Clothing,9
-4095,initial,141,South dusqui Kingdom,Steppe Nomadic,102,Hafted Stone Tools,9
-4095,initial,141,South dusqui Kingdom,Steppe Nomadic,105,Food Preservation,9
-4095,initial,141,South dusqui Kingdom,Steppe Nomadic,106,Storage Pits and Containers,9
-4095,initial,141,South dusqui Kingdom,Steppe Nomadic,107,Seasonal Aggregation Camps,9
-4095,initial,141,South dusqui Kingdom,Steppe Nomadic,110,Dog Domestication,9
-4095,initial,141,South dusqui Kingdom,Steppe Nomadic,111,Grinding Stones,9
-4095,initial,141,South dusqui Kingdom,Steppe Nomadic,3,Archery,9
-4065,initial,142,North dusbelgrad Tribe,Western Plains,100,Cordage and Knots,8
-4065,initial,142,North dusbelgrad Tribe,Western Plains,101,Hide Working and Tailored Clothing,8
-4065,initial,142,North dusbelgrad Tribe,Western Plains,102,Hafted Stone Tools,8
-4065,initial,142,North dusbelgrad Tribe,Western Plains,105,Food Preservation,8
-4065,initial,142,North dusbelgrad Tribe,Western Plains,106,Storage Pits and Containers,8
-4065,initial,142,North dusbelgrad Tribe,Western Plains,107,Seasonal Aggregation Camps,8
-4065,initial,142,North dusbelgrad Tribe,Western Plains,111,Grinding Stones,8
-4065,initial,142,North dusbelgrad Tribe,Western Plains,3,Archery,8
-4050,initial,143,Dorkardoria Kingdom,Mediterranean Highland,100,Cordage and Knots,10
-4050,initial,143,Dorkardoria Kingdom,Mediterranean Highland,101,Hide Working and Tailored Clothing,10
-4050,initial,143,Dorkardoria Kingdom,Mediterranean Highland,102,Hafted Stone Tools,10
-4050,initial,143,Dorkardoria Kingdom,Mediterranean Highland,105,Food Preservation,10
-4050,initial,143,Dorkardoria Kingdom,Mediterranean Highland,106,Storage Pits and Containers,10
-4050,initial,143,Dorkardoria Kingdom,Mediterranean Highland,107,Seasonal Aggregation Camps,10
-4050,initial,143,Dorkardoria Kingdom,Mediterranean Highland,110,Dog Domestication,10
-4050,initial,143,Dorkardoria Kingdom,Mediterranean Highland,111,Grinding Stones,10
-4050,initial,143,Dorkardoria Kingdom,Mediterranean Highland,116,Charcoal Firing,10
-4050,initial,143,Dorkardoria Kingdom,Mediterranean Highland,3,Archery,10
-4030,initial,144,North lorviazenland Kingdom,Western Plains,100,Cordage and Knots,8
-4030,initial,144,North lorviazenland Kingdom,Western Plains,101,Hide Working and Tailored Clothing,8
-4030,initial,144,North lorviazenland Kingdom,Western Plains,102,Hafted Stone Tools,8
-4030,initial,144,North lorviazenland Kingdom,Western Plains,105,Food Preservation,8
-4030,initial,144,North lorviazenland Kingdom,Western Plains,106,Storage Pits and Containers,8
-4030,initial,144,North lorviazenland Kingdom,Western Plains,107,Seasonal Aggregation Camps,8
-4030,initial,144,North lorviazenland Kingdom,Western Plains,111,Grinding Stones,8
-4030,initial,144,North lorviazenland Kingdom,Western Plains,3,Archery,8
-4025,initial,145,Old liweiguo Tribe,East Riverine,100,Cordage and Knots,10
-4025,initial,145,Old liweiguo Tribe,East Riverine,101,Hide Working and Tailored Clothing,10
-4025,initial,145,Old liweiguo Tribe,East Riverine,102,Hafted Stone Tools,10
-4025,initial,145,Old liweiguo Tribe,East Riverine,105,Food Preservation,10
-4025,initial,145,Old liweiguo Tribe,East Riverine,106,Storage Pits and Containers,10
-4025,initial,145,Old liweiguo Tribe,East Riverine,107,Seasonal Aggregation Camps,10
-4025,initial,145,Old liweiguo Tribe,East Riverine,110,Dog Domestication,10
-4025,initial,145,Old liweiguo Tribe,East Riverine,111,Grinding Stones,10
-4025,initial,145,Old liweiguo Tribe,East Riverine,116,Charcoal Firing,10
-4025,initial,145,Old liweiguo Tribe,East Riverine,3,Archery,10
-3990,initial,146,South naviagrad Tribe,Eastern Woodland,100,Cordage and Knots,8
-3990,initial,146,South naviagrad Tribe,Eastern Woodland,101,Hide Working and Tailored Clothing,8
-3990,initial,146,South naviagrad Tribe,Eastern Woodland,102,Hafted Stone Tools,8
-3990,initial,146,South naviagrad Tribe,Eastern Woodland,105,Food Preservation,8
-3990,initial,146,South naviagrad Tribe,Eastern Woodland,106,Storage Pits and Containers,8
-3990,initial,146,South naviagrad Tribe,Eastern Woodland,107,Seasonal Aggregation Camps,8
-3990,initial,146,South naviagrad Tribe,Eastern Woodland,111,Grinding Stones,8
-3990,initial,146,South naviagrad Tribe,Eastern Woodland,3,Archery,8
-3980,initial,147,Old romromromland Kingdom,Mediterranean Urban,100,Cordage and Knots,10
-3980,initial,147,Old romromromland Kingdom,Mediterranean Urban,101,Hide Working and Tailored Clothing,10
-3980,initial,147,Old romromromland Kingdom,Mediterranean Urban,102,Hafted Stone Tools,10
-3980,initial,147,Old romromromland Kingdom,Mediterranean Urban,105,Food Preservation,10
-3980,initial,147,Old romromromland Kingdom,Mediterranean Urban,106,Storage Pits and Containers,10
-3980,initial,147,Old romromromland Kingdom,Mediterranean Urban,107,Seasonal Aggregation Camps,10
-3980,initial,147,Old romromromland Kingdom,Mediterranean Urban,110,Dog Domestication,10
-3980,initial,147,Old romromromland Kingdom,Mediterranean Urban,111,Grinding Stones,10
-3980,initial,147,Old romromromland Kingdom,Mediterranean Urban,116,Charcoal Firing,10
-3980,initial,147,Old romromromland Kingdom,Mediterranean Urban,3,Archery,10
-3975,initial,148,Old kussuyusumyu Tribe,Andean Highland,100,Cordage and Knots,9
-3975,initial,148,Old kussuyusumyu Tribe,Andean Highland,101,Hide Working and Tailored Clothing,9
-3975,initial,148,Old kussuyusumyu Tribe,Andean Highland,102,Hafted Stone Tools,9
-3975,initial,148,Old kussuyusumyu Tribe,Andean Highland,105,Food Preservation,9
-3975,initial,148,Old kussuyusumyu Tribe,Andean Highland,106,Storage Pits and Containers,9
-3975,initial,148,Old kussuyusumyu Tribe,Andean Highland,107,Seasonal Aggregation Camps,9
-3975,initial,148,Old kussuyusumyu Tribe,Andean Highland,111,Grinding Stones,9
-3975,initial,148,Old kussuyusumyu Tribe,Andean Highland,116,Charcoal Firing,9
-3975,initial,148,Old kussuyusumyu Tribe,Andean Highland,3,Archery,9
-3965,initial,149,Belalland Tribe,Central Plain,100,Cordage and Knots,11
-3965,initial,149,Belalland Tribe,Central Plain,101,Hide Working and Tailored Clothing,11
-3965,initial,149,Belalland Tribe,Central Plain,102,Hafted Stone Tools,11
-3965,initial,149,Belalland Tribe,Central Plain,105,Food Preservation,11
-3965,initial,149,Belalland Tribe,Central Plain,106,Storage Pits and Containers,11
-3965,initial,149,Belalland Tribe,Central Plain,107,Seasonal Aggregation Camps,11
-3965,initial,149,Belalland Tribe,Central Plain,110,Dog Domestication,11
-3965,initial,149,Belalland Tribe,Central Plain,111,Grinding Stones,11
-3965,initial,149,Belalland Tribe,Central Plain,116,Charcoal Firing,11
-3965,initial,149,Belalland Tribe,Central Plain,4,Mining,11
-3965,initial,149,Belalland Tribe,Central Plain,3,Archery,11
-3945,initial,150,Great barkaa Kingdom,West Sahel,100,Cordage and Knots,13
-3945,initial,150,Great barkaa Kingdom,West Sahel,101,Hide Working and Tailored Clothing,13
-3945,initial,150,Great barkaa Kingdom,West Sahel,102,Hafted Stone Tools,13
-3945,initial,150,Great barkaa Kingdom,West Sahel,105,Food Preservation,13
-3945,initial,150,Great barkaa Kingdom,West Sahel,106,Storage Pits and Containers,13
-3945,initial,150,Great barkaa Kingdom,West Sahel,107,Seasonal Aggregation Camps,13
-3945,initial,150,Great barkaa Kingdom,West Sahel,111,Grinding Stones,13
-3945,initial,150,Great barkaa Kingdom,West Sahel,112,Proto-cultivation,13
-3945,initial,150,Great barkaa Kingdom,West Sahel,113,Sedentism,13
-3945,initial,150,Great barkaa Kingdom,West Sahel,116,Charcoal Firing,13
-3945,initial,150,Great barkaa Kingdom,West Sahel,1,Pottery,13
-3945,initial,150,Great barkaa Kingdom,West Sahel,3,Archery,13
-3945,initial,150,Great barkaa Kingdom,West Sahel,6,Calendar,13
-3945,initial,151,New barlamu Kingdom,West Sahel,100,Cordage and Knots,9
-3945,initial,151,New barlamu Kingdom,West Sahel,101,Hide Working and Tailored Clothing,9
-3945,initial,151,New barlamu Kingdom,West Sahel,102,Hafted Stone Tools,9
-3945,initial,151,New barlamu Kingdom,West Sahel,105,Food Preservation,9
-3945,initial,151,New barlamu Kingdom,West Sahel,106,Storage Pits and Containers,9
-3945,initial,151,New barlamu Kingdom,West Sahel,107,Seasonal Aggregation Camps,9
-3945,initial,151,New barlamu Kingdom,West Sahel,111,Grinding Stones,9
-3945,initial,151,New barlamu Kingdom,West Sahel,116,Charcoal Firing,9
-3945,initial,151,New barlamu Kingdom,West Sahel,3,Archery,9
-3935,initial,152,North garmarlorstan Kingdom,Steppe Nomadic,100,Cordage and Knots,9
-3935,initial,152,North garmarlorstan Kingdom,Steppe Nomadic,101,Hide Working and Tailored Clothing,9
-3935,initial,152,North garmarlorstan Kingdom,Steppe Nomadic,102,Hafted Stone Tools,9
-3935,initial,152,North garmarlorstan Kingdom,Steppe Nomadic,105,Food Preservation,9
-3935,initial,152,North garmarlorstan Kingdom,Steppe Nomadic,106,Storage Pits and Containers,9
-3935,initial,152,North garmarlorstan Kingdom,Steppe Nomadic,107,Seasonal Aggregation Camps,9
-3935,initial,152,North garmarlorstan Kingdom,Steppe Nomadic,110,Dog Domestication,9
-3935,initial,152,North garmarlorstan Kingdom,Steppe Nomadic,111,Grinding Stones,9
-3935,initial,152,North garmarlorstan Kingdom,Steppe Nomadic,3,Archery,9
-3910,initial,153,New kamazuu Tribe,North Saharan,100,Cordage and Knots,10
-3910,initial,153,New kamazuu Tribe,North Saharan,101,Hide Working and Tailored Clothing,10
-3910,initial,153,New kamazuu Tribe,North Saharan,102,Hafted Stone Tools,10
-3910,initial,153,New kamazuu Tribe,North Saharan,105,Food Preservation,10
-3910,initial,153,New kamazuu Tribe,North Saharan,106,Storage Pits and Containers,10
-3910,initial,153,New kamazuu Tribe,North Saharan,107,Seasonal Aggregation Camps,10
-3910,initial,153,New kamazuu Tribe,North Saharan,110,Dog Domestication,10
-3910,initial,153,New kamazuu Tribe,North Saharan,111,Grinding Stones,10
-3910,initial,153,New kamazuu Tribe,North Saharan,116,Charcoal Firing,10
-3910,initial,153,New kamazuu Tribe,North Saharan,3,Archery,10
-3895,initial,154,South suyuqoriqoria Kingdom,Andean Highland,100,Cordage and Knots,9
-3895,initial,154,South suyuqoriqoria Kingdom,Andean Highland,101,Hide Working and Tailored Clothing,9
-3895,initial,154,South suyuqoriqoria Kingdom,Andean Highland,102,Hafted Stone Tools,9
-3895,initial,154,South suyuqoriqoria Kingdom,Andean Highland,105,Food Preservation,9
-3895,initial,154,South suyuqoriqoria Kingdom,Andean Highland,106,Storage Pits and Containers,9
-3895,initial,154,South suyuqoriqoria Kingdom,Andean Highland,107,Seasonal Aggregation Camps,9
-3895,initial,154,South suyuqoriqoria Kingdom,Andean Highland,111,Grinding Stones,9
-3895,initial,154,South suyuqoriqoria Kingdom,Andean Highland,116,Charcoal Firing,9
-3895,initial,154,South suyuqoriqoria Kingdom,Andean Highland,3,Archery,9
-3882,unlock,44,New mardusia Tribe,Monsoon Coastal,109,Long-distance Exchange Networks,19
-3787,unlock,44,New mardusia Tribe,Monsoon Coastal,7,Wheel,20
-3750,initial,155,New kaofilam Tribe,West Sahel,100,Cordage and Knots,14
-3750,initial,155,New kaofilam Tribe,West Sahel,101,Hide Working and Tailored Clothing,14
-3750,initial,155,New kaofilam Tribe,West Sahel,102,Hafted Stone Tools,14
-3750,initial,155,New kaofilam Tribe,West Sahel,105,Food Preservation,14
-3750,initial,155,New kaofilam Tribe,West Sahel,106,Storage Pits and Containers,14
-3750,initial,155,New kaofilam Tribe,West Sahel,107,Seasonal Aggregation Camps,14
-3750,initial,155,New kaofilam Tribe,West Sahel,111,Grinding Stones,14
-3750,initial,155,New kaofilam Tribe,West Sahel,112,Proto-cultivation,14
-3750,initial,155,New kaofilam Tribe,West Sahel,113,Sedentism,14
-3750,initial,155,New kaofilam Tribe,West Sahel,116,Charcoal Firing,14
-3750,initial,155,New kaofilam Tribe,West Sahel,1,Pottery,14
-3750,initial,155,New kaofilam Tribe,West Sahel,20,Agriculture,14
-3750,initial,155,New kaofilam Tribe,West Sahel,3,Archery,14
-3750,initial,155,New kaofilam Tribe,West Sahel,6,Calendar,14
-3745,initial,156,South ternalinstan Kingdom,Western Plains,100,Cordage and Knots,8
-3745,initial,156,South ternalinstan Kingdom,Western Plains,101,Hide Working and Tailored Clothing,8
-3745,initial,156,South ternalinstan Kingdom,Western Plains,102,Hafted Stone Tools,8
-3745,initial,156,South ternalinstan Kingdom,Western Plains,105,Food Preservation,8
-3745,initial,156,South ternalinstan Kingdom,Western Plains,106,Storage Pits and Containers,8
-3745,initial,156,South ternalinstan Kingdom,Western Plains,107,Seasonal Aggregation Camps,8
-3745,initial,156,South ternalinstan Kingdom,Western Plains,111,Grinding Stones,8
-3745,initial,156,South ternalinstan Kingdom,Western Plains,3,Archery,8
-3735,initial,157,South selbelven Tribe,Atlantic Fringe,100,Cordage and Knots,10
-3735,initial,157,South selbelven Tribe,Atlantic Fringe,101,Hide Working and Tailored Clothing,10
-3735,initial,157,South selbelven Tribe,Atlantic Fringe,102,Hafted Stone Tools,10
-3735,initial,157,South selbelven Tribe,Atlantic Fringe,105,Food Preservation,10
-3735,initial,157,South selbelven Tribe,Atlantic Fringe,106,Storage Pits and Containers,10
-3735,initial,157,South selbelven Tribe,Atlantic Fringe,107,Seasonal Aggregation Camps,10
-3735,initial,157,South selbelven Tribe,Atlantic Fringe,111,Grinding Stones,10
-3735,initial,157,South selbelven Tribe,Atlantic Fringe,116,Charcoal Firing,10
-3735,initial,157,South selbelven Tribe,Atlantic Fringe,4,Mining,10
-3735,initial,157,South selbelven Tribe,Atlantic Fringe,3,Archery,10
-3725,initial,158,North barbarngoene Kingdom,West Sahel,100,Cordage and Knots,13
-3725,initial,158,North barbarngoene Kingdom,West Sahel,101,Hide Working and Tailored Clothing,13
-3725,initial,158,North barbarngoene Kingdom,West Sahel,102,Hafted Stone Tools,13
-3725,initial,158,North barbarngoene Kingdom,West Sahel,105,Food Preservation,13
-3725,initial,158,North barbarngoene Kingdom,West Sahel,106,Storage Pits and Containers,13
-3725,initial,158,North barbarngoene Kingdom,West Sahel,107,Seasonal Aggregation Camps,13
-3725,initial,158,North barbarngoene Kingdom,West Sahel,111,Grinding Stones,13
-3725,initial,158,North barbarngoene Kingdom,West Sahel,112,Proto-cultivation,13
-3725,initial,158,North barbarngoene Kingdom,West Sahel,113,Sedentism,13
-3725,initial,158,North barbarngoene Kingdom,West Sahel,116,Charcoal Firing,13
-3725,initial,158,North barbarngoene Kingdom,West Sahel,1,Pottery,13
-3725,initial,158,North barbarngoene Kingdom,West Sahel,3,Archery,13
-3725,initial,158,North barbarngoene Kingdom,West Sahel,6,Calendar,13
-3725,initial,159,Great zumaara Kingdom,West Sahel,100,Cordage and Knots,13
-3725,initial,159,Great zumaara Kingdom,West Sahel,101,Hide Working and Tailored Clothing,13
-3725,initial,159,Great zumaara Kingdom,West Sahel,102,Hafted Stone Tools,13
-3725,initial,159,Great zumaara Kingdom,West Sahel,105,Food Preservation,13
-3725,initial,159,Great zumaara Kingdom,West Sahel,106,Storage Pits and Containers,13
-3725,initial,159,Great zumaara Kingdom,West Sahel,107,Seasonal Aggregation Camps,13
-3725,initial,159,Great zumaara Kingdom,West Sahel,111,Grinding Stones,13
-3725,initial,159,Great zumaara Kingdom,West Sahel,112,Proto-cultivation,13
-3725,initial,159,Great zumaara Kingdom,West Sahel,113,Sedentism,13
-3725,initial,159,Great zumaara Kingdom,West Sahel,116,Charcoal Firing,13
-3725,initial,159,Great zumaara Kingdom,West Sahel,1,Pottery,13
-3725,initial,159,Great zumaara Kingdom,West Sahel,3,Archery,13
-3725,initial,159,Great zumaara Kingdom,West Sahel,6,Calendar,13
-3720,initial,160,South kamau Kingdom,West Sahel,100,Cordage and Knots,9
-3720,initial,160,South kamau Kingdom,West Sahel,101,Hide Working and Tailored Clothing,9
-3720,initial,160,South kamau Kingdom,West Sahel,102,Hafted Stone Tools,9
-3720,initial,160,South kamau Kingdom,West Sahel,105,Food Preservation,9
-3720,initial,160,South kamau Kingdom,West Sahel,106,Storage Pits and Containers,9
-3720,initial,160,South kamau Kingdom,West Sahel,107,Seasonal Aggregation Camps,9
-3720,initial,160,South kamau Kingdom,West Sahel,111,Grinding Stones,9
-3720,initial,160,South kamau Kingdom,West Sahel,116,Charcoal Firing,9
-3720,initial,160,South kamau Kingdom,West Sahel,3,Archery,9
-3715,initial,161,Great belmarstan Kingdom,Steppe Nomadic,100,Cordage and Knots,9
-3715,initial,161,Great belmarstan Kingdom,Steppe Nomadic,101,Hide Working and Tailored Clothing,9
-3715,initial,161,Great belmarstan Kingdom,Steppe Nomadic,102,Hafted Stone Tools,9
-3715,initial,161,Great belmarstan Kingdom,Steppe Nomadic,105,Food Preservation,9
-3715,initial,161,Great belmarstan Kingdom,Steppe Nomadic,106,Storage Pits and Containers,9
-3715,initial,161,Great belmarstan Kingdom,Steppe Nomadic,107,Seasonal Aggregation Camps,9
-3715,initial,161,Great belmarstan Kingdom,Steppe Nomadic,110,Dog Domestication,9
-3715,initial,161,Great belmarstan Kingdom,Steppe Nomadic,111,Grinding Stones,9
-3715,initial,161,Great belmarstan Kingdom,Steppe Nomadic,3,Archery,9
-3705,initial,162,Old draravardesh Kingdom,Indic Riverine,100,Cordage and Knots,10
-3705,initial,162,Old draravardesh Kingdom,Indic Riverine,101,Hide Working and Tailored Clothing,10
-3705,initial,162,Old draravardesh Kingdom,Indic Riverine,102,Hafted Stone Tools,10
-3705,initial,162,Old draravardesh Kingdom,Indic Riverine,105,Food Preservation,10
-3705,initial,162,Old draravardesh Kingdom,Indic Riverine,106,Storage Pits and Containers,10
-3705,initial,162,Old draravardesh Kingdom,Indic Riverine,107,Seasonal Aggregation Camps,10
-3705,initial,162,Old draravardesh Kingdom,Indic Riverine,110,Dog Domestication,10
-3705,initial,162,Old draravardesh Kingdom,Indic Riverine,111,Grinding Stones,10
-3705,initial,162,Old draravardesh Kingdom,Indic Riverine,116,Charcoal Firing,10
-3705,initial,162,Old draravardesh Kingdom,Indic Riverine,3,Archery,10
-3690,initial,163,Old samurum Tribe,Fertile Crescent,100,Cordage and Knots,12
-3690,initial,163,Old samurum Tribe,Fertile Crescent,101,Hide Working and Tailored Clothing,12
-3690,initial,163,Old samurum Tribe,Fertile Crescent,102,Hafted Stone Tools,12
-3690,initial,163,Old samurum Tribe,Fertile Crescent,105,Food Preservation,12
-3690,initial,163,Old samurum Tribe,Fertile Crescent,106,Storage Pits and Containers,12
-3690,initial,163,Old samurum Tribe,Fertile Crescent,107,Seasonal Aggregation Camps,12
-3690,initial,163,Old samurum Tribe,Fertile Crescent,110,Dog Domestication,12
-3690,initial,163,Old samurum Tribe,Fertile Crescent,111,Grinding Stones,12
-3690,initial,163,Old samurum Tribe,Fertile Crescent,116,Charcoal Firing,12
-3690,initial,163,Old samurum Tribe,Fertile Crescent,119,Native Copper Working,12
-3690,initial,163,Old samurum Tribe,Fertile Crescent,4,Mining,12
-3690,initial,163,Old samurum Tribe,Fertile Crescent,3,Archery,12
-3680,initial,164,Old viaranzengrad Tribe,Western Plains,100,Cordage and Knots,8
-3680,initial,164,Old viaranzengrad Tribe,Western Plains,101,Hide Working and Tailored Clothing,8
-3680,initial,164,Old viaranzengrad Tribe,Western Plains,102,Hafted Stone Tools,8
-3680,initial,164,Old viaranzengrad Tribe,Western Plains,105,Food Preservation,8
-3680,initial,164,Old viaranzengrad Tribe,Western Plains,106,Storage Pits and Containers,8
-3680,initial,164,Old viaranzengrad Tribe,Western Plains,107,Seasonal Aggregation Camps,8
-3680,initial,164,Old viaranzengrad Tribe,Western Plains,111,Grinding Stones,8
-3680,initial,164,Old viaranzengrad Tribe,Western Plains,3,Archery,8
-3642,unlock,44,New mardusia Tribe,Monsoon Coastal,115,Counting Tokens and Tallies,21
-3533,unlock,42,Old kinromland Tribe,Monsoon Coastal,7,Wheel,17
-3517,unlock,42,Old kinromland Tribe,Monsoon Coastal,103,Bone and Antler Tools,18
-3505,initial,165,Old ngotanene Kingdom,West Sahel,100,Cordage and Knots,13
-3505,initial,165,Old ngotanene Kingdom,West Sahel,101,Hide Working and Tailored Clothing,13
-3505,initial,165,Old ngotanene Kingdom,West Sahel,102,Hafted Stone Tools,13
-3505,initial,165,Old ngotanene Kingdom,West Sahel,105,Food Preservation,13
-3505,initial,165,Old ngotanene Kingdom,West Sahel,106,Storage Pits and Containers,13
-3505,initial,165,Old ngotanene Kingdom,West Sahel,107,Seasonal Aggregation Camps,13
-3505,initial,165,Old ngotanene Kingdom,West Sahel,111,Grinding Stones,13
-3505,initial,165,Old ngotanene Kingdom,West Sahel,112,Proto-cultivation,13
-3505,initial,165,Old ngotanene Kingdom,West Sahel,113,Sedentism,13
-3505,initial,165,Old ngotanene Kingdom,West Sahel,116,Charcoal Firing,13
-3505,initial,165,Old ngotanene Kingdom,West Sahel,1,Pottery,13
-3505,initial,165,Old ngotanene Kingdom,West Sahel,3,Archery,13
-3505,initial,165,Old ngotanene Kingdom,West Sahel,6,Calendar,13
-3503,unlock,44,New mardusia Tribe,Monsoon Coastal,10,Irrigation,22
-3500,initial,166,North ngokamau Kingdom,West Sahel,100,Cordage and Knots,9
-3500,initial,166,North ngokamau Kingdom,West Sahel,101,Hide Working and Tailored Clothing,9
-3500,initial,166,North ngokamau Kingdom,West Sahel,102,Hafted Stone Tools,9
-3500,initial,166,North ngokamau Kingdom,West Sahel,105,Food Preservation,9
-3500,initial,166,North ngokamau Kingdom,West Sahel,106,Storage Pits and Containers,9
-3500,initial,166,North ngokamau Kingdom,West Sahel,107,Seasonal Aggregation Camps,9
-3500,initial,166,North ngokamau Kingdom,West Sahel,111,Grinding Stones,9
-3500,initial,166,North ngokamau Kingdom,West Sahel,116,Charcoal Firing,9
-3500,initial,166,North ngokamau Kingdom,West Sahel,3,Archery,9
-3485,initial,167,Great tupayakusyu Kingdom,Andean Highland,100,Cordage and Knots,10
-3485,initial,167,Great tupayakusyu Kingdom,Andean Highland,101,Hide Working and Tailored Clothing,10
-3485,initial,167,Great tupayakusyu Kingdom,Andean Highland,102,Hafted Stone Tools,10
-3485,initial,167,Great tupayakusyu Kingdom,Andean Highland,105,Food Preservation,10
-3485,initial,167,Great tupayakusyu Kingdom,Andean Highland,106,Storage Pits and Containers,10
-3485,initial,167,Great tupayakusyu Kingdom,Andean Highland,107,Seasonal Aggregation Camps,10
-3485,initial,167,Great tupayakusyu Kingdom,Andean Highland,111,Grinding Stones,10
-3485,initial,167,Great tupayakusyu Kingdom,Andean Highland,116,Charcoal Firing,10
-3485,initial,167,Great tupayakusyu Kingdom,Andean Highland,4,Mining,10
-3485,initial,167,Great tupayakusyu Kingdom,Andean Highland,3,Archery,10
-3472,unlock,44,New mardusia Tribe,Monsoon Coastal,12,Shipbuilding,23
-3445,initial,168,Taixiazhou Tribe,East Riverine,100,Cordage and Knots,15
-3445,initial,168,Taixiazhou Tribe,East Riverine,101,Hide Working and Tailored Clothing,15
-3445,initial,168,Taixiazhou Tribe,East Riverine,102,Hafted Stone Tools,15
-3445,initial,168,Taixiazhou Tribe,East Riverine,105,Food Preservation,15
-3445,initial,168,Taixiazhou Tribe,East Riverine,106,Storage Pits and Containers,15
-3445,initial,168,Taixiazhou Tribe,East Riverine,107,Seasonal Aggregation Camps,15
-3445,initial,168,Taixiazhou Tribe,East Riverine,110,Dog Domestication,15
-3445,initial,168,Taixiazhou Tribe,East Riverine,111,Grinding Stones,15
-3445,initial,168,Taixiazhou Tribe,East Riverine,112,Proto-cultivation,15
-3445,initial,168,Taixiazhou Tribe,East Riverine,113,Sedentism,15
-3445,initial,168,Taixiazhou Tribe,East Riverine,114,Enclosures and Herd Management,15
-3445,initial,168,Taixiazhou Tribe,East Riverine,115,Counting Tokens and Tallies,15
-3445,initial,168,Taixiazhou Tribe,East Riverine,116,Charcoal Firing,15
-3445,initial,168,Taixiazhou Tribe,East Riverine,3,Archery,15
-3445,initial,168,Taixiazhou Tribe,East Riverine,6,Calendar,15
-3434,unlock,42,Old kinromland Tribe,Monsoon Coastal,115,Counting Tokens and Tallies,20
-3430,initial,169,Old nadusquiland Kingdom,Western Plains,100,Cordage and Knots,8
-3430,initial,169,Old nadusquiland Kingdom,Western Plains,101,Hide Working and Tailored Clothing,8
-3430,initial,169,Old nadusquiland Kingdom,Western Plains,102,Hafted Stone Tools,8
-3430,initial,169,Old nadusquiland Kingdom,Western Plains,105,Food Preservation,8
-3430,initial,169,Old nadusquiland Kingdom,Western Plains,106,Storage Pits and Containers,8
-3430,initial,169,Old nadusquiland Kingdom,Western Plains,107,Seasonal Aggregation Camps,8
-3430,initial,169,Old nadusquiland Kingdom,Western Plains,111,Grinding Stones,8
-3430,initial,169,Old nadusquiland Kingdom,Western Plains,3,Archery,8
-3421,unlock,43,Kingdom of New marnaland,Monsoon Coastal,10,Irrigation,19
-3400,initial,170,Barzutanu Kingdom,North Saharan,100,Cordage and Knots,10
-3400,initial,170,Barzutanu Kingdom,North Saharan,101,Hide Working and Tailored Clothing,10
-3400,initial,170,Barzutanu Kingdom,North Saharan,102,Hafted Stone Tools,10
-3400,initial,170,Barzutanu Kingdom,North Saharan,105,Food Preservation,10
-3400,initial,170,Barzutanu Kingdom,North Saharan,106,Storage Pits and Containers,10
-3400,initial,170,Barzutanu Kingdom,North Saharan,107,Seasonal Aggregation Camps,10
-3400,initial,170,Barzutanu Kingdom,North Saharan,110,Dog Domestication,10
-3400,initial,170,Barzutanu Kingdom,North Saharan,111,Grinding Stones,10
-3400,initial,170,Barzutanu Kingdom,North Saharan,116,Charcoal Firing,10
-3400,initial,170,Barzutanu Kingdom,North Saharan,3,Archery,10
-3397,unlock,42,Old kinromland Tribe,Monsoon Coastal,10,Irrigation,21
-3377,unlock,70,North teoitzmix Tribe,Mesoamerican,104,Fishing Technology,14
-3372,unlock,70,North teoitzmix Tribe,Mesoamerican,110,Dog Domestication,15
-3350,initial,171,Old tupkuspach Kingdom,Andean Highland,100,Cordage and Knots,9
-3350,initial,171,Old tupkuspach Kingdom,Andean Highland,101,Hide Working and Tailored Clothing,9
-3350,initial,171,Old tupkuspach Kingdom,Andean Highland,102,Hafted Stone Tools,9
-3350,initial,171,Old tupkuspach Kingdom,Andean Highland,105,Food Preservation,9
-3350,initial,171,Old tupkuspach Kingdom,Andean Highland,106,Storage Pits and Containers,9
-3350,initial,171,Old tupkuspach Kingdom,Andean Highland,107,Seasonal Aggregation Camps,9
-3350,initial,171,Old tupkuspach Kingdom,Andean Highland,111,Grinding Stones,9
-3350,initial,171,Old tupkuspach Kingdom,Andean Highland,116,Charcoal Firing,9
-3350,initial,171,Old tupkuspach Kingdom,Andean Highland,3,Archery,9
-3337,unlock,40,Old kinterstan Tribe,Monsoon Coastal,103,Bone and Antler Tools,19
-3304,unlock,70,North teoitzmix Tribe,Mesoamerican,114,Enclosures and Herd Management,16
-3269,unlock,49,South lamtankau Tribe,Nile Floodplain,103,Bone and Antler Tools,18
-3266,unlock,70,North teoitzmix Tribe,Mesoamerican,108,Watercraft,17
-3264,unlock,72,New nahmix Tribe,Mesoamerican,104,Fishing Technology,14
-3242,unlock,66,Kingdom of Old mixchitolco,Mesoamerican,104,Fishing Technology,14
-3241,unlock,40,Old kinterstan Tribe,Monsoon Coastal,109,Long-distance Exchange Networks,20
-3238,unlock,70,North teoitzmix Tribe,Mesoamerican,7,Wheel,18
-3237,unlock,42,Old kinromland Tribe,Monsoon Coastal,109,Long-distance Exchange Networks,23
-3236,unlock,70,North teoitzmix Tribe,Mesoamerican,115,Counting Tokens and Tallies,19
-3235,unlock,42,Old kinromland Tribe,Monsoon Coastal,12,Shipbuilding,24
-3228,unlock,65,Caltolxocco Tribe,Mesoamerican,104,Fishing Technology,14
-3228,unlock,72,New nahmix Tribe,Mesoamerican,103,Bone and Antler Tools,15
-3228,unlock,74,North nahcaltemtan Tribe,Mesoamerican,103,Bone and Antler Tools,14
-3225,initial,172,Great qinhanzhou Kingdom,East Riverine,100,Cordage and Knots,10
-3225,initial,172,Great qinhanzhou Kingdom,East Riverine,101,Hide Working and Tailored Clothing,10
-3225,initial,172,Great qinhanzhou Kingdom,East Riverine,102,Hafted Stone Tools,10
-3225,initial,172,Great qinhanzhou Kingdom,East Riverine,105,Food Preservation,10
-3225,initial,172,Great qinhanzhou Kingdom,East Riverine,106,Storage Pits and Containers,10
-3225,initial,172,Great qinhanzhou Kingdom,East Riverine,107,Seasonal Aggregation Camps,10
-3225,initial,172,Great qinhanzhou Kingdom,East Riverine,110,Dog Domestication,10
-3225,initial,172,Great qinhanzhou Kingdom,East Riverine,111,Grinding Stones,10
-3225,initial,172,Great qinhanzhou Kingdom,East Riverine,116,Charcoal Firing,10
-3225,initial,172,Great qinhanzhou Kingdom,East Riverine,3,Archery,10
-3209,unlock,72,New nahmix Tribe,Mesoamerican,115,Counting Tokens and Tallies,16
-3204,unlock,70,North teoitzmix Tribe,Mesoamerican,5,Sailing,20
-3195,unlock,40,Old kinterstan Tribe,Monsoon Coastal,7,Wheel,21
-3180,unlock,74,North nahcaltemtan Tribe,Mesoamerican,115,Counting Tokens and Tallies,15
-3178,unlock,39,New lorromia Tribe,Monsoon Coastal,103,Bone and Antler Tools,19
-3171,unlock,72,New nahmix Tribe,Mesoamerican,114,Enclosures and Herd Management,17
-3167,unlock,70,North teoitzmix Tribe,Mesoamerican,109,Long-distance Exchange Networks,21
-3160,unlock,39,New lorromia Tribe,Monsoon Coastal,7,Wheel,20
-3159,unlock,72,New nahmix Tribe,Mesoamerican,110,Dog Domestication,18
-3155,unlock,42,Old kinromland Tribe,Monsoon Coastal,17,Roads,25
-3151,unlock,43,Kingdom of New marnaland,Monsoon Coastal,7,Wheel,20
-3146,unlock,54,South ngochiofiu Tribe,East Horn,104,Fishing Technology,14
-3140,initial,173,Hivakaimoa Kingdom,Oceanic Navigators,100,Cordage and Knots,7
-3140,initial,173,Hivakaimoa Kingdom,Oceanic Navigators,101,Hide Working and Tailored Clothing,7
-3140,initial,173,Hivakaimoa Kingdom,Oceanic Navigators,102,Hafted Stone Tools,7
-3140,initial,173,Hivakaimoa Kingdom,Oceanic Navigators,105,Food Preservation,7
-3140,initial,173,Hivakaimoa Kingdom,Oceanic Navigators,106,Storage Pits and Containers,7
-3140,initial,173,Hivakaimoa Kingdom,Oceanic Navigators,107,Seasonal Aggregation Camps,7
-3140,initial,173,Hivakaimoa Kingdom,Oceanic Navigators,3,Archery,7
-3138,unlock,71,North chichitolan Tribe,Mesoamerican,104,Fishing Technology,14
-3128,unlock,10,Old varmitdesh Tribe,Indic Riverine,7,Wheel,17
-3122,unlock,43,Kingdom of New marnaland,Monsoon Coastal,115,Counting Tokens and Tallies,21
-3118,unlock,39,New lorromia Tribe,Monsoon Coastal,109,Long-distance Exchange Networks,21
-3110,initial,174,South qinqin Tribe,East Riverine,100,Cordage and Knots,10
-3110,initial,174,South qinqin Tribe,East Riverine,101,Hide Working and Tailored Clothing,10
-3110,initial,174,South qinqin Tribe,East Riverine,102,Hafted Stone Tools,10
-3110,initial,174,South qinqin Tribe,East Riverine,105,Food Preservation,10
-3110,initial,174,South qinqin Tribe,East Riverine,106,Storage Pits and Containers,10
-3110,initial,174,South qinqin Tribe,East Riverine,107,Seasonal Aggregation Camps,10
-3110,initial,174,South qinqin Tribe,East Riverine,110,Dog Domestication,10
-3110,initial,174,South qinqin Tribe,East Riverine,111,Grinding Stones,10
-3110,initial,174,South qinqin Tribe,East Riverine,116,Charcoal Firing,10
-3110,initial,174,South qinqin Tribe,East Riverine,3,Archery,10
-3109,unlock,40,Old kinterstan Tribe,Monsoon Coastal,10,Irrigation,22
-3105,initial,175,South suyuayarumyu Kingdom,Andean Highland,100,Cordage and Knots,10
-3105,initial,175,South suyuayarumyu Kingdom,Andean Highland,101,Hide Working and Tailored Clothing,10
-3105,initial,175,South suyuayarumyu Kingdom,Andean Highland,102,Hafted Stone Tools,10
-3105,initial,175,South suyuayarumyu Kingdom,Andean Highland,105,Food Preservation,10
-3105,initial,175,South suyuayarumyu Kingdom,Andean Highland,106,Storage Pits and Containers,10
-3105,initial,175,South suyuayarumyu Kingdom,Andean Highland,107,Seasonal Aggregation Camps,10
-3105,initial,175,South suyuayarumyu Kingdom,Andean Highland,111,Grinding Stones,10
-3105,initial,175,South suyuayarumyu Kingdom,Andean Highland,116,Charcoal Firing,10
-3105,initial,175,South suyuayarumyu Kingdom,Andean Highland,4,Mining,10
-3105,initial,175,South suyuayarumyu Kingdom,Andean Highland,3,Archery,10
-3101,unlock,49,Kingdom of South tantankaara,Nile Floodplain,104,Fishing Technology,19
-3088,unlock,30,North esheshsamad Tribe,Fertile Crescent,103,Bone and Antler Tools,13
-3087,unlock,43,Kingdom of New marnaland,Monsoon Coastal,12,Shipbuilding,22
-3085,unlock,1,Kingdom of Great vinal,Indic Riverine,103,Bone and Antler Tools,17
-3082,unlock,2,North ratannagar Tribe,Indic Riverine,7,Wheel,17
-3079,unlock,16,Kingdom of North taizhominling,East Riverine,103,Bone and Antler Tools,17
-3071,unlock,16,Kingdom of North taizhominling,East Riverine,7,Wheel,18
-3071,unlock,67,Great itzteoyucpan Tribe,Mesoamerican,104,Fishing Technology,14
-3070,unlock,16,Kingdom of North taizhominling,East Riverine,117,Proto-writing and Administrative Notation,19
-3069,unlock,16,Kingdom of North taizhominling,East Riverine,10,Irrigation,20
-3069,unlock,39,New lorromia Tribe,Monsoon Coastal,10,Irrigation,22
-3062,unlock,43,Kingdom of New marnaland,Monsoon Coastal,103,Bone and Antler Tools,23
-3060,unlock,65,Caltolxocco Tribe,Mesoamerican,10,Irrigation,15
-3059,unlock,70,North teoitzmix Tribe,Mesoamerican,12,Shipbuilding,22
-3059,unlock,71,North chichitolan Tribe,Mesoamerican,10,Irrigation,15
-3057,unlock,41,Old kinviaquigrad Tribe,Monsoon Coastal,7,Wheel,19
-3055,unlock,65,Caltolxocco Tribe,Mesoamerican,115,Counting Tokens and Tallies,16
-3048,unlock,74,North nahcaltemtan Tribe,Mesoamerican,104,Fishing Technology,16
-3033,unlock,48,Kingdom of New kachichia,Nile Floodplain,7,Wheel,18
-3029,unlock,66,Kingdom of Old mixchitolco,Mesoamerican,10,Irrigation,15
-3028,unlock,66,Kingdom of Old mixchitolco,Mesoamerican,114,Enclosures and Herd Management,16
-3018,unlock,71,North chichitolan Tribe,Mesoamerican,110,Dog Domestication,16
-3016,unlock,72,New nahmix Tribe,Mesoamerican,7,Wheel,19
-3014,unlock,65,Caltolxocco Tribe,Mesoamerican,108,Watercraft,17
-3013,unlock,43,Kingdom of New marnaland,Monsoon Coastal,117,Proto-writing and Administrative Notation,24
-3005,initial,176,Marterstan Tribe,Western Plains,100,Cordage and Knots,8
-3005,initial,176,Marterstan Tribe,Western Plains,101,Hide Working and Tailored Clothing,8
-3005,initial,176,Marterstan Tribe,Western Plains,102,Hafted Stone Tools,8
-3005,initial,176,Marterstan Tribe,Western Plains,105,Food Preservation,8
-3005,initial,176,Marterstan Tribe,Western Plains,106,Storage Pits and Containers,8
-3005,initial,176,Marterstan Tribe,Western Plains,107,Seasonal Aggregation Camps,8
-3005,initial,176,Marterstan Tribe,Western Plains,111,Grinding Stones,8
-3005,initial,176,Marterstan Tribe,Western Plains,3,Archery,8
-3005,initial,177,Taitaiminling Kingdom,East Riverine,100,Cordage and Knots,10
-3005,initial,177,Taitaiminling Kingdom,East Riverine,101,Hide Working and Tailored Clothing,10
-3005,initial,177,Taitaiminling Kingdom,East Riverine,102,Hafted Stone Tools,10
-3005,initial,177,Taitaiminling Kingdom,East Riverine,105,Food Preservation,10
-3005,initial,177,Taitaiminling Kingdom,East Riverine,106,Storage Pits and Containers,10
-3005,initial,177,Taitaiminling Kingdom,East Riverine,107,Seasonal Aggregation Camps,10
-3005,initial,177,Taitaiminling Kingdom,East Riverine,110,Dog Domestication,10
-3005,initial,177,Taitaiminling Kingdom,East Riverine,111,Grinding Stones,10
-3005,initial,177,Taitaiminling Kingdom,East Riverine,116,Charcoal Firing,10
-3005,initial,177,Taitaiminling Kingdom,East Riverine,3,Archery,10
-3000,unlock,48,Kingdom of New kachichia,Nile Floodplain,103,Bone and Antler Tools,19
-2998,unlock,69,Kingdom of Great calnahxoctan,Mesoamerican,104,Fishing Technology,14
-2994,unlock,70,North teoitzmix Tribe,Mesoamerican,10,Irrigation,23
-2986,unlock,72,New nahmix Tribe,Mesoamerican,108,Watercraft,20
-2985,initial,178,Old viradra Kingdom,Indic Riverine,100,Cordage and Knots,11
-2985,initial,178,Old viradra Kingdom,Indic Riverine,101,Hide Working and Tailored Clothing,11
-2985,initial,178,Old viradra Kingdom,Indic Riverine,102,Hafted Stone Tools,11
-2985,initial,178,Old viradra Kingdom,Indic Riverine,105,Food Preservation,11
-2985,initial,178,Old viradra Kingdom,Indic Riverine,106,Storage Pits and Containers,11
-2985,initial,178,Old viradra Kingdom,Indic Riverine,107,Seasonal Aggregation Camps,11
-2985,initial,178,Old viradra Kingdom,Indic Riverine,110,Dog Domestication,11
-2985,initial,178,Old viradra Kingdom,Indic Riverine,111,Grinding Stones,11
-2985,initial,178,Old viradra Kingdom,Indic Riverine,116,Charcoal Firing,11
-2985,initial,178,Old viradra Kingdom,Indic Riverine,4,Mining,11
-2985,initial,178,Old viradra Kingdom,Indic Riverine,3,Archery,11
-2980,unlock,39,New lorromia Tribe,Monsoon Coastal,115,Counting Tokens and Tallies,23
-2978,unlock,66,Kingdom of Old mixchitolco,Mesoamerican,108,Watercraft,17
-2975,unlock,65,Caltolxocco Tribe,Mesoamerican,114,Enclosures and Herd Management,18
-2969,unlock,43,Kingdom of New marnaland,Monsoon Coastal,109,Long-distance Exchange Networks,25
-2967,unlock,69,Kingdom of Great calnahxoctan,Mesoamerican,110,Dog Domestication,15
-2967,unlock,108,South mitmitshapur Tribe,Indic Riverine,7,Wheel,17
-2963,unlock,69,Kingdom of Great calnahxoctan,Mesoamerican,103,Bone and Antler Tools,16
-2955,unlock,41,Old kinviaquigrad Tribe,Monsoon Coastal,109,Long-distance Exchange Networks,20
-2952,unlock,65,Caltolxocco Tribe,Mesoamerican,110,Dog Domestication,19
-2950,initial,179,Old sellenalburg Kingdom,Mediterranean Urban,100,Cordage and Knots,10
-2950,initial,179,Old sellenalburg Kingdom,Mediterranean Urban,101,Hide Working and Tailored Clothing,10
-2950,initial,179,Old sellenalburg Kingdom,Mediterranean Urban,102,Hafted Stone Tools,10
-2950,initial,179,Old sellenalburg Kingdom,Mediterranean Urban,105,Food Preservation,10
-2950,initial,179,Old sellenalburg Kingdom,Mediterranean Urban,106,Storage Pits and Containers,10
-2950,initial,179,Old sellenalburg Kingdom,Mediterranean Urban,107,Seasonal Aggregation Camps,10
-2950,initial,179,Old sellenalburg Kingdom,Mediterranean Urban,110,Dog Domestication,10
-2950,initial,179,Old sellenalburg Kingdom,Mediterranean Urban,111,Grinding Stones,10
-2950,initial,179,Old sellenalburg Kingdom,Mediterranean Urban,116,Charcoal Firing,10
-2950,initial,179,Old sellenalburg Kingdom,Mediterranean Urban,3,Archery,10
-2950,initial,180,Vialorstan Kingdom,Western Plains,100,Cordage and Knots,8
-2950,initial,180,Vialorstan Kingdom,Western Plains,101,Hide Working and Tailored Clothing,8
-2950,initial,180,Vialorstan Kingdom,Western Plains,102,Hafted Stone Tools,8
-2950,initial,180,Vialorstan Kingdom,Western Plains,105,Food Preservation,8
-2950,initial,180,Vialorstan Kingdom,Western Plains,106,Storage Pits and Containers,8
-2950,initial,180,Vialorstan Kingdom,Western Plains,107,Seasonal Aggregation Camps,8
-2950,initial,180,Vialorstan Kingdom,Western Plains,111,Grinding Stones,8
-2950,initial,180,Vialorstan Kingdom,Western Plains,3,Archery,8
-2945,unlock,49,Kingdom of South tantankaara,Nile Floodplain,117,Proto-writing and Administrative Notation,20
-2941,unlock,41,Old kinviaquigrad Tribe,Monsoon Coastal,115,Counting Tokens and Tallies,21
-2941,unlock,123,New shatantanpur Tribe,Indic Riverine,104,Fishing Technology,11
-2934,unlock,41,Old kinviaquigrad Tribe,Monsoon Coastal,12,Shipbuilding,22
-2934,unlock,104,Kingdom of Great ninashninan,Fertile Crescent,103,Bone and Antler Tools,11
-2927,unlock,41,Old kinviaquigrad Tribe,Monsoon Coastal,103,Bone and Antler Tools,23
-2926,unlock,108,South mitmitshapur Tribe,Indic Riverine,104,Fishing Technology,18
-2925,unlock,71,North chichitolan Tribe,Mesoamerican,103,Bone and Antler Tools,17
-2924,unlock,108,South mitmitshapur Tribe,Indic Riverine,10,Irrigation,19
-2919,unlock,108,South mitmitshapur Tribe,Indic Riverine,103,Bone and Antler Tools,20
-2915,initial,181,Great hanrentai Tribe,East Riverine,100,Cordage and Knots,10
-2915,initial,181,Great hanrentai Tribe,East Riverine,101,Hide Working and Tailored Clothing,10
-2915,initial,181,Great hanrentai Tribe,East Riverine,102,Hafted Stone Tools,10
-2915,initial,181,Great hanrentai Tribe,East Riverine,105,Food Preservation,10
-2915,initial,181,Great hanrentai Tribe,East Riverine,106,Storage Pits and Containers,10
-2915,initial,181,Great hanrentai Tribe,East Riverine,107,Seasonal Aggregation Camps,10
-2915,initial,181,Great hanrentai Tribe,East Riverine,110,Dog Domestication,10
-2915,initial,181,Great hanrentai Tribe,East Riverine,111,Grinding Stones,10
-2915,initial,181,Great hanrentai Tribe,East Riverine,116,Charcoal Firing,10
-2915,initial,181,Great hanrentai Tribe,East Riverine,3,Archery,10
-2910,unlock,74,North nahcaltemtan Tribe,Mesoamerican,10,Irrigation,17
-2903,unlock,68,Kingdom of Great itztemtol,Mesoamerican,10,Irrigation,14
-2900,unlock,70,North teoitzmix Tribe,Mesoamerican,17,Roads,24
-2899,unlock,66,Kingdom of Old mixchitolco,Mesoamerican,115,Counting Tokens and Tallies,18
-2889,unlock,2,North ratannagar Tribe,Indic Riverine,10,Irrigation,18
-2885,unlock,40,Old kinterstan Tribe,Monsoon Coastal,115,Counting Tokens and Tallies,23
-2885,initial,182,Old suminti Kingdom,Andean Highland,100,Cordage and Knots,10
-2885,initial,182,Old suminti Kingdom,Andean Highland,101,Hide Working and Tailored Clothing,10
-2885,initial,182,Old suminti Kingdom,Andean Highland,102,Hafted Stone Tools,10
-2885,initial,182,Old suminti Kingdom,Andean Highland,105,Food Preservation,10
-2885,initial,182,Old suminti Kingdom,Andean Highland,106,Storage Pits and Containers,10
-2885,initial,182,Old suminti Kingdom,Andean Highland,107,Seasonal Aggregation Camps,10
-2885,initial,182,Old suminti Kingdom,Andean Highland,111,Grinding Stones,10
-2885,initial,182,Old suminti Kingdom,Andean Highland,116,Charcoal Firing,10
-2885,initial,182,Old suminti Kingdom,Andean Highland,4,Mining,10
-2885,initial,182,Old suminti Kingdom,Andean Highland,3,Archery,10
-2882,unlock,10,Old varmitdesh Tribe,Indic Riverine,104,Fishing Technology,18
-2882,unlock,54,South ngochiofiu Tribe,East Horn,108,Watercraft,15
-2878,unlock,65,Caltolxocco Tribe,Mesoamerican,109,Long-distance Exchange Networks,20
-2876,unlock,65,Caltolxocco Tribe,Mesoamerican,7,Wheel,21
-2876,unlock,66,Kingdom of Old mixchitolco,Mesoamerican,7,Wheel,19
-2875,unlock,39,New lorromia Tribe,Monsoon Coastal,12,Shipbuilding,24
-2870,initial,183,Quinagrad Kingdom,Western Plains,100,Cordage and Knots,8
-2870,initial,183,Quinagrad Kingdom,Western Plains,101,Hide Working and Tailored Clothing,8
-2870,initial,183,Quinagrad Kingdom,Western Plains,102,Hafted Stone Tools,8
-2870,initial,183,Quinagrad Kingdom,Western Plains,105,Food Preservation,8
-2870,initial,183,Quinagrad Kingdom,Western Plains,106,Storage Pits and Containers,8
-2870,initial,183,Quinagrad Kingdom,Western Plains,107,Seasonal Aggregation Camps,8
-2870,initial,183,Quinagrad Kingdom,Western Plains,111,Grinding Stones,8
-2870,initial,183,Quinagrad Kingdom,Western Plains,3,Archery,8
-2868,unlock,65,Caltolxocco Tribe,Mesoamerican,103,Bone and Antler Tools,22
-2864,unlock,70,North teoitzmix Tribe,Mesoamerican,103,Bone and Antler Tools,25
-2860,unlock,74,North nahcaltemtan Tribe,Mesoamerican,110,Dog Domestication,18
-2857,unlock,72,New nahmix Tribe,Mesoamerican,10,Irrigation,21
-2854,unlock,0,Kingdom of Vartanpur,Indic Riverine,103,Bone and Antler Tools,17
-2842,unlock,72,New nahmix Tribe,Mesoamerican,5,Sailing,22
-2832,unlock,108,South mitmitshapur Tribe,Indic Riverine,117,Proto-writing and Administrative Notation,21
-2830,unlock,66,Kingdom of Old mixchitolco,Mesoamerican,5,Sailing,20
-2826,unlock,144,Old romlordusia,Western Plains,4,Mining,9
-2825,unlock,54,South ngochiofiu Tribe,East Horn,115,Counting Tokens and Tallies,16
-2820,unlock,41,Old kinviaquigrad Tribe,Monsoon Coastal,10,Irrigation,24
-2816,unlock,49,Kingdom of South tantankaara,Nile Floodplain,11,Writing,21
-2807,unlock,69,Kingdom of Great calnahxoctan,Mesoamerican,115,Counting Tokens and Tallies,17
-2799,unlock,65,Caltolxocco Tribe,Mesoamerican,5,Sailing,23
-2795,unlock,1,Kingdom of Great vinal,Indic Riverine,7,Wheel,18
-2789,unlock,68,Kingdom of Great itztemtol,Mesoamerican,103,Bone and Antler Tools,15
-2788,unlock,66,Kingdom of Old mixchitolco,Mesoamerican,103,Bone and Antler Tools,21
-2786,unlock,43,Kingdom of New marnaland,Monsoon Coastal,17,Roads,25
-2782,unlock,10,Old varmitdesh Tribe,Indic Riverine,103,Bone and Antler Tools,19
-2780,unlock,40,Old kinterstan Tribe,Monsoon Coastal,117,Proto-writing and Administrative Notation,24
-2777,unlock,74,North nahcaltemtan Tribe,Mesoamerican,114,Enclosures and Herd Management,19
-2776,unlock,71,North chichitolan Tribe,Mesoamerican,115,Counting Tokens and Tallies,18
-2770,unlock,2,North ratannagar Tribe,Indic Riverine,104,Fishing Technology,19
-2759,unlock,54,South ngochiofiu Tribe,East Horn,10,Irrigation,17
-2750,unlock,40,Old kinterstan Tribe,Monsoon Coastal,12,Shipbuilding,25
-2750,initial,184,New solnaquiia Tribe,Eastern Woodland,100,Cordage and Knots,8
-2750,initial,184,New solnaquiia Tribe,Eastern Woodland,101,Hide Working and Tailored Clothing,8
-2750,initial,184,New solnaquiia Tribe,Eastern Woodland,102,Hafted Stone Tools,8
-2750,initial,184,New solnaquiia Tribe,Eastern Woodland,105,Food Preservation,8
-2750,initial,184,New solnaquiia Tribe,Eastern Woodland,106,Storage Pits and Containers,8
-2750,initial,184,New solnaquiia Tribe,Eastern Woodland,107,Seasonal Aggregation Camps,8
-2750,initial,184,New solnaquiia Tribe,Eastern Woodland,111,Grinding Stones,8
-2750,initial,184,New solnaquiia Tribe,Eastern Woodland,3,Archery,8
-2744,unlock,44,New mardusia Tribe,Monsoon Coastal,17,Roads,24
-2742,unlock,72,New nahmix Tribe,Mesoamerican,109,Long-distance Exchange Networks,23
-2735,initial,185,Great kanratannagar Kingdom,Indic Riverine,100,Cordage and Knots,11
-2735,initial,185,Great kanratannagar Kingdom,Indic Riverine,101,Hide Working and Tailored Clothing,11
-2735,initial,185,Great kanratannagar Kingdom,Indic Riverine,102,Hafted Stone Tools,11
-2735,initial,185,Great kanratannagar Kingdom,Indic Riverine,105,Food Preservation,11
-2735,initial,185,Great kanratannagar Kingdom,Indic Riverine,106,Storage Pits and Containers,11
-2735,initial,185,Great kanratannagar Kingdom,Indic Riverine,107,Seasonal Aggregation Camps,11
-2735,initial,185,Great kanratannagar Kingdom,Indic Riverine,110,Dog Domestication,11
-2735,initial,185,Great kanratannagar Kingdom,Indic Riverine,111,Grinding Stones,11
-2735,initial,185,Great kanratannagar Kingdom,Indic Riverine,116,Charcoal Firing,11
-2735,initial,185,Great kanratannagar Kingdom,Indic Riverine,4,Mining,11
-2735,initial,185,Great kanratannagar Kingdom,Indic Riverine,3,Archery,11
-2732,unlock,12,South vardrapur Tribe,Indic Riverine,10,Irrigation,17
-2725,unlock,68,Kingdom of New toltemtan,Mesoamerican,110,Dog Domestication,16
-2723,unlock,51,Barofi Tribe,West Sahel,110,Dog Domestication,10
-2720,unlock,54,South ngochiofiu Tribe,East Horn,103,Bone and Antler Tools,18
-2719,unlock,40,Kingdom of South romnamarstan,Monsoon Coastal,17,Roads,26
-2718,unlock,12,South vardrapur Tribe,Indic Riverine,7,Wheel,18
-2716,unlock,2,North ratannagar Tribe,Indic Riverine,17,Roads,20
-2715,unlock,65,Caltolxocco Tribe,Mesoamerican,12,Shipbuilding,24
-2713,unlock,66,Kingdom of Old mixchitolco,Mesoamerican,110,Dog Domestication,22
-2710,unlock,85,Great garbelmaria Tribe,Eastern Woodland,103,Bone and Antler Tools,10
-2710,initial,186,New tandradesh Tribe,Indic Riverine,100,Cordage and Knots,18
-2710,initial,186,New tandradesh Tribe,Indic Riverine,101,Hide Working and Tailored Clothing,18
-2710,initial,186,New tandradesh Tribe,Indic Riverine,102,Hafted Stone Tools,18
-2710,initial,186,New tandradesh Tribe,Indic Riverine,105,Food Preservation,18
-2710,initial,186,New tandradesh Tribe,Indic Riverine,106,Storage Pits and Containers,18
-2710,initial,186,New tandradesh Tribe,Indic Riverine,107,Seasonal Aggregation Camps,18
-2710,initial,186,New tandradesh Tribe,Indic Riverine,110,Dog Domestication,18
-2710,initial,186,New tandradesh Tribe,Indic Riverine,111,Grinding Stones,18
-2710,initial,186,New tandradesh Tribe,Indic Riverine,112,Proto-cultivation,18
-2710,initial,186,New tandradesh Tribe,Indic Riverine,113,Sedentism,18
-2710,initial,186,New tandradesh Tribe,Indic Riverine,114,Enclosures and Herd Management,18
-2710,initial,186,New tandradesh Tribe,Indic Riverine,115,Counting Tokens and Tallies,18
-2710,initial,186,New tandradesh Tribe,Indic Riverine,116,Charcoal Firing,18
-2710,initial,186,New tandradesh Tribe,Indic Riverine,20,Agriculture,18
-2710,initial,186,New tandradesh Tribe,Indic Riverine,3,Archery,18
-2710,initial,186,New tandradesh Tribe,Indic Riverine,6,Calendar,18
-2710,initial,186,New tandradesh Tribe,Indic Riverine,7,Wheel,18
-2710,initial,186,New tandradesh Tribe,Indic Riverine,10,Irrigation,18
-2703,unlock,31,Kingdom of Samar,Fertile Crescent,103,Bone and Antler Tools,13
-2696,unlock,97,Kingdom of South zenmarzenia,Caribbean Seafaring,110,Dog Domestication,13
-2695,unlock,68,Kingdom of New toltemtan,Mesoamerican,104,Fishing Technology,17
-2687,unlock,155,New kaofilam Tribe,West Sahel,115,Counting Tokens and Tallies,14
-2685,unlock,52,Old barmamaene Tribe,West Sahel,103,Bone and Antler Tools,14
-2682,unlock,71,North chichitolan Tribe,Mesoamerican,108,Watercraft,19
-2680,unlock,66,Kingdom of Old mixchitolco,Mesoamerican,17,Roads,23
-2678,unlock,22,Kingdom of South minrenminzhou,East Riverine,103,Bone and Antler Tools,11
-2678,unlock,41,Kingdom of South romlinia,Monsoon Coastal,17,Roads,25
-2670,initial,187,North kaltambar Kingdom,Fertile Crescent,100,Cordage and Knots,11
-2670,initial,187,North kaltambar Kingdom,Fertile Crescent,101,Hide Working and Tailored Clothing,11
-2670,initial,187,North kaltambar Kingdom,Fertile Crescent,102,Hafted Stone Tools,11
-2670,initial,187,North kaltambar Kingdom,Fertile Crescent,105,Food Preservation,11
-2670,initial,187,North kaltambar Kingdom,Fertile Crescent,106,Storage Pits and Containers,11
-2670,initial,187,North kaltambar Kingdom,Fertile Crescent,107,Seasonal Aggregation Camps,11
-2670,initial,187,North kaltambar Kingdom,Fertile Crescent,110,Dog Domestication,11
-2670,initial,187,North kaltambar Kingdom,Fertile Crescent,111,Grinding Stones,11
-2670,initial,187,North kaltambar Kingdom,Fertile Crescent,116,Charcoal Firing,11
-2670,initial,187,North kaltambar Kingdom,Fertile Crescent,4,Mining,11
-2670,initial,187,North kaltambar Kingdom,Fertile Crescent,3,Archery,11
-2661,unlock,69,Kingdom of Great calnahxoctan,Mesoamerican,114,Enclosures and Herd Management,18
-2655,unlock,49,Kingdom of South tantankaara,Nile Floodplain,7,Wheel,22
-2651,unlock,28,Kingdom of Old samarum,Fertile Crescent,120,Copper Smelting,13
-2650,unlock,67,Great itzteoyucpan Tribe,Mesoamerican,103,Bone and Antler Tools,15
-2648,unlock,54,South ngochiofiu Tribe,East Horn,110,Dog Domestication,19
-2645,initial,188,Dusgargrad Kingdom,Western Plains,100,Cordage and Knots,8
-2645,initial,188,Dusgargrad Kingdom,Western Plains,101,Hide Working and Tailored Clothing,8
-2645,initial,188,Dusgargrad Kingdom,Western Plains,102,Hafted Stone Tools,8
-2645,initial,188,Dusgargrad Kingdom,Western Plains,105,Food Preservation,8
-2645,initial,188,Dusgargrad Kingdom,Western Plains,106,Storage Pits and Containers,8
-2645,initial,188,Dusgargrad Kingdom,Western Plains,107,Seasonal Aggregation Camps,8
-2645,initial,188,Dusgargrad Kingdom,Western Plains,111,Grinding Stones,8
-2645,initial,188,Dusgargrad Kingdom,Western Plains,3,Archery,8
-2640,unlock,1,Kingdom of Great vinal,Indic Riverine,117,Proto-writing and Administrative Notation,19
-2640,initial,189,New linrenhanshan Kingdom,East Riverine,100,Cordage and Knots,10
-2640,initial,189,New linrenhanshan Kingdom,East Riverine,101,Hide Working and Tailored Clothing,10
-2640,initial,189,New linrenhanshan Kingdom,East Riverine,102,Hafted Stone Tools,10
-2640,initial,189,New linrenhanshan Kingdom,East Riverine,105,Food Preservation,10
-2640,initial,189,New linrenhanshan Kingdom,East Riverine,106,Storage Pits and Containers,10
-2640,initial,189,New linrenhanshan Kingdom,East Riverine,107,Seasonal Aggregation Camps,10
-2640,initial,189,New linrenhanshan Kingdom,East Riverine,110,Dog Domestication,10
-2640,initial,189,New linrenhanshan Kingdom,East Riverine,111,Grinding Stones,10
-2640,initial,189,New linrenhanshan Kingdom,East Riverine,116,Charcoal Firing,10
-2640,initial,189,New linrenhanshan Kingdom,East Riverine,3,Archery,10
-2635,unlock,10,Old varmitdesh Tribe,Indic Riverine,10,Irrigation,20
-2631,unlock,67,Great itzteoyucpan Tribe,Mesoamerican,114,Enclosures and Herd Management,16
-2630,unlock,48,Kingdom of New kachichia,Nile Floodplain,17,Roads,20
-2629,unlock,4,Great kankan Tribe,Indic Riverine,103,Bone and Antler Tools,17
-2628,unlock,68,Kingdom of New toltemtan,Mesoamerican,115,Counting Tokens and Tallies,18
-2620,unlock,74,North nahcaltemtan Tribe,Mesoamerican,7,Wheel,20
-2610,unlock,52,Old barmamaene Tribe,West Sahel,115,Counting Tokens and Tallies,15
-2608,unlock,52,Old barmamaene Tribe,West Sahel,104,Fishing Technology,16
-2605,initial,190,Great barururar Tribe,Fertile Crescent,100,Cordage and Knots,10
-2605,initial,190,Great barururar Tribe,Fertile Crescent,101,Hide Working and Tailored Clothing,10
-2605,initial,190,Great barururar Tribe,Fertile Crescent,102,Hafted Stone Tools,10
-2605,initial,190,Great barururar Tribe,Fertile Crescent,105,Food Preservation,10
-2605,initial,190,Great barururar Tribe,Fertile Crescent,106,Storage Pits and Containers,10
-2605,initial,190,Great barururar Tribe,Fertile Crescent,107,Seasonal Aggregation Camps,10
-2605,initial,190,Great barururar Tribe,Fertile Crescent,110,Dog Domestication,10
-2605,initial,190,Great barururar Tribe,Fertile Crescent,111,Grinding Stones,10
-2605,initial,190,Great barururar Tribe,Fertile Crescent,116,Charcoal Firing,10
-2605,initial,190,Great barururar Tribe,Fertile Crescent,3,Archery,10
-2605,initial,191,New kalsamninad Kingdom,Fertile Crescent,100,Cordage and Knots,12
-2605,initial,191,New kalsamninad Kingdom,Fertile Crescent,101,Hide Working and Tailored Clothing,12
-2605,initial,191,New kalsamninad Kingdom,Fertile Crescent,102,Hafted Stone Tools,12
-2605,initial,191,New kalsamninad Kingdom,Fertile Crescent,105,Food Preservation,12
-2605,initial,191,New kalsamninad Kingdom,Fertile Crescent,106,Storage Pits and Containers,12
-2605,initial,191,New kalsamninad Kingdom,Fertile Crescent,107,Seasonal Aggregation Camps,12
-2605,initial,191,New kalsamninad Kingdom,Fertile Crescent,110,Dog Domestication,12
-2605,initial,191,New kalsamninad Kingdom,Fertile Crescent,111,Grinding Stones,12
-2605,initial,191,New kalsamninad Kingdom,Fertile Crescent,116,Charcoal Firing,12
-2605,initial,191,New kalsamninad Kingdom,Fertile Crescent,119,Native Copper Working,12
-2605,initial,191,New kalsamninad Kingdom,Fertile Crescent,4,Mining,12
-2605,initial,191,New kalsamninad Kingdom,Fertile Crescent,3,Archery,12
-2595,unlock,72,New nahmix Tribe,Mesoamerican,17,Roads,24
-2593,unlock,48,Kingdom of New kachichia,Nile Floodplain,117,Proto-writing and Administrative Notation,21
-2590,unlock,155,New kaofilam Tribe,West Sahel,10,Irrigation,15
-2588,unlock,54,South ngochiofiu Tribe,East Horn,5,Sailing,20
-2580,unlock,2,North ratannagar Tribe,Indic Riverine,103,Bone and Antler Tools,21
-2575,unlock,10,Old varmitdesh Tribe,Indic Riverine,117,Proto-writing and Administrative Notation,21
-2565,unlock,72,New nahmix Tribe,Mesoamerican,12,Shipbuilding,25
-2557,unlock,4,Great kankan Tribe,Indic Riverine,104,Fishing Technology,18
-2557,unlock,121,Kingdom of Great asheshninum,Fertile Crescent,103,Bone and Antler Tools,13
-2533,unlock,54,South ngochiofiu Tribe,East Horn,114,Enclosures and Herd Management,21
-2530,unlock,10,Old varmitdesh Tribe,Indic Riverine,108,Watercraft,22
-2526,unlock,26,New hanminzhou Tribe,East Riverine,103,Bone and Antler Tools,11
-2524,unlock,49,Empire of North ofisebara,Nile Floodplain,17,Roads,23
-2522,unlock,71,North chichitolan Tribe,Mesoamerican,5,Sailing,20
-2517,unlock,4,Great kankan Tribe,Indic Riverine,7,Wheel,19
-2516,unlock,69,Kingdom of Great calnahxoctan,Mesoamerican,10,Irrigation,19
-2508,unlock,48,Kingdom of New kachichia,Nile Floodplain,104,Fishing Technology,22
-2508,unlock,54,South ngochiofiu Tribe,East Horn,117,Proto-writing and Administrative Notation,22
-2506,unlock,16,Kingdom of North taizhominling,East Riverine,17,Roads,21
-2500,unlock,68,Kingdom of New toltemtan,Mesoamerican,114,Enclosures and Herd Management,19
-2498,unlock,123,New shatantanpur Tribe,Indic Riverine,103,Bone and Antler Tools,12
-2493,unlock,55,North lamzuofi,Central Forest,103,Bone and Antler Tools,10
-2490,unlock,61,Great alallenburg Tribe,Central Plain,103,Bone and Antler Tools,12
-2490,initial,192,Great sharasur Kingdom,Indic Riverine,100,Cordage and Knots,10
-2490,initial,192,Great sharasur Kingdom,Indic Riverine,101,Hide Working and Tailored Clothing,10
-2490,initial,192,Great sharasur Kingdom,Indic Riverine,102,Hafted Stone Tools,10
-2490,initial,192,Great sharasur Kingdom,Indic Riverine,105,Food Preservation,10
-2490,initial,192,Great sharasur Kingdom,Indic Riverine,106,Storage Pits and Containers,10
-2490,initial,192,Great sharasur Kingdom,Indic Riverine,107,Seasonal Aggregation Camps,10
-2490,initial,192,Great sharasur Kingdom,Indic Riverine,110,Dog Domestication,10
-2490,initial,192,Great sharasur Kingdom,Indic Riverine,111,Grinding Stones,10
-2490,initial,192,Great sharasur Kingdom,Indic Riverine,116,Charcoal Firing,10
-2490,initial,192,Great sharasur Kingdom,Indic Riverine,3,Archery,10
-2483,unlock,48,Kingdom of New kachichia,Nile Floodplain,118,Numeracy and Measurement,23
-2483,unlock,52,Old barmamaene Tribe,West Sahel,110,Dog Domestication,17
-2480,unlock,17,Empire of Taixiaqinshan,East Riverine,103,Bone and Antler Tools,11
-2469,unlock,97,Kingdom of South zenmarzenia,Caribbean Seafaring,111,Grinding Stones,14
-2468,unlock,0,Kingdom of Vartanpur,Indic Riverine,104,Fishing Technology,18
-2467,unlock,2,North ratannagar Tribe,Indic Riverine,117,Proto-writing and Administrative Notation,22
-2463,unlock,44,New mardusia Tribe,Monsoon Coastal,103,Bone and Antler Tools,25
-2462,unlock,48,Kingdom of New kachichia,Nile Floodplain,15,Currency,24
-2460,initial,193,Machia Kingdom,West Sahel,100,Cordage and Knots,12
-2460,initial,193,Machia Kingdom,West Sahel,101,Hide Working and Tailored Clothing,12
-2460,initial,193,Machia Kingdom,West Sahel,102,Hafted Stone Tools,12
-2460,initial,193,Machia Kingdom,West Sahel,105,Food Preservation,12
-2460,initial,193,Machia Kingdom,West Sahel,106,Storage Pits and Containers,12
-2460,initial,193,Machia Kingdom,West Sahel,107,Seasonal Aggregation Camps,12
-2460,initial,193,Machia Kingdom,West Sahel,111,Grinding Stones,12
-2460,initial,193,Machia Kingdom,West Sahel,112,Proto-cultivation,12
-2460,initial,193,Machia Kingdom,West Sahel,113,Sedentism,12
-2460,initial,193,Machia Kingdom,West Sahel,116,Charcoal Firing,12
-2460,initial,193,Machia Kingdom,West Sahel,3,Archery,12
-2460,initial,193,Machia Kingdom,West Sahel,6,Calendar,12
-2455,initial,194,New shavidraa Kingdom,Indic Riverine,100,Cordage and Knots,10
-2455,initial,194,New shavidraa Kingdom,Indic Riverine,101,Hide Working and Tailored Clothing,10
-2455,initial,194,New shavidraa Kingdom,Indic Riverine,102,Hafted Stone Tools,10
-2455,initial,194,New shavidraa Kingdom,Indic Riverine,105,Food Preservation,10
-2455,initial,194,New shavidraa Kingdom,Indic Riverine,106,Storage Pits and Containers,10
-2455,initial,194,New shavidraa Kingdom,Indic Riverine,107,Seasonal Aggregation Camps,10
-2455,initial,194,New shavidraa Kingdom,Indic Riverine,110,Dog Domestication,10
-2455,initial,194,New shavidraa Kingdom,Indic Riverine,111,Grinding Stones,10
-2455,initial,194,New shavidraa Kingdom,Indic Riverine,116,Charcoal Firing,10
-2455,initial,194,New shavidraa Kingdom,Indic Riverine,3,Archery,10
-2450,initial,195,Old tarnor Tribe,Atlantic Fringe,100,Cordage and Knots,10
-2450,initial,195,Old tarnor Tribe,Atlantic Fringe,101,Hide Working and Tailored Clothing,10
-2450,initial,195,Old tarnor Tribe,Atlantic Fringe,102,Hafted Stone Tools,10
-2450,initial,195,Old tarnor Tribe,Atlantic Fringe,105,Food Preservation,10
-2450,initial,195,Old tarnor Tribe,Atlantic Fringe,106,Storage Pits and Containers,10
-2450,initial,195,Old tarnor Tribe,Atlantic Fringe,107,Seasonal Aggregation Camps,10
-2450,initial,195,Old tarnor Tribe,Atlantic Fringe,111,Grinding Stones,10
-2450,initial,195,Old tarnor Tribe,Atlantic Fringe,116,Charcoal Firing,10
-2450,initial,195,Old tarnor Tribe,Atlantic Fringe,4,Mining,10
-2450,initial,195,Old tarnor Tribe,Atlantic Fringe,3,Archery,10
-2445,unlock,67,Great itzteoyucpan Tribe,Mesoamerican,10,Irrigation,17
-2440,unlock,67,Great itzteoyucpan Tribe,Mesoamerican,7,Wheel,18
-2436,unlock,0,Kingdom of Vartanpur,Indic Riverine,7,Wheel,19
-2430,unlock,155,New kaofilam Tribe,West Sahel,110,Dog Domestication,16
-2429,unlock,74,North nahcaltemtan Tribe,Mesoamerican,17,Roads,21
-2426,unlock,49,Empire of North ofisebara,Nile Floodplain,19,Alphabet,24
-2408,unlock,68,Kingdom of New toltemtan,Mesoamerican,108,Watercraft,20
-2407,unlock,58,Kingdom of New ventarlenum,Mediterranean Urban,103,Bone and Antler Tools,11
-2402,unlock,65,Caltolxocco Tribe,Mesoamerican,17,Roads,25
-2401,unlock,39,New lorromia Tribe,Monsoon Coastal,17,Roads,25
-2400,unlock,94,North lorquizengrad Tribe,Western Plains,103,Bone and Antler Tools,10
-2390,unlock,155,New kaofilam Tribe,West Sahel,114,Enclosures and Herd Management,17
-2387,unlock,1,Kingdom of Great vinal,Indic Riverine,10,Irrigation,20
-2387,unlock,52,Old barmamaene Tribe,West Sahel,10,Irrigation,18
-2385,initial,196,North tamsam Kingdom,Fertile Crescent,100,Cordage and Knots,10
-2385,initial,196,North tamsam Kingdom,Fertile Crescent,101,Hide Working and Tailored Clothing,10
-2385,initial,196,North tamsam Kingdom,Fertile Crescent,102,Hafted Stone Tools,10
-2385,initial,196,North tamsam Kingdom,Fertile Crescent,105,Food Preservation,10
-2385,initial,196,North tamsam Kingdom,Fertile Crescent,106,Storage Pits and Containers,10
-2385,initial,196,North tamsam Kingdom,Fertile Crescent,107,Seasonal Aggregation Camps,10
-2385,initial,196,North tamsam Kingdom,Fertile Crescent,110,Dog Domestication,10
-2385,initial,196,North tamsam Kingdom,Fertile Crescent,111,Grinding Stones,10
-2385,initial,196,North tamsam Kingdom,Fertile Crescent,116,Charcoal Firing,10
-2385,initial,196,North tamsam Kingdom,Fertile Crescent,3,Archery,10
-2383,unlock,10,Old varmitdesh Tribe,Indic Riverine,17,Roads,23
-2374,unlock,10,Old varmitdesh Tribe,Indic Riverine,5,Sailing,24
-2360,unlock,0,Kingdom of Vartanpur,Indic Riverine,117,Proto-writing and Administrative Notation,20
-2353,unlock,97,Kingdom of South zenmarzenia,Caribbean Seafaring,115,Counting Tokens and Tallies,15
-2351,unlock,2,North ratannagar Tribe,Indic Riverine,11,Writing,23
-2341,unlock,68,Kingdom of New toltemtan,Mesoamerican,7,Wheel,21
-2335,initial,197,Shavinala Kingdom,Indic Riverine,100,Cordage and Knots,11
-2335,initial,197,Shavinala Kingdom,Indic Riverine,101,Hide Working and Tailored Clothing,11
-2335,initial,197,Shavinala Kingdom,Indic Riverine,102,Hafted Stone Tools,11
-2335,initial,197,Shavinala Kingdom,Indic Riverine,105,Food Preservation,11
-2335,initial,197,Shavinala Kingdom,Indic Riverine,106,Storage Pits and Containers,11
-2335,initial,197,Shavinala Kingdom,Indic Riverine,107,Seasonal Aggregation Camps,11
-2335,initial,197,Shavinala Kingdom,Indic Riverine,110,Dog Domestication,11
-2335,initial,197,Shavinala Kingdom,Indic Riverine,111,Grinding Stones,11
-2335,initial,197,Shavinala Kingdom,Indic Riverine,116,Charcoal Firing,11
-2335,initial,197,Shavinala Kingdom,Indic Riverine,4,Mining,11
-2335,initial,197,Shavinala Kingdom,Indic Riverine,3,Archery,11
-2335,initial,198,South kalbelad Kingdom,Fertile Crescent,100,Cordage and Knots,10
-2335,initial,198,South kalbelad Kingdom,Fertile Crescent,101,Hide Working and Tailored Clothing,10
-2335,initial,198,South kalbelad Kingdom,Fertile Crescent,102,Hafted Stone Tools,10
-2335,initial,198,South kalbelad Kingdom,Fertile Crescent,105,Food Preservation,10
-2335,initial,198,South kalbelad Kingdom,Fertile Crescent,106,Storage Pits and Containers,10
-2335,initial,198,South kalbelad Kingdom,Fertile Crescent,107,Seasonal Aggregation Camps,10
-2335,initial,198,South kalbelad Kingdom,Fertile Crescent,110,Dog Domestication,10
-2335,initial,198,South kalbelad Kingdom,Fertile Crescent,111,Grinding Stones,10
-2335,initial,198,South kalbelad Kingdom,Fertile Crescent,116,Charcoal Firing,10
-2335,initial,198,South kalbelad Kingdom,Fertile Crescent,3,Archery,10
-2334,unlock,109,Old viasolzengrad Tribe,Eastern Woodland,110,Dog Domestication,10
-2332,unlock,66,Kingdom of Old mixchitolco,Mesoamerican,12,Shipbuilding,24
-2330,initial,199,Great varvarmitnagar Kingdom,Indic Riverine,100,Cordage and Knots,10
-2330,initial,199,Great varvarmitnagar Kingdom,Indic Riverine,101,Hide Working and Tailored Clothing,10
-2330,initial,199,Great varvarmitnagar Kingdom,Indic Riverine,102,Hafted Stone Tools,10
-2330,initial,199,Great varvarmitnagar Kingdom,Indic Riverine,105,Food Preservation,10
-2330,initial,199,Great varvarmitnagar Kingdom,Indic Riverine,106,Storage Pits and Containers,10
-2330,initial,199,Great varvarmitnagar Kingdom,Indic Riverine,107,Seasonal Aggregation Camps,10
-2330,initial,199,Great varvarmitnagar Kingdom,Indic Riverine,110,Dog Domestication,10
-2330,initial,199,Great varvarmitnagar Kingdom,Indic Riverine,111,Grinding Stones,10
-2330,initial,199,Great varvarmitnagar Kingdom,Indic Riverine,116,Charcoal Firing,10
-2330,initial,199,Great varvarmitnagar Kingdom,Indic Riverine,3,Archery,10
-2326,unlock,49,Empire of North ofisebara,Nile Floodplain,21,Drama and Poetry,25
-2319,unlock,49,Empire of North ofisebara,Nile Floodplain,118,Numeracy and Measurement,26
-2301,unlock,71,North chichitolan Tribe,Mesoamerican,12,Shipbuilding,21
-2300,unlock,52,Old barmamaene Tribe,West Sahel,108,Watercraft,19
-2295,initial,200,Ofibarara Tribe,East Horn,100,Cordage and Knots,22
-2295,initial,200,Ofibarara Tribe,East Horn,101,Hide Working and Tailored Clothing,22
-2295,initial,200,Ofibarara Tribe,East Horn,102,Hafted Stone Tools,22
-2295,initial,200,Ofibarara Tribe,East Horn,103,Bone and Antler Tools,22
-2295,initial,200,Ofibarara Tribe,East Horn,104,Fishing Technology,22
-2295,initial,200,Ofibarara Tribe,East Horn,105,Food Preservation,22
-2295,initial,200,Ofibarara Tribe,East Horn,106,Storage Pits and Containers,22
-2295,initial,200,Ofibarara Tribe,East Horn,107,Seasonal Aggregation Camps,22
-2295,initial,200,Ofibarara Tribe,East Horn,108,Watercraft,22
-2295,initial,200,Ofibarara Tribe,East Horn,110,Dog Domestication,22
-2295,initial,200,Ofibarara Tribe,East Horn,111,Grinding Stones,22
-2295,initial,200,Ofibarara Tribe,East Horn,112,Proto-cultivation,22
-2295,initial,200,Ofibarara Tribe,East Horn,113,Sedentism,22
-2295,initial,200,Ofibarara Tribe,East Horn,114,Enclosures and Herd Management,22
-2295,initial,200,Ofibarara Tribe,East Horn,115,Counting Tokens and Tallies,22
-2295,initial,200,Ofibarara Tribe,East Horn,116,Charcoal Firing,22
-2295,initial,200,Ofibarara Tribe,East Horn,117,Proto-writing and Administrative Notation,22
-2295,initial,200,Ofibarara Tribe,East Horn,20,Agriculture,22
-2295,initial,200,Ofibarara Tribe,East Horn,3,Archery,22
-2295,initial,200,Ofibarara Tribe,East Horn,5,Sailing,22
-2295,initial,200,Ofibarara Tribe,East Horn,6,Calendar,22
-2295,initial,200,Ofibarara Tribe,East Horn,10,Irrigation,22
-2294,unlock,4,Great kankan Tribe,Indic Riverine,10,Irrigation,20
-2291,unlock,49,Empire of North ofisebara,Nile Floodplain,15,Currency,27
-2290,initial,201,New lamofiene Tribe,Nile Floodplain,100,Cordage and Knots,24
-2290,initial,201,New lamofiene Tribe,Nile Floodplain,101,Hide Working and Tailored Clothing,24
-2290,initial,201,New lamofiene Tribe,Nile Floodplain,102,Hafted Stone Tools,24
-2290,initial,201,New lamofiene Tribe,Nile Floodplain,103,Bone and Antler Tools,24
-2290,initial,201,New lamofiene Tribe,Nile Floodplain,104,Fishing Technology,24
-2290,initial,201,New lamofiene Tribe,Nile Floodplain,105,Food Preservation,24
-2290,initial,201,New lamofiene Tribe,Nile Floodplain,106,Storage Pits and Containers,24
-2290,initial,201,New lamofiene Tribe,Nile Floodplain,107,Seasonal Aggregation Camps,24
-2290,initial,201,New lamofiene Tribe,Nile Floodplain,110,Dog Domestication,24
-2290,initial,201,New lamofiene Tribe,Nile Floodplain,111,Grinding Stones,24
-2290,initial,201,New lamofiene Tribe,Nile Floodplain,112,Proto-cultivation,24
-2290,initial,201,New lamofiene Tribe,Nile Floodplain,113,Sedentism,24
-2290,initial,201,New lamofiene Tribe,Nile Floodplain,114,Enclosures and Herd Management,24
-2290,initial,201,New lamofiene Tribe,Nile Floodplain,115,Counting Tokens and Tallies,24
-2290,initial,201,New lamofiene Tribe,Nile Floodplain,116,Charcoal Firing,24
-2290,initial,201,New lamofiene Tribe,Nile Floodplain,117,Proto-writing and Administrative Notation,24
-2290,initial,201,New lamofiene Tribe,Nile Floodplain,118,Numeracy and Measurement,24
-2290,initial,201,New lamofiene Tribe,Nile Floodplain,20,Agriculture,24
-2290,initial,201,New lamofiene Tribe,Nile Floodplain,3,Archery,24
-2290,initial,201,New lamofiene Tribe,Nile Floodplain,6,Calendar,24
-2290,initial,201,New lamofiene Tribe,Nile Floodplain,7,Wheel,24
-2290,initial,201,New lamofiene Tribe,Nile Floodplain,10,Irrigation,24
-2290,initial,201,New lamofiene Tribe,Nile Floodplain,15,Currency,24
-2290,initial,201,New lamofiene Tribe,Nile Floodplain,17,Roads,24
-2285,unlock,155,New kaofilam Tribe,West Sahel,104,Fishing Technology,18
-2275,initial,202,Quiromia Kingdom,Western Plains,100,Cordage and Knots,8
-2275,initial,202,Quiromia Kingdom,Western Plains,101,Hide Working and Tailored Clothing,8
-2275,initial,202,Quiromia Kingdom,Western Plains,102,Hafted Stone Tools,8
-2275,initial,202,Quiromia Kingdom,Western Plains,105,Food Preservation,8
-2275,initial,202,Quiromia Kingdom,Western Plains,106,Storage Pits and Containers,8
-2275,initial,202,Quiromia Kingdom,Western Plains,107,Seasonal Aggregation Camps,8
-2275,initial,202,Quiromia Kingdom,Western Plains,111,Grinding Stones,8
-2275,initial,202,Quiromia Kingdom,Western Plains,3,Archery,8
-2273,unlock,67,Great itzteoyucpan Tribe,Mesoamerican,110,Dog Domestication,19
-2270,initial,203,Old surtanmita Kingdom,Indic Riverine,100,Cordage and Knots,10
-2270,initial,203,Old surtanmita Kingdom,Indic Riverine,101,Hide Working and Tailored Clothing,10
-2270,initial,203,Old surtanmita Kingdom,Indic Riverine,102,Hafted Stone Tools,10
-2270,initial,203,Old surtanmita Kingdom,Indic Riverine,105,Food Preservation,10
-2270,initial,203,Old surtanmita Kingdom,Indic Riverine,106,Storage Pits and Containers,10
-2270,initial,203,Old surtanmita Kingdom,Indic Riverine,107,Seasonal Aggregation Camps,10
-2270,initial,203,Old surtanmita Kingdom,Indic Riverine,110,Dog Domestication,10
-2270,initial,203,Old surtanmita Kingdom,Indic Riverine,111,Grinding Stones,10
-2270,initial,203,Old surtanmita Kingdom,Indic Riverine,116,Charcoal Firing,10
-2270,initial,203,Old surtanmita Kingdom,Indic Riverine,3,Archery,10
-2262,unlock,16,Kingdom of North taizhominling,East Riverine,23,Engineering,22
-2261,unlock,69,Kingdom of Great calnahxoctan,Mesoamerican,7,Wheel,20
-2259,unlock,4,Great kankan Tribe,Indic Riverine,17,Roads,21
-2253,unlock,2,North ratannagar Tribe,Indic Riverine,108,Watercraft,24
-2253,unlock,54,South ngochiofiu Tribe,East Horn,7,Wheel,23
-2250,unlock,66,Kingdom of Old mixchitolco,Mesoamerican,109,Long-distance Exchange Networks,25
-2247,unlock,49,Empire of North ofisebara,Nile Floodplain,14,Formal Mathematics,28
-2235,unlock,109,Old viasolzengrad Tribe,Eastern Woodland,8,Masonry,11
-2228,unlock,71,Kingdom of South xocxocteopan,Mesoamerican,109,Long-distance Exchange Networks,22
-2226,unlock,0,Kingdom of Vartanpur,Indic Riverine,17,Roads,21
-2225,initial,204,North chikatanu Kingdom,Central Forest,100,Cordage and Knots,10
-2225,initial,204,North chikatanu Kingdom,Central Forest,101,Hide Working and Tailored Clothing,10
-2225,initial,204,North chikatanu Kingdom,Central Forest,102,Hafted Stone Tools,10
-2225,initial,204,North chikatanu Kingdom,Central Forest,103,Bone and Antler Tools,10
-2225,initial,204,North chikatanu Kingdom,Central Forest,105,Food Preservation,10
-2225,initial,204,North chikatanu Kingdom,Central Forest,106,Storage Pits and Containers,10
-2225,initial,204,North chikatanu Kingdom,Central Forest,107,Seasonal Aggregation Camps,10
-2225,initial,204,North chikatanu Kingdom,Central Forest,111,Grinding Stones,10
-2225,initial,204,North chikatanu Kingdom,Central Forest,116,Charcoal Firing,10
-2225,initial,204,North chikatanu Kingdom,Central Forest,3,Archery,10
-2215,unlock,67,Great itzteoyucpan Tribe,Mesoamerican,108,Watercraft,20
-2212,unlock,54,South ngochiofiu Tribe,East Horn,109,Long-distance Exchange Networks,24
-2210,initial,205,South aldortarburg Kingdom,Mediterranean Highland,100,Cordage and Knots,10
-2210,initial,205,South aldortarburg Kingdom,Mediterranean Highland,101,Hide Working and Tailored Clothing,10
-2210,initial,205,South aldortarburg Kingdom,Mediterranean Highland,102,Hafted Stone Tools,10
-2210,initial,205,South aldortarburg Kingdom,Mediterranean Highland,105,Food Preservation,10
-2210,initial,205,South aldortarburg Kingdom,Mediterranean Highland,106,Storage Pits and Containers,10
-2210,initial,205,South aldortarburg Kingdom,Mediterranean Highland,107,Seasonal Aggregation Camps,10
-2210,initial,205,South aldortarburg Kingdom,Mediterranean Highland,110,Dog Domestication,10
-2210,initial,205,South aldortarburg Kingdom,Mediterranean Highland,111,Grinding Stones,10
-2210,initial,205,South aldortarburg Kingdom,Mediterranean Highland,116,Charcoal Firing,10
-2210,initial,205,South aldortarburg Kingdom,Mediterranean Highland,3,Archery,10
-2206,unlock,117,New kartar Tribe,Central Plain,103,Bone and Antler Tools,12
-2192,unlock,2,North ratannagar Tribe,Indic Riverine,19,Alphabet,25
-2190,unlock,109,Old viasolzengrad Tribe,Eastern Woodland,116,Charcoal Firing,12
-2173,unlock,15,Qinhan Tribe,East Riverine,103,Bone and Antler Tools,11
-2173,unlock,158,North barbarngoene Kingdom,West Sahel,20,Agriculture,13
-2170,unlock,30,North esheshsamad Tribe,Fertile Crescent,8,Masonry,14
-2170,initial,206,New qinminhanshan Kingdom,East Riverine,100,Cordage and Knots,10
-2170,initial,206,New qinminhanshan Kingdom,East Riverine,101,Hide Working and Tailored Clothing,10
-2170,initial,206,New qinminhanshan Kingdom,East Riverine,102,Hafted Stone Tools,10
-2170,initial,206,New qinminhanshan Kingdom,East Riverine,105,Food Preservation,10
-2170,initial,206,New qinminhanshan Kingdom,East Riverine,106,Storage Pits and Containers,10
-2170,initial,206,New qinminhanshan Kingdom,East Riverine,107,Seasonal Aggregation Camps,10
-2170,initial,206,New qinminhanshan Kingdom,East Riverine,110,Dog Domestication,10
-2170,initial,206,New qinminhanshan Kingdom,East Riverine,111,Grinding Stones,10
-2170,initial,206,New qinminhanshan Kingdom,East Riverine,116,Charcoal Firing,10
-2170,initial,206,New qinminhanshan Kingdom,East Riverine,3,Archery,10
-2167,unlock,67,Great itzteoyucpan Tribe,Mesoamerican,17,Roads,21
-2164,unlock,134,North weilinling Tribe,East Riverine,103,Bone and Antler Tools,11
-2156,unlock,7,Kingdom of North naltan,Indic Riverine,103,Bone and Antler Tools,11
-2155,initial,207,New suyutupyu Kingdom,Andean Highland,100,Cordage and Knots,9
-2155,initial,207,New suyutupyu Kingdom,Andean Highland,101,Hide Working and Tailored Clothing,9
-2155,initial,207,New suyutupyu Kingdom,Andean Highland,102,Hafted Stone Tools,9
-2155,initial,207,New suyutupyu Kingdom,Andean Highland,105,Food Preservation,9
-2155,initial,207,New suyutupyu Kingdom,Andean Highland,106,Storage Pits and Containers,9
-2155,initial,207,New suyutupyu Kingdom,Andean Highland,107,Seasonal Aggregation Camps,9
-2155,initial,207,New suyutupyu Kingdom,Andean Highland,111,Grinding Stones,9
-2155,initial,207,New suyutupyu Kingdom,Andean Highland,116,Charcoal Firing,9
-2155,initial,207,New suyutupyu Kingdom,Andean Highland,3,Archery,9
-2147,unlock,87,Old termarlingrad Tribe,Eastern Woodland,103,Bone and Antler Tools,9
-2137,unlock,52,Old barmamaene Tribe,West Sahel,5,Sailing,20
-2132,unlock,54,South ngochiofiu Tribe,East Horn,12,Shipbuilding,25
-2130,unlock,97,Kingdom of Kinviaran,Caribbean Seafaring,109,Long-distance Exchange Networks,16
-2130,initial,208,North surdrapur Tribe,Indic Riverine,100,Cordage and Knots,10
-2130,initial,208,North surdrapur Tribe,Indic Riverine,101,Hide Working and Tailored Clothing,10
-2130,initial,208,North surdrapur Tribe,Indic Riverine,102,Hafted Stone Tools,10
-2130,initial,208,North surdrapur Tribe,Indic Riverine,105,Food Preservation,10
-2130,initial,208,North surdrapur Tribe,Indic Riverine,106,Storage Pits and Containers,10
-2130,initial,208,North surdrapur Tribe,Indic Riverine,107,Seasonal Aggregation Camps,10
-2130,initial,208,North surdrapur Tribe,Indic Riverine,110,Dog Domestication,10
-2130,initial,208,North surdrapur Tribe,Indic Riverine,111,Grinding Stones,10
-2130,initial,208,North surdrapur Tribe,Indic Riverine,116,Charcoal Firing,10
-2130,initial,208,North surdrapur Tribe,Indic Riverine,3,Archery,10
-2125,unlock,2,North ratannagar Tribe,Indic Riverine,5,Sailing,26
-2125,unlock,68,Kingdom of North calcaltan,Mesoamerican,109,Long-distance Exchange Networks,22
-2125,initial,209,New belquigrad Tribe,Eastern Woodland,100,Cordage and Knots,9
-2125,initial,209,New belquigrad Tribe,Eastern Woodland,101,Hide Working and Tailored Clothing,9
-2125,initial,209,New belquigrad Tribe,Eastern Woodland,102,Hafted Stone Tools,9
-2125,initial,209,New belquigrad Tribe,Eastern Woodland,105,Food Preservation,9
-2125,initial,209,New belquigrad Tribe,Eastern Woodland,106,Storage Pits and Containers,9
-2125,initial,209,New belquigrad Tribe,Eastern Woodland,107,Seasonal Aggregation Camps,9
-2125,initial,209,New belquigrad Tribe,Eastern Woodland,111,Grinding Stones,9
-2125,initial,209,New belquigrad Tribe,Eastern Woodland,4,Mining,9
-2125,initial,209,New belquigrad Tribe,Eastern Woodland,3,Archery,9
-2118,unlock,108,South mitmitshapur Tribe,Indic Riverine,17,Roads,22
-2110,initial,210,North minhanzhou Kingdom,East Riverine,100,Cordage and Knots,15
-2110,initial,210,North minhanzhou Kingdom,East Riverine,101,Hide Working and Tailored Clothing,15
-2110,initial,210,North minhanzhou Kingdom,East Riverine,102,Hafted Stone Tools,15
-2110,initial,210,North minhanzhou Kingdom,East Riverine,105,Food Preservation,15
-2110,initial,210,North minhanzhou Kingdom,East Riverine,106,Storage Pits and Containers,15
-2110,initial,210,North minhanzhou Kingdom,East Riverine,107,Seasonal Aggregation Camps,15
-2110,initial,210,North minhanzhou Kingdom,East Riverine,110,Dog Domestication,15
-2110,initial,210,North minhanzhou Kingdom,East Riverine,111,Grinding Stones,15
-2110,initial,210,North minhanzhou Kingdom,East Riverine,112,Proto-cultivation,15
-2110,initial,210,North minhanzhou Kingdom,East Riverine,113,Sedentism,15
-2110,initial,210,North minhanzhou Kingdom,East Riverine,114,Enclosures and Herd Management,15
-2110,initial,210,North minhanzhou Kingdom,East Riverine,115,Counting Tokens and Tallies,15
-2110,initial,210,North minhanzhou Kingdom,East Riverine,116,Charcoal Firing,15
-2110,initial,210,North minhanzhou Kingdom,East Riverine,3,Archery,15
-2110,initial,210,North minhanzhou Kingdom,East Riverine,6,Calendar,15
-2085,unlock,98,Kingdom of Old rahivatane,Oceanic Navigators,103,Bone and Antler Tools,8
-2084,unlock,4,Kingdom of South mitmita,Indic Riverine,108,Watercraft,22
-2064,unlock,94,North lorquizengrad Tribe,Western Plains,110,Dog Domestication,11
-2060,unlock,68,Kingdom of North calcaltan,Mesoamerican,5,Sailing,23
-2060,unlock,155,New kaofilam Tribe,West Sahel,117,Proto-writing and Administrative Notation,19
-2058,unlock,69,Kingdom of Old calteoitzco,Mesoamerican,108,Watercraft,21
-2055,initial,211,North vikansurdesh Kingdom,Indic Riverine,100,Cordage and Knots,10
-2055,initial,211,North vikansurdesh Kingdom,Indic Riverine,101,Hide Working and Tailored Clothing,10
-2055,initial,211,North vikansurdesh Kingdom,Indic Riverine,102,Hafted Stone Tools,10
-2055,initial,211,North vikansurdesh Kingdom,Indic Riverine,105,Food Preservation,10
-2055,initial,211,North vikansurdesh Kingdom,Indic Riverine,106,Storage Pits and Containers,10
-2055,initial,211,North vikansurdesh Kingdom,Indic Riverine,107,Seasonal Aggregation Camps,10
-2055,initial,211,North vikansurdesh Kingdom,Indic Riverine,110,Dog Domestication,10
-2055,initial,211,North vikansurdesh Kingdom,Indic Riverine,111,Grinding Stones,10
-2055,initial,211,North vikansurdesh Kingdom,Indic Riverine,116,Charcoal Firing,10
-2055,initial,211,North vikansurdesh Kingdom,Indic Riverine,3,Archery,10
-2048,unlock,69,Kingdom of Old calteoitzco,Mesoamerican,17,Roads,22
-2043,unlock,186,New tandradesh Tribe,Indic Riverine,104,Fishing Technology,19
-2035,initial,212,Old tankakaara Kingdom,East Horn,100,Cordage and Knots,25
-2035,initial,212,Old tankakaara Kingdom,East Horn,101,Hide Working and Tailored Clothing,25
-2035,initial,212,Old tankakaara Kingdom,East Horn,102,Hafted Stone Tools,25
-2035,initial,212,Old tankakaara Kingdom,East Horn,103,Bone and Antler Tools,25
-2035,initial,212,Old tankakaara Kingdom,East Horn,104,Fishing Technology,25
-2035,initial,212,Old tankakaara Kingdom,East Horn,105,Food Preservation,25
-2035,initial,212,Old tankakaara Kingdom,East Horn,106,Storage Pits and Containers,25
-2035,initial,212,Old tankakaara Kingdom,East Horn,107,Seasonal Aggregation Camps,25
-2035,initial,212,Old tankakaara Kingdom,East Horn,108,Watercraft,25
-2035,initial,212,Old tankakaara Kingdom,East Horn,109,Long-distance Exchange Networks,25
-2035,initial,212,Old tankakaara Kingdom,East Horn,110,Dog Domestication,25
-2035,initial,212,Old tankakaara Kingdom,East Horn,111,Grinding Stones,25
-2035,initial,212,Old tankakaara Kingdom,East Horn,112,Proto-cultivation,25
-2035,initial,212,Old tankakaara Kingdom,East Horn,113,Sedentism,25
-2035,initial,212,Old tankakaara Kingdom,East Horn,114,Enclosures and Herd Management,25
-2035,initial,212,Old tankakaara Kingdom,East Horn,115,Counting Tokens and Tallies,25
-2035,initial,212,Old tankakaara Kingdom,East Horn,116,Charcoal Firing,25
-2035,initial,212,Old tankakaara Kingdom,East Horn,117,Proto-writing and Administrative Notation,25
-2035,initial,212,Old tankakaara Kingdom,East Horn,20,Agriculture,25
-2035,initial,212,Old tankakaara Kingdom,East Horn,3,Archery,25
-2035,initial,212,Old tankakaara Kingdom,East Horn,5,Sailing,25
-2035,initial,212,Old tankakaara Kingdom,East Horn,6,Calendar,25
-2035,initial,212,Old tankakaara Kingdom,East Horn,7,Wheel,25
-2035,initial,212,Old tankakaara Kingdom,East Horn,10,Irrigation,25
-2035,initial,212,Old tankakaara Kingdom,East Horn,12,Shipbuilding,25
-2032,unlock,2,North ratannagar Tribe,Indic Riverine,109,Long-distance Exchange Networks,27
-2027,unlock,52,Old barmamaene Tribe,West Sahel,109,Long-distance Exchange Networks,21
-2026,unlock,67,Great itzteoyucpan Tribe,Mesoamerican,5,Sailing,22
-2025,initial,213,North ashbeleshar Kingdom,Fertile Crescent,100,Cordage and Knots,10
-2025,initial,213,North ashbeleshar Kingdom,Fertile Crescent,101,Hide Working and Tailored Clothing,10
-2025,initial,213,North ashbeleshar Kingdom,Fertile Crescent,102,Hafted Stone Tools,10
-2025,initial,213,North ashbeleshar Kingdom,Fertile Crescent,105,Food Preservation,10
-2025,initial,213,North ashbeleshar Kingdom,Fertile Crescent,106,Storage Pits and Containers,10
-2025,initial,213,North ashbeleshar Kingdom,Fertile Crescent,107,Seasonal Aggregation Camps,10
-2025,initial,213,North ashbeleshar Kingdom,Fertile Crescent,110,Dog Domestication,10
-2025,initial,213,North ashbeleshar Kingdom,Fertile Crescent,111,Grinding Stones,10
-2025,initial,213,North ashbeleshar Kingdom,Fertile Crescent,116,Charcoal Firing,10
-2025,initial,213,North ashbeleshar Kingdom,Fertile Crescent,3,Archery,10
-2022,unlock,31,Kingdom of Samar,Fertile Crescent,120,Copper Smelting,14
-2005,initial,214,Great zutanene Kingdom,Central Forest,100,Cordage and Knots,10
-2005,initial,214,Great zutanene Kingdom,Central Forest,101,Hide Working and Tailored Clothing,10
-2005,initial,214,Great zutanene Kingdom,Central Forest,102,Hafted Stone Tools,10
-2005,initial,214,Great zutanene Kingdom,Central Forest,103,Bone and Antler Tools,10
-2005,initial,214,Great zutanene Kingdom,Central Forest,105,Food Preservation,10
-2005,initial,214,Great zutanene Kingdom,Central Forest,106,Storage Pits and Containers,10
-2005,initial,214,Great zutanene Kingdom,Central Forest,107,Seasonal Aggregation Camps,10
-2005,initial,214,Great zutanene Kingdom,Central Forest,111,Grinding Stones,10
-2005,initial,214,Great zutanene Kingdom,Central Forest,116,Charcoal Firing,10
-2005,initial,214,Great zutanene Kingdom,Central Forest,3,Archery,10
-2005,initial,215,South tanofibarene Kingdom,Central Forest,100,Cordage and Knots,10
-2005,initial,215,South tanofibarene Kingdom,Central Forest,101,Hide Working and Tailored Clothing,10
-2005,initial,215,South tanofibarene Kingdom,Central Forest,102,Hafted Stone Tools,10
-2005,initial,215,South tanofibarene Kingdom,Central Forest,103,Bone and Antler Tools,10
-2005,initial,215,South tanofibarene Kingdom,Central Forest,105,Food Preservation,10
-2005,initial,215,South tanofibarene Kingdom,Central Forest,106,Storage Pits and Containers,10
-2005,initial,215,South tanofibarene Kingdom,Central Forest,107,Seasonal Aggregation Camps,10
-2005,initial,215,South tanofibarene Kingdom,Central Forest,111,Grinding Stones,10
-2005,initial,215,South tanofibarene Kingdom,Central Forest,116,Charcoal Firing,10
-2005,initial,215,South tanofibarene Kingdom,Central Forest,3,Archery,10
-1994,unlock,63,Great lenvennorburg Tribe,Atlantic Fringe,103,Bone and Antler Tools,11
-1990,unlock,2,North ratannagar Tribe,Indic Riverine,22,Philosophy,28
-1989,unlock,2,North ratannagar Tribe,Indic Riverine,118,Numeracy and Measurement,29
-1986,unlock,116,Old kandratandesh Tribe,Indic Riverine,103,Bone and Antler Tools,11
-1975,unlock,85,Kingdom of Great kinquiviagrad,Eastern Woodland,116,Charcoal Firing,11
-1974,unlock,4,Kingdom of South mitmita,Indic Riverine,117,Proto-writing and Administrative Notation,23
-1967,unlock,74,North nahcaltemtan Tribe,Mesoamerican,108,Watercraft,22
-1955,unlock,149,Kingdom of North aldor,Central Plain,103,Bone and Antler Tools,12
-1943,unlock,2,North ratannagar Tribe,Indic Riverine,15,Currency,30
-1938,unlock,2,North ratannagar Tribe,Indic Riverine,12,Shipbuilding,31
-1937,unlock,67,Great itzteoyucpan Tribe,Mesoamerican,109,Long-distance Exchange Networks,23
-1932,unlock,1,Kingdom of Great vinal,Indic Riverine,104,Fishing Technology,21
-1922,unlock,52,Old barmamaene Tribe,West Sahel,12,Shipbuilding,22
-1920,initial,216,Old intikuskusyu Kingdom,Andean Highland,100,Cordage and Knots,9
-1920,initial,216,Old intikuskusyu Kingdom,Andean Highland,101,Hide Working and Tailored Clothing,9
-1920,initial,216,Old intikuskusyu Kingdom,Andean Highland,102,Hafted Stone Tools,9
-1920,initial,216,Old intikuskusyu Kingdom,Andean Highland,105,Food Preservation,9
-1920,initial,216,Old intikuskusyu Kingdom,Andean Highland,106,Storage Pits and Containers,9
-1920,initial,216,Old intikuskusyu Kingdom,Andean Highland,107,Seasonal Aggregation Camps,9
-1920,initial,216,Old intikuskusyu Kingdom,Andean Highland,111,Grinding Stones,9
-1920,initial,216,Old intikuskusyu Kingdom,Andean Highland,116,Charcoal Firing,9
-1920,initial,216,Old intikuskusyu Kingdom,Andean Highland,3,Archery,9
-1906,unlock,28,Kingdom of Old samarum,Fertile Crescent,8,Masonry,14
-1906,unlock,158,North barbarngoene Kingdom,West Sahel,104,Fishing Technology,14
-1904,unlock,69,Kingdom of Old calteoitzco,Mesoamerican,5,Sailing,23
-1900,initial,217,South terlorranstan Kingdom,Western Plains,100,Cordage and Knots,8
-1900,initial,217,South terlorranstan Kingdom,Western Plains,101,Hide Working and Tailored Clothing,8
-1900,initial,217,South terlorranstan Kingdom,Western Plains,102,Hafted Stone Tools,8
-1900,initial,217,South terlorranstan Kingdom,Western Plains,105,Food Preservation,8
-1900,initial,217,South terlorranstan Kingdom,Western Plains,106,Storage Pits and Containers,8
-1900,initial,217,South terlorranstan Kingdom,Western Plains,107,Seasonal Aggregation Camps,8
-1900,initial,217,South terlorranstan Kingdom,Western Plains,111,Grinding Stones,8
-1900,initial,217,South terlorranstan Kingdom,Western Plains,3,Archery,8
-1898,unlock,158,North barbarngoene Kingdom,West Sahel,110,Dog Domestication,15
-1895,unlock,179,Old sellenalburg Kingdom,Mediterranean Urban,4,Mining,11
-1894,unlock,158,North barbarngoene Kingdom,West Sahel,10,Irrigation,16
-1885,unlock,82,Kingdom of Great viaterkinia,Eastern Woodland,103,Bone and Antler Tools,9
-1878,unlock,67,Great itzteoyucpan Tribe,Mesoamerican,115,Counting Tokens and Tallies,24
-1876,unlock,84,Kingdom of Ranromnagrad,Eastern Woodland,103,Bone and Antler Tools,10
-1870,initial,218,New minzhoshan Kingdom,East Riverine,100,Cordage and Knots,10
-1870,initial,218,New minzhoshan Kingdom,East Riverine,101,Hide Working and Tailored Clothing,10
-1870,initial,218,New minzhoshan Kingdom,East Riverine,102,Hafted Stone Tools,10
-1870,initial,218,New minzhoshan Kingdom,East Riverine,105,Food Preservation,10
-1870,initial,218,New minzhoshan Kingdom,East Riverine,106,Storage Pits and Containers,10
-1870,initial,218,New minzhoshan Kingdom,East Riverine,107,Seasonal Aggregation Camps,10
-1870,initial,218,New minzhoshan Kingdom,East Riverine,110,Dog Domestication,10
-1870,initial,218,New minzhoshan Kingdom,East Riverine,111,Grinding Stones,10
-1870,initial,218,New minzhoshan Kingdom,East Riverine,116,Charcoal Firing,10
-1870,initial,218,New minzhoshan Kingdom,East Riverine,3,Archery,10
-1867,unlock,61,Kingdom of New karnoria,Central Plain,119,Native Copper Working,13
-1865,initial,219,Great belselburg Kingdom,Mediterranean Highland,100,Cordage and Knots,10
-1865,initial,219,Great belselburg Kingdom,Mediterranean Highland,101,Hide Working and Tailored Clothing,10
-1865,initial,219,Great belselburg Kingdom,Mediterranean Highland,102,Hafted Stone Tools,10
-1865,initial,219,Great belselburg Kingdom,Mediterranean Highland,105,Food Preservation,10
-1865,initial,219,Great belselburg Kingdom,Mediterranean Highland,106,Storage Pits and Containers,10
-1865,initial,219,Great belselburg Kingdom,Mediterranean Highland,107,Seasonal Aggregation Camps,10
-1865,initial,219,Great belselburg Kingdom,Mediterranean Highland,110,Dog Domestication,10
-1865,initial,219,Great belselburg Kingdom,Mediterranean Highland,111,Grinding Stones,10
-1865,initial,219,Great belselburg Kingdom,Mediterranean Highland,116,Charcoal Firing,10
-1865,initial,219,Great belselburg Kingdom,Mediterranean Highland,3,Archery,10
-1864,unlock,2,North ratannagar Tribe,Indic Riverine,30,Education,32
-1863,unlock,53,Kingdom of Old tanngou,East Horn,103,Bone and Antler Tools,14
-1859,unlock,10,Old varmitdesh Tribe,Indic Riverine,109,Long-distance Exchange Networks,25
-1855,unlock,2,North ratannagar Tribe,Indic Riverine,14,Formal Mathematics,33
-1851,unlock,68,Kingdom of North calcaltan,Mesoamerican,12,Shipbuilding,24
-1849,unlock,67,Great itzteoyucpan Tribe,Mesoamerican,12,Shipbuilding,25
-1848,unlock,10,Old varmitdesh Tribe,Indic Riverine,12,Shipbuilding,26
-1842,unlock,98,Kingdom of Old rahivatane,Oceanic Navigators,110,Dog Domestication,9
-1839,unlock,74,North nahcaltemtan Tribe,Mesoamerican,5,Sailing,23
-1835,initial,220,North mitmitvi Kingdom,Indic Riverine,100,Cordage and Knots,10
-1835,initial,220,North mitmitvi Kingdom,Indic Riverine,101,Hide Working and Tailored Clothing,10
-1835,initial,220,North mitmitvi Kingdom,Indic Riverine,102,Hafted Stone Tools,10
-1835,initial,220,North mitmitvi Kingdom,Indic Riverine,105,Food Preservation,10
-1835,initial,220,North mitmitvi Kingdom,Indic Riverine,106,Storage Pits and Containers,10
-1835,initial,220,North mitmitvi Kingdom,Indic Riverine,107,Seasonal Aggregation Camps,10
-1835,initial,220,North mitmitvi Kingdom,Indic Riverine,110,Dog Domestication,10
-1835,initial,220,North mitmitvi Kingdom,Indic Riverine,111,Grinding Stones,10
-1835,initial,220,North mitmitvi Kingdom,Indic Riverine,116,Charcoal Firing,10
-1835,initial,220,North mitmitvi Kingdom,Indic Riverine,3,Archery,10
-1835,initial,221,New dramitsurpur Kingdom,Indic Riverine,100,Cordage and Knots,10
-1835,initial,221,New dramitsurpur Kingdom,Indic Riverine,101,Hide Working and Tailored Clothing,10
-1835,initial,221,New dramitsurpur Kingdom,Indic Riverine,102,Hafted Stone Tools,10
-1835,initial,221,New dramitsurpur Kingdom,Indic Riverine,105,Food Preservation,10
-1835,initial,221,New dramitsurpur Kingdom,Indic Riverine,106,Storage Pits and Containers,10
-1835,initial,221,New dramitsurpur Kingdom,Indic Riverine,107,Seasonal Aggregation Camps,10
-1835,initial,221,New dramitsurpur Kingdom,Indic Riverine,110,Dog Domestication,10
-1835,initial,221,New dramitsurpur Kingdom,Indic Riverine,111,Grinding Stones,10
-1835,initial,221,New dramitsurpur Kingdom,Indic Riverine,116,Charcoal Firing,10
-1835,initial,221,New dramitsurpur Kingdom,Indic Riverine,3,Archery,10
-1815,unlock,186,New tandradesh Tribe,Indic Riverine,17,Roads,20
-1815,initial,222,South chisezuene Kingdom,West Sahel,100,Cordage and Knots,10
-1815,initial,222,South chisezuene Kingdom,West Sahel,101,Hide Working and Tailored Clothing,10
-1815,initial,222,South chisezuene Kingdom,West Sahel,102,Hafted Stone Tools,10
-1815,initial,222,South chisezuene Kingdom,West Sahel,105,Food Preservation,10
-1815,initial,222,South chisezuene Kingdom,West Sahel,106,Storage Pits and Containers,10
-1815,initial,222,South chisezuene Kingdom,West Sahel,107,Seasonal Aggregation Camps,10
-1815,initial,222,South chisezuene Kingdom,West Sahel,110,Dog Domestication,10
-1815,initial,222,South chisezuene Kingdom,West Sahel,111,Grinding Stones,10
-1815,initial,222,South chisezuene Kingdom,West Sahel,116,Charcoal Firing,10
-1815,initial,222,South chisezuene Kingdom,West Sahel,3,Archery,10
-1810,unlock,69,Kingdom of Old calteoitzco,Mesoamerican,109,Long-distance Exchange Networks,24
-1810,unlock,155,New kaofilam Tribe,West Sahel,7,Wheel,19
-1808,unlock,108,South mitmitshapur Tribe,Indic Riverine,23,Engineering,23
-1792,unlock,16,Kingdom of North taizhominling,East Riverine,29,Machinery,22
-1785,initial,223,Barmaene Kingdom,Central Forest,100,Cordage and Knots,10
-1785,initial,223,Barmaene Kingdom,Central Forest,101,Hide Working and Tailored Clothing,10
-1785,initial,223,Barmaene Kingdom,Central Forest,102,Hafted Stone Tools,10
-1785,initial,223,Barmaene Kingdom,Central Forest,103,Bone and Antler Tools,10
-1785,initial,223,Barmaene Kingdom,Central Forest,105,Food Preservation,10
-1785,initial,223,Barmaene Kingdom,Central Forest,106,Storage Pits and Containers,10
-1785,initial,223,Barmaene Kingdom,Central Forest,107,Seasonal Aggregation Camps,10
-1785,initial,223,Barmaene Kingdom,Central Forest,111,Grinding Stones,10
-1785,initial,223,Barmaene Kingdom,Central Forest,116,Charcoal Firing,10
-1785,initial,223,Barmaene Kingdom,Central Forest,3,Archery,10
-1785,initial,224,Zuchiene Kingdom,Central Forest,100,Cordage and Knots,10
-1785,initial,224,Zuchiene Kingdom,Central Forest,101,Hide Working and Tailored Clothing,10
-1785,initial,224,Zuchiene Kingdom,Central Forest,102,Hafted Stone Tools,10
-1785,initial,224,Zuchiene Kingdom,Central Forest,103,Bone and Antler Tools,10
-1785,initial,224,Zuchiene Kingdom,Central Forest,105,Food Preservation,10
-1785,initial,224,Zuchiene Kingdom,Central Forest,106,Storage Pits and Containers,10
-1785,initial,224,Zuchiene Kingdom,Central Forest,107,Seasonal Aggregation Camps,10
-1785,initial,224,Zuchiene Kingdom,Central Forest,111,Grinding Stones,10
-1785,initial,224,Zuchiene Kingdom,Central Forest,116,Charcoal Firing,10
-1785,initial,224,Zuchiene Kingdom,Central Forest,3,Archery,10
-1777,unlock,0,Kingdom of Vartanpur,Indic Riverine,10,Irrigation,22
-1775,unlock,186,New tandradesh Tribe,Indic Riverine,108,Watercraft,21
-1768,unlock,117,Kingdom of New norbelia,Central Plain,119,Native Copper Working,13
-1766,unlock,0,Kingdom of Vartanpur,Indic Riverine,108,Watercraft,23
-1764,unlock,16,Kingdom of North taizhominling,East Riverine,104,Fishing Technology,23
-1760,initial,225,Great zukaene Tribe,East Horn,100,Cordage and Knots,14
-1760,initial,225,Great zukaene Tribe,East Horn,101,Hide Working and Tailored Clothing,14
-1760,initial,225,Great zukaene Tribe,East Horn,102,Hafted Stone Tools,14
-1760,initial,225,Great zukaene Tribe,East Horn,103,Bone and Antler Tools,14
-1760,initial,225,Great zukaene Tribe,East Horn,105,Food Preservation,14
-1760,initial,225,Great zukaene Tribe,East Horn,106,Storage Pits and Containers,14
-1760,initial,225,Great zukaene Tribe,East Horn,107,Seasonal Aggregation Camps,14
-1760,initial,225,Great zukaene Tribe,East Horn,111,Grinding Stones,14
-1760,initial,225,Great zukaene Tribe,East Horn,112,Proto-cultivation,14
-1760,initial,225,Great zukaene Tribe,East Horn,113,Sedentism,14
-1760,initial,225,Great zukaene Tribe,East Horn,116,Charcoal Firing,14
-1760,initial,225,Great zukaene Tribe,East Horn,20,Agriculture,14
-1760,initial,225,Great zukaene Tribe,East Horn,3,Archery,14
-1760,initial,225,Great zukaene Tribe,East Horn,6,Calendar,14
-1745,initial,226,North tanenuitanea Kingdom,Oceanic Navigators,100,Cordage and Knots,7
-1745,initial,226,North tanenuitanea Kingdom,Oceanic Navigators,101,Hide Working and Tailored Clothing,7
-1745,initial,226,North tanenuitanea Kingdom,Oceanic Navigators,102,Hafted Stone Tools,7
-1745,initial,226,North tanenuitanea Kingdom,Oceanic Navigators,105,Food Preservation,7
-1745,initial,226,North tanenuitanea Kingdom,Oceanic Navigators,106,Storage Pits and Containers,7
-1745,initial,226,North tanenuitanea Kingdom,Oceanic Navigators,107,Seasonal Aggregation Camps,7
-1745,initial,226,North tanenuitanea Kingdom,Oceanic Navigators,3,Archery,7
-1737,unlock,128,South alnornorland Kingdom,Central Plain,8,Masonry,12
-1735,initial,227,Great minliguo Tribe,East Riverine,100,Cordage and Knots,10
-1735,initial,227,Great minliguo Tribe,East Riverine,101,Hide Working and Tailored Clothing,10
-1735,initial,227,Great minliguo Tribe,East Riverine,102,Hafted Stone Tools,10
-1735,initial,227,Great minliguo Tribe,East Riverine,105,Food Preservation,10
-1735,initial,227,Great minliguo Tribe,East Riverine,106,Storage Pits and Containers,10
-1735,initial,227,Great minliguo Tribe,East Riverine,107,Seasonal Aggregation Camps,10
-1735,initial,227,Great minliguo Tribe,East Riverine,110,Dog Domestication,10
-1735,initial,227,Great minliguo Tribe,East Riverine,111,Grinding Stones,10
-1735,initial,227,Great minliguo Tribe,East Riverine,116,Charcoal Firing,10
-1735,initial,227,Great minliguo Tribe,East Riverine,3,Archery,10
-1730,unlock,10,Old varmitdesh Tribe,Indic Riverine,23,Engineering,27
-1721,unlock,149,Kingdom of North aldor,Central Plain,8,Masonry,13
-1716,unlock,69,Kingdom of Old calteoitzco,Mesoamerican,12,Shipbuilding,25
-1715,unlock,31,Kingdom of Samar,Fertile Crescent,9,Bronze Alloying,15
-1710,unlock,1,Kingdom of Great vinal,Indic Riverine,108,Watercraft,22
-1702,unlock,1,Kingdom of Great vinal,Indic Riverine,17,Roads,23
-1697,unlock,106,Kingdom of South varsurvi,Indic Riverine,103,Bone and Antler Tools,11
-1693,unlock,4,Kingdom of South mitmita,Indic Riverine,23,Engineering,24
-1691,unlock,2,North ratannagar Tribe,Indic Riverine,21,Drama and Poetry,34
-1680,initial,228,North pachsummarca Kingdom,Andean Highland,100,Cordage and Knots,9
-1680,initial,228,North pachsummarca Kingdom,Andean Highland,101,Hide Working and Tailored Clothing,9
-1680,initial,228,North pachsummarca Kingdom,Andean Highland,102,Hafted Stone Tools,9
-1680,initial,228,North pachsummarca Kingdom,Andean Highland,105,Food Preservation,9
-1680,initial,228,North pachsummarca Kingdom,Andean Highland,106,Storage Pits and Containers,9
-1680,initial,228,North pachsummarca Kingdom,Andean Highland,107,Seasonal Aggregation Camps,9
-1680,initial,228,North pachsummarca Kingdom,Andean Highland,111,Grinding Stones,9
-1680,initial,228,North pachsummarca Kingdom,Andean Highland,116,Charcoal Firing,9
-1680,initial,228,North pachsummarca Kingdom,Andean Highland,3,Archery,9
-1678,unlock,67,Great itzteoyucpan Tribe,Mesoamerican,117,Proto-writing and Administrative Notation,26
-1677,unlock,169,Old nadusquiland Kingdom,Western Plains,4,Mining,9
-1671,unlock,62,South romromia Tribe,Atlantic Fringe,110,Dog Domestication,11
-1668,unlock,53,Kingdom of Old tanngou,East Horn,115,Counting Tokens and Tallies,15
-1665,unlock,74,North nahcaltemtan Tribe,Mesoamerican,12,Shipbuilding,24
-1656,unlock,28,Kingdom of Old samarum,Fertile Crescent,9,Bronze Alloying,15
-1655,unlock,0,Kingdom of Vartanpur,Indic Riverine,5,Sailing,24
-1651,unlock,88,New terbelia Tribe,Eastern Woodland,110,Dog Domestication,9
-1650,initial,229,North kaseara Kingdom,East Horn,100,Cordage and Knots,19
-1650,initial,229,North kaseara Kingdom,East Horn,101,Hide Working and Tailored Clothing,19
-1650,initial,229,North kaseara Kingdom,East Horn,102,Hafted Stone Tools,19
-1650,initial,229,North kaseara Kingdom,East Horn,103,Bone and Antler Tools,19
-1650,initial,229,North kaseara Kingdom,East Horn,104,Fishing Technology,19
-1650,initial,229,North kaseara Kingdom,East Horn,105,Food Preservation,19
-1650,initial,229,North kaseara Kingdom,East Horn,106,Storage Pits and Containers,19
-1650,initial,229,North kaseara Kingdom,East Horn,107,Seasonal Aggregation Camps,19
-1650,initial,229,North kaseara Kingdom,East Horn,110,Dog Domestication,19
-1650,initial,229,North kaseara Kingdom,East Horn,111,Grinding Stones,19
-1650,initial,229,North kaseara Kingdom,East Horn,112,Proto-cultivation,19
-1650,initial,229,North kaseara Kingdom,East Horn,113,Sedentism,19
-1650,initial,229,North kaseara Kingdom,East Horn,114,Enclosures and Herd Management,19
-1650,initial,229,North kaseara Kingdom,East Horn,115,Counting Tokens and Tallies,19
-1650,initial,229,North kaseara Kingdom,East Horn,116,Charcoal Firing,19
-1650,initial,229,North kaseara Kingdom,East Horn,117,Proto-writing and Administrative Notation,19
-1650,initial,229,North kaseara Kingdom,East Horn,3,Archery,19
-1650,initial,229,North kaseara Kingdom,East Horn,6,Calendar,19
-1650,initial,229,North kaseara Kingdom,East Horn,7,Wheel,19
-1642,unlock,186,New tandradesh Tribe,Indic Riverine,5,Sailing,22
-1635,initial,230,North ngobarlamu Kingdom,West Sahel,100,Cordage and Knots,9
-1635,initial,230,North ngobarlamu Kingdom,West Sahel,101,Hide Working and Tailored Clothing,9
-1635,initial,230,North ngobarlamu Kingdom,West Sahel,102,Hafted Stone Tools,9
-1635,initial,230,North ngobarlamu Kingdom,West Sahel,105,Food Preservation,9
-1635,initial,230,North ngobarlamu Kingdom,West Sahel,106,Storage Pits and Containers,9
-1635,initial,230,North ngobarlamu Kingdom,West Sahel,107,Seasonal Aggregation Camps,9
-1635,initial,230,North ngobarlamu Kingdom,West Sahel,111,Grinding Stones,9
-1635,initial,230,North ngobarlamu Kingdom,West Sahel,116,Charcoal Firing,9
-1635,initial,230,North ngobarlamu Kingdom,West Sahel,3,Archery,9
-1625,unlock,92,South zengartergrad,Western Plains,110,Dog Domestication,9
-1624,unlock,158,North barbarngoene Kingdom,West Sahel,103,Bone and Antler Tools,17
-1615,initial,231,South dravipur Kingdom,Indic Riverine,100,Cordage and Knots,10
-1615,initial,231,South dravipur Kingdom,Indic Riverine,101,Hide Working and Tailored Clothing,10
-1615,initial,231,South dravipur Kingdom,Indic Riverine,102,Hafted Stone Tools,10
-1615,initial,231,South dravipur Kingdom,Indic Riverine,105,Food Preservation,10
-1615,initial,231,South dravipur Kingdom,Indic Riverine,106,Storage Pits and Containers,10
-1615,initial,231,South dravipur Kingdom,Indic Riverine,107,Seasonal Aggregation Camps,10
-1615,initial,231,South dravipur Kingdom,Indic Riverine,110,Dog Domestication,10
-1615,initial,231,South dravipur Kingdom,Indic Riverine,111,Grinding Stones,10
-1615,initial,231,South dravipur Kingdom,Indic Riverine,116,Charcoal Firing,10
-1615,initial,231,South dravipur Kingdom,Indic Riverine,3,Archery,10
-1615,initial,232,New vishaa Kingdom,Indic Riverine,100,Cordage and Knots,10
-1615,initial,232,New vishaa Kingdom,Indic Riverine,101,Hide Working and Tailored Clothing,10
-1615,initial,232,New vishaa Kingdom,Indic Riverine,102,Hafted Stone Tools,10
-1615,initial,232,New vishaa Kingdom,Indic Riverine,105,Food Preservation,10
-1615,initial,232,New vishaa Kingdom,Indic Riverine,106,Storage Pits and Containers,10
-1615,initial,232,New vishaa Kingdom,Indic Riverine,107,Seasonal Aggregation Camps,10
-1615,initial,232,New vishaa Kingdom,Indic Riverine,110,Dog Domestication,10
-1615,initial,232,New vishaa Kingdom,Indic Riverine,111,Grinding Stones,10
-1615,initial,232,New vishaa Kingdom,Indic Riverine,116,Charcoal Firing,10
-1615,initial,232,New vishaa Kingdom,Indic Riverine,3,Archery,10
-1613,unlock,109,Old viasolzengrad Tribe,Eastern Woodland,119,Native Copper Working,13
-1608,unlock,0,Kingdom of Vartanpur,Indic Riverine,29,Machinery,25
-1605,initial,233,New varvinagar Kingdom,Indic Riverine,100,Cordage and Knots,10
-1605,initial,233,New varvinagar Kingdom,Indic Riverine,101,Hide Working and Tailored Clothing,10
-1605,initial,233,New varvinagar Kingdom,Indic Riverine,102,Hafted Stone Tools,10
-1605,initial,233,New varvinagar Kingdom,Indic Riverine,105,Food Preservation,10
-1605,initial,233,New varvinagar Kingdom,Indic Riverine,106,Storage Pits and Containers,10
-1605,initial,233,New varvinagar Kingdom,Indic Riverine,107,Seasonal Aggregation Camps,10
-1605,initial,233,New varvinagar Kingdom,Indic Riverine,110,Dog Domestication,10
-1605,initial,233,New varvinagar Kingdom,Indic Riverine,111,Grinding Stones,10
-1605,initial,233,New varvinagar Kingdom,Indic Riverine,116,Charcoal Firing,10
-1605,initial,233,New varvinagar Kingdom,Indic Riverine,3,Archery,10
-1603,unlock,10,Old varmitdesh Tribe,Indic Riverine,29,Machinery,28
-1600,unlock,108,South mitmitshapur Tribe,Indic Riverine,29,Machinery,24
-1599,unlock,63,Great lenvennorburg Tribe,Atlantic Fringe,119,Native Copper Working,12
-1590,initial,234,South ayaqorisuyu Kingdom,Andean Highland,100,Cordage and Knots,9
-1590,initial,234,South ayaqorisuyu Kingdom,Andean Highland,101,Hide Working and Tailored Clothing,9
-1590,initial,234,South ayaqorisuyu Kingdom,Andean Highland,102,Hafted Stone Tools,9
-1590,initial,234,South ayaqorisuyu Kingdom,Andean Highland,105,Food Preservation,9
-1590,initial,234,South ayaqorisuyu Kingdom,Andean Highland,106,Storage Pits and Containers,9
-1590,initial,234,South ayaqorisuyu Kingdom,Andean Highland,107,Seasonal Aggregation Camps,9
-1590,initial,234,South ayaqorisuyu Kingdom,Andean Highland,111,Grinding Stones,9
-1590,initial,234,South ayaqorisuyu Kingdom,Andean Highland,116,Charcoal Firing,9
-1590,initial,234,South ayaqorisuyu Kingdom,Andean Highland,3,Archery,9
-1588,unlock,0,Kingdom of Vartanpur,Indic Riverine,23,Engineering,26
-1579,unlock,1,Kingdom of Great vinal,Indic Riverine,5,Sailing,24
-1570,unlock,158,North barbarngoene Kingdom,West Sahel,114,Enclosures and Herd Management,18
-1565,initial,235,South lamzusea Kingdom,Central Forest,100,Cordage and Knots,10
-1565,initial,235,South lamzusea Kingdom,Central Forest,101,Hide Working and Tailored Clothing,10
-1565,initial,235,South lamzusea Kingdom,Central Forest,102,Hafted Stone Tools,10
-1565,initial,235,South lamzusea Kingdom,Central Forest,103,Bone and Antler Tools,10
-1565,initial,235,South lamzusea Kingdom,Central Forest,105,Food Preservation,10
-1565,initial,235,South lamzusea Kingdom,Central Forest,106,Storage Pits and Containers,10
-1565,initial,235,South lamzusea Kingdom,Central Forest,107,Seasonal Aggregation Camps,10
-1565,initial,235,South lamzusea Kingdom,Central Forest,111,Grinding Stones,10
-1565,initial,235,South lamzusea Kingdom,Central Forest,116,Charcoal Firing,10
-1565,initial,235,South lamzusea Kingdom,Central Forest,3,Archery,10
-1563,unlock,53,Kingdom of Old tanngou,East Horn,10,Irrigation,16
-1563,unlock,123,Kanrapur,Indic Riverine,113,Sedentism,13
-1560,initial,236,South kabartana Kingdom,Central Forest,100,Cordage and Knots,10
-1560,initial,236,South kabartana Kingdom,Central Forest,101,Hide Working and Tailored Clothing,10
-1560,initial,236,South kabartana Kingdom,Central Forest,102,Hafted Stone Tools,10
-1560,initial,236,South kabartana Kingdom,Central Forest,103,Bone and Antler Tools,10
-1560,initial,236,South kabartana Kingdom,Central Forest,105,Food Preservation,10
-1560,initial,236,South kabartana Kingdom,Central Forest,106,Storage Pits and Containers,10
-1560,initial,236,South kabartana Kingdom,Central Forest,107,Seasonal Aggregation Camps,10
-1560,initial,236,South kabartana Kingdom,Central Forest,111,Grinding Stones,10
-1560,initial,236,South kabartana Kingdom,Central Forest,116,Charcoal Firing,10
-1560,initial,236,South kabartana Kingdom,Central Forest,3,Archery,10
-1552,unlock,108,South mitmitshapur Tribe,Indic Riverine,11,Writing,25
-1550,unlock,155,New kaofilam Tribe,West Sahel,103,Bone and Antler Tools,20
-1508,unlock,121,Kingdom of Great asheshninum,Fertile Crescent,120,Copper Smelting,14
-1497,unlock,71,Kingdom of South xocxocteopan,Mesoamerican,114,Enclosures and Herd Management,23
-1496,unlock,63,Great lenvennorburg Tribe,Atlantic Fringe,110,Dog Domestication,13
-1487,unlock,1,Kingdom of Great vinal,Indic Riverine,109,Long-distance Exchange Networks,25
-1484,unlock,68,Kingdom of Great caltemco,Mesoamerican,17,Roads,25
-1476,unlock,186,New tandradesh Tribe,Indic Riverine,12,Shipbuilding,23
-1475,unlock,16,Kingdom of North taizhominling,East Riverine,108,Watercraft,24
-1465,initial,237,Great ngomase Kingdom,Central Forest,100,Cordage and Knots,10
-1465,initial,237,Great ngomase Kingdom,Central Forest,101,Hide Working and Tailored Clothing,10
-1465,initial,237,Great ngomase Kingdom,Central Forest,102,Hafted Stone Tools,10
-1465,initial,237,Great ngomase Kingdom,Central Forest,103,Bone and Antler Tools,10
-1465,initial,237,Great ngomase Kingdom,Central Forest,105,Food Preservation,10
-1465,initial,237,Great ngomase Kingdom,Central Forest,106,Storage Pits and Containers,10
-1465,initial,237,Great ngomase Kingdom,Central Forest,107,Seasonal Aggregation Camps,10
-1465,initial,237,Great ngomase Kingdom,Central Forest,111,Grinding Stones,10
-1465,initial,237,Great ngomase Kingdom,Central Forest,116,Charcoal Firing,10
-1465,initial,237,Great ngomase Kingdom,Central Forest,3,Archery,10
-1462,unlock,158,North barbarngoene Kingdom,West Sahel,115,Counting Tokens and Tallies,19
-1455,unlock,123,Kanrapur,Indic Riverine,1,Pottery,15
-1455,unlock,123,Kanrapur,Indic Riverine,6,Calendar,15
-1455,initial,238,New linweiminzhou Kingdom,East Riverine,100,Cordage and Knots,10
-1455,initial,238,New linweiminzhou Kingdom,East Riverine,101,Hide Working and Tailored Clothing,10
-1455,initial,238,New linweiminzhou Kingdom,East Riverine,102,Hafted Stone Tools,10
-1455,initial,238,New linweiminzhou Kingdom,East Riverine,105,Food Preservation,10
-1455,initial,238,New linweiminzhou Kingdom,East Riverine,106,Storage Pits and Containers,10
-1455,initial,238,New linweiminzhou Kingdom,East Riverine,107,Seasonal Aggregation Camps,10
-1455,initial,238,New linweiminzhou Kingdom,East Riverine,110,Dog Domestication,10
-1455,initial,238,New linweiminzhou Kingdom,East Riverine,111,Grinding Stones,10
-1455,initial,238,New linweiminzhou Kingdom,East Riverine,116,Charcoal Firing,10
-1455,initial,238,New linweiminzhou Kingdom,East Riverine,3,Archery,10
-1448,unlock,4,Kingdom of New shavarrapur,Indic Riverine,5,Sailing,25
-1438,unlock,67,Great itzteoyucpan Tribe,Mesoamerican,118,Numeracy and Measurement,27
-1430,initial,239,Great lamse Kingdom,East Horn,100,Cordage and Knots,19
-1430,initial,239,Great lamse Kingdom,East Horn,101,Hide Working and Tailored Clothing,19
-1430,initial,239,Great lamse Kingdom,East Horn,102,Hafted Stone Tools,19
-1430,initial,239,Great lamse Kingdom,East Horn,103,Bone and Antler Tools,19
-1430,initial,239,Great lamse Kingdom,East Horn,104,Fishing Technology,19
-1430,initial,239,Great lamse Kingdom,East Horn,105,Food Preservation,19
-1430,initial,239,Great lamse Kingdom,East Horn,106,Storage Pits and Containers,19
-1430,initial,239,Great lamse Kingdom,East Horn,107,Seasonal Aggregation Camps,19
-1430,initial,239,Great lamse Kingdom,East Horn,110,Dog Domestication,19
-1430,initial,239,Great lamse Kingdom,East Horn,111,Grinding Stones,19
-1430,initial,239,Great lamse Kingdom,East Horn,112,Proto-cultivation,19
-1430,initial,239,Great lamse Kingdom,East Horn,113,Sedentism,19
-1430,initial,239,Great lamse Kingdom,East Horn,114,Enclosures and Herd Management,19
-1430,initial,239,Great lamse Kingdom,East Horn,115,Counting Tokens and Tallies,19
-1430,initial,239,Great lamse Kingdom,East Horn,116,Charcoal Firing,19
-1430,initial,239,Great lamse Kingdom,East Horn,117,Proto-writing and Administrative Notation,19
-1430,initial,239,Great lamse Kingdom,East Horn,3,Archery,19
-1430,initial,239,Great lamse Kingdom,East Horn,6,Calendar,19
-1430,initial,239,Great lamse Kingdom,East Horn,7,Wheel,19
-1425,initial,240,Old kalashur Kingdom,Fertile Crescent,100,Cordage and Knots,10
-1425,initial,240,Old kalashur Kingdom,Fertile Crescent,101,Hide Working and Tailored Clothing,10
-1425,initial,240,Old kalashur Kingdom,Fertile Crescent,102,Hafted Stone Tools,10
-1425,initial,240,Old kalashur Kingdom,Fertile Crescent,105,Food Preservation,10
-1425,initial,240,Old kalashur Kingdom,Fertile Crescent,106,Storage Pits and Containers,10
-1425,initial,240,Old kalashur Kingdom,Fertile Crescent,107,Seasonal Aggregation Camps,10
-1425,initial,240,Old kalashur Kingdom,Fertile Crescent,110,Dog Domestication,10
-1425,initial,240,Old kalashur Kingdom,Fertile Crescent,111,Grinding Stones,10
-1425,initial,240,Old kalashur Kingdom,Fertile Crescent,116,Charcoal Firing,10
-1425,initial,240,Old kalashur Kingdom,Fertile Crescent,3,Archery,10
-1422,unlock,53,Kingdom of Old tanngou,East Horn,104,Fishing Technology,17
-1421,unlock,120,Kingdom of Old kintergargrad,Eastern Woodland,103,Bone and Antler Tools,9
-1417,unlock,2,North ratannagar Tribe,Indic Riverine,27,Democracy,35
-1411,unlock,36,Kingdom of Esharbaran,Fertile Crescent,8,Masonry,12
-1405,unlock,108,South mitmitshapur Tribe,Indic Riverine,19,Alphabet,26
-1403,unlock,0,Kingdom of Vartanpur,Indic Riverine,118,Numeracy and Measurement,27
-1401,unlock,0,Kingdom of Vartanpur,Indic Riverine,15,Currency,28
-1398,unlock,67,Great itzteoyucpan Tribe,Mesoamerican,15,Currency,28
-1396,unlock,1,Kingdom of Great vinal,Indic Riverine,12,Shipbuilding,26
-1393,unlock,2,North ratannagar Tribe,Indic Riverine,26,Compass,36
-1387,unlock,105,Kingdom of North solzenlorland,Steppe Nomadic,103,Bone and Antler Tools,10
-1386,unlock,53,Kingdom of Old tanngou,East Horn,114,Enclosures and Herd Management,18
-1385,unlock,115,Kingdom of Old qinliren,East Riverine,103,Bone and Antler Tools,11
-1384,unlock,155,New kaofilam Tribe,West Sahel,17,Roads,21
-1372,unlock,0,Kingdom of Vartanpur,Indic Riverine,12,Shipbuilding,29
-1367,unlock,123,Kanrapur,Indic Riverine,115,Counting Tokens and Tallies,16
-1359,unlock,2,North ratannagar Tribe,Indic Riverine,33,Paper,37
-1353,unlock,36,Kingdom of Esharbaran,Fertile Crescent,103,Bone and Antler Tools,13
-1350,initial,241,Old rumpachmarca Kingdom,Andean Highland,100,Cordage and Knots,9
-1350,initial,241,Old rumpachmarca Kingdom,Andean Highland,101,Hide Working and Tailored Clothing,9
-1350,initial,241,Old rumpachmarca Kingdom,Andean Highland,102,Hafted Stone Tools,9
-1350,initial,241,Old rumpachmarca Kingdom,Andean Highland,105,Food Preservation,9
-1350,initial,241,Old rumpachmarca Kingdom,Andean Highland,106,Storage Pits and Containers,9
-1350,initial,241,Old rumpachmarca Kingdom,Andean Highland,107,Seasonal Aggregation Camps,9
-1350,initial,241,Old rumpachmarca Kingdom,Andean Highland,111,Grinding Stones,9
-1350,initial,241,Old rumpachmarca Kingdom,Andean Highland,116,Charcoal Firing,9
-1350,initial,241,Old rumpachmarca Kingdom,Andean Highland,3,Archery,9
-1349,unlock,186,New tandradesh Tribe,Indic Riverine,103,Bone and Antler Tools,24
-1345,initial,242,North ngoofi Kingdom,Central Forest,100,Cordage and Knots,10
-1345,initial,242,North ngoofi Kingdom,Central Forest,101,Hide Working and Tailored Clothing,10
-1345,initial,242,North ngoofi Kingdom,Central Forest,102,Hafted Stone Tools,10
-1345,initial,242,North ngoofi Kingdom,Central Forest,103,Bone and Antler Tools,10
-1345,initial,242,North ngoofi Kingdom,Central Forest,105,Food Preservation,10
-1345,initial,242,North ngoofi Kingdom,Central Forest,106,Storage Pits and Containers,10
-1345,initial,242,North ngoofi Kingdom,Central Forest,107,Seasonal Aggregation Camps,10
-1345,initial,242,North ngoofi Kingdom,Central Forest,111,Grinding Stones,10
-1345,initial,242,North ngoofi Kingdom,Central Forest,116,Charcoal Firing,10
-1345,initial,242,North ngoofi Kingdom,Central Forest,3,Archery,10
-1345,initial,243,South chiofiofia Kingdom,Central Forest,100,Cordage and Knots,10
-1345,initial,243,South chiofiofia Kingdom,Central Forest,101,Hide Working and Tailored Clothing,10
-1345,initial,243,South chiofiofia Kingdom,Central Forest,102,Hafted Stone Tools,10
-1345,initial,243,South chiofiofia Kingdom,Central Forest,103,Bone and Antler Tools,10
-1345,initial,243,South chiofiofia Kingdom,Central Forest,105,Food Preservation,10
-1345,initial,243,South chiofiofia Kingdom,Central Forest,106,Storage Pits and Containers,10
-1345,initial,243,South chiofiofia Kingdom,Central Forest,107,Seasonal Aggregation Camps,10
-1345,initial,243,South chiofiofia Kingdom,Central Forest,111,Grinding Stones,10
-1345,initial,243,South chiofiofia Kingdom,Central Forest,116,Charcoal Firing,10
-1345,initial,243,South chiofiofia Kingdom,Central Forest,3,Archery,10
-1341,unlock,61,Kingdom of New karnoria,Central Plain,120,Copper Smelting,14
-1331,unlock,71,Kingdom of South xocxocteopan,Mesoamerican,7,Wheel,24
-1325,initial,244,South ninbar Kingdom,Fertile Crescent,100,Cordage and Knots,10
-1325,initial,244,South ninbar Kingdom,Fertile Crescent,101,Hide Working and Tailored Clothing,10
-1325,initial,244,South ninbar Kingdom,Fertile Crescent,102,Hafted Stone Tools,10
-1325,initial,244,South ninbar Kingdom,Fertile Crescent,105,Food Preservation,10
-1325,initial,244,South ninbar Kingdom,Fertile Crescent,106,Storage Pits and Containers,10
-1325,initial,244,South ninbar Kingdom,Fertile Crescent,107,Seasonal Aggregation Camps,10
-1325,initial,244,South ninbar Kingdom,Fertile Crescent,110,Dog Domestication,10
-1325,initial,244,South ninbar Kingdom,Fertile Crescent,111,Grinding Stones,10
-1325,initial,244,South ninbar Kingdom,Fertile Crescent,116,Charcoal Firing,10
-1325,initial,244,South ninbar Kingdom,Fertile Crescent,3,Archery,10
-1319,unlock,85,Kingdom of Great kinquiviagrad,Eastern Woodland,110,Dog Domestication,12
-1315,initial,245,Great sengoene Kingdom,West Sahel,100,Cordage and Knots,12
-1315,initial,245,Great sengoene Kingdom,West Sahel,101,Hide Working and Tailored Clothing,12
-1315,initial,245,Great sengoene Kingdom,West Sahel,102,Hafted Stone Tools,12
-1315,initial,245,Great sengoene Kingdom,West Sahel,105,Food Preservation,12
-1315,initial,245,Great sengoene Kingdom,West Sahel,106,Storage Pits and Containers,12
-1315,initial,245,Great sengoene Kingdom,West Sahel,107,Seasonal Aggregation Camps,12
-1315,initial,245,Great sengoene Kingdom,West Sahel,111,Grinding Stones,12
-1315,initial,245,Great sengoene Kingdom,West Sahel,112,Proto-cultivation,12
-1315,initial,245,Great sengoene Kingdom,West Sahel,113,Sedentism,12
-1315,initial,245,Great sengoene Kingdom,West Sahel,116,Charcoal Firing,12
-1315,initial,245,Great sengoene Kingdom,West Sahel,3,Archery,12
-1315,initial,245,Great sengoene Kingdom,West Sahel,6,Calendar,12
-1311,unlock,88,New terbelia Tribe,Eastern Woodland,116,Charcoal Firing,10
-1305,initial,246,Great rangirangiua Kingdom,Oceanic Navigators,100,Cordage and Knots,7
-1305,initial,246,Great rangirangiua Kingdom,Oceanic Navigators,101,Hide Working and Tailored Clothing,7
-1305,initial,246,Great rangirangiua Kingdom,Oceanic Navigators,102,Hafted Stone Tools,7
-1305,initial,246,Great rangirangiua Kingdom,Oceanic Navigators,105,Food Preservation,7
-1305,initial,246,Great rangirangiua Kingdom,Oceanic Navigators,106,Storage Pits and Containers,7
-1305,initial,246,Great rangirangiua Kingdom,Oceanic Navigators,107,Seasonal Aggregation Camps,7
-1305,initial,246,Great rangirangiua Kingdom,Oceanic Navigators,3,Archery,7
-1305,initial,247,Suyukussuyuyu Kingdom,Andean Highland,100,Cordage and Knots,10
-1305,initial,247,Suyukussuyuyu Kingdom,Andean Highland,101,Hide Working and Tailored Clothing,10
-1305,initial,247,Suyukussuyuyu Kingdom,Andean Highland,102,Hafted Stone Tools,10
-1305,initial,247,Suyukussuyuyu Kingdom,Andean Highland,105,Food Preservation,10
-1305,initial,247,Suyukussuyuyu Kingdom,Andean Highland,106,Storage Pits and Containers,10
-1305,initial,247,Suyukussuyuyu Kingdom,Andean Highland,107,Seasonal Aggregation Camps,10
-1305,initial,247,Suyukussuyuyu Kingdom,Andean Highland,111,Grinding Stones,10
-1305,initial,247,Suyukussuyuyu Kingdom,Andean Highland,116,Charcoal Firing,10
-1305,initial,247,Suyukussuyuyu Kingdom,Andean Highland,4,Mining,10
-1305,initial,247,Suyukussuyuyu Kingdom,Andean Highland,3,Archery,10
-1303,unlock,85,Kingdom of Great kinquiviagrad,Eastern Woodland,8,Masonry,13
-1293,unlock,133,Liwei Tribe,East Riverine,103,Bone and Antler Tools,11
-1290,unlock,4,Kingdom of New shavarrapur,Indic Riverine,109,Long-distance Exchange Networks,26
-1286,unlock,132,Kingdom of North garteria,Western Plains,110,Dog Domestication,9
-1279,unlock,3,Kingdom of South vishapur,Indic Riverine,104,Fishing Technology,11
-1273,unlock,39,New lorromia Tribe,Monsoon Coastal,117,Proto-writing and Administrative Notation,26
-1272,unlock,160,Empire of North zukakaara,West Sahel,110,Dog Domestication,10
-1268,unlock,30,North esheshsamad Tribe,Fertile Crescent,16,Construction,15
-1261,unlock,144,Old romlordusia,Western Plains,110,Dog Domestication,10
-1258,unlock,53,Kingdom of South mazuara,East Horn,7,Wheel,19
-1258,unlock,144,Old romlordusia,Western Plains,103,Bone and Antler Tools,11
-1245,unlock,3,Kingdom of South vishapur,Indic Riverine,103,Bone and Antler Tools,12
-1245,initial,248,Great ngokangoa Kingdom,Central Forest,100,Cordage and Knots,10
-1245,initial,248,Great ngokangoa Kingdom,Central Forest,101,Hide Working and Tailored Clothing,10
-1245,initial,248,Great ngokangoa Kingdom,Central Forest,102,Hafted Stone Tools,10
-1245,initial,248,Great ngokangoa Kingdom,Central Forest,103,Bone and Antler Tools,10
-1245,initial,248,Great ngokangoa Kingdom,Central Forest,105,Food Preservation,10
-1245,initial,248,Great ngokangoa Kingdom,Central Forest,106,Storage Pits and Containers,10
-1245,initial,248,Great ngokangoa Kingdom,Central Forest,107,Seasonal Aggregation Camps,10
-1245,initial,248,Great ngokangoa Kingdom,Central Forest,111,Grinding Stones,10
-1245,initial,248,Great ngokangoa Kingdom,Central Forest,116,Charcoal Firing,10
-1245,initial,248,Great ngokangoa Kingdom,Central Forest,3,Archery,10
-1244,unlock,2,North ratannagar Tribe,Indic Riverine,24,Optics,38
-1238,unlock,4,Kingdom of New shavarrapur,Indic Riverine,12,Shipbuilding,27
-1236,unlock,28,Kingdom of North artamum,Fertile Crescent,13,Iron Working,16
-1225,initial,249,Old tanbar Kingdom,West Sahel,100,Cordage and Knots,9
-1225,initial,249,Old tanbar Kingdom,West Sahel,101,Hide Working and Tailored Clothing,9
-1225,initial,249,Old tanbar Kingdom,West Sahel,102,Hafted Stone Tools,9
-1225,initial,249,Old tanbar Kingdom,West Sahel,105,Food Preservation,9
-1225,initial,249,Old tanbar Kingdom,West Sahel,106,Storage Pits and Containers,9
-1225,initial,249,Old tanbar Kingdom,West Sahel,107,Seasonal Aggregation Camps,9
-1225,initial,249,Old tanbar Kingdom,West Sahel,111,Grinding Stones,9
-1225,initial,249,Old tanbar Kingdom,West Sahel,116,Charcoal Firing,9
-1225,initial,249,Old tanbar Kingdom,West Sahel,3,Archery,9
-1216,unlock,40,Kingdom of South romnamarstan,Monsoon Coastal,118,Numeracy and Measurement,27
-1216,unlock,108,South mitmitshapur Tribe,Indic Riverine,21,Drama and Poetry,28
-1216,unlock,108,South mitmitshapur Tribe,Indic Riverine,22,Philosophy,28
-1210,initial,250,Great tanbarkaene Kingdom,East Horn,100,Cordage and Knots,19
-1210,initial,250,Great tanbarkaene Kingdom,East Horn,101,Hide Working and Tailored Clothing,19
-1210,initial,250,Great tanbarkaene Kingdom,East Horn,102,Hafted Stone Tools,19
-1210,initial,250,Great tanbarkaene Kingdom,East Horn,103,Bone and Antler Tools,19
-1210,initial,250,Great tanbarkaene Kingdom,East Horn,104,Fishing Technology,19
-1210,initial,250,Great tanbarkaene Kingdom,East Horn,105,Food Preservation,19
-1210,initial,250,Great tanbarkaene Kingdom,East Horn,106,Storage Pits and Containers,19
-1210,initial,250,Great tanbarkaene Kingdom,East Horn,107,Seasonal Aggregation Camps,19
-1210,initial,250,Great tanbarkaene Kingdom,East Horn,110,Dog Domestication,19
-1210,initial,250,Great tanbarkaene Kingdom,East Horn,111,Grinding Stones,19
-1210,initial,250,Great tanbarkaene Kingdom,East Horn,112,Proto-cultivation,19
-1210,initial,250,Great tanbarkaene Kingdom,East Horn,113,Sedentism,19
-1210,initial,250,Great tanbarkaene Kingdom,East Horn,114,Enclosures and Herd Management,19
-1210,initial,250,Great tanbarkaene Kingdom,East Horn,115,Counting Tokens and Tallies,19
-1210,initial,250,Great tanbarkaene Kingdom,East Horn,116,Charcoal Firing,19
-1210,initial,250,Great tanbarkaene Kingdom,East Horn,117,Proto-writing and Administrative Notation,19
-1210,initial,250,Great tanbarkaene Kingdom,East Horn,3,Archery,19
-1210,initial,250,Great tanbarkaene Kingdom,East Horn,6,Calendar,19
-1210,initial,250,Great tanbarkaene Kingdom,East Horn,7,Wheel,19
-1210,initial,251,South ngoofia Kingdom,East Horn,100,Cordage and Knots,19
-1210,initial,251,South ngoofia Kingdom,East Horn,101,Hide Working and Tailored Clothing,19
-1210,initial,251,South ngoofia Kingdom,East Horn,102,Hafted Stone Tools,19
-1210,initial,251,South ngoofia Kingdom,East Horn,103,Bone and Antler Tools,19
-1210,initial,251,South ngoofia Kingdom,East Horn,104,Fishing Technology,19
-1210,initial,251,South ngoofia Kingdom,East Horn,105,Food Preservation,19
-1210,initial,251,South ngoofia Kingdom,East Horn,106,Storage Pits and Containers,19
-1210,initial,251,South ngoofia Kingdom,East Horn,107,Seasonal Aggregation Camps,19
-1210,initial,251,South ngoofia Kingdom,East Horn,110,Dog Domestication,19
-1210,initial,251,South ngoofia Kingdom,East Horn,111,Grinding Stones,19
-1210,initial,251,South ngoofia Kingdom,East Horn,112,Proto-cultivation,19
-1210,initial,251,South ngoofia Kingdom,East Horn,113,Sedentism,19
-1210,initial,251,South ngoofia Kingdom,East Horn,114,Enclosures and Herd Management,19
-1210,initial,251,South ngoofia Kingdom,East Horn,115,Counting Tokens and Tallies,19
-1210,initial,251,South ngoofia Kingdom,East Horn,116,Charcoal Firing,19
-1210,initial,251,South ngoofia Kingdom,East Horn,117,Proto-writing and Administrative Notation,19
-1210,initial,251,South ngoofia Kingdom,East Horn,3,Archery,19
-1210,initial,251,South ngoofia Kingdom,East Horn,6,Calendar,19
-1210,initial,251,South ngoofia Kingdom,East Horn,7,Wheel,19
-1203,unlock,31,Kingdom of Samar,Fertile Crescent,8,Masonry,16
-1202,unlock,113,Kingdom of South surraa,Indic Riverine,103,Bone and Antler Tools,11
-1196,unlock,107,New soldus Tribe,Western Plains,110,Dog Domestication,10
-1194,unlock,122,Old arninan Tribe,Fertile Crescent,103,Bone and Antler Tools,13
-1191,unlock,112,New linrenling,East Riverine,103,Bone and Antler Tools,11
-1190,unlock,16,Kingdom of North taizhominling,East Riverine,109,Long-distance Exchange Networks,25
-1183,unlock,123,Kanrapur,Indic Riverine,114,Enclosures and Herd Management,17
-1180,unlock,84,Kingdom of Ranromnagrad,Eastern Woodland,116,Charcoal Firing,11
-1160,unlock,2,North ratannagar Tribe,Indic Riverine,23,Engineering,39
-1159,unlock,2,North ratannagar Tribe,Indic Riverine,29,Machinery,40
-1159,unlock,62,South romromia Tribe,Atlantic Fringe,8,Masonry,12
-1153,unlock,71,Kingdom of South xocxocteopan,Mesoamerican,17,Roads,25
-1150,unlock,108,South mitmitshapur Tribe,Indic Riverine,27,Democracy,29
-1139,unlock,143,Dorkardoria Kingdom,Mediterranean Highland,103,Bone and Antler Tools,11
-1138,unlock,27,New lihanhanguo Tribe,East Riverine,103,Bone and Antler Tools,11
-1135,initial,252,Old ofitanofiara Kingdom,West Sahel,100,Cordage and Knots,9
-1135,initial,252,Old ofitanofiara Kingdom,West Sahel,101,Hide Working and Tailored Clothing,9
-1135,initial,252,Old ofitanofiara Kingdom,West Sahel,102,Hafted Stone Tools,9
-1135,initial,252,Old ofitanofiara Kingdom,West Sahel,105,Food Preservation,9
-1135,initial,252,Old ofitanofiara Kingdom,West Sahel,106,Storage Pits and Containers,9
-1135,initial,252,Old ofitanofiara Kingdom,West Sahel,107,Seasonal Aggregation Camps,9
-1135,initial,252,Old ofitanofiara Kingdom,West Sahel,111,Grinding Stones,9
-1135,initial,252,Old ofitanofiara Kingdom,West Sahel,116,Charcoal Firing,9
-1135,initial,252,Old ofitanofiara Kingdom,West Sahel,3,Archery,9
-1131,unlock,121,Kingdom of Great asheshninum,Fertile Crescent,9,Bronze Alloying,15
-1126,unlock,74,North nahcaltemtan Tribe,Mesoamerican,109,Long-distance Exchange Networks,25
-1118,unlock,141,Kingdom of South lingar,Steppe Nomadic,103,Bone and Antler Tools,10
-1114,unlock,84,Kingdom of Ranromnagrad,Eastern Woodland,110,Dog Domestication,12
-1112,unlock,98,Kingdom of Old rahivatane,Oceanic Navigators,111,Grinding Stones,10
-1110,unlock,108,South mitmitshapur Tribe,Indic Riverine,30,Education,30
-1105,initial,253,Great kaluran Kingdom,Fertile Crescent,100,Cordage and Knots,10
-1105,initial,253,Great kaluran Kingdom,Fertile Crescent,101,Hide Working and Tailored Clothing,10
-1105,initial,253,Great kaluran Kingdom,Fertile Crescent,102,Hafted Stone Tools,10
-1105,initial,253,Great kaluran Kingdom,Fertile Crescent,105,Food Preservation,10
-1105,initial,253,Great kaluran Kingdom,Fertile Crescent,106,Storage Pits and Containers,10
-1105,initial,253,Great kaluran Kingdom,Fertile Crescent,107,Seasonal Aggregation Camps,10
-1105,initial,253,Great kaluran Kingdom,Fertile Crescent,110,Dog Domestication,10
-1105,initial,253,Great kaluran Kingdom,Fertile Crescent,111,Grinding Stones,10
-1105,initial,253,Great kaluran Kingdom,Fertile Crescent,116,Charcoal Firing,10
-1105,initial,253,Great kaluran Kingdom,Fertile Crescent,3,Archery,10
-1102,unlock,146,Kingdom of South garviasolland,Eastern Woodland,110,Dog Domestication,9
-1060,initial,254,Old zumaara Kingdom,Central Forest,100,Cordage and Knots,10
-1060,initial,254,Old zumaara Kingdom,Central Forest,101,Hide Working and Tailored Clothing,10
-1060,initial,254,Old zumaara Kingdom,Central Forest,102,Hafted Stone Tools,10
-1060,initial,254,Old zumaara Kingdom,Central Forest,103,Bone and Antler Tools,10
-1060,initial,254,Old zumaara Kingdom,Central Forest,105,Food Preservation,10
-1060,initial,254,Old zumaara Kingdom,Central Forest,106,Storage Pits and Containers,10
-1060,initial,254,Old zumaara Kingdom,Central Forest,107,Seasonal Aggregation Camps,10
-1060,initial,254,Old zumaara Kingdom,Central Forest,111,Grinding Stones,10
-1060,initial,254,Old zumaara Kingdom,Central Forest,116,Charcoal Firing,10
-1060,initial,254,Old zumaara Kingdom,Central Forest,3,Archery,10
-1059,unlock,53,Kingdom of South mazuara,East Horn,17,Roads,20
-1055,unlock,4,Kingdom of New shavarrapur,Indic Riverine,29,Machinery,28
-1055,initial,255,South chitanbaru Kingdom,Central Forest,100,Cordage and Knots,10
-1055,initial,255,South chitanbaru Kingdom,Central Forest,101,Hide Working and Tailored Clothing,10
-1055,initial,255,South chitanbaru Kingdom,Central Forest,102,Hafted Stone Tools,10
-1055,initial,255,South chitanbaru Kingdom,Central Forest,103,Bone and Antler Tools,10
-1055,initial,255,South chitanbaru Kingdom,Central Forest,105,Food Preservation,10
-1055,initial,255,South chitanbaru Kingdom,Central Forest,106,Storage Pits and Containers,10
-1055,initial,255,South chitanbaru Kingdom,Central Forest,107,Seasonal Aggregation Camps,10
-1055,initial,255,South chitanbaru Kingdom,Central Forest,111,Grinding Stones,10
-1055,initial,255,South chitanbaru Kingdom,Central Forest,116,Charcoal Firing,10
-1055,initial,255,South chitanbaru Kingdom,Central Forest,3,Archery,10
-1042,unlock,135,South lorbelzenia Tribe,Western Plains,103,Bone and Antler Tools,9
-1039,unlock,142,North dusbelgrad Tribe,Western Plains,103,Bone and Antler Tools,9
-1031,unlock,29,Kingdom of Old ashbelurar,Fertile Crescent,103,Bone and Antler Tools,13
-1025,initial,256,Great barsekaene Kingdom,Central Forest,100,Cordage and Knots,10
-1025,initial,256,Great barsekaene Kingdom,Central Forest,101,Hide Working and Tailored Clothing,10
-1025,initial,256,Great barsekaene Kingdom,Central Forest,102,Hafted Stone Tools,10
-1025,initial,256,Great barsekaene Kingdom,Central Forest,103,Bone and Antler Tools,10
-1025,initial,256,Great barsekaene Kingdom,Central Forest,105,Food Preservation,10
-1025,initial,256,Great barsekaene Kingdom,Central Forest,106,Storage Pits and Containers,10
-1025,initial,256,Great barsekaene Kingdom,Central Forest,107,Seasonal Aggregation Camps,10
-1025,initial,256,Great barsekaene Kingdom,Central Forest,111,Grinding Stones,10
-1025,initial,256,Great barsekaene Kingdom,Central Forest,116,Charcoal Firing,10
-1025,initial,256,Great barsekaene Kingdom,Central Forest,3,Archery,10
-1010,unlock,61,Kingdom of New karnoria,Central Plain,8,Masonry,15
-1004,unlock,103,Kingdom of Old belsolstan,Western Plains,103,Bone and Antler Tools,9
-1001,unlock,62,South romromia Tribe,Atlantic Fringe,119,Native Copper Working,13
-1001,unlock,162,Kingdom of North varnalkandesh,Indic Riverine,103,Bone and Antler Tools,11
-991,unlock,28,Kingdom of North artamum,Fertile Crescent,103,Bone and Antler Tools,17
-990,initial,257,Old lamlam Kingdom,East Horn,100,Cordage and Knots,19
-990,initial,257,Old lamlam Kingdom,East Horn,101,Hide Working and Tailored Clothing,19
-990,initial,257,Old lamlam Kingdom,East Horn,102,Hafted Stone Tools,19
-990,initial,257,Old lamlam Kingdom,East Horn,103,Bone and Antler Tools,19
-990,initial,257,Old lamlam Kingdom,East Horn,104,Fishing Technology,19
-990,initial,257,Old lamlam Kingdom,East Horn,105,Food Preservation,19
-990,initial,257,Old lamlam Kingdom,East Horn,106,Storage Pits and Containers,19
-990,initial,257,Old lamlam Kingdom,East Horn,107,Seasonal Aggregation Camps,19
-990,initial,257,Old lamlam Kingdom,East Horn,110,Dog Domestication,19
-990,initial,257,Old lamlam Kingdom,East Horn,111,Grinding Stones,19
-990,initial,257,Old lamlam Kingdom,East Horn,112,Proto-cultivation,19
-990,initial,257,Old lamlam Kingdom,East Horn,113,Sedentism,19
-990,initial,257,Old lamlam Kingdom,East Horn,114,Enclosures and Herd Management,19
-990,initial,257,Old lamlam Kingdom,East Horn,115,Counting Tokens and Tallies,19
-990,initial,257,Old lamlam Kingdom,East Horn,116,Charcoal Firing,19
-990,initial,257,Old lamlam Kingdom,East Horn,117,Proto-writing and Administrative Notation,19
-990,initial,257,Old lamlam Kingdom,East Horn,3,Archery,19
-990,initial,257,Old lamlam Kingdom,East Horn,6,Calendar,19
-990,initial,257,Old lamlam Kingdom,East Horn,7,Wheel,19
-990,initial,258,New ofisechi Kingdom,East Horn,100,Cordage and Knots,19
-990,initial,258,New ofisechi Kingdom,East Horn,101,Hide Working and Tailored Clothing,19
-990,initial,258,New ofisechi Kingdom,East Horn,102,Hafted Stone Tools,19
-990,initial,258,New ofisechi Kingdom,East Horn,103,Bone and Antler Tools,19
-990,initial,258,New ofisechi Kingdom,East Horn,104,Fishing Technology,19
-990,initial,258,New ofisechi Kingdom,East Horn,105,Food Preservation,19
-990,initial,258,New ofisechi Kingdom,East Horn,106,Storage Pits and Containers,19
-990,initial,258,New ofisechi Kingdom,East Horn,107,Seasonal Aggregation Camps,19
-990,initial,258,New ofisechi Kingdom,East Horn,110,Dog Domestication,19
-990,initial,258,New ofisechi Kingdom,East Horn,111,Grinding Stones,19
-990,initial,258,New ofisechi Kingdom,East Horn,112,Proto-cultivation,19
-990,initial,258,New ofisechi Kingdom,East Horn,113,Sedentism,19
-990,initial,258,New ofisechi Kingdom,East Horn,114,Enclosures and Herd Management,19
-990,initial,258,New ofisechi Kingdom,East Horn,115,Counting Tokens and Tallies,19
-990,initial,258,New ofisechi Kingdom,East Horn,116,Charcoal Firing,19
-990,initial,258,New ofisechi Kingdom,East Horn,117,Proto-writing and Administrative Notation,19
-990,initial,258,New ofisechi Kingdom,East Horn,3,Archery,19
-990,initial,258,New ofisechi Kingdom,East Horn,6,Calendar,19
-990,initial,258,New ofisechi Kingdom,East Horn,7,Wheel,19
-988,unlock,97,Kingdom of North romterland,Caribbean Seafaring,116,Charcoal Firing,17
-988,unlock,130,Kingdom of Nordorvenland,Mediterranean Urban,4,Mining,11
-985,initial,259,New lambarchi Kingdom,East Horn,100,Cordage and Knots,19
-985,initial,259,New lambarchi Kingdom,East Horn,101,Hide Working and Tailored Clothing,19
-985,initial,259,New lambarchi Kingdom,East Horn,102,Hafted Stone Tools,19
-985,initial,259,New lambarchi Kingdom,East Horn,103,Bone and Antler Tools,19
-985,initial,259,New lambarchi Kingdom,East Horn,104,Fishing Technology,19
-985,initial,259,New lambarchi Kingdom,East Horn,105,Food Preservation,19
-985,initial,259,New lambarchi Kingdom,East Horn,106,Storage Pits and Containers,19
-985,initial,259,New lambarchi Kingdom,East Horn,107,Seasonal Aggregation Camps,19
-985,initial,259,New lambarchi Kingdom,East Horn,110,Dog Domestication,19
-985,initial,259,New lambarchi Kingdom,East Horn,111,Grinding Stones,19
-985,initial,259,New lambarchi Kingdom,East Horn,112,Proto-cultivation,19
-985,initial,259,New lambarchi Kingdom,East Horn,113,Sedentism,19
-985,initial,259,New lambarchi Kingdom,East Horn,114,Enclosures and Herd Management,19
-985,initial,259,New lambarchi Kingdom,East Horn,115,Counting Tokens and Tallies,19
-985,initial,259,New lambarchi Kingdom,East Horn,116,Charcoal Firing,19
-985,initial,259,New lambarchi Kingdom,East Horn,117,Proto-writing and Administrative Notation,19
-985,initial,259,New lambarchi Kingdom,East Horn,3,Archery,19
-985,initial,259,New lambarchi Kingdom,East Horn,6,Calendar,19
-985,initial,259,New lambarchi Kingdom,East Horn,7,Wheel,19
-983,unlock,61,Kingdom of New karnoria,Central Plain,9,Bronze Alloying,16
-982,unlock,158,North barbarngoene Kingdom,West Sahel,7,Wheel,20
-982,unlock,179,Kingdom of Great norkarlenia,Mediterranean Urban,8,Masonry,12
-980,unlock,155,New kaofilam Tribe,West Sahel,108,Watercraft,22
-979,unlock,108,South mitmitshapur Tribe,Indic Riverine,39,Universities,31
-976,unlock,195,Old tarnor Tribe,Atlantic Fringe,8,Masonry,11
-975,unlock,225,Great zukaene Tribe,East Horn,10,Irrigation,15
-972,unlock,144,Great romgarnastan,Western Plains,116,Charcoal Firing,12
-971,unlock,148,Kingdom of North qoripachrum,Andean Highland,103,Bone and Antler Tools,10
-960,unlock,97,Kingdom of North romterland,Caribbean Seafaring,117,Proto-writing and Administrative Notation,18
-959,unlock,91,Great randusia Tribe,Western Plains,103,Bone and Antler Tools,9
-955,initial,260,Old kusqoritupyu Kingdom,Andean Highland,100,Cordage and Knots,9
-955,initial,260,Old kusqoritupyu Kingdom,Andean Highland,101,Hide Working and Tailored Clothing,9
-955,initial,260,Old kusqoritupyu Kingdom,Andean Highland,102,Hafted Stone Tools,9
-955,initial,260,Old kusqoritupyu Kingdom,Andean Highland,105,Food Preservation,9
-955,initial,260,Old kusqoritupyu Kingdom,Andean Highland,106,Storage Pits and Containers,9
-955,initial,260,Old kusqoritupyu Kingdom,Andean Highland,107,Seasonal Aggregation Camps,9
-955,initial,260,Old kusqoritupyu Kingdom,Andean Highland,111,Grinding Stones,9
-955,initial,260,Old kusqoritupyu Kingdom,Andean Highland,116,Charcoal Firing,9
-955,initial,260,Old kusqoritupyu Kingdom,Andean Highland,3,Archery,9
-954,unlock,1,Kingdom of Great vinal,Indic Riverine,29,Machinery,27
-942,unlock,63,Great lenvennorburg Tribe,Atlantic Fringe,8,Masonry,14
-928,unlock,31,Kingdom of Samar,Fertile Crescent,13,Iron Working,17
-918,unlock,1,Kingdom of Great vinal,Indic Riverine,23,Engineering,28
-913,unlock,91,Great randusia Tribe,Western Plains,110,Dog Domestication,10
-912,unlock,53,Kingdom of South mazuara,East Horn,23,Engineering,21
-901,unlock,82,Kingdom of Great viaterkinia,Eastern Woodland,110,Dog Domestication,10
-900,unlock,149,Kingdom of North aldor,Central Plain,16,Construction,14
-889,unlock,155,New kaofilam Tribe,West Sahel,5,Sailing,23
-887,unlock,86,Kingdom of New linkinranstan,Eastern Woodland,110,Dog Domestication,9
-869,unlock,128,South alnornorland Kingdom,Central Plain,103,Bone and Antler Tools,13
-863,unlock,0,Kingdom of Old varvinagar,Indic Riverine,109,Long-distance Exchange Networks,29
-858,unlock,88,New terbelia Tribe,Eastern Woodland,103,Bone and Antler Tools,11
-855,unlock,61,Kingdom of New karnoria,Central Plain,42,Metallurgy,17
-854,unlock,152,North nalorbelia,Steppe Nomadic,103,Bone and Antler Tools,10
-844,unlock,108,South mitmitshapur Tribe,Indic Riverine,118,Numeracy and Measurement,32
-834,unlock,96,Kingdom of New beltersolland,Western Plains,110,Dog Domestication,9
-830,unlock,123,Kanrapur,Indic Riverine,117,Proto-writing and Administrative Notation,18
-826,unlock,155,New kaofilam Tribe,West Sahel,109,Long-distance Exchange Networks,24
-819,unlock,123,Kanrapur,Indic Riverine,7,Wheel,19
-815,initial,261,North morangimoa Kingdom,Oceanic Navigators,100,Cordage and Knots,7
-815,initial,261,North morangimoa Kingdom,Oceanic Navigators,101,Hide Working and Tailored Clothing,7
-815,initial,261,North morangimoa Kingdom,Oceanic Navigators,102,Hafted Stone Tools,7
-815,initial,261,North morangimoa Kingdom,Oceanic Navigators,105,Food Preservation,7
-815,initial,261,North morangimoa Kingdom,Oceanic Navigators,106,Storage Pits and Containers,7
-815,initial,261,North morangimoa Kingdom,Oceanic Navigators,107,Seasonal Aggregation Camps,7
-815,initial,261,North morangimoa Kingdom,Oceanic Navigators,3,Archery,7
-810,unlock,179,Kingdom of Great norkarlenia,Mediterranean Urban,103,Bone and Antler Tools,13
-807,unlock,108,South mitmitshapur Tribe,Indic Riverine,15,Currency,33
-802,unlock,86,Kingdom of New linkinranstan,Eastern Woodland,103,Bone and Antler Tools,10
-787,unlock,108,South mitmitshapur Tribe,Indic Riverine,33,Paper,34
-767,unlock,18,Kingdom of Old minhan,East Riverine,103,Bone and Antler Tools,11
-764,unlock,155,New kaofilam Tribe,West Sahel,12,Shipbuilding,25
-757,unlock,158,North barbarngoene Kingdom,West Sahel,17,Roads,21
-748,unlock,57,Kingdom of New venbeldorland,Mediterranean Highland,103,Bone and Antler Tools,11
-745,initial,262,Tankanmitnagar Kingdom,Indic Riverine,100,Cordage and Knots,11
-745,initial,262,Tankanmitnagar Kingdom,Indic Riverine,101,Hide Working and Tailored Clothing,11
-745,initial,262,Tankanmitnagar Kingdom,Indic Riverine,102,Hafted Stone Tools,11
-745,initial,262,Tankanmitnagar Kingdom,Indic Riverine,105,Food Preservation,11
-745,initial,262,Tankanmitnagar Kingdom,Indic Riverine,106,Storage Pits and Containers,11
-745,initial,262,Tankanmitnagar Kingdom,Indic Riverine,107,Seasonal Aggregation Camps,11
-745,initial,262,Tankanmitnagar Kingdom,Indic Riverine,110,Dog Domestication,11
-745,initial,262,Tankanmitnagar Kingdom,Indic Riverine,111,Grinding Stones,11
-745,initial,262,Tankanmitnagar Kingdom,Indic Riverine,116,Charcoal Firing,11
-745,initial,262,Tankanmitnagar Kingdom,Indic Riverine,4,Mining,11
-745,initial,262,Tankanmitnagar Kingdom,Indic Riverine,3,Archery,11
-735,unlock,155,New kaofilam Tribe,West Sahel,23,Engineering,26
-731,unlock,121,Kingdom of Great asheshninum,Fertile Crescent,8,Masonry,16
-730,unlock,2,North ratannagar Tribe,Indic Riverine,31,Acoustics,41
-728,unlock,225,Great zukaene Tribe,East Horn,104,Fishing Technology,16
-726,unlock,21,Kingdom of Old renweiguo,East Riverine,103,Bone and Antler Tools,11
-726,unlock,108,South mitmitshapur Tribe,Indic Riverine,14,Formal Mathematics,35
-726,unlock,109,Old viasolzengrad Tribe,Eastern Woodland,120,Copper Smelting,14
-725,unlock,168,Kingdom of South qinqinling,East Riverine,7,Wheel,16
-725,initial,263,Great beleshkalum Kingdom,Fertile Crescent,100,Cordage and Knots,10
-725,initial,263,Great beleshkalum Kingdom,Fertile Crescent,101,Hide Working and Tailored Clothing,10
-725,initial,263,Great beleshkalum Kingdom,Fertile Crescent,102,Hafted Stone Tools,10
-725,initial,263,Great beleshkalum Kingdom,Fertile Crescent,105,Food Preservation,10
-725,initial,263,Great beleshkalum Kingdom,Fertile Crescent,106,Storage Pits and Containers,10
-725,initial,263,Great beleshkalum Kingdom,Fertile Crescent,107,Seasonal Aggregation Camps,10
-725,initial,263,Great beleshkalum Kingdom,Fertile Crescent,110,Dog Domestication,10
-725,initial,263,Great beleshkalum Kingdom,Fertile Crescent,111,Grinding Stones,10
-725,initial,263,Great beleshkalum Kingdom,Fertile Crescent,116,Charcoal Firing,10
-725,initial,263,Great beleshkalum Kingdom,Fertile Crescent,3,Archery,10
-725,initial,264,North naloria Kingdom,Western Plains,100,Cordage and Knots,8
-725,initial,264,North naloria Kingdom,Western Plains,101,Hide Working and Tailored Clothing,8
-725,initial,264,North naloria Kingdom,Western Plains,102,Hafted Stone Tools,8
-725,initial,264,North naloria Kingdom,Western Plains,105,Food Preservation,8
-725,initial,264,North naloria Kingdom,Western Plains,106,Storage Pits and Containers,8
-725,initial,264,North naloria Kingdom,Western Plains,107,Seasonal Aggregation Camps,8
-725,initial,264,North naloria Kingdom,Western Plains,111,Grinding Stones,8
-725,initial,264,North naloria Kingdom,Western Plains,3,Archery,8
-719,unlock,83,Kingdom of Old naviateria,Eastern Woodland,103,Bone and Antler Tools,9
-713,unlock,53,Kingdom of South mazuara,East Horn,29,Machinery,22
-712,unlock,130,Kingdom of Nordorvenland,Mediterranean Urban,103,Bone and Antler Tools,12
-700,unlock,36,Kingdom of Esharbaran,Fertile Crescent,16,Construction,14
-695,initial,265,Old barzutanu Kingdom,West Sahel,100,Cordage and Knots,10
-695,initial,265,Old barzutanu Kingdom,West Sahel,101,Hide Working and Tailored Clothing,10
-695,initial,265,Old barzutanu Kingdom,West Sahel,102,Hafted Stone Tools,10
-695,initial,265,Old barzutanu Kingdom,West Sahel,105,Food Preservation,10
-695,initial,265,Old barzutanu Kingdom,West Sahel,106,Storage Pits and Containers,10
-695,initial,265,Old barzutanu Kingdom,West Sahel,107,Seasonal Aggregation Camps,10
-695,initial,265,Old barzutanu Kingdom,West Sahel,110,Dog Domestication,10
-695,initial,265,Old barzutanu Kingdom,West Sahel,111,Grinding Stones,10
-695,initial,265,Old barzutanu Kingdom,West Sahel,116,Charcoal Firing,10
-695,initial,265,Old barzutanu Kingdom,West Sahel,3,Archery,10
-694,unlock,102,South surdrasurdesh Tribe,Indic Riverine,8,Masonry,12
-692,unlock,108,South mitmitshapur Tribe,Indic Riverine,32,Civil Service,36
-690,unlock,86,Kingdom of New linkinranstan,Eastern Woodland,116,Charcoal Firing,11
-680,unlock,20,Kingdom of Old renxiaweiling,East Riverine,8,Masonry,12
-662,unlock,28,Kingdom of North artamum,Fertile Crescent,25,Metal Casting,18
-654,unlock,56,Kingdom of Great dorrom,Mediterranean Highland,103,Bone and Antler Tools,11
-652,unlock,96,Kingdom of New beltersolland,Western Plains,116,Charcoal Firing,10
-650,unlock,53,Kingdom of North masetana,East Horn,110,Dog Domestication,23
-647,unlock,164,Kingdom of North lingarter,Western Plains,103,Bone and Antler Tools,9
-634,unlock,23,Kingdom of Old qinqinguo,East Riverine,103,Bone and Antler Tools,11
-620,unlock,78,Kingdom of New sumpachsum,Andean Highland,103,Bone and Antler Tools,10
-616,unlock,16,Kingdom of North taizhominling,East Riverine,5,Sailing,26
-610,unlock,62,South romromia Tribe,Atlantic Fringe,16,Construction,14
-600,unlock,225,Great zukaene Tribe,East Horn,115,Counting Tokens and Tallies,17
-597,unlock,108,South mitmitshapur Tribe,Indic Riverine,24,Optics,37
-595,initial,266,Great intipachintiyu Kingdom,Andean Highland,100,Cordage and Knots,10
-595,initial,266,Great intipachintiyu Kingdom,Andean Highland,101,Hide Working and Tailored Clothing,10
-595,initial,266,Great intipachintiyu Kingdom,Andean Highland,102,Hafted Stone Tools,10
-595,initial,266,Great intipachintiyu Kingdom,Andean Highland,105,Food Preservation,10
-595,initial,266,Great intipachintiyu Kingdom,Andean Highland,106,Storage Pits and Containers,10
-595,initial,266,Great intipachintiyu Kingdom,Andean Highland,107,Seasonal Aggregation Camps,10
-595,initial,266,Great intipachintiyu Kingdom,Andean Highland,111,Grinding Stones,10
-595,initial,266,Great intipachintiyu Kingdom,Andean Highland,116,Charcoal Firing,10
-595,initial,266,Great intipachintiyu Kingdom,Andean Highland,4,Mining,10
-595,initial,266,Great intipachintiyu Kingdom,Andean Highland,3,Archery,10
-594,unlock,108,South mitmitshapur Tribe,Indic Riverine,34,Banking,38
-586,unlock,96,Kingdom of New beltersolland,Western Plains,103,Bone and Antler Tools,11
-585,initial,267,New barkaseene Kingdom,Central Forest,100,Cordage and Knots,10
-585,initial,267,New barkaseene Kingdom,Central Forest,101,Hide Working and Tailored Clothing,10
-585,initial,267,New barkaseene Kingdom,Central Forest,102,Hafted Stone Tools,10
-585,initial,267,New barkaseene Kingdom,Central Forest,103,Bone and Antler Tools,10
-585,initial,267,New barkaseene Kingdom,Central Forest,105,Food Preservation,10
-585,initial,267,New barkaseene Kingdom,Central Forest,106,Storage Pits and Containers,10
-585,initial,267,New barkaseene Kingdom,Central Forest,107,Seasonal Aggregation Camps,10
-585,initial,267,New barkaseene Kingdom,Central Forest,111,Grinding Stones,10
-585,initial,267,New barkaseene Kingdom,Central Forest,116,Charcoal Firing,10
-585,initial,267,New barkaseene Kingdom,Central Forest,3,Archery,10
-576,unlock,20,Kingdom of Old renxiaweiling,East Riverine,103,Bone and Antler Tools,13
-576,unlock,117,Kingdom of North belnor,Central Plain,120,Copper Smelting,14
-563,unlock,16,Kingdom of North taizhominling,East Riverine,12,Shipbuilding,27
-558,unlock,61,Kingdom of New karnoria,Central Plain,13,Iron Working,18
-554,unlock,164,Kingdom of North lingarter,Western Plains,110,Dog Domestication,10
-544,unlock,123,Kanrapur,Indic Riverine,11,Writing,20
-540,unlock,62,South romromia Tribe,Atlantic Fringe,120,Copper Smelting,15
-499,unlock,84,Kingdom of Ranromnagrad,Eastern Woodland,119,Native Copper Working,13
-497,unlock,2,North ratannagar Tribe,Indic Riverine,39,Universities,42
-480,initial,268,Old mangoa Kingdom,East Horn,100,Cordage and Knots,19
-480,initial,268,Old mangoa Kingdom,East Horn,101,Hide Working and Tailored Clothing,19
-480,initial,268,Old mangoa Kingdom,East Horn,102,Hafted Stone Tools,19
-480,initial,268,Old mangoa Kingdom,East Horn,103,Bone and Antler Tools,19
-480,initial,268,Old mangoa Kingdom,East Horn,104,Fishing Technology,19
-480,initial,268,Old mangoa Kingdom,East Horn,105,Food Preservation,19
-480,initial,268,Old mangoa Kingdom,East Horn,106,Storage Pits and Containers,19
-480,initial,268,Old mangoa Kingdom,East Horn,107,Seasonal Aggregation Camps,19
-480,initial,268,Old mangoa Kingdom,East Horn,110,Dog Domestication,19
-480,initial,268,Old mangoa Kingdom,East Horn,111,Grinding Stones,19
-480,initial,268,Old mangoa Kingdom,East Horn,112,Proto-cultivation,19
-480,initial,268,Old mangoa Kingdom,East Horn,113,Sedentism,19
-480,initial,268,Old mangoa Kingdom,East Horn,114,Enclosures and Herd Management,19
-480,initial,268,Old mangoa Kingdom,East Horn,115,Counting Tokens and Tallies,19
-480,initial,268,Old mangoa Kingdom,East Horn,116,Charcoal Firing,19
-480,initial,268,Old mangoa Kingdom,East Horn,117,Proto-writing and Administrative Notation,19
-480,initial,268,Old mangoa Kingdom,East Horn,3,Archery,19
-480,initial,268,Old mangoa Kingdom,East Horn,6,Calendar,19
-480,initial,268,Old mangoa Kingdom,East Horn,7,Wheel,19
-470,unlock,108,South mitmitshapur Tribe,Indic Riverine,31,Acoustics,39
-448,unlock,148,Kingdom of North qoripachrum,Andean Highland,4,Mining,11
-440,initial,269,Old terloria Kingdom,Western Plains,100,Cordage and Knots,8
-440,initial,269,Old terloria Kingdom,Western Plains,101,Hide Working and Tailored Clothing,8
-440,initial,269,Old terloria Kingdom,Western Plains,102,Hafted Stone Tools,8
-440,initial,269,Old terloria Kingdom,Western Plains,105,Food Preservation,8
-440,initial,269,Old terloria Kingdom,Western Plains,106,Storage Pits and Containers,8
-440,initial,269,Old terloria Kingdom,Western Plains,107,Seasonal Aggregation Camps,8
-440,initial,269,Old terloria Kingdom,Western Plains,111,Grinding Stones,8
-440,initial,269,Old terloria Kingdom,Western Plains,3,Archery,8
-436,unlock,16,Kingdom of North taizhominling,East Riverine,38,Mechanical Clock,28
-428,unlock,225,Great zukaene Tribe,East Horn,114,Enclosures and Herd Management,18
-420,initial,270,North tantanmau Kingdom,Central Forest,100,Cordage and Knots,10
-420,initial,270,North tantanmau Kingdom,Central Forest,101,Hide Working and Tailored Clothing,10
-420,initial,270,North tantanmau Kingdom,Central Forest,102,Hafted Stone Tools,10
-420,initial,270,North tantanmau Kingdom,Central Forest,103,Bone and Antler Tools,10
-420,initial,270,North tantanmau Kingdom,Central Forest,105,Food Preservation,10
-420,initial,270,North tantanmau Kingdom,Central Forest,106,Storage Pits and Containers,10
-420,initial,270,North tantanmau Kingdom,Central Forest,107,Seasonal Aggregation Camps,10
-420,initial,270,North tantanmau Kingdom,Central Forest,111,Grinding Stones,10
-420,initial,270,North tantanmau Kingdom,Central Forest,116,Charcoal Firing,10
-420,initial,270,North tantanmau Kingdom,Central Forest,3,Archery,10
-417,unlock,225,Great zukaene Tribe,East Horn,110,Dog Domestication,19
-412,unlock,120,Kingdom of Old kintergargrad,Eastern Woodland,116,Charcoal Firing,10
-411,unlock,147,Kingdom of Great karal,Mediterranean Urban,103,Bone and Antler Tools,11
-410,unlock,144,Great romgarnastan,Western Plains,8,Masonry,13
-410,initial,271,Mitvisha Kingdom,Indic Riverine,100,Cordage and Knots,10
-410,initial,271,Mitvisha Kingdom,Indic Riverine,101,Hide Working and Tailored Clothing,10
-410,initial,271,Mitvisha Kingdom,Indic Riverine,102,Hafted Stone Tools,10
-410,initial,271,Mitvisha Kingdom,Indic Riverine,105,Food Preservation,10
-410,initial,271,Mitvisha Kingdom,Indic Riverine,106,Storage Pits and Containers,10
-410,initial,271,Mitvisha Kingdom,Indic Riverine,107,Seasonal Aggregation Camps,10
-410,initial,271,Mitvisha Kingdom,Indic Riverine,110,Dog Domestication,10
-410,initial,271,Mitvisha Kingdom,Indic Riverine,111,Grinding Stones,10
-410,initial,271,Mitvisha Kingdom,Indic Riverine,116,Charcoal Firing,10
-410,initial,271,Mitvisha Kingdom,Indic Riverine,3,Archery,10
-403,unlock,148,Kingdom of North qoripachrum,Andean Highland,110,Dog Domestication,12
-393,unlock,144,Great romgarnastan,Western Plains,119,Native Copper Working,14
-390,initial,272,Xiaxiaguo Kingdom,East Riverine,100,Cordage and Knots,10
-390,initial,272,Xiaxiaguo Kingdom,East Riverine,101,Hide Working and Tailored Clothing,10
-390,initial,272,Xiaxiaguo Kingdom,East Riverine,102,Hafted Stone Tools,10
-390,initial,272,Xiaxiaguo Kingdom,East Riverine,105,Food Preservation,10
-390,initial,272,Xiaxiaguo Kingdom,East Riverine,106,Storage Pits and Containers,10
-390,initial,272,Xiaxiaguo Kingdom,East Riverine,107,Seasonal Aggregation Camps,10
-390,initial,272,Xiaxiaguo Kingdom,East Riverine,110,Dog Domestication,10
-390,initial,272,Xiaxiaguo Kingdom,East Riverine,111,Grinding Stones,10
-390,initial,272,Xiaxiaguo Kingdom,East Riverine,116,Charcoal Firing,10
-390,initial,272,Xiaxiaguo Kingdom,East Riverine,3,Archery,10
-388,unlock,97,Kingdom of North romterland,Caribbean Seafaring,103,Bone and Antler Tools,19
-384,unlock,196,Empire of North tamsamad,Fertile Crescent,103,Bone and Antler Tools,11
-379,unlock,28,Kingdom of North artamum,Fertile Crescent,16,Construction,19
-375,unlock,63,Great lenvennorburg Tribe,Atlantic Fringe,16,Construction,15
-366,unlock,122,Old arninan Tribe,Fertile Crescent,8,Masonry,14
-353,unlock,84,Kingdom of Ranromnagrad,Eastern Woodland,8,Masonry,14
-350,unlock,40,Kingdom of South romnamarstan,Monsoon Coastal,11,Writing,26
-349,unlock,157,Kingdom of North belbellenum,Atlantic Fringe,103,Bone and Antler Tools,10
-345,initial,273,New tansurpur Kingdom,Indic Riverine,100,Cordage and Knots,10
-345,initial,273,New tansurpur Kingdom,Indic Riverine,101,Hide Working and Tailored Clothing,10
-345,initial,273,New tansurpur Kingdom,Indic Riverine,102,Hafted Stone Tools,10
-345,initial,273,New tansurpur Kingdom,Indic Riverine,105,Food Preservation,10
-345,initial,273,New tansurpur Kingdom,Indic Riverine,106,Storage Pits and Containers,10
-345,initial,273,New tansurpur Kingdom,Indic Riverine,107,Seasonal Aggregation Camps,10
-345,initial,273,New tansurpur Kingdom,Indic Riverine,110,Dog Domestication,10
-345,initial,273,New tansurpur Kingdom,Indic Riverine,111,Grinding Stones,10
-345,initial,273,New tansurpur Kingdom,Indic Riverine,116,Charcoal Firing,10
-345,initial,273,New tansurpur Kingdom,Indic Riverine,3,Archery,10
-324,unlock,52,Old barmamaene Tribe,West Sahel,117,Proto-writing and Administrative Notation,23
-324,unlock,98,Kingdom of Old rahivatane,Oceanic Navigators,116,Charcoal Firing,11
-322,unlock,52,Old barmamaene Tribe,West Sahel,29,Machinery,24
-312,unlock,186,Kingdom of Great nalvi,Indic Riverine,109,Long-distance Exchange Networks,25
-303,unlock,45,Romromquiia Tribe,Steppe Nomadic,103,Bone and Antler Tools,10
-302,unlock,97,Kingdom of North romterland,Caribbean Seafaring,12,Shipbuilding,20
-300,unlock,2,North ratannagar Tribe,Indic Riverine,36,Printing,43
-297,unlock,120,Kingdom of Old kintergargrad,Eastern Woodland,110,Dog Domestication,11
-283,unlock,83,Kingdom of Old naviateria,Eastern Woodland,116,Charcoal Firing,10
-281,unlock,195,Old tarnor Tribe,Atlantic Fringe,16,Construction,12
-277,unlock,2,North ratannagar Tribe,Indic Riverine,32,Civil Service,44
-276,unlock,52,Old barmamaene Tribe,West Sahel,23,Engineering,25
-227,unlock,111,New suyuintillaqa Tribe,Andean Highland,110,Dog Domestication,10
-214,unlock,62,South romromia Tribe,Atlantic Fringe,9,Bronze Alloying,16
-214,unlock,210,North minhanzhou Kingdom,East Riverine,7,Wheel,16
-214,unlock,225,Great zukaene Tribe,East Horn,7,Wheel,20
-209,unlock,82,Kingdom of Great viaterkinia,Eastern Woodland,116,Charcoal Firing,11
-200,initial,274,Kinzen Kingdom,Western Plains,100,Cordage and Knots,8
-200,initial,274,Kinzen Kingdom,Western Plains,101,Hide Working and Tailored Clothing,8
-200,initial,274,Kinzen Kingdom,Western Plains,102,Hafted Stone Tools,8
-200,initial,274,Kinzen Kingdom,Western Plains,105,Food Preservation,8
-200,initial,274,Kinzen Kingdom,Western Plains,106,Storage Pits and Containers,8
-200,initial,274,Kinzen Kingdom,Western Plains,107,Seasonal Aggregation Camps,8
-200,initial,274,Kinzen Kingdom,Western Plains,111,Grinding Stones,8
-200,initial,274,Kinzen Kingdom,Western Plains,3,Archery,8
-194,unlock,164,Kingdom of North lingarter,Western Plains,116,Charcoal Firing,11
-193,unlock,61,Kingdom of New karnoria,Central Plain,16,Construction,19
-188,unlock,179,Kingdom of South lentarvenum,Mediterranean Urban,16,Construction,14
-183,unlock,40,Kingdom of South romnamarstan,Monsoon Coastal,19,Alphabet,27
-183,unlock,123,North surtankan,Indic Riverine,118,Numeracy and Measurement,20
-178,unlock,123,North surtankan,Indic Riverine,19,Alphabet,21
-166,unlock,130,Kingdom of Nordorvenland,Mediterranean Urban,8,Masonry,13
-160,initial,275,Old nalvarnala Kingdom,Indic Riverine,100,Cordage and Knots,10
-160,initial,275,Old nalvarnala Kingdom,Indic Riverine,101,Hide Working and Tailored Clothing,10
-160,initial,275,Old nalvarnala Kingdom,Indic Riverine,102,Hafted Stone Tools,10
-160,initial,275,Old nalvarnala Kingdom,Indic Riverine,105,Food Preservation,10
-160,initial,275,Old nalvarnala Kingdom,Indic Riverine,106,Storage Pits and Containers,10
-160,initial,275,Old nalvarnala Kingdom,Indic Riverine,107,Seasonal Aggregation Camps,10
-160,initial,275,Old nalvarnala Kingdom,Indic Riverine,110,Dog Domestication,10
-160,initial,275,Old nalvarnala Kingdom,Indic Riverine,111,Grinding Stones,10
-160,initial,275,Old nalvarnala Kingdom,Indic Riverine,116,Charcoal Firing,10
-160,initial,275,Old nalvarnala Kingdom,Indic Riverine,3,Archery,10
-152,unlock,2,Kingdom of South surnala,Indic Riverine,34,Banking,45
-126,unlock,210,North minhanzhou Kingdom,East Riverine,20,Agriculture,17
-109,unlock,59,Kingdom of New romdorburg,Mediterranean Urban,103,Bone and Antler Tools,11
-95,unlock,28,Kingdom of North artamum,Fertile Crescent,42,Metallurgy,20
-93,unlock,81,Kingdom of Great ayallaqintimarca,Andean Highland,8,Masonry,11
-85,unlock,8,Kingdom of Surnalnalnagar,Indic Riverine,103,Bone and Antler Tools,11
-79,unlock,123,North surtankan,Indic Riverine,15,Currency,22
-68,unlock,60,Kingdom of Great tarkarven,Central Plain,103,Bone and Antler Tools,12
-67,unlock,20,Kingdom of Old renxiaweiling,East Riverine,119,Native Copper Working,14
-65,initial,276,Barbarbarum Kingdom,Fertile Crescent,100,Cordage and Knots,10
-65,initial,276,Barbarbarum Kingdom,Fertile Crescent,101,Hide Working and Tailored Clothing,10
-65,initial,276,Barbarbarum Kingdom,Fertile Crescent,102,Hafted Stone Tools,10
-65,initial,276,Barbarbarum Kingdom,Fertile Crescent,105,Food Preservation,10
-65,initial,276,Barbarbarum Kingdom,Fertile Crescent,106,Storage Pits and Containers,10
-65,initial,276,Barbarbarum Kingdom,Fertile Crescent,107,Seasonal Aggregation Camps,10
-65,initial,276,Barbarbarum Kingdom,Fertile Crescent,110,Dog Domestication,10
-65,initial,276,Barbarbarum Kingdom,Fertile Crescent,111,Grinding Stones,10
-65,initial,276,Barbarbarum Kingdom,Fertile Crescent,116,Charcoal Firing,10
-65,initial,276,Barbarbarum Kingdom,Fertile Crescent,3,Archery,10
-63,unlock,31,Kingdom of Samar,Fertile Crescent,16,Construction,18
-58,unlock,60,Kingdom of Great tarkarven,Central Plain,8,Masonry,13
-51,unlock,168,Kingdom of South qinqinling,East Riverine,20,Agriculture,17
-48,unlock,30,Kingdom of South tamesharan,Fertile Crescent,23,Engineering,16
-44,unlock,87,Old termarlingrad Tribe,Eastern Woodland,110,Dog Domestication,10
-40,unlock,92,South zengartergrad,Western Plains,103,Bone and Antler Tools,10
-31,unlock,7,Kingdom of North kanvarvia,Indic Riverine,23,Engineering,12
-10,initial,277,New vivimitpur Kingdom,Indic Riverine,100,Cordage and Knots,11
-10,initial,277,New vivimitpur Kingdom,Indic Riverine,101,Hide Working and Tailored Clothing,11
-10,initial,277,New vivimitpur Kingdom,Indic Riverine,102,Hafted Stone Tools,11
-10,initial,277,New vivimitpur Kingdom,Indic Riverine,105,Food Preservation,11
-10,initial,277,New vivimitpur Kingdom,Indic Riverine,106,Storage Pits and Containers,11
-10,initial,277,New vivimitpur Kingdom,Indic Riverine,107,Seasonal Aggregation Camps,11
-10,initial,277,New vivimitpur Kingdom,Indic Riverine,110,Dog Domestication,11
-10,initial,277,New vivimitpur Kingdom,Indic Riverine,111,Grinding Stones,11
-10,initial,277,New vivimitpur Kingdom,Indic Riverine,116,Charcoal Firing,11
-10,initial,277,New vivimitpur Kingdom,Indic Riverine,4,Mining,11
-10,initial,277,New vivimitpur Kingdom,Indic Riverine,3,Archery,11
-8,unlock,196,Empire of North tamsamad,Fertile Crescent,113,Sedentism,12
-6,unlock,52,Old barmamaene Tribe,West Sahel,114,Enclosures and Herd Management,26
-5,unlock,7,Kingdom of North kanvarvia,Indic Riverine,29,Machinery,13
-5,unlock,40,Kingdom of South romnamarstan,Monsoon Coastal,15,Currency,29
-5,unlock,210,North minhanzhou Kingdom,East Riverine,104,Fishing Technology,18
-2,unlock,196,Empire of North tamsamad,Fertile Crescent,112,Proto-cultivation,13
6,unlock,119,Kingdom of North belnorburg,Mediterranean Highland,103,Bone and Antler Tools,11
9,unlock,151,Empire of North tansekau,West Sahel,110,Dog Domestication,10
13,unlock,108,South mitmitshapur Tribe,Indic Riverine,36,Printing,40
34,unlock,210,North minhanzhou Kingdom,East Riverine,17,Roads,19
40,initial,278,New weili Kingdom,East Riverine,100,Cordage and Knots,10
40,initial,278,New weili Kingdom,East Riverine,101,Hide Working and Tailored Clothing,10
40,initial,278,New weili Kingdom,East Riverine,102,Hafted Stone Tools,10
40,initial,278,New weili Kingdom,East Riverine,105,Food Preservation,10
40,initial,278,New weili Kingdom,East Riverine,106,Storage Pits and Containers,10
40,initial,278,New weili Kingdom,East Riverine,107,Seasonal Aggregation Camps,10
40,initial,278,New weili Kingdom,East Riverine,110,Dog Domestication,10
40,initial,278,New weili Kingdom,East Riverine,111,Grinding Stones,10
40,initial,278,New weili Kingdom,East Riverine,116,Charcoal Firing,10
40,initial,278,New weili Kingdom,East Riverine,3,Archery,10
46,unlock,125,New dusgarna Tribe,Western Plains,116,Charcoal Firing,9
46,unlock,210,North minhanzhou Kingdom,East Riverine,103,Bone and Antler Tools,21
46,unlock,210,North minhanzhou Kingdom,East Riverine,10,Irrigation,21
50,unlock,225,Great zukaene Tribe,East Horn,17,Roads,21
51,unlock,219,Great belselburg Kingdom,Mediterranean Highland,103,Bone and Antler Tools,11
55,unlock,196,Empire of North tamsamad,Fertile Crescent,104,Fishing Technology,14
58,unlock,195,Empire of Great karvenkarland,Atlantic Fringe,110,Dog Domestication,13
60,unlock,168,Kingdom of South qinqinling,East Riverine,104,Fishing Technology,18
70,unlock,168,Kingdom of South qinqinling,East Riverine,17,Roads,19
71,unlock,168,Kingdom of South qinqinling,East Riverine,103,Bone and Antler Tools,20
77,unlock,121,Kingdom of North urkalurar,Fertile Crescent,13,Iron Working,17
81,unlock,204,Great kangoara,Central Forest,112,Proto-cultivation,11
86,unlock,52,Old barmamaene Tribe,West Sahel,7,Wheel,27
91,unlock,7,Kingdom of North kanvarvia,Indic Riverine,51,Steam Engine,14
91,unlock,117,Kingdom of North belnor,Central Plain,8,Masonry,15
96,unlock,40,Kingdom of South romnamarstan,Monsoon Coastal,22,Philosophy,29
101,unlock,1,Kingdom of Great vinal,Indic Riverine,38,Mechanical Clock,29
101,unlock,121,Kingdom of North urkalurar,Fertile Crescent,16,Construction,18
101,unlock,122,Old arninan Tribe,Fertile Crescent,16,Construction,15
106,unlock,161,Old zensolsolia,Steppe Nomadic,103,Bone and Antler Tools,10
109,unlock,61,Kingdom of New karnoria,Central Plain,51,Steam Engine,20
113,unlock,121,Kingdom of North urkalurar,Fertile Crescent,42,Metallurgy,19
115,unlock,3,Kingdom of South vishapur,Indic Riverine,108,Watercraft,17
115,initial,279,Old dusdusia Kingdom,Western Plains,100,Cordage and Knots,8
115,initial,279,Old dusdusia Kingdom,Western Plains,101,Hide Working and Tailored Clothing,8
115,initial,279,Old dusdusia Kingdom,Western Plains,102,Hafted Stone Tools,8
115,initial,279,Old dusdusia Kingdom,Western Plains,105,Food Preservation,8
115,initial,279,Old dusdusia Kingdom,Western Plains,106,Storage Pits and Containers,8
115,initial,279,Old dusdusia Kingdom,Western Plains,107,Seasonal Aggregation Camps,8
115,initial,279,Old dusdusia Kingdom,Western Plains,111,Grinding Stones,8
115,initial,279,Old dusdusia Kingdom,Western Plains,3,Archery,8
116,unlock,123,North surtankan,Indic Riverine,14,Formal Mathematics,24
121,unlock,168,Kingdom of South qinqinling,East Riverine,10,Irrigation,21
129,unlock,60,Kingdom of Great tarkarven,Central Plain,119,Native Copper Working,14
130,initial,280,Solrom Kingdom,Western Plains,100,Cordage and Knots,8
130,initial,280,Solrom Kingdom,Western Plains,101,Hide Working and Tailored Clothing,8
130,initial,280,Solrom Kingdom,Western Plains,102,Hafted Stone Tools,8
130,initial,280,Solrom Kingdom,Western Plains,105,Food Preservation,8
130,initial,280,Solrom Kingdom,Western Plains,106,Storage Pits and Containers,8
130,initial,280,Solrom Kingdom,Western Plains,107,Seasonal Aggregation Camps,8
130,initial,280,Solrom Kingdom,Western Plains,111,Grinding Stones,8
130,initial,280,Solrom Kingdom,Western Plains,3,Archery,8
143,unlock,182,Great llaqkuskusa,Andean Highland,110,Dog Domestication,10
144,unlock,128,Kingdom of Old tarkarlenia,Central Plain,16,Construction,14
158,unlock,85,Kingdom of Great kinquiviagrad,Eastern Woodland,119,Native Copper Working,14
163,unlock,62,South romromia Tribe,Atlantic Fringe,103,Bone and Antler Tools,17
166,unlock,62,South romromia Tribe,Atlantic Fringe,13,Iron Working,18
171,unlock,181,Kingdom of Great qintai,East Riverine,103,Bone and Antler Tools,11
177,unlock,52,Old barmamaene Tribe,West Sahel,17,Roads,28
179,unlock,210,North minhanzhou Kingdom,East Riverine,108,Watercraft,23
179,unlock,210,North minhanzhou Kingdom,East Riverine,29,Machinery,23
182,unlock,40,Kingdom of South romnamarstan,Monsoon Coastal,30,Education,30
188,unlock,61,Kingdom of New karnoria,Central Plain,52,Industrialization,21
190,unlock,184,New solnaquiia Tribe,Eastern Woodland,103,Bone and Antler Tools,9
196,unlock,169,Great vialinia,Western Plains,110,Dog Domestication,10
209,unlock,102,South surdrasurdesh Tribe,Indic Riverine,16,Construction,13
210,unlock,61,Kingdom of New karnoria,Central Plain,60,Combustion,22
210,unlock,204,Great kangoara,Central Forest,113,Sedentism,12
215,unlock,61,Kingdom of New karnoria,Central Plain,23,Engineering,23
222,unlock,7,Kingdom of North kanvarvia,Indic Riverine,52,Industrialization,15
231,unlock,108,Republic of South mitmitshapur,Indic Riverine,44,Architecture,41
231,unlock,225,Great zukaene Tribe,East Horn,29,Machinery,22
235,unlock,3,Kingdom of South vishapur,Indic Riverine,29,Machinery,18
244,unlock,243,South chiofiofia Kingdom,Central Forest,4,Mining,11
248,unlock,29,Kingdom of Old ashbelurar,Fertile Crescent,8,Masonry,14
260,unlock,123,Great varravia,Indic Riverine,21,Drama and Poetry,26
260,unlock,123,Great varravia,Indic Riverine,22,Philosophy,26
260,initial,281,North qintaihan Kingdom,East Riverine,100,Cordage and Knots,10
260,initial,281,North qintaihan Kingdom,East Riverine,101,Hide Working and Tailored Clothing,10
260,initial,281,North qintaihan Kingdom,East Riverine,102,Hafted Stone Tools,10
260,initial,281,North qintaihan Kingdom,East Riverine,105,Food Preservation,10
260,initial,281,North qintaihan Kingdom,East Riverine,106,Storage Pits and Containers,10
260,initial,281,North qintaihan Kingdom,East Riverine,107,Seasonal Aggregation Camps,10
260,initial,281,North qintaihan Kingdom,East Riverine,110,Dog Domestication,10
260,initial,281,North qintaihan Kingdom,East Riverine,111,Grinding Stones,10
260,initial,281,North qintaihan Kingdom,East Riverine,116,Charcoal Firing,10
260,initial,281,North qintaihan Kingdom,East Riverine,3,Archery,10
265,unlock,3,Kingdom of South vishapur,Indic Riverine,7,Wheel,20
269,unlock,148,Kingdom of North qoripachrum,Andean Highland,8,Masonry,13
270,unlock,7,Kingdom of North kanvarvia,Indic Riverine,60,Combustion,16
270,initial,282,Old sengoene Kingdom,Central Forest,100,Cordage and Knots,10
270,initial,282,Old sengoene Kingdom,Central Forest,101,Hide Working and Tailored Clothing,10
270,initial,282,Old sengoene Kingdom,Central Forest,102,Hafted Stone Tools,10
270,initial,282,Old sengoene Kingdom,Central Forest,103,Bone and Antler Tools,10
270,initial,282,Old sengoene Kingdom,Central Forest,105,Food Preservation,10
270,initial,282,Old sengoene Kingdom,Central Forest,106,Storage Pits and Containers,10
270,initial,282,Old sengoene Kingdom,Central Forest,107,Seasonal Aggregation Camps,10
270,initial,282,Old sengoene Kingdom,Central Forest,111,Grinding Stones,10
270,initial,282,Old sengoene Kingdom,Central Forest,116,Charcoal Firing,10
270,initial,282,Old sengoene Kingdom,Central Forest,3,Archery,10
280,unlock,28,Kingdom of North artamum,Fertile Crescent,28,Steel,21
280,unlock,210,North minhanzhou Kingdom,East Riverine,5,Sailing,24
285,initial,283,North kiritaneua Kingdom,Oceanic Navigators,100,Cordage and Knots,7
285,initial,283,North kiritaneua Kingdom,Oceanic Navigators,101,Hide Working and Tailored Clothing,7
285,initial,283,North kiritaneua Kingdom,Oceanic Navigators,102,Hafted Stone Tools,7
285,initial,283,North kiritaneua Kingdom,Oceanic Navigators,105,Food Preservation,7
285,initial,283,North kiritaneua Kingdom,Oceanic Navigators,106,Storage Pits and Containers,7
285,initial,283,North kiritaneua Kingdom,Oceanic Navigators,107,Seasonal Aggregation Camps,7
285,initial,283,North kiritaneua Kingdom,Oceanic Navigators,3,Archery,7
286,unlock,31,Kingdom of Samar,Fertile Crescent,23,Engineering,19
288,unlock,107,New soldus Tribe,Western Plains,103,Bone and Antler Tools,11
288,unlock,179,Kingdom of South lentarvenum,Mediterranean Urban,119,Native Copper Working,15
289,unlock,209,Kingdom of New ranteria,Eastern Woodland,103,Bone and Antler Tools,9
296,unlock,182,Great llaqkuskusa,Andean Highland,103,Bone and Antler Tools,11
298,unlock,159,Kingdom of Ofiseene,West Sahel,115,Counting Tokens and Tallies,13
300,unlock,31,Kingdom of Samar,Fertile Crescent,42,Metallurgy,20
300,unlock,78,Kingdom of North ayaaya,Andean Highland,8,Masonry,12
301,unlock,186,Kingdom of Great nalvi,Indic Riverine,29,Machinery,26
308,unlock,109,Old viasolzengrad Tribe,Eastern Woodland,16,Construction,15
310,unlock,81,Kingdom of Great ayallaqintimarca,Andean Highland,110,Dog Domestication,12
321,unlock,109,Old viasolzengrad Tribe,Eastern Woodland,103,Bone and Antler Tools,16
323,unlock,210,North minhanzhou Kingdom,East Riverine,38,Mechanical Clock,25
326,unlock,158,North barbarngoene Kingdom,West Sahel,29,Machinery,22
328,unlock,168,Kingdom of South qinqinling,East Riverine,29,Machinery,22
341,unlock,31,Kingdom of Samar,Fertile Crescent,29,Machinery,21
344,unlock,204,Great kangoara,Central Forest,110,Dog Domestication,13
345,unlock,210,North minhanzhou Kingdom,East Riverine,109,Long-distance Exchange Networks,26
347,unlock,240,Empire of Great ninkalar,Fertile Crescent,104,Fishing Technology,11
351,unlock,158,North barbarngoene Kingdom,West Sahel,23,Engineering,23
353,unlock,28,Kingdom of North artamum,Fertile Crescent,23,Engineering,22
354,unlock,123,Great varravia,Indic Riverine,33,Paper,27
354,unlock,160,Empire of South kamaa,West Sahel,103,Bone and Antler Tools,11
356,unlock,40,Kingdom of South romnamarstan,Monsoon Coastal,21,Drama and Poetry,31
359,unlock,31,Kingdom of Samar,Fertile Crescent,25,Metal Casting,22
360,unlock,94,Kingdom of Zenqui,Western Plains,8,Masonry,12
362,unlock,170,Kingdom of Tanchizuara,North Saharan,113,Sedentism,11
363,unlock,166,Empire of New ngotanene,West Sahel,110,Dog Domestication,10
365,unlock,196,Empire of North tamsamad,Fertile Crescent,6,Calendar,15
368,unlock,204,Great kangoara,Central Forest,104,Fishing Technology,14
371,unlock,3,Kingdom of South vishapur,Indic Riverine,5,Sailing,21
373,unlock,225,Great zukaene Tribe,East Horn,23,Engineering,23
379,unlock,30,Kingdom of New kaltaman,Fertile Crescent,120,Copper Smelting,17
390,unlock,123,Great varravia,Indic Riverine,27,Democracy,28
394,unlock,102,South surdrasurdesh Tribe,Indic Riverine,119,Native Copper Working,14
396,unlock,3,Kingdom of South vishapur,Indic Riverine,117,Proto-writing and Administrative Notation,22
398,unlock,40,Kingdom of South romnamarstan,Monsoon Coastal,33,Paper,32
400,unlock,170,Kingdom of Tanchizuara,North Saharan,112,Proto-cultivation,12
401,unlock,240,Empire of Great ninkalar,Fertile Crescent,113,Sedentism,12
404,unlock,152,North nalorbelia,Steppe Nomadic,116,Charcoal Firing,11
406,unlock,123,Great varravia,Indic Riverine,24,Optics,29
408,unlock,210,North minhanzhou Kingdom,East Riverine,12,Shipbuilding,27
413,unlock,60,Kingdom of Great tarkarven,Central Plain,120,Copper Smelting,15
414,unlock,4,Kingdom of Great shatana,Indic Riverine,38,Mechanical Clock,29
421,unlock,83,Kingdom of Old naviateria,Eastern Woodland,110,Dog Domestication,11
429,unlock,61,Kingdom of New karnoria,Central Plain,29,Machinery,24
431,unlock,179,Kingdom of South lentarvenum,Mediterranean Urban,23,Engineering,16
433,unlock,78,Kingdom of North ayaaya,Andean Highland,110,Dog Domestication,13
433,unlock,84,Kingdom of South zenromdusgrad,Eastern Woodland,16,Construction,15
437,unlock,0,Kingdom of Old varvinagar,Indic Riverine,38,Mechanical Clock,31
438,unlock,123,Great varravia,Indic Riverine,30,Education,30
442,unlock,6,Kingdom of North kansura,Indic Riverine,103,Bone and Antler Tools,11
442,unlock,168,Kingdom of South qinqinling,East Riverine,38,Mechanical Clock,23
445,unlock,165,Kingdom of Barngoa,West Sahel,114,Enclosures and Herd Management,13
450,unlock,146,Kingdom of North quilinlorgrad,Eastern Woodland,116,Charcoal Firing,10
452,unlock,2,Republic of Kingdom of South surnala,Indic Riverine,49,Scientific Method,46
453,unlock,121,Kingdom of North urkalurar,Fertile Crescent,25,Metal Casting,20
453,unlock,196,Empire of North tamsamad,Fertile Crescent,115,Counting Tokens and Tallies,16
464,unlock,169,Great vialinia,Western Plains,116,Charcoal Firing,11
472,unlock,110,Garnagrad Tribe,Western Plains,103,Bone and Antler Tools,9
472,unlock,141,Kingdom of South lingar,Steppe Nomadic,116,Charcoal Firing,11
475,initial,284,Great kirikai Kingdom,Oceanic Navigators,100,Cordage and Knots,7
475,initial,284,Great kirikai Kingdom,Oceanic Navigators,101,Hide Working and Tailored Clothing,7
475,initial,284,Great kirikai Kingdom,Oceanic Navigators,102,Hafted Stone Tools,7
475,initial,284,Great kirikai Kingdom,Oceanic Navigators,105,Food Preservation,7
475,initial,284,Great kirikai Kingdom,Oceanic Navigators,106,Storage Pits and Containers,7
475,initial,284,Great kirikai Kingdom,Oceanic Navigators,107,Seasonal Aggregation Camps,7
475,initial,284,Great kirikai Kingdom,Oceanic Navigators,3,Archery,7
478,unlock,199,Kingdom of North varkannagar,Indic Riverine,103,Bone and Antler Tools,11
484,unlock,123,Great varravia,Indic Riverine,112,Proto-cultivation,31
487,unlock,2,Republic of Kingdom of South surnala,Indic Riverine,44,Architecture,47
504,unlock,117,Kingdom of North belnor,Central Plain,9,Bronze Alloying,16
504,unlock,165,Kingdom of Barngoa,West Sahel,104,Fishing Technology,14
508,unlock,2,Republic of Kingdom of South surnala,Indic Riverine,35,Markets,48
510,unlock,3,Kingdom of South vishapur,Indic Riverine,23,Engineering,23
510,initial,285,New vardrapur Kingdom,Indic Riverine,100,Cordage and Knots,10
510,initial,285,New vardrapur Kingdom,Indic Riverine,101,Hide Working and Tailored Clothing,10
510,initial,285,New vardrapur Kingdom,Indic Riverine,102,Hafted Stone Tools,10
510,initial,285,New vardrapur Kingdom,Indic Riverine,105,Food Preservation,10
510,initial,285,New vardrapur Kingdom,Indic Riverine,106,Storage Pits and Containers,10
510,initial,285,New vardrapur Kingdom,Indic Riverine,107,Seasonal Aggregation Camps,10
510,initial,285,New vardrapur Kingdom,Indic Riverine,110,Dog Domestication,10
510,initial,285,New vardrapur Kingdom,Indic Riverine,111,Grinding Stones,10
510,initial,285,New vardrapur Kingdom,Indic Riverine,116,Charcoal Firing,10
510,initial,285,New vardrapur Kingdom,Indic Riverine,3,Archery,10
516,unlock,122,Kingdom of Great ninbelan,Fertile Crescent,42,Metallurgy,16
519,unlock,241,Old rumpachmarca Kingdom,Andean Highland,4,Mining,10
523,unlock,204,Great kangoara,Central Forest,20,Agriculture,16
523,unlock,204,Great kangoara,Central Forest,6,Calendar,16
530,unlock,132,Kingdom of North garteria,Western Plains,103,Bone and Antler Tools,10
531,unlock,3,Kingdom of South vishapur,Indic Riverine,109,Long-distance Exchange Networks,24
531,unlock,123,Great varravia,Indic Riverine,108,Watercraft,32
537,unlock,144,Great romgarnastan,Western Plains,120,Copper Smelting,15
540,unlock,63,Kingdom of New vendorland,Atlantic Fringe,23,Engineering,16
540,unlock,130,Kingdom of Nordorvenland,Mediterranean Urban,16,Construction,14
542,unlock,20,Kingdom of Old renxiaweiling,East Riverine,120,Copper Smelting,15
543,unlock,175,North intiayaa,Andean Highland,8,Masonry,11
543,unlock,184,New solnaquiia Tribe,Eastern Woodland,116,Charcoal Firing,10
544,unlock,178,Old viradra Kingdom,Indic Riverine,8,Masonry,12
548,unlock,204,Great kangoara,Central Forest,115,Counting Tokens and Tallies,17
550,unlock,30,Kingdom of New kaltaman,Fertile Crescent,9,Bronze Alloying,17
552,unlock,40,Kingdom of South romnamarstan,Monsoon Coastal,32,Civil Service,33
553,unlock,149,Kingdom of North aldor,Central Plain,119,Native Copper Working,15
560,unlock,63,Kingdom of New vendorland,Atlantic Fringe,51,Steam Engine,17
561,unlock,90,Kingdom of Great nalin,Western Plains,116,Charcoal Firing,9
571,unlock,63,Kingdom of New vendorland,Atlantic Fringe,52,Industrialization,18
572,unlock,90,Kingdom of Great nalin,Western Plains,103,Bone and Antler Tools,10
576,unlock,169,Great vialinia,Western Plains,103,Bone and Antler Tools,12
577,unlock,109,Great beldusstan,Eastern Woodland,9,Bronze Alloying,17
577,unlock,117,Kingdom of North belnor,Central Plain,52,Industrialization,17
579,unlock,258,Empire of South ngosekaara,East Horn,118,Numeracy and Measurement,20
580,initial,286,South rumsuyuyu Kingdom,Andean Highland,100,Cordage and Knots,9
580,initial,286,South rumsuyuyu Kingdom,Andean Highland,101,Hide Working and Tailored Clothing,9
580,initial,286,South rumsuyuyu Kingdom,Andean Highland,102,Hafted Stone Tools,9
580,initial,286,South rumsuyuyu Kingdom,Andean Highland,105,Food Preservation,9
580,initial,286,South rumsuyuyu Kingdom,Andean Highland,106,Storage Pits and Containers,9
580,initial,286,South rumsuyuyu Kingdom,Andean Highland,107,Seasonal Aggregation Camps,9
580,initial,286,South rumsuyuyu Kingdom,Andean Highland,111,Grinding Stones,9
580,initial,286,South rumsuyuyu Kingdom,Andean Highland,116,Charcoal Firing,9
580,initial,286,South rumsuyuyu Kingdom,Andean Highland,3,Archery,9
581,unlock,179,Kingdom of South lentarvenum,Mediterranean Urban,51,Steam Engine,17
586,unlock,108,Republic of South mitmitshapur,Indic Riverine,35,Markets,42
587,unlock,204,Great kangoara,Central Forest,114,Enclosures and Herd Management,18
594,unlock,3,Kingdom of South vishapur,Indic Riverine,17,Roads,26
594,unlock,3,Kingdom of South vishapur,Indic Riverine,18,Horseback Riding,26
595,unlock,253,Great kaluran Kingdom,Fertile Crescent,4,Mining,11
597,unlock,62,South romromia Tribe,Atlantic Fringe,25,Metal Casting,19
597,unlock,155,New kaofilam Tribe,West Sahel,29,Machinery,27
602,unlock,123,Great varravia,Indic Riverine,36,Printing,33
604,unlock,165,Kingdom of Barngoa,West Sahel,115,Counting Tokens and Tallies,15
605,unlock,121,Kingdom of North urkalurar,Fertile Crescent,28,Steel,21
607,unlock,30,Kingdom of New kaltaman,Fertile Crescent,42,Metallurgy,18
610,unlock,175,North intiayaa,Andean Highland,103,Bone and Antler Tools,12
618,unlock,186,Kingdom of Great nalvi,Indic Riverine,38,Mechanical Clock,27
620,unlock,63,Kingdom of New vendorland,Atlantic Fringe,60,Combustion,19
625,initial,287,North barofia Kingdom,Central Forest,100,Cordage and Knots,10
625,initial,287,North barofia Kingdom,Central Forest,101,Hide Working and Tailored Clothing,10
625,initial,287,North barofia Kingdom,Central Forest,102,Hafted Stone Tools,10
625,initial,287,North barofia Kingdom,Central Forest,103,Bone and Antler Tools,10
625,initial,287,North barofia Kingdom,Central Forest,105,Food Preservation,10
625,initial,287,North barofia Kingdom,Central Forest,106,Storage Pits and Containers,10
625,initial,287,North barofia Kingdom,Central Forest,107,Seasonal Aggregation Camps,10
625,initial,287,North barofia Kingdom,Central Forest,111,Grinding Stones,10
625,initial,287,North barofia Kingdom,Central Forest,116,Charcoal Firing,10
625,initial,287,North barofia Kingdom,Central Forest,3,Archery,10
626,unlock,31,Kingdom of Samar,Fertile Crescent,51,Steam Engine,23
626,unlock,62,South romromia Tribe,Atlantic Fringe,42,Metallurgy,20
630,unlock,78,Kingdom of North ayaaya,Andean Highland,119,Native Copper Working,14
631,unlock,204,Great kangoara,Central Forest,108,Watercraft,19
635,unlock,9,Kingdom of New shanaldesh,Indic Riverine,119,Native Copper Working,12
636,unlock,31,Kingdom of Samar,Fertile Crescent,52,Industrialization,24
637,unlock,128,Kingdom of Old tarkarlenia,Central Plain,119,Native Copper Working,15
638,unlock,117,Kingdom of North belnor,Central Plain,60,Combustion,18
639,unlock,123,Great varravia,Indic Riverine,32,Civil Service,34
648,unlock,192,Kingdom of Great drasurvarpur,Indic Riverine,103,Bone and Antler Tools,11
651,unlock,168,Kingdom of South qinqinling,East Riverine,23,Engineering,24
655,unlock,40,Kingdom of South romnamarstan,Monsoon Coastal,27,Democracy,34
659,unlock,85,Kingdom of Great kinquiviagrad,Eastern Woodland,120,Copper Smelting,15
662,unlock,194,Kingdom of Great mitrakana,Indic Riverine,103,Bone and Antler Tools,11
665,unlock,60,Kingdom of Great tarkarven,Central Plain,9,Bronze Alloying,16
667,unlock,20,Kingdom of Old renxiaweiling,East Riverine,16,Construction,16
673,unlock,204,Great kangoara,Central Forest,7,Wheel,20
674,unlock,204,Great kangoara,Central Forest,117,Proto-writing and Administrative Notation,21
676,unlock,6,Kingdom of North kansura,Indic Riverine,23,Engineering,12
677,unlock,63,Kingdom of New vendorland,Atlantic Fringe,29,Machinery,20
678,unlock,123,Great varravia,Indic Riverine,39,Universities,35
680,unlock,108,Republic of South mitmitshapur,Indic Riverine,38,Mechanical Clock,43
682,unlock,196,Empire of North tamsamad,Fertile Crescent,114,Enclosures and Herd Management,17
684,unlock,159,Kingdom of Great barmabara,West Sahel,110,Dog Domestication,14
686,unlock,31,Kingdom of Samar,Fertile Crescent,54,Electricity,25
686,unlock,204,Great kangoara,Central Forest,10,Irrigation,22
688,unlock,31,Kingdom of Samar,Fertile Crescent,60,Combustion,26
689,unlock,3,Kingdom of South vishapur,Indic Riverine,12,Shipbuilding,27
689,unlock,117,Kingdom of North belnor,Central Plain,51,Steam Engine,19
689,unlock,165,Kingdom of Barngoa,West Sahel,110,Dog Domestication,16
692,unlock,196,Empire of North tamsamad,Fertile Crescent,108,Watercraft,18
693,unlock,240,Empire of Great ninkalar,Fertile Crescent,112,Proto-cultivation,13
700,unlock,183,Dusquirom,Western Plains,4,Mining,9
702,unlock,123,Great varravia,Indic Riverine,31,Acoustics,36
707,unlock,92,South zengartergrad,Western Plains,116,Charcoal Firing,11
709,unlock,161,Old zensolsolia,Steppe Nomadic,116,Charcoal Firing,11
709,unlock,258,Empire of South ngosekaara,East Horn,15,Currency,21
712,unlock,186,Kingdom of Great nalvi,Indic Riverine,23,Engineering,28
715,unlock,204,Great kangoara,Central Forest,5,Sailing,23
716,unlock,179,Kingdom of South lentarvenum,Mediterranean Urban,120,Copper Smelting,18
725,unlock,244,Kingdom of Old samuran,Fertile Crescent,4,Mining,11
729,unlock,40,Kingdom of South romnamarstan,Monsoon Coastal,14,Formal Mathematics,35
732,unlock,63,Kingdom of New vendorland,Atlantic Fringe,41,Chemistry,21
738,unlock,29,Kingdom of Old ashbelurar,Fertile Crescent,16,Construction,15
739,unlock,179,Kingdom of South lentarvenum,Mediterranean Urban,52,Industrialization,19
741,unlock,123,Great varravia,Indic Riverine,5,Sailing,37
749,unlock,30,Kingdom of New kaltaman,Fertile Crescent,51,Steam Engine,20
751,unlock,151,Empire of New zukazuene,West Sahel,103,Bone and Antler Tools,11
752,unlock,7,Kingdom of North kanvarvia,Indic Riverine,64,Electronics,17
752,unlock,108,Republic of South mitmitshapur,Indic Riverine,49,Scientific Method,44
755,unlock,30,Kingdom of New kaltaman,Fertile Crescent,13,Iron Working,21
755,unlock,111,New suyuintillaqa Tribe,Andean Highland,103,Bone and Antler Tools,11
757,unlock,7,Kingdom of North kanvarvia,Indic Riverine,63,Mass Production,18
760,unlock,107,New soldus Tribe,Western Plains,8,Masonry,12
767,unlock,204,Great kangoara,Central Forest,109,Long-distance Exchange Networks,24
771,unlock,31,Kingdom of Samar,Fertile Crescent,63,Mass Production,27
771,unlock,179,Kingdom of South lentarvenum,Mediterranean Urban,60,Combustion,20
772,unlock,7,Kingdom of North kanvarvia,Indic Riverine,69,Computers,19
772,unlock,7,Kingdom of North kanvarvia,Indic Riverine,70,Transistors,19
775,unlock,6,Kingdom of North shasurdesh,Indic Riverine,29,Machinery,13
781,unlock,62,South romromia Tribe,Atlantic Fringe,41,Chemistry,21
782,unlock,204,Great kangoara,Central Forest,17,Roads,25
785,unlock,7,Kingdom of North kanvarvia,Indic Riverine,76,Integrated Circuit,20
786,unlock,30,Kingdom of New kaltaman,Fertile Crescent,52,Industrialization,22
787,unlock,110,Garnagrad Tribe,Western Plains,116,Charcoal Firing,10
787,unlock,196,Empire of North tamsamad,Fertile Crescent,20,Agriculture,19
789,unlock,7,Kingdom of North kanvarvia,Indic Riverine,79,Internet,21
792,unlock,7,Kingdom of North kanvarvia,Indic Riverine,85,Artificial Intelligence,23
792,unlock,31,Kingdom of Samar,Fertile Crescent,64,Electronics,28
795,unlock,179,Kingdom of South lentarvenum,Mediterranean Urban,29,Machinery,21
795,unlock,240,Empire of Great ninkalar,Fertile Crescent,6,Calendar,14
797,unlock,7,Kingdom of North kanvarvia,Indic Riverine,91,Quantum Computing,24
800,unlock,90,Kingdom of Great nalin,Western Plains,110,Dog Domestication,11
801,unlock,31,Kingdom of Samar,Fertile Crescent,70,Transistors,29
801,unlock,109,Great beldusstan,Eastern Woodland,13,Iron Working,18
808,unlock,31,Kingdom of Samar,Fertile Crescent,76,Integrated Circuit,30
809,unlock,87,Old termarlingrad Tribe,Eastern Woodland,116,Charcoal Firing,11
809,unlock,240,Empire of Great ninkalar,Fertile Crescent,103,Bone and Antler Tools,15
810,unlock,2,Republic of Kingdom of South surnala,Indic Riverine,38,Mechanical Clock,49
811,unlock,149,Kingdom of North aldor,Central Plain,60,Combustion,16
819,unlock,258,Empire of South ngosekaara,East Horn,17,Roads,22
820,unlock,166,Empire of New ofichichiara,West Sahel,103,Bone and Antler Tools,11
821,unlock,204,Great kangoara,Central Forest,12,Shipbuilding,26
826,unlock,24,Kingdom of South weiqinzho,East Riverine,103,Bone and Antler Tools,12
829,unlock,123,Great varravia,Indic Riverine,34,Banking,38
830,unlock,204,Great kangoara,Central Forest,118,Numeracy and Measurement,27
838,unlock,10,Old varmitdesh Tribe,Indic Riverine,38,Mechanical Clock,29
838,unlock,85,Kingdom of Great kinquiviagrad,Eastern Woodland,9,Bronze Alloying,16
839,unlock,144,Great romgarnastan,Western Plains,16,Construction,16
840,unlock,108,Republic of South mitmitshapur,Indic Riverine,45,Economics,45
840,unlock,196,Empire of North tamsamad,Fertile Crescent,117,Proto-writing and Administrative Notation,20
842,unlock,40,New zenromgrad,Monsoon Coastal,24,Optics,36
843,unlock,115,Kingdom of New lixialiguo,East Riverine,23,Engineering,12
844,unlock,125,New dusgarna Tribe,Western Plains,103,Bone and Antler Tools,10
846,unlock,117,Kingdom of North belnor,Central Plain,42,Metallurgy,20
846,unlock,136,Kingdom of Lorlorzenland,Steppe Nomadic,103,Bone and Antler Tools,10
851,unlock,196,Empire of North tamsamad,Fertile Crescent,7,Wheel,21
852,unlock,176,Kingdom of Zenzenland,Western Plains,110,Dog Domestication,9
854,unlock,204,Great kangoara,Central Forest,15,Currency,28
859,unlock,30,Kingdom of New kaltaman,Fertile Crescent,60,Combustion,23
862,unlock,245,Kingdom of New kalamkaene,West Sahel,20,Agriculture,13
864,unlock,30,Kingdom of New kaltaman,Fertile Crescent,63,Mass Production,24
864,unlock,97,Kingdom of North romterland,Caribbean Seafaring,112,Proto-cultivation,21
867,unlock,245,Kingdom of New kalamkaene,West Sahel,115,Counting Tokens and Tallies,14
874,unlock,30,Kingdom of South eshashbaran,Fertile Crescent,54,Electricity,25
876,unlock,258,Empire of South ngosekaara,East Horn,108,Watercraft,23
877,unlock,169,Great vialinia,Western Plains,8,Masonry,13
877,unlock,233,Kingdom of Old varmitvarpur,Indic Riverine,103,Bone and Antler Tools,11
883,unlock,31,Kingdom of Samar,Fertile Crescent,69,Computers,31
886,unlock,30,Kingdom of South eshashbaran,Fertile Crescent,64,Electronics,26
889,unlock,30,Kingdom of South eshashbaran,Fertile Crescent,29,Machinery,27
889,unlock,40,New zenromgrad,Monsoon Coastal,31,Acoustics,39
892,unlock,31,Kingdom of Samar,Fertile Crescent,79,Internet,32
894,unlock,31,Kingdom of Samar,Fertile Crescent,85,Artificial Intelligence,33
894,unlock,260,Old kusqoritupyu Kingdom,Andean Highland,103,Bone and Antler Tools,10
896,unlock,30,Kingdom of South eshashbaran,Fertile Crescent,70,Transistors,28
897,unlock,30,Kingdom of South eshashbaran,Fertile Crescent,69,Computers,29
898,unlock,31,Kingdom of Samar,Fertile Crescent,91,Quantum Computing,34
904,unlock,196,Empire of North tamsamad,Fertile Crescent,10,Irrigation,22
906,unlock,149,Kingdom of North aldor,Central Plain,52,Industrialization,17
909,unlock,7,Kingdom of North kanvarvia,Indic Riverine,54,Electricity,25
914,unlock,30,Kingdom of South eshashbaran,Fertile Crescent,76,Integrated Circuit,30
914,unlock,131,Kingdom of New marlinland,Steppe Nomadic,103,Bone and Antler Tools,10
921,unlock,86,Kingdom of New linkinranstan,Eastern Woodland,23,Engineering,12
923,unlock,196,Empire of North tamsamad,Fertile Crescent,5,Sailing,23
925,unlock,275,Old nalvarnala Kingdom,Indic Riverine,4,Mining,11
938,unlock,108,Republic of South mitmitshapur,Indic Riverine,91,Quantum Computing,46
938,unlock,165,Kingdom of Barngoa,West Sahel,20,Agriculture,17
945,unlock,117,Kingdom of North belnor,Central Plain,13,Iron Working,21
945,unlock,179,Kingdom of South lentarvenum,Mediterranean Urban,9,Bronze Alloying,22
948,unlock,240,Empire of Great ninkalar,Fertile Crescent,115,Counting Tokens and Tallies,16
956,unlock,196,Empire of North tamsamad,Fertile Crescent,17,Roads,24
957,unlock,30,Kingdom of South eshashbaran,Fertile Crescent,79,Internet,31
961,unlock,30,Kingdom of South eshashbaran,Fertile Crescent,85,Artificial Intelligence,33
961,unlock,30,Kingdom of South eshashbaran,Fertile Crescent,91,Quantum Computing,33
964,unlock,3,Kingdom of South vishapur,Indic Riverine,38,Mechanical Clock,28
964,unlock,245,Kingdom of New kalamkaene,West Sahel,104,Fishing Technology,15
965,unlock,122,Kingdom of Great ninbelan,Fertile Crescent,23,Engineering,17
969,unlock,31,Kingdom of Samar,Fertile Crescent,28,Steel,35
970,unlock,2,Republic of Kingdom of South surnala,Indic Riverine,40,Astronomy,50
972,unlock,128,Kingdom of Old tarkarlenia,Central Plain,60,Combustion,16
979,unlock,201,Empire of North mangotanara,Nile Floodplain,29,Machinery,25
984,unlock,209,Kingdom of Lorromteria,Eastern Woodland,110,Dog Domestication,10
986,unlock,108,Republic of South mitmitshapur,Indic Riverine,76,Integrated Circuit,48
986,unlock,108,Republic of South mitmitshapur,Indic Riverine,85,Artificial Intelligence,48
987,unlock,165,Kingdom of Barngoa,West Sahel,7,Wheel,18
993,unlock,227,Great minliguo Tribe,East Riverine,103,Bone and Antler Tools,11
994,unlock,196,Empire of North tamsamad,Fertile Crescent,109,Long-distance Exchange Networks,25
997,unlock,128,Kingdom of Old tarkarlenia,Central Plain,52,Industrialization,17
999,unlock,26,Kingdom of Great taizhozhou,East Riverine,23,Engineering,12
1008,unlock,123,Great varravia,Indic Riverine,49,Scientific Method,37
1012,unlock,85,Kingdom of Great kinquiviagrad,Eastern Woodland,42,Metallurgy,17
1015,unlock,245,Kingdom of New kalamkaene,West Sahel,10,Irrigation,16
1020,unlock,30,Kingdom of South eshashbaran,Fertile Crescent,41,Chemistry,34
1023,unlock,121,Kingdom of North urkalurar,Fertile Crescent,63,Mass Production,22
1024,unlock,121,Kingdom of North urkalurar,Fertile Crescent,60,Combustion,23
1025,unlock,30,Kingdom of South eshashbaran,Fertile Crescent,25,Metal Casting,35
1028,unlock,121,Kingdom of North urkalurar,Fertile Crescent,64,Electronics,24
1030,unlock,121,Kingdom of North urkalurar,Fertile Crescent,85,Artificial Intelligence,26
1030,unlock,121,Kingdom of North urkalurar,Fertile Crescent,91,Quantum Computing,26
1031,unlock,121,Kingdom of North urkalurar,Fertile Crescent,69,Computers,28
1031,unlock,121,Kingdom of North urkalurar,Fertile Crescent,79,Internet,28
1032,unlock,121,Kingdom of North urkalurar,Fertile Crescent,76,Integrated Circuit,29
1032,unlock,165,Kingdom of Barngoa,West Sahel,103,Bone and Antler Tools,19
1033,unlock,108,Republic of South mitmitshapur,Indic Riverine,79,Internet,49
1033,unlock,128,Kingdom of Old tarkarlenia,Central Plain,51,Steam Engine,18
1034,unlock,270,North tantanmau Kingdom,Central Forest,113,Sedentism,11
1035,unlock,245,Kingdom of New kalamkaene,West Sahel,117,Proto-writing and Administrative Notation,17
1037,unlock,3,Kingdom of South vishapur,Indic Riverine,76,Integrated Circuit,29
1037,unlock,121,Kingdom of North urkalurar,Fertile Crescent,70,Transistors,30
1040,unlock,165,Kingdom of Barngoa,West Sahel,108,Watercraft,20
1050,unlock,149,Kingdom of North aldor,Central Plain,51,Steam Engine,18
1053,unlock,28,Kingdom of North artamum,Fertile Crescent,63,Mass Production,23
1053,unlock,165,Kingdom of Barngoa,West Sahel,10,Irrigation,21
1053,unlock,209,Kingdom of Lorromteria,Eastern Woodland,116,Charcoal Firing,11
1054,unlock,28,Kingdom of North artamum,Fertile Crescent,79,Internet,24
1054,unlock,171,Kingdom of Kuspachayana,Andean Highland,4,Mining,10
1055,unlock,28,Kingdom of North artamum,Fertile Crescent,76,Integrated Circuit,25
1056,unlock,28,Kingdom of North artamum,Fertile Crescent,69,Computers,26
1058,unlock,128,Kingdom of Old tarkarlenia,Central Plain,23,Engineering,19
1059,unlock,28,Kingdom of North artamum,Fertile Crescent,64,Electronics,27
1059,unlock,192,Kingdom of Great drasurvarpur,Indic Riverine,104,Fishing Technology,12
1060,unlock,105,Kingdom of North romromsolia,Steppe Nomadic,116,Charcoal Firing,11
1064,unlock,28,Kingdom of North artamum,Fertile Crescent,70,Transistors,28
1066,unlock,28,Kingdom of North artamum,Fertile Crescent,60,Combustion,31
1066,unlock,28,Kingdom of North artamum,Fertile Crescent,85,Artificial Intelligence,31
1066,unlock,28,Kingdom of North artamum,Fertile Crescent,91,Quantum Computing,31
1068,unlock,240,Empire of Great ninkalar,Fertile Crescent,114,Enclosures and Herd Management,17
1069,unlock,204,Great kangoara,Central Forest,23,Engineering,29
1071,unlock,85,Kingdom of Great kinquiviagrad,Eastern Woodland,13,Iron Working,18
1076,unlock,60,Kingdom of Great tarkarven,Central Plain,16,Construction,17
1077,unlock,119,Kingdom of North belnorburg,Mediterranean Highland,23,Engineering,12
1077,unlock,121,Kingdom of North urkalurar,Fertile Crescent,52,Industrialization,31
1077,unlock,201,Empire of North mangotanara,Nile Floodplain,23,Engineering,26
1078,unlock,121,Kingdom of North urkalurar,Fertile Crescent,54,Electricity,32
1083,unlock,109,New marquisolgrad,Eastern Woodland,25,Metal Casting,19
1088,unlock,169,Great vialinia,Western Plains,119,Native Copper Working,14
1094,unlock,211,Kingdom of North drasha,Indic Riverine,103,Bone and Antler Tools,11
1095,unlock,60,Kingdom of Great tarkarven,Central Plain,60,Combustion,18
1096,unlock,25,South minlinshan,East Riverine,103,Bone and Antler Tools,11
1096,unlock,40,New zenromgrad,Monsoon Coastal,26,Compass,38
1097,unlock,81,Kingdom of Great ayallaqintimarca,Andean Highland,119,Native Copper Working,13
1100,initial,288,South ofiofilamara Kingdom,East Horn,100,Cordage and Knots,18
1100,initial,288,South ofiofilamara Kingdom,East Horn,101,Hide Working and Tailored Clothing,18
1100,initial,288,South ofiofilamara Kingdom,East Horn,102,Hafted Stone Tools,18
1100,initial,288,South ofiofilamara Kingdom,East Horn,103,Bone and Antler Tools,18
1100,initial,288,South ofiofilamara Kingdom,East Horn,104,Fishing Technology,18
1100,initial,288,South ofiofilamara Kingdom,East Horn,105,Food Preservation,18
1100,initial,288,South ofiofilamara Kingdom,East Horn,106,Storage Pits and Containers,18
1100,initial,288,South ofiofilamara Kingdom,East Horn,107,Seasonal Aggregation Camps,18
1100,initial,288,South ofiofilamara Kingdom,East Horn,110,Dog Domestication,18
1100,initial,288,South ofiofilamara Kingdom,East Horn,111,Grinding Stones,18
1100,initial,288,South ofiofilamara Kingdom,East Horn,112,Proto-cultivation,18
1100,initial,288,South ofiofilamara Kingdom,East Horn,113,Sedentism,18
1100,initial,288,South ofiofilamara Kingdom,East Horn,114,Enclosures and Herd Management,18
1100,initial,288,South ofiofilamara Kingdom,East Horn,115,Counting Tokens and Tallies,18
1100,initial,288,South ofiofilamara Kingdom,East Horn,116,Charcoal Firing,18
1100,initial,288,South ofiofilamara Kingdom,East Horn,3,Archery,18
1100,initial,288,South ofiofilamara Kingdom,East Horn,6,Calendar,18
1100,initial,288,South ofiofilamara Kingdom,East Horn,7,Wheel,18
1103,unlock,121,Kingdom of North urkalurar,Fertile Crescent,51,Steam Engine,33
1112,unlock,40,New zenromgrad,Monsoon Coastal,36,Printing,39
1113,unlock,165,Kingdom of Barngoa,West Sahel,5,Sailing,22
1118,unlock,240,Empire of Great ninkalar,Fertile Crescent,20,Agriculture,18
1119,unlock,269,North terromromgrad,Western Plains,110,Dog Domestication,9
1122,unlock,255,South chitanbaru Kingdom,Central Forest,104,Fishing Technology,11
1127,unlock,117,Kingdom of North belnor,Central Plain,16,Construction,22
1132,unlock,192,Kingdom of Great drasurvarpur,Indic Riverine,112,Proto-cultivation,14
1132,unlock,192,Kingdom of Great drasurvarpur,Indic Riverine,113,Sedentism,14
1135,unlock,109,New marquisolgrad,Eastern Woodland,42,Metallurgy,20
1139,unlock,149,Kingdom of North aldor,Central Plain,23,Engineering,19
1140,unlock,250,Great tanbarkaene Kingdom,East Horn,20,Agriculture,20
1142,unlock,122,Kingdom of Great ninbelan,Fertile Crescent,69,Computers,18
1143,unlock,196,Empire of North tamsamad,Fertile Crescent,12,Shipbuilding,26
1144,unlock,123,Great varravia,Indic Riverine,76,Integrated Circuit,39
1144,unlock,188,Kingdom of North quidusviagrad,Western Plains,110,Dog Domestication,9
1145,unlock,122,Kingdom of Great ninbelan,Fertile Crescent,91,Quantum Computing,19
1146,unlock,122,Kingdom of Great ninbelan,Fertile Crescent,79,Internet,21
1146,unlock,122,Kingdom of Great ninbelan,Fertile Crescent,85,Artificial Intelligence,21
1147,unlock,245,Kingdom of Great barkalamene,West Sahel,103,Bone and Antler Tools,18
1149,unlock,175,North intiayaa,Andean Highland,110,Dog Domestication,13
1150,unlock,122,Kingdom of Great ninbelan,Fertile Crescent,64,Electronics,22
1151,unlock,122,Kingdom of Great ninbelan,Fertile Crescent,76,Integrated Circuit,23
1151,unlock,147,Kingdom of Great karal,Mediterranean Urban,23,Engineering,12
1152,unlock,2,Republic of Kingdom of South surnala,Indic Riverine,91,Quantum Computing,51
1153,unlock,6,Kingdom of North shasurdesh,Indic Riverine,79,Internet,15
1153,unlock,6,Kingdom of North shasurdesh,Indic Riverine,85,Artificial Intelligence,15
1153,unlock,122,Kingdom of Great ninbelan,Fertile Crescent,63,Mass Production,25
1153,unlock,122,Kingdom of Great ninbelan,Fertile Crescent,70,Transistors,25
1155,unlock,6,Kingdom of North shasurdesh,Indic Riverine,91,Quantum Computing,16
1156,unlock,3,Kingdom of South vishapur,Indic Riverine,91,Quantum Computing,30
1159,unlock,102,South surdrasurdesh Tribe,Indic Riverine,103,Bone and Antler Tools,15
1159,unlock,257,Old lamlam Kingdom,East Horn,20,Agriculture,20
1161,unlock,3,Kingdom of South vishapur,Indic Riverine,79,Internet,31
1164,unlock,3,Kingdom of South vishapur,Indic Riverine,85,Artificial Intelligence,32
1164,unlock,165,Kingdom of Barngoa,West Sahel,109,Long-distance Exchange Networks,23
1173,unlock,80,Kusllaqmarca,Andean Highland,8,Masonry,11
1177,unlock,30,Kingdom of South eshashbaran,Fertile Crescent,28,Steel,36
1177,unlock,122,Kingdom of Great ninbelan,Fertile Crescent,60,Combustion,26
1179,unlock,121,Kingdom of North urkalurar,Fertile Crescent,41,Chemistry,34
1181,unlock,3,Kingdom of South vishapur,Indic Riverine,11,Writing,33
1182,unlock,38,Kingdom of Esheshashum,Fertile Crescent,103,Bone and Antler Tools,12
1183,unlock,204,Great kangoara,Central Forest,29,Machinery,30
1184,unlock,242,New lamchi,Central Forest,110,Dog Domestication,11
1185,unlock,2,Republic of Kingdom of South surnala,Indic Riverine,85,Artificial Intelligence,52
1187,unlock,131,Kingdom of New marlinland,Steppe Nomadic,116,Charcoal Firing,11
1188,unlock,123,Great varravia,Indic Riverine,91,Quantum Computing,40
1189,unlock,123,Great varravia,Indic Riverine,79,Internet,41
1190,unlock,123,Great varravia,Indic Riverine,85,Artificial Intelligence,42
1191,unlock,108,Republic of South mitmitshapur,Indic Riverine,40,Astronomy,50
1194,unlock,63,Kingdom of New vendorland,Atlantic Fringe,42,Metallurgy,22
1195,unlock,240,Empire of Great ninkalar,Fertile Crescent,7,Wheel,19
1197,unlock,85,Kingdom of Great kinquiviagrad,Eastern Woodland,16,Construction,19
1198,unlock,123,Great varravia,Indic Riverine,109,Long-distance Exchange Networks,43
1208,unlock,2,Republic of Kingdom of South surnala,Indic Riverine,48,Physics,53
1208,unlock,240,Empire of Great ninkalar,Fertile Crescent,117,Proto-writing and Administrative Notation,20
1208,unlock,257,Old lamlam Kingdom,East Horn,17,Roads,21
1210,unlock,107,New soldus Tribe,Western Plains,116,Charcoal Firing,13
1211,unlock,179,Kingdom of South lentarvenum,Mediterranean Urban,13,Iron Working,23
1213,unlock,165,Kingdom of Barngoa,West Sahel,12,Shipbuilding,24
1218,unlock,28,Kingdom of North artamum,Fertile Crescent,54,Electricity,32
1219,unlock,259,Empire of New lamzu,East Horn,17,Roads,20
1223,unlock,132,Kingdom of North garteria,Western Plains,116,Charcoal Firing,11
1228,unlock,170,Kingdom of Tanchizuara,North Saharan,6,Calendar,13
1231,unlock,56,Kingdom of Great dorrom,Mediterranean Highland,23,Engineering,12
1233,unlock,53,Kingdom of South lamchiene,East Horn,38,Mechanical Clock,24
1233,unlock,195,Empire of Great karvenkarland,Atlantic Fringe,119,Native Copper Working,14
1234,unlock,123,Great varravia,Indic Riverine,35,Markets,44
1239,unlock,6,Kingdom of North shasurdesh,Indic Riverine,76,Integrated Circuit,17
1245,unlock,36,Kingdom of Esharbaran,Fertile Crescent,60,Combustion,15
1249,unlock,10,Old varmitdesh Tribe,Indic Riverine,79,Internet,30
1249,unlock,146,Kingdom of North quilinlorgrad,Eastern Woodland,103,Bone and Antler Tools,11
1252,unlock,51,Empire of Great ngotanu,West Sahel,103,Bone and Antler Tools,11
1257,unlock,7,Kingdom of North kanvarvia,Indic Riverine,38,Mechanical Clock,25
1257,unlock,104,Kingdom of North nineshkalar,Fertile Crescent,79,Internet,12
1257,unlock,258,Empire of South ngosekaara,East Horn,20,Agriculture,24
1257,unlock,260,Old kusqoritupyu Kingdom,Andean Highland,110,Dog Domestication,11
1262,unlock,250,Great tanbarkaene Kingdom,East Horn,17,Roads,21
1263,unlock,2,Republic of Kingdom of South surnala,Indic Riverine,79,Internet,54
1266,unlock,165,Kingdom of Barngoa,West Sahel,17,Roads,25
1270,unlock,137,Kingdom of Old llaqayaintiyu,Andean Highland,103,Bone and Antler Tools,10
1273,unlock,90,Kingdom of New linranquiland,Western Plains,23,Engineering,12
1274,unlock,10,Old varmitdesh Tribe,Indic Riverine,85,Artificial Intelligence,32
1274,unlock,10,Old varmitdesh Tribe,Indic Riverine,91,Quantum Computing,32
1275,unlock,104,Kingdom of North nineshkalar,Fertile Crescent,85,Artificial Intelligence,13
1276,unlock,104,Kingdom of North nineshkalar,Fertile Crescent,91,Quantum Computing,14
1278,unlock,128,Kingdom of Old tarkarlenia,Central Plain,29,Machinery,20
1279,unlock,250,Great tanbarkaene Kingdom,East Horn,10,Irrigation,22
1280,unlock,269,North terromromgrad,Western Plains,116,Charcoal Firing,10
1282,unlock,60,Kingdom of Great tarkarven,Central Plain,23,Engineering,19
1284,unlock,63,Kingdom of New vendorland,Atlantic Fringe,120,Copper Smelting,23
1285,unlock,122,Kingdom of Great ninbelan,Fertile Crescent,52,Industrialization,27
1287,unlock,123,Great varravia,Indic Riverine,17,Roads,45
1288,unlock,36,Kingdom of Esharbaran,Fertile Crescent,79,Internet,16
1288,unlock,122,Kingdom of Great ninbelan,Fertile Crescent,54,Electricity,28
1292,unlock,149,Kingdom of North aldor,Central Plain,29,Machinery,20
1295,unlock,258,Empire of South ngosekaara,East Horn,109,Long-distance Exchange Networks,23
1300,unlock,184,Kingdom of North zenlorterland,Eastern Woodland,110,Dog Domestication,11
1301,unlock,258,Empire of South ngosekaara,East Horn,5,Sailing,24
1304,unlock,122,Kingdom of Great ninbelan,Fertile Crescent,104,Fishing Technology,29
1306,unlock,122,Kingdom of Great ninbelan,Fertile Crescent,51,Steam Engine,30
1307,unlock,36,Kingdom of Esharbaran,Fertile Crescent,52,Industrialization,17
1309,unlock,189,Empire of Linlinqinling,East Riverine,103,Bone and Antler Tools,11
1312,unlock,259,Empire of New lamzu,East Horn,20,Agriculture,21
1314,unlock,240,Empire of Great ninkalar,Fertile Crescent,17,Roads,20
1315,unlock,62,South romromia Tribe,Atlantic Fringe,23,Engineering,22
1315,unlock,123,Great varravia,Indic Riverine,12,Shipbuilding,46
1320,unlock,257,Old lamlam Kingdom,East Horn,10,Irrigation,22
1320,initial,289,New makakau Kingdom,East Horn,100,Cordage and Knots,18
1320,initial,289,New makakau Kingdom,East Horn,101,Hide Working and Tailored Clothing,18
1320,initial,289,New makakau Kingdom,East Horn,102,Hafted Stone Tools,18
1320,initial,289,New makakau Kingdom,East Horn,103,Bone and Antler Tools,18
1320,initial,289,New makakau Kingdom,East Horn,104,Fishing Technology,18
1320,initial,289,New makakau Kingdom,East Horn,105,Food Preservation,18
1320,initial,289,New makakau Kingdom,East Horn,106,Storage Pits and Containers,18
1320,initial,289,New makakau Kingdom,East Horn,107,Seasonal Aggregation Camps,18
1320,initial,289,New makakau Kingdom,East Horn,110,Dog Domestication,18
1320,initial,289,New makakau Kingdom,East Horn,111,Grinding Stones,18
1320,initial,289,New makakau Kingdom,East Horn,112,Proto-cultivation,18
1320,initial,289,New makakau Kingdom,East Horn,113,Sedentism,18
1320,initial,289,New makakau Kingdom,East Horn,114,Enclosures and Herd Management,18
1320,initial,289,New makakau Kingdom,East Horn,115,Counting Tokens and Tallies,18
1320,initial,289,New makakau Kingdom,East Horn,116,Charcoal Firing,18
1320,initial,289,New makakau Kingdom,East Horn,3,Archery,18
1320,initial,289,New makakau Kingdom,East Horn,6,Calendar,18
1320,initial,289,New makakau Kingdom,East Horn,7,Wheel,18
1322,unlock,78,Kingdom of North ayaaya,Andean Highland,16,Construction,15
1327,unlock,35,Empire of Old kalbarad,Fertile Crescent,103,Bone and Antler Tools,12
1329,unlock,240,Empire of Great ninkalar,Fertile Crescent,108,Watercraft,21
1334,unlock,239,Empire of North makakaa,East Horn,17,Roads,20
1336,unlock,38,Kingdom of Esheshashum,Fertile Crescent,79,Internet,13
1336,unlock,40,New zenromgrad,Monsoon Coastal,49,Scientific Method,41
1337,unlock,13,Kingdom of Tanvarshaa,Indic Riverine,103,Bone and Antler Tools,11
1338,unlock,36,Kingdom of Esharbaran,Fertile Crescent,91,Quantum Computing,18
1341,unlock,104,Kingdom of North nineshkalar,Fertile Crescent,69,Computers,15
1342,unlock,38,Kingdom of Esheshashum,Fertile Crescent,8,Masonry,14
1346,unlock,167,Great intitup,Andean Highland,110,Dog Domestication,11
1346,unlock,253,Great kaluran Kingdom,Fertile Crescent,8,Masonry,12
1347,unlock,125,New dusgarna Tribe,Western Plains,110,Dog Domestication,11
1347,unlock,161,Old zensolsolia,Steppe Nomadic,4,Mining,12
1352,unlock,169,Great vialinia,Western Plains,120,Copper Smelting,15
1352,unlock,258,Empire of South ngosekaara,East Horn,10,Irrigation,25
1355,unlock,245,Kingdom of Great barkalamene,West Sahel,114,Enclosures and Herd Management,19
1358,unlock,104,Kingdom of North nineshkalar,Fertile Crescent,76,Integrated Circuit,16
1362,unlock,187,Empire of South urarum,Fertile Crescent,103,Bone and Antler Tools,11
1363,unlock,36,Kingdom of Esharbaran,Fertile Crescent,85,Artificial Intelligence,19
1366,unlock,38,Kingdom of Esheshashum,Fertile Crescent,85,Artificial Intelligence,16
1371,unlock,135,Kingdom of New marmarranstan,Western Plains,110,Dog Domestication,10
1373,unlock,36,Kingdom of Esharbaran,Fertile Crescent,63,Mass Production,20
1374,unlock,38,Kingdom of Esheshashum,Fertile Crescent,91,Quantum Computing,17
1378,unlock,228,Kingdom of South rumtupsummarca,Andean Highland,110,Dog Domestication,10
1379,unlock,110,Garnagrad Tribe,Western Plains,110,Dog Domestication,11
1380,unlock,244,Kingdom of Old samuran,Fertile Crescent,8,Masonry,12
1384,unlock,240,Empire of Great ninkalar,Fertile Crescent,10,Irrigation,22
1387,unlock,170,Kingdom of Tanchizuara,North Saharan,20,Agriculture,14
1391,unlock,270,North tantanmau Kingdom,Central Forest,6,Calendar,12
1395,unlock,117,Kingdom of North belnor,Central Plain,29,Machinery,23
1398,unlock,36,Kingdom of Esharbaran,Fertile Crescent,76,Integrated Circuit,20
1398,unlock,94,Kingdom of Great kinterbelia,Western Plains,116,Charcoal Firing,13
1398,unlock,170,Kingdom of Tanchizuara,North Saharan,115,Counting Tokens and Tallies,15
1401,unlock,104,Kingdom of North nineshkalar,Fertile Crescent,23,Engineering,17
1402,unlock,29,Kingdom of Old ashbelurar,Fertile Crescent,60,Combustion,16
1405,unlock,121,Kingdom of North urkalurar,Fertile Crescent,29,Machinery,35
1407,unlock,3,Kingdom of South vishapur,Indic Riverine,118,Numeracy and Measurement,34
1411,unlock,35,Empire of Old kalbarad,Fertile Crescent,8,Masonry,13
1412,unlock,3,Kingdom of South vishapur,Indic Riverine,19,Alphabet,35
1412,unlock,104,Kingdom of North nineshkalar,Fertile Crescent,29,Machinery,18
1414,unlock,122,Kingdom of Great ninbelan,Fertile Crescent,108,Watercraft,30
1419,unlock,36,Kingdom of Esharbaran,Fertile Crescent,51,Steam Engine,22
1423,unlock,244,Kingdom of Old samuran,Fertile Crescent,60,Combustion,13
1429,unlock,38,Kingdom of Esheshashum,Fertile Crescent,69,Computers,18
1431,unlock,170,Kingdom of Tanchizuara,North Saharan,114,Enclosures and Herd Management,16
1432,unlock,34,Great ashashar,Fertile Crescent,91,Quantum Computing,11
1434,unlock,28,Kingdom of North artamum,Fertile Crescent,52,Industrialization,33
1445,unlock,122,Kingdom of Great ninbelan,Fertile Crescent,29,Machinery,31
1449,unlock,244,Kingdom of Old samuran,Fertile Crescent,42,Metallurgy,14
1450,unlock,34,Great ashashar,Fertile Crescent,79,Internet,12
1450,unlock,270,North tantanmau Kingdom,Central Forest,104,Fishing Technology,13
1452,unlock,80,Kusllaqmarca,Andean Highland,119,Native Copper Working,12
1455,unlock,240,Empire of Great ninkalar,Fertile Crescent,5,Sailing,23
1455,unlock,269,North terromromgrad,Western Plains,103,Bone and Antler Tools,11
1456,unlock,38,Kingdom of Esheshashum,Fertile Crescent,76,Integrated Circuit,19
1458,unlock,4,Kingdom of Great shatana,Indic Riverine,91,Quantum Computing,30
1458,unlock,205,Kingdom of Alvenia,Mediterranean Highland,103,Bone and Antler Tools,11
1460,unlock,34,Great ashashar,Fertile Crescent,85,Artificial Intelligence,13
1462,unlock,143,Kingdom of Norkarburg,Mediterranean Highland,23,Engineering,12
1462,unlock,163,Empire of New arninum,Fertile Crescent,103,Bone and Antler Tools,11
1464,unlock,240,Empire of Great ninkalar,Fertile Crescent,109,Long-distance Exchange Networks,24
1465,unlock,57,Kingdom of New venbeldorland,Mediterranean Highland,104,Fishing Technology,12
1465,unlock,258,Empire of South ngosekaara,East Horn,12,Shipbuilding,26
1466,unlock,93,Kingdom of Great terkinrom,Western Plains,103,Bone and Antler Tools,9
1467,unlock,192,Kingdom of South kanmittana,Indic Riverine,6,Calendar,15
1469,unlock,245,Kingdom of Great barkalamene,West Sahel,7,Wheel,20
1470,unlock,159,Kingdom of New ofiofikaa,West Sahel,20,Agriculture,15
1471,unlock,179,Kingdom of South lentarvenum,Mediterranean Urban,42,Metallurgy,24
1477,unlock,38,Kingdom of Esheshashum,Fertile Crescent,64,Electronics,20
1481,unlock,36,Kingdom of Esharbaran,Fertile Crescent,69,Computers,22
1482,unlock,170,Kingdom of Tanchizuara,North Saharan,103,Bone and Antler Tools,17
1482,unlock,178,Old viradra Kingdom,Indic Riverine,16,Construction,13
1483,unlock,0,Kingdom of Old naltantannagar,Indic Riverine,91,Quantum Computing,32
1490,unlock,21,Kingdom of Old renweiguo,East Riverine,23,Engineering,12
1490,unlock,63,Kingdom of New vendorland,Atlantic Fringe,9,Bronze Alloying,24
1491,unlock,36,Kingdom of Esharbaran,Fertile Crescent,70,Transistors,23
1493,unlock,36,Kingdom of Esharbaran,Fertile Crescent,64,Electronics,25
1498,unlock,170,Kingdom of Tanchizuara,North Saharan,104,Fishing Technology,18
1500,unlock,170,Kingdom of Tanchizuara,North Saharan,10,Irrigation,19
1503,unlock,29,Kingdom of Old ashbelurar,Fertile Crescent,79,Internet,17
1504,unlock,170,Kingdom of Tanchizuara,North Saharan,7,Wheel,20
1508,unlock,29,Kingdom of Old ashbelurar,Fertile Crescent,91,Quantum Computing,18
1509,unlock,38,Kingdom of New belaruran,Fertile Crescent,70,Transistors,21
1515,unlock,31,Kingdom of Samar,Fertile Crescent,41,Chemistry,36
1515,unlock,122,Kingdom of Great ninbelan,Fertile Crescent,109,Long-distance Exchange Networks,33
1515,unlock,170,Kingdom of Tanchizuara,North Saharan,117,Proto-writing and Administrative Notation,21
1518,unlock,29,Kingdom of Old ashbelurar,Fertile Crescent,85,Artificial Intelligence,19
1519,unlock,29,Kingdom of Old ashbelurar,Fertile Crescent,52,Industrialization,20
1523,unlock,6,Kingdom of North shasurdesh,Indic Riverine,38,Mechanical Clock,18
1525,unlock,188,Kingdom of North quidusviagrad,Western Plains,103,Bone and Antler Tools,10
1527,unlock,244,Kingdom of Old samuran,Fertile Crescent,52,Industrialization,15
1528,unlock,9,Kingdom of South shakankandesh,Indic Riverine,8,Masonry,13
1532,unlock,192,Kingdom of South kanmittana,Indic Riverine,115,Counting Tokens and Tallies,16
1533,unlock,176,Kingdom of Zenzenland,Western Plains,103,Bone and Antler Tools,10
1534,unlock,240,Empire of Great ninkalar,Fertile Crescent,12,Shipbuilding,25
1535,unlock,259,Empire of New lamzu,East Horn,10,Irrigation,21
1540,initial,290,North sesengoara Kingdom,East Horn,100,Cordage and Knots,18
1540,initial,290,North sesengoara Kingdom,East Horn,101,Hide Working and Tailored Clothing,18
1540,initial,290,North sesengoara Kingdom,East Horn,102,Hafted Stone Tools,18
1540,initial,290,North sesengoara Kingdom,East Horn,103,Bone and Antler Tools,18
1540,initial,290,North sesengoara Kingdom,East Horn,104,Fishing Technology,18
1540,initial,290,North sesengoara Kingdom,East Horn,105,Food Preservation,18
1540,initial,290,North sesengoara Kingdom,East Horn,106,Storage Pits and Containers,18
1540,initial,290,North sesengoara Kingdom,East Horn,107,Seasonal Aggregation Camps,18
1540,initial,290,North sesengoara Kingdom,East Horn,110,Dog Domestication,18
1540,initial,290,North sesengoara Kingdom,East Horn,111,Grinding Stones,18
1540,initial,290,North sesengoara Kingdom,East Horn,112,Proto-cultivation,18
1540,initial,290,North sesengoara Kingdom,East Horn,113,Sedentism,18
1540,initial,290,North sesengoara Kingdom,East Horn,114,Enclosures and Herd Management,18
1540,initial,290,North sesengoara Kingdom,East Horn,115,Counting Tokens and Tallies,18
1540,initial,290,North sesengoara Kingdom,East Horn,116,Charcoal Firing,18
1540,initial,290,North sesengoara Kingdom,East Horn,3,Archery,18
1540,initial,290,North sesengoara Kingdom,East Horn,6,Calendar,18
1540,initial,290,North sesengoara Kingdom,East Horn,7,Wheel,18
1543,unlock,241,Old rumpachmarca Kingdom,Andean Highland,110,Dog Domestication,11
1549,unlock,169,Great vialinia,Western Plains,16,Construction,16
1550,unlock,93,Kingdom of Great terkinrom,Western Plains,110,Dog Domestication,10
1550,unlock,270,North tantanmau Kingdom,Central Forest,115,Counting Tokens and Tallies,14
1551,unlock,38,Kingdom of New belaruran,Fertile Crescent,120,Copper Smelting,22
1555,unlock,244,Kingdom of Old samuran,Fertile Crescent,91,Quantum Computing,16
1558,unlock,179,Kingdom of South lentarvenum,Mediterranean Urban,25,Metal Casting,25
1560,unlock,95,Kingdom of Randusia,Western Plains,110,Dog Domestication,10
1561,unlock,61,Kingdom of New karnoria,Central Plain,38,Mechanical Clock,25
1563,unlock,128,Kingdom of Old tarkarlenia,Central Plain,38,Mechanical Clock,21
1566,unlock,194,Kingdom of Great mitrakana,Indic Riverine,91,Quantum Computing,12
1568,unlock,2,Republic of Kingdom of South surnala,Indic Riverine,45,Economics,55
1569,unlock,123,Great varravia,Indic Riverine,45,Economics,48
1571,unlock,107,New soldus Tribe,Western Plains,119,Native Copper Working,14
1572,unlock,108,Republic of South mitmitshapur,Indic Riverine,48,Physics,51
1581,unlock,80,Kusllaqmarca,Andean Highland,103,Bone and Antler Tools,13
1584,unlock,170,Kingdom of Tanchizuara,North Saharan,29,Machinery,22
1586,unlock,205,Kingdom of Alvenia,Mediterranean Highland,23,Engineering,12
1586,unlock,245,Kingdom of Great barkalamene,West Sahel,17,Roads,21
1587,unlock,169,Great vialinia,Western Plains,9,Bronze Alloying,17
1599,unlock,194,Kingdom of Great mitrakana,Indic Riverine,79,Internet,13
1600,unlock,38,Kingdom of New belaruran,Fertile Crescent,63,Mass Production,23
1600,unlock,107,New soldus Tribe,Western Plains,16,Construction,15
1602,unlock,14,Kingdom of Qinzhozhoguo,East Riverine,119,Native Copper Working,12
1603,unlock,244,Kingdom of Old samuran,Fertile Crescent,85,Artificial Intelligence,17
1604,unlock,38,Kingdom of New belaruran,Fertile Crescent,54,Electricity,24
1604,unlock,84,Kingdom of South zenromdusgrad,Eastern Woodland,23,Engineering,16
1606,unlock,1,Kingdom of Great vinal,Indic Riverine,91,Quantum Computing,30
1606,unlock,29,Kingdom of Old ashbelurar,Fertile Crescent,76,Integrated Circuit,21
1607,unlock,170,Kingdom of Tanchizuara,North Saharan,17,Roads,23
1609,unlock,175,North intiayaa,Andean Highland,119,Native Copper Working,14
1614,unlock,192,Kingdom of South kanmittana,Indic Riverine,108,Watercraft,17
1617,unlock,140,Republic of Kirinuinui,Oceanic Navigators,103,Bone and Antler Tools,8
1619,unlock,179,Kingdom of South lentarvenum,Mediterranean Urban,41,Chemistry,26
1619,unlock,215,Great lamsea,Central Forest,104,Fishing Technology,11
1620,unlock,170,Kingdom of Tanchizuara,North Saharan,23,Engineering,24
1620,unlock,194,Kingdom of Great mitrakana,Indic Riverine,85,Artificial Intelligence,14
1623,unlock,270,North tantanmau Kingdom,Central Forest,114,Enclosures and Herd Management,15
1625,unlock,260,Old kusqoritupyu Kingdom,Andean Highland,4,Mining,12
1626,unlock,170,Kingdom of Tanchizuara,North Saharan,108,Watercraft,25
1627,unlock,104,Kingdom of New eshsambarum,Fertile Crescent,70,Transistors,19
1632,unlock,38,Kingdom of New belaruran,Fertile Crescent,60,Combustion,25
1635,unlock,29,Kingdom of Old ashbelurar,Fertile Crescent,69,Computers,22
1643,unlock,36,Kingdom of Esharbaran,Fertile Crescent,23,Engineering,25
1647,unlock,90,Kingdom of New linranquiland,Western Plains,29,Machinery,13
1650,unlock,80,Kusllaqmarca,Andean Highland,110,Dog Domestication,14
1651,unlock,29,Kingdom of Old ashbelurar,Fertile Crescent,70,Transistors,23
1652,unlock,3,Kingdom of South vishapur,Indic Riverine,33,Paper,35
1653,unlock,104,Kingdom of New eshsambarum,Fertile Crescent,64,Electronics,20
1654,unlock,244,Kingdom of Old samuran,Fertile Crescent,76,Integrated Circuit,18
1661,unlock,29,Kingdom of Old ashbelurar,Fertile Crescent,64,Electronics,24
1664,unlock,128,Kingdom of Old tarkarlenia,Central Plain,42,Metallurgy,22
1668,unlock,231,Kingdom of North vartandesh,Indic Riverine,103,Bone and Antler Tools,11
1672,unlock,26,Kingdom of Great taizhozhou,East Riverine,29,Machinery,13
1674,unlock,38,Kingdom of New belaruran,Fertile Crescent,42,Metallurgy,26
1675,unlock,30,Kingdom of South eshashbaran,Fertile Crescent,38,Mechanical Clock,32
1687,unlock,36,Kingdom of Esharbaran,Fertile Crescent,29,Machinery,26
1688,unlock,192,Kingdom of South kanmittana,Indic Riverine,114,Enclosures and Herd Management,18
1688,unlock,221,Kingdom of Varshamitnagar,Indic Riverine,103,Bone and Antler Tools,11
1689,unlock,29,Kingdom of Old ashbelurar,Fertile Crescent,51,Steam Engine,25
1690,unlock,170,Kingdom of Tanchizuara,North Saharan,5,Sailing,26
1698,unlock,275,Old nalvarnala Kingdom,Indic Riverine,8,Masonry,12
1703,unlock,109,New marquisolgrad,Eastern Woodland,23,Engineering,21
1710,unlock,51,Empire of Great ngotanu,West Sahel,29,Machinery,12
1715,unlock,253,Great kaluran Kingdom,Fertile Crescent,103,Bone and Antler Tools,13
1725,initial,291,Great qorisumllaqyu Kingdom,Andean Highland,100,Cordage and Knots,10
1725,initial,291,Great qorisumllaqyu Kingdom,Andean Highland,101,Hide Working and Tailored Clothing,10
1725,initial,291,Great qorisumllaqyu Kingdom,Andean Highland,102,Hafted Stone Tools,10
1725,initial,291,Great qorisumllaqyu Kingdom,Andean Highland,105,Food Preservation,10
1725,initial,291,Great qorisumllaqyu Kingdom,Andean Highland,106,Storage Pits and Containers,10
1725,initial,291,Great qorisumllaqyu Kingdom,Andean Highland,107,Seasonal Aggregation Camps,10
1725,initial,291,Great qorisumllaqyu Kingdom,Andean Highland,111,Grinding Stones,10
1725,initial,291,Great qorisumllaqyu Kingdom,Andean Highland,116,Charcoal Firing,10
1725,initial,291,Great qorisumllaqyu Kingdom,Andean Highland,4,Mining,10
1725,initial,291,Great qorisumllaqyu Kingdom,Andean Highland,3,Archery,10
1729,unlock,60,Kingdom of New dorselbelland,Central Plain,52,Industrialization,20
1729,unlock,165,Kingdom of Barngoa,West Sahel,29,Machinery,26
1730,unlock,179,Kingdom of South lentarvenum,Mediterranean Urban,28,Steel,27
1732,unlock,225,Kingdom of Old lamofiara,East Horn,38,Mechanical Clock,24
1735,unlock,3,Kingdom of South vishapur,Indic Riverine,49,Scientific Method,36
1736,unlock,145,Kingdom of New hanminzhou,East Riverine,103,Bone and Antler Tools,11
1740,unlock,62,South romromia Tribe,Atlantic Fringe,28,Steel,23
1741,unlock,3,Kingdom of South vishapur,Indic Riverine,21,Drama and Poetry,38
1741,unlock,3,Kingdom of South vishapur,Indic Riverine,22,Philosophy,38
1741,unlock,161,Old zensolsolia,Steppe Nomadic,8,Masonry,13
1745,unlock,63,Kingdom of New vendorland,Atlantic Fringe,13,Iron Working,25
1750,unlock,107,New soldus Tribe,Western Plains,120,Copper Smelting,16
1750,unlock,123,Great varravia,Indic Riverine,40,Astronomy,49
1751,unlock,245,Kingdom of Great barkalamene,West Sahel,110,Dog Domestication,21
1753,unlock,94,Kingdom of Great kinterbelia,Western Plains,16,Construction,14
1754,unlock,203,Kingdom of Raraa,Indic Riverine,103,Bone and Antler Tools,11
1760,initial,292,Old kakalamene Kingdom,East Horn,100,Cordage and Knots,18
1760,initial,292,Old kakalamene Kingdom,East Horn,101,Hide Working and Tailored Clothing,18
1760,initial,292,Old kakalamene Kingdom,East Horn,102,Hafted Stone Tools,18
1760,initial,292,Old kakalamene Kingdom,East Horn,103,Bone and Antler Tools,18
1760,initial,292,Old kakalamene Kingdom,East Horn,104,Fishing Technology,18
1760,initial,292,Old kakalamene Kingdom,East Horn,105,Food Preservation,18
1760,initial,292,Old kakalamene Kingdom,East Horn,106,Storage Pits and Containers,18
1760,initial,292,Old kakalamene Kingdom,East Horn,107,Seasonal Aggregation Camps,18
1760,initial,292,Old kakalamene Kingdom,East Horn,110,Dog Domestication,18
1760,initial,292,Old kakalamene Kingdom,East Horn,111,Grinding Stones,18
1760,initial,292,Old kakalamene Kingdom,East Horn,112,Proto-cultivation,18
1760,initial,292,Old kakalamene Kingdom,East Horn,113,Sedentism,18
1760,initial,292,Old kakalamene Kingdom,East Horn,114,Enclosures and Herd Management,18
1760,initial,292,Old kakalamene Kingdom,East Horn,115,Counting Tokens and Tallies,18
1760,initial,292,Old kakalamene Kingdom,East Horn,116,Charcoal Firing,18
1760,initial,292,Old kakalamene Kingdom,East Horn,3,Archery,18
1760,initial,292,Old kakalamene Kingdom,East Horn,6,Calendar,18
1760,initial,292,Old kakalamene Kingdom,East Horn,7,Wheel,18
1766,unlock,165,Kingdom of Barngoa,West Sahel,23,Engineering,27
1771,unlock,24,Kingdom of South xiaqinzhozhou,East Riverine,8,Masonry,13
1772,unlock,23,Kingdom of Old qinqinguo,East Riverine,23,Engineering,12
1778,unlock,148,Kingdom of North qoripachrum,Andean Highland,16,Construction,14
1778,unlock,244,Kingdom of Old samuran,Fertile Crescent,79,Internet,19
1780,unlock,122,Kingdom of Great ninbelan,Fertile Crescent,41,Chemistry,31
1782,unlock,159,Kingdom of South ofiofia,West Sahel,10,Irrigation,16
1785,unlock,34,Great ashashar,Fertile Crescent,76,Integrated Circuit,14
1787,unlock,25,South minlinshan,East Riverine,23,Engineering,12
1788,unlock,170,Kingdom of Tanchizuara,North Saharan,12,Shipbuilding,27
1794,unlock,244,Kingdom of Old samuran,Fertile Crescent,69,Computers,20
1795,unlock,63,Kingdom of Venrom,Atlantic Fringe,38,Mechanical Clock,26
1797,unlock,109,New marquisolgrad,Eastern Woodland,41,Chemistry,22
1803,unlock,27,Kingdom of Qinqin,East Riverine,23,Engineering,12
1806,unlock,283,North kiritaneua Kingdom,Oceanic Navigators,110,Dog Domestication,8
1807,unlock,22,Kingdom of New qinmin,East Riverine,23,Engineering,12
1818,unlock,167,Great intitup,Andean Highland,8,Masonry,12
1824,unlock,4,Kingdom of Great shatana,Indic Riverine,79,Internet,31
1825,unlock,81,Kingdom of Great ayallaqintimarca,Andean Highland,120,Copper Smelting,14
1826,unlock,159,Kingdom of South ofiofia,West Sahel,114,Enclosures and Herd Management,17
1826,unlock,194,Kingdom of Shashapur,Indic Riverine,76,Integrated Circuit,15
1830,unlock,244,Kingdom of Old samuran,Fertile Crescent,119,Native Copper Working,21
1830,initial,293,South kanmitraa Kingdom,Indic Riverine,100,Cordage and Knots,10
1830,initial,293,South kanmitraa Kingdom,Indic Riverine,101,Hide Working and Tailored Clothing,10
1830,initial,293,South kanmitraa Kingdom,Indic Riverine,102,Hafted Stone Tools,10
1830,initial,293,South kanmitraa Kingdom,Indic Riverine,105,Food Preservation,10
1830,initial,293,South kanmitraa Kingdom,Indic Riverine,106,Storage Pits and Containers,10
1830,initial,293,South kanmitraa Kingdom,Indic Riverine,107,Seasonal Aggregation Camps,10
1830,initial,293,South kanmitraa Kingdom,Indic Riverine,110,Dog Domestication,10
1830,initial,293,South kanmitraa Kingdom,Indic Riverine,111,Grinding Stones,10
1830,initial,293,South kanmitraa Kingdom,Indic Riverine,116,Charcoal Firing,10
1830,initial,293,South kanmitraa Kingdom,Indic Riverine,3,Archery,10
1836,unlock,29,Kingdom of Old ashbelurar,Fertile Crescent,23,Engineering,26
1838,unlock,194,Kingdom of Shashapur,Indic Riverine,69,Computers,16
1841,unlock,38,Kingdom of New belaruran,Fertile Crescent,16,Construction,27
1841,unlock,85,Kingdom of New marsolland,Eastern Woodland,25,Metal Casting,20
1846,unlock,215,Great lamsea,Central Forest,113,Sedentism,12
1848,unlock,215,Great lamsea,Central Forest,112,Proto-cultivation,13
1851,unlock,196,Empire of North tamsamad,Fertile Crescent,79,Internet,26
1853,unlock,57,Kingdom of New venbeldorland,Mediterranean Highland,108,Watercraft,13
1854,unlock,3,Kingdom of South vishapur,Indic Riverine,14,Formal Mathematics,39
1855,unlock,117,Kingdom of North belnor,Central Plain,23,Engineering,24
1860,unlock,158,Kingdom of Great barngobarene,West Sahel,38,Mechanical Clock,24
1862,unlock,3,Kingdom of South vishapur,Indic Riverine,36,Printing,40
1863,unlock,9,Kingdom of South shakankandesh,Indic Riverine,103,Bone and Antler Tools,14
1867,unlock,130,Kingdom of Nordorvenland,Mediterranean Urban,41,Chemistry,12
1875,initial,294,New nalkandraa Kingdom,Indic Riverine,100,Cordage and Knots,10
1875,initial,294,New nalkandraa Kingdom,Indic Riverine,101,Hide Working and Tailored Clothing,10
1875,initial,294,New nalkandraa Kingdom,Indic Riverine,102,Hafted Stone Tools,10
1875,initial,294,New nalkandraa Kingdom,Indic Riverine,105,Food Preservation,10
1875,initial,294,New nalkandraa Kingdom,Indic Riverine,106,Storage Pits and Containers,10
1875,initial,294,New nalkandraa Kingdom,Indic Riverine,107,Seasonal Aggregation Camps,10
1875,initial,294,New nalkandraa Kingdom,Indic Riverine,110,Dog Domestication,10
1875,initial,294,New nalkandraa Kingdom,Indic Riverine,111,Grinding Stones,10
1875,initial,294,New nalkandraa Kingdom,Indic Riverine,116,Charcoal Firing,10
1875,initial,294,New nalkandraa Kingdom,Indic Riverine,3,Archery,10
1877,unlock,3,Kingdom of South vishapur,Indic Riverine,27,Democracy,41
1877,unlock,60,Kingdom of New dorselbelland,Central Plain,42,Metallurgy,21
1879,unlock,169,Great vialinia,Western Plains,23,Engineering,18
1887,unlock,175,North intiayaa,Andean Highland,16,Construction,15
1889,unlock,244,Kingdom of Old samuran,Fertile Crescent,51,Steam Engine,22
1890,unlock,31,Kingdom of Samar,Fertile Crescent,37,Gunpowder,37
1890,unlock,60,Kingdom of New dorselbelland,Central Plain,51,Steam Engine,22
1890,initial,295,Ashkalad Kingdom,Fertile Crescent,100,Cordage and Knots,10
1890,initial,295,Ashkalad Kingdom,Fertile Crescent,101,Hide Working and Tailored Clothing,10
1890,initial,295,Ashkalad Kingdom,Fertile Crescent,102,Hafted Stone Tools,10
1890,initial,295,Ashkalad Kingdom,Fertile Crescent,105,Food Preservation,10
1890,initial,295,Ashkalad Kingdom,Fertile Crescent,106,Storage Pits and Containers,10
1890,initial,295,Ashkalad Kingdom,Fertile Crescent,107,Seasonal Aggregation Camps,10
1890,initial,295,Ashkalad Kingdom,Fertile Crescent,110,Dog Domestication,10
1890,initial,295,Ashkalad Kingdom,Fertile Crescent,111,Grinding Stones,10
1890,initial,295,Ashkalad Kingdom,Fertile Crescent,116,Charcoal Firing,10
1890,initial,295,Ashkalad Kingdom,Fertile Crescent,3,Archery,10
1891,unlock,278,New weili Kingdom,East Riverine,4,Mining,11
1893,unlock,149,Kingdom of North aldor,Central Plain,41,Chemistry,21
1895,unlock,4,Kingdom of Great shatana,Indic Riverine,85,Artificial Intelligence,32
1897,unlock,95,Kingdom of Beldusbelstan,Western Plains,103,Bone and Antler Tools,11
1900,unlock,102,Kingdom of North kankanra,Indic Riverine,51,Steam Engine,16
1900,unlock,107,New soldus Tribe,Western Plains,9,Bronze Alloying,17
1901,unlock,262,Kingdom of New surnalkannagar,Indic Riverine,103,Bone and Antler Tools,11
1910,unlock,104,Kingdom of New eshsambarum,Fertile Crescent,38,Mechanical Clock,21
1915,unlock,193,Kingdom of New tanchiara,West Sahel,110,Dog Domestication,10
1916,unlock,244,Kingdom of Old samuran,Fertile Crescent,16,Construction,23
1919,unlock,244,Kingdom of Old samuran,Fertile Crescent,120,Copper Smelting,24
1921,unlock,175,North intiayaa,Andean Highland,120,Copper Smelting,16
1929,unlock,123,Great varravia,Indic Riverine,26,Compass,50
1932,unlock,192,Kingdom of South kanmittana,Indic Riverine,5,Sailing,19
1936,unlock,38,Kingdom of New belaruran,Fertile Crescent,52,Industrialization,28
1938,unlock,248,Great ngokangoa Kingdom,Central Forest,110,Dog Domestication,11
1940,unlock,38,Kingdom of New belaruran,Fertile Crescent,23,Engineering,29
1941,unlock,97,Kingdom of North romterland,Caribbean Seafaring,114,Enclosures and Herd Management,22
1943,unlock,0,Kingdom of Old naltantannagar,Indic Riverine,85,Artificial Intelligence,33
1947,unlock,159,Kingdom of South ofiofia,West Sahel,117,Proto-writing and Administrative Notation,18
1950,unlock,139,Kingdom of Old zenromsol,Western Plains,116,Charcoal Firing,9
1961,unlock,255,New lammaka,Central Forest,29,Machinery,12
1965,unlock,22,Kingdom of New qinmin,East Riverine,29,Machinery,13
1970,unlock,31,Kingdom of Samar,Fertile Crescent,38,Mechanical Clock,38
1973,unlock,40,New zenromgrad,Monsoon Coastal,46,Printing Press,39
1974,unlock,52,Old barmamaene Tribe,West Sahel,38,Mechanical Clock,29
1974,unlock,97,Kingdom of North romterland,Caribbean Seafaring,20,Agriculture,23
1977,unlock,243,Great tankangoa,Central Forest,110,Dog Domestication,12
1978,unlock,254,Old zumaara Kingdom,Central Forest,110,Dog Domestication,11
1983,unlock,29,Kingdom of Old ashbelurar,Fertile Crescent,29,Machinery,27
1984,unlock,270,North tantanmau Kingdom,Central Forest,7,Wheel,16
1987,unlock,159,Kingdom of South ofiofia Kingdom,West Sahel,7,Wheel,19
1988,unlock,147,Kingdom of Great karal,Mediterranean Urban,29,Machinery,13
1990,unlock,192,Kingdom of Old radranagar,Indic Riverine,117,Proto-writing and Administrative Notation,20
1993,unlock,255,New lammaka,Central Forest,110,Dog Domestication,13
2000,unlock,51,Empire of Great ngotanu,West Sahel,23,Engineering,13
2000,initial,296,North pachqorisumyu Kingdom,Andean Highland,100,Cordage and Knots,14
2000,initial,296,North pachqorisumyu Kingdom,Andean Highland,101,Hide Working and Tailored Clothing,14
2000,initial,296,North pachqorisumyu Kingdom,Andean Highland,102,Hafted Stone Tools,14
2000,initial,296,North pachqorisumyu Kingdom,Andean Highland,103,Bone and Antler Tools,14
2000,initial,296,North pachqorisumyu Kingdom,Andean Highland,105,Food Preservation,14
2000,initial,296,North pachqorisumyu Kingdom,Andean Highland,106,Storage Pits and Containers,14
2000,initial,296,North pachqorisumyu Kingdom,Andean Highland,107,Seasonal Aggregation Camps,14
2000,initial,296,North pachqorisumyu Kingdom,Andean Highland,110,Dog Domestication,14
2000,initial,296,North pachqorisumyu Kingdom,Andean Highland,111,Grinding Stones,14
2000,initial,296,North pachqorisumyu Kingdom,Andean Highland,116,Charcoal Firing,14
2000,initial,296,North pachqorisumyu Kingdom,Andean Highland,119,Native Copper Working,14
2000,initial,296,North pachqorisumyu Kingdom,Andean Highland,4,Mining,14
2000,initial,296,North pachqorisumyu Kingdom,Andean Highland,3,Archery,14
2000,initial,296,North pachqorisumyu Kingdom,Andean Highland,8,Masonry,14
2003,unlock,237,South lamseu,Central Forest,113,Sedentism,11
2008,unlock,136,Kingdom of Lorlorzenland,Steppe Nomadic,116,Charcoal Firing,11
2013,unlock,32,Kingdom of North tambar,Fertile Crescent,103,Bone and Antler Tools,11
2013,unlock,159,Kingdom of South ofiofia Kingdom,West Sahel,104,Fishing Technology,20
2013,unlock,192,Kingdom of Old radranagar,Indic Riverine,7,Wheel,21
2014,unlock,40,New zenromgrad,Monsoon Coastal,39,Universities,43
2016,unlock,266,Kingdom of North llaqkuskusa,Andean Highland,103,Bone and Antler Tools,11
2017,unlock,88,New terbelia Tribe,Eastern Woodland,23,Engineering,12
2022,unlock,60,Kingdom of New dorselbelland,Central Plain,13,Iron Working,23
2023,unlock,155,New kaofilam Tribe,West Sahel,38,Mechanical Clock,28
2025,unlock,40,New zenromgrad,Monsoon Coastal,34,Banking,44
