{
  "violations": [
    {
      "id": "STORAGE_SMOOTHING_CHEAT",
      "severity": 99.59974396444444,
      "hardfail": false,
      "details": {
        "adequacy_var": 1.0006400888888861e-05,
        "loss_share": 0.012614462148613633
      }
    }
  ]
}