year,event_type,country_index,country_name,country_culture,tech_id,tech_name,total_unlocked_techs
-5000,initial,0,New drakana Tribe,Indic Riverine,100,Cordage and Knots,19
-5000,initial,0,New drakana Tribe,Indic Riverine,101,Hide Working and Tailored Clothing,19
-5000,initial,0,New drakana Tribe,Indic Riverine,102,Hafted Stone Tools,19
-5000,initial,0,New drakana Tribe,Indic Riverine,105,Food Preservation,19
-5000,initial,0,New drakana Tribe,Indic Riverine,106,Storage Pits and Containers,19
-5000,initial,0,New drakana Tribe,Indic Riverine,107,Seasonal Aggregation Camps,19
-5000,initial,0,New drakana Tribe,Indic Riverine,110,Dog Domestication,19
-5000,initial,0,New drakana Tribe,Indic Riverine,111,Grinding Stones,19
-5000,initial,0,New drakana Tribe,Indic Riverine,112,Proto-cultivation,19
-5000,initial,0,New drakana Tribe,Indic Riverine,113,Sedentism,19
-5000,initial,0,New drakana Tribe,Indic Riverine,114,Enclosures and Herd Management,19
-5000,initial,0,New drakana Tribe,Indic Riverine,115,Counting Tokens and Tallies,19
-5000,initial,0,New drakana Tribe,Indic Riverine,116,Charcoal Firing,19
-5000,initial,0,New drakana Tribe,Indic Riverine,1,Pottery,19
-5000,initial,0,New drakana Tribe,Indic Riverine,2,Animal Husbandry,19
-5000,initial,0,New drakana Tribe,Indic Riverine,4,Mining,19
-5000,initial,0,New drakana Tribe,Indic Riverine,20,Agriculture,19
-5000,initial,0,New drakana Tribe,Indic Riverine,3,Archery,19
-5000,initial,0,New drakana Tribe,Indic Riverine,6,Calendar,19
-5000,initial,1,Old varraa Tribe,Indic Riverine,100,Cordage and Knots,19
-5000,initial,1,Old varraa Tribe,Indic Riverine,101,Hide Working and Tailored Clothing,19
-5000,initial,1,Old varraa Tribe,Indic Riverine,102,Hafted Stone Tools,19
-5000,initial,1,Old varraa Tribe,Indic Riverine,105,Food Preservation,19
-5000,initial,1,Old varraa Tribe,Indic Riverine,106,Storage Pits and Containers,19
-5000,initial,1,Old varraa Tribe,Indic Riverine,107,Seasonal Aggregation Camps,19
-5000,initial,1,Old varraa Tribe,Indic Riverine,110,Dog Domestication,19
-5000,initial,1,Old varraa Tribe,Indic Riverine,111,Grinding Stones,19
-5000,initial,1,Old varraa Tribe,Indic Riverine,112,Proto-cultivation,19
-5000,initial,1,Old varraa Tribe,Indic Riverine,113,Sedentism,19
-5000,initial,1,Old varraa Tribe,Indic Riverine,114,Enclosures and Herd Management,19
-5000,initial,1,Old varraa Tribe,Indic Riverine,115,Counting Tokens and Tallies,19
-5000,initial,1,Old varraa Tribe,Indic Riverine,116,Charcoal Firing,19
-5000,initial,1,Old varraa Tribe,Indic Riverine,1,Pottery,19
-5000,initial,1,Old varraa Tribe,Indic Riverine,2,Animal Husbandry,19
-5000,initial,1,Old varraa Tribe,Indic Riverine,4,Mining,19
-5000,initial,1,Old varraa Tribe,Indic Riverine,20,Agriculture,19
-5000,initial,1,Old varraa Tribe,Indic Riverine,3,Archery,19
-5000,initial,1,Old varraa Tribe,Indic Riverine,6,Calendar,19
-5000,initial,2,Great kanshatannagar Tribe,Indic Riverine,100,Cordage and Knots,19
-5000,initial,2,Great kanshatannagar Tribe,Indic Riverine,101,Hide Working and Tailored Clothing,19
-5000,initial,2,Great kanshatannagar Tribe,Indic Riverine,102,Hafted Stone Tools,19
-5000,initial,2,Great kanshatannagar Tribe,Indic Riverine,105,Food Preservation,19
-5000,initial,2,Great kanshatannagar Tribe,Indic Riverine,106,Storage Pits and Containers,19
-5000,initial,2,Great kanshatannagar Tribe,Indic Riverine,107,Seasonal Aggregation Camps,19
-5000,initial,2,Great kanshatannagar Tribe,Indic Riverine,110,Dog Domestication,19
-5000,initial,2,Great kanshatannagar Tribe,Indic Riverine,111,Grinding Stones,19
-5000,initial,2,Great kanshatannagar Tribe,Indic Riverine,112,Proto-cultivation,19
-5000,initial,2,Great kanshatannagar Tribe,Indic Riverine,113,Sedentism,19
-5000,initial,2,Great kanshatannagar Tribe,Indic Riverine,114,Enclosures and Herd Management,19
-5000,initial,2,Great kanshatannagar Tribe,Indic Riverine,115,Counting Tokens and Tallies,19
-5000,initial,2,Great kanshatannagar Tribe,Indic Riverine,116,Charcoal Firing,19
-5000,initial,2,Great kanshatannagar Tribe,Indic Riverine,1,Pottery,19
-5000,initial,2,Great kanshatannagar Tribe,Indic Riverine,2,Animal Husbandry,19
-5000,initial,2,Great kanshatannagar Tribe,Indic Riverine,4,Mining,19
-5000,initial,2,Great kanshatannagar Tribe,Indic Riverine,20,Agriculture,19
-5000,initial,2,Great kanshatannagar Tribe,Indic Riverine,3,Archery,19
-5000,initial,2,Great kanshatannagar Tribe,Indic Riverine,6,Calendar,19
-5000,initial,3,New vidranagar Tribe,Indic Riverine,100,Cordage and Knots,19
-5000,initial,3,New vidranagar Tribe,Indic Riverine,101,Hide Working and Tailored Clothing,19
-5000,initial,3,New vidranagar Tribe,Indic Riverine,102,Hafted Stone Tools,19
-5000,initial,3,New vidranagar Tribe,Indic Riverine,105,Food Preservation,19
-5000,initial,3,New vidranagar Tribe,Indic Riverine,106,Storage Pits and Containers,19
-5000,initial,3,New vidranagar Tribe,Indic Riverine,107,Seasonal Aggregation Camps,19
-5000,initial,3,New vidranagar Tribe,Indic Riverine,110,Dog Domestication,19
-5000,initial,3,New vidranagar Tribe,Indic Riverine,111,Grinding Stones,19
-5000,initial,3,New vidranagar Tribe,Indic Riverine,112,Proto-cultivation,19
-5000,initial,3,New vidranagar Tribe,Indic Riverine,113,Sedentism,19
-5000,initial,3,New vidranagar Tribe,Indic Riverine,114,Enclosures and Herd Management,19
-5000,initial,3,New vidranagar Tribe,Indic Riverine,115,Counting Tokens and Tallies,19
-5000,initial,3,New vidranagar Tribe,Indic Riverine,116,Charcoal Firing,19
-5000,initial,3,New vidranagar Tribe,Indic Riverine,1,Pottery,19
-5000,initial,3,New vidranagar Tribe,Indic Riverine,2,Animal Husbandry,19
-5000,initial,3,New vidranagar Tribe,Indic Riverine,4,Mining,19
-5000,initial,3,New vidranagar Tribe,Indic Riverine,20,Agriculture,19
-5000,initial,3,New vidranagar Tribe,Indic Riverine,3,Archery,19
-5000,initial,3,New vidranagar Tribe,Indic Riverine,6,Calendar,19
-5000,initial,4,North varsurshaa Tribe,Indic Riverine,100,Cordage and Knots,19
-5000,initial,4,North varsurshaa Tribe,Indic Riverine,101,Hide Working and Tailored Clothing,19
-5000,initial,4,North varsurshaa Tribe,Indic Riverine,102,Hafted Stone Tools,19
-5000,initial,4,North varsurshaa Tribe,Indic Riverine,105,Food Preservation,19
-5000,initial,4,North varsurshaa Tribe,Indic Riverine,106,Storage Pits and Containers,19
-5000,initial,4,North varsurshaa Tribe,Indic Riverine,107,Seasonal Aggregation Camps,19
-5000,initial,4,North varsurshaa Tribe,Indic Riverine,110,Dog Domestication,19
-5000,initial,4,North varsurshaa Tribe,Indic Riverine,111,Grinding Stones,19
-5000,initial,4,North varsurshaa Tribe,Indic Riverine,112,Proto-cultivation,19
-5000,initial,4,North varsurshaa Tribe,Indic Riverine,113,Sedentism,19
-5000,initial,4,North varsurshaa Tribe,Indic Riverine,114,Enclosures and Herd Management,19
-5000,initial,4,North varsurshaa Tribe,Indic Riverine,115,Counting Tokens and Tallies,19
-5000,initial,4,North varsurshaa Tribe,Indic Riverine,116,Charcoal Firing,19
-5000,initial,4,North varsurshaa Tribe,Indic Riverine,1,Pottery,19
-5000,initial,4,North varsurshaa Tribe,Indic Riverine,2,Animal Husbandry,19
-5000,initial,4,North varsurshaa Tribe,Indic Riverine,4,Mining,19
-5000,initial,4,North varsurshaa Tribe,Indic Riverine,20,Agriculture,19
-5000,initial,4,North varsurshaa Tribe,Indic Riverine,3,Archery,19
-5000,initial,4,North varsurshaa Tribe,Indic Riverine,6,Calendar,19
-5000,initial,5,Great kansurdrapur Tribe,Indic Riverine,100,Cordage and Knots,19
-5000,initial,5,Great kansurdrapur Tribe,Indic Riverine,101,Hide Working and Tailored Clothing,19
-5000,initial,5,Great kansurdrapur Tribe,Indic Riverine,102,Hafted Stone Tools,19
-5000,initial,5,Great kansurdrapur Tribe,Indic Riverine,105,Food Preservation,19
-5000,initial,5,Great kansurdrapur Tribe,Indic Riverine,106,Storage Pits and Containers,19
-5000,initial,5,Great kansurdrapur Tribe,Indic Riverine,107,Seasonal Aggregation Camps,19
-5000,initial,5,Great kansurdrapur Tribe,Indic Riverine,110,Dog Domestication,19
-5000,initial,5,Great kansurdrapur Tribe,Indic Riverine,111,Grinding Stones,19
-5000,initial,5,Great kansurdrapur Tribe,Indic Riverine,112,Proto-cultivation,19
-5000,initial,5,Great kansurdrapur Tribe,Indic Riverine,113,Sedentism,19
-5000,initial,5,Great kansurdrapur Tribe,Indic Riverine,114,Enclosures and Herd Management,19
-5000,initial,5,Great kansurdrapur Tribe,Indic Riverine,115,Counting Tokens and Tallies,19
-5000,initial,5,Great kansurdrapur Tribe,Indic Riverine,116,Charcoal Firing,19
-5000,initial,5,Great kansurdrapur Tribe,Indic Riverine,1,Pottery,19
-5000,initial,5,Great kansurdrapur Tribe,Indic Riverine,2,Animal Husbandry,19
-5000,initial,5,Great kansurdrapur Tribe,Indic Riverine,4,Mining,19
-5000,initial,5,Great kansurdrapur Tribe,Indic Riverine,20,Agriculture,19
-5000,initial,5,Great kansurdrapur Tribe,Indic Riverine,3,Archery,19
-5000,initial,5,Great kansurdrapur Tribe,Indic Riverine,6,Calendar,19
-5000,initial,6,New tandrapur Tribe,Indic Riverine,100,Cordage and Knots,19
-5000,initial,6,New tandrapur Tribe,Indic Riverine,101,Hide Working and Tailored Clothing,19
-5000,initial,6,New tandrapur Tribe,Indic Riverine,102,Hafted Stone Tools,19
-5000,initial,6,New tandrapur Tribe,Indic Riverine,105,Food Preservation,19
-5000,initial,6,New tandrapur Tribe,Indic Riverine,106,Storage Pits and Containers,19
-5000,initial,6,New tandrapur Tribe,Indic Riverine,107,Seasonal Aggregation Camps,19
-5000,initial,6,New tandrapur Tribe,Indic Riverine,110,Dog Domestication,19
-5000,initial,6,New tandrapur Tribe,Indic Riverine,111,Grinding Stones,19
-5000,initial,6,New tandrapur Tribe,Indic Riverine,112,Proto-cultivation,19
-5000,initial,6,New tandrapur Tribe,Indic Riverine,113,Sedentism,19
-5000,initial,6,New tandrapur Tribe,Indic Riverine,114,Enclosures and Herd Management,19
-5000,initial,6,New tandrapur Tribe,Indic Riverine,115,Counting Tokens and Tallies,19
-5000,initial,6,New tandrapur Tribe,Indic Riverine,116,Charcoal Firing,19
-5000,initial,6,New tandrapur Tribe,Indic Riverine,1,Pottery,19
-5000,initial,6,New tandrapur Tribe,Indic Riverine,2,Animal Husbandry,19
-5000,initial,6,New tandrapur Tribe,Indic Riverine,4,Mining,19
-5000,initial,6,New tandrapur Tribe,Indic Riverine,20,Agriculture,19
-5000,initial,6,New tandrapur Tribe,Indic Riverine,3,Archery,19
-5000,initial,6,New tandrapur Tribe,Indic Riverine,6,Calendar,19
-5000,initial,7,North vitankan Tribe,Indic Riverine,100,Cordage and Knots,19
-5000,initial,7,North vitankan Tribe,Indic Riverine,101,Hide Working and Tailored Clothing,19
-5000,initial,7,North vitankan Tribe,Indic Riverine,102,Hafted Stone Tools,19
-5000,initial,7,North vitankan Tribe,Indic Riverine,105,Food Preservation,19
-5000,initial,7,North vitankan Tribe,Indic Riverine,106,Storage Pits and Containers,19
-5000,initial,7,North vitankan Tribe,Indic Riverine,107,Seasonal Aggregation Camps,19
-5000,initial,7,North vitankan Tribe,Indic Riverine,110,Dog Domestication,19
-5000,initial,7,North vitankan Tribe,Indic Riverine,111,Grinding Stones,19
-5000,initial,7,North vitankan Tribe,Indic Riverine,112,Proto-cultivation,19
-5000,initial,7,North vitankan Tribe,Indic Riverine,113,Sedentism,19
-5000,initial,7,North vitankan Tribe,Indic Riverine,114,Enclosures and Herd Management,19
-5000,initial,7,North vitankan Tribe,Indic Riverine,115,Counting Tokens and Tallies,19
-5000,initial,7,North vitankan Tribe,Indic Riverine,116,Charcoal Firing,19
-5000,initial,7,North vitankan Tribe,Indic Riverine,1,Pottery,19
-5000,initial,7,North vitankan Tribe,Indic Riverine,2,Animal Husbandry,19
-5000,initial,7,North vitankan Tribe,Indic Riverine,4,Mining,19
-5000,initial,7,North vitankan Tribe,Indic Riverine,20,Agriculture,19
-5000,initial,7,North vitankan Tribe,Indic Riverine,3,Archery,19
-5000,initial,7,North vitankan Tribe,Indic Riverine,6,Calendar,19
-5000,initial,8,Great shararaa Tribe,Indic Riverine,100,Cordage and Knots,19
-5000,initial,8,Great shararaa Tribe,Indic Riverine,101,Hide Working and Tailored Clothing,19
-5000,initial,8,Great shararaa Tribe,Indic Riverine,102,Hafted Stone Tools,19
-5000,initial,8,Great shararaa Tribe,Indic Riverine,105,Food Preservation,19
-5000,initial,8,Great shararaa Tribe,Indic Riverine,106,Storage Pits and Containers,19
-5000,initial,8,Great shararaa Tribe,Indic Riverine,107,Seasonal Aggregation Camps,19
-5000,initial,8,Great shararaa Tribe,Indic Riverine,110,Dog Domestication,19
-5000,initial,8,Great shararaa Tribe,Indic Riverine,111,Grinding Stones,19
-5000,initial,8,Great shararaa Tribe,Indic Riverine,112,Proto-cultivation,19
-5000,initial,8,Great shararaa Tribe,Indic Riverine,113,Sedentism,19
-5000,initial,8,Great shararaa Tribe,Indic Riverine,114,Enclosures and Herd Management,19
-5000,initial,8,Great shararaa Tribe,Indic Riverine,115,Counting Tokens and Tallies,19
-5000,initial,8,Great shararaa Tribe,Indic Riverine,116,Charcoal Firing,19
-5000,initial,8,Great shararaa Tribe,Indic Riverine,1,Pottery,19
-5000,initial,8,Great shararaa Tribe,Indic Riverine,2,Animal Husbandry,19
-5000,initial,8,Great shararaa Tribe,Indic Riverine,4,Mining,19
-5000,initial,8,Great shararaa Tribe,Indic Riverine,20,Agriculture,19
-5000,initial,8,Great shararaa Tribe,Indic Riverine,3,Archery,19
-5000,initial,8,Great shararaa Tribe,Indic Riverine,6,Calendar,19
-5000,initial,9,New surkan Tribe,Indic Riverine,100,Cordage and Knots,19
-5000,initial,9,New surkan Tribe,Indic Riverine,101,Hide Working and Tailored Clothing,19
-5000,initial,9,New surkan Tribe,Indic Riverine,102,Hafted Stone Tools,19
-5000,initial,9,New surkan Tribe,Indic Riverine,105,Food Preservation,19
-5000,initial,9,New surkan Tribe,Indic Riverine,106,Storage Pits and Containers,19
-5000,initial,9,New surkan Tribe,Indic Riverine,107,Seasonal Aggregation Camps,19
-5000,initial,9,New surkan Tribe,Indic Riverine,110,Dog Domestication,19
-5000,initial,9,New surkan Tribe,Indic Riverine,111,Grinding Stones,19
-5000,initial,9,New surkan Tribe,Indic Riverine,112,Proto-cultivation,19
-5000,initial,9,New surkan Tribe,Indic Riverine,113,Sedentism,19
-5000,initial,9,New surkan Tribe,Indic Riverine,114,Enclosures and Herd Management,19
-5000,initial,9,New surkan Tribe,Indic Riverine,115,Counting Tokens and Tallies,19
-5000,initial,9,New surkan Tribe,Indic Riverine,116,Charcoal Firing,19
-5000,initial,9,New surkan Tribe,Indic Riverine,1,Pottery,19
-5000,initial,9,New surkan Tribe,Indic Riverine,2,Animal Husbandry,19
-5000,initial,9,New surkan Tribe,Indic Riverine,4,Mining,19
-5000,initial,9,New surkan Tribe,Indic Riverine,20,Agriculture,19
-5000,initial,9,New surkan Tribe,Indic Riverine,3,Archery,19
-5000,initial,9,New surkan Tribe,Indic Riverine,6,Calendar,19
-5000,initial,10,New nalmitdesh Tribe,Indic Riverine,100,Cordage and Knots,19
-5000,initial,10,New nalmitdesh Tribe,Indic Riverine,101,Hide Working and Tailored Clothing,19
-5000,initial,10,New nalmitdesh Tribe,Indic Riverine,102,Hafted Stone Tools,19
-5000,initial,10,New nalmitdesh Tribe,Indic Riverine,105,Food Preservation,19
-5000,initial,10,New nalmitdesh Tribe,Indic Riverine,106,Storage Pits and Containers,19
-5000,initial,10,New nalmitdesh Tribe,Indic Riverine,107,Seasonal Aggregation Camps,19
-5000,initial,10,New nalmitdesh Tribe,Indic Riverine,110,Dog Domestication,19
-5000,initial,10,New nalmitdesh Tribe,Indic Riverine,111,Grinding Stones,19
-5000,initial,10,New nalmitdesh Tribe,Indic Riverine,112,Proto-cultivation,19
-5000,initial,10,New nalmitdesh Tribe,Indic Riverine,113,Sedentism,19
-5000,initial,10,New nalmitdesh Tribe,Indic Riverine,114,Enclosures and Herd Management,19
-5000,initial,10,New nalmitdesh Tribe,Indic Riverine,115,Counting Tokens and Tallies,19
-5000,initial,10,New nalmitdesh Tribe,Indic Riverine,116,Charcoal Firing,19
-5000,initial,10,New nalmitdesh Tribe,Indic Riverine,1,Pottery,19
-5000,initial,10,New nalmitdesh Tribe,Indic Riverine,2,Animal Husbandry,19
-5000,initial,10,New nalmitdesh Tribe,Indic Riverine,4,Mining,19
-5000,initial,10,New nalmitdesh Tribe,Indic Riverine,20,Agriculture,19
-5000,initial,10,New nalmitdesh Tribe,Indic Riverine,3,Archery,19
-5000,initial,10,New nalmitdesh Tribe,Indic Riverine,6,Calendar,19
-5000,initial,11,North kantandradesh Tribe,Indic Riverine,100,Cordage and Knots,19
-5000,initial,11,North kantandradesh Tribe,Indic Riverine,101,Hide Working and Tailored Clothing,19
-5000,initial,11,North kantandradesh Tribe,Indic Riverine,102,Hafted Stone Tools,19
-5000,initial,11,North kantandradesh Tribe,Indic Riverine,105,Food Preservation,19
-5000,initial,11,North kantandradesh Tribe,Indic Riverine,106,Storage Pits and Containers,19
-5000,initial,11,North kantandradesh Tribe,Indic Riverine,107,Seasonal Aggregation Camps,19
-5000,initial,11,North kantandradesh Tribe,Indic Riverine,110,Dog Domestication,19
-5000,initial,11,North kantandradesh Tribe,Indic Riverine,111,Grinding Stones,19
-5000,initial,11,North kantandradesh Tribe,Indic Riverine,112,Proto-cultivation,19
-5000,initial,11,North kantandradesh Tribe,Indic Riverine,113,Sedentism,19
-5000,initial,11,North kantandradesh Tribe,Indic Riverine,114,Enclosures and Herd Management,19
-5000,initial,11,North kantandradesh Tribe,Indic Riverine,115,Counting Tokens and Tallies,19
-5000,initial,11,North kantandradesh Tribe,Indic Riverine,116,Charcoal Firing,19
-5000,initial,11,North kantandradesh Tribe,Indic Riverine,1,Pottery,19
-5000,initial,11,North kantandradesh Tribe,Indic Riverine,2,Animal Husbandry,19
-5000,initial,11,North kantandradesh Tribe,Indic Riverine,4,Mining,19
-5000,initial,11,North kantandradesh Tribe,Indic Riverine,20,Agriculture,19
-5000,initial,11,North kantandradesh Tribe,Indic Riverine,3,Archery,19
-5000,initial,11,North kantandradesh Tribe,Indic Riverine,6,Calendar,19
-5000,initial,12,Great mittankana Tribe,Indic Riverine,100,Cordage and Knots,19
-5000,initial,12,Great mittankana Tribe,Indic Riverine,101,Hide Working and Tailored Clothing,19
-5000,initial,12,Great mittankana Tribe,Indic Riverine,102,Hafted Stone Tools,19
-5000,initial,12,Great mittankana Tribe,Indic Riverine,105,Food Preservation,19
-5000,initial,12,Great mittankana Tribe,Indic Riverine,106,Storage Pits and Containers,19
-5000,initial,12,Great mittankana Tribe,Indic Riverine,107,Seasonal Aggregation Camps,19
-5000,initial,12,Great mittankana Tribe,Indic Riverine,110,Dog Domestication,19
-5000,initial,12,Great mittankana Tribe,Indic Riverine,111,Grinding Stones,19
-5000,initial,12,Great mittankana Tribe,Indic Riverine,112,Proto-cultivation,19
-5000,initial,12,Great mittankana Tribe,Indic Riverine,113,Sedentism,19
-5000,initial,12,Great mittankana Tribe,Indic Riverine,114,Enclosures and Herd Management,19
-5000,initial,12,Great mittankana Tribe,Indic Riverine,115,Counting Tokens and Tallies,19
-5000,initial,12,Great mittankana Tribe,Indic Riverine,116,Charcoal Firing,19
-5000,initial,12,Great mittankana Tribe,Indic Riverine,1,Pottery,19
-5000,initial,12,Great mittankana Tribe,Indic Riverine,2,Animal Husbandry,19
-5000,initial,12,Great mittankana Tribe,Indic Riverine,4,Mining,19
-5000,initial,12,Great mittankana Tribe,Indic Riverine,20,Agriculture,19
-5000,initial,12,Great mittankana Tribe,Indic Riverine,3,Archery,19
-5000,initial,12,Great mittankana Tribe,Indic Riverine,6,Calendar,19
-5000,initial,13,North mitvia Tribe,Indic Riverine,100,Cordage and Knots,19
-5000,initial,13,North mitvia Tribe,Indic Riverine,101,Hide Working and Tailored Clothing,19
-5000,initial,13,North mitvia Tribe,Indic Riverine,102,Hafted Stone Tools,19
-5000,initial,13,North mitvia Tribe,Indic Riverine,105,Food Preservation,19
-5000,initial,13,North mitvia Tribe,Indic Riverine,106,Storage Pits and Containers,19
-5000,initial,13,North mitvia Tribe,Indic Riverine,107,Seasonal Aggregation Camps,19
-5000,initial,13,North mitvia Tribe,Indic Riverine,110,Dog Domestication,19
-5000,initial,13,North mitvia Tribe,Indic Riverine,111,Grinding Stones,19
-5000,initial,13,North mitvia Tribe,Indic Riverine,112,Proto-cultivation,19
-5000,initial,13,North mitvia Tribe,Indic Riverine,113,Sedentism,19
-5000,initial,13,North mitvia Tribe,Indic Riverine,114,Enclosures and Herd Management,19
-5000,initial,13,North mitvia Tribe,Indic Riverine,115,Counting Tokens and Tallies,19
-5000,initial,13,North mitvia Tribe,Indic Riverine,116,Charcoal Firing,19
-5000,initial,13,North mitvia Tribe,Indic Riverine,1,Pottery,19
-5000,initial,13,North mitvia Tribe,Indic Riverine,2,Animal Husbandry,19
-5000,initial,13,North mitvia Tribe,Indic Riverine,4,Mining,19
-5000,initial,13,North mitvia Tribe,Indic Riverine,20,Agriculture,19
-5000,initial,13,North mitvia Tribe,Indic Riverine,3,Archery,19
-5000,initial,13,North mitvia Tribe,Indic Riverine,6,Calendar,19
-5000,initial,14,New taiweizho Tribe,East Riverine,100,Cordage and Knots,19
-5000,initial,14,New taiweizho Tribe,East Riverine,101,Hide Working and Tailored Clothing,19
-5000,initial,14,New taiweizho Tribe,East Riverine,102,Hafted Stone Tools,19
-5000,initial,14,New taiweizho Tribe,East Riverine,105,Food Preservation,19
-5000,initial,14,New taiweizho Tribe,East Riverine,106,Storage Pits and Containers,19
-5000,initial,14,New taiweizho Tribe,East Riverine,107,Seasonal Aggregation Camps,19
-5000,initial,14,New taiweizho Tribe,East Riverine,110,Dog Domestication,19
-5000,initial,14,New taiweizho Tribe,East Riverine,111,Grinding Stones,19
-5000,initial,14,New taiweizho Tribe,East Riverine,112,Proto-cultivation,19
-5000,initial,14,New taiweizho Tribe,East Riverine,113,Sedentism,19
-5000,initial,14,New taiweizho Tribe,East Riverine,114,Enclosures and Herd Management,19
-5000,initial,14,New taiweizho Tribe,East Riverine,115,Counting Tokens and Tallies,19
-5000,initial,14,New taiweizho Tribe,East Riverine,116,Charcoal Firing,19
-5000,initial,14,New taiweizho Tribe,East Riverine,1,Pottery,19
-5000,initial,14,New taiweizho Tribe,East Riverine,2,Animal Husbandry,19
-5000,initial,14,New taiweizho Tribe,East Riverine,4,Mining,19
-5000,initial,14,New taiweizho Tribe,East Riverine,20,Agriculture,19
-5000,initial,14,New taiweizho Tribe,East Riverine,3,Archery,19
-5000,initial,14,New taiweizho Tribe,East Riverine,6,Calendar,19
-5000,initial,15,Weilizhou Tribe,East Riverine,100,Cordage and Knots,19
-5000,initial,15,Weilizhou Tribe,East Riverine,101,Hide Working and Tailored Clothing,19
-5000,initial,15,Weilizhou Tribe,East Riverine,102,Hafted Stone Tools,19
-5000,initial,15,Weilizhou Tribe,East Riverine,105,Food Preservation,19
-5000,initial,15,Weilizhou Tribe,East Riverine,106,Storage Pits and Containers,19
-5000,initial,15,Weilizhou Tribe,East Riverine,107,Seasonal Aggregation Camps,19
-5000,initial,15,Weilizhou Tribe,East Riverine,110,Dog Domestication,19
-5000,initial,15,Weilizhou Tribe,East Riverine,111,Grinding Stones,19
-5000,initial,15,Weilizhou Tribe,East Riverine,112,Proto-cultivation,19
-5000,initial,15,Weilizhou Tribe,East Riverine,113,Sedentism,19
-5000,initial,15,Weilizhou Tribe,East Riverine,114,Enclosures and Herd Management,19
-5000,initial,15,Weilizhou Tribe,East Riverine,115,Counting Tokens and Tallies,19
-5000,initial,15,Weilizhou Tribe,East Riverine,116,Charcoal Firing,19
-5000,initial,15,Weilizhou Tribe,East Riverine,1,Pottery,19
-5000,initial,15,Weilizhou Tribe,East Riverine,2,Animal Husbandry,19
-5000,initial,15,Weilizhou Tribe,East Riverine,4,Mining,19
-5000,initial,15,Weilizhou Tribe,East Riverine,20,Agriculture,19
-5000,initial,15,Weilizhou Tribe,East Riverine,3,Archery,19
-5000,initial,15,Weilizhou Tribe,East Riverine,6,Calendar,19
-5000,initial,16,South hanhanzhou Tribe,East Riverine,100,Cordage and Knots,19
-5000,initial,16,South hanhanzhou Tribe,East Riverine,101,Hide Working and Tailored Clothing,19
-5000,initial,16,South hanhanzhou Tribe,East Riverine,102,Hafted Stone Tools,19
-5000,initial,16,South hanhanzhou Tribe,East Riverine,105,Food Preservation,19
-5000,initial,16,South hanhanzhou Tribe,East Riverine,106,Storage Pits and Containers,19
-5000,initial,16,South hanhanzhou Tribe,East Riverine,107,Seasonal Aggregation Camps,19
-5000,initial,16,South hanhanzhou Tribe,East Riverine,110,Dog Domestication,19
-5000,initial,16,South hanhanzhou Tribe,East Riverine,111,Grinding Stones,19
-5000,initial,16,South hanhanzhou Tribe,East Riverine,112,Proto-cultivation,19
-5000,initial,16,South hanhanzhou Tribe,East Riverine,113,Sedentism,19
-5000,initial,16,South hanhanzhou Tribe,East Riverine,114,Enclosures and Herd Management,19
-5000,initial,16,South hanhanzhou Tribe,East Riverine,115,Counting Tokens and Tallies,19
-5000,initial,16,South hanhanzhou Tribe,East Riverine,116,Charcoal Firing,19
-5000,initial,16,South hanhanzhou Tribe,East Riverine,1,Pottery,19
-5000,initial,16,South hanhanzhou Tribe,East Riverine,2,Animal Husbandry,19
-5000,initial,16,South hanhanzhou Tribe,East Riverine,4,Mining,19
-5000,initial,16,South hanhanzhou Tribe,East Riverine,20,Agriculture,19
-5000,initial,16,South hanhanzhou Tribe,East Riverine,3,Archery,19
-5000,initial,16,South hanhanzhou Tribe,East Riverine,6,Calendar,19
-5000,initial,17,New linqinlishan Tribe,East Riverine,100,Cordage and Knots,19
-5000,initial,17,New linqinlishan Tribe,East Riverine,101,Hide Working and Tailored Clothing,19
-5000,initial,17,New linqinlishan Tribe,East Riverine,102,Hafted Stone Tools,19
-5000,initial,17,New linqinlishan Tribe,East Riverine,105,Food Preservation,19
-5000,initial,17,New linqinlishan Tribe,East Riverine,106,Storage Pits and Containers,19
-5000,initial,17,New linqinlishan Tribe,East Riverine,107,Seasonal Aggregation Camps,19
-5000,initial,17,New linqinlishan Tribe,East Riverine,110,Dog Domestication,19
-5000,initial,17,New linqinlishan Tribe,East Riverine,111,Grinding Stones,19
-5000,initial,17,New linqinlishan Tribe,East Riverine,112,Proto-cultivation,19
-5000,initial,17,New linqinlishan Tribe,East Riverine,113,Sedentism,19
-5000,initial,17,New linqinlishan Tribe,East Riverine,114,Enclosures and Herd Management,19
-5000,initial,17,New linqinlishan Tribe,East Riverine,115,Counting Tokens and Tallies,19
-5000,initial,17,New linqinlishan Tribe,East Riverine,116,Charcoal Firing,19
-5000,initial,17,New linqinlishan Tribe,East Riverine,1,Pottery,19
-5000,initial,17,New linqinlishan Tribe,East Riverine,2,Animal Husbandry,19
-5000,initial,17,New linqinlishan Tribe,East Riverine,4,Mining,19
-5000,initial,17,New linqinlishan Tribe,East Riverine,20,Agriculture,19
-5000,initial,17,New linqinlishan Tribe,East Riverine,3,Archery,19
-5000,initial,17,New linqinlishan Tribe,East Riverine,6,Calendar,19
-5000,initial,18,North zholinzhou Tribe,East Riverine,100,Cordage and Knots,19
-5000,initial,18,North zholinzhou Tribe,East Riverine,101,Hide Working and Tailored Clothing,19
-5000,initial,18,North zholinzhou Tribe,East Riverine,102,Hafted Stone Tools,19
-5000,initial,18,North zholinzhou Tribe,East Riverine,105,Food Preservation,19
-5000,initial,18,North zholinzhou Tribe,East Riverine,106,Storage Pits and Containers,19
-5000,initial,18,North zholinzhou Tribe,East Riverine,107,Seasonal Aggregation Camps,19
-5000,initial,18,North zholinzhou Tribe,East Riverine,110,Dog Domestication,19
-5000,initial,18,North zholinzhou Tribe,East Riverine,111,Grinding Stones,19
-5000,initial,18,North zholinzhou Tribe,East Riverine,112,Proto-cultivation,19
-5000,initial,18,North zholinzhou Tribe,East Riverine,113,Sedentism,19
-5000,initial,18,North zholinzhou Tribe,East Riverine,114,Enclosures and Herd Management,19
-5000,initial,18,North zholinzhou Tribe,East Riverine,115,Counting Tokens and Tallies,19
-5000,initial,18,North zholinzhou Tribe,East Riverine,116,Charcoal Firing,19
-5000,initial,18,North zholinzhou Tribe,East Riverine,1,Pottery,19
-5000,initial,18,North zholinzhou Tribe,East Riverine,2,Animal Husbandry,19
-5000,initial,18,North zholinzhou Tribe,East Riverine,4,Mining,19
-5000,initial,18,North zholinzhou Tribe,East Riverine,20,Agriculture,19
-5000,initial,18,North zholinzhou Tribe,East Riverine,3,Archery,19
-5000,initial,18,North zholinzhou Tribe,East Riverine,6,Calendar,19
-5000,initial,19,New xiaminzhou Tribe,East Riverine,100,Cordage and Knots,19
-5000,initial,19,New xiaminzhou Tribe,East Riverine,101,Hide Working and Tailored Clothing,19
-5000,initial,19,New xiaminzhou Tribe,East Riverine,102,Hafted Stone Tools,19
-5000,initial,19,New xiaminzhou Tribe,East Riverine,105,Food Preservation,19
-5000,initial,19,New xiaminzhou Tribe,East Riverine,106,Storage Pits and Containers,19
-5000,initial,19,New xiaminzhou Tribe,East Riverine,107,Seasonal Aggregation Camps,19
-5000,initial,19,New xiaminzhou Tribe,East Riverine,110,Dog Domestication,19
-5000,initial,19,New xiaminzhou Tribe,East Riverine,111,Grinding Stones,19
-5000,initial,19,New xiaminzhou Tribe,East Riverine,112,Proto-cultivation,19
-5000,initial,19,New xiaminzhou Tribe,East Riverine,113,Sedentism,19
-5000,initial,19,New xiaminzhou Tribe,East Riverine,114,Enclosures and Herd Management,19
-5000,initial,19,New xiaminzhou Tribe,East Riverine,115,Counting Tokens and Tallies,19
-5000,initial,19,New xiaminzhou Tribe,East Riverine,116,Charcoal Firing,19
-5000,initial,19,New xiaminzhou Tribe,East Riverine,1,Pottery,19
-5000,initial,19,New xiaminzhou Tribe,East Riverine,2,Animal Husbandry,19
-5000,initial,19,New xiaminzhou Tribe,East Riverine,4,Mining,19
-5000,initial,19,New xiaminzhou Tribe,East Riverine,20,Agriculture,19
-5000,initial,19,New xiaminzhou Tribe,East Riverine,3,Archery,19
-5000,initial,19,New xiaminzhou Tribe,East Riverine,6,Calendar,19
-5000,initial,20,Lixiaqinguo Tribe,East Riverine,100,Cordage and Knots,19
-5000,initial,20,Lixiaqinguo Tribe,East Riverine,101,Hide Working and Tailored Clothing,19
-5000,initial,20,Lixiaqinguo Tribe,East Riverine,102,Hafted Stone Tools,19
-5000,initial,20,Lixiaqinguo Tribe,East Riverine,105,Food Preservation,19
-5000,initial,20,Lixiaqinguo Tribe,East Riverine,106,Storage Pits and Containers,19
-5000,initial,20,Lixiaqinguo Tribe,East Riverine,107,Seasonal Aggregation Camps,19
-5000,initial,20,Lixiaqinguo Tribe,East Riverine,110,Dog Domestication,19
-5000,initial,20,Lixiaqinguo Tribe,East Riverine,111,Grinding Stones,19
-5000,initial,20,Lixiaqinguo Tribe,East Riverine,112,Proto-cultivation,19
-5000,initial,20,Lixiaqinguo Tribe,East Riverine,113,Sedentism,19
-5000,initial,20,Lixiaqinguo Tribe,East Riverine,114,Enclosures and Herd Management,19
-5000,initial,20,Lixiaqinguo Tribe,East Riverine,115,Counting Tokens and Tallies,19
-5000,initial,20,Lixiaqinguo Tribe,East Riverine,116,Charcoal Firing,19
-5000,initial,20,Lixiaqinguo Tribe,East Riverine,1,Pottery,19
-5000,initial,20,Lixiaqinguo Tribe,East Riverine,2,Animal Husbandry,19
-5000,initial,20,Lixiaqinguo Tribe,East Riverine,4,Mining,19
-5000,initial,20,Lixiaqinguo Tribe,East Riverine,20,Agriculture,19
-5000,initial,20,Lixiaqinguo Tribe,East Riverine,3,Archery,19
-5000,initial,20,Lixiaqinguo Tribe,East Riverine,6,Calendar,19
-5000,initial,21,Taitaizhozhou Tribe,East Riverine,100,Cordage and Knots,19
-5000,initial,21,Taitaizhozhou Tribe,East Riverine,101,Hide Working and Tailored Clothing,19
-5000,initial,21,Taitaizhozhou Tribe,East Riverine,102,Hafted Stone Tools,19
-5000,initial,21,Taitaizhozhou Tribe,East Riverine,105,Food Preservation,19
-5000,initial,21,Taitaizhozhou Tribe,East Riverine,106,Storage Pits and Containers,19
-5000,initial,21,Taitaizhozhou Tribe,East Riverine,107,Seasonal Aggregation Camps,19
-5000,initial,21,Taitaizhozhou Tribe,East Riverine,110,Dog Domestication,19
-5000,initial,21,Taitaizhozhou Tribe,East Riverine,111,Grinding Stones,19
-5000,initial,21,Taitaizhozhou Tribe,East Riverine,112,Proto-cultivation,19
-5000,initial,21,Taitaizhozhou Tribe,East Riverine,113,Sedentism,19
-5000,initial,21,Taitaizhozhou Tribe,East Riverine,114,Enclosures and Herd Management,19
-5000,initial,21,Taitaizhozhou Tribe,East Riverine,115,Counting Tokens and Tallies,19
-5000,initial,21,Taitaizhozhou Tribe,East Riverine,116,Charcoal Firing,19
-5000,initial,21,Taitaizhozhou Tribe,East Riverine,1,Pottery,19
-5000,initial,21,Taitaizhozhou Tribe,East Riverine,2,Animal Husbandry,19
-5000,initial,21,Taitaizhozhou Tribe,East Riverine,4,Mining,19
-5000,initial,21,Taitaizhozhou Tribe,East Riverine,20,Agriculture,19
-5000,initial,21,Taitaizhozhou Tribe,East Riverine,3,Archery,19
-5000,initial,21,Taitaizhozhou Tribe,East Riverine,6,Calendar,19
-5000,initial,22,New tairentaizhou Tribe,East Riverine,100,Cordage and Knots,19
-5000,initial,22,New tairentaizhou Tribe,East Riverine,101,Hide Working and Tailored Clothing,19
-5000,initial,22,New tairentaizhou Tribe,East Riverine,102,Hafted Stone Tools,19
-5000,initial,22,New tairentaizhou Tribe,East Riverine,105,Food Preservation,19
-5000,initial,22,New tairentaizhou Tribe,East Riverine,106,Storage Pits and Containers,19
-5000,initial,22,New tairentaizhou Tribe,East Riverine,107,Seasonal Aggregation Camps,19
-5000,initial,22,New tairentaizhou Tribe,East Riverine,110,Dog Domestication,19
-5000,initial,22,New tairentaizhou Tribe,East Riverine,111,Grinding Stones,19
-5000,initial,22,New tairentaizhou Tribe,East Riverine,112,Proto-cultivation,19
-5000,initial,22,New tairentaizhou Tribe,East Riverine,113,Sedentism,19
-5000,initial,22,New tairentaizhou Tribe,East Riverine,114,Enclosures and Herd Management,19
-5000,initial,22,New tairentaizhou Tribe,East Riverine,115,Counting Tokens and Tallies,19
-5000,initial,22,New tairentaizhou Tribe,East Riverine,116,Charcoal Firing,19
-5000,initial,22,New tairentaizhou Tribe,East Riverine,1,Pottery,19
-5000,initial,22,New tairentaizhou Tribe,East Riverine,2,Animal Husbandry,19
-5000,initial,22,New tairentaizhou Tribe,East Riverine,4,Mining,19
-5000,initial,22,New tairentaizhou Tribe,East Riverine,20,Agriculture,19
-5000,initial,22,New tairentaizhou Tribe,East Riverine,3,Archery,19
-5000,initial,22,New tairentaizhou Tribe,East Riverine,6,Calendar,19
-5000,initial,23,Renxiaguo Tribe,East Riverine,100,Cordage and Knots,19
-5000,initial,23,Renxiaguo Tribe,East Riverine,101,Hide Working and Tailored Clothing,19
-5000,initial,23,Renxiaguo Tribe,East Riverine,102,Hafted Stone Tools,19
-5000,initial,23,Renxiaguo Tribe,East Riverine,105,Food Preservation,19
-5000,initial,23,Renxiaguo Tribe,East Riverine,106,Storage Pits and Containers,19
-5000,initial,23,Renxiaguo Tribe,East Riverine,107,Seasonal Aggregation Camps,19
-5000,initial,23,Renxiaguo Tribe,East Riverine,110,Dog Domestication,19
-5000,initial,23,Renxiaguo Tribe,East Riverine,111,Grinding Stones,19
-5000,initial,23,Renxiaguo Tribe,East Riverine,112,Proto-cultivation,19
-5000,initial,23,Renxiaguo Tribe,East Riverine,113,Sedentism,19
-5000,initial,23,Renxiaguo Tribe,East Riverine,114,Enclosures and Herd Management,19
-5000,initial,23,Renxiaguo Tribe,East Riverine,115,Counting Tokens and Tallies,19
-5000,initial,23,Renxiaguo Tribe,East Riverine,116,Charcoal Firing,19
-5000,initial,23,Renxiaguo Tribe,East Riverine,1,Pottery,19
-5000,initial,23,Renxiaguo Tribe,East Riverine,2,Animal Husbandry,19
-5000,initial,23,Renxiaguo Tribe,East Riverine,4,Mining,19
-5000,initial,23,Renxiaguo Tribe,East Riverine,20,Agriculture,19
-5000,initial,23,Renxiaguo Tribe,East Riverine,3,Archery,19
-5000,initial,23,Renxiaguo Tribe,East Riverine,6,Calendar,19
-5000,initial,24,Great zhoxiaguo Tribe,East Riverine,100,Cordage and Knots,19
-5000,initial,24,Great zhoxiaguo Tribe,East Riverine,101,Hide Working and Tailored Clothing,19
-5000,initial,24,Great zhoxiaguo Tribe,East Riverine,102,Hafted Stone Tools,19
-5000,initial,24,Great zhoxiaguo Tribe,East Riverine,105,Food Preservation,19
-5000,initial,24,Great zhoxiaguo Tribe,East Riverine,106,Storage Pits and Containers,19
-5000,initial,24,Great zhoxiaguo Tribe,East Riverine,107,Seasonal Aggregation Camps,19
-5000,initial,24,Great zhoxiaguo Tribe,East Riverine,110,Dog Domestication,19
-5000,initial,24,Great zhoxiaguo Tribe,East Riverine,111,Grinding Stones,19
-5000,initial,24,Great zhoxiaguo Tribe,East Riverine,112,Proto-cultivation,19
-5000,initial,24,Great zhoxiaguo Tribe,East Riverine,113,Sedentism,19
-5000,initial,24,Great zhoxiaguo Tribe,East Riverine,114,Enclosures and Herd Management,19
-5000,initial,24,Great zhoxiaguo Tribe,East Riverine,115,Counting Tokens and Tallies,19
-5000,initial,24,Great zhoxiaguo Tribe,East Riverine,116,Charcoal Firing,19
-5000,initial,24,Great zhoxiaguo Tribe,East Riverine,1,Pottery,19
-5000,initial,24,Great zhoxiaguo Tribe,East Riverine,2,Animal Husbandry,19
-5000,initial,24,Great zhoxiaguo Tribe,East Riverine,4,Mining,19
-5000,initial,24,Great zhoxiaguo Tribe,East Riverine,20,Agriculture,19
-5000,initial,24,Great zhoxiaguo Tribe,East Riverine,3,Archery,19
-5000,initial,24,Great zhoxiaguo Tribe,East Riverine,6,Calendar,19
-5000,initial,25,Old lintaizholing Tribe,East Riverine,100,Cordage and Knots,19
-5000,initial,25,Old lintaizholing Tribe,East Riverine,101,Hide Working and Tailored Clothing,19
-5000,initial,25,Old lintaizholing Tribe,East Riverine,102,Hafted Stone Tools,19
-5000,initial,25,Old lintaizholing Tribe,East Riverine,105,Food Preservation,19
-5000,initial,25,Old lintaizholing Tribe,East Riverine,106,Storage Pits and Containers,19
-5000,initial,25,Old lintaizholing Tribe,East Riverine,107,Seasonal Aggregation Camps,19
-5000,initial,25,Old lintaizholing Tribe,East Riverine,110,Dog Domestication,19
-5000,initial,25,Old lintaizholing Tribe,East Riverine,111,Grinding Stones,19
-5000,initial,25,Old lintaizholing Tribe,East Riverine,112,Proto-cultivation,19
-5000,initial,25,Old lintaizholing Tribe,East Riverine,113,Sedentism,19
-5000,initial,25,Old lintaizholing Tribe,East Riverine,114,Enclosures and Herd Management,19
-5000,initial,25,Old lintaizholing Tribe,East Riverine,115,Counting Tokens and Tallies,19
-5000,initial,25,Old lintaizholing Tribe,East Riverine,116,Charcoal Firing,19
-5000,initial,25,Old lintaizholing Tribe,East Riverine,1,Pottery,19
-5000,initial,25,Old lintaizholing Tribe,East Riverine,2,Animal Husbandry,19
-5000,initial,25,Old lintaizholing Tribe,East Riverine,4,Mining,19
-5000,initial,25,Old lintaizholing Tribe,East Riverine,20,Agriculture,19
-5000,initial,25,Old lintaizholing Tribe,East Riverine,3,Archery,19
-5000,initial,25,Old lintaizholing Tribe,East Riverine,6,Calendar,19
-5000,initial,27,Zholinshan Tribe,East Riverine,100,Cordage and Knots,19
-5000,initial,27,Zholinshan Tribe,East Riverine,101,Hide Working and Tailored Clothing,19
-5000,initial,27,Zholinshan Tribe,East Riverine,102,Hafted Stone Tools,19
-5000,initial,27,Zholinshan Tribe,East Riverine,105,Food Preservation,19
-5000,initial,27,Zholinshan Tribe,East Riverine,106,Storage Pits and Containers,19
-5000,initial,27,Zholinshan Tribe,East Riverine,107,Seasonal Aggregation Camps,19
-5000,initial,27,Zholinshan Tribe,East Riverine,110,Dog Domestication,19
-5000,initial,27,Zholinshan Tribe,East Riverine,111,Grinding Stones,19
-5000,initial,27,Zholinshan Tribe,East Riverine,112,Proto-cultivation,19
-5000,initial,27,Zholinshan Tribe,East Riverine,113,Sedentism,19
-5000,initial,27,Zholinshan Tribe,East Riverine,114,Enclosures and Herd Management,19
-5000,initial,27,Zholinshan Tribe,East Riverine,115,Counting Tokens and Tallies,19
-5000,initial,27,Zholinshan Tribe,East Riverine,116,Charcoal Firing,19
-5000,initial,27,Zholinshan Tribe,East Riverine,1,Pottery,19
-5000,initial,27,Zholinshan Tribe,East Riverine,2,Animal Husbandry,19
-5000,initial,27,Zholinshan Tribe,East Riverine,4,Mining,19
-5000,initial,27,Zholinshan Tribe,East Riverine,20,Agriculture,19
-5000,initial,27,Zholinshan Tribe,East Riverine,3,Archery,19
-5000,initial,27,Zholinshan Tribe,East Riverine,6,Calendar,19
-5000,initial,28,Great belsam Tribe,Fertile Crescent,100,Cordage and Knots,21
-5000,initial,28,Great belsam Tribe,Fertile Crescent,101,Hide Working and Tailored Clothing,21
-5000,initial,28,Great belsam Tribe,Fertile Crescent,102,Hafted Stone Tools,21
-5000,initial,28,Great belsam Tribe,Fertile Crescent,105,Food Preservation,21
-5000,initial,28,Great belsam Tribe,Fertile Crescent,106,Storage Pits and Containers,21
-5000,initial,28,Great belsam Tribe,Fertile Crescent,107,Seasonal Aggregation Camps,21
-5000,initial,28,Great belsam Tribe,Fertile Crescent,110,Dog Domestication,21
-5000,initial,28,Great belsam Tribe,Fertile Crescent,111,Grinding Stones,21
-5000,initial,28,Great belsam Tribe,Fertile Crescent,112,Proto-cultivation,21
-5000,initial,28,Great belsam Tribe,Fertile Crescent,113,Sedentism,21
-5000,initial,28,Great belsam Tribe,Fertile Crescent,114,Enclosures and Herd Management,21
-5000,initial,28,Great belsam Tribe,Fertile Crescent,115,Counting Tokens and Tallies,21
-5000,initial,28,Great belsam Tribe,Fertile Crescent,116,Charcoal Firing,21
-5000,initial,28,Great belsam Tribe,Fertile Crescent,1,Pottery,21
-5000,initial,28,Great belsam Tribe,Fertile Crescent,119,Native Copper Working,21
-5000,initial,28,Great belsam Tribe,Fertile Crescent,2,Animal Husbandry,21
-5000,initial,28,Great belsam Tribe,Fertile Crescent,4,Mining,21
-5000,initial,28,Great belsam Tribe,Fertile Crescent,20,Agriculture,21
-5000,initial,28,Great belsam Tribe,Fertile Crescent,3,Archery,21
-5000,initial,28,Great belsam Tribe,Fertile Crescent,6,Calendar,21
-5000,initial,28,Great belsam Tribe,Fertile Crescent,10,Irrigation,21
-5000,initial,29,Samarad Tribe,Fertile Crescent,100,Cordage and Knots,21
-5000,initial,29,Samarad Tribe,Fertile Crescent,101,Hide Working and Tailored Clothing,21
-5000,initial,29,Samarad Tribe,Fertile Crescent,102,Hafted Stone Tools,21
-5000,initial,29,Samarad Tribe,Fertile Crescent,105,Food Preservation,21
-5000,initial,29,Samarad Tribe,Fertile Crescent,106,Storage Pits and Containers,21
-5000,initial,29,Samarad Tribe,Fertile Crescent,107,Seasonal Aggregation Camps,21
-5000,initial,29,Samarad Tribe,Fertile Crescent,110,Dog Domestication,21
-5000,initial,29,Samarad Tribe,Fertile Crescent,111,Grinding Stones,21
-5000,initial,29,Samarad Tribe,Fertile Crescent,112,Proto-cultivation,21
-5000,initial,29,Samarad Tribe,Fertile Crescent,113,Sedentism,21
-5000,initial,29,Samarad Tribe,Fertile Crescent,114,Enclosures and Herd Management,21
-5000,initial,29,Samarad Tribe,Fertile Crescent,115,Counting Tokens and Tallies,21
-5000,initial,29,Samarad Tribe,Fertile Crescent,116,Charcoal Firing,21
-5000,initial,29,Samarad Tribe,Fertile Crescent,1,Pottery,21
-5000,initial,29,Samarad Tribe,Fertile Crescent,119,Native Copper Working,21
-5000,initial,29,Samarad Tribe,Fertile Crescent,2,Animal Husbandry,21
-5000,initial,29,Samarad Tribe,Fertile Crescent,4,Mining,21
-5000,initial,29,Samarad Tribe,Fertile Crescent,20,Agriculture,21
-5000,initial,29,Samarad Tribe,Fertile Crescent,3,Archery,21
-5000,initial,29,Samarad Tribe,Fertile Crescent,6,Calendar,21
-5000,initial,29,Samarad Tribe,Fertile Crescent,10,Irrigation,21
-5000,initial,30,Old sambelan Tribe,Fertile Crescent,100,Cordage and Knots,21
-5000,initial,30,Old sambelan Tribe,Fertile Crescent,101,Hide Working and Tailored Clothing,21
-5000,initial,30,Old sambelan Tribe,Fertile Crescent,102,Hafted Stone Tools,21
-5000,initial,30,Old sambelan Tribe,Fertile Crescent,105,Food Preservation,21
-5000,initial,30,Old sambelan Tribe,Fertile Crescent,106,Storage Pits and Containers,21
-5000,initial,30,Old sambelan Tribe,Fertile Crescent,107,Seasonal Aggregation Camps,21
-5000,initial,30,Old sambelan Tribe,Fertile Crescent,110,Dog Domestication,21
-5000,initial,30,Old sambelan Tribe,Fertile Crescent,111,Grinding Stones,21
-5000,initial,30,Old sambelan Tribe,Fertile Crescent,112,Proto-cultivation,21
-5000,initial,30,Old sambelan Tribe,Fertile Crescent,113,Sedentism,21
-5000,initial,30,Old sambelan Tribe,Fertile Crescent,114,Enclosures and Herd Management,21
-5000,initial,30,Old sambelan Tribe,Fertile Crescent,115,Counting Tokens and Tallies,21
-5000,initial,30,Old sambelan Tribe,Fertile Crescent,116,Charcoal Firing,21
-5000,initial,30,Old sambelan Tribe,Fertile Crescent,1,Pottery,21
-5000,initial,30,Old sambelan Tribe,Fertile Crescent,119,Native Copper Working,21
-5000,initial,30,Old sambelan Tribe,Fertile Crescent,2,Animal Husbandry,21
-5000,initial,30,Old sambelan Tribe,Fertile Crescent,4,Mining,21
-5000,initial,30,Old sambelan Tribe,Fertile Crescent,20,Agriculture,21
-5000,initial,30,Old sambelan Tribe,Fertile Crescent,3,Archery,21
-5000,initial,30,Old sambelan Tribe,Fertile Crescent,6,Calendar,21
-5000,initial,30,Old sambelan Tribe,Fertile Crescent,10,Irrigation,21
-5000,initial,31,Old ninkalar Tribe,Fertile Crescent,100,Cordage and Knots,21
-5000,initial,31,Old ninkalar Tribe,Fertile Crescent,101,Hide Working and Tailored Clothing,21
-5000,initial,31,Old ninkalar Tribe,Fertile Crescent,102,Hafted Stone Tools,21
-5000,initial,31,Old ninkalar Tribe,Fertile Crescent,105,Food Preservation,21
-5000,initial,31,Old ninkalar Tribe,Fertile Crescent,106,Storage Pits and Containers,21
-5000,initial,31,Old ninkalar Tribe,Fertile Crescent,107,Seasonal Aggregation Camps,21
-5000,initial,31,Old ninkalar Tribe,Fertile Crescent,110,Dog Domestication,21
-5000,initial,31,Old ninkalar Tribe,Fertile Crescent,111,Grinding Stones,21
-5000,initial,31,Old ninkalar Tribe,Fertile Crescent,112,Proto-cultivation,21
-5000,initial,31,Old ninkalar Tribe,Fertile Crescent,113,Sedentism,21
-5000,initial,31,Old ninkalar Tribe,Fertile Crescent,114,Enclosures and Herd Management,21
-5000,initial,31,Old ninkalar Tribe,Fertile Crescent,115,Counting Tokens and Tallies,21
-5000,initial,31,Old ninkalar Tribe,Fertile Crescent,116,Charcoal Firing,21
-5000,initial,31,Old ninkalar Tribe,Fertile Crescent,1,Pottery,21
-5000,initial,31,Old ninkalar Tribe,Fertile Crescent,119,Native Copper Working,21
-5000,initial,31,Old ninkalar Tribe,Fertile Crescent,2,Animal Husbandry,21
-5000,initial,31,Old ninkalar Tribe,Fertile Crescent,4,Mining,21
-5000,initial,31,Old ninkalar Tribe,Fertile Crescent,20,Agriculture,21
-5000,initial,31,Old ninkalar Tribe,Fertile Crescent,3,Archery,21
-5000,initial,31,Old ninkalar Tribe,Fertile Crescent,6,Calendar,21
-5000,initial,31,Old ninkalar Tribe,Fertile Crescent,10,Irrigation,21
-5000,initial,32,Samsam Tribe,Fertile Crescent,100,Cordage and Knots,21
-5000,initial,32,Samsam Tribe,Fertile Crescent,101,Hide Working and Tailored Clothing,21
-5000,initial,32,Samsam Tribe,Fertile Crescent,102,Hafted Stone Tools,21
-5000,initial,32,Samsam Tribe,Fertile Crescent,105,Food Preservation,21
-5000,initial,32,Samsam Tribe,Fertile Crescent,106,Storage Pits and Containers,21
-5000,initial,32,Samsam Tribe,Fertile Crescent,107,Seasonal Aggregation Camps,21
-5000,initial,32,Samsam Tribe,Fertile Crescent,110,Dog Domestication,21
-5000,initial,32,Samsam Tribe,Fertile Crescent,111,Grinding Stones,21
-5000,initial,32,Samsam Tribe,Fertile Crescent,112,Proto-cultivation,21
-5000,initial,32,Samsam Tribe,Fertile Crescent,113,Sedentism,21
-5000,initial,32,Samsam Tribe,Fertile Crescent,114,Enclosures and Herd Management,21
-5000,initial,32,Samsam Tribe,Fertile Crescent,115,Counting Tokens and Tallies,21
-5000,initial,32,Samsam Tribe,Fertile Crescent,116,Charcoal Firing,21
-5000,initial,32,Samsam Tribe,Fertile Crescent,1,Pottery,21
-5000,initial,32,Samsam Tribe,Fertile Crescent,119,Native Copper Working,21
-5000,initial,32,Samsam Tribe,Fertile Crescent,2,Animal Husbandry,21
-5000,initial,32,Samsam Tribe,Fertile Crescent,4,Mining,21
-5000,initial,32,Samsam Tribe,Fertile Crescent,20,Agriculture,21
-5000,initial,32,Samsam Tribe,Fertile Crescent,3,Archery,21
-5000,initial,32,Samsam Tribe,Fertile Crescent,6,Calendar,21
-5000,initial,32,Samsam Tribe,Fertile Crescent,10,Irrigation,21
-5000,initial,33,New bartamur Tribe,Fertile Crescent,100,Cordage and Knots,21
-5000,initial,33,New bartamur Tribe,Fertile Crescent,101,Hide Working and Tailored Clothing,21
-5000,initial,33,New bartamur Tribe,Fertile Crescent,102,Hafted Stone Tools,21
-5000,initial,33,New bartamur Tribe,Fertile Crescent,105,Food Preservation,21
-5000,initial,33,New bartamur Tribe,Fertile Crescent,106,Storage Pits and Containers,21
-5000,initial,33,New bartamur Tribe,Fertile Crescent,107,Seasonal Aggregation Camps,21
-5000,initial,33,New bartamur Tribe,Fertile Crescent,110,Dog Domestication,21
-5000,initial,33,New bartamur Tribe,Fertile Crescent,111,Grinding Stones,21
-5000,initial,33,New bartamur Tribe,Fertile Crescent,112,Proto-cultivation,21
-5000,initial,33,New bartamur Tribe,Fertile Crescent,113,Sedentism,21
-5000,initial,33,New bartamur Tribe,Fertile Crescent,114,Enclosures and Herd Management,21
-5000,initial,33,New bartamur Tribe,Fertile Crescent,115,Counting Tokens and Tallies,21
-5000,initial,33,New bartamur Tribe,Fertile Crescent,116,Charcoal Firing,21
-5000,initial,33,New bartamur Tribe,Fertile Crescent,1,Pottery,21
-5000,initial,33,New bartamur Tribe,Fertile Crescent,119,Native Copper Working,21
-5000,initial,33,New bartamur Tribe,Fertile Crescent,2,Animal Husbandry,21
-5000,initial,33,New bartamur Tribe,Fertile Crescent,4,Mining,21
-5000,initial,33,New bartamur Tribe,Fertile Crescent,20,Agriculture,21
-5000,initial,33,New bartamur Tribe,Fertile Crescent,3,Archery,21
-5000,initial,33,New bartamur Tribe,Fertile Crescent,6,Calendar,21
-5000,initial,33,New bartamur Tribe,Fertile Crescent,10,Irrigation,21
-5000,initial,34,New samurad Tribe,Fertile Crescent,100,Cordage and Knots,21
-5000,initial,34,New samurad Tribe,Fertile Crescent,101,Hide Working and Tailored Clothing,21
-5000,initial,34,New samurad Tribe,Fertile Crescent,102,Hafted Stone Tools,21
-5000,initial,34,New samurad Tribe,Fertile Crescent,105,Food Preservation,21
-5000,initial,34,New samurad Tribe,Fertile Crescent,106,Storage Pits and Containers,21
-5000,initial,34,New samurad Tribe,Fertile Crescent,107,Seasonal Aggregation Camps,21
-5000,initial,34,New samurad Tribe,Fertile Crescent,110,Dog Domestication,21
-5000,initial,34,New samurad Tribe,Fertile Crescent,111,Grinding Stones,21
-5000,initial,34,New samurad Tribe,Fertile Crescent,112,Proto-cultivation,21
-5000,initial,34,New samurad Tribe,Fertile Crescent,113,Sedentism,21
-5000,initial,34,New samurad Tribe,Fertile Crescent,114,Enclosures and Herd Management,21
-5000,initial,34,New samurad Tribe,Fertile Crescent,115,Counting Tokens and Tallies,21
-5000,initial,34,New samurad Tribe,Fertile Crescent,116,Charcoal Firing,21
-5000,initial,34,New samurad Tribe,Fertile Crescent,1,Pottery,21
-5000,initial,34,New samurad Tribe,Fertile Crescent,119,Native Copper Working,21
-5000,initial,34,New samurad Tribe,Fertile Crescent,2,Animal Husbandry,21
-5000,initial,34,New samurad Tribe,Fertile Crescent,4,Mining,21
-5000,initial,34,New samurad Tribe,Fertile Crescent,20,Agriculture,21
-5000,initial,34,New samurad Tribe,Fertile Crescent,3,Archery,21
-5000,initial,34,New samurad Tribe,Fertile Crescent,6,Calendar,21
-5000,initial,34,New samurad Tribe,Fertile Crescent,10,Irrigation,21
-5000,initial,35,North ururaran Tribe,Fertile Crescent,100,Cordage and Knots,21
-5000,initial,35,North ururaran Tribe,Fertile Crescent,101,Hide Working and Tailored Clothing,21
-5000,initial,35,North ururaran Tribe,Fertile Crescent,102,Hafted Stone Tools,21
-5000,initial,35,North ururaran Tribe,Fertile Crescent,105,Food Preservation,21
-5000,initial,35,North ururaran Tribe,Fertile Crescent,106,Storage Pits and Containers,21
-5000,initial,35,North ururaran Tribe,Fertile Crescent,107,Seasonal Aggregation Camps,21
-5000,initial,35,North ururaran Tribe,Fertile Crescent,110,Dog Domestication,21
-5000,initial,35,North ururaran Tribe,Fertile Crescent,111,Grinding Stones,21
-5000,initial,35,North ururaran Tribe,Fertile Crescent,112,Proto-cultivation,21
-5000,initial,35,North ururaran Tribe,Fertile Crescent,113,Sedentism,21
-5000,initial,35,North ururaran Tribe,Fertile Crescent,114,Enclosures and Herd Management,21
-5000,initial,35,North ururaran Tribe,Fertile Crescent,115,Counting Tokens and Tallies,21
-5000,initial,35,North ururaran Tribe,Fertile Crescent,116,Charcoal Firing,21
-5000,initial,35,North ururaran Tribe,Fertile Crescent,1,Pottery,21
-5000,initial,35,North ururaran Tribe,Fertile Crescent,119,Native Copper Working,21
-5000,initial,35,North ururaran Tribe,Fertile Crescent,2,Animal Husbandry,21
-5000,initial,35,North ururaran Tribe,Fertile Crescent,4,Mining,21
-5000,initial,35,North ururaran Tribe,Fertile Crescent,20,Agriculture,21
-5000,initial,35,North ururaran Tribe,Fertile Crescent,3,Archery,21
-5000,initial,35,North ururaran Tribe,Fertile Crescent,6,Calendar,21
-5000,initial,35,North ururaran Tribe,Fertile Crescent,10,Irrigation,21
-5000,initial,37,South barninbelad Tribe,Fertile Crescent,100,Cordage and Knots,21
-5000,initial,37,South barninbelad Tribe,Fertile Crescent,101,Hide Working and Tailored Clothing,21
-5000,initial,37,South barninbelad Tribe,Fertile Crescent,102,Hafted Stone Tools,21
-5000,initial,37,South barninbelad Tribe,Fertile Crescent,105,Food Preservation,21
-5000,initial,37,South barninbelad Tribe,Fertile Crescent,106,Storage Pits and Containers,21
-5000,initial,37,South barninbelad Tribe,Fertile Crescent,107,Seasonal Aggregation Camps,21
-5000,initial,37,South barninbelad Tribe,Fertile Crescent,110,Dog Domestication,21
-5000,initial,37,South barninbelad Tribe,Fertile Crescent,111,Grinding Stones,21
-5000,initial,37,South barninbelad Tribe,Fertile Crescent,112,Proto-cultivation,21
-5000,initial,37,South barninbelad Tribe,Fertile Crescent,113,Sedentism,21
-5000,initial,37,South barninbelad Tribe,Fertile Crescent,114,Enclosures and Herd Management,21
-5000,initial,37,South barninbelad Tribe,Fertile Crescent,115,Counting Tokens and Tallies,21
-5000,initial,37,South barninbelad Tribe,Fertile Crescent,116,Charcoal Firing,21
-5000,initial,37,South barninbelad Tribe,Fertile Crescent,1,Pottery,21
-5000,initial,37,South barninbelad Tribe,Fertile Crescent,119,Native Copper Working,21
-5000,initial,37,South barninbelad Tribe,Fertile Crescent,2,Animal Husbandry,21
-5000,initial,37,South barninbelad Tribe,Fertile Crescent,4,Mining,21
-5000,initial,37,South barninbelad Tribe,Fertile Crescent,20,Agriculture,21
-5000,initial,37,South barninbelad Tribe,Fertile Crescent,3,Archery,21
-5000,initial,37,South barninbelad Tribe,Fertile Crescent,6,Calendar,21
-5000,initial,37,South barninbelad Tribe,Fertile Crescent,10,Irrigation,21
-5000,initial,38,Eshsamuran Tribe,Fertile Crescent,100,Cordage and Knots,21
-5000,initial,38,Eshsamuran Tribe,Fertile Crescent,101,Hide Working and Tailored Clothing,21
-5000,initial,38,Eshsamuran Tribe,Fertile Crescent,102,Hafted Stone Tools,21
-5000,initial,38,Eshsamuran Tribe,Fertile Crescent,105,Food Preservation,21
-5000,initial,38,Eshsamuran Tribe,Fertile Crescent,106,Storage Pits and Containers,21
-5000,initial,38,Eshsamuran Tribe,Fertile Crescent,107,Seasonal Aggregation Camps,21
-5000,initial,38,Eshsamuran Tribe,Fertile Crescent,110,Dog Domestication,21
-5000,initial,38,Eshsamuran Tribe,Fertile Crescent,111,Grinding Stones,21
-5000,initial,38,Eshsamuran Tribe,Fertile Crescent,112,Proto-cultivation,21
-5000,initial,38,Eshsamuran Tribe,Fertile Crescent,113,Sedentism,21
-5000,initial,38,Eshsamuran Tribe,Fertile Crescent,114,Enclosures and Herd Management,21
-5000,initial,38,Eshsamuran Tribe,Fertile Crescent,115,Counting Tokens and Tallies,21
-5000,initial,38,Eshsamuran Tribe,Fertile Crescent,116,Charcoal Firing,21
-5000,initial,38,Eshsamuran Tribe,Fertile Crescent,1,Pottery,21
-5000,initial,38,Eshsamuran Tribe,Fertile Crescent,119,Native Copper Working,21
-5000,initial,38,Eshsamuran Tribe,Fertile Crescent,2,Animal Husbandry,21
-5000,initial,38,Eshsamuran Tribe,Fertile Crescent,4,Mining,21
-5000,initial,38,Eshsamuran Tribe,Fertile Crescent,20,Agriculture,21
-5000,initial,38,Eshsamuran Tribe,Fertile Crescent,3,Archery,21
-5000,initial,38,Eshsamuran Tribe,Fertile Crescent,6,Calendar,21
-5000,initial,38,Eshsamuran Tribe,Fertile Crescent,10,Irrigation,21
-5000,initial,39,North garsolstan Tribe,Monsoon Coastal,100,Cordage and Knots,20
-5000,initial,39,North garsolstan Tribe,Monsoon Coastal,101,Hide Working and Tailored Clothing,20
-5000,initial,39,North garsolstan Tribe,Monsoon Coastal,102,Hafted Stone Tools,20
-5000,initial,39,North garsolstan Tribe,Monsoon Coastal,104,Fishing Technology,20
-5000,initial,39,North garsolstan Tribe,Monsoon Coastal,105,Food Preservation,20
-5000,initial,39,North garsolstan Tribe,Monsoon Coastal,106,Storage Pits and Containers,20
-5000,initial,39,North garsolstan Tribe,Monsoon Coastal,107,Seasonal Aggregation Camps,20
-5000,initial,39,North garsolstan Tribe,Monsoon Coastal,108,Watercraft,20
-5000,initial,39,North garsolstan Tribe,Monsoon Coastal,110,Dog Domestication,20
-5000,initial,39,North garsolstan Tribe,Monsoon Coastal,111,Grinding Stones,20
-5000,initial,39,North garsolstan Tribe,Monsoon Coastal,112,Proto-cultivation,20
-5000,initial,39,North garsolstan Tribe,Monsoon Coastal,113,Sedentism,20
-5000,initial,39,North garsolstan Tribe,Monsoon Coastal,114,Enclosures and Herd Management,20
-5000,initial,39,North garsolstan Tribe,Monsoon Coastal,116,Charcoal Firing,20
-5000,initial,39,North garsolstan Tribe,Monsoon Coastal,1,Pottery,20
-5000,initial,39,North garsolstan Tribe,Monsoon Coastal,2,Animal Husbandry,20
-5000,initial,39,North garsolstan Tribe,Monsoon Coastal,20,Agriculture,20
-5000,initial,39,North garsolstan Tribe,Monsoon Coastal,3,Archery,20
-5000,initial,39,North garsolstan Tribe,Monsoon Coastal,5,Sailing,20
-5000,initial,39,North garsolstan Tribe,Monsoon Coastal,6,Calendar,20
-5000,initial,40,North viarommarstan Tribe,Monsoon Coastal,100,Cordage and Knots,20
-5000,initial,40,North viarommarstan Tribe,Monsoon Coastal,101,Hide Working and Tailored Clothing,20
-5000,initial,40,North viarommarstan Tribe,Monsoon Coastal,102,Hafted Stone Tools,20
-5000,initial,40,North viarommarstan Tribe,Monsoon Coastal,104,Fishing Technology,20
-5000,initial,40,North viarommarstan Tribe,Monsoon Coastal,105,Food Preservation,20
-5000,initial,40,North viarommarstan Tribe,Monsoon Coastal,106,Storage Pits and Containers,20
-5000,initial,40,North viarommarstan Tribe,Monsoon Coastal,107,Seasonal Aggregation Camps,20
-5000,initial,40,North viarommarstan Tribe,Monsoon Coastal,108,Watercraft,20
-5000,initial,40,North viarommarstan Tribe,Monsoon Coastal,110,Dog Domestication,20
-5000,initial,40,North viarommarstan Tribe,Monsoon Coastal,111,Grinding Stones,20
-5000,initial,40,North viarommarstan Tribe,Monsoon Coastal,112,Proto-cultivation,20
-5000,initial,40,North viarommarstan Tribe,Monsoon Coastal,113,Sedentism,20
-5000,initial,40,North viarommarstan Tribe,Monsoon Coastal,114,Enclosures and Herd Management,20
-5000,initial,40,North viarommarstan Tribe,Monsoon Coastal,116,Charcoal Firing,20
-5000,initial,40,North viarommarstan Tribe,Monsoon Coastal,1,Pottery,20
-5000,initial,40,North viarommarstan Tribe,Monsoon Coastal,2,Animal Husbandry,20
-5000,initial,40,North viarommarstan Tribe,Monsoon Coastal,20,Agriculture,20
-5000,initial,40,North viarommarstan Tribe,Monsoon Coastal,3,Archery,20
-5000,initial,40,North viarommarstan Tribe,Monsoon Coastal,5,Sailing,20
-5000,initial,40,North viarommarstan Tribe,Monsoon Coastal,6,Calendar,20
-5000,initial,41,Old terlinstan Tribe,Monsoon Coastal,100,Cordage and Knots,20
-5000,initial,41,Old terlinstan Tribe,Monsoon Coastal,101,Hide Working and Tailored Clothing,20
-5000,initial,41,Old terlinstan Tribe,Monsoon Coastal,102,Hafted Stone Tools,20
-5000,initial,41,Old terlinstan Tribe,Monsoon Coastal,104,Fishing Technology,20
-5000,initial,41,Old terlinstan Tribe,Monsoon Coastal,105,Food Preservation,20
-5000,initial,41,Old terlinstan Tribe,Monsoon Coastal,106,Storage Pits and Containers,20
-5000,initial,41,Old terlinstan Tribe,Monsoon Coastal,107,Seasonal Aggregation Camps,20
-5000,initial,41,Old terlinstan Tribe,Monsoon Coastal,108,Watercraft,20
-5000,initial,41,Old terlinstan Tribe,Monsoon Coastal,110,Dog Domestication,20
-5000,initial,41,Old terlinstan Tribe,Monsoon Coastal,111,Grinding Stones,20
-5000,initial,41,Old terlinstan Tribe,Monsoon Coastal,112,Proto-cultivation,20
-5000,initial,41,Old terlinstan Tribe,Monsoon Coastal,113,Sedentism,20
-5000,initial,41,Old terlinstan Tribe,Monsoon Coastal,114,Enclosures and Herd Management,20
-5000,initial,41,Old terlinstan Tribe,Monsoon Coastal,116,Charcoal Firing,20
-5000,initial,41,Old terlinstan Tribe,Monsoon Coastal,1,Pottery,20
-5000,initial,41,Old terlinstan Tribe,Monsoon Coastal,2,Animal Husbandry,20
-5000,initial,41,Old terlinstan Tribe,Monsoon Coastal,20,Agriculture,20
-5000,initial,41,Old terlinstan Tribe,Monsoon Coastal,3,Archery,20
-5000,initial,41,Old terlinstan Tribe,Monsoon Coastal,5,Sailing,20
-5000,initial,41,Old terlinstan Tribe,Monsoon Coastal,6,Calendar,20
-5000,initial,42,South garlinviastan Tribe,Monsoon Coastal,100,Cordage and Knots,20
-5000,initial,42,South garlinviastan Tribe,Monsoon Coastal,101,Hide Working and Tailored Clothing,20
-5000,initial,42,South garlinviastan Tribe,Monsoon Coastal,102,Hafted Stone Tools,20
-5000,initial,42,South garlinviastan Tribe,Monsoon Coastal,104,Fishing Technology,20
-5000,initial,42,South garlinviastan Tribe,Monsoon Coastal,105,Food Preservation,20
-5000,initial,42,South garlinviastan Tribe,Monsoon Coastal,106,Storage Pits and Containers,20
-5000,initial,42,South garlinviastan Tribe,Monsoon Coastal,107,Seasonal Aggregation Camps,20
-5000,initial,42,South garlinviastan Tribe,Monsoon Coastal,108,Watercraft,20
-5000,initial,42,South garlinviastan Tribe,Monsoon Coastal,110,Dog Domestication,20
-5000,initial,42,South garlinviastan Tribe,Monsoon Coastal,111,Grinding Stones,20
-5000,initial,42,South garlinviastan Tribe,Monsoon Coastal,112,Proto-cultivation,20
-5000,initial,42,South garlinviastan Tribe,Monsoon Coastal,113,Sedentism,20
-5000,initial,42,South garlinviastan Tribe,Monsoon Coastal,114,Enclosures and Herd Management,20
-5000,initial,42,South garlinviastan Tribe,Monsoon Coastal,116,Charcoal Firing,20
-5000,initial,42,South garlinviastan Tribe,Monsoon Coastal,1,Pottery,20
-5000,initial,42,South garlinviastan Tribe,Monsoon Coastal,2,Animal Husbandry,20
-5000,initial,42,South garlinviastan Tribe,Monsoon Coastal,20,Agriculture,20
-5000,initial,42,South garlinviastan Tribe,Monsoon Coastal,3,Archery,20
-5000,initial,42,South garlinviastan Tribe,Monsoon Coastal,5,Sailing,20
-5000,initial,42,South garlinviastan Tribe,Monsoon Coastal,6,Calendar,20
-5000,initial,43,Old solterrania Tribe,Monsoon Coastal,100,Cordage and Knots,20
-5000,initial,43,Old solterrania Tribe,Monsoon Coastal,101,Hide Working and Tailored Clothing,20
-5000,initial,43,Old solterrania Tribe,Monsoon Coastal,102,Hafted Stone Tools,20
-5000,initial,43,Old solterrania Tribe,Monsoon Coastal,104,Fishing Technology,20
-5000,initial,43,Old solterrania Tribe,Monsoon Coastal,105,Food Preservation,20
-5000,initial,43,Old solterrania Tribe,Monsoon Coastal,106,Storage Pits and Containers,20
-5000,initial,43,Old solterrania Tribe,Monsoon Coastal,107,Seasonal Aggregation Camps,20
-5000,initial,43,Old solterrania Tribe,Monsoon Coastal,108,Watercraft,20
-5000,initial,43,Old solterrania Tribe,Monsoon Coastal,110,Dog Domestication,20
-5000,initial,43,Old solterrania Tribe,Monsoon Coastal,111,Grinding Stones,20
-5000,initial,43,Old solterrania Tribe,Monsoon Coastal,112,Proto-cultivation,20
-5000,initial,43,Old solterrania Tribe,Monsoon Coastal,113,Sedentism,20
-5000,initial,43,Old solterrania Tribe,Monsoon Coastal,114,Enclosures and Herd Management,20
-5000,initial,43,Old solterrania Tribe,Monsoon Coastal,116,Charcoal Firing,20
-5000,initial,43,Old solterrania Tribe,Monsoon Coastal,1,Pottery,20
-5000,initial,43,Old solterrania Tribe,Monsoon Coastal,2,Animal Husbandry,20
-5000,initial,43,Old solterrania Tribe,Monsoon Coastal,20,Agriculture,20
-5000,initial,43,Old solterrania Tribe,Monsoon Coastal,3,Archery,20
-5000,initial,43,Old solterrania Tribe,Monsoon Coastal,5,Sailing,20
-5000,initial,43,Old solterrania Tribe,Monsoon Coastal,6,Calendar,20
-5000,initial,44,South quiromlinia Tribe,Monsoon Coastal,100,Cordage and Knots,20
-5000,initial,44,South quiromlinia Tribe,Monsoon Coastal,101,Hide Working and Tailored Clothing,20
-5000,initial,44,South quiromlinia Tribe,Monsoon Coastal,102,Hafted Stone Tools,20
-5000,initial,44,South quiromlinia Tribe,Monsoon Coastal,104,Fishing Technology,20
-5000,initial,44,South quiromlinia Tribe,Monsoon Coastal,105,Food Preservation,20
-5000,initial,44,South quiromlinia Tribe,Monsoon Coastal,106,Storage Pits and Containers,20
-5000,initial,44,South quiromlinia Tribe,Monsoon Coastal,107,Seasonal Aggregation Camps,20
-5000,initial,44,South quiromlinia Tribe,Monsoon Coastal,108,Watercraft,20
-5000,initial,44,South quiromlinia Tribe,Monsoon Coastal,110,Dog Domestication,20
-5000,initial,44,South quiromlinia Tribe,Monsoon Coastal,111,Grinding Stones,20
-5000,initial,44,South quiromlinia Tribe,Monsoon Coastal,112,Proto-cultivation,20
-5000,initial,44,South quiromlinia Tribe,Monsoon Coastal,113,Sedentism,20
-5000,initial,44,South quiromlinia Tribe,Monsoon Coastal,114,Enclosures and Herd Management,20
-5000,initial,44,South quiromlinia Tribe,Monsoon Coastal,116,Charcoal Firing,20
-5000,initial,44,South quiromlinia Tribe,Monsoon Coastal,1,Pottery,20
-5000,initial,44,South quiromlinia Tribe,Monsoon Coastal,2,Animal Husbandry,20
-5000,initial,44,South quiromlinia Tribe,Monsoon Coastal,20,Agriculture,20
-5000,initial,44,South quiromlinia Tribe,Monsoon Coastal,3,Archery,20
-5000,initial,44,South quiromlinia Tribe,Monsoon Coastal,5,Sailing,20
-5000,initial,44,South quiromlinia Tribe,Monsoon Coastal,6,Calendar,20
-5000,initial,45,Old zenlormargrad Tribe,Steppe Nomadic,100,Cordage and Knots,14
-5000,initial,45,Old zenlormargrad Tribe,Steppe Nomadic,101,Hide Working and Tailored Clothing,14
-5000,initial,45,Old zenlormargrad Tribe,Steppe Nomadic,102,Hafted Stone Tools,14
-5000,initial,45,Old zenlormargrad Tribe,Steppe Nomadic,105,Food Preservation,14
-5000,initial,45,Old zenlormargrad Tribe,Steppe Nomadic,106,Storage Pits and Containers,14
-5000,initial,45,Old zenlormargrad Tribe,Steppe Nomadic,107,Seasonal Aggregation Camps,14
-5000,initial,45,Old zenlormargrad Tribe,Steppe Nomadic,110,Dog Domestication,14
-5000,initial,45,Old zenlormargrad Tribe,Steppe Nomadic,111,Grinding Stones,14
-5000,initial,45,Old zenlormargrad Tribe,Steppe Nomadic,113,Sedentism,14
-5000,initial,45,Old zenlormargrad Tribe,Steppe Nomadic,114,Enclosures and Herd Management,14
-5000,initial,45,Old zenlormargrad Tribe,Steppe Nomadic,2,Animal Husbandry,14
-5000,initial,45,Old zenlormargrad Tribe,Steppe Nomadic,4,Mining,14
-5000,initial,45,Old zenlormargrad Tribe,Steppe Nomadic,3,Archery,14
-5000,initial,45,Old zenlormargrad Tribe,Steppe Nomadic,6,Calendar,14
-5000,initial,46,Old romzenquiia Tribe,Steppe Nomadic,100,Cordage and Knots,14
-5000,initial,46,Old romzenquiia Tribe,Steppe Nomadic,101,Hide Working and Tailored Clothing,14
-5000,initial,46,Old romzenquiia Tribe,Steppe Nomadic,102,Hafted Stone Tools,14
-5000,initial,46,Old romzenquiia Tribe,Steppe Nomadic,105,Food Preservation,14
-5000,initial,46,Old romzenquiia Tribe,Steppe Nomadic,106,Storage Pits and Containers,14
-5000,initial,46,Old romzenquiia Tribe,Steppe Nomadic,107,Seasonal Aggregation Camps,14
-5000,initial,46,Old romzenquiia Tribe,Steppe Nomadic,110,Dog Domestication,14
-5000,initial,46,Old romzenquiia Tribe,Steppe Nomadic,111,Grinding Stones,14
-5000,initial,46,Old romzenquiia Tribe,Steppe Nomadic,113,Sedentism,14
-5000,initial,46,Old romzenquiia Tribe,Steppe Nomadic,114,Enclosures and Herd Management,14
-5000,initial,46,Old romzenquiia Tribe,Steppe Nomadic,2,Animal Husbandry,14
-5000,initial,46,Old romzenquiia Tribe,Steppe Nomadic,4,Mining,14
-5000,initial,46,Old romzenquiia Tribe,Steppe Nomadic,3,Archery,14
-5000,initial,46,Old romzenquiia Tribe,Steppe Nomadic,6,Calendar,14
-5000,initial,47,North marbellorstan Tribe,Steppe Nomadic,100,Cordage and Knots,14
-5000,initial,47,North marbellorstan Tribe,Steppe Nomadic,101,Hide Working and Tailored Clothing,14
-5000,initial,47,North marbellorstan Tribe,Steppe Nomadic,102,Hafted Stone Tools,14
-5000,initial,47,North marbellorstan Tribe,Steppe Nomadic,105,Food Preservation,14
-5000,initial,47,North marbellorstan Tribe,Steppe Nomadic,106,Storage Pits and Containers,14
-5000,initial,47,North marbellorstan Tribe,Steppe Nomadic,107,Seasonal Aggregation Camps,14
-5000,initial,47,North marbellorstan Tribe,Steppe Nomadic,110,Dog Domestication,14
-5000,initial,47,North marbellorstan Tribe,Steppe Nomadic,111,Grinding Stones,14
-5000,initial,47,North marbellorstan Tribe,Steppe Nomadic,113,Sedentism,14
-5000,initial,47,North marbellorstan Tribe,Steppe Nomadic,114,Enclosures and Herd Management,14
-5000,initial,47,North marbellorstan Tribe,Steppe Nomadic,2,Animal Husbandry,14
-5000,initial,47,North marbellorstan Tribe,Steppe Nomadic,4,Mining,14
-5000,initial,47,North marbellorstan Tribe,Steppe Nomadic,3,Archery,14
-5000,initial,47,North marbellorstan Tribe,Steppe Nomadic,6,Calendar,14
-5000,initial,48,North kangomau Tribe,Nile Floodplain,100,Cordage and Knots,19
-5000,initial,48,North kangomau Tribe,Nile Floodplain,101,Hide Working and Tailored Clothing,19
-5000,initial,48,North kangomau Tribe,Nile Floodplain,102,Hafted Stone Tools,19
-5000,initial,48,North kangomau Tribe,Nile Floodplain,105,Food Preservation,19
-5000,initial,48,North kangomau Tribe,Nile Floodplain,106,Storage Pits and Containers,19
-5000,initial,48,North kangomau Tribe,Nile Floodplain,107,Seasonal Aggregation Camps,19
-5000,initial,48,North kangomau Tribe,Nile Floodplain,110,Dog Domestication,19
-5000,initial,48,North kangomau Tribe,Nile Floodplain,111,Grinding Stones,19
-5000,initial,48,North kangomau Tribe,Nile Floodplain,112,Proto-cultivation,19
-5000,initial,48,North kangomau Tribe,Nile Floodplain,113,Sedentism,19
-5000,initial,48,North kangomau Tribe,Nile Floodplain,114,Enclosures and Herd Management,19
-5000,initial,48,North kangomau Tribe,Nile Floodplain,115,Counting Tokens and Tallies,19
-5000,initial,48,North kangomau Tribe,Nile Floodplain,116,Charcoal Firing,19
-5000,initial,48,North kangomau Tribe,Nile Floodplain,1,Pottery,19
-5000,initial,48,North kangomau Tribe,Nile Floodplain,2,Animal Husbandry,19
-5000,initial,48,North kangomau Tribe,Nile Floodplain,20,Agriculture,19
-5000,initial,48,North kangomau Tribe,Nile Floodplain,3,Archery,19
-5000,initial,48,North kangomau Tribe,Nile Floodplain,6,Calendar,19
-5000,initial,48,North kangomau Tribe,Nile Floodplain,10,Irrigation,19
-5000,initial,49,Old sesema Tribe,Nile Floodplain,100,Cordage and Knots,19
-5000,initial,49,Old sesema Tribe,Nile Floodplain,101,Hide Working and Tailored Clothing,19
-5000,initial,49,Old sesema Tribe,Nile Floodplain,102,Hafted Stone Tools,19
-5000,initial,49,Old sesema Tribe,Nile Floodplain,105,Food Preservation,19
-5000,initial,49,Old sesema Tribe,Nile Floodplain,106,Storage Pits and Containers,19
-5000,initial,49,Old sesema Tribe,Nile Floodplain,107,Seasonal Aggregation Camps,19
-5000,initial,49,Old sesema Tribe,Nile Floodplain,110,Dog Domestication,19
-5000,initial,49,Old sesema Tribe,Nile Floodplain,111,Grinding Stones,19
-5000,initial,49,Old sesema Tribe,Nile Floodplain,112,Proto-cultivation,19
-5000,initial,49,Old sesema Tribe,Nile Floodplain,113,Sedentism,19
-5000,initial,49,Old sesema Tribe,Nile Floodplain,114,Enclosures and Herd Management,19
-5000,initial,49,Old sesema Tribe,Nile Floodplain,115,Counting Tokens and Tallies,19
-5000,initial,49,Old sesema Tribe,Nile Floodplain,116,Charcoal Firing,19
-5000,initial,49,Old sesema Tribe,Nile Floodplain,1,Pottery,19
-5000,initial,49,Old sesema Tribe,Nile Floodplain,2,Animal Husbandry,19
-5000,initial,49,Old sesema Tribe,Nile Floodplain,20,Agriculture,19
-5000,initial,49,Old sesema Tribe,Nile Floodplain,3,Archery,19
-5000,initial,49,Old sesema Tribe,Nile Floodplain,6,Calendar,19
-5000,initial,49,Old sesema Tribe,Nile Floodplain,10,Irrigation,19
-5000,initial,50,New barofi Tribe,North Saharan,100,Cordage and Knots,19
-5000,initial,50,New barofi Tribe,North Saharan,101,Hide Working and Tailored Clothing,19
-5000,initial,50,New barofi Tribe,North Saharan,102,Hafted Stone Tools,19
-5000,initial,50,New barofi Tribe,North Saharan,105,Food Preservation,19
-5000,initial,50,New barofi Tribe,North Saharan,106,Storage Pits and Containers,19
-5000,initial,50,New barofi Tribe,North Saharan,107,Seasonal Aggregation Camps,19
-5000,initial,50,New barofi Tribe,North Saharan,110,Dog Domestication,19
-5000,initial,50,New barofi Tribe,North Saharan,111,Grinding Stones,19
-5000,initial,50,New barofi Tribe,North Saharan,112,Proto-cultivation,19
-5000,initial,50,New barofi Tribe,North Saharan,113,Sedentism,19
-5000,initial,50,New barofi Tribe,North Saharan,114,Enclosures and Herd Management,19
-5000,initial,50,New barofi Tribe,North Saharan,115,Counting Tokens and Tallies,19
-5000,initial,50,New barofi Tribe,North Saharan,116,Charcoal Firing,19
-5000,initial,50,New barofi Tribe,North Saharan,1,Pottery,19
-5000,initial,50,New barofi Tribe,North Saharan,2,Animal Husbandry,19
-5000,initial,50,New barofi Tribe,North Saharan,4,Mining,19
-5000,initial,50,New barofi Tribe,North Saharan,20,Agriculture,19
-5000,initial,50,New barofi Tribe,North Saharan,3,Archery,19
-5000,initial,50,New barofi Tribe,North Saharan,6,Calendar,19
-5000,initial,51,South ofiofiene Tribe,West Sahel,100,Cordage and Knots,15
-5000,initial,51,South ofiofiene Tribe,West Sahel,101,Hide Working and Tailored Clothing,15
-5000,initial,51,South ofiofiene Tribe,West Sahel,102,Hafted Stone Tools,15
-5000,initial,51,South ofiofiene Tribe,West Sahel,105,Food Preservation,15
-5000,initial,51,South ofiofiene Tribe,West Sahel,106,Storage Pits and Containers,15
-5000,initial,51,South ofiofiene Tribe,West Sahel,107,Seasonal Aggregation Camps,15
-5000,initial,51,South ofiofiene Tribe,West Sahel,111,Grinding Stones,15
-5000,initial,51,South ofiofiene Tribe,West Sahel,112,Proto-cultivation,15
-5000,initial,51,South ofiofiene Tribe,West Sahel,113,Sedentism,15
-5000,initial,51,South ofiofiene Tribe,West Sahel,116,Charcoal Firing,15
-5000,initial,51,South ofiofiene Tribe,West Sahel,1,Pottery,15
-5000,initial,51,South ofiofiene Tribe,West Sahel,4,Mining,15
-5000,initial,51,South ofiofiene Tribe,West Sahel,20,Agriculture,15
-5000,initial,51,South ofiofiene Tribe,West Sahel,3,Archery,15
-5000,initial,51,South ofiofiene Tribe,West Sahel,6,Calendar,15
-5000,initial,52,New tanzuene Tribe,West Sahel,100,Cordage and Knots,15
-5000,initial,52,New tanzuene Tribe,West Sahel,101,Hide Working and Tailored Clothing,15
-5000,initial,52,New tanzuene Tribe,West Sahel,102,Hafted Stone Tools,15
-5000,initial,52,New tanzuene Tribe,West Sahel,105,Food Preservation,15
-5000,initial,52,New tanzuene Tribe,West Sahel,106,Storage Pits and Containers,15
-5000,initial,52,New tanzuene Tribe,West Sahel,107,Seasonal Aggregation Camps,15
-5000,initial,52,New tanzuene Tribe,West Sahel,111,Grinding Stones,15
-5000,initial,52,New tanzuene Tribe,West Sahel,112,Proto-cultivation,15
-5000,initial,52,New tanzuene Tribe,West Sahel,113,Sedentism,15
-5000,initial,52,New tanzuene Tribe,West Sahel,116,Charcoal Firing,15
-5000,initial,52,New tanzuene Tribe,West Sahel,1,Pottery,15
-5000,initial,52,New tanzuene Tribe,West Sahel,4,Mining,15
-5000,initial,52,New tanzuene Tribe,West Sahel,20,Agriculture,15
-5000,initial,52,New tanzuene Tribe,West Sahel,3,Archery,15
-5000,initial,52,New tanzuene Tribe,West Sahel,6,Calendar,15
-5000,initial,53,South ofiofizua Tribe,East Horn,100,Cordage and Knots,15
-5000,initial,53,South ofiofizua Tribe,East Horn,101,Hide Working and Tailored Clothing,15
-5000,initial,53,South ofiofizua Tribe,East Horn,102,Hafted Stone Tools,15
-5000,initial,53,South ofiofizua Tribe,East Horn,105,Food Preservation,15
-5000,initial,53,South ofiofizua Tribe,East Horn,106,Storage Pits and Containers,15
-5000,initial,53,South ofiofizua Tribe,East Horn,107,Seasonal Aggregation Camps,15
-5000,initial,53,South ofiofizua Tribe,East Horn,111,Grinding Stones,15
-5000,initial,53,South ofiofizua Tribe,East Horn,112,Proto-cultivation,15
-5000,initial,53,South ofiofizua Tribe,East Horn,113,Sedentism,15
-5000,initial,53,South ofiofizua Tribe,East Horn,116,Charcoal Firing,15
-5000,initial,53,South ofiofizua Tribe,East Horn,1,Pottery,15
-5000,initial,53,South ofiofizua Tribe,East Horn,4,Mining,15
-5000,initial,53,South ofiofizua Tribe,East Horn,20,Agriculture,15
-5000,initial,53,South ofiofizua Tribe,East Horn,3,Archery,15
-5000,initial,53,South ofiofizua Tribe,East Horn,6,Calendar,15
-5000,initial,54,New seofiene Tribe,East Horn,100,Cordage and Knots,15
-5000,initial,54,New seofiene Tribe,East Horn,101,Hide Working and Tailored Clothing,15
-5000,initial,54,New seofiene Tribe,East Horn,102,Hafted Stone Tools,15
-5000,initial,54,New seofiene Tribe,East Horn,105,Food Preservation,15
-5000,initial,54,New seofiene Tribe,East Horn,106,Storage Pits and Containers,15
-5000,initial,54,New seofiene Tribe,East Horn,107,Seasonal Aggregation Camps,15
-5000,initial,54,New seofiene Tribe,East Horn,111,Grinding Stones,15
-5000,initial,54,New seofiene Tribe,East Horn,112,Proto-cultivation,15
-5000,initial,54,New seofiene Tribe,East Horn,113,Sedentism,15
-5000,initial,54,New seofiene Tribe,East Horn,116,Charcoal Firing,15
-5000,initial,54,New seofiene Tribe,East Horn,1,Pottery,15
-5000,initial,54,New seofiene Tribe,East Horn,4,Mining,15
-5000,initial,54,New seofiene Tribe,East Horn,20,Agriculture,15
-5000,initial,54,New seofiene Tribe,East Horn,3,Archery,15
-5000,initial,54,New seofiene Tribe,East Horn,6,Calendar,15
-5000,initial,55,Old tanchi Tribe,Central Forest,100,Cordage and Knots,13
-5000,initial,55,Old tanchi Tribe,Central Forest,101,Hide Working and Tailored Clothing,13
-5000,initial,55,Old tanchi Tribe,Central Forest,102,Hafted Stone Tools,13
-5000,initial,55,Old tanchi Tribe,Central Forest,105,Food Preservation,13
-5000,initial,55,Old tanchi Tribe,Central Forest,106,Storage Pits and Containers,13
-5000,initial,55,Old tanchi Tribe,Central Forest,107,Seasonal Aggregation Camps,13
-5000,initial,55,Old tanchi Tribe,Central Forest,111,Grinding Stones,13
-5000,initial,55,Old tanchi Tribe,Central Forest,113,Sedentism,13
-5000,initial,55,Old tanchi Tribe,Central Forest,116,Charcoal Firing,13
-5000,initial,55,Old tanchi Tribe,Central Forest,1,Pottery,13
-5000,initial,55,Old tanchi Tribe,Central Forest,4,Mining,13
-5000,initial,55,Old tanchi Tribe,Central Forest,3,Archery,13
-5000,initial,55,Old tanchi Tribe,Central Forest,6,Calendar,13
-5000,initial,56,North lenalvenia Tribe,Mediterranean Highland,100,Cordage and Knots,20
-5000,initial,56,North lenalvenia Tribe,Mediterranean Highland,101,Hide Working and Tailored Clothing,20
-5000,initial,56,North lenalvenia Tribe,Mediterranean Highland,102,Hafted Stone Tools,20
-5000,initial,56,North lenalvenia Tribe,Mediterranean Highland,105,Food Preservation,20
-5000,initial,56,North lenalvenia Tribe,Mediterranean Highland,106,Storage Pits and Containers,20
-5000,initial,56,North lenalvenia Tribe,Mediterranean Highland,107,Seasonal Aggregation Camps,20
-5000,initial,56,North lenalvenia Tribe,Mediterranean Highland,110,Dog Domestication,20
-5000,initial,56,North lenalvenia Tribe,Mediterranean Highland,111,Grinding Stones,20
-5000,initial,56,North lenalvenia Tribe,Mediterranean Highland,112,Proto-cultivation,20
-5000,initial,56,North lenalvenia Tribe,Mediterranean Highland,113,Sedentism,20
-5000,initial,56,North lenalvenia Tribe,Mediterranean Highland,114,Enclosures and Herd Management,20
-5000,initial,56,North lenalvenia Tribe,Mediterranean Highland,115,Counting Tokens and Tallies,20
-5000,initial,56,North lenalvenia Tribe,Mediterranean Highland,116,Charcoal Firing,20
-5000,initial,56,North lenalvenia Tribe,Mediterranean Highland,1,Pottery,20
-5000,initial,56,North lenalvenia Tribe,Mediterranean Highland,119,Native Copper Working,20
-5000,initial,56,North lenalvenia Tribe,Mediterranean Highland,2,Animal Husbandry,20
-5000,initial,56,North lenalvenia Tribe,Mediterranean Highland,4,Mining,20
-5000,initial,56,North lenalvenia Tribe,Mediterranean Highland,20,Agriculture,20
-5000,initial,56,North lenalvenia Tribe,Mediterranean Highland,3,Archery,20
-5000,initial,56,North lenalvenia Tribe,Mediterranean Highland,6,Calendar,20
-5000,initial,57,Great karselland Tribe,Mediterranean Highland,100,Cordage and Knots,20
-5000,initial,57,Great karselland Tribe,Mediterranean Highland,101,Hide Working and Tailored Clothing,20
-5000,initial,57,Great karselland Tribe,Mediterranean Highland,102,Hafted Stone Tools,20
-5000,initial,57,Great karselland Tribe,Mediterranean Highland,105,Food Preservation,20
-5000,initial,57,Great karselland Tribe,Mediterranean Highland,106,Storage Pits and Containers,20
-5000,initial,57,Great karselland Tribe,Mediterranean Highland,107,Seasonal Aggregation Camps,20
-5000,initial,57,Great karselland Tribe,Mediterranean Highland,110,Dog Domestication,20
-5000,initial,57,Great karselland Tribe,Mediterranean Highland,111,Grinding Stones,20
-5000,initial,57,Great karselland Tribe,Mediterranean Highland,112,Proto-cultivation,20
-5000,initial,57,Great karselland Tribe,Mediterranean Highland,113,Sedentism,20
-5000,initial,57,Great karselland Tribe,Mediterranean Highland,114,Enclosures and Herd Management,20
-5000,initial,57,Great karselland Tribe,Mediterranean Highland,115,Counting Tokens and Tallies,20
-5000,initial,57,Great karselland Tribe,Mediterranean Highland,116,Charcoal Firing,20
-5000,initial,57,Great karselland Tribe,Mediterranean Highland,1,Pottery,20
-5000,initial,57,Great karselland Tribe,Mediterranean Highland,119,Native Copper Working,20
-5000,initial,57,Great karselland Tribe,Mediterranean Highland,2,Animal Husbandry,20
-5000,initial,57,Great karselland Tribe,Mediterranean Highland,4,Mining,20
-5000,initial,57,Great karselland Tribe,Mediterranean Highland,20,Agriculture,20
-5000,initial,57,Great karselland Tribe,Mediterranean Highland,3,Archery,20
-5000,initial,57,Great karselland Tribe,Mediterranean Highland,6,Calendar,20
-5000,initial,58,Seldornoria Tribe,Mediterranean Urban,100,Cordage and Knots,22
-5000,initial,58,Seldornoria Tribe,Mediterranean Urban,101,Hide Working and Tailored Clothing,22
-5000,initial,58,Seldornoria Tribe,Mediterranean Urban,102,Hafted Stone Tools,22
-5000,initial,58,Seldornoria Tribe,Mediterranean Urban,104,Fishing Technology,22
-5000,initial,58,Seldornoria Tribe,Mediterranean Urban,105,Food Preservation,22
-5000,initial,58,Seldornoria Tribe,Mediterranean Urban,106,Storage Pits and Containers,22
-5000,initial,58,Seldornoria Tribe,Mediterranean Urban,107,Seasonal Aggregation Camps,22
-5000,initial,58,Seldornoria Tribe,Mediterranean Urban,108,Watercraft,22
-5000,initial,58,Seldornoria Tribe,Mediterranean Urban,110,Dog Domestication,22
-5000,initial,58,Seldornoria Tribe,Mediterranean Urban,111,Grinding Stones,22
-5000,initial,58,Seldornoria Tribe,Mediterranean Urban,112,Proto-cultivation,22
-5000,initial,58,Seldornoria Tribe,Mediterranean Urban,113,Sedentism,22
-5000,initial,58,Seldornoria Tribe,Mediterranean Urban,114,Enclosures and Herd Management,22
-5000,initial,58,Seldornoria Tribe,Mediterranean Urban,115,Counting Tokens and Tallies,22
-5000,initial,58,Seldornoria Tribe,Mediterranean Urban,116,Charcoal Firing,22
-5000,initial,58,Seldornoria Tribe,Mediterranean Urban,1,Pottery,22
-5000,initial,58,Seldornoria Tribe,Mediterranean Urban,2,Animal Husbandry,22
-5000,initial,58,Seldornoria Tribe,Mediterranean Urban,4,Mining,22
-5000,initial,58,Seldornoria Tribe,Mediterranean Urban,20,Agriculture,22
-5000,initial,58,Seldornoria Tribe,Mediterranean Urban,3,Archery,22
-5000,initial,58,Seldornoria Tribe,Mediterranean Urban,5,Sailing,22
-5000,initial,58,Seldornoria Tribe,Mediterranean Urban,6,Calendar,22
-5000,initial,59,South belsel Tribe,Mediterranean Urban,100,Cordage and Knots,22
-5000,initial,59,South belsel Tribe,Mediterranean Urban,101,Hide Working and Tailored Clothing,22
-5000,initial,59,South belsel Tribe,Mediterranean Urban,102,Hafted Stone Tools,22
-5000,initial,59,South belsel Tribe,Mediterranean Urban,104,Fishing Technology,22
-5000,initial,59,South belsel Tribe,Mediterranean Urban,105,Food Preservation,22
-5000,initial,59,South belsel Tribe,Mediterranean Urban,106,Storage Pits and Containers,22
-5000,initial,59,South belsel Tribe,Mediterranean Urban,107,Seasonal Aggregation Camps,22
-5000,initial,59,South belsel Tribe,Mediterranean Urban,108,Watercraft,22
-5000,initial,59,South belsel Tribe,Mediterranean Urban,110,Dog Domestication,22
-5000,initial,59,South belsel Tribe,Mediterranean Urban,111,Grinding Stones,22
-5000,initial,59,South belsel Tribe,Mediterranean Urban,112,Proto-cultivation,22
-5000,initial,59,South belsel Tribe,Mediterranean Urban,113,Sedentism,22
-5000,initial,59,South belsel Tribe,Mediterranean Urban,114,Enclosures and Herd Management,22
-5000,initial,59,South belsel Tribe,Mediterranean Urban,115,Counting Tokens and Tallies,22
-5000,initial,59,South belsel Tribe,Mediterranean Urban,116,Charcoal Firing,22
-5000,initial,59,South belsel Tribe,Mediterranean Urban,1,Pottery,22
-5000,initial,59,South belsel Tribe,Mediterranean Urban,2,Animal Husbandry,22
-5000,initial,59,South belsel Tribe,Mediterranean Urban,4,Mining,22
-5000,initial,59,South belsel Tribe,Mediterranean Urban,20,Agriculture,22
-5000,initial,59,South belsel Tribe,Mediterranean Urban,3,Archery,22
-5000,initial,59,South belsel Tribe,Mediterranean Urban,5,Sailing,22
-5000,initial,59,South belsel Tribe,Mediterranean Urban,6,Calendar,22
-5000,initial,60,Karbelum Tribe,Central Plain,100,Cordage and Knots,18
-5000,initial,60,Karbelum Tribe,Central Plain,101,Hide Working and Tailored Clothing,18
-5000,initial,60,Karbelum Tribe,Central Plain,102,Hafted Stone Tools,18
-5000,initial,60,Karbelum Tribe,Central Plain,105,Food Preservation,18
-5000,initial,60,Karbelum Tribe,Central Plain,106,Storage Pits and Containers,18
-5000,initial,60,Karbelum Tribe,Central Plain,107,Seasonal Aggregation Camps,18
-5000,initial,60,Karbelum Tribe,Central Plain,110,Dog Domestication,18
-5000,initial,60,Karbelum Tribe,Central Plain,111,Grinding Stones,18
-5000,initial,60,Karbelum Tribe,Central Plain,112,Proto-cultivation,18
-5000,initial,60,Karbelum Tribe,Central Plain,113,Sedentism,18
-5000,initial,60,Karbelum Tribe,Central Plain,114,Enclosures and Herd Management,18
-5000,initial,60,Karbelum Tribe,Central Plain,116,Charcoal Firing,18
-5000,initial,60,Karbelum Tribe,Central Plain,1,Pottery,18
-5000,initial,60,Karbelum Tribe,Central Plain,2,Animal Husbandry,18
-5000,initial,60,Karbelum Tribe,Central Plain,4,Mining,18
-5000,initial,60,Karbelum Tribe,Central Plain,20,Agriculture,18
-5000,initial,60,Karbelum Tribe,Central Plain,3,Archery,18
-5000,initial,60,Karbelum Tribe,Central Plain,6,Calendar,18
-5000,initial,61,Old alnorum Tribe,Central Plain,100,Cordage and Knots,18
-5000,initial,61,Old alnorum Tribe,Central Plain,101,Hide Working and Tailored Clothing,18
-5000,initial,61,Old alnorum Tribe,Central Plain,102,Hafted Stone Tools,18
-5000,initial,61,Old alnorum Tribe,Central Plain,105,Food Preservation,18
-5000,initial,61,Old alnorum Tribe,Central Plain,106,Storage Pits and Containers,18
-5000,initial,61,Old alnorum Tribe,Central Plain,107,Seasonal Aggregation Camps,18
-5000,initial,61,Old alnorum Tribe,Central Plain,110,Dog Domestication,18
-5000,initial,61,Old alnorum Tribe,Central Plain,111,Grinding Stones,18
-5000,initial,61,Old alnorum Tribe,Central Plain,112,Proto-cultivation,18
-5000,initial,61,Old alnorum Tribe,Central Plain,113,Sedentism,18
-5000,initial,61,Old alnorum Tribe,Central Plain,114,Enclosures and Herd Management,18
-5000,initial,61,Old alnorum Tribe,Central Plain,116,Charcoal Firing,18
-5000,initial,61,Old alnorum Tribe,Central Plain,1,Pottery,18
-5000,initial,61,Old alnorum Tribe,Central Plain,2,Animal Husbandry,18
-5000,initial,61,Old alnorum Tribe,Central Plain,4,Mining,18
-5000,initial,61,Old alnorum Tribe,Central Plain,20,Agriculture,18
-5000,initial,61,Old alnorum Tribe,Central Plain,3,Archery,18
-5000,initial,61,Old alnorum Tribe,Central Plain,6,Calendar,18
-5000,initial,62,Great beldorbel Tribe,Atlantic Fringe,100,Cordage and Knots,15
-5000,initial,62,Great beldorbel Tribe,Atlantic Fringe,101,Hide Working and Tailored Clothing,15
-5000,initial,62,Great beldorbel Tribe,Atlantic Fringe,102,Hafted Stone Tools,15
-5000,initial,62,Great beldorbel Tribe,Atlantic Fringe,105,Food Preservation,15
-5000,initial,62,Great beldorbel Tribe,Atlantic Fringe,106,Storage Pits and Containers,15
-5000,initial,62,Great beldorbel Tribe,Atlantic Fringe,107,Seasonal Aggregation Camps,15
-5000,initial,62,Great beldorbel Tribe,Atlantic Fringe,111,Grinding Stones,15
-5000,initial,62,Great beldorbel Tribe,Atlantic Fringe,112,Proto-cultivation,15
-5000,initial,62,Great beldorbel Tribe,Atlantic Fringe,113,Sedentism,15
-5000,initial,62,Great beldorbel Tribe,Atlantic Fringe,116,Charcoal Firing,15
-5000,initial,62,Great beldorbel Tribe,Atlantic Fringe,1,Pottery,15
-5000,initial,62,Great beldorbel Tribe,Atlantic Fringe,4,Mining,15
-5000,initial,62,Great beldorbel Tribe,Atlantic Fringe,20,Agriculture,15
-5000,initial,62,Great beldorbel Tribe,Atlantic Fringe,3,Archery,15
-5000,initial,62,Great beldorbel Tribe,Atlantic Fringe,6,Calendar,15
-5000,initial,63,Old sellentaria Tribe,Atlantic Fringe,100,Cordage and Knots,15
-5000,initial,63,Old sellentaria Tribe,Atlantic Fringe,101,Hide Working and Tailored Clothing,15
-5000,initial,63,Old sellentaria Tribe,Atlantic Fringe,102,Hafted Stone Tools,15
-5000,initial,63,Old sellentaria Tribe,Atlantic Fringe,105,Food Preservation,15
-5000,initial,63,Old sellentaria Tribe,Atlantic Fringe,106,Storage Pits and Containers,15
-5000,initial,63,Old sellentaria Tribe,Atlantic Fringe,107,Seasonal Aggregation Camps,15
-5000,initial,63,Old sellentaria Tribe,Atlantic Fringe,111,Grinding Stones,15
-5000,initial,63,Old sellentaria Tribe,Atlantic Fringe,112,Proto-cultivation,15
-5000,initial,63,Old sellentaria Tribe,Atlantic Fringe,113,Sedentism,15
-5000,initial,63,Old sellentaria Tribe,Atlantic Fringe,116,Charcoal Firing,15
-5000,initial,63,Old sellentaria Tribe,Atlantic Fringe,1,Pottery,15
-5000,initial,63,Old sellentaria Tribe,Atlantic Fringe,4,Mining,15
-5000,initial,63,Old sellentaria Tribe,Atlantic Fringe,20,Agriculture,15
-5000,initial,63,Old sellentaria Tribe,Atlantic Fringe,3,Archery,15
-5000,initial,63,Old sellentaria Tribe,Atlantic Fringe,6,Calendar,15
-5000,initial,64,Great romnoria Tribe,Northern Maritime,100,Cordage and Knots,11
-5000,initial,64,Great romnoria Tribe,Northern Maritime,101,Hide Working and Tailored Clothing,11
-5000,initial,64,Great romnoria Tribe,Northern Maritime,102,Hafted Stone Tools,11
-5000,initial,64,Great romnoria Tribe,Northern Maritime,105,Food Preservation,11
-5000,initial,64,Great romnoria Tribe,Northern Maritime,106,Storage Pits and Containers,11
-5000,initial,64,Great romnoria Tribe,Northern Maritime,107,Seasonal Aggregation Camps,11
-5000,initial,64,Great romnoria Tribe,Northern Maritime,111,Grinding Stones,11
-5000,initial,64,Great romnoria Tribe,Northern Maritime,113,Sedentism,11
-5000,initial,64,Great romnoria Tribe,Northern Maritime,4,Mining,11
-5000,initial,64,Great romnoria Tribe,Northern Maritime,3,Archery,11
-5000,initial,64,Great romnoria Tribe,Northern Maritime,6,Calendar,11
-5000,initial,65,Great nahyucnahpan Tribe,Mesoamerican,100,Cordage and Knots,14
-5000,initial,65,Great nahyucnahpan Tribe,Mesoamerican,101,Hide Working and Tailored Clothing,14
-5000,initial,65,Great nahyucnahpan Tribe,Mesoamerican,102,Hafted Stone Tools,14
-5000,initial,65,Great nahyucnahpan Tribe,Mesoamerican,105,Food Preservation,14
-5000,initial,65,Great nahyucnahpan Tribe,Mesoamerican,106,Storage Pits and Containers,14
-5000,initial,65,Great nahyucnahpan Tribe,Mesoamerican,107,Seasonal Aggregation Camps,14
-5000,initial,65,Great nahyucnahpan Tribe,Mesoamerican,111,Grinding Stones,14
-5000,initial,65,Great nahyucnahpan Tribe,Mesoamerican,112,Proto-cultivation,14
-5000,initial,65,Great nahyucnahpan Tribe,Mesoamerican,113,Sedentism,14
-5000,initial,65,Great nahyucnahpan Tribe,Mesoamerican,116,Charcoal Firing,14
-5000,initial,65,Great nahyucnahpan Tribe,Mesoamerican,1,Pottery,14
-5000,initial,65,Great nahyucnahpan Tribe,Mesoamerican,20,Agriculture,14
-5000,initial,65,Great nahyucnahpan Tribe,Mesoamerican,3,Archery,14
-5000,initial,65,Great nahyucnahpan Tribe,Mesoamerican,6,Calendar,14
-5000,initial,66,Great itznahteo Tribe,Mesoamerican,100,Cordage and Knots,14
-5000,initial,66,Great itznahteo Tribe,Mesoamerican,101,Hide Working and Tailored Clothing,14
-5000,initial,66,Great itznahteo Tribe,Mesoamerican,102,Hafted Stone Tools,14
-5000,initial,66,Great itznahteo Tribe,Mesoamerican,105,Food Preservation,14
-5000,initial,66,Great itznahteo Tribe,Mesoamerican,106,Storage Pits and Containers,14
-5000,initial,66,Great itznahteo Tribe,Mesoamerican,107,Seasonal Aggregation Camps,14
-5000,initial,66,Great itznahteo Tribe,Mesoamerican,111,Grinding Stones,14
-5000,initial,66,Great itznahteo Tribe,Mesoamerican,112,Proto-cultivation,14
-5000,initial,66,Great itznahteo Tribe,Mesoamerican,113,Sedentism,14
-5000,initial,66,Great itznahteo Tribe,Mesoamerican,116,Charcoal Firing,14
-5000,initial,66,Great itznahteo Tribe,Mesoamerican,1,Pottery,14
-5000,initial,66,Great itznahteo Tribe,Mesoamerican,20,Agriculture,14
-5000,initial,66,Great itznahteo Tribe,Mesoamerican,3,Archery,14
-5000,initial,66,Great itznahteo Tribe,Mesoamerican,6,Calendar,14
-5000,initial,67,South xocitztempan Tribe,Mesoamerican,100,Cordage and Knots,14
-5000,initial,67,South xocitztempan Tribe,Mesoamerican,101,Hide Working and Tailored Clothing,14
-5000,initial,67,South xocitztempan Tribe,Mesoamerican,102,Hafted Stone Tools,14
-5000,initial,67,South xocitztempan Tribe,Mesoamerican,105,Food Preservation,14
-5000,initial,67,South xocitztempan Tribe,Mesoamerican,106,Storage Pits and Containers,14
-5000,initial,67,South xocitztempan Tribe,Mesoamerican,107,Seasonal Aggregation Camps,14
-5000,initial,67,South xocitztempan Tribe,Mesoamerican,111,Grinding Stones,14
-5000,initial,67,South xocitztempan Tribe,Mesoamerican,112,Proto-cultivation,14
-5000,initial,67,South xocitztempan Tribe,Mesoamerican,113,Sedentism,14
-5000,initial,67,South xocitztempan Tribe,Mesoamerican,116,Charcoal Firing,14
-5000,initial,67,South xocitztempan Tribe,Mesoamerican,1,Pottery,14
-5000,initial,67,South xocitztempan Tribe,Mesoamerican,20,Agriculture,14
-5000,initial,67,South xocitztempan Tribe,Mesoamerican,3,Archery,14
-5000,initial,67,South xocitztempan Tribe,Mesoamerican,6,Calendar,14
-5000,initial,68,Yuctempan Tribe,Mesoamerican,100,Cordage and Knots,14
-5000,initial,68,Yuctempan Tribe,Mesoamerican,101,Hide Working and Tailored Clothing,14
-5000,initial,68,Yuctempan Tribe,Mesoamerican,102,Hafted Stone Tools,14
-5000,initial,68,Yuctempan Tribe,Mesoamerican,105,Food Preservation,14
-5000,initial,68,Yuctempan Tribe,Mesoamerican,106,Storage Pits and Containers,14
-5000,initial,68,Yuctempan Tribe,Mesoamerican,107,Seasonal Aggregation Camps,14
-5000,initial,68,Yuctempan Tribe,Mesoamerican,111,Grinding Stones,14
-5000,initial,68,Yuctempan Tribe,Mesoamerican,112,Proto-cultivation,14
-5000,initial,68,Yuctempan Tribe,Mesoamerican,113,Sedentism,14
-5000,initial,68,Yuctempan Tribe,Mesoamerican,116,Charcoal Firing,14
-5000,initial,68,Yuctempan Tribe,Mesoamerican,1,Pottery,14
-5000,initial,68,Yuctempan Tribe,Mesoamerican,20,Agriculture,14
-5000,initial,68,Yuctempan Tribe,Mesoamerican,3,Archery,14
-5000,initial,68,Yuctempan Tribe,Mesoamerican,6,Calendar,14
-5000,initial,69,Mixtemco Tribe,Mesoamerican,100,Cordage and Knots,14
-5000,initial,69,Mixtemco Tribe,Mesoamerican,101,Hide Working and Tailored Clothing,14
-5000,initial,69,Mixtemco Tribe,Mesoamerican,102,Hafted Stone Tools,14
-5000,initial,69,Mixtemco Tribe,Mesoamerican,105,Food Preservation,14
-5000,initial,69,Mixtemco Tribe,Mesoamerican,106,Storage Pits and Containers,14
-5000,initial,69,Mixtemco Tribe,Mesoamerican,107,Seasonal Aggregation Camps,14
-5000,initial,69,Mixtemco Tribe,Mesoamerican,111,Grinding Stones,14
-5000,initial,69,Mixtemco Tribe,Mesoamerican,112,Proto-cultivation,14
-5000,initial,69,Mixtemco Tribe,Mesoamerican,113,Sedentism,14
-5000,initial,69,Mixtemco Tribe,Mesoamerican,116,Charcoal Firing,14
-5000,initial,69,Mixtemco Tribe,Mesoamerican,1,Pottery,14
-5000,initial,69,Mixtemco Tribe,Mesoamerican,20,Agriculture,14
-5000,initial,69,Mixtemco Tribe,Mesoamerican,3,Archery,14
-5000,initial,69,Mixtemco Tribe,Mesoamerican,6,Calendar,14
-5000,initial,70,Great calcalpan Tribe,Mesoamerican,100,Cordage and Knots,14
-5000,initial,70,Great calcalpan Tribe,Mesoamerican,101,Hide Working and Tailored Clothing,14
-5000,initial,70,Great calcalpan Tribe,Mesoamerican,102,Hafted Stone Tools,14
-5000,initial,70,Great calcalpan Tribe,Mesoamerican,105,Food Preservation,14
-5000,initial,70,Great calcalpan Tribe,Mesoamerican,106,Storage Pits and Containers,14
-5000,initial,70,Great calcalpan Tribe,Mesoamerican,107,Seasonal Aggregation Camps,14
-5000,initial,70,Great calcalpan Tribe,Mesoamerican,111,Grinding Stones,14
-5000,initial,70,Great calcalpan Tribe,Mesoamerican,112,Proto-cultivation,14
-5000,initial,70,Great calcalpan Tribe,Mesoamerican,113,Sedentism,14
-5000,initial,70,Great calcalpan Tribe,Mesoamerican,116,Charcoal Firing,14
-5000,initial,70,Great calcalpan Tribe,Mesoamerican,1,Pottery,14
-5000,initial,70,Great calcalpan Tribe,Mesoamerican,20,Agriculture,14
-5000,initial,70,Great calcalpan Tribe,Mesoamerican,3,Archery,14
-5000,initial,70,Great calcalpan Tribe,Mesoamerican,6,Calendar,14
-5000,initial,71,Xoctolxocco Tribe,Mesoamerican,100,Cordage and Knots,14
-5000,initial,71,Xoctolxocco Tribe,Mesoamerican,101,Hide Working and Tailored Clothing,14
-5000,initial,71,Xoctolxocco Tribe,Mesoamerican,102,Hafted Stone Tools,14
-5000,initial,71,Xoctolxocco Tribe,Mesoamerican,105,Food Preservation,14
-5000,initial,71,Xoctolxocco Tribe,Mesoamerican,106,Storage Pits and Containers,14
-5000,initial,71,Xoctolxocco Tribe,Mesoamerican,107,Seasonal Aggregation Camps,14
-5000,initial,71,Xoctolxocco Tribe,Mesoamerican,111,Grinding Stones,14
-5000,initial,71,Xoctolxocco Tribe,Mesoamerican,112,Proto-cultivation,14
-5000,initial,71,Xoctolxocco Tribe,Mesoamerican,113,Sedentism,14
-5000,initial,71,Xoctolxocco Tribe,Mesoamerican,116,Charcoal Firing,14
-5000,initial,71,Xoctolxocco Tribe,Mesoamerican,1,Pottery,14
-5000,initial,71,Xoctolxocco Tribe,Mesoamerican,20,Agriculture,14
-5000,initial,71,Xoctolxocco Tribe,Mesoamerican,3,Archery,14
-5000,initial,71,Xoctolxocco Tribe,Mesoamerican,6,Calendar,14
-5000,initial,72,Great nahchian Tribe,Mesoamerican,100,Cordage and Knots,14
-5000,initial,72,Great nahchian Tribe,Mesoamerican,101,Hide Working and Tailored Clothing,14
-5000,initial,72,Great nahchian Tribe,Mesoamerican,102,Hafted Stone Tools,14
-5000,initial,72,Great nahchian Tribe,Mesoamerican,105,Food Preservation,14
-5000,initial,72,Great nahchian Tribe,Mesoamerican,106,Storage Pits and Containers,14
-5000,initial,72,Great nahchian Tribe,Mesoamerican,107,Seasonal Aggregation Camps,14
-5000,initial,72,Great nahchian Tribe,Mesoamerican,111,Grinding Stones,14
-5000,initial,72,Great nahchian Tribe,Mesoamerican,112,Proto-cultivation,14
-5000,initial,72,Great nahchian Tribe,Mesoamerican,113,Sedentism,14
-5000,initial,72,Great nahchian Tribe,Mesoamerican,116,Charcoal Firing,14
-5000,initial,72,Great nahchian Tribe,Mesoamerican,1,Pottery,14
-5000,initial,72,Great nahchian Tribe,Mesoamerican,20,Agriculture,14
-5000,initial,72,Great nahchian Tribe,Mesoamerican,3,Archery,14
-5000,initial,72,Great nahchian Tribe,Mesoamerican,6,Calendar,14
-5000,initial,73,Xoctolcalco Tribe,Mesoamerican,100,Cordage and Knots,14
-5000,initial,73,Xoctolcalco Tribe,Mesoamerican,101,Hide Working and Tailored Clothing,14
-5000,initial,73,Xoctolcalco Tribe,Mesoamerican,102,Hafted Stone Tools,14
-5000,initial,73,Xoctolcalco Tribe,Mesoamerican,105,Food Preservation,14
-5000,initial,73,Xoctolcalco Tribe,Mesoamerican,106,Storage Pits and Containers,14
-5000,initial,73,Xoctolcalco Tribe,Mesoamerican,107,Seasonal Aggregation Camps,14
-5000,initial,73,Xoctolcalco Tribe,Mesoamerican,111,Grinding Stones,14
-5000,initial,73,Xoctolcalco Tribe,Mesoamerican,112,Proto-cultivation,14
-5000,initial,73,Xoctolcalco Tribe,Mesoamerican,113,Sedentism,14
-5000,initial,73,Xoctolcalco Tribe,Mesoamerican,116,Charcoal Firing,14
-5000,initial,73,Xoctolcalco Tribe,Mesoamerican,1,Pottery,14
-5000,initial,73,Xoctolcalco Tribe,Mesoamerican,20,Agriculture,14
-5000,initial,73,Xoctolcalco Tribe,Mesoamerican,3,Archery,14
-5000,initial,73,Xoctolcalco Tribe,Mesoamerican,6,Calendar,14
-5000,initial,74,New caltemtol Tribe,Mesoamerican,100,Cordage and Knots,14
-5000,initial,74,New caltemtol Tribe,Mesoamerican,101,Hide Working and Tailored Clothing,14
-5000,initial,74,New caltemtol Tribe,Mesoamerican,102,Hafted Stone Tools,14
-5000,initial,74,New caltemtol Tribe,Mesoamerican,105,Food Preservation,14
-5000,initial,74,New caltemtol Tribe,Mesoamerican,106,Storage Pits and Containers,14
-5000,initial,74,New caltemtol Tribe,Mesoamerican,107,Seasonal Aggregation Camps,14
-5000,initial,74,New caltemtol Tribe,Mesoamerican,111,Grinding Stones,14
-5000,initial,74,New caltemtol Tribe,Mesoamerican,112,Proto-cultivation,14
-5000,initial,74,New caltemtol Tribe,Mesoamerican,113,Sedentism,14
-5000,initial,74,New caltemtol Tribe,Mesoamerican,116,Charcoal Firing,14
-5000,initial,74,New caltemtol Tribe,Mesoamerican,1,Pottery,14
-5000,initial,74,New caltemtol Tribe,Mesoamerican,20,Agriculture,14
-5000,initial,74,New caltemtol Tribe,Mesoamerican,3,Archery,14
-5000,initial,74,New caltemtol Tribe,Mesoamerican,6,Calendar,14
-5000,initial,75,South llaqkusayayu Tribe,Andean Highland,100,Cordage and Knots,15
-5000,initial,75,South llaqkusayayu Tribe,Andean Highland,101,Hide Working and Tailored Clothing,15
-5000,initial,75,South llaqkusayayu Tribe,Andean Highland,102,Hafted Stone Tools,15
-5000,initial,75,South llaqkusayayu Tribe,Andean Highland,105,Food Preservation,15
-5000,initial,75,South llaqkusayayu Tribe,Andean Highland,106,Storage Pits and Containers,15
-5000,initial,75,South llaqkusayayu Tribe,Andean Highland,107,Seasonal Aggregation Camps,15
-5000,initial,75,South llaqkusayayu Tribe,Andean Highland,111,Grinding Stones,15
-5000,initial,75,South llaqkusayayu Tribe,Andean Highland,112,Proto-cultivation,15
-5000,initial,75,South llaqkusayayu Tribe,Andean Highland,113,Sedentism,15
-5000,initial,75,South llaqkusayayu Tribe,Andean Highland,116,Charcoal Firing,15
-5000,initial,75,South llaqkusayayu Tribe,Andean Highland,1,Pottery,15
-5000,initial,75,South llaqkusayayu Tribe,Andean Highland,4,Mining,15
-5000,initial,75,South llaqkusayayu Tribe,Andean Highland,20,Agriculture,15
-5000,initial,75,South llaqkusayayu Tribe,Andean Highland,3,Archery,15
-5000,initial,75,South llaqkusayayu Tribe,Andean Highland,6,Calendar,15
-5000,initial,76,South tupayasuyuyu Tribe,Andean Highland,100,Cordage and Knots,15
-5000,initial,76,South tupayasuyuyu Tribe,Andean Highland,101,Hide Working and Tailored Clothing,15
-5000,initial,76,South tupayasuyuyu Tribe,Andean Highland,102,Hafted Stone Tools,15
-5000,initial,76,South tupayasuyuyu Tribe,Andean Highland,105,Food Preservation,15
-5000,initial,76,South tupayasuyuyu Tribe,Andean Highland,106,Storage Pits and Containers,15
-5000,initial,76,South tupayasuyuyu Tribe,Andean Highland,107,Seasonal Aggregation Camps,15
-5000,initial,76,South tupayasuyuyu Tribe,Andean Highland,111,Grinding Stones,15
-5000,initial,76,South tupayasuyuyu Tribe,Andean Highland,112,Proto-cultivation,15
-5000,initial,76,South tupayasuyuyu Tribe,Andean Highland,113,Sedentism,15
-5000,initial,76,South tupayasuyuyu Tribe,Andean Highland,116,Charcoal Firing,15
-5000,initial,76,South tupayasuyuyu Tribe,Andean Highland,1,Pottery,15
-5000,initial,76,South tupayasuyuyu Tribe,Andean Highland,4,Mining,15
-5000,initial,76,South tupayasuyuyu Tribe,Andean Highland,20,Agriculture,15
-5000,initial,76,South tupayasuyuyu Tribe,Andean Highland,3,Archery,15
-5000,initial,76,South tupayasuyuyu Tribe,Andean Highland,6,Calendar,15
-5000,initial,77,Great sumintina Tribe,Andean Highland,100,Cordage and Knots,15
-5000,initial,77,Great sumintina Tribe,Andean Highland,101,Hide Working and Tailored Clothing,15
-5000,initial,77,Great sumintina Tribe,Andean Highland,102,Hafted Stone Tools,15
-5000,initial,77,Great sumintina Tribe,Andean Highland,105,Food Preservation,15
-5000,initial,77,Great sumintina Tribe,Andean Highland,106,Storage Pits and Containers,15
-5000,initial,77,Great sumintina Tribe,Andean Highland,107,Seasonal Aggregation Camps,15
-5000,initial,77,Great sumintina Tribe,Andean Highland,111,Grinding Stones,15
-5000,initial,77,Great sumintina Tribe,Andean Highland,112,Proto-cultivation,15
-5000,initial,77,Great sumintina Tribe,Andean Highland,113,Sedentism,15
-5000,initial,77,Great sumintina Tribe,Andean Highland,116,Charcoal Firing,15
-5000,initial,77,Great sumintina Tribe,Andean Highland,1,Pottery,15
-5000,initial,77,Great sumintina Tribe,Andean Highland,4,Mining,15
-5000,initial,77,Great sumintina Tribe,Andean Highland,20,Agriculture,15
-5000,initial,77,Great sumintina Tribe,Andean Highland,3,Archery,15
-5000,initial,77,Great sumintina Tribe,Andean Highland,6,Calendar,15
-5000,initial,78,Old llaqqorikusmarca Tribe,Andean Highland,100,Cordage and Knots,15
-5000,initial,78,Old llaqqorikusmarca Tribe,Andean Highland,101,Hide Working and Tailored Clothing,15
-5000,initial,78,Old llaqqorikusmarca Tribe,Andean Highland,102,Hafted Stone Tools,15
-5000,initial,78,Old llaqqorikusmarca Tribe,Andean Highland,105,Food Preservation,15
-5000,initial,78,Old llaqqorikusmarca Tribe,Andean Highland,106,Storage Pits and Containers,15
-5000,initial,78,Old llaqqorikusmarca Tribe,Andean Highland,107,Seasonal Aggregation Camps,15
-5000,initial,78,Old llaqqorikusmarca Tribe,Andean Highland,111,Grinding Stones,15
-5000,initial,78,Old llaqqorikusmarca Tribe,Andean Highland,112,Proto-cultivation,15
-5000,initial,78,Old llaqqorikusmarca Tribe,Andean Highland,113,Sedentism,15
-5000,initial,78,Old llaqqorikusmarca Tribe,Andean Highland,116,Charcoal Firing,15
-5000,initial,78,Old llaqqorikusmarca Tribe,Andean Highland,1,Pottery,15
-5000,initial,78,Old llaqqorikusmarca Tribe,Andean Highland,4,Mining,15
-5000,initial,78,Old llaqqorikusmarca Tribe,Andean Highland,20,Agriculture,15
-5000,initial,78,Old llaqqorikusmarca Tribe,Andean Highland,3,Archery,15
-5000,initial,78,Old llaqqorikusmarca Tribe,Andean Highland,6,Calendar,15
-5000,initial,79,Great tupintisumna Tribe,Andean Highland,100,Cordage and Knots,15
-5000,initial,79,Great tupintisumna Tribe,Andean Highland,101,Hide Working and Tailored Clothing,15
-5000,initial,79,Great tupintisumna Tribe,Andean Highland,102,Hafted Stone Tools,15
-5000,initial,79,Great tupintisumna Tribe,Andean Highland,105,Food Preservation,15
-5000,initial,79,Great tupintisumna Tribe,Andean Highland,106,Storage Pits and Containers,15
-5000,initial,79,Great tupintisumna Tribe,Andean Highland,107,Seasonal Aggregation Camps,15
-5000,initial,79,Great tupintisumna Tribe,Andean Highland,111,Grinding Stones,15
-5000,initial,79,Great tupintisumna Tribe,Andean Highland,112,Proto-cultivation,15
-5000,initial,79,Great tupintisumna Tribe,Andean Highland,113,Sedentism,15
-5000,initial,79,Great tupintisumna Tribe,Andean Highland,116,Charcoal Firing,15
-5000,initial,79,Great tupintisumna Tribe,Andean Highland,1,Pottery,15
-5000,initial,79,Great tupintisumna Tribe,Andean Highland,4,Mining,15
-5000,initial,79,Great tupintisumna Tribe,Andean Highland,20,Agriculture,15
-5000,initial,79,Great tupintisumna Tribe,Andean Highland,3,Archery,15
-5000,initial,79,Great tupintisumna Tribe,Andean Highland,6,Calendar,15
-5000,initial,80,Old qorisumqoria Tribe,Andean Highland,100,Cordage and Knots,15
-5000,initial,80,Old qorisumqoria Tribe,Andean Highland,101,Hide Working and Tailored Clothing,15
-5000,initial,80,Old qorisumqoria Tribe,Andean Highland,102,Hafted Stone Tools,15
-5000,initial,80,Old qorisumqoria Tribe,Andean Highland,105,Food Preservation,15
-5000,initial,80,Old qorisumqoria Tribe,Andean Highland,106,Storage Pits and Containers,15
-5000,initial,80,Old qorisumqoria Tribe,Andean Highland,107,Seasonal Aggregation Camps,15
-5000,initial,80,Old qorisumqoria Tribe,Andean Highland,111,Grinding Stones,15
-5000,initial,80,Old qorisumqoria Tribe,Andean Highland,112,Proto-cultivation,15
-5000,initial,80,Old qorisumqoria Tribe,Andean Highland,113,Sedentism,15
-5000,initial,80,Old qorisumqoria Tribe,Andean Highland,116,Charcoal Firing,15
-5000,initial,80,Old qorisumqoria Tribe,Andean Highland,1,Pottery,15
-5000,initial,80,Old qorisumqoria Tribe,Andean Highland,4,Mining,15
-5000,initial,80,Old qorisumqoria Tribe,Andean Highland,20,Agriculture,15
-5000,initial,80,Old qorisumqoria Tribe,Andean Highland,3,Archery,15
-5000,initial,80,Old qorisumqoria Tribe,Andean Highland,6,Calendar,15
-5000,initial,81,New ayatup Tribe,Andean Highland,100,Cordage and Knots,15
-5000,initial,81,New ayatup Tribe,Andean Highland,101,Hide Working and Tailored Clothing,15
-5000,initial,81,New ayatup Tribe,Andean Highland,102,Hafted Stone Tools,15
-5000,initial,81,New ayatup Tribe,Andean Highland,105,Food Preservation,15
-5000,initial,81,New ayatup Tribe,Andean Highland,106,Storage Pits and Containers,15
-5000,initial,81,New ayatup Tribe,Andean Highland,107,Seasonal Aggregation Camps,15
-5000,initial,81,New ayatup Tribe,Andean Highland,111,Grinding Stones,15
-5000,initial,81,New ayatup Tribe,Andean Highland,112,Proto-cultivation,15
-5000,initial,81,New ayatup Tribe,Andean Highland,113,Sedentism,15
-5000,initial,81,New ayatup Tribe,Andean Highland,116,Charcoal Firing,15
-5000,initial,81,New ayatup Tribe,Andean Highland,1,Pottery,15
-5000,initial,81,New ayatup Tribe,Andean Highland,4,Mining,15
-5000,initial,81,New ayatup Tribe,Andean Highland,20,Agriculture,15
-5000,initial,81,New ayatup Tribe,Andean Highland,3,Archery,15
-5000,initial,81,New ayatup Tribe,Andean Highland,6,Calendar,15
-5000,initial,82,Old dusgarviagrad Tribe,Eastern Woodland,100,Cordage and Knots,11
-5000,initial,82,Old dusgarviagrad Tribe,Eastern Woodland,101,Hide Working and Tailored Clothing,11
-5000,initial,82,Old dusgarviagrad Tribe,Eastern Woodland,102,Hafted Stone Tools,11
-5000,initial,82,Old dusgarviagrad Tribe,Eastern Woodland,105,Food Preservation,11
-5000,initial,82,Old dusgarviagrad Tribe,Eastern Woodland,106,Storage Pits and Containers,11
-5000,initial,82,Old dusgarviagrad Tribe,Eastern Woodland,107,Seasonal Aggregation Camps,11
-5000,initial,82,Old dusgarviagrad Tribe,Eastern Woodland,111,Grinding Stones,11
-5000,initial,82,Old dusgarviagrad Tribe,Eastern Woodland,113,Sedentism,11
-5000,initial,82,Old dusgarviagrad Tribe,Eastern Woodland,4,Mining,11
-5000,initial,82,Old dusgarviagrad Tribe,Eastern Woodland,3,Archery,11
-5000,initial,82,Old dusgarviagrad Tribe,Eastern Woodland,6,Calendar,11
-5000,initial,83,Lingarlinia Tribe,Eastern Woodland,100,Cordage and Knots,11
-5000,initial,83,Lingarlinia Tribe,Eastern Woodland,101,Hide Working and Tailored Clothing,11
-5000,initial,83,Lingarlinia Tribe,Eastern Woodland,102,Hafted Stone Tools,11
-5000,initial,83,Lingarlinia Tribe,Eastern Woodland,105,Food Preservation,11
-5000,initial,83,Lingarlinia Tribe,Eastern Woodland,106,Storage Pits and Containers,11
-5000,initial,83,Lingarlinia Tribe,Eastern Woodland,107,Seasonal Aggregation Camps,11
-5000,initial,83,Lingarlinia Tribe,Eastern Woodland,111,Grinding Stones,11
-5000,initial,83,Lingarlinia Tribe,Eastern Woodland,113,Sedentism,11
-5000,initial,83,Lingarlinia Tribe,Eastern Woodland,4,Mining,11
-5000,initial,83,Lingarlinia Tribe,Eastern Woodland,3,Archery,11
-5000,initial,83,Lingarlinia Tribe,Eastern Woodland,6,Calendar,11
-5000,initial,84,New lorzenland Tribe,Eastern Woodland,100,Cordage and Knots,11
-5000,initial,84,New lorzenland Tribe,Eastern Woodland,101,Hide Working and Tailored Clothing,11
-5000,initial,84,New lorzenland Tribe,Eastern Woodland,102,Hafted Stone Tools,11
-5000,initial,84,New lorzenland Tribe,Eastern Woodland,105,Food Preservation,11
-5000,initial,84,New lorzenland Tribe,Eastern Woodland,106,Storage Pits and Containers,11
-5000,initial,84,New lorzenland Tribe,Eastern Woodland,107,Seasonal Aggregation Camps,11
-5000,initial,84,New lorzenland Tribe,Eastern Woodland,111,Grinding Stones,11
-5000,initial,84,New lorzenland Tribe,Eastern Woodland,113,Sedentism,11
-5000,initial,84,New lorzenland Tribe,Eastern Woodland,4,Mining,11
-5000,initial,84,New lorzenland Tribe,Eastern Woodland,3,Archery,11
-5000,initial,84,New lorzenland Tribe,Eastern Woodland,6,Calendar,11
-5000,initial,85,Great romranzengrad Tribe,Eastern Woodland,100,Cordage and Knots,11
-5000,initial,85,Great romranzengrad Tribe,Eastern Woodland,101,Hide Working and Tailored Clothing,11
-5000,initial,85,Great romranzengrad Tribe,Eastern Woodland,102,Hafted Stone Tools,11
-5000,initial,85,Great romranzengrad Tribe,Eastern Woodland,105,Food Preservation,11
-5000,initial,85,Great romranzengrad Tribe,Eastern Woodland,106,Storage Pits and Containers,11
-5000,initial,85,Great romranzengrad Tribe,Eastern Woodland,107,Seasonal Aggregation Camps,11
-5000,initial,85,Great romranzengrad Tribe,Eastern Woodland,111,Grinding Stones,11
-5000,initial,85,Great romranzengrad Tribe,Eastern Woodland,113,Sedentism,11
-5000,initial,85,Great romranzengrad Tribe,Eastern Woodland,4,Mining,11
-5000,initial,85,Great romranzengrad Tribe,Eastern Woodland,3,Archery,11
-5000,initial,85,Great romranzengrad Tribe,Eastern Woodland,6,Calendar,11
-5000,initial,86,North ranbellorgrad Tribe,Eastern Woodland,100,Cordage and Knots,11
-5000,initial,86,North ranbellorgrad Tribe,Eastern Woodland,101,Hide Working and Tailored Clothing,11
-5000,initial,86,North ranbellorgrad Tribe,Eastern Woodland,102,Hafted Stone Tools,11
-5000,initial,86,North ranbellorgrad Tribe,Eastern Woodland,105,Food Preservation,11
-5000,initial,86,North ranbellorgrad Tribe,Eastern Woodland,106,Storage Pits and Containers,11
-5000,initial,86,North ranbellorgrad Tribe,Eastern Woodland,107,Seasonal Aggregation Camps,11
-5000,initial,86,North ranbellorgrad Tribe,Eastern Woodland,111,Grinding Stones,11
-5000,initial,86,North ranbellorgrad Tribe,Eastern Woodland,113,Sedentism,11
-5000,initial,86,North ranbellorgrad Tribe,Eastern Woodland,4,Mining,11
-5000,initial,86,North ranbellorgrad Tribe,Eastern Woodland,3,Archery,11
-5000,initial,86,North ranbellorgrad Tribe,Eastern Woodland,6,Calendar,11
-5000,initial,87,South ranromterland Tribe,Eastern Woodland,100,Cordage and Knots,11
-5000,initial,87,South ranromterland Tribe,Eastern Woodland,101,Hide Working and Tailored Clothing,11
-5000,initial,87,South ranromterland Tribe,Eastern Woodland,102,Hafted Stone Tools,11
-5000,initial,87,South ranromterland Tribe,Eastern Woodland,105,Food Preservation,11
-5000,initial,87,South ranromterland Tribe,Eastern Woodland,106,Storage Pits and Containers,11
-5000,initial,87,South ranromterland Tribe,Eastern Woodland,107,Seasonal Aggregation Camps,11
-5000,initial,87,South ranromterland Tribe,Eastern Woodland,111,Grinding Stones,11
-5000,initial,87,South ranromterland Tribe,Eastern Woodland,113,Sedentism,11
-5000,initial,87,South ranromterland Tribe,Eastern Woodland,4,Mining,11
-5000,initial,87,South ranromterland Tribe,Eastern Woodland,3,Archery,11
-5000,initial,87,South ranromterland Tribe,Eastern Woodland,6,Calendar,11
-5000,initial,88,North dusnaran Tribe,Eastern Woodland,100,Cordage and Knots,11
-5000,initial,88,North dusnaran Tribe,Eastern Woodland,101,Hide Working and Tailored Clothing,11
-5000,initial,88,North dusnaran Tribe,Eastern Woodland,102,Hafted Stone Tools,11
-5000,initial,88,North dusnaran Tribe,Eastern Woodland,105,Food Preservation,11
-5000,initial,88,North dusnaran Tribe,Eastern Woodland,106,Storage Pits and Containers,11
-5000,initial,88,North dusnaran Tribe,Eastern Woodland,107,Seasonal Aggregation Camps,11
-5000,initial,88,North dusnaran Tribe,Eastern Woodland,111,Grinding Stones,11
-5000,initial,88,North dusnaran Tribe,Eastern Woodland,113,Sedentism,11
-5000,initial,88,North dusnaran Tribe,Eastern Woodland,4,Mining,11
-5000,initial,88,North dusnaran Tribe,Eastern Woodland,3,Archery,11
-5000,initial,88,North dusnaran Tribe,Eastern Woodland,6,Calendar,11
-5000,initial,89,Old lorromvialand Tribe,Western Plains,100,Cordage and Knots,11
-5000,initial,89,Old lorromvialand Tribe,Western Plains,101,Hide Working and Tailored Clothing,11
-5000,initial,89,Old lorromvialand Tribe,Western Plains,102,Hafted Stone Tools,11
-5000,initial,89,Old lorromvialand Tribe,Western Plains,105,Food Preservation,11
-5000,initial,89,Old lorromvialand Tribe,Western Plains,106,Storage Pits and Containers,11
-5000,initial,89,Old lorromvialand Tribe,Western Plains,107,Seasonal Aggregation Camps,11
-5000,initial,89,Old lorromvialand Tribe,Western Plains,111,Grinding Stones,11
-5000,initial,89,Old lorromvialand Tribe,Western Plains,113,Sedentism,11
-5000,initial,89,Old lorromvialand Tribe,Western Plains,4,Mining,11
-5000,initial,89,Old lorromvialand Tribe,Western Plains,3,Archery,11
-5000,initial,89,Old lorromvialand Tribe,Western Plains,6,Calendar,11
-5000,initial,90,Old quigargaria Tribe,Western Plains,100,Cordage and Knots,11
-5000,initial,90,Old quigargaria Tribe,Western Plains,101,Hide Working and Tailored Clothing,11
-5000,initial,90,Old quigargaria Tribe,Western Plains,102,Hafted Stone Tools,11
-5000,initial,90,Old quigargaria Tribe,Western Plains,105,Food Preservation,11
-5000,initial,90,Old quigargaria Tribe,Western Plains,106,Storage Pits and Containers,11
-5000,initial,90,Old quigargaria Tribe,Western Plains,107,Seasonal Aggregation Camps,11
-5000,initial,90,Old quigargaria Tribe,Western Plains,111,Grinding Stones,11
-5000,initial,90,Old quigargaria Tribe,Western Plains,113,Sedentism,11
-5000,initial,90,Old quigargaria Tribe,Western Plains,4,Mining,11
-5000,initial,90,Old quigargaria Tribe,Western Plains,3,Archery,11
-5000,initial,90,Old quigargaria Tribe,Western Plains,6,Calendar,11
-5000,initial,91,South viasolland Tribe,Western Plains,100,Cordage and Knots,11
-5000,initial,91,South viasolland Tribe,Western Plains,101,Hide Working and Tailored Clothing,11
-5000,initial,91,South viasolland Tribe,Western Plains,102,Hafted Stone Tools,11
-5000,initial,91,South viasolland Tribe,Western Plains,105,Food Preservation,11
-5000,initial,91,South viasolland Tribe,Western Plains,106,Storage Pits and Containers,11
-5000,initial,91,South viasolland Tribe,Western Plains,107,Seasonal Aggregation Camps,11
-5000,initial,91,South viasolland Tribe,Western Plains,111,Grinding Stones,11
-5000,initial,91,South viasolland Tribe,Western Plains,113,Sedentism,11
-5000,initial,91,South viasolland Tribe,Western Plains,4,Mining,11
-5000,initial,91,South viasolland Tribe,Western Plains,3,Archery,11
-5000,initial,91,South viasolland Tribe,Western Plains,6,Calendar,11
-5000,initial,92,Old viabelmaria Tribe,Western Plains,100,Cordage and Knots,11
-5000,initial,92,Old viabelmaria Tribe,Western Plains,101,Hide Working and Tailored Clothing,11
-5000,initial,92,Old viabelmaria Tribe,Western Plains,102,Hafted Stone Tools,11
-5000,initial,92,Old viabelmaria Tribe,Western Plains,105,Food Preservation,11
-5000,initial,92,Old viabelmaria Tribe,Western Plains,106,Storage Pits and Containers,11
-5000,initial,92,Old viabelmaria Tribe,Western Plains,107,Seasonal Aggregation Camps,11
-5000,initial,92,Old viabelmaria Tribe,Western Plains,111,Grinding Stones,11
-5000,initial,92,Old viabelmaria Tribe,Western Plains,113,Sedentism,11
-5000,initial,92,Old viabelmaria Tribe,Western Plains,4,Mining,11
-5000,initial,92,Old viabelmaria Tribe,Western Plains,3,Archery,11
-5000,initial,92,Old viabelmaria Tribe,Western Plains,6,Calendar,11
-5000,initial,93,North belromia Tribe,Western Plains,100,Cordage and Knots,11
-5000,initial,93,North belromia Tribe,Western Plains,101,Hide Working and Tailored Clothing,11
-5000,initial,93,North belromia Tribe,Western Plains,102,Hafted Stone Tools,11
-5000,initial,93,North belromia Tribe,Western Plains,105,Food Preservation,11
-5000,initial,93,North belromia Tribe,Western Plains,106,Storage Pits and Containers,11
-5000,initial,93,North belromia Tribe,Western Plains,107,Seasonal Aggregation Camps,11
-5000,initial,93,North belromia Tribe,Western Plains,111,Grinding Stones,11
-5000,initial,93,North belromia Tribe,Western Plains,113,Sedentism,11
-5000,initial,93,North belromia Tribe,Western Plains,4,Mining,11
-5000,initial,93,North belromia Tribe,Western Plains,3,Archery,11
-5000,initial,93,North belromia Tribe,Western Plains,6,Calendar,11
-5000,initial,94,Linterland Tribe,Western Plains,100,Cordage and Knots,11
-5000,initial,94,Linterland Tribe,Western Plains,101,Hide Working and Tailored Clothing,11
-5000,initial,94,Linterland Tribe,Western Plains,102,Hafted Stone Tools,11
-5000,initial,94,Linterland Tribe,Western Plains,105,Food Preservation,11
-5000,initial,94,Linterland Tribe,Western Plains,106,Storage Pits and Containers,11
-5000,initial,94,Linterland Tribe,Western Plains,107,Seasonal Aggregation Camps,11
-5000,initial,94,Linterland Tribe,Western Plains,111,Grinding Stones,11
-5000,initial,94,Linterland Tribe,Western Plains,113,Sedentism,11
-5000,initial,94,Linterland Tribe,Western Plains,4,Mining,11
-5000,initial,94,Linterland Tribe,Western Plains,3,Archery,11
-5000,initial,94,Linterland Tribe,Western Plains,6,Calendar,11
-5000,initial,95,New navia Tribe,Western Plains,100,Cordage and Knots,11
-5000,initial,95,New navia Tribe,Western Plains,101,Hide Working and Tailored Clothing,11
-5000,initial,95,New navia Tribe,Western Plains,102,Hafted Stone Tools,11
-5000,initial,95,New navia Tribe,Western Plains,105,Food Preservation,11
-5000,initial,95,New navia Tribe,Western Plains,106,Storage Pits and Containers,11
-5000,initial,95,New navia Tribe,Western Plains,107,Seasonal Aggregation Camps,11
-5000,initial,95,New navia Tribe,Western Plains,111,Grinding Stones,11
-5000,initial,95,New navia Tribe,Western Plains,113,Sedentism,11
-5000,initial,95,New navia Tribe,Western Plains,4,Mining,11
-5000,initial,95,New navia Tribe,Western Plains,3,Archery,11
-5000,initial,95,New navia Tribe,Western Plains,6,Calendar,11
-5000,initial,96,Old viarantergrad Tribe,Western Plains,100,Cordage and Knots,11
-5000,initial,96,Old viarantergrad Tribe,Western Plains,101,Hide Working and Tailored Clothing,11
-5000,initial,96,Old viarantergrad Tribe,Western Plains,102,Hafted Stone Tools,11
-5000,initial,96,Old viarantergrad Tribe,Western Plains,105,Food Preservation,11
-5000,initial,96,Old viarantergrad Tribe,Western Plains,106,Storage Pits and Containers,11
-5000,initial,96,Old viarantergrad Tribe,Western Plains,107,Seasonal Aggregation Camps,11
-5000,initial,96,Old viarantergrad Tribe,Western Plains,111,Grinding Stones,11
-5000,initial,96,Old viarantergrad Tribe,Western Plains,113,Sedentism,11
-5000,initial,96,Old viarantergrad Tribe,Western Plains,4,Mining,11
-5000,initial,96,Old viarantergrad Tribe,Western Plains,3,Archery,11
-5000,initial,96,Old viarantergrad Tribe,Western Plains,6,Calendar,11
-5000,initial,97,South marviaia Tribe,Caribbean Seafaring,100,Cordage and Knots,12
-5000,initial,97,South marviaia Tribe,Caribbean Seafaring,101,Hide Working and Tailored Clothing,12
-5000,initial,97,South marviaia Tribe,Caribbean Seafaring,102,Hafted Stone Tools,12
-5000,initial,97,South marviaia Tribe,Caribbean Seafaring,104,Fishing Technology,12
-5000,initial,97,South marviaia Tribe,Caribbean Seafaring,105,Food Preservation,12
-5000,initial,97,South marviaia Tribe,Caribbean Seafaring,106,Storage Pits and Containers,12
-5000,initial,97,South marviaia Tribe,Caribbean Seafaring,107,Seasonal Aggregation Camps,12
-5000,initial,97,South marviaia Tribe,Caribbean Seafaring,108,Watercraft,12
-5000,initial,97,South marviaia Tribe,Caribbean Seafaring,113,Sedentism,12
-5000,initial,97,South marviaia Tribe,Caribbean Seafaring,3,Archery,12
-5000,initial,97,South marviaia Tribe,Caribbean Seafaring,5,Sailing,12
-5000,initial,97,South marviaia Tribe,Caribbean Seafaring,6,Calendar,12
-5000,initial,98,Great ranginuikaimoa Tribe,Oceanic Navigators,100,Cordage and Knots,12
-5000,initial,98,Great ranginuikaimoa Tribe,Oceanic Navigators,101,Hide Working and Tailored Clothing,12
-5000,initial,98,Great ranginuikaimoa Tribe,Oceanic Navigators,102,Hafted Stone Tools,12
-5000,initial,98,Great ranginuikaimoa Tribe,Oceanic Navigators,104,Fishing Technology,12
-5000,initial,98,Great ranginuikaimoa Tribe,Oceanic Navigators,105,Food Preservation,12
-5000,initial,98,Great ranginuikaimoa Tribe,Oceanic Navigators,106,Storage Pits and Containers,12
-5000,initial,98,Great ranginuikaimoa Tribe,Oceanic Navigators,107,Seasonal Aggregation Camps,12
-5000,initial,98,Great ranginuikaimoa Tribe,Oceanic Navigators,108,Watercraft,12
-5000,initial,98,Great ranginuikaimoa Tribe,Oceanic Navigators,113,Sedentism,12
-5000,initial,98,Great ranginuikaimoa Tribe,Oceanic Navigators,3,Archery,12
-5000,initial,98,Great ranginuikaimoa Tribe,Oceanic Navigators,5,Sailing,12
-5000,initial,98,Great ranginuikaimoa Tribe,Oceanic Navigators,6,Calendar,12
-5000,initial,99,Rangirangihivamoa Tribe,Oceanic Navigators,100,Cordage and Knots,12
-5000,initial,99,Rangirangihivamoa Tribe,Oceanic Navigators,101,Hide Working and Tailored Clothing,12
-5000,initial,99,Rangirangihivamoa Tribe,Oceanic Navigators,102,Hafted Stone Tools,12
-5000,initial,99,Rangirangihivamoa Tribe,Oceanic Navigators,104,Fishing Technology,12
-5000,initial,99,Rangirangihivamoa Tribe,Oceanic Navigators,105,Food Preservation,12
-5000,initial,99,Rangirangihivamoa Tribe,Oceanic Navigators,106,Storage Pits and Containers,12
-5000,initial,99,Rangirangihivamoa Tribe,Oceanic Navigators,107,Seasonal Aggregation Camps,12
-5000,initial,99,Rangirangihivamoa Tribe,Oceanic Navigators,108,Watercraft,12
-5000,initial,99,Rangirangihivamoa Tribe,Oceanic Navigators,113,Sedentism,12
-5000,initial,99,Rangirangihivamoa Tribe,Oceanic Navigators,3,Archery,12
-5000,initial,99,Rangirangihivamoa Tribe,Oceanic Navigators,5,Sailing,12
-5000,initial,99,Rangirangihivamoa Tribe,Oceanic Navigators,6,Calendar,12
-4980,initial,100,Intiaya Tribe,Andean Highland,100,Cordage and Knots,10
-4980,initial,100,Intiaya Tribe,Andean Highland,101,Hide Working and Tailored Clothing,10
-4980,initial,100,Intiaya Tribe,Andean Highland,102,Hafted Stone Tools,10
-4980,initial,100,Intiaya Tribe,Andean Highland,105,Food Preservation,10
-4980,initial,100,Intiaya Tribe,Andean Highland,106,Storage Pits and Containers,10
-4980,initial,100,Intiaya Tribe,Andean Highland,107,Seasonal Aggregation Camps,10
-4980,initial,100,Intiaya Tribe,Andean Highland,111,Grinding Stones,10
-4980,initial,100,Intiaya Tribe,Andean Highland,116,Charcoal Firing,10
-4980,initial,100,Intiaya Tribe,Andean Highland,4,Mining,10
-4980,initial,100,Intiaya Tribe,Andean Highland,3,Archery,10
-4975,initial,101,South ururum Tribe,Fertile Crescent,100,Cordage and Knots,12
-4975,initial,101,South ururum Tribe,Fertile Crescent,101,Hide Working and Tailored Clothing,12
-4975,initial,101,South ururum Tribe,Fertile Crescent,102,Hafted Stone Tools,12
-4975,initial,101,South ururum Tribe,Fertile Crescent,105,Food Preservation,12
-4975,initial,101,South ururum Tribe,Fertile Crescent,106,Storage Pits and Containers,12
-4975,initial,101,South ururum Tribe,Fertile Crescent,107,Seasonal Aggregation Camps,12
-4975,initial,101,South ururum Tribe,Fertile Crescent,110,Dog Domestication,12
-4975,initial,101,South ururum Tribe,Fertile Crescent,111,Grinding Stones,12
-4975,initial,101,South ururum Tribe,Fertile Crescent,116,Charcoal Firing,12
-4975,initial,101,South ururum Tribe,Fertile Crescent,119,Native Copper Working,12
-4975,initial,101,South ururum Tribe,Fertile Crescent,4,Mining,12
-4975,initial,101,South ururum Tribe,Fertile Crescent,3,Archery,12
-4975,initial,102,South venlensel Tribe,Atlantic Fringe,100,Cordage and Knots,10
-4975,initial,102,South venlensel Tribe,Atlantic Fringe,101,Hide Working and Tailored Clothing,10
-4975,initial,102,South venlensel Tribe,Atlantic Fringe,102,Hafted Stone Tools,10
-4975,initial,102,South venlensel Tribe,Atlantic Fringe,105,Food Preservation,10
-4975,initial,102,South venlensel Tribe,Atlantic Fringe,106,Storage Pits and Containers,10
-4975,initial,102,South venlensel Tribe,Atlantic Fringe,107,Seasonal Aggregation Camps,10
-4975,initial,102,South venlensel Tribe,Atlantic Fringe,111,Grinding Stones,10
-4975,initial,102,South venlensel Tribe,Atlantic Fringe,116,Charcoal Firing,10
-4975,initial,102,South venlensel Tribe,Atlantic Fringe,4,Mining,10
-4975,initial,102,South venlensel Tribe,Atlantic Fringe,3,Archery,10
-4970,initial,103,South linquinastan Tribe,Caribbean Seafaring,100,Cordage and Knots,7
-4970,initial,103,South linquinastan Tribe,Caribbean Seafaring,101,Hide Working and Tailored Clothing,7
-4970,initial,103,South linquinastan Tribe,Caribbean Seafaring,102,Hafted Stone Tools,7
-4970,initial,103,South linquinastan Tribe,Caribbean Seafaring,105,Food Preservation,7
-4970,initial,103,South linquinastan Tribe,Caribbean Seafaring,106,Storage Pits and Containers,7
-4970,initial,103,South linquinastan Tribe,Caribbean Seafaring,107,Seasonal Aggregation Camps,7
-4970,initial,103,South linquinastan Tribe,Caribbean Seafaring,3,Archery,7
-4970,initial,104,Great ninbelninad Tribe,Fertile Crescent,100,Cordage and Knots,12
-4970,initial,104,Great ninbelninad Tribe,Fertile Crescent,101,Hide Working and Tailored Clothing,12
-4970,initial,104,Great ninbelninad Tribe,Fertile Crescent,102,Hafted Stone Tools,12
-4970,initial,104,Great ninbelninad Tribe,Fertile Crescent,105,Food Preservation,12
-4970,initial,104,Great ninbelninad Tribe,Fertile Crescent,106,Storage Pits and Containers,12
-4970,initial,104,Great ninbelninad Tribe,Fertile Crescent,107,Seasonal Aggregation Camps,12
-4970,initial,104,Great ninbelninad Tribe,Fertile Crescent,110,Dog Domestication,12
-4970,initial,104,Great ninbelninad Tribe,Fertile Crescent,111,Grinding Stones,12
-4970,initial,104,Great ninbelninad Tribe,Fertile Crescent,116,Charcoal Firing,12
-4970,initial,104,Great ninbelninad Tribe,Fertile Crescent,119,Native Copper Working,12
-4970,initial,104,Great ninbelninad Tribe,Fertile Crescent,4,Mining,12
-4970,initial,104,Great ninbelninad Tribe,Fertile Crescent,3,Archery,12
-4965,initial,105,Great ayaintirummarca Tribe,Andean Highland,100,Cordage and Knots,10
-4965,initial,105,Great ayaintirummarca Tribe,Andean Highland,101,Hide Working and Tailored Clothing,10
-4965,initial,105,Great ayaintirummarca Tribe,Andean Highland,102,Hafted Stone Tools,10
-4965,initial,105,Great ayaintirummarca Tribe,Andean Highland,105,Food Preservation,10
-4965,initial,105,Great ayaintirummarca Tribe,Andean Highland,106,Storage Pits and Containers,10
-4965,initial,105,Great ayaintirummarca Tribe,Andean Highland,107,Seasonal Aggregation Camps,10
-4965,initial,105,Great ayaintirummarca Tribe,Andean Highland,111,Grinding Stones,10
-4965,initial,105,Great ayaintirummarca Tribe,Andean Highland,116,Charcoal Firing,10
-4965,initial,105,Great ayaintirummarca Tribe,Andean Highland,4,Mining,10
-4965,initial,105,Great ayaintirummarca Tribe,Andean Highland,3,Archery,10
-4965,initial,106,Great linsol Tribe,Steppe Nomadic,100,Cordage and Knots,9
-4965,initial,106,Great linsol Tribe,Steppe Nomadic,101,Hide Working and Tailored Clothing,9
-4965,initial,106,Great linsol Tribe,Steppe Nomadic,102,Hafted Stone Tools,9
-4965,initial,106,Great linsol Tribe,Steppe Nomadic,105,Food Preservation,9
-4965,initial,106,Great linsol Tribe,Steppe Nomadic,106,Storage Pits and Containers,9
-4965,initial,106,Great linsol Tribe,Steppe Nomadic,107,Seasonal Aggregation Camps,9
-4965,initial,106,Great linsol Tribe,Steppe Nomadic,110,Dog Domestication,9
-4965,initial,106,Great linsol Tribe,Steppe Nomadic,111,Grinding Stones,9
-4965,initial,106,Great linsol Tribe,Steppe Nomadic,3,Archery,9
-4955,initial,107,North mitraa Tribe,Indic Riverine,100,Cordage and Knots,10
-4955,initial,107,North mitraa Tribe,Indic Riverine,101,Hide Working and Tailored Clothing,10
-4955,initial,107,North mitraa Tribe,Indic Riverine,102,Hafted Stone Tools,10
-4955,initial,107,North mitraa Tribe,Indic Riverine,105,Food Preservation,10
-4955,initial,107,North mitraa Tribe,Indic Riverine,106,Storage Pits and Containers,10
-4955,initial,107,North mitraa Tribe,Indic Riverine,107,Seasonal Aggregation Camps,10
-4955,initial,107,North mitraa Tribe,Indic Riverine,110,Dog Domestication,10
-4955,initial,107,North mitraa Tribe,Indic Riverine,111,Grinding Stones,10
-4955,initial,107,North mitraa Tribe,Indic Riverine,116,Charcoal Firing,10
-4955,initial,107,North mitraa Tribe,Indic Riverine,3,Archery,10
-4945,initial,108,Arbar Tribe,Fertile Crescent,100,Cordage and Knots,12
-4945,initial,108,Arbar Tribe,Fertile Crescent,101,Hide Working and Tailored Clothing,12
-4945,initial,108,Arbar Tribe,Fertile Crescent,102,Hafted Stone Tools,12
-4945,initial,108,Arbar Tribe,Fertile Crescent,105,Food Preservation,12
-4945,initial,108,Arbar Tribe,Fertile Crescent,106,Storage Pits and Containers,12
-4945,initial,108,Arbar Tribe,Fertile Crescent,107,Seasonal Aggregation Camps,12
-4945,initial,108,Arbar Tribe,Fertile Crescent,110,Dog Domestication,12
-4945,initial,108,Arbar Tribe,Fertile Crescent,111,Grinding Stones,12
-4945,initial,108,Arbar Tribe,Fertile Crescent,116,Charcoal Firing,12
-4945,initial,108,Arbar Tribe,Fertile Crescent,119,Native Copper Working,12
-4945,initial,108,Arbar Tribe,Fertile Crescent,4,Mining,12
-4945,initial,108,Arbar Tribe,Fertile Crescent,3,Archery,12
-4935,initial,109,New norromvenia Tribe,Central Plain,100,Cordage and Knots,11
-4935,initial,109,New norromvenia Tribe,Central Plain,101,Hide Working and Tailored Clothing,11
-4935,initial,109,New norromvenia Tribe,Central Plain,102,Hafted Stone Tools,11
-4935,initial,109,New norromvenia Tribe,Central Plain,105,Food Preservation,11
-4935,initial,109,New norromvenia Tribe,Central Plain,106,Storage Pits and Containers,11
-4935,initial,109,New norromvenia Tribe,Central Plain,107,Seasonal Aggregation Camps,11
-4935,initial,109,New norromvenia Tribe,Central Plain,110,Dog Domestication,11
-4935,initial,109,New norromvenia Tribe,Central Plain,111,Grinding Stones,11
-4935,initial,109,New norromvenia Tribe,Central Plain,116,Charcoal Firing,11
-4935,initial,109,New norromvenia Tribe,Central Plain,4,Mining,11
-4935,initial,109,New norromvenia Tribe,Central Plain,3,Archery,11
-4930,initial,110,Old lilishan Tribe,East Riverine,100,Cordage and Knots,17
-4930,initial,110,Old lilishan Tribe,East Riverine,101,Hide Working and Tailored Clothing,17
-4930,initial,110,Old lilishan Tribe,East Riverine,102,Hafted Stone Tools,17
-4930,initial,110,Old lilishan Tribe,East Riverine,105,Food Preservation,17
-4930,initial,110,Old lilishan Tribe,East Riverine,106,Storage Pits and Containers,17
-4930,initial,110,Old lilishan Tribe,East Riverine,107,Seasonal Aggregation Camps,17
-4930,initial,110,Old lilishan Tribe,East Riverine,110,Dog Domestication,17
-4930,initial,110,Old lilishan Tribe,East Riverine,111,Grinding Stones,17
-4930,initial,110,Old lilishan Tribe,East Riverine,112,Proto-cultivation,17
-4930,initial,110,Old lilishan Tribe,East Riverine,113,Sedentism,17
-4930,initial,110,Old lilishan Tribe,East Riverine,114,Enclosures and Herd Management,17
-4930,initial,110,Old lilishan Tribe,East Riverine,115,Counting Tokens and Tallies,17
-4930,initial,110,Old lilishan Tribe,East Riverine,116,Charcoal Firing,17
-4930,initial,110,Old lilishan Tribe,East Riverine,1,Pottery,17
-4930,initial,110,Old lilishan Tribe,East Riverine,20,Agriculture,17
-4930,initial,110,Old lilishan Tribe,East Riverine,3,Archery,17
-4930,initial,110,Old lilishan Tribe,East Riverine,6,Calendar,17
-4930,initial,111,Shavinagar Tribe,Indic Riverine,100,Cordage and Knots,11
-4930,initial,111,Shavinagar Tribe,Indic Riverine,101,Hide Working and Tailored Clothing,11
-4930,initial,111,Shavinagar Tribe,Indic Riverine,102,Hafted Stone Tools,11
-4930,initial,111,Shavinagar Tribe,Indic Riverine,105,Food Preservation,11
-4930,initial,111,Shavinagar Tribe,Indic Riverine,106,Storage Pits and Containers,11
-4930,initial,111,Shavinagar Tribe,Indic Riverine,107,Seasonal Aggregation Camps,11
-4930,initial,111,Shavinagar Tribe,Indic Riverine,110,Dog Domestication,11
-4930,initial,111,Shavinagar Tribe,Indic Riverine,111,Grinding Stones,11
-4930,initial,111,Shavinagar Tribe,Indic Riverine,116,Charcoal Firing,11
-4930,initial,111,Shavinagar Tribe,Indic Riverine,4,Mining,11
-4930,initial,111,Shavinagar Tribe,Indic Riverine,3,Archery,11
-4925,initial,112,South sumsumyu Tribe,Andean Highland,100,Cordage and Knots,10
-4925,initial,112,South sumsumyu Tribe,Andean Highland,101,Hide Working and Tailored Clothing,10
-4925,initial,112,South sumsumyu Tribe,Andean Highland,102,Hafted Stone Tools,10
-4925,initial,112,South sumsumyu Tribe,Andean Highland,105,Food Preservation,10
-4925,initial,112,South sumsumyu Tribe,Andean Highland,106,Storage Pits and Containers,10
-4925,initial,112,South sumsumyu Tribe,Andean Highland,107,Seasonal Aggregation Camps,10
-4925,initial,112,South sumsumyu Tribe,Andean Highland,111,Grinding Stones,10
-4925,initial,112,South sumsumyu Tribe,Andean Highland,116,Charcoal Firing,10
-4925,initial,112,South sumsumyu Tribe,Andean Highland,4,Mining,10
-4925,initial,112,South sumsumyu Tribe,Andean Highland,3,Archery,10
-4925,initial,113,Old zhorenweizhou Tribe,East Riverine,100,Cordage and Knots,10
-4925,initial,113,Old zhorenweizhou Tribe,East Riverine,101,Hide Working and Tailored Clothing,10
-4925,initial,113,Old zhorenweizhou Tribe,East Riverine,102,Hafted Stone Tools,10
-4925,initial,113,Old zhorenweizhou Tribe,East Riverine,105,Food Preservation,10
-4925,initial,113,Old zhorenweizhou Tribe,East Riverine,106,Storage Pits and Containers,10
-4925,initial,113,Old zhorenweizhou Tribe,East Riverine,107,Seasonal Aggregation Camps,10
-4925,initial,113,Old zhorenweizhou Tribe,East Riverine,110,Dog Domestication,10
-4925,initial,113,Old zhorenweizhou Tribe,East Riverine,111,Grinding Stones,10
-4925,initial,113,Old zhorenweizhou Tribe,East Riverine,116,Charcoal Firing,10
-4925,initial,113,Old zhorenweizhou Tribe,East Riverine,3,Archery,10
-4920,initial,114,South samurar Tribe,Fertile Crescent,100,Cordage and Knots,12
-4920,initial,114,South samurar Tribe,Fertile Crescent,101,Hide Working and Tailored Clothing,12
-4920,initial,114,South samurar Tribe,Fertile Crescent,102,Hafted Stone Tools,12
-4920,initial,114,South samurar Tribe,Fertile Crescent,105,Food Preservation,12
-4920,initial,114,South samurar Tribe,Fertile Crescent,106,Storage Pits and Containers,12
-4920,initial,114,South samurar Tribe,Fertile Crescent,107,Seasonal Aggregation Camps,12
-4920,initial,114,South samurar Tribe,Fertile Crescent,110,Dog Domestication,12
-4920,initial,114,South samurar Tribe,Fertile Crescent,111,Grinding Stones,12
-4920,initial,114,South samurar Tribe,Fertile Crescent,116,Charcoal Firing,12
-4920,initial,114,South samurar Tribe,Fertile Crescent,119,Native Copper Working,12
-4920,initial,114,South samurar Tribe,Fertile Crescent,4,Mining,12
-4920,initial,114,South samurar Tribe,Fertile Crescent,3,Archery,12
-4915,initial,115,South kusintiayana Tribe,Andean Highland,100,Cordage and Knots,9
-4915,initial,115,South kusintiayana Tribe,Andean Highland,101,Hide Working and Tailored Clothing,9
-4915,initial,115,South kusintiayana Tribe,Andean Highland,102,Hafted Stone Tools,9
-4915,initial,115,South kusintiayana Tribe,Andean Highland,105,Food Preservation,9
-4915,initial,115,South kusintiayana Tribe,Andean Highland,106,Storage Pits and Containers,9
-4915,initial,115,South kusintiayana Tribe,Andean Highland,107,Seasonal Aggregation Camps,9
-4915,initial,115,South kusintiayana Tribe,Andean Highland,111,Grinding Stones,9
-4915,initial,115,South kusintiayana Tribe,Andean Highland,116,Charcoal Firing,9
-4915,initial,115,South kusintiayana Tribe,Andean Highland,3,Archery,9
-4860,initial,116,South belkin Tribe,Western Plains,100,Cordage and Knots,9
-4860,initial,116,South belkin Tribe,Western Plains,101,Hide Working and Tailored Clothing,9
-4860,initial,116,South belkin Tribe,Western Plains,102,Hafted Stone Tools,9
-4860,initial,116,South belkin Tribe,Western Plains,105,Food Preservation,9
-4860,initial,116,South belkin Tribe,Western Plains,106,Storage Pits and Containers,9
-4860,initial,116,South belkin Tribe,Western Plains,107,Seasonal Aggregation Camps,9
-4860,initial,116,South belkin Tribe,Western Plains,111,Grinding Stones,9
-4860,initial,116,South belkin Tribe,Western Plains,4,Mining,9
-4860,initial,116,South belkin Tribe,Western Plains,3,Archery,9
-4810,initial,117,South soldus Tribe,Western Plains,100,Cordage and Knots,8
-4810,initial,117,South soldus Tribe,Western Plains,101,Hide Working and Tailored Clothing,8
-4810,initial,117,South soldus Tribe,Western Plains,102,Hafted Stone Tools,8
-4810,initial,117,South soldus Tribe,Western Plains,105,Food Preservation,8
-4810,initial,117,South soldus Tribe,Western Plains,106,Storage Pits and Containers,8
-4810,initial,117,South soldus Tribe,Western Plains,107,Seasonal Aggregation Camps,8
-4810,initial,117,South soldus Tribe,Western Plains,111,Grinding Stones,8
-4810,initial,117,South soldus Tribe,Western Plains,3,Archery,8
-4790,initial,118,Lizhoguo Tribe,East Riverine,100,Cordage and Knots,10
-4790,initial,118,Lizhoguo Tribe,East Riverine,101,Hide Working and Tailored Clothing,10
-4790,initial,118,Lizhoguo Tribe,East Riverine,102,Hafted Stone Tools,10
-4790,initial,118,Lizhoguo Tribe,East Riverine,105,Food Preservation,10
-4790,initial,118,Lizhoguo Tribe,East Riverine,106,Storage Pits and Containers,10
-4790,initial,118,Lizhoguo Tribe,East Riverine,107,Seasonal Aggregation Camps,10
-4790,initial,118,Lizhoguo Tribe,East Riverine,110,Dog Domestication,10
-4790,initial,118,Lizhoguo Tribe,East Riverine,111,Grinding Stones,10
-4790,initial,118,Lizhoguo Tribe,East Riverine,116,Charcoal Firing,10
-4790,initial,118,Lizhoguo Tribe,East Riverine,3,Archery,10
-4780,initial,119,North kinloria Tribe,Western Plains,100,Cordage and Knots,8
-4780,initial,119,North kinloria Tribe,Western Plains,101,Hide Working and Tailored Clothing,8
-4780,initial,119,North kinloria Tribe,Western Plains,102,Hafted Stone Tools,8
-4780,initial,119,North kinloria Tribe,Western Plains,105,Food Preservation,8
-4780,initial,119,North kinloria Tribe,Western Plains,106,Storage Pits and Containers,8
-4780,initial,119,North kinloria Tribe,Western Plains,107,Seasonal Aggregation Camps,8
-4780,initial,119,North kinloria Tribe,Western Plains,111,Grinding Stones,8
-4780,initial,119,North kinloria Tribe,Western Plains,3,Archery,8
-4760,initial,120,South intisumayamarca Kingdom,Andean Highland,100,Cordage and Knots,10
-4760,initial,120,South intisumayamarca Kingdom,Andean Highland,101,Hide Working and Tailored Clothing,10
-4760,initial,120,South intisumayamarca Kingdom,Andean Highland,102,Hafted Stone Tools,10
-4760,initial,120,South intisumayamarca Kingdom,Andean Highland,105,Food Preservation,10
-4760,initial,120,South intisumayamarca Kingdom,Andean Highland,106,Storage Pits and Containers,10
-4760,initial,120,South intisumayamarca Kingdom,Andean Highland,107,Seasonal Aggregation Camps,10
-4760,initial,120,South intisumayamarca Kingdom,Andean Highland,111,Grinding Stones,10
-4760,initial,120,South intisumayamarca Kingdom,Andean Highland,116,Charcoal Firing,10
-4760,initial,120,South intisumayamarca Kingdom,Andean Highland,4,Mining,10
-4760,initial,120,South intisumayamarca Kingdom,Andean Highland,3,Archery,10
-4750,initial,121,South tamninashan Kingdom,Fertile Crescent,100,Cordage and Knots,12
-4750,initial,121,South tamninashan Kingdom,Fertile Crescent,101,Hide Working and Tailored Clothing,12
-4750,initial,121,South tamninashan Kingdom,Fertile Crescent,102,Hafted Stone Tools,12
-4750,initial,121,South tamninashan Kingdom,Fertile Crescent,105,Food Preservation,12
-4750,initial,121,South tamninashan Kingdom,Fertile Crescent,106,Storage Pits and Containers,12
-4750,initial,121,South tamninashan Kingdom,Fertile Crescent,107,Seasonal Aggregation Camps,12
-4750,initial,121,South tamninashan Kingdom,Fertile Crescent,110,Dog Domestication,12
-4750,initial,121,South tamninashan Kingdom,Fertile Crescent,111,Grinding Stones,12
-4750,initial,121,South tamninashan Kingdom,Fertile Crescent,116,Charcoal Firing,12
-4750,initial,121,South tamninashan Kingdom,Fertile Crescent,119,Native Copper Working,12
-4750,initial,121,South tamninashan Kingdom,Fertile Crescent,4,Mining,12
-4750,initial,121,South tamninashan Kingdom,Fertile Crescent,3,Archery,12
-4705,initial,122,South ayaintisum Kingdom,Andean Highland,100,Cordage and Knots,9
-4705,initial,122,South ayaintisum Kingdom,Andean Highland,101,Hide Working and Tailored Clothing,9
-4705,initial,122,South ayaintisum Kingdom,Andean Highland,102,Hafted Stone Tools,9
-4705,initial,122,South ayaintisum Kingdom,Andean Highland,105,Food Preservation,9
-4705,initial,122,South ayaintisum Kingdom,Andean Highland,106,Storage Pits and Containers,9
-4705,initial,122,South ayaintisum Kingdom,Andean Highland,107,Seasonal Aggregation Camps,9
-4705,initial,122,South ayaintisum Kingdom,Andean Highland,111,Grinding Stones,9
-4705,initial,122,South ayaintisum Kingdom,Andean Highland,116,Charcoal Firing,9
-4705,initial,122,South ayaintisum Kingdom,Andean Highland,3,Archery,9
-4640,initial,123,Ofizumaara Tribe,North Saharan,100,Cordage and Knots,10
-4640,initial,123,Ofizumaara Tribe,North Saharan,101,Hide Working and Tailored Clothing,10
-4640,initial,123,Ofizumaara Tribe,North Saharan,102,Hafted Stone Tools,10
-4640,initial,123,Ofizumaara Tribe,North Saharan,105,Food Preservation,10
-4640,initial,123,Ofizumaara Tribe,North Saharan,106,Storage Pits and Containers,10
-4640,initial,123,Ofizumaara Tribe,North Saharan,107,Seasonal Aggregation Camps,10
-4640,initial,123,Ofizumaara Tribe,North Saharan,110,Dog Domestication,10
-4640,initial,123,Ofizumaara Tribe,North Saharan,111,Grinding Stones,10
-4640,initial,123,Ofizumaara Tribe,North Saharan,116,Charcoal Firing,10
-4640,initial,123,Ofizumaara Tribe,North Saharan,3,Archery,10
-4630,initial,124,Old mitkana Kingdom,Indic Riverine,100,Cordage and Knots,10
-4630,initial,124,Old mitkana Kingdom,Indic Riverine,101,Hide Working and Tailored Clothing,10
-4630,initial,124,Old mitkana Kingdom,Indic Riverine,102,Hafted Stone Tools,10
-4630,initial,124,Old mitkana Kingdom,Indic Riverine,105,Food Preservation,10
-4630,initial,124,Old mitkana Kingdom,Indic Riverine,106,Storage Pits and Containers,10
-4630,initial,124,Old mitkana Kingdom,Indic Riverine,107,Seasonal Aggregation Camps,10
-4630,initial,124,Old mitkana Kingdom,Indic Riverine,110,Dog Domestication,10
-4630,initial,124,Old mitkana Kingdom,Indic Riverine,111,Grinding Stones,10
-4630,initial,124,Old mitkana Kingdom,Indic Riverine,116,Charcoal Firing,10
-4630,initial,124,Old mitkana Kingdom,Indic Riverine,3,Archery,10
-4610,initial,125,North tanngochiene Tribe,Central Forest,100,Cordage and Knots,9
-4610,initial,125,North tanngochiene Tribe,Central Forest,101,Hide Working and Tailored Clothing,9
-4610,initial,125,North tanngochiene Tribe,Central Forest,102,Hafted Stone Tools,9
-4610,initial,125,North tanngochiene Tribe,Central Forest,105,Food Preservation,9
-4610,initial,125,North tanngochiene Tribe,Central Forest,106,Storage Pits and Containers,9
-4610,initial,125,North tanngochiene Tribe,Central Forest,107,Seasonal Aggregation Camps,9
-4610,initial,125,North tanngochiene Tribe,Central Forest,111,Grinding Stones,9
-4610,initial,125,North tanngochiene Tribe,Central Forest,116,Charcoal Firing,9
-4610,initial,125,North tanngochiene Tribe,Central Forest,3,Archery,9
-4595,initial,126,South xiarenrenling Kingdom,East Riverine,100,Cordage and Knots,10
-4595,initial,126,South xiarenrenling Kingdom,East Riverine,101,Hide Working and Tailored Clothing,10
-4595,initial,126,South xiarenrenling Kingdom,East Riverine,102,Hafted Stone Tools,10
-4595,initial,126,S