{
  "seed": 909,
  "configPath": "data/sim_config.toml",
  "configHash": "b7bc0966dee0f984",
  "startYear": -5000,
  "endYear": -4700,
  "worldStartYear": -5000,
  "useGPU": false,
  "invariants": {
    "ok": true,
    "message": ""
  },
  "checkpoints": [
    {
      "year": -5000,
      "worldPopulation": 5748902.000000,
      "urbanShare": 0.025101,
      "medianCountryPop": 37446.000000,
      "medianCountryArea": 102.000000,
      "warFrequencyPerCentury": 0.000000,
      "tradeIntensity": 0.000761,
      "tradeActivePairShare": 0.000303,
      "techCapabilityLevels": {
        "tier1Share": 0.000000,
        "tier2Share": 0.000000,
        "tier3Share": 0.000000
      },
      "collapseCount": 4,
      "foodSecurity": {
        "mean": 0.999798,
        "p10": 1.000000
      },
      "diseaseBurden": {
        "mean": 0.000154,
        "p90": 0.000153
      }
    },
    {
      "year": -4990,
      "worldPopulation": 6205921.000000,
      "urbanShare": 0.027854,
      "medianCountryPop": 40942.500000,
      "medianCountryArea": 104.000000,
      "warFrequencyPerCentury": 0.000000,
      "tradeIntensity": 0.007035,
      "tradeActivePairShare": 0.001616,
      "techCapabilityLevels": {
        "tier1Share": 0.000000,
        "tier2Share": 0.000000,
        "tier3Share": 0.000000
      },
      "collapseCount": 44,
      "foodSecurity": {
        "mean": 0.930404,
        "p10": 0.700324
      },
      "diseaseBurden": {
        "mean": 0.000074,
        "p90": 0.000093
      }
    },
    {
      "year": -4980,
      "worldPopulation": 6639897.000000,
      "urbanShare": 0.028062,
      "medianCountryPop": 41951.000000,
      "medianCountryArea": 106.000000,
      "warFrequencyPerCentury": 0.000000,
      "tradeIntensity": 0.009266,
      "tradeActivePairShare": 0.001313,
      "techCapabilityLevels": {
        "tier1Share": 0.000000,
        "tier2Share": 0.000000,
        "tier3Share": 0.000000
      },
      "collapseCount": 50,
      "foodSecurity": {
        "mean": 0.940230,
        "p10": 0.779694
      },
      "diseaseBurden": {
        "mean": 0.000074,
        "p90": 0.000087
      }
    },
    {
      "year": -4970,
      "worldPopulation": 7003975.000000,
      "urbanShare": 0.027894,
      "medianCountryPop": 44190.500000,
      "medianCountryArea": 111.500000,
      "warFrequencyPerCentury": 0.000000,
      "tradeIntensity": 0.012266,
      "tradeActivePairShare": 0.001010,
      "techCapabilityLevels": {
        "tier1Share": 0.000000,
        "tier2Share": 0.000000,
        "tier3Share": 0.000000
      },
      "collapseCount": 50,
      "foodSecurity": {
        "mean": 0.959604,
        "p10": 0.838837
      },
      "diseaseBurden": {
        "mean": 0.000077,
        "p90": 0.000111
      }
    },
    {
      "year": -4960,
      "worldPopulation": 7332296.000000,
      "urbanShare": 0.027953,
      "medianCountryPop": 45586.500000,
      "medianCountryArea": 111.500000,
      "warFrequencyPerCentury": 0.000000,
      "tradeIntensity": 0.011876,
      "tradeActivePairShare": 0.000990,
      "techCapabilityLevels": {
        "tier1Share": 0.000000,
        "tier2Share": 0.000000,
        "tier3Share": 0.000000
      },
      "collapseCount": 60,
      "foodSecurity": {
        "mean": 0.965326,
        "p10": 0.832990
      },
      "diseaseBurden": {
        "mean": 0.000083,
        "p90": 0.000156
      }
    },
    {
      "year": -4950,
      "worldPopulation": 7571401.000000,
      "urbanShare": 0.027848,
      "medianCountryPop": 48717.000000,
      "medianCountryArea": 114.000000,
      "warFrequencyPerCentury": 0.000000,
      "tradeIntensity": 0.007719,
      "tradeActivePairShare": 0.001068,
      "techCapabilityLevels": {
        "tier1Share": 0.000000,
        "tier2Share": 0.000000,
        "tier3Share": 0.000000
      },
      "collapseCount": 65,
      "foodSecurity": {
        "mean": 0.952802,
        "p10": 0.824935
      },
      "diseaseBurden": {
        "mean": 0.000096,
        "p90": 0.000165
      }
    },
    {
      "year": -4940,
      "worldPopulation": 7781282.000000,
      "urbanShare": 0.027919,
      "medianCountryPop": 48030.000000,
      "medianCountryArea": 122.500000,
      "warFrequencyPerCentury": 0.000000,
      "tradeIntensity": 0.000000,
      "tradeActivePairShare": 0.000000,
      "techCapabilityLevels": {
        "tier1Share": 0.000000,
        "tier2Share": 0.000000,
        "tier3Share": 0.000000
      },
      "collapseCount": 66,
      "foodSecurity": {
        "mean": 0.955808,
        "p10": 0.819317
      },
      "diseaseBurden": {
        "mean": 0.000113,
        "p90": 0.000194
      }
    },
    {
      "year": -4930,
      "worldPopulation": 7993051.000000,
      "urbanShare": 0.027944,
      "medianCountryPop": 47448.500000,
      "medianCountryArea": 125.500000,
      "warFrequencyPerCentury": 0.000000,
      "tradeIntensity": 0.010652,
      "tradeActivePairShare": 0.000857,
      "techCapabilityLevels": {
        "tier1Share": 0.000000,
        "tier2Share": 0.000000,
        "tier3Share": 0.000000
      },
      "collapseCount": 66,
      "foodSecurity": {
        "mean": 0.964486,
        "p10": 0.841122
      },
      "diseaseBurden": {
        "mean": 0.000112,
        "p90": 0.000176
      }
    },
    {
      "year": -4920,
      "worldPopulation": 8213639.000000,
      "urbanShare": 0.028044,
      "medianCountryPop": 49143.000000,
      "medianCountryArea": 126.000000,
      "warFrequencyPerCentury": 0.000000,
      "tradeIntensity": 0.000000,
      "tradeActivePairShare": 0.000000,
      "techCapabilityLevels": {
        "tier1Share": 0.000000,
        "tier2Share": 0.000000,
        "tier3Share": 0.000000
      },
      "collapseCount": 67,
      "foodSecurity": {
        "mean": 0.972360,
        "p10": 0.852109
      },
      "diseaseBurden": {
        "mean": 0.000110,
        "p90": 0.000181
      }
    },
    {
      "year": -4910,
      "worldPopulation": 8423130.000000,
      "urbanShare": 0.028273,
      "medianCountryPop": 49005.000000,
      "medianCountryArea": 126.000000,
      "warFrequencyPerCentury": 0.000000,
      "tradeIntensity": 0.006546,
      "tradeActivePairShare": 0.001214,
      "techCapabilityLevels": {
        "tier1Share": 0.000000,
        "tier2Share": 0.000000,
        "tier3Share": 0.000000
      },
      "collapseCount": 67,
      "foodSecurity": {
        "mean": 0.971464,
        "p10": 0.848215
      },
      "diseaseBurden": {
        "mean": 0.000116,
        "p90": 0.000198
      }
    },
    {
      "year": -4900,
      "worldPopulation": 8624744.000000,
      "urbanShare": 0.028303,
      "medianCountryPop": 49512.500000,
      "medianCountryArea": 125.500000,
      "warFrequencyPerCentury": 0.000000,
      "tradeIntensity": 0.000000,
      "tradeActivePairShare": 0.000000,
      "techCapabilityLevels": {
        "tier1Share": 0.000000,
        "tier2Share": 0.000000,
        "tier3Share": 0.000000
      },
      "collapseCount": 70,
      "foodSecurity": {
        "mean": 0.972733,
        "p10": 0.852079
      },
      "diseaseBurden": {
        "mean": 0.000106,
        "p90": 0.000176
      }
    },
    {
      "year": -4890,
      "worldPopulation": 8851007.000000,
      "urbanShare": 0.027622,
      "medianCountryPop": 51272.000000,
      "medianCountryArea": 128.000000,
      "warFrequencyPerCentury": 0.900901,
      "tradeIntensity": 0.005988,
      "tradeActivePairShare": 0.000952,
      "techCapabilityLevels": {
        "tier1Share": 0.000000,
        "tier2Share": 0.000000,
        "tier3Share": 0.000000
      },
      "collapseCount": 92,
      "foodSecurity": {
        "mean": 0.971249,
        "p10": 0.858464
      },
      "diseaseBurden": {
        "mean": 0.000118,
        "p90": 0.000193
      }
    },
    {
      "year": -4880,
      "worldPopulation": 9080280.000000,
      "urbanShare": 0.027703,
      "medianCountryPop": 49094.000000,
      "medianCountryArea": 130.500000,