{
  "iteration": 4,
  "subsystem_group": "economy",
  "selected_lane": "explore",
  "lane_scout": [
    {
      "lane": "exploit",
      "group": "food",
      "path": "food.baseForaging",
      "old": 19.5,
      "new": 21.0,
      "scout_objective": 86.17657290626951,
      "scout_delta_vs_incumbent": -1.367437742955019,
      "scout_paired": {
        "n": 2,
        "mean_diff": -1.367437742955012,
        "std_diff": 0.5875423179939148,
        "stderr": 0.41545515728756,
        "z": 1.96,
        "lcb": -2.1817298512386296,
        "ucb": -0.5531456346713944
      }
    },
    {
      "lane": "explore",
      "group": "economy",
      "path": "economy.tradeIntensityMemory",
      "old": 0.72,
      "new": 0.69,
      "scout_objective": 86.82750591407299,
      "scout_delta_vs_incumbent": -0.7165047351515454,
      "scout_paired": {
        "n": 2,
        "mean_diff": -0.7165047351515454,
        "std_diff": 0.8328355582325031,
        "stderr": 0.5889036708394867,
        "z": 1.96,
        "lcb": -1.8707559299969394,
        "ucb": 0.4377464596938485
      }
    }
  ],
  "parameter_edits": [
    {
      "path": "economy.tradeIntensityMemory",
      "old": 0.72,
      "new": 0.69,
      "recommended_step": 0.03,
      "direction": -1
    }
  ],
  "top_violations_before": [
    "DEPLETION_IGNORED"
  ],
  "top_violations_after": [],
  "top_violations_after_long": null,
  "objective_tuning": 86.82750591407299,
  "objective_tuning_inner": 86.82750591407299,
  "objective_tuning_medium": null,
  "objective_tuning_long": null,
  "score_delta": -0.7165047351515454,
  "score_delta_inner": -0.7165047351515454,
  "score_delta_medium": null,
  "racing": {
    "enabled": true,
    "stages": [
      {
        "stage_seed_count": 2,
        "candidate_objective": 86.82750591407299,
        "incumbent_objective": 87.54401064922453,
        "objective_delta": -0.7165047351515454,
        "paired": {
          "n": 2,
          "mean_diff": -0.7165047351515454,
          "std_diff": 0.8328355582325031,
          "stderr": 0.5889036708394867,
          "z": 1.96,
          "lcb": -1.8707559299969394,
          "ucb": 0.4377464596938485
        }
      }
    ],
    "early_reject": true,
    "early_reject_reason": "OBJECTIVE_MARGIN"
  },
  "paired_stats": {
    "inner": {
      "n": 2,
      "mean_diff": -0.7165047351515454,
      "std_diff": 0.8328355582325031,
      "stderr": 0.5889036708394867,
      "z": 1.96,
      "lcb": -1.8707559299969394,
      "ucb": 0.4377464596938485
    },
    "long": {
      "n": 0,
      "lcb": 0.0,
      "ucb": 0.0
    },
    "holdout": {
      "n": 0,
      "lcb": 0.0,
      "ucb": 0.0
    }
  },
  "gates": {
    "metric_availability": true,
    "canary_pass": false,
    "backend_parity_pass": false,
    "medium_required": false,
    "medium_pass": true,
    "long_ran": false,
    "holdout_pass": false,
    "tuning_hardfails": [],
    "medium_hardfails": [],
    "medium_holdout_hardfails": [],
    "long_hardfails": [],
    "holdout_hardfails": []
  },
  "holdout_objective": null,
  "accepted": false,
  "best_so_far": {
    "objective": 89.44512244938139,
    "holdout_objective": 89.69013144688576,
    "config_path": "/mnt/c/WS/WorldSimulation10028/out/fine_tuning_struct_step12r/best_sim_config.toml",
    "config_hash16": "62be78b2205646c3"
  },
  "canary_detail": [],
  "parity_detail": [],
  "curriculum": {
    "enabled": true,
    "inner_end_year": -1000,
    "medium_end_year": 1,
    "long_end_year": 2025
  }
}