{
  "violations": [
    {
      "id": "STORAGE_SMOOTHING_CHEAT",
      "severity": 99.76938270666668,
      "hardfail": false,
      "details": {
        "adequacy_var": 5.7654323333332306e-06,
        "loss_share": 0.01796678794316739
      }
    }
  ]
}