{
  "violations": [
    {
      "id": "STORAGE_SMOOTHING_CHEAT",
      "severity": 99.49017704777778,
      "hardfail": false,
      "details": {
        "adequacy_var": 1.2745573805555565e-05,
        "loss_share": 0.011432434417333975
      }
    }
  ]
}