{
  "violations": [
    {
      "id": "STORAGE_SMOOTHING_CHEAT",
      "severity": 97.5564675411111,
      "hardfail": false,
      "details": {
        "adequacy_var": 6.108831147222236e-05,
        "loss_share": 0.016832824498633863
      }
    }
  ]
}