{
  "violations": [
    {
      "id": "STORAGE_SMOOTHING_CHEAT",
      "severity": 99.07729345777778,
      "hardfail": false,
      "details": {
        "adequacy_var": 2.3067663555555464e-05,
        "loss_share": 0.012495710878020165
      }
    }
  ]
}