{
  "stop_condition": "MAX_ITERATIONS",
  "best_objective": 89.77825944745751,
  "best_objective_inner": 88.44854995176954,
  "best_objective_medium": 88.99702315624111,
  "best_holdout_objective": 90.06853769648532,
  "best_holdout_objective_inner": 89.01441344095481,
  "best_holdout_objective_medium": 89.166332322394,
  "best_top3_violations": [
    "DEPLETION_IGNORED"
  ],
  "best_config": "/mnt/c/WS/WorldSimulation10028/out/fine_tuning_struct_step13/best_sim_config.toml",
  "best_config_hash16": "62be78b2205646c3",
  "best_eval": {
    "tuning": {
      "score_median": 89.77825944745751,
      "stddev": 0.6420174743032234,
      "hardfail_rate": 0.0,
      "variance_penalty": 0.0,
      "hardfail_penalty": 0.0,
      "objective": 89.77825944745751
    },
    "holdout": {
      "score_median": 90.06853769648532,
      "stddev": 0.13849250610834218,
      "hardfail_rate": 0.0,
      "variance_penalty": 0.0,
      "hardfail_penalty": 0.0,
      "objective": 90.06853769648532
    },
    "horizons": {
      "inner": {
        "tuning": {
          "score_median": 88.44854995176954,
          "stddev": 1.189723773954267,
          "hardfail_rate": 0.0,
          "variance_penalty": 0.0,
          "hardfail_penalty": 0.0,
          "objective": 88.44854995176954
        },
        "holdout": {
          "score_median": 89.01441344095481,
          "stddev": 0.16757386419197928,
          "hardfail_rate": 0.0,
          "variance_penalty": 0.0,
          "hardfail_penalty": 0.0,
          "objective": 89.01441344095481
        },
        "top3": [],
        "end_year": -1000
      },
      "medium": {
        "tuning": {
          "score_median": 88.99702315624111,
          "stddev": 0.7928008243362157,
          "hardfail_rate": 0.0,
          "variance_penalty": 0.0,
          "hardfail_penalty": 0.0,
          "objective": 88.99702315624111
        },
        "holdout": {
          "score_median": 89.166332322394,
          "stddev": 0.35053999093161536,
          "hardfail_rate": 0.0,
          "variance_penalty": 0.0,
          "hardfail_penalty": 0.0,
          "objective": 89.166332322394
        },
        "top3": [],
        "end_year": 1
      },
      "long": {
        "tuning": {
          "score_median": 89.77825944745751,
          "stddev": 0.6420174743032234,
          "hardfail_rate": 0.0,
          "variance_penalty": 0.0,
          "hardfail_penalty": 0.0,
          "objective": 89.77825944745751
        },
        "holdout": {
          "score_median": 90.06853769648532,
          "stddev": 0.13849250610834218,
          "hardfail_rate": 0.0,
          "variance_penalty": 0.0,
          "hardfail_penalty": 0.0,
          "objective": 90.06853769648532
        },
        "top3": [
          "DEPLETION_IGNORED"
        ],
        "end_year": 2025
      }
    }
  },
  "curriculum": {
    "enabled": true,
    "inner_end_year": -1000,
    "medium_end_year": 1,
    "long_end_year": 2025,
    "medium_check_every_iterations": 6,
    "medium_check_every_accepted": 2
  },
  "optimization_accelerators": {
    "common_random_numbers": {
      "enabled": true
    },
    "adaptive_racing": {
      "enabled": true,
      "stage_seed_counts": [
        2,
        4
      ],
      "early_reject_margin": 0.75
    },
    "paired_acceptance": {
      "enabled": true,
      "confidence_z": 1.96,
      "min_inner_lcb_delta": 0.0,
      "min_long_lcb_delta": 0.0,
      "min_holdout_lcb_delta": -1.0
    },
    "run_cache": {
      "enabled": true,
      "cache_root": "/mnt/c/WS/WorldSimulation10028/out/fine_tuning_struct_step13/run_cache",
      "reuse_existing_seed_dirs": true,
      "materialize_from_cache": false
    },
    "io": {
      "write_eval_artifacts_for_inner": false,
      "write_eval_artifacts_for_holdout": true,
      "prune_rejected_iterations": true,
      "keep_candidate_if_rejected": false
    },
    "search": {
      "two_lane_enabled": true,
      "ucb_explore_coeff": 0.75,
      "random_seed": 1337
    },
    "runtime_hygiene": {
      "seed_jobs": 15,
      "cpu_count": 16,
      "reserve_cpu_cores": 1,
      "runtime_env": {
        "OMP_NUM_THREADS": "1",
        "OPENBLAS_NUM_THREADS": "1",
        "MKL_NUM_THREADS": "1",
        "NUMEXPR_NUM_THREADS": "1"
      }
    }
  },
  "iterations_completed": 0
}