{
  "n": 16,
  "agg": {
    "max_unlocked": {
      "mean": 33.0,
      "min": 28,
      "max": 45,
      "stdev": 6.519202405202649
    },
    "top1_max": {
      "mean": 0.05464925,
      "min": 0.033725,
      "max": 0.076687,
      "stdev": 0.011605480685327085
    },
    "top1_final": {
      "mean": 0.0410614375,
      "min": 0.027109,
      "max": 0.073975,
      "stdev": 0.013156012356375079
    },
    "wars_active_max": {
      "mean": 3.75,
      "min": 2.0,
      "max": 6.0,
      "stdev": 1.0307764064044151
    },
    "major_wars_final": {
      "mean": 0.0379570625,
      "min": 0.028665,
      "max": 0.050826,
      "stdev": 0.005550484578718669
    },
    "civil_conflict_max": {
      "mean": 11.625,
      "min": 6.0,
      "max": 19.0,
      "stdev": 3.2185982973959333
    },
    "civil_conflict_final": {
      "mean": 0.0625,
      "min": 0.0,
      "max": 1.0,
      "stdev": 0.24206145913796356
    },
    "fragmentation_max": {
      "mean": 0.0,
      "min": 0.0,
      "max": 0.0,
      "stdev": 0.0
    },
    "fragmentation_final": {
      "mean": 0.0,
      "min": 0.0,
      "max": 0.0,
      "stdev": 0.0
    },
    "hab0_final": {
      "mean": 0.4548205,
      "min": 0.401314,
      "max": 0.512357,
      "stdev": 0.029167308602697638
    },
    "habs_final": {
      "mean": 0.3323304375,
      "min": 0.283082,
      "max": 0.365648,
      "stdev": 0.023330179767762048
    },
    "founder_count_final": {
      "mean": 10.8125,
      "min": 4.0,
      "max": 17.0,
      "stdev": 3.4318134783230865
    },
    "founder_share_final": {
      "mean": 0.0304839375,
      "min": 0.011331,
      "max": 0.046832,
      "stdev": 0.009737446812876246
    },
    "median_state_age_final": {
      "mean": 1611.5625,
      "min": 1132.5,
      "max": 2142.5,
      "stdev": 264.4878231483446
    },
    "p90_state_age_final": {
      "mean": 5455.9375,
      "min": 3979.5,
      "max": 6129.0,
      "stdev": 591.8856222647667
    },
    "election_count_max": {
      "mean": 63.125,
      "min": 25.0,
      "max": 104.0,
      "stdev": 21.174498223098464
    },
    "election_count_final": {
      "mean": 30.125,
      "min": 4.0,
      "max": 50.0,
      "stdev": 12.348456381264826
    }
  },
  "runs": [
    {
      "seed": 1,
      "max_unlocked": 45,
      "top1_max": 0.076687,
      "top1_final": 0.073975,
      "wars_active_max": 2.0,
      "major_wars_final": 0.040381,
      "civil_conflict_max": 14.0,
      "civil_conflict_final": 0.0,
      "fragmentation_max": 0.0,
      "fragmentation_final": 0.0,
      "hab0_final": 0.448495,
      "habs_final": 0.331105,
      "founder_count_final": 9.0,
      "founder_share_final": 0.025424,
      "median_state_age_final": 1700.0,
      "p90_state_age_final": 5699.0,
      "election_count_max": 25.0,
      "election_count_final": 4.0
    },
    {
      "seed": 2,
      "max_unlocked": 37,
      "top1_max": 0.052864,
      "top1_final": 0.040719,
      "wars_active_max": 2.0,
      "major_wars_final": 0.040574,
      "civil_conflict_max": 14.0,
      "civil_conflict_final": 0.0,
      "fragmentation_max": 0.0,
      "fragmentation_final": 0.0,
      "hab0_final": 0.458043,
      "habs_final": 0.346214,
      "founder_count_final": 15.0,
      "founder_share_final": 0.041436,
      "median_state_age_final": 2142.5,
      "p90_state_age_final": 5963.5,
      "election_count_max": 65.0,
      "election_count_final": 38.0
    },
    {
      "seed": 3,
      "max_unlocked": 40,
      "top1_max": 0.057118,
      "top1_final": 0.033574,
      "wars_active_max": 5.0,
      "major_wars_final": 0.035184,
      "civil_conflict_max": 10.0,
      "civil_conflict_final": 0.0,
      "fragmentation_max": 0.0,
      "fragmentation_final": 0.0,
      "hab0_final": 0.465345,
      "habs_final": 0.324421,
      "founder_count_final": 15.0,
      "founder_share_final": 0.045593,
      "median_state_age_final": 1625.0,
      "p90_state_age_final": 5984.0,
      "election_count_max": 44.0,
      "election_count_final": 19.0
    },
    {
      "seed": 4,
      "max_unlocked": 28,
      "top1_max": 0.063342,
      "top1_final": 0.042415,
      "wars_active_max": 4.0,
      "major_wars_final": 0.047389,
      "civil_conflict_max": 8.0,
      "civil_conflict_final": 0.0,
      "fragmentation_max": 0.0,
      "fragmentation_final": 0.0,
      "hab0_final": 0.470344,
      "habs_final": 0.345877,
      "founder_count_final": 12.0,
      "founder_share_final": 0.033333,
      "median_state_age_final": 1665.0,
      "p90_state_age_final": 4785.0,
      "election_count_max": 67.0,
      "election_count_final": 34.0
    },
    {
      "seed": 5,
      "max_unlocked": 37,
      "top1_max": 0.047398,
      "top1_final": 0.029135,
      "wars_active_max": 4.0,
      "major_wars_final": 0.050826,
      "civil_conflict_max": 11.0,
      "civil_conflict_final": 0.0,
      "fragmentation_max": 0.0,
      "fragmentation_final": 0.0,
      "hab0_final": 0.495338,
      "habs_final": 0.353741,
      "founder_count_final": 9.0,
      "founder_share_final": 0.02521,
      "median_state_age_final": 1810.0,
      "p90_state_age_final": 5901.0,
      "election_count_max": 60.0,
      "election_count_final": 44.0
    },
    {
      "seed": 6,
      "max_unlocked": 28,
      "top1_max": 0.046536,
      "top1_final": 0.037786,
      "wars_active_max": 4.0,
      "major_wars_final": 0.032971,
      "civil_conflict_max": 10.0,
      "civil_conflict_final": 0.0,
      "fragmentation_max": 0.0,
      "fragmentation_final": 0.0,
      "hab0_final": 0.4235,
      "habs_final": 0.329926,
      "founder_count_final": 13.0,
      "founder_share_final": 0.036313,
      "median_state_age_final": 1132.5,
      "p90_state_age_final": 5292.5,
      "election_count_max": 76.0,
      "election_count_final": 30.0
    },
    {
      "seed": 7,
      "max_unlocked": 28,
      "top1_max": 0.043505,
      "top1_final": 0.032537,
      "wars_active_max": 4.0,
      "major_wars_final": 0.028665,
      "civil_conflict_max": 15.0,
      "civil_conflict_final": 0.0,
      "fragmentation_max": 0.0,
      "fragmentation_final": 0.0,
      "hab0_final": 0.441361,
      "habs_final": 0.298922,
      "founder_count_final": 6.0,
      "founder_share_final": 0.017291,
      "median_state_age_final": 1890.0,
      "p90_state_age_final": 6085.0,
      "election_count_max": 55.0,
      "election_count_final": 28.0
    },
    {
      "seed": 8,
      "max_unlocked": 28,
      "top1_max": 0.062644,
      "top1_final": 0.035992,
      "wars_active_max": 3.0,
      "major_wars_final": 0.038943,
      "civil_conflict_max": 6.0,
      "civil_conflict_final": 1.0,
      "fragmentation_max": 0.0,
      "fragmentation_final": 0.0,
      "hab0_final": 0.402831,
      "habs_final": 0.283082,
      "founder_count_final": 10.0,
      "founder_share_final": 0.028736,
      "median_state_age_final": 1207.5,
      "p90_state_age_final": 3979.5,
      "election_count_max": 59.0,
      "election_count_final": 27.0
    },
    {
      "seed": 9,
      "max_unlocked": 28,
      "top1_max": 0.044556,
      "top1_final": 0.027109,
      "wars_active_max": 2.0,
      "major_wars_final": 0.04297,
      "civil_conflict_max": 13.0,
      "civil_conflict_final": 0.0,
      "fragmentation_max": 0.0,
      "fragmentation_final": 0.0,
      "hab0_final": 0.512357,
      "habs_final": 0.365648,
      "founder_count_final": 8.0,
      "founder_share_final": 0.021798,
      "median_state_age_final": 1965.0,
      "p90_state_age_final": 5984.0,
      "election_count_max": 48.0,
      "election_count_final": 22.0
    },
    {
      "seed": 10,
      "max_unlocked": 28,
      "top1_max": 0.057197,
      "top1_final": 0.03545,
      "wars_active_max": 4.0,
      "major_wars_final": 0.034546,
      "civil_conflict_max": 9.0,
      "civil_conflict_final": 0.0,
      "fragmentation_max": 0.0,
      "fragmentation_final": 0.0,
      "hab0_final": 0.456077,
      "habs_final": 0.328578,
      "founder_count_final": 15.0,