{
  "n": 16,
  "agg": {
    "max_unlocked": {
      "mean": 33.125,
      "min": 26,
      "max": 42,
      "stdev": 5.543859215384171
    },
    "top1_max": {
      "mean": 0.060384,
      "min": 0.0389,
      "max": 0.089704,
      "stdev": 0.016556527617528984
    },
    "top1_final": {
      "mean": 0.0407785625,
      "min": 0.01797,
      "max": 0.077864,
      "stdev": 0.01631013727321428
    },
    "wars_active_max": {
      "mean": 3.75,
      "min": 2.0,
      "max": 6.0,
      "stdev": 1.0307764064044151
    },
    "major_wars_final": {
      "mean": 0.0396850625,
      "min": 0.024797,
      "max": 0.053366,
      "stdev": 0.007968218327116404
    },
    "civil_conflict_max": {
      "mean": 11.0625,
      "min": 6.0,
      "max": 16.0,
      "stdev": 2.816663584810937
    },
    "civil_conflict_final": {
      "mean": 0.0625,
      "min": 0.0,
      "max": 1.0,
      "stdev": 0.24206145913796356
    },
    "fragmentation_max": {
      "mean": 0.0,
      "min": 0.0,
      "max": 0.0,
      "stdev": 0.0
    },
    "fragmentation_final": {
      "mean": 0.0,
      "min": 0.0,
      "max": 0.0,
      "stdev": 0.0
    },
    "hab0_final": {
      "mean": 0.44984625,
      "min": 0.392328,
      "max": 0.529993,
      "stdev": 0.029740490115539458
    },
    "habs_final": {
      "mean": 0.3290903125,
      "min": 0.273309,
      "max": 0.378791,
      "stdev": 0.02220704461910327
    },
    "founder_count_final": {
      "mean": 10.8125,
      "min": 4.0,
      "max": 18.0,
      "stdev": 3.6093411794952277
    },
    "founder_share_final": {
      "mean": 0.030243375,
      "min": 0.011173,
      "max": 0.04918,
      "stdev": 0.009676497163714513
    },
    "median_state_age_final": {
      "mean": 1579.375,
      "min": 1175.0,
      "max": 2075.0,
      "stdev": 255.54399694573144
    },
    "p90_state_age_final": {
      "mean": 5370.3125,
      "min": 4172.5,
      "max": 6074.0,
      "stdev": 543.1557061227932
    },
    "election_count_max": {
      "mean": 79.375,
      "min": 43.0,
      "max": 141.0,
      "stdev": 24.25612036167367
    },
    "election_count_final": {
      "mean": 36.25,
      "min": 15.0,
      "max": 65.0,
      "stdev": 11.255554184490428
    }
  },
  "runs": [
    {
      "seed": 1,
      "max_unlocked": 42,
      "top1_max": 0.051902,
      "top1_final": 0.031542,
      "wars_active_max": 4.0,
      "major_wars_final": 0.048781,
      "civil_conflict_max": 12.0,
      "civil_conflict_final": 0.0,
      "fragmentation_max": 0.0,
      "fragmentation_final": 0.0,
      "hab0_final": 0.453157,
      "habs_final": 0.332959,
      "founder_count_final": 9.0,
      "founder_share_final": 0.02439,
      "median_state_age_final": 1960.0,
      "p90_state_age_final": 5872.0,
      "election_count_max": 72.0,
      "election_count_final": 36.0
    },
    {
      "seed": 2,
      "max_unlocked": 37,
      "top1_max": 0.061001,
      "top1_final": 0.042641,
      "wars_active_max": 4.0,
      "major_wars_final": 0.043039,
      "civil_conflict_max": 16.0,
      "civil_conflict_final": 0.0,
      "fragmentation_max": 0.0,
      "fragmentation_final": 0.0,
      "hab0_final": 0.446754,
      "habs_final": 0.339755,
      "founder_count_final": 10.0,
      "founder_share_final": 0.028571,
      "median_state_age_final": 1650.0,
      "p90_state_age_final": 5150.0,
      "election_count_max": 81.0,
      "election_count_final": 37.0
    },
    {
      "seed": 3,
      "max_unlocked": 31,
      "top1_max": 0.056719,
      "top1_final": 0.044768,
      "wars_active_max": 2.0,
      "major_wars_final": 0.032939,
      "civil_conflict_max": 9.0,
      "civil_conflict_final": 0.0,
      "fragmentation_max": 0.0,
      "fragmentation_final": 0.0,
      "hab0_final": 0.467086,
      "habs_final": 0.328297,
      "founder_count_final": 11.0,
      "founder_share_final": 0.031339,
      "median_state_age_final": 2075.0,
      "p90_state_age_final": 5860.0,
      "election_count_max": 43.0,
      "election_count_final": 15.0
    },
    {
      "seed": 4,
      "max_unlocked": 31,
      "top1_max": 0.089704,
      "top1_final": 0.046804,
      "wars_active_max": 4.0,
      "major_wars_final": 0.040885,
      "civil_conflict_max": 8.0,
      "civil_conflict_final": 0.0,
      "fragmentation_max": 0.0,
      "fragmentation_final": 0.0,
      "hab0_final": 0.442766,
      "habs_final": 0.323691,
      "founder_count_final": 12.0,
      "founder_share_final": 0.034188,
      "median_state_age_final": 1260.0,
      "p90_state_age_final": 4800.0,
      "election_count_max": 141.0,
      "election_count_final": 65.0
    },
    {
      "seed": 5,
      "max_unlocked": 37,
      "top1_max": 0.077629,
      "top1_final": 0.01797,
      "wars_active_max": 2.0,
      "major_wars_final": 0.049197,
      "civil_conflict_max": 11.0,
      "civil_conflict_final": 0.0,
      "fragmentation_max": 0.0,
      "fragmentation_final": 0.0,
      "hab0_final": 0.472815,
      "habs_final": 0.334475,
      "founder_count_final": 13.0,
      "founder_share_final": 0.036212,
      "median_state_age_final": 1700.0,
      "p90_state_age_final": 6074.0,
      "election_count_max": 43.0,
      "election_count_final": 24.0
    },
    {
      "seed": 6,
      "max_unlocked": 29,
      "top1_max": 0.043506,
      "top1_final": 0.024944,
      "wars_active_max": 4.0,
      "major_wars_final": 0.037844,
      "civil_conflict_max": 6.0,
      "civil_conflict_final": 0.0,
      "fragmentation_max": 0.0,
      "fragmentation_final": 0.0,
      "hab0_final": 0.410245,
      "habs_final": 0.324534,
      "founder_count_final": 15.0,
      "founder_share_final": 0.041667,
      "median_state_age_final": 1327.5,
      "p90_state_age_final": 4172.5,
      "election_count_max": 68.0,
      "election_count_final": 34.0
    },
    {
      "seed": 7,
      "max_unlocked": 26,
      "top1_max": 0.039,
      "top1_final": 0.033929,
      "wars_active_max": 6.0,
      "major_wars_final": 0.032791,
      "civil_conflict_max": 15.0,
      "civil_conflict_final": 0.0,
      "fragmentation_max": 0.0,
      "fragmentation_final": 0.0,
      "hab0_final": 0.431588,
      "habs_final": 0.29089,
      "founder_count_final": 6.0,
      "founder_share_final": 0.017595,
      "median_state_age_final": 1835.0,
      "p90_state_age_final": 5690.0,
      "election_count_max": 101.0,
      "election_count_final": 44.0
    },
    {
      "seed": 8,
      "max_unlocked": 28,
      "top1_max": 0.078967,
      "top1_final": 0.065437,
      "wars_active_max": 4.0,
      "major_wars_final": 0.044087,
      "civil_conflict_max": 8.0,
      "civil_conflict_final": 0.0,
      "fragmentation_max": 0.0,
      "fragmentation_final": 0.0,
      "hab0_final": 0.420355,
      "habs_final": 0.327679,
      "founder_count_final": 8.0,
      "founder_share_final": 0.022284,
      "median_state_age_final": 1175.0,
      "p90_state_age_final": 4494.0,
      "election_count_max": 67.0,
      "election_count_final": 32.0
    },
    {
      "seed": 9,
      "max_unlocked": 28,
      "top1_max": 0.048141,
      "top1_final": 0.036111,
      "wars_active_max": 4.0,
      "major_wars_final": 0.052039,
      "civil_conflict_max": 14.0,
      "civil_conflict_final": 0.0,
      "fragmentation_max": 0.0,
      "fragmentation_final": 0.0,
      "hab0_final": 0.529993,
      "habs_final": 0.378791,
      "founder_count_final": 11.0,
      "founder_share_final": 0.03125,
      "median_state_age_final": 1842.5,
      "p90_state_age_final": 6033.5,
      "election_count_max": 69.0,
      "election_count_final": 31.0
    },
    {
      "seed": 10,
      "max_unlocked": 35,
      "top1_max": 0.077019,
      "top1_final": 0.061361,
      "wars_active_max": 4.0,
      "major_wars_final": 0.024797,
      "civil_conflict_max": 10.0,
      "civil_conflict_final": 0.0,
      "fragmentation_max": 0.0,
      "fragmentation_final": 0.0,
      "hab0_final": 0.46776,
      "habs_final": 0.343574,
      "founder_count_final": 15.0,