{
  "violations": [
    {
      "id": "STORAGE_SMOOTHING_CHEAT",
      "severity": 99.85938853333334,
      "hardfail": false,
      "details": {
        "adequacy_var": 3.515286666666584e-06,
        "loss_share": 0.025833248508998367
      }
    }
  ]
}