{
  "violations": [
    {
      "id": "STORAGE_SMOOTHING_CHEAT",
      "severity": 99.6591201411111,
      "hardfail": false,
      "details": {
        "adequacy_var": 8.521996472222301e-06,
        "loss_share": 0.013489966323088643
      }
    }
  ]
}