year,live_countries,stable_countries,low_stability_countries,low_legitimacy_countries,low_both_countries,critical_countries,pop_total,pop_low_stability,pop_low_legitimacy,pop_low_both,pop_critical,pop_low_stability_share,pop_low_legitimacy_share,pop_low_both_share,pop_critical_share,stability_mean,stability_p10,legitimacy_mean,legitimacy_p10,worst_stability_ids,worst_legitimacy_ids
-5000,98,57,0,0,0,0,22265698.000000,0.000000,0.000000,0.000000,0.000000,0.000000,0.000000,0.000000,0.000000,0.998089,0.997100,0.612394,0.565160,80:0.988;60:0.988;0:0.989;40:0.989;97:0.993,97:0.545;8:0.548;74:0.557;44:0.557;2:0.558
-4990,98,86,0,2,0,0,24108670.000000,0.000000,408367.000000,0.000000,0.000000,0.000000,0.016939,0.000000,0.000000,0.994526,0.993560,0.649891,0.587090,97:0.855;47:0.901;64:0.926;45:0.949;81:0.958,97:0.334;47:0.368;64:0.445;45:0.483;81:0.542
-4980,98,84,0,5,0,2,25726624.000000,0.000000,620433.000000,0.000000,305541.000000,0.000000,0.024116,0.000000,0.011876,0.985666,0.985830,0.676496,0.577200,97:0.562;47:0.781;81:0.809;64:0.823;45:0.874,97:0.005;47:0.196;64:0.264;81:0.284;45:0.348
-4970,99,78,2,7,2,5,27111475.000000,105372.000000,791953.000000,105372.000000,694220.000000,0.003887,0.029211,0.003887,0.025606,0.962941,0.968960,0.700677,0.531000,97:0.063;100:0.376;47:0.403;81:0.540;64:0.680,97:0.003;81:0.006;64:0.131;88:0.179;47:0.180
-4960,102,72,8,14,8,7,28176070.000000,640096.000000,1503429.000000,640096.000000,731276.000000,0.022718,0.053358,0.022718,0.025954,0.916239,0.591600,0.675326,0.312400,97:0.004;47:0.080;81:0.258;88:0.334;100:0.335,97:0.004;47:0.004;81:0.008;64:0.009;88:0.009
-4950,106,65,10,26,10,10,29037968.000000,496048.000000,3661020.000000,496048.000000,899442.000000,0.017083,0.126077,0.017083,0.030975,0.868328,0.421700,0.641857,0.249450,47:0.004;97:0.005;64:0.099;81:0.136;88:0.147,47:0.005;97:0.005;88:0.007;64:0.008;81:0.008
