{
  "violations": [
    {
      "id": "STORAGE_SMOOTHING_CHEAT",
      "severity": 99.02579794111111,
      "hardfail": false,
      "details": {
        "adequacy_var": 2.435505147222239e-05,
        "loss_share": 0.030834119046290753
      }
    }
  ]
}