year,event_type,country_index,country_name,country_culture,tech_id,tech_name,total_unlocked_techs
-5000,initial,0,South mitsurdradesh Tribe,Indic Riverine,100,Cordage and Knots,19
-5000,initial,0,South mitsurdradesh Tribe,Indic Riverine,101,Hide Working and Tailored Clothing,19
-5000,initial,0,South mitsurdradesh Tribe,Indic Riverine,102,Hafted Stone Tools,19
-5000,initial,0,South mitsurdradesh Tribe,Indic Riverine,105,Food Preservation,19
-5000,initial,0,South mitsurdradesh Tribe,Indic Riverine,106,Storage Pits and Containers,19
-5000,initial,0,South mitsurdradesh Tribe,Indic Riverine,107,Seasonal Aggregation Camps,19
-5000,initial,0,South mitsurdradesh Tribe,Indic Riverine,110,Dog Domestication,19
-5000,initial,0,South mitsurdradesh Tribe,Indic Riverine,111,Grinding Stones,19
-5000,initial,0,South mitsurdradesh Tribe,Indic Riverine,112,Proto-cultivation,19
-5000,initial,0,South mitsurdradesh Tribe,Indic Riverine,113,Sedentism,19
-5000,initial,0,South mitsurdradesh Tribe,Indic Riverine,114,Enclosures and Herd Management,19
-5000,initial,0,South mitsurdradesh Tribe,Indic Riverine,115,Counting Tokens and Tallies,19
-5000,initial,0,South mitsurdradesh Tribe,Indic Riverine,116,Charcoal Firing,19
-5000,initial,0,South mitsurdradesh Tribe,Indic Riverine,1,Pottery,19
-5000,initial,0,South mitsurdradesh Tribe,Indic Riverine,2,Animal Husbandry,19
-5000,initial,0,South mitsurdradesh Tribe,Indic Riverine,4,Mining,19
-5000,initial,0,South mitsurdradesh Tribe,Indic Riverine,20,Agriculture,19
-5000,initial,0,South mitsurdradesh Tribe,Indic Riverine,3,Archery,19
-5000,initial,0,South mitsurdradesh Tribe,Indic Riverine,6,Calendar,19
-5000,initial,1,South shanalnagar Tribe,Indic Riverine,100,Cordage and Knots,19
-5000,initial,1,South shanalnagar Tribe,Indic Riverine,101,Hide Working and Tailored Clothing,19
-5000,initial,1,South shanalnagar Tribe,Indic Riverine,102,Hafted Stone Tools,19
-5000,initial,1,South shanalnagar Tribe,Indic Riverine,105,Food Preservation,19
-5000,initial,1,South shanalnagar Tribe,Indic Riverine,106,Storage Pits and Containers,19
-5000,initial,1,South shanalnagar Tribe,Indic Riverine,107,Seasonal Aggregation Camps,19
-5000,initial,1,South shanalnagar Tribe,Indic Riverine,110,Dog Domestication,19
-5000,initial,1,South shanalnagar Tribe,Indic Riverine,111,Grinding Stones,19
-5000,initial,1,South shanalnagar Tribe,Indic Riverine,112,Proto-cultivation,19
-5000,initial,1,South shanalnagar Tribe,Indic Riverine,113,Sedentism,19
-5000,initial,1,South shanalnagar Tribe,Indic Riverine,114,Enclosures and Herd Management,19
-5000,initial,1,South shanalnagar Tribe,Indic Riverine,115,Counting Tokens and Tallies,19
-5000,initial,1,South shanalnagar Tribe,Indic Riverine,116,Charcoal Firing,19
-5000,initial,1,South shanalnagar Tribe,Indic Riverine,1,Pottery,19
-5000,initial,1,South shanalnagar Tribe,Indic Riverine,2,Animal Husbandry,19
-5000,initial,1,South shanalnagar Tribe,Indic Riverine,4,Mining,19
-5000,initial,1,South shanalnagar Tribe,Indic Riverine,20,Agriculture,19
-5000,initial,1,South shanalnagar Tribe,Indic Riverine,3,Archery,19
-5000,initial,1,South shanalnagar Tribe,Indic Riverine,6,Calendar,19
-5000,initial,2,Old naldrasha Tribe,Indic Riverine,100,Cordage and Knots,19
-5000,initial,2,Old naldrasha Tribe,Indic Riverine,101,Hide Working and Tailored Clothing,19
-5000,initial,2,Old naldrasha Tribe,Indic Riverine,102,Hafted Stone Tools,19
-5000,initial,2,Old naldrasha Tribe,Indic Riverine,105,Food Preservation,19
-5000,initial,2,Old naldrasha Tribe,Indic Riverine,106,Storage Pits and Containers,19
-5000,initial,2,Old naldrasha Tribe,Indic Riverine,107,Seasonal Aggregation Camps,19
-5000,initial,2,Old naldrasha Tribe,Indic Riverine,110,Dog Domestication,19
-5000,initial,2,Old naldrasha Tribe,Indic Riverine,111,Grinding Stones,19
-5000,initial,2,Old naldrasha Tribe,Indic Riverine,112,Proto-cultivation,19
-5000,initial,2,Old naldrasha Tribe,Indic Riverine,113,Sedentism,19
-5000,initial,2,Old naldrasha Tribe,Indic Riverine,114,Enclosures and Herd Management,19
-5000,initial,2,Old naldrasha Tribe,Indic Riverine,115,Counting Tokens and Tallies,19
-5000,initial,2,Old naldrasha Tribe,Indic Riverine,116,Charcoal Firing,19
-5000,initial,2,Old naldrasha Tribe,Indic Riverine,1,Pottery,19
-5000,initial,2,Old naldrasha Tribe,Indic Riverine,2,Animal Husbandry,19
-5000,initial,2,Old naldrasha Tribe,Indic Riverine,4,Mining,19
-5000,initial,2,Old naldrasha Tribe,Indic Riverine,20,Agriculture,19
-5000,initial,2,Old naldrasha Tribe,Indic Riverine,3,Archery,19
-5000,initial,2,Old naldrasha Tribe,Indic Riverine,6,Calendar,19
-5000,initial,3,Shakantannagar Tribe,Indic Riverine,100,Cordage and Knots,19
-5000,initial,3,Shakantannagar Tribe,Indic Riverine,101,Hide Working and Tailored Clothing,19
-5000,initial,3,Shakantannagar Tribe,Indic Riverine,102,Hafted Stone Tools,19
-5000,initial,3,Shakantannagar Tribe,Indic Riverine,105,Food Preservation,19
-5000,initial,3,Shakantannagar Tribe,Indic Riverine,106,Storage Pits and Containers,19
-5000,initial,3,Shakantannagar Tribe,Indic Riverine,107,Seasonal Aggregation Camps,19
-5000,initial,3,Shakantannagar Tribe,Indic Riverine,110,Dog Domestication,19
-5000,initial,3,Shakantannagar Tribe,Indic Riverine,111,Grinding Stones,19
-5000,initial,3,Shakantannagar Tribe,Indic Riverine,112,Proto-cultivation,19
-5000,initial,3,Shakantannagar Tribe,Indic Riverine,113,Sedentism,19
-5000,initial,3,Shakantannagar Tribe,Indic Riverine,114,Enclosures and Herd Management,19
-5000,initial,3,Shakantannagar Tribe,Indic Riverine,115,Counting Tokens and Tallies,19
-5000,initial,3,Shakantannagar Tribe,Indic Riverine,116,Charcoal Firing,19
-5000,initial,3,Shakantannagar Tribe,Indic Riverine,1,Pottery,19
-5000,initial,3,Shakantannagar Tribe,Indic Riverine,2,Animal Husbandry,19
-5000,initial,3,Shakantannagar Tribe,Indic Riverine,4,Mining,19
-5000,initial,3,Shakantannagar Tribe,Indic Riverine,20,Agriculture,19
-5000,initial,3,Shakantannagar Tribe,Indic Riverine,3,Archery,19
-5000,initial,3,Shakantannagar Tribe,Indic Riverine,6,Calendar,19
-5000,initial,4,Great sharanagar Tribe,Indic Riverine,100,Cordage and Knots,19
-5000,initial,4,Great sharanagar Tribe,Indic Riverine,101,Hide Working and Tailored Clothing,19
-5000,initial,4,Great sharanagar Tribe,Indic Riverine,102,Hafted Stone Tools,19
-5000,initial,4,Great sharanagar Tribe,Indic Riverine,105,Food Preservation,19
-5000,initial,4,Great sharanagar Tribe,Indic Riverine,106,Storage Pits and Containers,19
-5000,initial,4,Great sharanagar Tribe,Indic Riverine,107,Seasonal Aggregation Camps,19
-5000,initial,4,Great sharanagar Tribe,Indic Riverine,110,Dog Domestication,19
-5000,initial,4,Great sharanagar Tribe,Indic Riverine,111,Grinding Stones,19
-5000,initial,4,Great sharanagar Tribe,Indic Riverine,112,Proto-cultivation,19
-5000,initial,4,Great sharanagar Tribe,Indic Riverine,113,Sedentism,19
-5000,initial,4,Great sharanagar Tribe,Indic Riverine,114,Enclosures and Herd Management,19
-5000,initial,4,Great sharanagar Tribe,Indic Riverine,115,Counting Tokens and Tallies,19
-5000,initial,4,Great sharanagar Tribe,Indic Riverine,116,Charcoal Firing,19
-5000,initial,4,Great sharanagar Tribe,Indic Riverine,1,Pottery,19
-5000,initial,4,Great sharanagar Tribe,Indic Riverine,2,Animal Husbandry,19
-5000,initial,4,Great sharanagar Tribe,Indic Riverine,4,Mining,19
-5000,initial,4,Great sharanagar Tribe,Indic Riverine,20,Agriculture,19
-5000,initial,4,Great sharanagar Tribe,Indic Riverine,3,Archery,19
-5000,initial,4,Great sharanagar Tribe,Indic Riverine,6,Calendar,19
-5000,initial,5,Vikankana Tribe,Indic Riverine,100,Cordage and Knots,19
-5000,initial,5,Vikankana Tribe,Indic Riverine,101,Hide Working and Tailored Clothing,19
-5000,initial,5,Vikankana Tribe,Indic Riverine,102,Hafted Stone Tools,19
-5000,initial,5,Vikankana Tribe,Indic Riverine,105,Food Preservation,19
-5000,initial,5,Vikankana Tribe,Indic Riverine,106,Storage Pits and Containers,19
-5000,initial,5,Vikankana Tribe,Indic Riverine,107,Seasonal Aggregation Camps,19
-5000,initial,5,Vikankana Tribe,Indic Riverine,110,Dog Domestication,19
-5000,initial,5,Vikankana Tribe,Indic Riverine,111,Grinding Stones,19
-5000,initial,5,Vikankana Tribe,Indic Riverine,112,Proto-cultivation,19
-5000,initial,5,Vikankana Tribe,Indic Riverine,113,Sedentism,19
-5000,initial,5,Vikankana Tribe,Indic Riverine,114,Enclosures and Herd Management,19
-5000,initial,5,Vikankana Tribe,Indic Riverine,115,Counting Tokens and Tallies,19
-5000,initial,5,Vikankana Tribe,Indic Riverine,116,Charcoal Firing,19
-5000,initial,5,Vikankana Tribe,Indic Riverine,1,Pottery,19
-5000,initial,5,Vikankana Tribe,Indic Riverine,2,Animal Husbandry,19
-5000,initial,5,Vikankana Tribe,Indic Riverine,4,Mining,19
-5000,initial,5,Vikankana Tribe,Indic Riverine,20,Agriculture,19
-5000,initial,5,Vikankana Tribe,Indic Riverine,3,Archery,19
-5000,initial,5,Vikankana Tribe,Indic Riverine,6,Calendar,19
-5000,initial,6,Nalrapur Tribe,Indic Riverine,100,Cordage and Knots,19
-5000,initial,6,Nalrapur Tribe,Indic Riverine,101,Hide Working and Tailored Clothing,19
-5000,initial,6,Nalrapur Tribe,Indic Riverine,102,Hafted Stone Tools,19
-5000,initial,6,Nalrapur Tribe,Indic Riverine,105,Food Preservation,19
-5000,initial,6,Nalrapur Tribe,Indic Riverine,106,Storage Pits and Containers,19
-5000,initial,6,Nalrapur Tribe,Indic Riverine,107,Seasonal Aggregation Camps,19
-5000,initial,6,Nalrapur Tribe,Indic Riverine,110,Dog Domestication,19
-5000,initial,6,Nalrapur Tribe,Indic Riverine,111,Grinding Stones,19
-5000,initial,6,Nalrapur Tribe,Indic Riverine,112,Proto-cultivation,19
-5000,initial,6,Nalrapur Tribe,Indic Riverine,113,Sedentism,19
-5000,initial,6,Nalrapur Tribe,Indic Riverine,114,Enclosures and Herd Management,19
-5000,initial,6,Nalrapur Tribe,Indic Riverine,115,Counting Tokens and Tallies,19
-5000,initial,6,Nalrapur Tribe,Indic Riverine,116,Charcoal Firing,19
-5000,initial,6,Nalrapur Tribe,Indic Riverine,1,Pottery,19
-5000,initial,6,Nalrapur Tribe,Indic Riverine,2,Animal Husbandry,19
-5000,initial,6,Nalrapur Tribe,Indic Riverine,4,Mining,19
-5000,initial,6,Nalrapur Tribe,Indic Riverine,20,Agriculture,19
-5000,initial,6,Nalrapur Tribe,Indic Riverine,3,Archery,19
-5000,initial,6,Nalrapur Tribe,Indic Riverine,6,Calendar,19
-5000,initial,7,North nalmitshadesh Tribe,Indic Riverine,100,Cordage and Knots,19
-5000,initial,7,North nalmitshadesh Tribe,Indic Riverine,101,Hide Working and Tailored Clothing,19
-5000,initial,7,North nalmitshadesh Tribe,Indic Riverine,102,Hafted Stone Tools,19
-5000,initial,7,North nalmitshadesh Tribe,Indic Riverine,105,Food Preservation,19
-5000,initial,7,North nalmitshadesh Tribe,Indic Riverine,106,Storage Pits and Containers,19
-5000,initial,7,North nalmitshadesh Tribe,Indic Riverine,107,Seasonal Aggregation Camps,19
-5000,initial,7,North nalmitshadesh Tribe,Indic Riverine,110,Dog Domestication,19
-5000,initial,7,North nalmitshadesh Tribe,Indic Riverine,111,Grinding Stones,19
-5000,initial,7,North nalmitshadesh Tribe,Indic Riverine,112,Proto-cultivation,19
-5000,initial,7,North nalmitshadesh Tribe,Indic Riverine,113,Sedentism,19
-5000,initial,7,North nalmitshadesh Tribe,Indic Riverine,114,Enclosures and Herd Management,19
-5000,initial,7,North nalmitshadesh Tribe,Indic Riverine,115,Counting Tokens and Tallies,19
-5000,initial,7,North nalmitshadesh Tribe,Indic Riverine,116,Charcoal Firing,19
-5000,initial,7,North nalmitshadesh Tribe,Indic Riverine,1,Pottery,19
-5000,initial,7,North nalmitshadesh Tribe,Indic Riverine,2,Animal Husbandry,19
-5000,initial,7,North nalmitshadesh Tribe,Indic Riverine,4,Mining,19
-5000,initial,7,North nalmitshadesh Tribe,Indic Riverine,20,Agriculture,19
-5000,initial,7,North nalmitshadesh Tribe,Indic Riverine,3,Archery,19
-5000,initial,7,North nalmitshadesh Tribe,Indic Riverine,6,Calendar,19
-5000,initial,8,Great varkandesh Tribe,Indic Riverine,100,Cordage and Knots,19
-5000,initial,8,Great varkandesh Tribe,Indic Riverine,101,Hide Working and Tailored Clothing,19
-5000,initial,8,Great varkandesh Tribe,Indic Riverine,102,Hafted Stone Tools,19
-5000,initial,8,Great varkandesh Tribe,Indic Riverine,105,Food Preservation,19
-5000,initial,8,Great varkandesh Tribe,Indic Riverine,106,Storage Pits and Containers,19
-5000,initial,8,Great varkandesh Tribe,Indic Riverine,107,Seasonal Aggregation Camps,19
-5000,initial,8,Great varkandesh Tribe,Indic Riverine,110,Dog Domestication,19
-5000,initial,8,Great varkandesh Tribe,Indic Riverine,111,Grinding Stones,19
-5000,initial,8,Great varkandesh Tribe,Indic Riverine,112,Proto-cultivation,19
-5000,initial,8,Great varkandesh Tribe,Indic Riverine,113,Sedentism,19
-5000,initial,8,Great varkandesh Tribe,Indic Riverine,114,Enclosures and Herd Management,19
-5000,initial,8,Great varkandesh Tribe,Indic Riverine,115,Counting Tokens and Tallies,19
-5000,initial,8,Great varkandesh Tribe,Indic Riverine,116,Charcoal Firing,19
-5000,initial,8,Great varkandesh Tribe,Indic Riverine,1,Pottery,19
-5000,initial,8,Great varkandesh Tribe,Indic Riverine,2,Animal Husbandry,19
-5000,initial,8,Great varkandesh Tribe,Indic Riverine,4,Mining,19
-5000,initial,8,Great varkandesh Tribe,Indic Riverine,20,Agriculture,19
-5000,initial,8,Great varkandesh Tribe,Indic Riverine,3,Archery,19
-5000,initial,8,Great varkandesh Tribe,Indic Riverine,6,Calendar,19
-5000,initial,9,Great tantandesh Tribe,Indic Riverine,100,Cordage and Knots,19
-5000,initial,9,Great tantandesh Tribe,Indic Riverine,101,Hide Working and Tailored Clothing,19
-5000,initial,9,Great tantandesh Tribe,Indic Riverine,102,Hafted Stone Tools,19
-5000,initial,9,Great tantandesh Tribe,Indic Riverine,105,Food Preservation,19
-5000,initial,9,Great tantandesh Tribe,Indic Riverine,106,Storage Pits and Containers,19
-5000,initial,9,Great tantandesh Tribe,Indic Riverine,107,Seasonal Aggregation Camps,19
-5000,initial,9,Great tantandesh Tribe,Indic Riverine,110,Dog Domestication,19
-5000,initial,9,Great tantandesh Tribe,Indic Riverine,111,Grinding Stones,19
-5000,initial,9,Great tantandesh Tribe,Indic Riverine,112,Proto-cultivation,19
-5000,initial,9,Great tantandesh Tribe,Indic Riverine,113,Sedentism,19
-5000,initial,9,Great tantandesh Tribe,Indic Riverine,114,Enclosures and Herd Management,19
-5000,initial,9,Great tantandesh Tribe,Indic Riverine,115,Counting Tokens and Tallies,19
-5000,initial,9,Great tantandesh Tribe,Indic Riverine,116,Charcoal Firing,19
-5000,initial,9,Great tantandesh Tribe,Indic Riverine,1,Pottery,19
-5000,initial,9,Great tantandesh Tribe,Indic Riverine,2,Animal Husbandry,19
-5000,initial,9,Great tantandesh Tribe,Indic Riverine,4,Mining,19
-5000,initial,9,Great tantandesh Tribe,Indic Riverine,20,Agriculture,19
-5000,initial,9,Great tantandesh Tribe,Indic Riverine,3,Archery,19
-5000,initial,9,Great tantandesh Tribe,Indic Riverine,6,Calendar,19
-5000,initial,10,North shadrapur Tribe,Indic Riverine,100,Cordage and Knots,19
-5000,initial,10,North shadrapur Tribe,Indic Riverine,101,Hide Working and Tailored Clothing,19
-5000,initial,10,North shadrapur Tribe,Indic Riverine,102,Hafted Stone Tools,19
-5000,initial,10,North shadrapur Tribe,Indic Riverine,105,Food Preservation,19
-5000,initial,10,North shadrapur Tribe,Indic Riverine,106,Storage Pits and Containers,19
-5000,initial,10,North shadrapur Tribe,Indic Riverine,107,Seasonal Aggregation Camps,19
-5000,initial,10,North shadrapur Tribe,Indic Riverine,110,Dog Domestication,19
-5000,initial,10,North shadrapur Tribe,Indic Riverine,111,Grinding Stones,19
-5000,initial,10,North shadrapur Tribe,Indic Riverine,112,Proto-cultivation,19
-5000,initial,10,North shadrapur Tribe,Indic Riverine,113,Sedentism,19
-5000,initial,10,North shadrapur Tribe,Indic Riverine,114,Enclosures and Herd Management,19
-5000,initial,10,North shadrapur Tribe,Indic Riverine,115,Counting Tokens and Tallies,19
-5000,initial,10,North shadrapur Tribe,Indic Riverine,116,Charcoal Firing,19
-5000,initial,10,North shadrapur Tribe,Indic Riverine,1,Pottery,19
-5000,initial,10,North shadrapur Tribe,Indic Riverine,2,Animal Husbandry,19
-5000,initial,10,North shadrapur Tribe,Indic Riverine,4,Mining,19
-5000,initial,10,North shadrapur Tribe,Indic Riverine,20,Agriculture,19
-5000,initial,10,North shadrapur Tribe,Indic Riverine,3,Archery,19
-5000,initial,10,North shadrapur Tribe,Indic Riverine,6,Calendar,19
-5000,initial,11,Old varnal Tribe,Indic Riverine,100,Cordage and Knots,19
-5000,initial,11,Old varnal Tribe,Indic Riverine,101,Hide Working and Tailored Clothing,19
-5000,initial,11,Old varnal Tribe,Indic Riverine,102,Hafted Stone Tools,19
-5000,initial,11,Old varnal Tribe,Indic Riverine,105,Food Preservation,19
-5000,initial,11,Old varnal Tribe,Indic Riverine,106,Storage Pits and Containers,19
-5000,initial,11,Old varnal Tribe,Indic Riverine,107,Seasonal Aggregation Camps,19
-5000,initial,11,Old varnal Tribe,Indic Riverine,110,Dog Domestication,19
-5000,initial,11,Old varnal Tribe,Indic Riverine,111,Grinding Stones,19
-5000,initial,11,Old varnal Tribe,Indic Riverine,112,Proto-cultivation,19
-5000,initial,11,Old varnal Tribe,Indic Riverine,113,Sedentism,19
-5000,initial,11,Old varnal Tribe,Indic Riverine,114,Enclosures and Herd Management,19
-5000,initial,11,Old varnal Tribe,Indic Riverine,115,Counting Tokens and Tallies,19
-5000,initial,11,Old varnal Tribe,Indic Riverine,116,Charcoal Firing,19
-5000,initial,11,Old varnal Tribe,Indic Riverine,1,Pottery,19
-5000,initial,11,Old varnal Tribe,Indic Riverine,2,Animal Husbandry,19
-5000,initial,11,Old varnal Tribe,Indic Riverine,4,Mining,19
-5000,initial,11,Old varnal Tribe,Indic Riverine,20,Agriculture,19
-5000,initial,11,Old varnal Tribe,Indic Riverine,3,Archery,19
-5000,initial,11,Old varnal Tribe,Indic Riverine,6,Calendar,19
-5000,initial,12,Great naldraa Tribe,Indic Riverine,100,Cordage and Knots,19
-5000,initial,12,Great naldraa Tribe,Indic Riverine,101,Hide Working and Tailored Clothing,19
-5000,initial,12,Great naldraa Tribe,Indic Riverine,102,Hafted Stone Tools,19
-5000,initial,12,Great naldraa Tribe,Indic Riverine,105,Food Preservation,19
-5000,initial,12,Great naldraa Tribe,Indic Riverine,106,Storage Pits and Containers,19
-5000,initial,12,Great naldraa Tribe,Indic Riverine,107,Seasonal Aggregation Camps,19
-5000,initial,12,Great naldraa Tribe,Indic Riverine,110,Dog Domestication,19
-5000,initial,12,Great naldraa Tribe,Indic Riverine,111,Grinding Stones,19
-5000,initial,12,Great naldraa Tribe,Indic Riverine,112,Proto-cultivation,19
-5000,initial,12,Great naldraa Tribe,Indic Riverine,113,Sedentism,19
-5000,initial,12,Great naldraa Tribe,Indic Riverine,114,Enclosures and Herd Management,19
-5000,initial,12,Great naldraa Tribe,Indic Riverine,115,Counting Tokens and Tallies,19
-5000,initial,12,Great naldraa Tribe,Indic Riverine,116,Charcoal Firing,19
-5000,initial,12,Great naldraa Tribe,Indic Riverine,1,Pottery,19
-5000,initial,12,Great naldraa Tribe,Indic Riverine,2,Animal Husbandry,19
-5000,initial,12,Great naldraa Tribe,Indic Riverine,4,Mining,19
-5000,initial,12,Great naldraa Tribe,Indic Riverine,20,Agriculture,19
-5000,initial,12,Great naldraa Tribe,Indic Riverine,3,Archery,19
-5000,initial,12,Great naldraa Tribe,Indic Riverine,6,Calendar,19
-5000,initial,13,New varvarshapur Tribe,Indic Riverine,100,Cordage and Knots,19
-5000,initial,13,New varvarshapur Tribe,Indic Riverine,101,Hide Working and Tailored Clothing,19
-5000,initial,13,New varvarshapur Tribe,Indic Riverine,102,Hafted Stone Tools,19
-5000,initial,13,New varvarshapur Tribe,Indic Riverine,105,Food Preservation,19
-5000,initial,13,New varvarshapur Tribe,Indic Riverine,106,Storage Pits and Containers,19
-5000,initial,13,New varvarshapur Tribe,Indic Riverine,107,Seasonal Aggregation Camps,19
-5000,initial,13,New varvarshapur Tribe,Indic Riverine,110,Dog Domestication,19
-5000,initial,13,New varvarshapur Tribe,Indic Riverine,111,Grinding Stones,19
-5000,initial,13,New varvarshapur Tribe,Indic Riverine,112,Proto-cultivation,19
-5000,initial,13,New varvarshapur Tribe,Indic Riverine,113,Sedentism,19
-5000,initial,13,New varvarshapur Tribe,Indic Riverine,114,Enclosures and Herd Management,19
-5000,initial,13,New varvarshapur Tribe,Indic Riverine,115,Counting Tokens and Tallies,19
-5000,initial,13,New varvarshapur Tribe,Indic Riverine,116,Charcoal Firing,19
-5000,initial,13,New varvarshapur Tribe,Indic Riverine,1,Pottery,19
-5000,initial,13,New varvarshapur Tribe,Indic Riverine,2,Animal Husbandry,19
-5000,initial,13,New varvarshapur Tribe,Indic Riverine,4,Mining,19
-5000,initial,13,New varvarshapur Tribe,Indic Riverine,20,Agriculture,19
-5000,initial,13,New varvarshapur Tribe,Indic Riverine,3,Archery,19
-5000,initial,13,New varvarshapur Tribe,Indic Riverine,6,Calendar,19
-5000,initial,14,Tairenqinzhou Tribe,East Riverine,100,Cordage and Knots,19
-5000,initial,14,Tairenqinzhou Tribe,East Riverine,101,Hide Working and Tailored Clothing,19
-5000,initial,14,Tairenqinzhou Tribe,East Riverine,102,Hafted Stone Tools,19
-5000,initial,14,Tairenqinzhou Tribe,East Riverine,105,Food Preservation,19
-5000,initial,14,Tairenqinzhou Tribe,East Riverine,106,Storage Pits and Containers,19
-5000,initial,14,Tairenqinzhou Tribe,East Riverine,107,Seasonal Aggregation Camps,19
-5000,initial,14,Tairenqinzhou Tribe,East Riverine,110,Dog Domestication,19
-5000,initial,14,Tairenqinzhou Tribe,East Riverine,111,Grinding Stones,19
-5000,initial,14,Tairenqinzhou Tribe,East Riverine,112,Proto-cultivation,19
-5000,initial,14,Tairenqinzhou Tribe,East Riverine,113,Sedentism,19
-5000,initial,14,Tairenqinzhou Tribe,East Riverine,114,Enclosures and Herd Management,19
-5000,initial,14,Tairenqinzhou Tribe,East Riverine,115,Counting Tokens and Tallies,19
-5000,initial,14,Tairenqinzhou Tribe,East Riverine,116,Charcoal Firing,19
-5000,initial,14,Tairenqinzhou Tribe,East Riverine,1,Pottery,19
-5000,initial,14,Tairenqinzhou Tribe,East Riverine,2,Animal Husbandry,19
-5000,initial,14,Tairenqinzhou Tribe,East Riverine,4,Mining,19
-5000,initial,14,Tairenqinzhou Tribe,East Riverine,20,Agriculture,19
-5000,initial,14,Tairenqinzhou Tribe,East Riverine,3,Archery,19
-5000,initial,14,Tairenqinzhou Tribe,East Riverine,6,Calendar,19
-5000,initial,15,South linlilizhou Tribe,East Riverine,100,Cordage and Knots,19
-5000,initial,15,South linlilizhou Tribe,East Riverine,101,Hide Working and Tailored Clothing,19
-5000,initial,15,South linlilizhou Tribe,East Riverine,102,Hafted Stone Tools,19
-5000,initial,15,South linlilizhou Tribe,East Riverine,105,Food Preservation,19
-5000,initial,15,South linlilizhou Tribe,East Riverine,106,Storage Pits and Containers,19
-5000,initial,15,South linlilizhou Tribe,East Riverine,107,Seasonal Aggregation Camps,19
-5000,initial,15,South linlilizhou Tribe,East Riverine,110,Dog Domestication,19
-5000,initial,15,South linlilizhou Tribe,East Riverine,111,Grinding Stones,19
-5000,initial,15,South linlilizhou Tribe,East Riverine,112,Proto-cultivation,19
-5000,initial,15,South linlilizhou Tribe,East Riverine,113,Sedentism,19
-5000,initial,15,South linlilizhou Tribe,East Riverine,114,Enclosures and Herd Management,19
-5000,initial,15,South linlilizhou Tribe,East Riverine,115,Counting Tokens and Tallies,19
-5000,initial,15,South linlilizhou Tribe,East Riverine,116,Charcoal Firing,19
-5000,initial,15,South linlilizhou Tribe,East Riverine,1,Pottery,19
-5000,initial,15,South linlilizhou Tribe,East Riverine,2,Animal Husbandry,19
-5000,initial,15,South linlilizhou Tribe,East Riverine,4,Mining,19
-5000,initial,15,South linlilizhou Tribe,East Riverine,20,Agriculture,19
-5000,initial,15,South linlilizhou Tribe,East Riverine,3,Archery,19
-5000,initial,15,South linlilizhou Tribe,East Riverine,6,Calendar,19
-5000,initial,16,Old weizholinguo Tribe,East Riverine,100,Cordage and Knots,19
-5000,initial,16,Old weizholinguo Tribe,East Riverine,101,Hide Working and Tailored Clothing,19
-5000,initial,16,Old weizholinguo Tribe,East Riverine,102,Hafted Stone Tools,19
-5000,initial,16,Old weizholinguo Tribe,East Riverine,105,Food Preservation,19
-5000,initial,16,Old weizholinguo Tribe,East Riverine,106,Storage Pits and Containers,19
-5000,initial,16,Old weizholinguo Tribe,East Riverine,107,Seasonal Aggregation Camps,19
-5000,initial,16,Old weizholinguo Tribe,East Riverine,110,Dog Domestication,19
-5000,initial,16,Old weizholinguo Tribe,East Riverine,111,Grinding Stones,19
-5000,initial,16,Old weizholinguo Tribe,East Riverine,112,Proto-cultivation,19
-5000,initial,16,Old weizholinguo Tribe,East Riverine,113,Sedentism,19
-5000,initial,16,Old weizholinguo Tribe,East Riverine,114,Enclosures and Herd Management,19
-5000,initial,16,Old weizholinguo Tribe,East Riverine,115,Counting Tokens and Tallies,19
-5000,initial,16,Old weizholinguo Tribe,East Riverine,116,Charcoal Firing,19
-5000,initial,16,Old weizholinguo Tribe,East Riverine,1,Pottery,19
-5000,initial,16,Old weizholinguo Tribe,East Riverine,2,Animal Husbandry,19
-5000,initial,16,Old weizholinguo Tribe,East Riverine,4,Mining,19
-5000,initial,16,Old weizholinguo Tribe,East Riverine,20,Agriculture,19
-5000,initial,16,Old weizholinguo Tribe,East Riverine,3,Archery,19
-5000,initial,16,Old weizholinguo Tribe,East Riverine,6,Calendar,19
-5000,initial,17,Great liqin Tribe,East Riverine,100,Cordage and Knots,19
-5000,initial,17,Great liqin Tribe,East Riverine,101,Hide Working and Tailored Clothing,19
-5000,initial,17,Great liqin Tribe,East Riverine,102,Hafted Stone Tools,19
-5000,initial,17,Great liqin Tribe,East Riverine,105,Food Preservation,19
-5000,initial,17,Great liqin Tribe,East Riverine,106,Storage Pits and Containers,19
-5000,initial,17,Great liqin Tribe,East Riverine,107,Seasonal Aggregation Camps,19
-5000,initial,17,Great liqin Tribe,East Riverine,110,Dog Domestication,19
-5000,initial,17,Great liqin Tribe,East Riverine,111,Grinding Stones,19
-5000,initial,17,Great liqin Tribe,East Riverine,112,Proto-cultivation,19
-5000,initial,17,Great liqin Tribe,East Riverine,113,Sedentism,19
-5000,initial,17,Great liqin Tribe,East Riverine,114,Enclosures and Herd Management,19
-5000,initial,17,Great liqin Tribe,East Riverine,115,Counting Tokens and Tallies,19
-5000,initial,17,Great liqin Tribe,East Riverine,116,Charcoal Firing,19
-5000,initial,17,Great liqin Tribe,East Riverine,1,Pottery,19
-5000,initial,17,Great liqin Tribe,East Riverine,2,Animal Husbandry,19
-5000,initial,17,Great liqin Tribe,East Riverine,4,Mining,19
-5000,initial,17,Great liqin Tribe,East Riverine,20,Agriculture,19
-5000,initial,17,Great liqin Tribe,East Riverine,3,Archery,19
-5000,initial,17,Great liqin Tribe,East Riverine,6,Calendar,19
-5000,initial,18,Old minrenrenshan Tribe,East Riverine,100,Cordage and Knots,19
-5000,initial,18,Old minrenrenshan Tribe,East Riverine,101,Hide Working and Tailored Clothing,19
-5000,initial,18,Old minrenrenshan Tribe,East Riverine,102,Hafted Stone Tools,19
-5000,initial,18,Old minrenrenshan Tribe,East Riverine,105,Food Preservation,19
-5000,initial,18,Old minrenrenshan Tribe,East Riverine,106,Storage Pits and Containers,19
-5000,initial,18,Old minrenrenshan Tribe,East Riverine,107,Seasonal Aggregation Camps,19
-5000,initial,18,Old minrenrenshan Tribe,East Riverine,110,Dog Domestication,19
-5000,initial,18,Old minrenrenshan Tribe,East Riverine,111,Grinding Stones,19
-5000,initial,18,Old minrenrenshan Tribe,East Riverine,112,Proto-cultivation,19
-5000,initial,18,Old minrenrenshan Tribe,East Riverine,113,Sedentism,19
-5000,initial,18,Old minrenrenshan Tribe,East Riverine,114,Enclosures and Herd Management,19
-5000,initial,18,Old minrenrenshan Tribe,East Riverine,115,Counting Tokens and Tallies,19
-5000,initial,18,Old minrenrenshan Tribe,East Riverine,116,Charcoal Firing,19
-5000,initial,18,Old minrenrenshan Tribe,East Riverine,1,Pottery,19
-5000,initial,18,Old minrenrenshan Tribe,East Riverine,2,Animal Husbandry,19
-5000,initial,18,Old minrenrenshan Tribe,East Riverine,4,Mining,19
-5000,initial,18,Old minrenrenshan Tribe,East Riverine,20,Agriculture,19
-5000,initial,18,Old minrenrenshan Tribe,East Riverine,3,Archery,19
-5000,initial,18,Old minrenrenshan Tribe,East Riverine,6,Calendar,19
-5000,initial,19,New minweiminling Tribe,East Riverine,100,Cordage and Knots,19
-5000,initial,19,New minweiminling Tribe,East Riverine,101,Hide Working and Tailored Clothing,19
-5000,initial,19,New minweiminling Tribe,East Riverine,102,Hafted Stone Tools,19
-5000,initial,19,New minweiminling Tribe,East Riverine,105,Food Preservation,19
-5000,initial,19,New minweiminling Tribe,East Riverine,106,Storage Pits and Containers,19
-5000,initial,19,New minweiminling Tribe,East Riverine,107,Seasonal Aggregation Camps,19
-5000,initial,19,New minweiminling Tribe,East Riverine,110,Dog Domestication,19
-5000,initial,19,New minweiminling Tribe,East Riverine,111,Grinding Stones,19
-5000,initial,19,New minweiminling Tribe,East Riverine,112,Proto-cultivation,19
-5000,initial,19,New minweiminling Tribe,East Riverine,113,Sedentism,19
-5000,initial,19,New minweiminling Tribe,East Riverine,114,Enclosures and Herd Management,19
-5000,initial,19,New minweiminling Tribe,East Riverine,115,Counting Tokens and Tallies,19
-5000,initial,19,New minweiminling Tribe,East Riverine,116,Charcoal Firing,19
-5000,initial,19,New minweiminling Tribe,East Riverine,1,Pottery,19
-5000,initial,19,New minweiminling Tribe,East Riverine,2,Animal Husbandry,19
-5000,initial,19,New minweiminling Tribe,East Riverine,4,Mining,19
-5000,initial,19,New minweiminling Tribe,East Riverine,20,Agriculture,19
-5000,initial,19,New minweiminling Tribe,East Riverine,3,Archery,19
-5000,initial,19,New minweiminling Tribe,East Riverine,6,Calendar,19
-5000,initial,20,New lilinguo Tribe,East Riverine,100,Cordage and Knots,19
-5000,initial,20,New lilinguo Tribe,East Riverine,101,Hide Working and Tailored Clothing,19
-5000,initial,20,New lilinguo Tribe,East Riverine,102,Hafted Stone Tools,19
-5000,initial,20,New lilinguo Tribe,East Riverine,105,Food Preservation,19
-5000,initial,20,New lilinguo Tribe,East Riverine,106,Storage Pits and Containers,19
-5000,initial,20,New lilinguo Tribe,East Riverine,107,Seasonal Aggregation Camps,19
-5000,initial,20,New lilinguo Tribe,East Riverine,110,Dog Domestication,19
-5000,initial,20,New lilinguo Tribe,East Riverine,111,Grinding Stones,19
-5000,initial,20,New lilinguo Tribe,East Riverine,112,Proto-cultivation,19
-5000,initial,20,New lilinguo Tribe,East Riverine,113,Sedentism,19
-5000,initial,20,New lilinguo Tribe,East Riverine,114,Enclosures and Herd Management,19
-5000,initial,20,New lilinguo Tribe,East Riverine,115,Counting Tokens and Tallies,19
-5000,initial,20,New lilinguo Tribe,East Riverine,116,Charcoal Firing,19
-5000,initial,20,New lilinguo Tribe,East Riverine,1,Pottery,19
-5000,initial,20,New lilinguo Tribe,East Riverine,2,Animal Husbandry,19
-5000,initial,20,New lilinguo Tribe,East Riverine,4,Mining,19
-5000,initial,20,New lilinguo Tribe,East Riverine,20,Agriculture,19
-5000,initial,20,New lilinguo Tribe,East Riverine,3,Archery,19
-5000,initial,20,New lilinguo Tribe,East Riverine,6,Calendar,19
-5000,initial,21,Old qinzhoweishan Tribe,East Riverine,100,Cordage and Knots,19
-5000,initial,21,Old qinzhoweishan Tribe,East Riverine,101,Hide Working and Tailored Clothing,19
-5000,initial,21,Old qinzhoweishan Tribe,East Riverine,102,Hafted Stone Tools,19
-5000,initial,21,Old qinzhoweishan Tribe,East Riverine,105,Food Preservation,19
-5000,initial,21,Old qinzhoweishan Tribe,East Riverine,106,Storage Pits and Containers,19
-5000,initial,21,Old qinzhoweishan Tribe,East Riverine,107,Seasonal Aggregation Camps,19
-5000,initial,21,Old qinzhoweishan Tribe,East Riverine,110,Dog Domestication,19
-5000,initial,21,Old qinzhoweishan Tribe,East Riverine,111,Grinding Stones,19
-5000,initial,21,Old qinzhoweishan Tribe,East Riverine,112,Proto-cultivation,19
-5000,initial,21,Old qinzhoweishan Tribe,East Riverine,113,Sedentism,19
-5000,initial,21,Old qinzhoweishan Tribe,East Riverine,114,Enclosures and Herd Management,19
-5000,initial,21,Old qinzhoweishan Tribe,East Riverine,115,Counting Tokens and Tallies,19
-5000,initial,21,Old qinzhoweishan Tribe,East Riverine,116,Charcoal Firing,19
-5000,initial,21,Old qinzhoweishan Tribe,East Riverine,1,Pottery,19
-5000,initial,21,Old qinzhoweishan Tribe,East Riverine,2,Animal Husbandry,19
-5000,initial,21,Old qinzhoweishan Tribe,East Riverine,4,Mining,19
-5000,initial,21,Old qinzhoweishan Tribe,East Riverine,20,Agriculture,19
-5000,initial,21,Old qinzhoweishan Tribe,East Riverine,3,Archery,19
-5000,initial,21,Old qinzhoweishan Tribe,East Riverine,6,Calendar,19
-5000,initial,22,Linli Tribe,East Riverine,100,Cordage and Knots,19
-5000,initial,22,Linli Tribe,East Riverine,101,Hide Working and Tailored Clothing,19
-5000,initial,22,Linli Tribe,East Riverine,102,Hafted Stone Tools,19
-5000,initial,22,Linli Tribe,East Riverine,105,Food Preservation,19
-5000,initial,22,Linli Tribe,East Riverine,106,Storage Pits and Containers,19
-5000,initial,22,Linli Tribe,East Riverine,107,Seasonal Aggregation Camps,19
-5000,initial,22,Linli Tribe,East Riverine,110,Dog Domestication,19
-5000,initial,22,Linli Tribe,East Riverine,111,Grinding Stones,19
-5000,initial,22,Linli Tribe,East Riverine,112,Proto-cultivation,19
-5000,initial,22,Linli Tribe,East Riverine,113,Sedentism,19
-5000,initial,22,Linli Tribe,East Riverine,114,Enclosures and Herd Management,19
-5000,initial,22,Linli Tribe,East Riverine,115,Counting Tokens and Tallies,19
-5000,initial,22,Linli Tribe,East Riverine,116,Charcoal Firing,19
-5000,initial,22,Linli Tribe,East Riverine,1,Pottery,19
-5000,initial,22,Linli Tribe,East Riverine,2,Animal Husbandry,19
-5000,initial,22,Linli Tribe,East Riverine,4,Mining,19
-5000,initial,22,Linli Tribe,East Riverine,20,Agriculture,19
-5000,initial,22,Linli Tribe,East Riverine,3,Archery,19
-5000,initial,22,Linli Tribe,East Riverine,6,Calendar,19
-5000,initial,23,North qinminhan Tribe,East Riverine,100,Cordage and Knots,19
-5000,initial,23,North qinminhan Tribe,East Riverine,101,Hide Working and Tailored Clothing,19
-5000,initial,23,North qinminhan Tribe,East Riverine,102,Hafted Stone Tools,19
-5000,initial,23,North qinminhan Tribe,East Riverine,105,Food Preservation,19
-5000,initial,23,North qinminhan Tribe,East Riverine,106,Storage Pits and Containers,19
-5000,initial,23,North qinminhan Tribe,East Riverine,107,Seasonal Aggregation Camps,19
-5000,initial,23,North qinminhan Tribe,East Riverine,110,Dog Domestication,19
-5000,initial,23,North qinminhan Tribe,East Riverine,111,Grinding Stones,19
-5000,initial,23,North qinminhan Tribe,East Riverine,112,Proto-cultivation,19
-5000,initial,23,North qinminhan Tribe,East Riverine,113,Sedentism,19
-5000,initial,23,North qinminhan Tribe,East Riverine,114,Enclosures and Herd Management,19
-5000,initial,23,North qinminhan Tribe,East Riverine,115,Counting Tokens and Tallies,19
-5000,initial,23,North qinminhan Tribe,East Riverine,116,Charcoal Firing,19
-5000,initial,23,North qinminhan Tribe,East Riverine,1,Pottery,19
-5000,initial,23,North qinminhan Tribe,East Riverine,2,Animal Husbandry,19
-5000,initial,23,North qinminhan Tribe,East Riverine,4,Mining,19
-5000,initial,23,North qinminhan Tribe,East Riverine,20,Agriculture,19
-5000,initial,23,North qinminhan Tribe,East Riverine,3,Archery,19
-5000,initial,23,North qinminhan Tribe,East Riverine,6,Calendar,19
-5000,initial,24,South minhanzhou Tribe,East Riverine,100,Cordage and Knots,19
-5000,initial,24,South minhanzhou Tribe,East Riverine,101,Hide Working and Tailored Clothing,19
-5000,initial,24,South minhanzhou Tribe,East Riverine,102,Hafted Stone Tools,19
-5000,initial,24,South minhanzhou Tribe,East Riverine,105,Food Preservation,19
-5000,initial,24,South minhanzhou Tribe,East Riverine,106,Storage Pits and Containers,19
-5000,initial,24,South minhanzhou Tribe,East Riverine,107,Seasonal Aggregation Camps,19
-5000,initial,24,South minhanzhou Tribe,East Riverine,110,Dog Domestication,19
-5000,initial,24,South minhanzhou Tribe,East Riverine,111,Grinding Stones,19
-5000,initial,24,South minhanzhou Tribe,East Riverine,112,Proto-cultivation,19
-5000,initial,24,South minhanzhou Tribe,East Riverine,113,Sedentism,19
-5000,initial,24,South minhanzhou Tribe,East Riverine,114,Enclosures and Herd Management,19
-5000,initial,24,South minhanzhou Tribe,East Riverine,115,Counting Tokens and Tallies,19
-5000,initial,24,South minhanzhou Tribe,East Riverine,116,Charcoal Firing,19
-5000,initial,24,South minhanzhou Tribe,East Riverine,1,Pottery,19
-5000,initial,24,South minhanzhou Tribe,East Riverine,2,Animal Husbandry,19
-5000,initial,24,South minhanzhou Tribe,East Riverine,4,Mining,19
-5000,initial,24,South minhanzhou Tribe,East Riverine,20,Agriculture,19
-5000,initial,24,South minhanzhou Tribe,East Riverine,3,Archery,19
-5000,initial,24,South minhanzhou Tribe,East Riverine,6,Calendar,19
-5000,initial,25,Great qinhanling Tribe,East Riverine,100,Cordage and Knots,19
-5000,initial,25,Great qinhanling Tribe,East Riverine,101,Hide Working and Tailored Clothing,19
-5000,initial,25,Great qinhanling Tribe,East Riverine,102,Hafted Stone Tools,19
-5000,initial,25,Great qinhanling Tribe,East Riverine,105,Food Preservation,19
-5000,initial,25,Great qinhanling Tribe,East Riverine,106,Storage Pits and Containers,19
-5000,initial,25,Great qinhanling Tribe,East Riverine,107,Seasonal Aggregation Camps,19
-5000,initial,25,Great qinhanling Tribe,East Riverine,110,Dog Domestication,19
-5000,initial,25,Great qinhanling Tribe,East Riverine,111,Grinding Stones,19
-5000,initial,25,Great qinhanling Tribe,East Riverine,112,Proto-cultivation,19
-5000,initial,25,Great qinhanling Tribe,East Riverine,113,Sedentism,19
-5000,initial,25,Great qinhanling Tribe,East Riverine,114,Enclosures and Herd Management,19
-5000,initial,25,Great qinhanling Tribe,East Riverine,115,Counting Tokens and Tallies,19
-5000,initial,25,Great qinhanling Tribe,East Riverine,116,Charcoal Firing,19
-5000,initial,25,Great qinhanling Tribe,East Riverine,1,Pottery,19
-5000,initial,25,Great qinhanling Tribe,East Riverine,2,Animal Husbandry,19
-5000,initial,25,Great qinhanling Tribe,East Riverine,4,Mining,19
-5000,initial,25,Great qinhanling Tribe,East Riverine,20,Agriculture,19
-5000,initial,25,Great qinhanling Tribe,East Riverine,3,Archery,19
-5000,initial,25,Great qinhanling Tribe,East Riverine,6,Calendar,19
-5000,initial,26,Old zhominqinling Tribe,East Riverine,100,Cordage and Knots,19
-5000,initial,26,Old zhominqinling Tribe,East Riverine,101,Hide Working and Tailored Clothing,19
-5000,initial,26,Old zhominqinling Tribe,East Riverine,102,Hafted Stone Tools,19
-5000,initial,26,Old zhominqinling Tribe,East Riverine,105,Food Preservation,19
-5000,initial,26,Old zhominqinling Tribe,East Riverine,106,Storage Pits and Containers,19
-5000,initial,26,Old zhominqinling Tribe,East Riverine,107,Seasonal Aggregation Camps,19
-5000,initial,26,Old zhominqinling Tribe,East Riverine,110,Dog Domestication,19
-5000,initial,26,Old zhominqinling Tribe,East Riverine,111,Grinding Stones,19
-5000,initial,26,Old zhominqinling Tribe,East Riverine,112,Proto-cultivation,19
-5000,initial,26,Old zhominqinling Tribe,East Riverine,113,Sedentism,19
-5000,initial,26,Old zhominqinling Tribe,East Riverine,114,Enclosures and Herd Management,19
-5000,initial,26,Old zhominqinling Tribe,East Riverine,115,Counting Tokens and Tallies,19
-5000,initial,26,Old zhominqinling Tribe,East Riverine,116,Charcoal Firing,19
-5000,initial,26,Old zhominqinling Tribe,East Riverine,1,Pottery,19
-5000,initial,26,Old zhominqinling Tribe,East Riverine,2,Animal Husbandry,19
-5000,initial,26,Old zhominqinling Tribe,East Riverine,4,Mining,19
-5000,initial,26,Old zhominqinling Tribe,East Riverine,20,Agriculture,19
-5000,initial,26,Old zhominqinling Tribe,East Riverine,3,Archery,19
-5000,initial,26,Old zhominqinling Tribe,East Riverine,6,Calendar,19
-5000,initial,28,South belurtamar Tribe,Fertile Crescent,100,Cordage and Knots,21
-5000,initial,28,South belurtamar Tribe,Fertile Crescent,101,Hide Working and Tailored Clothing,21
-5000,initial,28,South belurtamar Tribe,Fertile Crescent,102,Hafted Stone Tools,21
-5000,initial,28,South belurtamar Tribe,Fertile Crescent,105,Food Preservation,21
-5000,initial,28,South belurtamar Tribe,Fertile Crescent,106,Storage Pits and Containers,21
-5000,initial,28,South belurtamar Tribe,Fertile Crescent,107,Seasonal Aggregation Camps,21
-5000,initial,28,South belurtamar Tribe,Fertile Crescent,110,Dog Domestication,21
-5000,initial,28,South belurtamar Tribe,Fertile Crescent,111,Grinding Stones,21
-5000,initial,28,South belurtamar Tribe,Fertile Crescent,112,Proto-cultivation,21
-5000,initial,28,South belurtamar Tribe,Fertile Crescent,113,Sedentism,21
-5000,initial,28,South belurtamar Tribe,Fertile Crescent,114,Enclosures and Herd Management,21
-5000,initial,28,South belurtamar Tribe,Fertile Crescent,115,Counting Tokens and Tallies,21
-5000,initial,28,South belurtamar Tribe,Fertile Crescent,116,Charcoal Firing,21
-5000,initial,28,South belurtamar Tribe,Fertile Crescent,1,Pottery,21
-5000,initial,28,South belurtamar Tribe,Fertile Crescent,119,Native Copper Working,21
-5000,initial,28,South belurtamar Tribe,Fertile Crescent,2,Animal Husbandry,21
-5000,initial,28,South belurtamar Tribe,Fertile Crescent,4,Mining,21
-5000,initial,28,South belurtamar Tribe,Fertile Crescent,20,Agriculture,21
-5000,initial,28,South belurtamar Tribe,Fertile Crescent,3,Archery,21
-5000,initial,28,South belurtamar Tribe,Fertile Crescent,6,Calendar,21
-5000,initial,28,South belurtamar Tribe,Fertile Crescent,10,Irrigation,21
-5000,initial,29,Great nintamum Tribe,Fertile Crescent,100,Cordage and Knots,21
-5000,initial,29,Great nintamum Tribe,Fertile Crescent,101,Hide Working and Tailored Clothing,21
-5000,initial,29,Great nintamum Tribe,Fertile Crescent,102,Hafted Stone Tools,21
-5000,initial,29,Great nintamum Tribe,Fertile Crescent,105,Food Preservation,21
-5000,initial,29,Great nintamum Tribe,Fertile Crescent,106,Storage Pits and Containers,21
-5000,initial,29,Great nintamum Tribe,Fertile Crescent,107,Seasonal Aggregation Camps,21
-5000,initial,29,Great nintamum Tribe,Fertile Crescent,110,Dog Domestication,21
-5000,initial,29,Great nintamum Tribe,Fertile Crescent,111,Grinding Stones,21
-5000,initial,29,Great nintamum Tribe,Fertile Crescent,112,Proto-cultivation,21
-5000,initial,29,Great nintamum Tribe,Fertile Crescent,113,Sedentism,21
-5000,initial,29,Great nintamum Tribe,Fertile Crescent,114,Enclosures and Herd Management,21
-5000,initial,29,Great nintamum Tribe,Fertile Crescent,115,Counting Tokens and Tallies,21
-5000,initial,29,Great nintamum Tribe,Fertile Crescent,116,Charcoal Firing,21
-5000,initial,29,Great nintamum Tribe,Fertile Crescent,1,Pottery,21
-5000,initial,29,Great nintamum Tribe,Fertile Crescent,119,Native Copper Working,21
-5000,initial,29,Great nintamum Tribe,Fertile Crescent,2,Animal Husbandry,21
-5000,initial,29,Great nintamum Tribe,Fertile Crescent,4,Mining,21
-5000,initial,29,Great nintamum Tribe,Fertile Crescent,20,Agriculture,21
-5000,initial,29,Great nintamum Tribe,Fertile Crescent,3,Archery,21
-5000,initial,29,Great nintamum Tribe,Fertile Crescent,6,Calendar,21
-5000,initial,29,Great nintamum Tribe,Fertile Crescent,10,Irrigation,21
-5000,initial,30,North samartaman Tribe,Fertile Crescent,100,Cordage and Knots,21
-5000,initial,30,North samartaman Tribe,Fertile Crescent,101,Hide Working and Tailored Clothing,21
-5000,initial,30,North samartaman Tribe,Fertile Crescent,102,Hafted Stone Tools,21
-5000,initial,30,North samartaman Tribe,Fertile Crescent,105,Food Preservation,21
-5000,initial,30,North samartaman Tribe,Fertile Crescent,106,Storage Pits and Containers,21
-5000,initial,30,North samartaman Tribe,Fertile Crescent,107,Seasonal Aggregation Camps,21
-5000,initial,30,North samartaman Tribe,Fertile Crescent,110,Dog Domestication,21
-5000,initial,30,North samartaman Tribe,Fertile Crescent,111,Grinding Stones,21
-5000,initial,30,North samartaman Tribe,Fertile Crescent,112,Proto-cultivation,21
-5000,initial,30,North samartaman Tribe,Fertile Crescent,113,Sedentism,21
-5000,initial,30,North samartaman Tribe,Fertile Crescent,114,Enclosures and Herd Management,21
-5000,initial,30,North samartaman Tribe,Fertile Crescent,115,Counting Tokens and Tallies,21
-5000,initial,30,North samartaman Tribe,Fertile Crescent,116,Charcoal Firing,21
-5000,initial,30,North samartaman Tribe,Fertile Crescent,1,Pottery,21
-5000,initial,30,North samartaman Tribe,Fertile Crescent,119,Native Copper Working,21
-5000,initial,30,North samartaman Tribe,Fertile Crescent,2,Animal Husbandry,21
-5000,initial,30,North samartaman Tribe,Fertile Crescent,4,Mining,21
-5000,initial,30,North samartaman Tribe,Fertile Crescent,20,Agriculture,21
-5000,initial,30,North samartaman Tribe,Fertile Crescent,3,Archery,21
-5000,initial,30,North samartaman Tribe,Fertile Crescent,6,Calendar,21
-5000,initial,30,North samartaman Tribe,Fertile Crescent,10,Irrigation,21
-5000,initial,31,North urninar Tribe,Fertile Crescent,100,Cordage and Knots,21
-5000,initial,31,North urninar Tribe,Fertile Crescent,101,Hide Working and Tailored Clothing,21
-5000,initial,31,North urninar Tribe,Fertile Crescent,102,Hafted Stone Tools,21
-5000,initial,31,North urninar Tribe,Fertile Crescent,105,Food Preservation,21
-5000,initial,31,North urninar Tribe,Fertile Crescent,106,Storage Pits and Containers,21
-5000,initial,31,North urninar Tribe,Fertile Crescent,107,Seasonal Aggregation Camps,21
-5000,initial,31,North urninar Tribe,Fertile Crescent,110,Dog Domestication,21
-5000,initial,31,North urninar Tribe,Fertile Crescent,111,Grinding Stones,21
-5000,initial,31,North urninar Tribe,Fertile Crescent,112,Proto-cultivation,21
-5000,initial,31,North urninar Tribe,Fertile Crescent,113,Sedentism,21
-5000,initial,31,North urninar Tribe,Fertile Crescent,114,Enclosures and Herd Management,21
-5000,initial,31,North urninar Tribe,Fertile Crescent,115,Counting Tokens and Tallies,21
-5000,initial,31,North urninar Tribe,Fertile Crescent,116,Charcoal Firing,21
-5000,initial,31,North urninar Tribe,Fertile Crescent,1,Pottery,21
-5000,initial,31,North urninar Tribe,Fertile Crescent,119,Native Copper Working,21
-5000,initial,31,North urninar Tribe,Fertile Crescent,2,Animal Husbandry,21
-5000,initial,31,North urninar Tribe,Fertile Crescent,4,Mining,21
-5000,initial,31,North urninar Tribe,Fertile Crescent,20,Agriculture,21
-5000,initial,31,North urninar Tribe,Fertile Crescent,3,Archery,21
-5000,initial,31,North urninar Tribe,Fertile Crescent,6,Calendar,21
-5000,initial,31,North urninar Tribe,Fertile Crescent,10,Irrigation,21
-5000,initial,32,Great kalarbarad Tribe,Fertile Crescent,100,Cordage and Knots,21
-5000,initial,32,Great kalarbarad Tribe,Fertile Crescent,101,Hide Working and Tailored Clothing,21
-5000,initial,32,Great kalarbarad Tribe,Fertile Crescent,102,Hafted Stone Tools,21
-5000,initial,32,Great kalarbarad Tribe,Fertile Crescent,105,Food Preservation,21
-5000,initial,32,Great kalarbarad Tribe,Fertile Crescent,106,Storage Pits and Containers,21
-5000,initial,32,Great kalarbarad Tribe,Fertile Crescent,107,Seasonal Aggregation Camps,21
-5000,initial,32,Great kalarbarad Tribe,Fertile Crescent,110,Dog Domestication,21
-5000,initial,32,Great kalarbarad Tribe,Fertile Crescent,111,Grinding Stones,21
-5000,initial,32,Great kalarbarad Tribe,Fertile Crescent,112,Proto-cultivation,21
-5000,initial,32,Great kalarbarad Tribe,Fertile Crescent,113,Sedentism,21
-5000,initial,32,Great kalarbarad Tribe,Fertile Crescent,114,Enclosures and Herd Management,21
-5000,initial,32,Great kalarbarad Tribe,Fertile Crescent,115,Counting Tokens and Tallies,21
-5000,initial,32,Great kalarbarad Tribe,Fertile Crescent,116,Charcoal Firing,21
-5000,initial,32,Great kalarbarad Tribe,Fertile Crescent,1,Pottery,21
-5000,initial,32,Great kalarbarad Tribe,Fertile Crescent,119,Native Copper Working,21
-5000,initial,32,Great kalarbarad Tribe,Fertile Crescent,2,Animal Husbandry,21
-5000,initial,32,Great kalarbarad Tribe,Fertile Crescent,4,Mining,21
-5000,initial,32,Great kalarbarad Tribe,Fertile Crescent,20,Agriculture,21
-5000,initial,32,Great kalarbarad Tribe,Fertile Crescent,3,Archery,21
-5000,initial,32,Great kalarbarad Tribe,Fertile Crescent,6,Calendar,21
-5000,initial,32,Great kalarbarad Tribe,Fertile Crescent,10,Irrigation,21
-5000,initial,33,South ashsamsaman Tribe,Fertile Crescent,100,Cordage and Knots,21
-5000,initial,33,South ashsamsaman Tribe,Fertile Crescent,101,Hide Working and Tailored Clothing,21
-5000,initial,33,South ashsamsaman Tribe,Fertile Crescent,102,Hafted Stone Tools,21
-5000,initial,33,South ashsamsaman Tribe,Fertile Crescent,105,Food Preservation,21
-5000,initial,33,South ashsamsaman Tribe,Fertile Crescent,106,Storage Pits and Containers,21
-5000,initial,33,South ashsamsaman Tribe,Fertile Crescent,107,Seasonal Aggregation Camps,21
-5000,initial,33,South ashsamsaman Tribe,Fertile Crescent,110,Dog Domestication,21
-5000,initial,33,South ashsamsaman Tribe,Fertile Crescent,111,Grinding Stones,21
-5000,initial,33,South ashsamsaman Tribe,Fertile Crescent,112,Proto-cultivation,21
-5000,initial,33,South ashsamsaman Tribe,Fertile Crescent,113,Sedentism,21
-5000,initial,33,South ashsamsaman Tribe,Fertile Crescent,114,Enclosures and Herd Management,21
-5000,initial,33,South ashsamsaman Tribe,Fertile Crescent,115,Counting Tokens and Tallies,21
-5000,initial,33,South ashsamsaman Tribe,Fertile Crescent,116,Charcoal Firing,21
-5000,initial,33,South ashsamsaman Tribe,Fertile Crescent,1,Pottery,21
-5000,initial,33,South ashsamsaman Tribe,Fertile Crescent,119,Native Copper Working,21
-5000,initial,33,South ashsamsaman Tribe,Fertile Crescent,2,Animal Husbandry,21
-5000,initial,33,South ashsamsaman Tribe,Fertile Crescent,4,Mining,21
-5000,initial,33,South ashsamsaman Tribe,Fertile Crescent,20,Agriculture,21
-5000,initial,33,South ashsamsaman Tribe,Fertile Crescent,3,Archery,21
-5000,initial,33,South ashsamsaman Tribe,Fertile Crescent,6,Calendar,21
-5000,initial,33,South ashsamsaman Tribe,Fertile Crescent,10,Irrigation,21
-5000,initial,34,Eshbarbaran Tribe,Fertile Crescent,100,Cordage and Knots,21
-5000,initial,34,Eshbarbaran Tribe,Fertile Crescent,101,Hide Working and Tailored Clothing,21
-5000,initial,34,Eshbarbaran Tribe,Fertile Crescent,102,Hafted Stone Tools,21
-5000,initial,34,Eshbarbaran Tribe,Fertile Crescent,105,Food Preservation,21
-5000,initial,34,Eshbarbaran Tribe,Fertile Crescent,106,Storage Pits and Containers,21
-5000,initial,34,Eshbarbaran Tribe,Fertile Crescent,107,Seasonal Aggregation Camps,21
-5000,initial,34,Eshbarbaran Tribe,Fertile Crescent,110,Dog Domestication,21
-5000,initial,34,Eshbarbaran Tribe,Fertile Crescent,111,Grinding Stones,21
-5000,initial,34,Eshbarbaran Tribe,Fertile Crescent,112,Proto-cultivation,21
-5000,initial,34,Eshbarbaran Tribe,Fertile Crescent,113,Sedentism,21
-5000,initial,34,Eshbarbaran Tribe,Fertile Crescent,114,Enclosures and Herd Management,21
-5000,initial,34,Eshbarbaran Tribe,Fertile Crescent,115,Counting Tokens and Tallies,21
-5000,initial,34,Eshbarbaran Tribe,Fertile Crescent,116,Charcoal Firing,21
-5000,initial,34,Eshbarbaran Tribe,Fertile Crescent,1,Pottery,21
-5000,initial,34,Eshbarbaran Tribe,Fertile Crescent,119,Native Copper Working,21
-5000,initial,34,Eshbarbaran Tribe,Fertile Crescent,2,Animal Husbandry,21
-5000,initial,34,Eshbarbaran Tribe,Fertile Crescent,4,Mining,21
-5000,initial,34,Eshbarbaran Tribe,Fertile Crescent,20,Agriculture,21
-5000,initial,34,Eshbarbaran Tribe,Fertile Crescent,3,Archery,21
-5000,initial,34,Eshbarbaran Tribe,Fertile Crescent,6,Calendar,21
-5000,initial,34,Eshbarbaran Tribe,Fertile Crescent,10,Irrigation,21
-5000,initial,35,Great ashtamashum Tribe,Fertile Crescent,100,Cordage and Knots,21
-5000,initial,35,Great ashtamashum Tribe,Fertile Crescent,101,Hide Working and Tailored Clothing,21
-5000,initial,35,Great ashtamashum Tribe,Fertile Crescent,102,Hafted Stone Tools,21
-5000,initial,35,Great ashtamashum Tribe,Fertile Crescent,105,Food Preservation,21
-5000,initial,35,Great ashtamashum Tribe,Fertile Crescent,106,Storage Pits and Containers,21
-5000,initial,35,Great ashtamashum Tribe,Fertile Crescent,107,Seasonal Aggregation Camps,21
-5000,initial,35,Great ashtamashum Tribe,Fertile Crescent,110,Dog Domestication,21
-5000,initial,35,Great ashtamashum Tribe,Fertile Crescent,111,Grinding Stones,21
-5000,initial,35,Great ashtamashum Tribe,Fertile Crescent,112,Proto-cultivation,21
-5000,initial,35,Great ashtamashum Tribe,Fertile Crescent,113,Sedentism,21
-5000,initial,35,Great ashtamashum Tribe,Fertile Crescent,114,Enclosures and Herd Management,21
-5000,initial,35,Great ashtamashum Tribe,Fertile Crescent,115,Counting Tokens and Tallies,21
-5000,initial,35,Great ashtamashum Tribe,Fertile Crescent,116,Charcoal Firing,21
-5000,initial,35,Great ashtamashum Tribe,Fertile Crescent,1,Pottery,21
-5000,initial,35,Great ashtamashum Tribe,Fertile Crescent,119,Native Copper Working,21
-5000,initial,35,Great ashtamashum Tribe,Fertile Crescent,2,Animal Husbandry,21
-5000,initial,35,Great ashtamashum Tribe,Fertile Crescent,4,Mining,21
-5000,initial,35,Great ashtamashum Tribe,Fertile Crescent,20,Agriculture,21
-5000,initial,35,Great ashtamashum Tribe,Fertile Crescent,3,Archery,21
-5000,initial,35,Great ashtamashum Tribe,Fertile Crescent,6,Calendar,21
-5000,initial,35,Great ashtamashum Tribe,Fertile Crescent,10,Irrigation,21
-5000,initial,36,North ninsam Tribe,Fertile Crescent,100,Cordage and Knots,21
-5000,initial,36,North ninsam Tribe,Fertile Crescent,101,Hide Working and Tailored Clothing,21
-5000,initial,36,North ninsam Tribe,Fertile Crescent,102,Hafted Stone Tools,21
-5000,initial,36,North ninsam Tribe,Fertile Crescent,105,Food Preservation,21
-5000,initial,36,North ninsam Tribe,Fertile Crescent,106,Storage Pits and Containers,21
-5000,initial,36,North ninsam Tribe,Fertile Crescent,107,Seasonal Aggregation Camps,21
-5000,initial,36,North ninsam Tribe,Fertile Crescent,110,Dog Domestication,21
-5000,initial,36,North ninsam Tribe,Fertile Crescent,111,Grinding Stones,21
-5000,initial,36,North ninsam Tribe,Fertile Crescent,112,Proto-cultivation,21
-5000,initial,36,North ninsam Tribe,Fertile Crescent,113,Sedentism,21
-5000,initial,36,North ninsam Tribe,Fertile Crescent,114,Enclosures and Herd Management,21
-5000,initial,36,North ninsam Tribe,Fertile Crescent,115,Counting Tokens and Tallies,21
-5000,initial,36,North ninsam Tribe,Fertile Crescent,116,Charcoal Firing,21
-5000,initial,36,North ninsam Tribe,Fertile Crescent,1,Pottery,21
-5000,initial,36,North ninsam Tribe,Fertile Crescent,119,Native Copper Working,21
-5000,initial,36,North ninsam Tribe,Fertile Crescent,2,Animal Husbandry,21
-5000,initial,36,North ninsam Tribe,Fertile Crescent,4,Mining,21
-5000,initial,36,North ninsam Tribe,Fertile Crescent,20,Agriculture,21
-5000,initial,36,North ninsam Tribe,Fertile Crescent,3,Archery,21
-5000,initial,36,North ninsam Tribe,Fertile Crescent,6,Calendar,21
-5000,initial,36,North ninsam Tribe,Fertile Crescent,10,Irrigation,21
-5000,initial,37,Great kalsamarar Tribe,Fertile Crescent,100,Cordage and Knots,21
-5000,initial,37,Great kalsamarar Tribe,Fertile Crescent,101,Hide Working and Tailored Clothing,21
-5000,initial,37,Great kalsamarar Tribe,Fertile Crescent,102,Hafted Stone Tools,21
-5000,initial,37,Great kalsamarar Tribe,Fertile Crescent,105,Food Preservation,21
-5000,initial,37,Great kalsamarar Tribe,Fertile Crescent,106,Storage Pits and Containers,21
-5000,initial,37,Great kalsamarar Tribe,Fertile Crescent,107,Seasonal Aggregation Camps,21
-5000,initial,37,Great kalsamarar Tribe,Fertile Crescent,110,Dog Domestication,21
-5000,initial,37,Great kalsamarar Tribe,Fertile Crescent,111,Grinding Stones,21
-5000,initial,37,Great kalsamarar Tribe,Fertile Crescent,112,Proto-cultivation,21
-5000,initial,37,Great kalsamarar Tribe,Fertile Crescent,113,Sedentism,21
-5000,initial,37,Great kalsamarar Tribe,Fertile Crescent,114,Enclosures and Herd Management,21
-5000,initial,37,Great kalsamarar Tribe,Fertile Crescent,115,Counting Tokens and Tallies,21
-5000,initial,37,Great kalsamarar Tribe,Fertile Crescent,116,Charcoal Firing,21
-5000,initial,37,Great kalsamarar Tribe,Fertile Crescent,1,Pottery,21
-5000,initial,37,Great kalsamarar Tribe,Fertile Crescent,119,Native Copper Working,21
-5000,initial,37,Great kalsamarar Tribe,Fertile Crescent,2,Animal Husbandry,21
-5000,initial,37,Great kalsamarar Tribe,Fertile Crescent,4,Mining,21
-5000,initial,37,Great kalsamarar Tribe,Fertile Crescent,20,Agriculture,21
-5000,initial,37,Great kalsamarar Tribe,Fertile Crescent,3,Archery,21
-5000,initial,37,Great kalsamarar Tribe,Fertile Crescent,6,Calendar,21
-5000,initial,37,Great kalsamarar Tribe,Fertile Crescent,10,Irrigation,21
-5000,initial,39,Great nalornagrad Tribe,Monsoon Coastal,100,Cordage and Knots,20
-5000,initial,39,Great nalornagrad Tribe,Monsoon Coastal,101,Hide Working and Tailored Clothing,20
-5000,initial,39,Great nalornagrad Tribe,Monsoon Coastal,102,Hafted Stone Tools,20
-5000,initial,39,Great nalornagrad Tribe,Monsoon Coastal,104,Fishing Technology,20
-5000,initial,39,Great nalornagrad Tribe,Monsoon Coastal,105,Food Preservation,20
-5000,initial,39,Great nalornagrad Tribe,Monsoon Coastal,106,Storage Pits and Containers,20
-5000,initial,39,Great nalornagrad Tribe,Monsoon Coastal,107,Seasonal Aggregation Camps,20
-5000,initial,39,Great nalornagrad Tribe,Monsoon Coastal,108,Watercraft,20
-5000,initial,39,Great nalornagrad Tribe,Monsoon Coastal,110,Dog Domestication,20
-5000,initial,39,Great nalornagrad Tribe,Monsoon Coastal,111,Grinding Stones,20
-5000,initial,39,Great nalornagrad Tribe,Monsoon Coastal,112,Proto-cultivation,20
-5000,initial,39,Great nalornagrad Tribe,Monsoon Coastal,113,Sedentism,20
-5000,initial,39,Great nalornagrad Tribe,Monsoon Coastal,114,Enclosures and Herd Management,20
-5000,initial,39,Great nalornagrad Tribe,Monsoon Coastal,116,Charcoal Firing,20
-5000,initial,39,Great nalornagrad Tribe,Monsoon Coastal,1,Pottery,20
-5000,initial,39,Great nalornagrad Tribe,Monsoon Coastal,2,Animal Husbandry,20
-5000,initial,39,Great nalornagrad Tribe,Monsoon Coastal,20,Agriculture,20
-5000,initial,39,Great nalornagrad Tribe,Monsoon Coastal,3,Archery,20
-5000,initial,39,Great nalornagrad Tribe,Monsoon Coastal,5,Sailing,20
-5000,initial,39,Great nalornagrad Tribe,Monsoon Coastal,6,Calendar,20
-5000,initial,40,New ranlorranstan Tribe,Monsoon Coastal,100,Cordage and Knots,20
-5000,initial,40,New ranlorranstan Tribe,Monsoon Coastal,101,Hide Working and Tailored Clothing,20
-5000,initial,40,New ranlorranstan Tribe,Monsoon Coastal,102,Hafted Stone Tools,20
-5000,initial,40,New ranlorranstan Tribe,Monsoon Coastal,104,Fishing Technology,20
-5000,initial,40,New ranlorranstan Tribe,Monsoon Coastal,105,Food Preservation,20
-5000,initial,40,New ranlorranstan Tribe,Monsoon Coastal,106,Storage Pits and Containers,20
-5000,initial,40,New ranlorranstan Tribe,Monsoon Coastal,107,Seasonal Aggregation Camps,20
-5000,initial,40,New ranlorranstan Tribe,Monsoon Coastal,108,Watercraft,20
-5000,initial,40,New ranlorranstan Tribe,Monsoon Coastal,110,Dog Domestication,20
-5000,initial,40,New ranlorranstan Tribe,Monsoon Coastal,111,Grinding Stones,20
-5000,initial,40,New ranlorranstan Tribe,Monsoon Coastal,112,Proto-cultivation,20
-5000,initial,40,New ranlorranstan Tribe,Monsoon Coastal,113,Sedentism,20
-5000,initial,40,New ranlorranstan Tribe,Monsoon Coastal,114,Enclosures and Herd Management,20
-5000,initial,40,New ranlorranstan Tribe,Monsoon Coastal,116,Charcoal Firing,20
-5000,initial,40,New ranlorranstan Tribe,Monsoon Coastal,1,Pottery,20
-5000,initial,40,New ranlorranstan Tribe,Monsoon Coastal,2,Animal Husbandry,20
-5000,initial,40,New ranlorranstan Tribe,Monsoon Coastal,20,Agriculture,20
-5000,initial,40,New ranlorranstan Tribe,Monsoon Coastal,3,Archery,20
-5000,initial,40,New ranlorranstan Tribe,Monsoon Coastal,5,Sailing,20
-5000,initial,40,New ranlorranstan Tribe,Monsoon Coastal,6,Calendar,20
-5000,initial,41,Linnagrad Tribe,Monsoon Coastal,100,Cordage and Knots,20
-5000,initial,41,Linnagrad Tribe,Monsoon Coastal,101,Hide Working and Tailored Clothing,20
-5000,initial,41,Linnagrad Tribe,Monsoon Coastal,102,Hafted Stone Tools,20
-5000,initial,41,Linnagrad Tribe,Monsoon Coastal,104,Fishing Technology,20
-5000,initial,41,Linnagrad Tribe,Monsoon Coastal,105,Food Preservation,20
-5000,initial,41,Linnagrad Tribe,Monsoon Coastal,106,Storage Pits and Containers,20
-5000,initial,41,Linnagrad Tribe,Monsoon Coastal,107,Seasonal Aggregation Camps,20
-5000,initial,41,Linnagrad Tribe,Monsoon Coastal,108,Watercraft,20
-5000,initial,41,Linnagrad Tribe,Monsoon Coastal,110,Dog Domestication,20
-5000,initial,41,Linnagrad Tribe,Monsoon Coastal,111,Grinding Stones,20
-5000,initial,41,Linnagrad Tribe,Monsoon Coastal,112,Proto-cultivation,20
-5000,initial,41,Linnagrad Tribe,Monsoon Coastal,113,Sedentism,20
-5000,initial,41,Linnagrad Tribe,Monsoon Coastal,114,Enclosures and Herd Management,20
-5000,initial,41,Linnagrad Tribe,Monsoon Coastal,116,Charcoal Firing,20
-5000,initial,41,Linnagrad Tribe,Monsoon Coastal,1,Pottery,20
-5000,initial,41,Linnagrad Tribe,Monsoon Coastal,2,Animal Husbandry,20
-5000,initial,41,Linnagrad Tribe,Monsoon Coastal,20,Agriculture,20
-5000,initial,41,Linnagrad Tribe,Monsoon Coastal,3,Archery,20
-5000,initial,41,Linnagrad Tribe,Monsoon Coastal,5,Sailing,20
-5000,initial,41,Linnagrad Tribe,Monsoon Coastal,6,Calendar,20
-5000,initial,42,Great garkinranland Tribe,Monsoon Coastal,100,Cordage and Knots,20
-5000,initial,42,Great garkinranland Tribe,Monsoon Coastal,101,Hide Working and Tailored Clothing,20
-5000,initial,42,Great garkinranland Tribe,Monsoon Coastal,102,Hafted Stone Tools,20
-5000,initial,42,Great garkinranland Tribe,Monsoon Coastal,104,Fishing Technology,20
-5000,initial,42,Great garkinranland Tribe,Monsoon Coastal,105,Food Preservation,20
-5000,initial,42,Great garkinranland Tribe,Monsoon Coastal,106,Storage Pits and Containers,20
-5000,initial,42,Great garkinranland Tribe,Monsoon Coastal,107,Seasonal Aggregation Camps,20
-5000,initial,42,Great garkinranland Tribe,Monsoon Coastal,108,Watercraft,20
-5000,initial,42,Great garkinranland Tribe,Monsoon Coastal,110,Dog Domestication,20
-5000,initial,42,Great garkinranland Tribe,Monsoon Coastal,111,Grinding Stones,20
-5000,initial,42,Great garkinranland Tribe,Monsoon Coastal,112,Proto-cultivation,20
-5000,initial,42,Great garkinranland Tribe,Monsoon Coastal,113,Sedentism,20
-5000,initial,42,Great garkinranland Tribe,Monsoon Coastal,114,Enclosures and Herd Management,20
-5000,initial,42,Great garkinranland Tribe,Monsoon Coastal,116,Charcoal Firing,20
-5000,initial,42,Great garkinranland Tribe,Monsoon Coastal,1,Pottery,20
-5000,initial,42,Great garkinranland Tribe,Monsoon Coastal,2,Animal Husbandry,20
-5000,initial,42,Great garkinranland Tribe,Monsoon Coastal,20,Agriculture,20
-5000,initial,42,Great garkinranland Tribe,Monsoon Coastal,3,Archery,20
-5000,initial,42,Great garkinranland Tribe,Monsoon Coastal,5,Sailing,20
-5000,initial,42,Great garkinranland Tribe,Monsoon Coastal,6,Calendar,20
-5000,initial,43,Old kinviaia Tribe,Monsoon Coastal,100,Cordage and Knots,20
-5000,initial,43,Old kinviaia Tribe,Monsoon Coastal,101,Hide Working and Tailored Clothing,20
-5000,initial,43,Old kinviaia Tribe,Monsoon Coastal,102,Hafted Stone Tools,20
-5000,initial,43,Old kinviaia Tribe,Monsoon Coastal,104,Fishing Technology,20
-5000,initial,43,Old kinviaia Tribe,Monsoon Coastal,105,Food Preservation,20
-5000,initial,43,Old kinviaia Tribe,Monsoon Coastal,106,Storage Pits and Containers,20
-5000,initial,43,Old kinviaia Tribe,Monsoon Coastal,107,Seasonal Aggregation Camps,20
-5000,initial,43,Old kinviaia Tribe,Monsoon Coastal,108,Watercraft,20
-5000,initial,43,Old kinviaia Tribe,Monsoon Coastal,110,Dog Domestication,20
-5000,initial,43,Old kinviaia Tribe,Monsoon Coastal,111,Grinding Stones,20
-5000,initial,43,Old kinviaia Tribe,Monsoon Coastal,112,Proto-cultivation,20
-5000,initial,43,Old kinviaia Tribe,Monsoon Coastal,113,Sedentism,20
-5000,initial,43,Old kinviaia Tribe,Monsoon Coastal,114,Enclosures and Herd Management,20
-5000,initial,43,Old kinviaia Tribe,Monsoon Coastal,116,Charcoal Firing,20
-5000,initial,43,Old kinviaia Tribe,Monsoon Coastal,1,Pottery,20
-5000,initial,43,Old kinviaia Tribe,Monsoon Coastal,2,Animal Husbandry,20
-5000,initial,43,Old kinviaia Tribe,Monsoon Coastal,20,Agriculture,20
-5000,initial,43,Old kinviaia Tribe,Monsoon Coastal,3,Archery,20
-5000,initial,43,Old kinviaia Tribe,Monsoon Coastal,5,Sailing,20
-5000,initial,43,Old kinviaia Tribe,Monsoon Coastal,6,Calendar,20
-5000,initial,44,Dusviaia Tribe,Monsoon Coastal,100,Cordage and Knots,20
-5000,initial,44,Dusviaia Tribe,Monsoon Coastal,101,Hide Working and Tailored Clothing,20
-5000,initial,44,Dusviaia Tribe,Monsoon Coastal,102,Hafted Stone Tools,20
-5000,initial,44,Dusviaia Tribe,Monsoon Coastal,104,Fishing Technology,20
-5000,initial,44,Dusviaia Tribe,Monsoon Coastal,105,Food Preservation,20
-5000,initial,44,Dusviaia Tribe,Monsoon Coastal,106,Storage Pits and Containers,20
-5000,initial,44,Dusviaia Tribe,Monsoon Coastal,107,Seasonal Aggregation Camps,20
-5000,initial,44,Dusviaia Tribe,Monsoon Coastal,108,Watercraft,20
-5000,initial,44,Dusviaia Tribe,Monsoon Coastal,110,Dog Domestication,20
-5000,initial,44,Dusviaia Tribe,Monsoon Coastal,111,Grinding Stones,20
-5000,initial,44,Dusviaia Tribe,Monsoon Coastal,112,Proto-cultivation,20
-5000,initial,44,Dusviaia Tribe,Monsoon Coastal,113,Sedentism,20
-5000,initial,44,Dusviaia Tribe,Monsoon Coastal,114,Enclosures and Herd Management,20
-5000,initial,44,Dusviaia Tribe,Monsoon Coastal,116,Charcoal Firing,20
-5000,initial,44,Dusviaia Tribe,Monsoon Coastal,1,Pottery,20
-5000,initial,44,Dusviaia Tribe,Monsoon Coastal,2,Animal Husbandry,20
-5000,initial,44,Dusviaia Tribe,Monsoon Coastal,20,Agriculture,20
-5000,initial,44,Dusviaia Tribe,Monsoon Coastal,3,Archery,20
-5000,initial,44,Dusviaia Tribe,Monsoon Coastal,5,Sailing,20
-5000,initial,44,Dusviaia Tribe,Monsoon Coastal,6,Calendar,20
-5000,initial,45,Old zenkinlinland Tribe,Steppe Nomadic,100,Cordage and Knots,14
-5000,initial,45,Old zenkinlinland Tribe,Steppe Nomadic,101,Hide Working and Tailored Clothing,14
-5000,initial,45,Old zenkinlinland Tribe,Steppe Nomadic,102,Hafted Stone Tools,14
-5000,initial,45,Old zenkinlinland Tribe,Steppe Nomadic,105,Food Preservation,14
-5000,initial,45,Old zenkinlinland Tribe,Steppe Nomadic,106,Storage Pits and Containers,14
-5000,initial,45,Old zenkinlinland Tribe,Steppe Nomadic,107,Seasonal Aggregation Camps,14
-5000,initial,45,Old zenkinlinland Tribe,Steppe Nomadic,110,Dog Domestication,14
-5000,initial,45,Old zenkinlinland Tribe,Steppe Nomadic,111,Grinding Stones,14
-5000,initial,45,Old zenkinlinland Tribe,Steppe Nomadic,113,Sedentism,14
-5000,initial,45,Old zenkinlinland Tribe,Steppe Nomadic,114,Enclosures and Herd Management,14
-5000,initial,45,Old zenkinlinland Tribe,Steppe Nomadic,2,Animal Husbandry,14
-5000,initial,45,Old zenkinlinland Tribe,Steppe Nomadic,4,Mining,14
-5000,initial,45,Old zenkinlinland Tribe,Steppe Nomadic,3,Archery,14
-5000,initial,45,Old zenkinlinland Tribe,Steppe Nomadic,6,Calendar,14
-5000,initial,46,Great dusquigarland Tribe,Steppe Nomadic,100,Cordage and Knots,14
-5000,initial,46,Great dusquigarland Tribe,Steppe Nomadic,101,Hide Working and Tailored Clothing,14
-5000,initial,46,Great dusquigarland Tribe,Steppe Nomadic,102,Hafted Stone Tools,14
-5000,initial,46,Great dusquigarland Tribe,Steppe Nomadic,105,Food Preservation,14
-5000,initial,46,Great dusquigarland Tribe,Steppe Nomadic,106,Storage Pits and Containers,14
-5000,initial,46,Great dusquigarland Tribe,Steppe Nomadic,107,Seasonal Aggregation Camps,14
-5000,initial,46,Great dusquigarland Tribe,Steppe Nomadic,110,Dog Domestication,14
-5000,initial,46,Great dusquigarland Tribe,Steppe Nomadic,111,Grinding Stones,14
-5000,initial,46,Great dusquigarland Tribe,Steppe Nomadic,113,Sedentism,14
-5000,initial,46,Great dusquigarland Tribe,Steppe Nomadic,114,Enclosures and Herd Management,14
-5000,initial,46,Great dusquigarland Tribe,Steppe Nomadic,2,Animal Husbandry,14
-5000,initial,46,Great dusquigarland Tribe,Steppe Nomadic,4,Mining,14
-5000,initial,46,Great dusquigarland Tribe,Steppe Nomadic,3,Archery,14
-5000,initial,46,Great dusquigarland Tribe,Steppe Nomadic,6,Calendar,14
-5000,initial,47,North tergarland Tribe,Steppe Nomadic,100,Cordage and Knots,14
-5000,initial,47,North tergarland Tribe,Steppe Nomadic,101,Hide Working and Tailored Clothing,14
-5000,initial,47,North tergarland Tribe,Steppe Nomadic,102,Hafted Stone Tools,14
-5000,initial,47,North tergarland Tribe,Steppe Nomadic,105,Food Preservation,14
-5000,initial,47,North tergarland Tribe,Steppe Nomadic,106,Storage Pits and Containers,14
-5000,initial,47,North tergarland Tribe,Steppe Nomadic,107,Seasonal Aggregation Camps,14
-5000,initial,47,North tergarland Tribe,Steppe Nomadic,110,Dog Domestication,14
-5000,initial,47,North tergarland Tribe,Steppe Nomadic,111,Grinding Stones,14
-5000,initial,47,North tergarland Tribe,Steppe Nomadic,113,Sedentism,14
-5000,initial,47,North tergarland Tribe,Steppe Nomadic,114,Enclosures and Herd Management,14
-5000,initial,47,North tergarland Tribe,Steppe Nomadic,2,Animal Husbandry,14
-5000,initial,47,North tergarland Tribe,Steppe Nomadic,4,Mining,14
-5000,initial,47,North tergarland Tribe,Steppe Nomadic,3,Archery,14
-5000,initial,47,North tergarland Tribe,Steppe Nomadic,6,Calendar,14
-5000,initial,48,New mazu Tribe,Nile Floodplain,100,Cordage and Knots,19
-5000,initial,48,New mazu Tribe,Nile Floodplain,101,Hide Working and Tailored Clothing,19
-5000,initial,48,New mazu Tribe,Nile Floodplain,102,Hafted Stone Tools,19
-5000,initial,48,New mazu Tribe,Nile Floodplain,105,Food Preservation,19
-5000,initial,48,New mazu Tribe,Nile Floodplain,106,Storage Pits and Containers,19
-5000,initial,48,New mazu Tribe,Nile Floodplain,107,Seasonal Aggregation Camps,19
-5000,initial,48,New mazu Tribe,Nile Floodplain,110,Dog Domestication,19
-5000,initial,48,New mazu Tribe,Nile Floodplain,111,Grinding Stones,19
-5000,initial,48,New mazu Tribe,Nile Floodplain,112,Proto-cultivation,19
-5000,initial,48,New mazu Tribe,Nile Floodplain,113,Sedentism,19
-5000,initial,48,New mazu Tribe,Nile Floodplain,114,Enclosures and Herd Management,19
-5000,initial,48,New mazu Tribe,Nile Floodplain,115,Counting Tokens and Tallies,19
-5000,initial,48,New mazu Tribe,Nile Floodplain,116,Charcoal Firing,19
-5000,initial,48,New mazu Tribe,Nile Floodplain,1,Pottery,19
-5000,initial,48,New mazu Tribe,Nile Floodplain,2,Animal Husbandry,19
-5000,initial,48,New mazu Tribe,Nile Floodplain,20,Agriculture,19
-5000,initial,48,New mazu Tribe,Nile Floodplain,3,Archery,19
-5000,initial,48,New mazu Tribe,Nile Floodplain,6,Calendar,19
-5000,initial,48,New mazu Tribe,Nile Floodplain,10,Irrigation,19
-5000,initial,49,South bartanu Tribe,Nile Floodplain,100,Cordage and Knots,19
-5000,initial,49,South bartanu Tribe,Nile Floodplain,101,Hide Working and Tailored Clothing,19
-5000,initial,49,South bartanu Tribe,Nile Floodplain,102,Hafted Stone Tools,19
-5000,initial,49,South bartanu Tribe,Nile Floodplain,105,Food Preservation,19
-5000,initial,49,South bartanu Tribe,Nile Floodplain,106,Storage Pits and Containers,19
-5000,initial,49,South bartanu Tribe,Nile Floodplain,107,Seasonal Aggregation Camps,19
-5000,initial,49,South bartanu Tribe,Nile Floodplain,110,Dog Domestication,19
-5000,initial,49,South bartanu Tribe,Nile Floodplain,111,Grinding Stones,19
-5000,initial,49,South bartanu Tribe,Nile Floodplain,112,Proto-cultivation,19
-5000,initial,49,South bartanu Tribe,Nile Floodplain,113,Sedentism,19
-5000,initial,49,South bartanu Tribe,Nile Floodplain,114,Enclosures and Herd Management,19
-5000,initial,49,South bartanu Tribe,Nile Floodplain,115,Counting Tokens and Tallies,19
-5000,initial,49,South bartanu Tribe,Nile Floodplain,116,Charcoal Firing,19
-5000,initial,49,South bartanu Tribe,Nile Floodplain,1,Pottery,19
-5000,initial,49,South bartanu Tribe,Nile Floodplain,2,Animal Husbandry,19
-5000,initial,49,South bartanu Tribe,Nile Floodplain,20,Agriculture,19
-5000,initial,49,South bartanu Tribe,Nile Floodplain,3,Archery,19
-5000,initial,49,South bartanu Tribe,Nile Floodplain,6,Calendar,19
-5000,initial,49,South bartanu Tribe,Nile Floodplain,10,Irrigation,19
-5000,initial,50,Old sekaa Tribe,North Saharan,100,Cordage and Knots,19
-5000,initial,50,Old sekaa Tribe,North Saharan,101,Hide Working and Tailored Clothing,19
-5000,initial,50,Old sekaa Tribe,North Saharan,102,Hafted Stone Tools,19
-5000,initial,50,Old sekaa Tribe,North Saharan,105,Food Preservation,19
-5000,initial,50,Old sekaa Tribe,North Saharan,106,Storage Pits and Containers,19
-5000,initial,50,Old sekaa Tribe,North Saharan,107,Seasonal Aggregation Camps,19
-5000,initial,50,Old sekaa Tribe,North Saharan,110,Dog Domestication,19
-5000,initial,50,Old sekaa Tribe,North Saharan,111,Grinding Stones,19
-5000,initial,50,Old sekaa Tribe,North Saharan,112,Proto-cultivation,19
-5000,initial,50,Old sekaa Tribe,North Saharan,113,Sedentism,19
-5000,initial,50,Old sekaa Tribe,North Saharan,114,Enclosures and Herd Management,19
-5000,initial,50,Old sekaa Tribe,North Saharan,115,Counting Tokens and Tallies,19
-5000,initial,50,Old sekaa Tribe,North Saharan,116,Charcoal Firing,19
-5000,initial,50,Old sekaa Tribe,North Saharan,1,Pottery,19
-5000,initial,50,Old sekaa Tribe,North Saharan,2,Animal Husbandry,19
-5000,initial,50,Old sekaa Tribe,North Saharan,4,Mining,19
-5000,initial,50,Old sekaa Tribe,North Saharan,20,Agriculture,19
-5000,initial,50,Old sekaa Tribe,North Saharan,3,Archery,19
-5000,initial,50,Old sekaa Tribe,North Saharan,6,Calendar,19
-5000,initial,51,South katanbar Tribe,West Sahel,100,Cordage and Knots,15
-5000,initial,51,South katanbar Tribe,West Sahel,101,Hide Working and Tailored Clothing,15
-5000,initial,51,South katanbar Tribe,West Sahel,102,Hafted Stone Tools,15
-5000,initial,51,South katanbar Tribe,West Sahel,105,Food Preservation,15
-5000,initial,51,South katanbar Tribe,West Sahel,106,Storage Pits and Containers,15
-5000,initial,51,South katanbar Tribe,West Sahel,107,Seasonal Aggregation Camps,15
-5000,initial,51,South katanbar Tribe,West Sahel,111,Grinding Stones,15
-5000,initial,51,South katanbar Tribe,West Sahel,112,Proto-cultivation,15
-5000,initial,51,South katanbar Tribe,West Sahel,113,Sedentism,15
-5000,initial,51,South katanbar Tribe,West Sahel,116,Charcoal Firing,15
-5000,initial,51,South katanbar Tribe,West Sahel,1,Pottery,15
-5000,initial,51,South katanbar Tribe,West Sahel,4,Mining,15
-5000,initial,51,South katanbar Tribe,West Sahel,20,Agriculture,15
-5000,initial,51,South katanbar Tribe,West Sahel,3,Archery,15
-5000,initial,51,South katanbar Tribe,West Sahel,6,Calendar,15
-5000,initial,52,South ofilamzuu Tribe,West Sahel,100,Cordage and Knots,15
-5000,initial,52,South ofilamzuu Tribe,West Sahel,101,Hide Working and Tailored Clothing,15
-5000,initial,52,South ofilamzuu Tribe,West Sahel,102,Hafted Stone Tools,15
-5000,initial,52,South ofilamzuu Tribe,West Sahel,105,Food Preservation,15
-5000,initial,52,South ofilamzuu Tribe,West Sahel,106,Storage Pits and Containers,15
-5000,initial,52,South ofilamzuu Tribe,West Sahel,107,Seasonal Aggregation Camps,15
-5000,initial,52,South ofilamzuu Tribe,West Sahel,111,Grinding Stones,15
-5000,initial,52,South ofilamzuu Tribe,West Sahel,112,Proto-cultivation,15
-5000,initial,52,South ofilamzuu Tribe,West Sahel,113,Sedentism,15
-5000,initial,52,South ofilamzuu Tribe,West Sahel,116,Charcoal Firing,15
-5000,initial,52,South ofilamzuu Tribe,West Sahel,1,Pottery,15
-5000,initial,52,South ofilamzuu Tribe,West Sahel,4,Mining,15
-5000,initial,52,South ofilamzuu Tribe,West Sahel,20,Agriculture,15
-5000,initial,52,South ofilamzuu Tribe,West Sahel,3,Archery,15
-5000,initial,52,South ofilamzuu Tribe,West Sahel,6,Calendar,15
-5000,initial,53,Old tankau Tribe,East Horn,100,Cordage and Knots,15
-5000,initial,53,Old tankau Tribe,East Horn,101,Hide Working and Tailored Clothing,15
-5000,initial,53,Old tankau Tribe,East Horn,102,Hafted Stone Tools,15
-5000,initial,53,Old tankau Tribe,East Horn,105,Food Preservation,15
-5000,initial,53,Old tankau Tribe,East Horn,106,Storage Pits and Containers,15
-5000,initial,53,Old tankau Tribe,East Horn,107,Seasonal Aggregation Camps,15
-5000,initial,53,Old tankau Tribe,East Horn,111,Grinding Stones,15
-5000,initial,53,Old tankau Tribe,East Horn,112,Proto-cultivation,15
-5000,initial,53,Old tankau Tribe,East Horn,113,Sedentism,15
-5000,initial,53,Old tankau Tribe,East Horn,116,Charcoal Firing,15
-5000,initial,53,Old tankau Tribe,East Horn,1,Pottery,15
-5000,initial,53,Old tankau Tribe,East Horn,4,Mining,15
-5000,initial,53,Old tankau Tribe,East Horn,20,Agriculture,15
-5000,initial,53,Old tankau Tribe,East Horn,3,Archery,15
-5000,initial,53,Old tankau Tribe,East Horn,6,Calendar,15
-5000,initial,54,South tanngomaa Tribe,East Horn,100,Cordage and Knots,15
-5000,initial,54,South tanngomaa Tribe,East Horn,101,Hide Working and Tailored Clothing,15
-5000,initial,54,South tanngomaa Tribe,East Horn,102,Hafted Stone Tools,15
-5000,initial,54,South tanngomaa Tribe,East Horn,105,Food Preservation,15
-5000,initial,54,South tanngomaa Tribe,East Horn,106,Storage Pits and Containers,15
-5000,initial,54,South tanngomaa Tribe,East Horn,107,Seasonal Aggregation Camps,15
-5000,initial,54,South tanngomaa Tribe,East Horn,111,Grinding Stones,15
-5000,initial,54,South tanngomaa Tribe,East Horn,112,Proto-cultivation,15
-5000,initial,54,South tanngomaa Tribe,East Horn,113,Sedentism,15
-5000,initial,54,South tanngomaa Tribe,East Horn,116,Charcoal Firing,15
-5000,initial,54,South tanngomaa Tribe,East Horn,1,Pottery,15
-5000,initial,54,South tanngomaa Tribe,East Horn,4,Mining,15
-5000,initial,54,South tanngomaa Tribe,East Horn,20,Agriculture,15
-5000,initial,54,South tanngomaa Tribe,East Horn,3,Archery,15
-5000,initial,54,South tanngomaa Tribe,East Horn,6,Calendar,15
-5000,initial,55,North zubarene Tribe,Central Forest,100,Cordage and Knots,13
-5000,initial,55,North zubarene Tribe,Central Forest,101,Hide Working and Tailored Clothing,13
-5000,initial,55,North zubarene Tribe,Central Forest,102,Hafted Stone Tools,13
-5000,initial,55,North zubarene Tribe,Central Forest,105,Food Preservation,13
-5000,initial,55,North zubarene Tribe,Central Forest,106,Storage Pits and Containers,13
-5000,initial,55,North zubarene Tribe,Central Forest,107,Seasonal Aggregation Camps,13
-5000,initial,55,North zubarene Tribe,Central Forest,111,Grinding Stones,13
-5000,initial,55,North zubarene Tribe,Central Forest,113,Sedentism,13
-5000,initial,55,North zubarene Tribe,Central Forest,116,Charcoal Firing,13
-5000,initial,55,North zubarene Tribe,Central Forest,1,Pottery,13
-5000,initial,55,North zubarene Tribe,Central Forest,4,Mining,13
-5000,initial,55,North zubarene Tribe,Central Forest,3,Archery,13
-5000,initial,55,North zubarene Tribe,Central Forest,6,Calendar,13
-5000,initial,56,Old romromburg Tribe,Mediterranean Highland,100,Cordage and Knots,20
-5000,initial,56,Old romromburg Tribe,Mediterranean Highland,101,Hide Working and Tailored Clothing,20
-5000,initial,56,Old romromburg Tribe,Mediterranean Highland,102,Hafted Stone Tools,20
-5000,initial,56,Old romromburg Tribe,Mediterranean Highland,105,Food Preservation,20
-5000,initial,56,Old romromburg Tribe,Mediterranean Highland,106,Storage Pits and Containers,20
-5000,initial,56,Old romromburg Tribe,Mediterranean Highland,107,Seasonal Aggregation Camps,20
-5000,initial,56,Old romromburg Tribe,Mediterranean Highland,110,Dog Domestication,20
-5000,initial,56,Old romromburg Tribe,Mediterranean Highland,111,Grinding Stones,20
-5000,initial,56,Old romromburg Tribe,Mediterranean Highland,112,Proto-cultivation,20
-5000,initial,56,Old romromburg Tribe,Mediterranean Highland,113,Sedentism,20
-5000,initial,56,Old romromburg Tribe,Mediterranean Highland,114,Enclosures and Herd Management,20
-5000,initial,56,Old romromburg Tribe,Mediterranean Highland,115,Counting Tokens and Tallies,20
-5000,initial,56,Old romromburg Tribe,Mediterranean Highland,116,Charcoal Firing,20
-5000,initial,56,Old romromburg Tribe,Mediterranean Highland,1,Pottery,20
-5000,initial,56,Old romromburg Tribe,Mediterranean Highland,119,Native Copper Working,20
-5000,initial,56,Old romromburg Tribe,Mediterranean Highland,2,Animal Husbandry,20
-5000,initial,56,Old romromburg Tribe,Mediterranean Highland,4,Mining,20
-5000,initial,56,Old romromburg Tribe,Mediterranean Highland,20,Agriculture,20
-5000,initial,56,Old romromburg Tribe,Mediterranean Highland,3,Archery,20
-5000,initial,56,Old romromburg Tribe,Mediterranean Highland,6,Calendar,20
-5000,initial,57,New karkarvenia Tribe,Mediterranean Highland,100,Cordage and Knots,20
-5000,initial,57,New karkarvenia Tribe,Mediterranean Highland,101,Hide Working and Tailored Clothing,20
-5000,initial,57,New karkarvenia Tribe,Mediterranean Highland,102,Hafted Stone Tools,20
-5000,initial,57,New karkarvenia Tribe,Mediterranean Highland,105,Food Preservation,20
-5000,initial,57,New karkarvenia Tribe,Mediterranean Highland,106,Storage Pits and Containers,20
-5000,initial,57,New karkarvenia Tribe,Mediterranean Highland,107,Seasonal Aggregation Camps,20
-5000,initial,57,New karkarvenia Tribe,Mediterranean Highland,110,Dog Domestication,20
-5000,initial,57,New karkarvenia Tribe,Mediterranean Highland,111,Grinding Stones,20
-5000,initial,57,New karkarvenia Tribe,Mediterranean Highland,112,Proto-cultivation,20
-5000,initial,57,New karkarvenia Tribe,Mediterranean Highland,113,Sedentism,20
-5000,initial,57,New karkarvenia Tribe,Mediterranean Highland,114,Enclosures and Herd Management,20
-5000,initial,57,New karkarvenia Tribe,Mediterranean Highland,115,Counting Tokens and Tallies,20
-5000,initial,57,New karkarvenia Tribe,Mediterranean Highland,116,Charcoal Firing,20
-5000,initial,57,New karkarvenia Tribe,Mediterranean Highland,1,Pottery,20
-5000,initial,57,New karkarvenia Tribe,Mediterranean Highland,119,Native Copper Working,20
-5000,initial,57,New karkarvenia Tribe,Mediterranean Highland,2,Animal Husbandry,20
-5000,initial,57,New karkarvenia Tribe,Mediterranean Highland,4,Mining,20
-5000,initial,57,New karkarvenia Tribe,Mediterranean Highland,20,Agriculture,20
-5000,initial,57,New karkarvenia Tribe,Mediterranean Highland,3,Archery,20
-5000,initial,57,New karkarvenia Tribe,Mediterranean Highland,6,Calendar,20
-5000,initial,58,Selromburg Tribe,Mediterranean Urban,100,Cordage and Knots,22
-5000,initial,58,Selromburg Tribe,Mediterranean Urban,101,Hide Working and Tailored Clothing,22
-5000,initial,58,Selromburg Tribe,Mediterranean Urban,102,Hafted Stone Tools,22
-5000,initial,58,Selromburg Tribe,Mediterranean Urban,104,Fishing Technology,22
-5000,initial,58,Selromburg Tribe,Mediterranean Urban,105,Food Preservation,22
-5000,initial,58,Selromburg Tribe,Mediterranean Urban,106,Storage Pits and Containers,22
-5000,initial,58,Selromburg Tribe,Mediterranean Urban,107,Seasonal Aggregation Camps,22
-5000,initial,58,Selromburg Tribe,Mediterranean Urban,108,Watercraft,22
-5000,initial,58,Selromburg Tribe,Mediterranean Urban,110,Dog Domestication,22
-5000,initial,58,Selromburg Tribe,Mediterranean Urban,111,Grinding Stones,22
-5000,initial,58,Selromburg Tribe,Mediterranean Urban,112,Proto-cultivation,22
-5000,initial,58,Selromburg Tribe,Mediterranean Urban,113,Sedentism,22
-5000,initial,58,Selromburg Tribe,Mediterranean Urban,114,Enclosures and Herd Management,22
-5000,initial,58,Selromburg Tribe,Mediterranean Urban,115,Counting Tokens and Tallies,22
-5000,initial,58,Selromburg Tribe,Mediterranean Urban,116,Charcoal Firing,22
-5000,initial,58,Selromburg Tribe,Mediterranean Urban,1,Pottery,22
-5000,initial,58,Selromburg Tribe,Mediterranean Urban,2,Animal Husbandry,22
-5000,initial,58,Selromburg Tribe,Mediterranean Urban,4,Mining,22
-5000,initial,58,Selromburg Tribe,Mediterranean Urban,20,Agriculture,22
-5000,initial,58,Selromburg Tribe,Mediterranean Urban,3,Archery,22
-5000,initial,58,Selromburg Tribe,Mediterranean Urban,5,Sailing,22
-5000,initial,58,Selromburg Tribe,Mediterranean Urban,6,Calendar,22
-5000,initial,60,Venkarkaria Tribe,Central Plain,100,Cordage and Knots,18
-5000,initial,60,Venkarkaria Tribe,Central Plain,101,Hide Working and Tailored Clothing,18
-5000,initial,60,Venkarkaria Tribe,Central Plain,102,Hafted Stone Tools,18
-5000,initial,60,Venkarkaria Tribe,Central Plain,105,Food Preservation,18
-5000,initial,60,Venkarkaria Tribe,Central Plain,106,Storage Pits and Containers,18
-5000,initial,60,Venkarkaria Tribe,Central Plain,107,Seasonal Aggregation Camps,18
-5000,initial,60,Venkarkaria Tribe,Central Plain,110,Dog Domestication,18
-5000,initial,60,Venkarkaria Tribe,Central Plain,111,Grinding Stones,18
-5000,initial,60,Venkarkaria Tribe,Central Plain,112,Proto-cultivation,18
-5000,initial,60,Venkarkaria Tribe,Central Plain,113,Sedentism,18
-5000,initial,60,Venkarkaria Tribe,Central Plain,114,Enclosures and Herd Management,18
-5000,initial,60,Venkarkaria Tribe,Central Plain,116,Charcoal Firing,18
-5000,initial,60,Venkarkaria Tribe,Central Plain,1,Pottery,18
-5000,initial,60,Venkarkaria Tribe,Central Plain,2,Animal Husbandry,18
-5000,initial,60,Venkarkaria Tribe,Central Plain,4,Mining,18
-5000,initial,60,Venkarkaria Tribe,Central Plain,20,Agriculture,18
-5000,initial,60,Venkarkaria Tribe,Central Plain,3,Archery,18
-5000,initial,60,Venkarkaria Tribe,Central Plain,6,Calendar,18
-5000,initial,61,Old dorromland Tribe,Central Plain,100,Cordage and Knots,18
-5000,initial,61,Old dorromland Tribe,Central Plain,101,Hide Working and Tailored Clothing,18
-5000,initial,61,Old dorromland Tribe,Central Plain,102,Hafted Stone Tools,18
-5000,initial,61,Old dorromland Tribe,Central Plain,105,Food Preservation,18
-5000,initial,61,Old dorromland Tribe,Central Plain,106,Storage Pits and Containers,18
-5000,initial,61,Old dorromland Tribe,Central Plain,107,Seasonal Aggregation Camps,18
-5000,initial,61,Old dorromland Tribe,Central Plain,110,Dog Domestication,18
-5000,initial,61,Old dorromland Tribe,Central Plain,111,Grinding Stones,18
-5000,initial,61,Old dorromland Tribe,Central Plain,112,Proto-cultivation,18
-5000,initial,61,Old dorromland Tribe,Central Plain,113,Sedentism,18
-5000,initial,61,Old dorromland Tribe,Central Plain,114,Enclosures and Herd Management,18
-5000,initial,61,Old dorromland Tribe,Central Plain,116,Charcoal Firing,18
-5000,initial,61,Old dorromland Tribe,Central Plain,1,Pottery,18
-5000,initial,61,Old dorromland Tribe,Central Plain,2,Animal Husbandry,18
-5000,initial,61,Old dorromland Tribe,Central Plain,4,Mining,18
-5000,initial,61,Old dorromland Tribe,Central Plain,20,Agriculture,18
-5000,initial,61,Old dorromland Tribe,Central Plain,3,Archery,18
-5000,initial,61,Old dorromland Tribe,Central Plain,6,Calendar,18
-5000,initial,62,Great noralkaria Tribe,Atlantic Fringe,100,Cordage and Knots,15
-5000,initial,62,Great noralkaria Tribe,Atlantic Fringe,101,Hide Working and Tailored Clothing,15
-5000,initial,62,Great noralkaria Tribe,Atlantic Fringe,102,Hafted Stone Tools,15
-5000,initial,62,Great noralkaria Tribe,Atlantic Fringe,105,Food Preservation,15
-5000,initial,62,Great noralkaria Tribe,Atlantic Fringe,106,Storage Pits and Containers,15
-5000,initial,62,Great noralkaria Tribe,Atlantic Fringe,107,Seasonal Aggregation Camps,15
-5000,initial,62,Great noralkaria Tribe,Atlantic Fringe,111,Grinding Stones,15
-5000,initial,62,Great noralkaria Tribe,Atlantic Fringe,112,Proto-cultivation,15
-5000,initial,62,Great noralkaria Tribe,Atlantic Fringe,113,Sedentism,15
-5000,initial,62,Great noralkaria Tribe,Atlantic Fringe,116,Charcoal Firing,15
-5000,initial,62,Great noralkaria Tribe,Atlantic Fringe,1,Pottery,15
-5000,initial,62,Great noralkaria Tribe,Atlantic Fringe,4,Mining,15
-5000,initial,62,Great noralkaria Tribe,Atlantic Fringe,20,Agriculture,15
-5000,initial,62,Great noralkaria Tribe,Atlantic Fringe,3,Archery,15
-5000,initial,62,Great noralkaria Tribe,Atlantic Fringe,6,Calendar,15
-5000,initial,63,Dornordorum Tribe,Atlantic Fringe,100,Cordage and Knots,15
-5000,initial,63,Dornordorum Tribe,Atlantic Fringe,101,Hide Working and Tailored Clothing,15
-5000,initial,63,Dornordorum Tribe,Atlantic Fringe,102,Hafted Stone Tools,15
-5000,initial,63,Dornordorum Tribe,Atlantic Fringe,105,Food Preservation,15
-5000,initial,63,Dornordorum Tribe,Atlantic Fringe,106,Storage Pits and Containers,15
-5000,initial,63,Dornordorum Tribe,Atlantic Fringe,107,Seasonal Aggregation Camps,15
-5000,initial,63,Dornordorum Tribe,Atlantic Fringe,111,Grinding Stones,15
-5000,initial,63,Dornordorum Tribe,Atlantic Fringe,112,Proto-cultivation,15
-5000,initial,63,Dornordorum Tribe,Atlantic Fringe,113,Sedentism,15
-5000,initial,63,Dornordorum Tribe,Atlantic Fringe,116,Charcoal Firing,15
-5000,initial,63,Dornordorum Tribe,Atlantic Fringe,1,Pottery,15
-5000,initial,63,Dornordorum Tribe,Atlantic Fringe,4,Mining,15
-5000,initial,63,Dornordorum Tribe,Atlantic Fringe,20,Agriculture,15
-5000,initial,63,Dornordorum Tribe,Atlantic Fringe,3,Archery,15
-5000,initial,63,Dornordorum Tribe,Atlantic Fringe,6,Calendar,15
-5000,initial,64,Sellenvenland Tribe,Northern Maritime,100,Cordage and Knots,11
-5000,initial,64,Sellenvenland Tribe,Northern Maritime,101,Hide Working and Tailored Clothing,11
-5000,initial,64,Sellenvenland Tribe,Northern Maritime,102,Hafted Stone Tools,11
-5000,initial,64,Sellenvenland Tribe,Northern Maritime,105,Food Preservation,11
-5000,initial,64,Sellenvenland Tribe,Northern Maritime,106,Storage Pits and Containers,11
-5000,initial,64,Sellenvenland Tribe,Northern Maritime,107,Seasonal Aggregation Camps,11
-5000,initial,64,Sellenvenland Tribe,Northern Maritime,111,Grinding Stones,11
-5000,initial,64,Sellenvenland Tribe,Northern Maritime,113,Sedentism,11
-5000,initial,64,Sellenvenland Tribe,Northern Maritime,4,Mining,11
-5000,initial,64,Sellenvenland Tribe,Northern Maritime,3,Archery,11
-5000,initial,64,Sellenvenland Tribe,Northern Maritime,6,Calendar,11
-5000,initial,65,Chitolcalan Tribe,Mesoamerican,100,Cordage and Knots,14
-5000,initial,65,Chitolcalan Tribe,Mesoamerican,101,Hide Working and Tailored Clothing,14
-5000,initial,65,Chitolcalan Tribe,Mesoamerican,102,Hafted Stone Tools,14
-5000,initial,65,Chitolcalan Tribe,Mesoamerican,105,Food Preservation,14
-5000,initial,65,Chitolcalan Tribe,Mesoamerican,106,Storage Pits and Containers,14
-5000,initial,65,Chitolcalan Tribe,Mesoamerican,107,Seasonal Aggregation Camps,14
-5000,initial,65,Chitolcalan Tribe,Mesoamerican,111,Grinding Stones,14
-5000,initial,65,Chitolcalan Tribe,Mesoamerican,112,Proto-cultivation,14
-5000,initial,65,Chitolcalan Tribe,Mesoamerican,113,Sedentism,14
-5000,initial,65,Chitolcalan Tribe,Mesoamerican,116,Charcoal Firing,14
-5000,initial,65,Chitolcalan Tribe,Mesoamerican,1,Pottery,14
-5000,initial,65,Chitolcalan Tribe,Mesoamerican,20,Agriculture,14
-5000,initial,65,Chitolcalan Tribe,Mesoamerican,3,Archery,14
-5000,initial,65,Chitolcalan Tribe,Mesoamerican,6,Calendar,14
-5000,initial,66,North chixocan Tribe,Mesoamerican,100,Cordage and Knots,14
-5000,initial,66,North chixocan Tribe,Mesoamerican,101,Hide Working and Tailored Clothing,14
-5000,initial,66,North chixocan Tribe,Mesoamerican,102,Hafted Stone Tools,14
-5000,initial,66,North chixocan Tribe,Mesoamerican,105,Food Preservation,14
-5000,initial,66,North chixocan Tribe,Mesoamerican,106,Storage Pits and Containers,14
-5000,initial,66,North chixocan Tribe,Mesoamerican,107,Seasonal Aggregation Camps,14
-5000,initial,66,North chixocan Tribe,Mesoamerican,111,Grinding Stones,14
-5000,initial,66,North chixocan Tribe,Mesoamerican,112,Proto-cultivation,14
-5000,initial,66,North chixocan Tribe,Mesoamerican,113,Sedentism,14
-5000,initial,66,North chixocan Tribe,Mesoamerican,116,Charcoal Firing,14
-5000,initial,66,North chixocan Tribe,Mesoamerican,1,Pottery,14
-5000,initial,66,North chixocan Tribe,Mesoamerican,20,Agriculture,14
-5000,initial,66,North chixocan Tribe,Mesoamerican,3,Archery,14
-5000,initial,66,North chixocan Tribe,Mesoamerican,6,Calendar,14
-5000,initial,67,North temtolchico Tribe,Mesoamerican,100,Cordage and Knots,14
-5000,initial,67,North temtolchico Tribe,Mesoamerican,101,Hide Working and Tailored Clothing,14
-5000,initial,67,North temtolchico Tribe,Mesoamerican,102,Hafted Stone Tools,14
-5000,initial,67,North temtolchico Tribe,Mesoamerican,105,Food Preservation,14
-5000,initial,67,North temtolchico Tribe,Mesoamerican,106,Storage Pits and Containers,14
-5000,initial,67,North temtolchico Tribe,Mesoamerican,107,Seasonal Aggregation Camps,14
-5000,initial,67,North temtolchico Tribe,Mesoamerican,111,Grinding Stones,14
-5000,initial,67,North temtolchico Tribe,Mesoamerican,112,Proto-cultivation,14
-5000,initial,67,North temtolchico Tribe,Mesoamerican,113,Sedentism,14
-5000,initial,67,North temtolchico Tribe,Mesoamerican,116,Charcoal Firing,14
-5000,initial,67,North temtolchico Tribe,Mesoamerican,1,Pottery,14
-5000,initial,67,North temtolchico Tribe,Mesoamerican,20,Agriculture,14
-5000,initial,67,North temtolchico Tribe,Mesoamerican,3,Archery,14
-5000,initial,67,North temtolchico Tribe,Mesoamerican,6,Calendar,14
-5000,initial,68,Teocalco Tribe,Mesoamerican,100,Cordage and Knots,14
-5000,initial,68,Teocalco Tribe,Mesoamerican,101,Hide Working and Tailored Clothing,14
-5000,initial,68,Teocalco Tribe,Mesoamerican,102,Hafted Stone Tools,14
-5000,initial,68,Teocalco Tribe,Mesoamerican,105,Food Preservation,14
-5000,initial,68,Teocalco Tribe,Mesoamerican,106,Storage Pits and Containers,14
-5000,initial,68,Teocalco Tribe,Mesoamerican,107,Seasonal Aggregation Camps,14
-5000,initial,68,Teocalco Tribe,Mesoamerican,111,Grinding Stones,14
-5000,initial,68,Teocalco Tribe,Mesoamerican,112,Proto-cultivation,14
-5000,initial,68,Teocalco Tribe,Mesoamerican,113,Sedentism,14
-5000,initial,68,Teocalco Tribe,Mesoamerican,116,Charcoal Firing,14
-5000,initial,68,Teocalco Tribe,Mesoamerican,1,Pottery,14
-5000,initial,68,Teocalco Tribe,Mesoamerican,20,Agriculture,14
-5000,initial,68,Teocalco Tribe,Mesoamerican,3,Archery,14
-5000,initial,68,Teocalco Tribe,Mesoamerican,6,Calendar,14
-5000,initial,69,New nahteomixan Tribe,Mesoamerican,100,Cordage and Knots,14
-5000,initial,69,New nahteomixan Tribe,Mesoamerican,101,Hide Working and Tailored Clothing,14
-5000,initial,69,New nahteomixan Tribe,Mesoamerican,102,Hafted Stone Tools,14
-5000,initial,69,New nahteomixan Tribe,Mesoamerican,105,Food Preservation,14
-5000,initial,69,New nahteomixan Tribe,Mesoamerican,106,Storage Pits and Containers,14
-5000,initial,69,New nahteomixan Tribe,Mesoamerican,107,Seasonal Aggregation Camps,14
-5000,initial,69,New nahteomixan Tribe,Mesoamerican,111,Grinding Stones,14
-5000,initial,69,New nahteomixan Tribe,Mesoamerican,112,Proto-cultivation,14
-5000,initial,69,New nahteomixan Tribe,Mesoamerican,113,Sedentism,14
-5000,initial,69,New nahteomixan Tribe,Mesoamerican,116,Charcoal Firing,14
-5000,initial,69,New nahteomixan Tribe,Mesoamerican,1,Pottery,14
-5000,initial,69,New nahteomixan Tribe,Mesoamerican,20,Agriculture,14
-5000,initial,69,New nahteomixan Tribe,Mesoamerican,3,Archery,14
-5000,initial,69,New nahteomixan Tribe,Mesoamerican,6,Calendar,14
-5000,initial,70,North teoteopan Tribe,Mesoamerican,100,Cordage and Knots,14
-5000,initial,70,North teoteopan Tribe,Mesoamerican,101,Hide Working and Tailored Clothing,14
-5000,initial,70,North teoteopan Tribe,Mesoamerican,102,Hafted Stone Tools,14
-5000,initial,70,North teoteopan Tribe,Mesoamerican,105,Food Preservation,14
-5000,initial,70,North teoteopan Tribe,Mesoamerican,106,Storage Pits and Containers,14
-5000,initial,70,North teoteopan Tribe,Mesoamerican,107,Seasonal Aggregation Camps,14
-5000,initial,70,North teoteopan Tribe,Mesoamerican,111,Grinding Stones,14
-5000,initial,70,North teoteopan Tribe,Mesoamerican,112,Proto-cultivation,14
-5000,initial,70,North teoteopan Tribe,Mesoamerican,113,Sedentism,14
-5000,initial,70,North teoteopan Tribe,Mesoamerican,116,Charcoal Firing,14
-5000,initial,70,North teoteopan Tribe,Mesoamerican,1,Pottery,14
-5000,initial,70,North teoteopan Tribe,Mesoamerican,20,Agriculture,14
-5000,initial,70,North teoteopan Tribe,Mesoamerican,3,Archery,14
-5000,initial,70,North teoteopan Tribe,Mesoamerican,6,Calendar,14
-5000,initial,71,Great itzcaltan Tribe,Mesoamerican,100,Cordage and Knots,14
-5000,initial,71,Great itzcaltan Tribe,Mesoamerican,101,Hide Working and Tailored Clothing,14
-5000,initial,71,Great itzcaltan Tribe,Mesoamerican,102,Hafted Stone Tools,14
-5000,initial,71,Great itzcaltan Tribe,Mesoamerican,105,Food Preservation,14
-5000,initial,71,Great itzcaltan Tribe,Mesoamerican,106,Storage Pits and Containers,14
-5000,initial,71,Great itzcaltan Tribe,Mesoamerican,107,Seasonal Aggregation Camps,14
-5000,initial,71,Great itzcaltan Tribe,Mesoamerican,111,Grinding Stones,14
-5000,initial,71,Great itzcaltan Tribe,Mesoamerican,112,Proto-cultivation,14
-5000,initial,71,Great itzcaltan Tribe,Mesoamerican,113,Sedentism,14
-5000,initial,71,Great itzcaltan Tribe,Mesoamerican,116,Charcoal Firing,14
-5000,initial,71,Great itzcaltan Tribe,Mesoamerican,1,Pottery,14
-5000,initial,71,Great itzcaltan Tribe,Mesoamerican,20,Agriculture,14
-5000,initial,71,Great itzcaltan Tribe,Mesoamerican,3,Archery,14
-5000,initial,71,Great itzcaltan Tribe,Mesoamerican,6,Calendar,14
-5000,initial,72,Temxoctempan Tribe,Mesoamerican,100,Cordage and Knots,14
-5000,initial,72,Temxoctempan Tribe,Mesoamerican,101,Hide Working and Tailored Clothing,14
-5000,initial,72,Temxoctempan Tribe,Mesoamerican,102,Hafted Stone Tools,14
-5000,initial,72,Temxoctempan Tribe,Mesoamerican,105,Food Preservation,14
-5000,initial,72,Temxoctempan Tribe,Mesoamerican,106,Storage Pits and Containers,14
-5000,initial,72,Temxoctempan Tribe,Mesoamerican,107,Seasonal Aggregation Camps,14
-5000,initial,72,Temxoctempan Tribe,Mesoamerican,111,Grinding Stones,14
-5000,initial,72,Temxoctempan Tribe,Mesoamerican,112,Proto-cultivation,14
-5000,initial,72,Temxoctempan Tribe,Mesoamerican,113,Sedentism,14
-5000,initial,72,Temxoctempan Tribe,Mesoamerican,116,Charcoal Firing,14
-5000,initial,72,Temxoctempan Tribe,Mesoamerican,1,Pottery,14
-5000,initial,72,Temxoctempan Tribe,Mesoamerican,20,Agriculture,14
-5000,initial,72,Temxoctempan Tribe,Mesoamerican,3,Archery,14
-5000,initial,72,Temxoctempan Tribe,Mesoamerican,6,Calendar,14
-5000,initial,73,South temtempan Tribe,Mesoamerican,100,Cordage and Knots,14
-5000,initial,73,South temtempan Tribe,Mesoamerican,101,Hide Working and Tailored Clothing,14
-5000,initial,73,South temtempan Tribe,Mesoamerican,102,Hafted Stone Tools,14
-5000,initial,73,South temtempan Tribe,Mesoamerican,105,Food Preservation,14
-5000,initial,73,South temtempan Tribe,Mesoamerican,106,Storage Pits and Containers,14
-5000,initial,73,South temtempan Tribe,Mesoamerican,107,Seasonal Aggregation Camps,14
-5000,initial,73,South temtempan Tribe,Mesoamerican,111,Grinding Stones,14
-5000,initial,73,South temtempan Tribe,Mesoamerican,112,Proto-cultivation,14
-5000,initial,73,South temtempan Tribe,Mesoamerican,113,Sedentism,14
-5000,initial,73,South temtempan Tribe,Mesoamerican,116,Charcoal Firing,14
-5000,initial,73,South temtempan Tribe,Mesoamerican,1,Pottery,14
-5000,initial,73,South temtempan Tribe,Mesoamerican,20,Agriculture,14
-5000,initial,73,South temtempan Tribe,Mesoamerican,3,Archery,14
-5000,initial,73,South temtempan Tribe,Mesoamerican,6,Calendar,14
-5000,initial,74,New itztol Tribe,Mesoamerican,100,Cordage and Knots,14
-5000,initial,74,New itztol Tribe,Mesoamerican,101,Hide Working and Tailored Clothing,14
-5000,initial,74,New itztol Tribe,Mesoamerican,102,Hafted Stone Tools,14
-5000,initial,74,New itztol Tribe,Mesoamerican,105,Food Preservation,14
-5000,initial,74,New itztol Tribe,Mesoamerican,106,Storage Pits and Containers,14
-5000,initial,74,New itztol Tribe,Mesoamerican,107,Seasonal Aggregation Camps,14
-5000,initial,74,New itztol Tribe,Mesoamerican,111,Grinding Stones,14
-5000,initial,74,New itztol Tribe,Mesoamerican,112,Proto-cultivation,14
-5000,initial,74,New itztol Tribe,Mesoamerican,113,Sedentism,14
-5000,initial,74,New itztol Tribe,Mesoamerican,116,Charcoal Firing,14
-5000,initial,74,New itztol Tribe,Mesoamerican,1,Pottery,14
-5000,initial,74,New itztol Tribe,Mesoamerican,20,Agriculture,14
-5000,initial,74,New itztol Tribe,Mesoamerican,3,Archery,14
-5000,initial,74,New itztol Tribe,Mesoamerican,6,Calendar,14
-5000,initial,75,Old intiayapachyu Tribe,Andean Highland,100,Cordage and Knots,15
-5000,initial,75,Old intiayapachyu Tribe,Andean Highland,101,Hide Working and Tailored Clothing,15
-5000,initial,75,Old intiayapachyu Tribe,Andean Highland,102,Hafted Stone Tools,15
-5000,initial,75,Old intiayapachyu Tribe,Andean Highland,105,Food Preservation,15
-5000,initial,75,Old intiayapachyu Tribe,Andean Highland,106,Storage Pits and Containers,15
-5000,initial,75,Old intiayapachyu Tribe,Andean Highland,107,Seasonal Aggregation Camps,15
-5000,initial,75,Old intiayapachyu Tribe,Andean Highland,111,Grinding Stones,15
-5000,initial,75,Old intiayapachyu Tribe,Andean Highland,112,Proto-cultivation,15
-5000,initial,75,Old intiayapachyu Tribe,Andean Highland,113,Sedentism,15
-5000,initial,75,Old intiayapachyu Tribe,Andean Highland,116,Charcoal Firing,15
-5000,initial,75,Old intiayapachyu Tribe,Andean Highland,1,Pottery,15
-5000,initial,75,Old intiayapachyu Tribe,Andean Highland,4,Mining,15
-5000,initial,75,Old intiayapachyu Tribe,Andean Highland,20,Agriculture,15
-5000,initial,75,Old intiayapachyu Tribe,Andean Highland,3,Archery,15
-5000,initial,75,Old intiayapachyu Tribe,Andean Highland,6,Calendar,15
-5000,initial,76,South sumintitupyu Tribe,Andean Highland,100,Cordage and Knots,15
-5000,initial,76,South sumintitupyu Tribe,Andean Highland,101,Hide Working and Tailored Clothing,15
-5000,initial,76,South sumintitupyu Tribe,Andean Highland,102,Hafted Stone Tools,15
-5000,initial,76,South sumintitupyu Tribe,Andean Highland,105,Food Preservation,15
-5000,initial,76,South sumintitupyu Tribe,Andean Highland,106,Storage Pits and Containers,15
-5000,initial,76,South sumintitupyu Tribe,Andean Highland,107,Seasonal Aggregation Camps,15
-5000,initial,76,South sumintitupyu Tribe,Andean Highland,111,Grinding Stones,15
-5000,initial,76,South sumintitupyu Tribe,Andean Highland,112,Proto-cultivation,15
-5000,initial,76,South sumintitupyu Tribe,Andean Highland,113,Sedentism,15
-5000,initial,76,South sumintitupyu Tribe,Andean Highland,116,Charcoal Firing,15
-5000,initial,76,South sumintitupyu Tribe,Andean Highland,1,Pottery,15
-5000,initial,76,South sumintitupyu Tribe,Andean Highland,4,Mining,15
-5000,initial,76,South sumintitupyu Tribe,Andean Highland,20,Agriculture,15
-5000,initial,76,South sumintitupyu Tribe,Andean Highland,3,Archery,15
-5000,initial,76,South sumintitupyu Tribe,Andean Highland,6,Calendar,15
-5000,initial,77,New sumrumqorimarca Tribe,Andean Highland,100,Cordage and Knots,15
-5000,initial,77,New sumrumqorimarca Tribe,Andean Highland,101,Hide Working and Tailored Clothing,15
-5000,initial,77,New sumrumqorimarca Tribe,Andean Highland,102,Hafted Stone Tools,15
-5000,initial,77,New sumrumqorimarca Tribe,Andean Highland,105,Food Preservation,15
-5000,initial,77,New sumrumqorimarca Tribe,Andean Highland,106,Storage Pits and Containers,15
-5000,initial,77,New sumrumqorimarca Tribe,Andean Highland,107,Seasonal Aggregation Camps,15
-5000,initial,77,New sumrumqorimarca Tribe,Andean Highland,111,Grinding Stones,15
-5000,initial,77,New sumrumqorimarca Tribe,Andean Highland,112,Proto-cultivation,15
-5000,initial,77,New sumrumqorimarca Tribe,Andean Highland,113,Sedentism,15
-5000,initial,77,New sumrumqorimarca Tribe,Andean Highland,116,Charcoal Firing,15
-5000,initial,77,New sumrumqorimarca Tribe,Andean Highland,1,Pottery,15
-5000,initial,77,New sumrumqorimarca Tribe,Andean Highland,4,Mining,15
-5000,initial,77,New sumrumqorimarca Tribe,Andean Highland,20,Agriculture,15
-5000,initial,77,New sumrumqorimarca Tribe,Andean Highland,3,Archery,15
-5000,initial,77,New sumrumqorimarca Tribe,Andean Highland,6,Calendar,15
-5000,initial,78,New rumkusa Tribe,Andean Highland,100,Cordage and Knots,15
-5000,initial,78,New rumkusa Tribe,Andean Highland,101,Hide Working and Tailored Clothing,15
-5000,initial,78,New rumkusa Tribe,Andean Highland,102,Hafted Stone Tools,15
-5000,initial,78,New rumkusa Tribe,Andean Highland,105,Food Preservation,15
-5000,initial,78,New rumkusa Tribe,Andean Highland,106,Storage Pits and Containers,15
-5000,initial,78,New rumkusa Tribe,Andean Highland,107,Seasonal Aggregation Camps,15
-5000,initial,78,New rumkusa Tribe,Andean Highland,111,Grinding Stones,15
-5000,initial,78,New rumkusa Tribe,Andean Highland,112,Proto-cultivation,15
-5000,initial,78,New rumkusa Tribe,Andean Highland,113,Sedentism,15
-5000,initial,78,New rumkusa Tribe,Andean Highland,116,Charcoal Firing,15
-5000,initial,78,New rumkusa Tribe,Andean Highland,1,Pottery,15
-5000,initial,78,New rumkusa Tribe,Andean Highland,4,Mining,15
-5000,initial,78,New rumkusa Tribe,Andean Highland,20,Agriculture,15
-5000,initial,78,New rumkusa Tribe,Andean Highland,3,Archery,15
-5000,initial,78,New rumkusa Tribe,Andean Highland,6,Calendar,15
-5000,initial,79,Intisumkusa Tribe,Andean Highland,100,Cordage and Knots,15
-5000,initial,79,Intisumkusa Tribe,Andean Highland,101,Hide Working and Tailored Clothing,15
-5000,initial,79,Intisumkusa Tribe,Andean Highland,102,Hafted Stone Tools,15
-5000,initial,79,Intisumkusa Tribe,Andean Highland,105,Food Preservation,15
-5000,initial,79,Intisumkusa Tribe,Andean Highland,106,Storage Pits and Containers,15
-5000,initial,79,Intisumkusa Tribe,Andean Highland,107,Seasonal Aggregation Camps,15
-5000,initial,79,Intisumkusa Tribe,Andean Highland,111,Grinding Stones,15
-5000,initial,79,Intisumkusa Tribe,Andean Highland,112,Proto-cultivation,15
-5000,initial,79,Intisumkusa Tribe,Andean Highland,113,Sedentism,15
-5000,initial,79,Intisumkusa Tribe,Andean Highland,116,Charcoal Firing,15
-5000,initial,79,Intisumkusa Tribe,Andean Highland,1,Pottery,15
-5000,initial,79,Intisumkusa Tribe,Andean Highland,4,Mining,15
-5000,initial,79,Intisumkusa Tribe,Andean Highland,20,Agriculture,15
-5000,initial,79,Intisumkusa Tribe,Andean Highland,3,Archery,15
-5000,initial,79,Intisumkusa Tribe,Andean Highland,6,Calendar,15
-5000,initial,80,Suyusuyua Tribe,Andean Highland,100,Cordage and Knots,15
-5000,initial,80,Suyusuyua Tribe,Andean Highland,101,Hide Working and Tailored Clothing,15
-5000,initial,80,Suyusuyua Tribe,Andean Highland,102,Hafted Stone Tools,15
-5000,initial,80,Suyusuyua Tribe,Andean Highland,105,Food Preservation,15
-5000,initial,80,Suyusuyua Tribe,Andean Highland,106,Storage Pits and Containers,15
-5000,initial,80,Suyusuyua Tribe,Andean Highland,107,Seasonal Aggregation Camps,15
-5000,initial,80,Suyusuyua Tribe,Andean Highland,111,Grinding Stones,15
-5000,initial,80,Suyusuyua Tribe,Andean Highland,112,Proto-cultivation,15
-5000,initial,80,Suyusuyua Tribe,Andean Highland,113,Sedentism,15
-5000,initial,80,Suyusuyua Tribe,Andean Highland,116,Charcoal Firing,15
-5000,initial,80,Suyusuyua Tribe,Andean Highland,1,Pottery,15
-5000,initial,80,Suyusuyua Tribe,Andean Highland,4,Mining,15
-5000,initial,80,Suyusuyua Tribe,Andean Highland,20,Agriculture,15
-5000,initial,80,Suyusuyua Tribe,Andean Highland,3,Archery,15
-5000,initial,80,Suyusuyua Tribe,Andean Highland,6,Calendar,15
-5000,initial,81,Old ayatupkusa Tribe,Andean Highland,100,Cordage and Knots,15
-5000,initial,81,Old ayatupkusa Tribe,Andean Highland,101,Hide Working and Tailored Clothing,15
-5000,initial,81,Old ayatupkusa Tribe,Andean Highland,102,Hafted Stone Tools,15
-5000,initial,81,Old ayatupkusa Tribe,Andean Highland,105,Food Preservation,15
-5000,initial,81,Old ayatupkusa Tribe,Andean Highland,106,Storage Pits and Containers,15
-5000,initial,81,Old ayatupkusa Tribe,Andean Highland,107,Seasonal Aggregation Camps,15
-5000,initial,81,Old ayatupkusa Tribe,Andean Highland,111,Grinding Stones,15
-5000,initial,81,Old ayatupkusa Tribe,Andean Highland,112,Proto-cultivation,15
-5000,initial,81,Old ayatupkusa Tribe,Andean Highland,113,Sedentism,15
-5000,initial,81,Old ayatupkusa Tribe,Andean Highland,116,Charcoal Firing,15
-5000,initial,81,Old ayatupkusa Tribe,Andean Highland,1,Pottery,15
-5000,initial,81,Old ayatupkusa Tribe,Andean Highland,4,Mining,15
-5000,initial,81,Old ayatupkusa Tribe,Andean Highland,20,Agriculture,15
-5000,initial,81,Old ayatupkusa Tribe,Andean Highland,3,Archery,15
-5000,initial,81,Old ayatupkusa Tribe,Andean Highland,6,Calendar,15
-5000,initial,82,Great lorquiland Tribe,Eastern Woodland,100,Cordage and Knots,11
-5000,initial,82,Great lorquiland Tribe,Eastern Woodland,101,Hide Working and Tailored Clothing,11
-5000,initial,82,Great lorquiland Tribe,Eastern Woodland,102,Hafted Stone Tools,11
-5000,initial,82,Great lorquiland Tribe,Eastern Woodland,105,Food Preservation,11
-5000,initial,82,Great lorquiland Tribe,Eastern Woodland,106,Storage Pits and Containers,11
-5000,initial,82,Great lorquiland Tribe,Eastern Woodland,107,Seasonal Aggregation Camps,11
-5000,initial,82,Great lorquiland Tribe,Eastern Woodland,111,Grinding Stones,11
-5000,initial,82,Great lorquiland Tribe,Eastern Woodland,113,Sedentism,11
-5000,initial,82,Great lorquiland Tribe,Eastern Woodland,4,Mining,11
-5000,initial,82,Great lorquiland Tribe,Eastern Woodland,3,Archery,11
-5000,initial,82,Great lorquiland Tribe,Eastern Woodland,6,Calendar,11
-5000,initial,83,New rommar Tribe,Eastern Woodland,100,Cordage and Knots,11
-5000,initial,83,New rommar Tribe,Eastern Woodland,101,Hide Working and Tailored Clothing,11
-5000,initial,83,New rommar Tribe,Eastern Woodland,102,Hafted Stone Tools,11
-5000,initial,83,New rommar Tribe,Eastern Woodland,105,Food Preservation,11
-5000,initial,83,New rommar Tribe,Eastern Woodland,106,Storage Pits and Containers,11
-5000,initial,83,New rommar Tribe,Eastern Woodland,107,Seasonal Aggregation Camps,11
-5000,initial,83,New rommar Tribe,Eastern Woodland,111,Grinding Stones,11
-5000,initial,83,New rommar Tribe,Eastern Woodland,113,Sedentism,11
-5000,initial,83,New rommar Tribe,Eastern Woodland,4,Mining,11
-5000,initial,83,New rommar Tribe,Eastern Woodland,3,Archery,11
-5000,initial,83,New rommar Tribe,Eastern Woodland,6,Calendar,11
-5000,initial,84,North rommarland Tribe,Eastern Woodland,100,Cordage and Knots,11
-5000,initial,84,North rommarland Tribe,Eastern Woodland,101,Hide Working and Tailored Clothing,11
-5000,initial,84,North rommarland Tribe,Eastern Woodland,102,Hafted Stone Tools,11
-5000,initial,84,North rommarland Tribe,Eastern Woodland,105,Food Preservation,11
-5000,initial,84,North rommarland Tribe,Eastern Woodland,106,Storage Pits and Containers,11
-5000,initial,84,North rommarland Tribe,Eastern Woodland,107,Seasonal Aggregation Camps,11
-5000,initial,84,North rommarland Tribe,Eastern Woodland,111,Grinding Stones,11
-5000,initial,84,North rommarland Tribe,Eastern Woodland,113,Sedentism,11
-5000,initial,84,North rommarland Tribe,Eastern Woodland,4,Mining,11
-5000,initial,84,North rommarland Tribe,Eastern Woodland,3,Archery,11
-5000,initial,84,North rommarland Tribe,Eastern Woodland,6,Calendar,11
-5000,initial,85,Old romlinia Tribe,Eastern Woodland,100,Cordage and Knots,11
-5000,initial,85,Old romlinia Tribe,Eastern Woodland,101,Hide Working and Tailored Clothing,11
-5000,initial,85,Old romlinia Tribe,Eastern Woodland,102,Hafted Stone Tools,11
-5000,initial,85,Old romlinia Tribe,Eastern Woodland,105,Food Preservation,11
-5000,initial,85,Old romlinia Tribe,Eastern Woodland,106,Storage Pits and Containers,11
-5000,initial,85,Old romlinia Tribe,Eastern Woodland,107,Seasonal Aggregation Camps,11
-5000,initial,85,Old romlinia Tribe,Eastern Woodland,111,Grinding Stones,11
-5000,initial,85,Old romlinia Tribe,Eastern Woodland,113,Sedentism,11
-5000,initial,85,Old romlinia Tribe,Eastern Woodland,4,Mining,11
-5000,initial,85,Old romlinia Tribe,Eastern Woodland,3,Archery,11
-5000,initial,85,Old romlinia Tribe,Eastern Woodland,6,Calendar,11
-5000,initial,86,Old terrom Tribe,Eastern Woodland,100,Cordage and Knots,11
-5000,initial,86,Old terrom Tribe,Eastern Woodland,101,Hide Working and Tailored Clothing,11
-5000,initial,86,Old terrom Tribe,Eastern Woodland,102,Hafted Stone Tools,11
-5000,initial,86,Old terrom Tribe,Eastern Woodland,105,Food Preservation,11
-5000,initial,86,Old terrom Tribe,Eastern Woodland,106,Storage Pits and Containers,11
-5000,initial,86,Old terrom Tribe,Eastern Woodland,107,Seasonal Aggregation Camps,11
-5000,initial,86,Old terrom Tribe,Eastern Woodland,111,Grinding Stones,11
-5000,initial,86,Old terrom Tribe,Eastern Woodland,113,Sedentism,11
-5000,initial,86,Old terrom Tribe,Eastern Woodland,4,Mining,11
-5000,initial,86,Old terrom Tribe,Eastern Woodland,3,Archery,11
-5000,initial,86,Old terrom Tribe,Eastern Woodland,6,Calendar,11
-5000,initial,87,Old zensollinia Tribe,Eastern Woodland,100,Cordage and Knots,11
-5000,initial,87,Old zensollinia Tribe,Eastern Woodland,101,Hide Working and Tailored Clothing,11
-5000,initial,87,Old zensollinia Tribe,Eastern Woodland,102,Hafted Stone Tools,11
-5000,initial,87,Old zensollinia Tribe,Eastern Woodland,105,Food Preservation,11
-5000,initial,87,Old zensollinia Tribe,Eastern Woodland,106,Storage Pits and Containers,11
-5000,initial,87,Old zensollinia Tribe,Eastern Woodland,107,Seasonal Aggregation Camps,11
-5000,initial,87,Old zensollinia Tribe,Eastern Woodland,111,Grinding Stones,11
-5000,initial,87,Old zensollinia Tribe,Eastern Woodland,113,Sedentism,11
-5000,initial,87,Old zensollinia Tribe,Eastern Woodland,4,Mining,11
-5000,initial,87,Old zensollinia Tribe,Eastern Woodland,3,Archery,11
-5000,initial,87,Old zensollinia Tribe,Eastern Woodland,6,Calendar,11
-5000,initial,88,South duskindusstan Tribe,Eastern Woodland,100,Cordage and Knots,11
-5000,initial,88,South duskindusstan Tribe,Eastern Woodland,101,Hide Working and Tailored Clothing,11
-5000,initial,88,South duskindusstan Tribe,Eastern Woodland,102,Hafted Stone Tools,11
-5000,initial,88,South duskindusstan Tribe,Eastern Woodland,105,Food Preservation,11
-5000,initial,88,South duskindusstan Tribe,Eastern Woodland,106,Storage Pits and Containers,11
-5000,initial,88,South duskindusstan Tribe,Eastern Woodland,107,Seasonal Aggregation Camps,11
-5000,initial,88,South duskindusstan Tribe,Eastern Woodland,111,Grinding Stones,11
-5000,initial,88,South duskindusstan Tribe,Eastern Woodland,113,Sedentism,11
-5000,initial,88,South duskindusstan Tribe,Eastern Woodland,4,Mining,11
-5000,initial,88,South duskindusstan Tribe,Eastern Woodland,3,Archery,11
-5000,initial,88,South duskindusstan Tribe,Eastern Woodland,6,Calendar,11
-5000,initial,89,North lorsolkin Tribe,Western Plains,100,Cordage and Knots,11
-5000,initial,89,North lorsolkin Tribe,Western Plains,101,Hide Working and Tailored Clothing,11
-5000,initial,89,North lorsolkin Tribe,Western Plains,102,Hafted Stone Tools,11
-5000,initial,89,North lorsolkin Tribe,Western Plains,105,Food Preservation,11
-5000,initial,89,North lorsolkin Tribe,Western Plains,106,Storage Pits and Containers,11
-5000,initial,89,North lorsolkin Tribe,Western Plains,107,Seasonal Aggregation Camps,11
-5000,initial,89,North lorsolkin Tribe,Western Plains,111,Grinding Stones,11
-5000,initial,89,North lorsolkin Tribe,Western Plains,113,Sedentism,11
-5000,initial,89,North lorsolkin Tribe,Western Plains,4,Mining,11
-5000,initial,89,North lorsolkin Tribe,Western Plains,3,Archery,11
-5000,initial,89,North lorsolkin Tribe,Western Plains,6,Calendar,11
-5000,initial,90,Old romna Tribe,Western Plains,100,Cordage and Knots,11
-5000,initial,90,Old romna Tribe,Western Plains,101,Hide Working and Tailored Clothing,11
-5000,initial,90,Old romna Tribe,Western Plains,102,Hafted Stone Tools,11
-5000,initial,90,Old romna Tribe,Western Plains,105,Food Preservation,11
-5000,initial,90,Old romna Tribe,Western Plains,106,Storage Pits and Containers,11
-5000,initial,90,Old romna Tribe,Western Plains,107,Seasonal Aggregation Camps,11
-5000,initial,90,Old romna Tribe,Western Plains,111,Grinding Stones,11
-5000,initial,90,Old romna Tribe,Western Plains,113,Sedentism,11
-5000,initial,90,Old romna Tribe,Western Plains,4,Mining,11
-5000,initial,90,Old romna Tribe,Western Plains,3,Archery,11
-5000,initial,90,Old romna Tribe,Western Plains,6,Calendar,11
-5000,initial,91,Old dusrania Tribe,Western Plains,100,Cordage and Knots,11
-5000,initial,91,Old dusrania Tribe,Western Plains,101,Hide Working and Tailored Clothing,11
-5000,initial,91,Old dusrania Tribe,Western Plains,102,Hafted Stone Tools,11
-5000,initial,91,Old dusrania Tribe,Western Plains,105,Food Preservation,11
-5000,initial,91,Old dusrania Tribe,Western Plains,106,Storage Pits and Containers,11
-5000,initial,91,Old dusrania Tribe,Western Plains,107,Seasonal Aggregation Camps,11
-5000,initial,91,Old dusrania Tribe,Western Plains,111,Grinding Stones,11
-5000,initial,91,Old dusrania Tribe,Western Plains,113,Sedentism,11
-5000,initial,91,Old dusrania Tribe,Western Plains,4,Mining,11
-5000,initial,91,Old dusrania Tribe,Western Plains,3,Archery,11
-5000,initial,91,Old dusrania Tribe,Western Plains,6,Calendar,11
-5000,initial,92,Old quisolbelgrad Tribe,Western Plains,100,Cordage and Knots,11
-5000,initial,92,Old quisolbelgrad Tribe,Western Plains,101,Hide Working and Tailored Clothing,11
-5000,initial,92,Old quisolbelgrad Tribe,Western Plains,102,Hafted Stone Tools,11
-5000,initial,92,Old quisolbelgrad Tribe,Western Plains,105,Food Preservation,11
-5000,initial,92,Old quisolbelgrad Tribe,Western Plains,106,Storage Pits and Containers,11
-5000,initial,92,Old quisolbelgrad Tribe,Western Plains,107,Seasonal Aggregation Camps,11
-5000,initial,92,Old quisolbelgrad Tribe,Western Plains,111,Grinding Stones,11
-5000,initial,92,Old quisolbelgrad Tribe,Western Plains,113,Sedentism,11
-5000,initial,92,Old quisolbelgrad Tribe,Western Plains,4,Mining,11
-5000,initial,92,Old quisolbelgrad Tribe,Western Plains,3,Archery,11
-5000,initial,92,Old quisolbelgrad Tribe,Western Plains,6,Calendar,11
-5000,initial,93,North quigar Tribe,Western Plains,100,Cordage and Knots,11
-5000,initial,93,North quigar Tribe,Western Plains,101,Hide Working and Tailored Clothing,11
-5000,initial,93,North quigar Tribe,Western Plains,102,Hafted Stone Tools,11
-5000,initial,93,North quigar Tribe,Western Plains,105,Food Preservation,11
-5000,initial,93,North quigar Tribe,Western Plains,106,Storage Pits and Containers,11
-5000,initial,93,North quigar Tribe,Western Plains,107,Seasonal Aggregation Camps,11
-5000,initial,93,North quigar Tribe,Western Plains,111,Grinding Stones,11
-5000,initial,93,North quigar Tribe,Western Plains,113,Sedentism,11
-5000,initial,93,North quigar Tribe,Western Plains,4,Mining,11
-5000,initial,93,North quigar Tribe,Western Plains,3,Archery,11
-5000,initial,93,North quigar Tribe,Western Plains,6,Calendar,11
-5000,initial,94,Great ranterkinland Tribe,Western Plains,100,Cordage and Knots,11
-5000,initial,94,Great ranterkinland Tribe,Western Plains,101,Hide Working and Tailored Clothing,11
-5000,initial,94,Great ranterkinland Tribe,Western Plains,102,Hafted Stone Tools,11
-5000,initial,94,Great ranterkinland Tribe,Western Plains,105,Food Preservation,11
-5000,initial,94,Great ranterkinland Tribe,Western Plains,106,Storage Pits and Containers,11
-5000,initial,94,Great ranterkinland Tribe,Western Plains,107,Seasonal Aggregation Camps,11
-5000,initial,94,Great ranterkinland Tribe,Western Plains,111,Grinding Stones,11
-5000,initial,94,Great ranterkinland Tribe,Western Plains,113,Sedentism,11
-5000,initial,94,Great ranterkinland Tribe,Western Plains,4,Mining,11
-5000,initial,94,Great ranterkinland Tribe,Western Plains,3,Archery,11
-5000,initial,94,Great ranterkinland Tribe,Western Plains,6,Calendar,11
-5000,initial,95,Old quilorsolgrad Tribe,Western Plains,100,Cordage and Knots,11
-5000,initial,95,Old quilorsolgrad Tribe,Western Plains,101,Hide Working and Tailored Clothing,11
-5000,initial,95,Old quilorsolgrad Tribe,Western Plains,102,Hafted Stone Tools,11
-5000,initial,95,Old quilorsolgrad Tribe,Western Plains,105,Food Preservation,11
-5000,initial,95,Old quilorsolgrad Tribe,Western Plains,106,Storage Pits and Containers,11
-5000,initial,95,Old quilorsolgrad Tribe,Western Plains,107,Seasonal Aggregation Camps,11
-5000,initial,95,Old quilorsolgrad Tribe,Western Plains,111,Grinding Stones,11
-5000,initial,95,Old quilorsolgrad Tribe,Western Plains,113,Sedentism,11
-5000,initial,95,Old quilorsolgrad Tribe,Western Plains,4,Mining,11
-5000,initial,95,Old quilorsolgrad Tribe,Western Plains,3,Archery,11
-5000,initial,95,Old quilorsolgrad Tribe,Western Plains,6,Calendar,11
-5000,initial,96,Great marran Tribe,Western Plains,100,Cordage and Knots,11
-5000,initial,96,Great marran Tribe,Western Plains,101,Hide Working and Tailored Clothing,11
-5000,initial,96,Great marran Tribe,Western Plains,102,Hafted Stone Tools,11
-5000,initial,96,Great marran Tribe,Western Plains,105,Food Preservation,11
-5000,initial,96,Great marran Tribe,Western Plains,106,Storage Pits and Containers,11
-5000,initial,96,Great marran Tribe,Western Plains,107,Seasonal Aggregation Camps,11
-5000,initial,96,Great marran Tribe,Western Plains,111,Grinding Stones,11
-5000,initial,96,Great marran Tribe,Western Plains,113,Sedentism,11
-5000,initial,96,Great marran Tribe,Western Plains,4,Mining,11
-5000,initial,96,Great marran Tribe,Western Plains,3,Archery,11
-5000,initial,96,Great marran Tribe,Western Plains,6,Calendar,11
-5000,initial,97,Great viaquidusgrad Tribe,Caribbean Seafaring,100,Cordage and Knots,12
-5000,initial,97,Great viaquidusgrad Tribe,Caribbean Seafaring,101,Hide Working and Tailored Clothing,12
-5000,initial,97,Great viaquidusgrad Tribe,Caribbean Seafaring,102,Hafted Stone Tools,12
-5000,initial,97,Great viaquidusgrad Tribe,Caribbean Seafaring,104,Fishing Technology,12
-5000,initial,97,Great viaquidusgrad Tribe,Caribbean Seafaring,105,Food Preservation,12
-5000,initial,97,Great viaquidusgrad Tribe,Caribbean Seafaring,106,Storage Pits and Containers,12
-5000,initial,97,Great viaquidusgrad Tribe,Caribbean Seafaring,107,Seasonal Aggregation Camps,12
-5000,initial,97,Great viaquidusgrad Tribe,Caribbean Seafaring,108,Watercraft,12
-5000,initial,97,Great viaquidusgrad Tribe,Caribbean Seafaring,113,Sedentism,12
-5000,initial,97,Great viaquidusgrad Tribe,Caribbean Seafaring,3,Archery,12
-5000,initial,97,Great viaquidusgrad Tribe,Caribbean Seafaring,5,Sailing,12
-5000,initial,97,Great viaquidusgrad Tribe,Caribbean Seafaring,6,Calendar,12
-5000,initial,98,Old rahiva Tribe,Oceanic Navigators,100,Cordage and Knots,12
-5000,initial,98,Old rahiva Tribe,Oceanic Navigators,101,Hide Working and Tailored Clothing,12
-5000,initial,98,Old rahiva Tribe,Oceanic Navigators,102,Hafted Stone Tools,12
-5000,initial,98,Old rahiva Tribe,Oceanic Navigators,104,Fishing Technology,12
-5000,initial,98,Old rahiva Tribe,Oceanic Navigators,105,Food Preservation,12
-5000,initial,98,Old rahiva Tribe,Oceanic Navigators,106,Storage Pits and Containers,12
-5000,initial,98,Old rahiva Tribe,Oceanic Navigators,107,Seasonal Aggregation Camps,12
-5000,initial,98,Old rahiva Tribe,Oceanic Navigators,108,Watercraft,12
-5000,initial,98,Old rahiva Tribe,Oceanic Navigators,113,Sedentism,12
-5000,initial,98,Old rahiva Tribe,Oceanic Navigators,3,Archery,12
-5000,initial,98,Old rahiva Tribe,Oceanic Navigators,5,Sailing,12
-5000,initial,98,Old rahiva Tribe,Oceanic Navigators,6,Calendar,12
-5000,initial,99,Old tanetakai Tribe,Oceanic Navigators,100,Cordage and Knots,12
-5000,initial,99,Old tanetakai Tribe,Oceanic Navigators,101,Hide Working and Tailored Clothing,12
-5000,initial,99,Old tanetakai Tribe,Oceanic Navigators,102,Hafted Stone Tools,12
-5000,initial,99,Old tanetakai Tribe,Oceanic Navigators,104,Fishing Technology,12
-5000,initial,99,Old tanetakai Tribe,Oceanic Navigators,105,Food Preservation,12
-5000,initial,99,Old tanetakai Tribe,Oceanic Navigators,106,Storage Pits and Containers,12
-5000,initial,99,Old tanetakai Tribe,Oceanic Navigators,107,Seasonal Aggregation Camps,12
-5000,initial,99,Old tanetakai Tribe,Oceanic Navigators,108,Watercraft,12
-5000,initial,99,Old tanetakai Tribe,Oceanic Navigators,113,Sedentism,12
-5000,initial,99,Old tanetakai Tribe,Oceanic Navigators,3,Archery,12
-5000,initial,99,Old tanetakai Tribe,Oceanic Navigators,5,Sailing,12
-5000,initial,99,Old tanetakai Tribe,Oceanic Navigators,6,Calendar,12
-4970,initial,100,New belquidusstan Tribe,Steppe Nomadic,100,Cordage and Knots,9
-4970,initial,100,New belquidusstan Tribe,Steppe Nomadic,101,Hide Working and Tailored Clothing,9
-4970,initial,100,New belquidusstan Tribe,Steppe Nomadic,102,Hafted Stone Tools,9
-4970,initial,100,New belquidusstan Tribe,Steppe Nomadic,105,Food Preservation,9
-4970,initial,100,New belquidusstan Tribe,Steppe Nomadic,106,Storage Pits and Containers,9
-4970,initial,100,New belquidusstan Tribe,Steppe Nomadic,107,Seasonal Aggregation Camps,9
-4970,initial,100,New belquidusstan Tribe,Steppe Nomadic,110,Dog Domestication,9
-4970,initial,100,New belquidusstan Tribe,Steppe Nomadic,111,Grinding Stones,9
-4970,initial,100,New belquidusstan Tribe,Steppe Nomadic,3,Archery,9
-4965,initial,101,Great venromland Tribe,Northern Maritime,100,Cordage and Knots,8
-4965,initial,101,Great venromland Tribe,Northern Maritime,101,Hide Working and Tailored Clothing,8
-4965,initial,101,Great venromland Tribe,Northern Maritime,102,Hafted Stone Tools,8
-4965,initial,101,Great venromland Tribe,Northern Maritime,105,Food Preservation,8
-4965,initial,101,Great venromland Tribe,Northern Maritime,106,Storage Pits and Containers,8
-4965,initial,101,Great venromland Tribe,Northern Maritime,107,Seasonal Aggregation Camps,8
-4965,initial,101,Great venromland Tribe,Northern Maritime,111,Grinding Stones,8
-4965,initial,101,Great venromland Tribe,Northern Maritime,3,Archery,8
-4965,initial,102,Solgarranland Tribe,Eastern Woodland,100,Cordage and Knots,8
-4965,initial,102,Solgarranland Tribe,Eastern Woodland,101,Hide Working and Tailored Clothing,8
-4965,initial,102,Solgarranland Tribe,Eastern Woodland,102,Hafted Stone Tools,8
-4965,initial,102,Solgarranland Tribe,Eastern Woodland,105,Food Preservation,8
-4965,initial,102,Solgarranland Tribe,Eastern Woodland,106,Storage Pits and Containers,8
-4965,initial,102,Solgarranland Tribe,Eastern Woodland,107,Seasonal Aggregation Camps,8
-4965,initial,102,Solgarranland Tribe,Eastern Woodland,111,Grinding Stones,8
-4965,initial,102,Solgarranland Tribe,Eastern Woodland,3,Archery,8
-4955,initial,103,Garvialand Tribe,Western Plains,100,Cordage and Knots,9
-4955,initial,103,Garvialand Tribe,Western Plains,101,Hide Working and Tailored Clothing,9
-4955,initial,103,Garvialand Tribe,Western Plains,102,Hafted Stone Tools,9
-4955,initial,103,Garvialand Tribe,Western Plains,105,Food Preservation,9
-4955,initial,103,Garvialand Tribe,Western Plains,106,Storage Pits and Containers,9
-4955,initial,103,Garvialand Tribe,Western Plains,107,Seasonal Aggregation Camps,9
-4955,initial,103,Garvialand Tribe,Western Plains,111,Grinding Stones,9
-4955,initial,103,Garvialand Tribe,Western Plains,4,Mining,9
-4955,initial,103,Garvialand Tribe,Western Plains,3,Archery,9
-4940,initial,104,New sursursurnagar Tribe,Indic Riverine,100,Cordage and Knots,11
-4940,initial,104,New sursursurnagar Tribe,Indic Riverine,101,Hide Working and Tailored Clothing,11
-4940,initial,104,New sursursurnagar Tribe,Indic Riverine,102,Hafted Stone Tools,11
-4940,initial,104,New sursursurnagar Tribe,Indic Riverine,105,Food Preservation,11
-4940,initial,104,New sursursurnagar Tribe,Indic Riverine,106,Storage Pits and Containers,11
-4940,initial,104,New sursursurnagar Tribe,Indic Riverine,107,Seasonal Aggregation Camps,11
-4940,initial,104,New sursursurnagar Tribe,Indic Riverine,110,Dog Domestication,11
-4940,initial,104,New sursursurnagar Tribe,Indic Riverine,111,Grinding Stones,11
-4940,initial,104,New sursursurnagar Tribe,Indic Riverine,116,Charcoal Firing,11
-4940,initial,104,New sursursurnagar Tribe,Indic Riverine,4,Mining,11
-4940,initial,104,New sursursurnagar Tribe,Indic Riverine,3,Archery,11
-4930,initial,105,Great belarninum Tribe,Fertile Crescent,100,Cordage and Knots,12
-4930,initial,105,Great belarninum Tribe,Fertile Crescent,101,Hide Working and Tailored Clothing,12
-4930,initial,105,Great belarninum Tribe,Fertile Crescent,102,Hafted Stone Tools,12
-4930,initial,105,Great belarninum Tribe,Fertile Crescent,105,Food Preservation,12
-4930,initial,105,Great belarninum Tribe,Fertile Crescent,106,Storage Pits and Containers,12
-4930,initial,105,Great belarninum Tribe,Fertile Crescent,107,Seasonal Aggregation Camps,12
-4930,initial,105,Great belarninum Tribe,Fertile Crescent,110,Dog Domestication,12
-4930,initial,105,Great belarninum Tribe,Fertile Crescent,111,Grinding Stones,12
-4930,initial,105,Great belarninum Tribe,Fertile Crescent,116,Charcoal Firing,12
-4930,initial,105,Great belarninum Tribe,Fertile Crescent,119,Native Copper Working,12
-4930,initial,105,Great belarninum Tribe,Fertile Crescent,4,Mining,12
-4930,initial,105,Great belarninum Tribe,Fertile Crescent,3,Archery,12
-4920,initial,106,Kingdom of South xiarenqinshan,East Riverine,100,Cordage and Knots,10
-4920,initial,106,Kingdom of South xiarenqinshan,East Riverine,101,Hide Working and Tailored Clothing,10
-4920,initial,106,Kingdom of South xiarenqinshan,East Riverine,102,Hafted Stone Tools,10
-4920,initial,106,Kingdom of South xiarenqinshan,East Riverine,105,Food Preservation,10
-4920,initial,106,Kingdom of South xiarenqinshan,East Riverine,106,Storage Pits and Containers,10
-4920,initial,106,Kingdom of South xiarenqinshan,East Riverine,107,Seasonal Aggregation Camps,10
-4920,initial,106,Kingdom of South xiarenqinshan,East Riverine,110,Dog Domestication,10
-4920,initial,106,Kingdom of South xiarenqinshan,East Riverine,111,Grinding Stones,10
-4920,initial,106,Kingdom of South xiarenqinshan,East Riverine,116,Charcoal Firing,10
-4920,initial,106,Kingdom of South xiarenqinshan,East Riverine,3,Archery,10
-4920,initial,107,South renzho Tribe,East Riverine,100,Cordage and Knots,11
-4920,initial,107,South renzho Tribe,East Riverine,101,Hide Working and Tailored Clothing,11
-4920,initial,107,South renzho Tribe,East Riverine,102,Hafted Stone Tools,11
-4920,initial,107,South renzho Tribe,East Riverine,105,Food Preservation,11
-4920,initial,107,South renzho Tribe,East Riverine,106,Storage Pits and Containers,11
-4920,initial,107,South renzho Tribe,East Riverine,107,Seasonal Aggregation Camps,11
-4920,initial,107,South renzho Tribe,East Riverine,110,Dog Domestication,11
-4920,initial,107,South renzho Tribe,East Riverine,111,Grinding Stones,11
-4920,initial,107,South renzho Tribe,East Riverine,116,Charcoal Firing,11
-4920,initial,107,South renzho Tribe,East Riverine,4,Mining,11
-4920,initial,107,South renzho Tribe,East Riverine,3,Archery,11
-4915,initial,108,Mitmita Tribe,Indic Riverine,100,Cordage and Knots,10
-4915,initial,108,Mitmita Tribe,Indic Riverine,101,Hide Working and Tailored Clothing,10
-4915,initial,108,Mitmita Tribe,Indic Riverine,102,Hafted Stone Tools,10
-4915,initial,108,Mitmita Tribe,Indic Riverine,105,Food Preservation,10
-4915,initial,108,Mitmita Tribe,Indic Riverine,106,Storage Pits and Containers,10
-4915,initial,108,Mitmita Tribe,Indic Riverine,107,Seasonal Aggregation Camps,10
-4915,initial,108,Mitmita Tribe,Indic Riverine,110,Dog Domestication,10
-4915,initial,108,Mitmita Tribe,Indic Riverine,111,Grinding Stones,10
-4915,initial,108,Mitmita Tribe,Indic Riverine,116,Charcoal Firing,10
-4915,initial,108,Mitmita Tribe,Indic Riverine,3,Archery,10
-4915,initial,109,North shavishaa Tribe,Indic Riverine,100,Cordage and Knots,11
-4915,initial,109,North shavishaa Tribe,Indic Riverine,101,Hide Working and Tailored Clothing,11
-4915,initial,109,North shavishaa Tribe,Indic Riverine,102,Hafted Stone Tools,11
-4915,initial,109,North shavishaa Tribe,Indic Riverine,105,Food Preservation,11
-4915,initial,109,North shavishaa Tribe,Indic Riverine,106,Storage Pits and Containers,11
-4915,initial,109,North shavishaa Tribe,Indic Riverine,107,Seasonal Aggregation Camps,11
-4915,initial,109,North shavishaa Tribe,Indic Riverine,110,Dog Domestication,11
-4915,initial,109,North shavishaa Tribe,Indic Riverine,111,Grinding Stones,11
-4915,initial,109,North shavishaa Tribe,Indic Riverine,116,Charcoal Firing,11
-4915,initial,109,North shavishaa Tribe,Indic Riverine,4,Mining,11
-4915,initial,109,North shavishaa Tribe,Indic Riverine,3,Archery,11
-4910,initial,110,South tanshadra Tribe,Indic Riverine,100,Cordage and Knots,17
-4910,initial,110,South tanshadra Tribe,Indic Riverine,101,Hide Working and Tailored Clothing,17
-4910,initial,110,South tanshadra Tribe,Indic Riverine,102,Hafted Stone Tools,17
-4910,initial,110,South tanshadra Tribe,Indic Riverine,105,Food Preservation,17
-4910,initial,110,South tanshadra Tribe,Indic Riverine,106,Storage Pits and Containers,17
-4910,initial,110,South tanshadra Tribe,Indic Riverine,107,Seasonal Aggregation Camps,17
-4910,initial,110,South tanshadra Tribe,Indic Riverine,110,Dog Domestication,17
-4910,initial,110,South tanshadra Tribe,Indic Riverine,111,Grinding Stones,17
-4910,initial,110,South tanshadra Tribe,Indic Riverine,112,Proto-cultivation,17
-4910,initial,110,South tanshadra Tribe,Indic Riverine,113,Sedentism,17
-4910,initial,110,South tanshadra Tribe,Indic Riverine,114,Enclosures and Herd Management,17
-4910,initial,110,South tanshadra Tribe,Indic Riverine,115,Counting Tokens and Tallies,17
-4910,initial,110,South tanshadra Tribe,Indic Riverine,116,Charcoal Firing,17
-4910,initial,110,South tanshadra Tribe,Indic Riverine,1,Pottery,17
-4910,initial,110,South tanshadra Tribe,Indic Riverine,20,Agriculture,17
-4910,initial,110,South tanshadra Tribe,Indic Riverine,3,Archery,17
-4910,initial,110,South tanshadra Tribe,Indic Riverine,6,Calendar,17
-4895,initial,111,New hanhanxiazhou Tribe,East Riverine,100,Cordage and Knots,10
-4895,initial,111,New hanhanxiazhou Tribe,East Riverine,101,Hide Working and Tailored Clothing,10
-4895,initial,111,New hanhanxiazhou Tribe,East Riverine,102,Hafted Stone Tools,10
-4895,initial,111,New hanhanxiazhou Tribe,East Riverine,105,Food Preservation,10
-4895,initial,111,New hanhanxiazhou Tribe,East Riverine,106,Storage Pits and Containers,10
-4895,initial,111,New hanhanxiazhou Tribe,East Riverine,107,Seasonal Aggregation Camps,10
-4895,initial,111,New hanhanxiazhou Tribe,East Riverine,110,Dog Domestication,10
-4895,initial,111,New hanhanxiazhou Tribe,East Riverine,111,Grinding Stones,10
-4895,initial,111,New hanhanxiazhou Tribe,East Riverine,116,Charcoal Firing,10
-4895,initial,111,New hanhanxiazhou Tribe,East Riverine,3,Archery,10
-4895,initial,112,South taitaiweiguo Tribe,East Riverine,100,Cordage and Knots,10
-4895,initial,112,South taitaiweiguo Tribe,East Riverine,101,Hide Working and Tailored Clothing,10
-4895,initial,112,South taitaiweiguo Tribe,East Riverine,102,Hafted Stone Tools,10
-4895,initial,112,South taitaiweiguo Tribe,East Riverine,105,Food Preservation,10
-4895,initial,112,South taitaiweiguo Tribe,East Riverine,106,Storage Pits and Containers,10
-4895,initial,112,South taitaiweiguo Tribe,East Riverine,107,Seasonal Aggregation Camps,10
-4895,initial,112,South taitaiweiguo Tribe,East Riverine,110,Dog Domestication,10
-4895,initial,112,South taitaiweiguo Tribe,East Riverine,111,Grinding Stones,10
-4895,initial,112,South taitaiweiguo Tribe,East Riverine,116,Charcoal Firing,10
-4895,initial,112,South taitaiweiguo Tribe,East Riverine,3,Archery,10
-4890,initial,113,Old terdusvialand Tribe,Eastern Woodland,100,Cordage and Knots,8
-4890,initial,113,Old terdusvialand Tribe,Eastern Woodland,101,Hide Working and Tailored Clothing,8
-4890,initial,113,Old terdusvialand Tribe,Eastern Woodland,102,Hafted Stone Tools,8
-4890,initial,113,Old terdusvialand Tribe,Eastern Woodland,105,Food Preservation,8
-4890,initial,113,Old terdusvialand Tribe,Eastern Woodland,106,Storage Pits and Containers,8
-4890,initial,113,Old terdusvialand Tribe,Eastern Woodland,107,Seasonal Aggregation Camps,8
-4890,initial,113,Old terdusvialand Tribe,Eastern Woodland,111,Grinding Stones,8
-4890,initial,113,Old terdusvialand Tribe,Eastern Woodland,3,Archery,8
-4880,initial,114,North marlorland Tribe,Monsoon Coastal,100,Cordage and Knots,19
-4880,initial,114,North marlorland Tribe,Monsoon Coastal,101,Hide Working and Tailored Clothing,19
-4880,initial,114,North marlorland Tribe,Monsoon Coastal,102,Hafted Stone Tools,19
-4880,initial,114,North marlorland Tribe,Monsoon Coastal,104,Fishing Technology,19
-4880,initial,114,North marlorland Tribe,Monsoon Coastal,105,Food Preservation,19
-4880,initial,114,North marlorland Tribe,Monsoon Coastal,106,Storage Pits and Containers,19
-4880,initial,114,North marlorland Tribe,Monsoon Coastal,107,Seasonal Aggregation Camps,19
-4880,initial,114,North marlorland Tribe,Monsoon Coastal,108,Watercraft,19
-4880,initial,114,North marlorland Tribe,Monsoon Coastal,110,Dog Domestication,19
-4880,initial,114,North marlorland Tribe,Monsoon Coastal,111,Grinding Stones,19
-4880,initial,114,North marlorland Tribe,Monsoon Coastal,112,Proto-cultivation,19
-4880,initial,114,North marlorland Tribe,Monsoon Coastal,113,Sedentism,19
-4880,initial,114,North marlorland Tribe,Monsoon Coastal,114,Enclosures and Herd Management,19
-4880,initial,114,North marlorland Tribe,Monsoon Coastal,116,Charcoal Firing,19
-4880,initial,114,North marlorland Tribe,Monsoon Coastal,1,Pottery,19
-4880,initial,114,North marlorland Tribe,Monsoon Coastal,20,Agriculture,19
-4880,initial,114,North marlorland Tribe,Monsoon Coastal,3,Archery,19
-4880,initial,114,North marlorland Tribe,Monsoon Coastal,5,Sailing,19
-4880,initial,114,North marlorland Tribe,Monsoon Coastal,6,Calendar,19
-4875,initial,115,South vikanpur Tribe,Indic Riverine,100,Cordage and Knots,10
-4875,initial,115,South vikanpur Tribe,Indic Riverine,101,Hide Working and Tailored Clothing,10
-4875,initial,115,South vikanpur Tribe,Indic Riverine,102,Hafted Stone Tools,10
-4875,initial,115,South vikanpur Tribe,Indic Riverine,105,Food Preservation,10
-4875,initial,115,South vikanpur Tribe,Indic Riverine,106,Storage Pits and Containers,10
-4875,initial,115,South vikanpur Tribe,Indic Riverine,107,Seasonal Aggregation Camps,10
-4875,initial,115,South vikanpur Tribe,Indic Riverine,110,Dog Domestication,10
-4875,initial,115,South vikanpur Tribe,Indic Riverine,111,Grinding Stones,10
-4875,initial,115,South vikanpur Tribe,Indic Riverine,116,Charcoal Firing,10
-4875,initial,115,South vikanpur Tribe,Indic Riverine,3,Archery,10
-4865,initial,116,Naltandradesh Tribe,Indic Riverine,100,Cordage and Knots,11
-4865,initial,116,Naltandradesh Tribe,Indic Riverine,101,Hide Working and Tailored Clothing,11
-4865,initial,116,Naltandradesh Tribe,Indic Riverine,102,Hafted Stone Tools,11
-4865,initial,116,Naltandradesh Tribe,Indic Riverine,105,Food Preservation,11
-4865,initial,116,Naltandradesh Tribe,Indic Riverine,106,Storage Pits and Containers,11
-4865,initial,116,Naltandradesh Tribe,Indic Riverine,107,Seasonal Aggregation Camps,11
-4865,initial,116,Naltandradesh Tribe,Indic Riverine,110,Dog Domestication,11
-4865,initial,116,Naltandradesh Tribe,Indic Riverine,111,Grinding Stones,11
-4865,initial,116,Naltandradesh Tribe,Indic Riverine,116,Charcoal Firing,11
-4865,initial,116,Naltandradesh Tribe,Indic Riverine,4,Mining,11
-4865,initial,116,Naltandradesh Tribe,Indic Riverine,3,Archery,11
-4850,initial,117,Old vidranal Tribe,Indic Riverine,100,Cordage and Knots,11
-4850,initial,117,Old vidranal Tribe,Indic Riverine,101,Hide Working and Tailored Clothing,11
-4850,initial,117,Old vidranal Tribe,Indic Riverine,102,Hafted Stone Tools,11
-4850,initial,117,Old vidranal Tribe,Indic Riverine,105,Food Preservation,11
-4850,initial,117,Old vidranal Tribe,Indic Riverine,106,Storage Pits and Containers,11
-4850,initial,117,Old vidranal Tribe,Indic Riverine,107,Seasonal Aggregation Camps,11
-4850,initial,117,Old vidranal Tribe,Indic Riverine,110,Dog Domestication,11
-4850,initial,117,Old vidranal Tribe,Indic Riverine,111,Grinding Stones,11
-4850,initial,117,Old vidranal Tribe,Indic Riverine,116,Charcoal Firing,11
-4850,initial,117,Old vidranal Tribe,Indic Riverine,4,Mining,11
-4850,initial,117,Old vidranal Tribe,Indic Riverine,3,Archery,11
-4840,initial,118,Great ayatuprumyu Tribe,Andean Highland,100,Cordage and Knots,10
-4840,initial,118,Great ayatuprumyu Tribe,Andean Highland,101,Hide Working and Tailored Clothing,10
-4840,initial,118,Great ayatuprumyu Tribe,Andean Highland,102,Hafted Stone Tools,10
-4840,initial,118,Great ayatuprumyu Tribe,Andean Highland,105,Food Preservation,10
-4840,initial,118,Great ayatuprumyu Tribe,Andean Highland,106,Storage Pits and Containers,10
-4840,initial,118,Great ayatuprumyu Tribe,Andean Highland,107,Seasonal Aggregation Camps,10
-4840,initial,118,Great ayatuprumyu Tribe,Andean Highland,111,Grinding Stones,10
-4840,initial,118,Great ayatuprumyu Tribe,Andean Highland,116,Charcoal Firing,10
-4840,initial,118,Great ayatuprumyu Tribe,Andean Highland,4,Mining,10
-4840,initial,118,Great ayatuprumyu Tribe,Andean Highland,3,Archery,10
-4835,initial,119,Old lennorum Tribe,Atlantic Fringe,100,Cordage and Knots,10
-4835,initial,119,Old lennorum Tribe,Atlantic Fringe,101,Hide Working and Tailored Clothing,10
-4835,initial,119,Old lennorum Tribe,Atlantic Fringe,102,Hafted Stone Tools,10
-4835,initial,119,Old lennorum Tribe,Atlantic Fringe,105,Food Preservation,10
-4835,initial,119,Old lennorum Tribe,Atlantic Fringe,106,Storage Pits and Containers,10
-4835,initial,119,Old lennorum Tribe,Atlantic Fringe,107,Seasonal Aggregation Camps,10
-4835,initial,119,Old lennorum Tribe,Atlantic Fringe,111,Grinding Stones,10
-4835,initial,119,Old lennorum Tribe,Atlantic Fringe,116,Charcoal Firing,10
-4835,initial,119,Old lennorum Tribe,Atlantic Fringe,4,Mining,10
-4835,initial,119,Old lennorum Tribe,Atlantic Fringe,3,Archery,10
-4815,initial,120,South mitravar Tribe,Indic Riverine,100,Cordage and Knots,10
-4815,initial,120,South mitravar Tribe,Indic Riverine,101,Hide Working and Tailored Clothing,10
-4815,initial,120,South mitravar Tribe,Indic Riverine,102,Hafted Stone Tools,10
-4815,initial,120,South mitravar Tribe,Indic Riverine,105,Food Preservation,10
-4815,initial,120,South mitravar Tribe,Indic Riverine,106,Storage Pits and Containers,10
-4815,initial,120,South mitravar Tribe,Indic Riverine,107,Seasonal Aggregation Camps,10
-4815,initial,120,South mitravar Tribe,Indic Riverine,110,Dog Domestication,10
-4815,initial,120,South mitravar Tribe,Indic Riverine,111,Grinding Stones,10
-4815,initial,120,South mitravar Tribe,Indic Riverine,116,Charcoal Firing,10
-4815,initial,120,South mitravar Tribe,Indic Riverine,3,Archery,10
-4810,initial,121,South ransolstan Tribe,Eastern Woodland,100,Cordage and Knots,9
-4810,initial,121,South ransolstan Tribe,Eastern Woodland,101,Hide Working and Tailored Clothing,9
-4810,initial,121,South ransolstan Tribe,Eastern Woodland,102,Hafted Stone Tools,9
-4810,initial,121,South ransolstan Tribe,Eastern Woodland,105,Food Preservation,9
-4810,initial,121,South ransolstan Tribe,Eastern Woodland,106,Storage Pits and Containers,9
-4810,initial,121,South ransolstan Tribe,Eastern Woodland,107,Seasonal Aggregation Camps,9
-4810,initial,121,South ransolstan Tribe,Eastern Woodland,111,Grinding Stones,9
-4810,initial,121,South ransolstan Tribe,Eastern Woodland,4,Mining,9
-4810,initial,121,South ransolstan Tribe,Eastern Woodland,3,Archery,9
-4675,initial,122,New renweishan Tribe,East Riverine,100,Cordage and Knots,11
-4675,initial,122,New renweishan Tribe,East Riverine,101,Hide Working and Tailored Clothing,11
-4675,initial,122,New renweishan Tribe,East Riverine,102,Hafted Stone Tools,11
-4675,initial,122,New renweishan Tribe,East Riverine,105,Food Preservation,11
-4675,initial,122,New renweishan Tribe,East Riverine,106,Storage Pits and Containers,11
-4675,initial,122,New renweishan Tribe,East Riverine,107,Seasonal Aggregation Camps,11
-4675,initial,122,New renweishan Tribe,East Riverine,110,Dog Domestication,11
-4675,initial,122,New renweishan Tribe,East Riverine,111,Grinding Stones,11
-4675,initial,122,New renweishan Tribe,East Riverine,116,Charcoal Firing,11
-4675,initial,122,New renweishan Tribe,East Riverine,4,Mining,11
-4675,initial,122,New renweishan Tribe,East Riverine,3,Archery,11
-4595,initial,123,South ramitpur Kingdom,Indic Riverine,100,Cordage and Knots,10
-4595,initial,123,South ramitpur Kingdom,Indic Riverine,101,Hide Working and Tailored Clothing,10
-4595,initial,123,South ramitpur Kingdom,Indic Riverine,102,Hafted Stone Tools,10
-4595,initial,123,South ramitpur Kingdom,Indic Riverine,105,Food Preservation,10
-4595,initial,123,South ramitpur Kingdom,Indic Riverine,106,Storage Pits and Containers,10
-4595,initial,123,South ramitpur Kingdom,Indic Riverine,107,Seasonal Aggregation Camps,10
-4595,initial,123,South ramitpur Kingdom,Indic Riverine,110,Dog Domestication,10
-4595,initial,123,South ramitpur Kingdom,Indic Riverine,111,Grinding Stones,10
-4595,initial,123,South ramitpur Kingdom,Indic Riverine,116,Charcoal Firing,10
-4595,initial,123,South ramitpur Kingdom,Indic Riverine,3,Archery,10
-4585,initial,124,Old garkingrad Tribe,Western Plains,100,Cordage and Knots,8
-4585,initial,124,Old garkingrad Tribe,Western Plains,101,Hide Working and Tailored Clothing,8
-4585,initial,124,Old garkingrad Tribe,Western Plains,102,Hafted Stone Tools,8
-4585,initial,124,Old garkingrad Tribe,Western Plains,105,Food Preservation,8
-4585,initial,124,Old garkingrad Tribe,Western Plains,106,Storage Pits and Containers,8
-4585,initial,124,Old garkingrad Tribe,Western Plains,107,Seasonal Aggregation Camps,8
-4585,initial,124,Old garkingrad Tribe,Western Plains,111,Grinding Stones,8
-4585,initial,124,Old garkingrad Tribe,Western Plains,3,Archery,8
-4550,initial,125,New lorlorland Tribe,Western Plains,100,Cordage and Knots,8
-4550,initial,125,New lorlorland Tribe,Western Plains,101,Hide Working and Tailored Clothing,8
-4550,initial,125,New lorlorland Tribe,Western Plains,102,Hafted Stone Tools,8
-4550,initial,125,New lorlorland Tribe,Western Plains,105,Food Preservation,8
-4550,initial,125,New lorlorland Tribe,Western Plains,106,Storage Pits and Containers,8
-4550,initial,125,New lorlorland Tribe,Western Plains,107,Seasonal Aggregation Camps,8
-4550,initial,125,New lorlorland Tribe,Western Plains,111,Grinding Stones,8
-4550,initial,125,New lorlorland Tribe,Western Plains,3,Archery,8
-4535,initial,126,Old intikusintina Tribe,Andean Highland,100,Cordage and Knots,10
-4535,initial,126,Old intikusintina Tribe,Andean Highland,101,Hide Working and Tailored Clothing,10
-4535,initial,126,Old intikusintina Tribe,Andean Highland,102,Hafted Stone Tools,10
-4535,initial,126,Old intikusintina Tribe,Andean Highland,105,Food Preservation,10
-4535,initial,126,Old intikusintina Tribe,Andean Highland,106,Storage Pits and Containers,10
-4535,initial,126,Old intikusintina Tribe,Andean Highland,107,Seasonal Aggregation Camps,10
-4535,initial,126,Old intikusintina Tribe,Andean Highland,111,Grinding Stones,10
-4535,initial,126,Old intikusintina Tribe,Andean Highland,116,Charcoal Firing,10
-4535,initial,126,Old intikusintina Tribe,Andean Highland,4,Mining,10
-4535,initial,126,Old intikusintina Tribe,Andean Highland,3,Archery,10
-4420,initial,127,Great tarbelland Tribe,Mediterranean Urban,100,Cordage and Knots,10
-4420,initial,127,Great tarbelland Tribe,Mediterranean Urban,101,Hide Working and Tailored Clothing,10
-4420,initial,127,Great tarbelland Tribe,Mediterranean Urban,102,Hafted Stone Tools,10
-4420,initial,127,Great tarbelland Tribe,Mediterranean Urban,105,Food Preservation,10
-4420,initial,127,Great tarbelland Tribe,Mediterranean Urban,106,Storage Pits and Containers,10
-4420,initial,127,Great tarbelland Tribe,Mediterranean Urban,107,Seasonal Aggregation Camps,10
-4420,initial,127,Great tarbelland Tribe,Mediterranean Urban,110,Dog Domestication,10
-4420,initial,127,Great tarbelland Tribe,Mediterranean Urban,111,Grinding Stones,10
-4420,initial,127,Great tarbelland Tribe,Mediterranean Urban,116,Charcoal Firing,10
-4420,initial,127,Great tarbelland Tribe,Mediterranean Urban,3,Archery,10
-4375,initial,128,New tamuran Tribe,Fertile Crescent,100,Cordage and Knots,12
-4375,initial,128,New tamuran Tribe,Fertile Crescent,101,Hide Working and Tailored Clothing,12
-4375,initial,128,New tamuran Tribe,Fertile Crescent,102,Hafted Stone Tools,12
-4375,initial,128,New tamuran Tribe,Fertile Crescent,105,Food Preservation,12
-4375,initial,128,New tamuran Tribe,Fertile Crescent,106,Storage Pits and Containers,12
-4375,initial,128,New tamuran Tribe,Fertile Crescent,107,Seasonal Aggregation Camps,12
-4375,initial,128,New tamuran Tribe,Fertile Crescent,110,Dog Domestication,12
-4375,initial,128,New tamuran Tribe,Fertile Crescent,111,Grinding Stones,12
-4375,initial,128,New tamuran Tribe,Fertile Crescent,116,Charcoal Firing,12
-4375,initial,128,New tamuran Tribe,Fertile Crescent,119,Native Copper Working,12
-4375,initial,128,New tamuran Tribe,Fertile Crescent,4,Mining,12
-4375,initial,128,New tamuran Tribe,Fertile Crescent,3,Archery,12
-4370,initial,129,North romnorland Tribe,Central Plain,100,Cordage and Knots,11
-4370,initial,129,North romnorland Tribe,Central Plain,101,Hide Working and Tailored Clothing,11
-4370,initial,129,North romnorland Tribe,Central Plain,102,Hafted Stone Tools,11
-4370,initial,129,North romnorland Tribe,Central Plain,105,Food Preservation,11
-4370,initial,129,North romnorland Tribe,Central Plain,106,Storage Pits and Containers,11
-4370,initial,129,North romnorland Tribe,Central Plain,107,Seasonal Aggregation Camps,11
-4370,initial,129,North romnorland Tribe,Central Plain,110,Dog Domestication,11
-4370,initial,129,North romnorland Tribe,Central Plain,111,Grinding Stones,11
-4370,initial,129,North romnorland Tribe,Central Plain,116,Charcoal Firing,11
-4370,initial,129,North romnorland Tribe,Central Plain,4,Mining,11
-4370,initial,129,North romnorland Tribe,Central Plain,3,Archery,11
-4295,initial,130,North beldorrom Tribe,Mediterranean Highland,100,Cordage and Knots,10
-4295,initial,130,North beldorrom Tribe,Mediterranean Highland,101,Hide Working and Tailored Clothing,10
-4295,initial,130,North beldorrom Tribe,Mediterranean Highland,102,Hafted Stone Tools,10
-4295,initial,130,North beldorrom Tribe,Mediterranean Highland,105,Food Preservation,10
-4295,initial,130,North beldorrom Tribe,Mediterranean Highland,106,Storage Pits and Containers,10
-4295,initial,130,North beldorrom Tribe,Mediterranean Highland,107,Seasonal Aggregation Camps,10
-4295,initial,130,North beldorrom Tribe,Mediterranean Highland,110,Dog Domestication,10
-4295,initial,130,North beldorrom Tribe,Mediterranean Highland,111,Grinding Stones,10
-4295,initial,130,North beldorrom Tribe,Mediterranean Highland,116,Charcoal Firing,10
-4295,initial,130,North beldorrom Tribe,Mediterranean Highland,3,Archery,10
-4195,initial,131,South ngochiene Tribe,North Saharan,100,Cordage and Knots,10
-4195,initial,131,South ngochiene Tribe,North Saharan,101,Hide Working and Tailored Clothing,10
-4195,initial,131,South ngochiene Tribe,North Saharan,102,Hafted Stone Tools,10
-4195,initial,131,South ngochiene Tribe,North Saharan,105,Food Preservation,10
-4195,initial,131,South ngochiene Tribe,North Saharan,106,Storage Pits and Containers,10
-4195,initial,131,South ngochiene Tribe,North Saharan,107,Seasonal Aggregation Camps,10
-4195,initial,131,South ngochiene Tribe,North Saharan,110,Dog Domestication,10
-4195,initial,131,South ngochiene Tribe,North Saharan,111,Grinding Stones,10
-4195,initial,131,South ngochiene Tribe,North Saharan,116,Charcoal Firing,10
-4195,initial,131,South ngochiene Tribe,North Saharan,3,Archery,10
-4195,initial,132,Belquiloria Tribe,Western Plains,100,Cordage and Knots,9
-4195,initial,132,Belquiloria Tribe,Western Plains,101,Hide Working and Tailored Clothing,9
-4195,initial,132,Belquiloria Tribe,Western Plains,102,Hafted Stone Tools,9
-4195,initial,132,Belquiloria Tribe,Western Plains,105,Food Preservation,9
-4195,initial,132,Belquiloria Tribe,Western Plains,106,Storage Pits and Containers,9
-4195,initial,132,Belquiloria Tribe,Western Plains,107,Seasonal Aggregation Camps,9
-4195,initial,132,Belquiloria Tribe,Western Plains,111,Grinding Stones,9
-4195,initial,132,Belquiloria Tribe,Western Plains,4,Mining,9
-4195,initial,132,Belquiloria Tribe,Western Plains,3,Archery,9
-4175,initial,133,Old garterstan Tribe,Western Plains,100,Cordage and Knots,8
-4175,initial,133,Old garterstan Tribe,Western Plains,101,Hide Working and Tailored Clothing,8
-4175,initial,133,Old garterstan Tribe,Western Plains,102,Hafted Stone Tools,8
-4175,initial,133,Old garterstan Tribe,Western Plains,105,Food Preservation,8
-4175,initial,133,Old garterstan Tribe,Western Plains,106,Storage Pits and Containers,8
-4175,initial,133,Old garterstan Tribe,Western Plains,107,Seasonal Aggregation Camps,8
-4175,initial,133,Old garterstan Tribe,Western Plains,111,Grinding Stones,8
-4175,initial,133,Old garterstan Tribe,Western Plains,3,Archery,8
-4075,initial,134,Old romvenlen Tribe,Mediterranean Highland,100,Cordage and Knots,10
-4075,initial,134,Old romvenlen Tribe,Mediterranean Highland,101,Hide Working and Tailored Clothing,10
-4075,initial,134,Old romvenlen Tribe,Mediterranean Highland,102,Hafted Stone Tools,10
-4075,initial,134,Old romvenlen Tribe,Mediterranean Highland,105,Food Preservation,10
-4075,initial,134,Old romvenlen Tribe,Mediterranean Highland,106,Storage Pits and Containers,10
-4075,initial,134,Old romvenlen Tribe,Mediterranean Highland,107,Seasonal Aggregation Camps,10
-4075,initial,134,Old romvenlen Tribe,Mediterranean Highland,110,Dog Domestication,10
-4075,initial,134,Old romvenlen Tribe,Mediterranean Highland,111,Grinding Stones,10
-4075,initial,134,Old romvenlen Tribe,Mediterranean Highland,116,Charcoal Firing,10
-4075,initial,134,Old romvenlen Tribe,Mediterranean Highland,3,Archery,10
-4065,initial,135,North shavira Tribe,Indic Riverine,100,Cordage and Knots,10
-4065,initial,135,North shavira Tribe,Indic Riverine,101,Hide Working and Tailored Clothing,10
-4065,initial,135,North shavira Tribe,Indic Riverine,102,Hafted Stone Tools,10
-4065,initial,135,North shavira Tribe,Indic Riverine,105,Food Preservation,10
-4065,initial,135,North shavira Tribe,Indic Riverine,106,Storage Pits and Containers,10
-4065,initial,135,North shavira Tribe,Indic Riverine,107,Seasonal Aggregation Camps,10
-4065,initial,135,North shavira Tribe,Indic Riverine,110,Dog Domestication,10
-4065,initial,135,North shavira Tribe,Indic Riverine,111,Grinding Stones,10
-4065,initial,135,North shavira Tribe,Indic Riverine,116,Charcoal Firing,10
-4065,initial,135,North shavira Tribe,Indic Riverine,3,Archery,10
-3985,initial,136,North kansurdradesh Kingdom,Indic Riverine,100,Cordage and Knots,11
-3985,initial,136,North kansurdradesh Kingdom,Indic Riverine,101,Hide Working and Tailored Clothing,11
-3985,initial,136,North kansurdradesh Kingdom,Indic Riverine,102,Hafted Stone Tools,11
-3985,initial,136,North kansurdradesh Kingdom,Indic Riverine,105,Food Preservation,11
-3985,initial,136,North kansurdradesh Kingdom,Indic Riverine,106,Storage Pits and Containers,11
-3985,initial,136,North kansurdradesh Kingdom,Indic Riverine,107,Seasonal Aggregation Camps,11
-3985,initial,136,North kansurdradesh Kingdom,Indic Riverine,110,Dog Domestication,11
-3985,initial,136,North kansurdradesh Kingdom,Indic Riverine,111,Grinding Stones,11
-3985,initial,136,North kansurdradesh Kingdom,Indic Riverine,116,Charcoal Firing,11
-3985,initial,136,North kansurdradesh Kingdom,Indic Riverine,4,Mining,11
-3985,initial,136,North kansurdradesh Kingdom,Indic Riverine,3,Archery,11
-3970,initial,137,Old katanene Kingdom,North Saharan,100,Cordage and Knots,10
-3970,initial,137,Old katanene Kingdom,North Saharan,101,Hide Working and Tailored Clothing,10
-3970,initial,137,Old katanene Kingdom,North Saharan,102,Hafted Stone Tools,10
-3970,initial,137,Old katanene Kingdom,North Saharan,105,Food Preservation,10
-3970,initial,137,Old katanene Kingdom,North Saharan,106,Storage Pits and Containers,10
-3970,initial,137,Old katanene Kingdom,North Saharan,107,Seasonal Aggregation Camps,10
-3970,initial,137,Old katanene Kingdom,North Saharan,110,Dog Domestication,10
-3970,initial,137,Old katanene Kingdom,North Saharan,111,Grinding Stones,10
-3970,initial,137,Old katanene Kingdom,North Saharan,116,Charcoal Firing,10
-3970,initial,137,Old katanene Kingdom,North Saharan,3,Archery,10
-3930,initial,138,Great barninbaran Tribe,Fertile Crescent,100,Cordage and Knots,10
-3930,initial,138,Great barninbaran Tribe,Fertile Crescent,101,Hide Working and Tailored Clothing,10
-3930,initial,138,Great barninbaran Tribe,Fertile Crescent,102,Hafted Stone Tools,10
-3930,initial,138,Great barninbaran Tribe,Fertile Crescent,105,Food Preservation,10
-3930,initial,138,Great barninbaran Tribe,Fertile Crescent,106,Storage Pits and Containers,10
-3930,initial,138,Great barninbaran Tribe,Fertile Crescent,107,Seasonal Aggregation Camps,10
-3930,initial,138,Great barninbaran Tribe,Fertile Crescent,110,Dog Domestication,10
-3930,initial,138,Great barninbaran Tribe,Fertile Crescent,111,Grinding Stones,10
-3930,initial,138,Great barninbaran Tribe,Fertile Crescent,116,Charcoal Firing,10
-3930,initial,138,Great barninbaran Tribe,Fertile Crescent,3,Archery,10
-3875,initial,139,Great tarlensel Tribe,Mediterranean Highland,100,Cordage and Knots,12
-3875,initial,139,Great tarlensel Tribe,Mediterranean Highland,101,Hide Working and Tailored Clothing,12
-3875,initial,139,Great tarlensel Tribe,Mediterranean Highland,102,Hafted Stone Tools,12
-3875,initial,139,Great tarlensel Tribe,Mediterranean Highland,105,Food Preservation,12
-3875,initial,139,Great tarlensel Tribe,Mediterranean Highland,106,Storage Pits and Containers,12
-3875,initial,139,Great tarlensel Tribe,Mediterranean Highland,107,Seasonal Aggregation Camps,12
-3875,initial,139,Great tarlensel Tribe,Mediterranean Highland,110,Dog Domestication,12
-3875,initial,139,Great tarlensel Tribe,Mediterranean Highland,111,Grinding Stones,12
-3875,initial,139,Great tarlensel Tribe,Mediterranean Highland,116,Charcoal Firing,12
-3875,initial,139,Great tarlensel Tribe,Mediterranean Highland,119,Native Copper Working,12
-3875,initial,139,Great tarlensel Tribe,Mediterranean Highland,4,Mining,12
-3875,initial,139,Great tarlensel Tribe,Mediterranean Highland,3,Archery,12
-3870,initial,140,New llaqintimarca Tribe,Andean Highland,100,Cordage and Knots,10
-3870,initial,140,New llaqintimarca Tribe,Andean Highland,101,Hide Working and Tailored Clothing,10
-3870,initial,140,New llaqintimarca Tribe,Andean Highland,102,Hafted Stone Tools,10
-3870,initial,140,New llaqintimarca Tribe,Andean Highland,105,Food Preservation,10
-3870,initial,140,New llaqintimarca Tribe,Andean Highland,106,Storage Pits and Containers,10
-3870,initial,140,New llaqintimarca Tribe,Andean Highland,107,Seasonal Aggregation Camps,10
-3870,initial,140,New llaqintimarca Tribe,Andean Highland,111,Grinding Stones,10
-3870,initial,140,New llaqintimarca Tribe,Andean Highland,116,Charcoal Firing,10
-3870,initial,140,New llaqintimarca Tribe,Andean Highland,4,Mining,10
-3870,initial,140,New llaqintimarca Tribe,Andean Highland,3,Archery,10
-3860,initial,141,Old nasolromia Tribe,Steppe Nomadic,100,Cordage and Knots,9
-3860,initial,141,Old nasolromia Tribe,Steppe Nomadic,101,Hide Working and Tailored Clothing,9
-3860,initial,141,Old nasolromia Tribe,Steppe Nomadic,102,Hafted Stone Tools,9
-3860,initial,141,Old nasolromia Tribe,Steppe Nomadic,105,Food Preservation,9
-3860,initial,141,Old nasolromia Tribe,Steppe Nomadic,106,Storage Pits and Containers,9
-3860,initial,141,Old nasolromia Tribe,Steppe Nomadic,107,Seasonal Aggregation Camps,9
-3860,initial,141,Old nasolromia Tribe,Steppe Nomadic,110,Dog Domestication,9
-3860,initial,141,Old nasolromia Tribe,Steppe Nomadic,111,Grinding Stones,9
-3860,initial,141,Old nasolromia Tribe,Steppe Nomadic,3,Archery,9
-3855,initial,142,South norrom Kingdom,Mediterranean Highland,100,Cordage and Knots,10
-3855,initial,142,South norrom Kingdom,Mediterranean Highland,101,Hide Working and Tailored Clothing,10
-3855,initial,142,South norrom Kingdom,Mediterranean Highland,102,Hafted Stone Tools,10
-3855,initial,142,South norrom Kingdom,Mediterranean Highland,105,Food Preservation,10
-3855,initial,142,South norrom Kingdom,Mediterranean Highland,106,Storage Pits and Containers,10
-3855,initial,142,South norrom Kingdom,Mediterranean Highland,107,Seasonal Aggregation Camps,10
-3855,initial,142,South norrom Kingdom,Mediterranean Highland,110,Dog Domestication,10
-3855,initial,142,South norrom Kingdom,Mediterranean Highland,111,Grinding Stones,10
-3855,initial,142,South norrom Kingdom,Mediterranean Highland,116,Charcoal Firing,10
-3855,initial,142,South norrom Kingdom,Mediterranean Highland,3,Archery,10
-3854,unlock,70,Kingdom of South nahyucco,Mesoamerican,104,Fishing Technology,14
-3795,initial,143,Great qinren Kingdom,East Riverine,100,Cordage and Knots,11
-3795,initial,143,Great qinren Kingdom,East Riverine,101,Hide Working and Tailored Clothing,11
-3795,initial,143,Great qinren Kingdom,East Riverine,102,Hafted Stone Tools,11
-3795,initial,143,Great qinren Kingdom,East Riverine,105,Food Preservation,11
-3795,initial,143,Great qinren Kingdom,East Riverine,106,Storage Pits and Containers,11
-3795,initial,143,Great qinren Kingdom,East Riverine,107,Seasonal Aggregation Camps,11
-3795,initial,143,Great qinren Kingdom,East Riverine,110,Dog Domestication,11
-3795,initial,143,Great qinren Kingdom,East Riverine,111,Grinding Stones,11
-3795,initial,143,Great qinren Kingdom,East Riverine,116,Charcoal Firing,11
-3795,initial,143,Great qinren Kingdom,East Riverine,4,Mining,11
-3795,initial,143,Great qinren Kingdom,East Riverine,3,Archery,11
-3765,unlock,70,Kingdom of South nahyucco,Mesoamerican,115,Counting Tokens and Tallies,15
-3750,initial,144,Great barlamu Kingdom,North Saharan,100,Cordage and Knots,10
-3750,initial,144,Great barlamu Kingdom,North Saharan,101,Hide Working and Tailored Clothing,10
-3750,initial,144,Great barlamu Kingdom,North Saharan,102,Hafted Stone Tools,10
-3750,initial,144,Great barlamu Kingdom,North Saharan,105,Food Preservation,10
-3750,initial,144,Great barlamu Kingdom,North Saharan,106,Storage Pits and Containers,10
-3750,initial,144,Great barlamu Kingdom,North Saharan,107,Seasonal Aggregation Camps,10
-3750,initial,144,Great barlamu Kingdom,North Saharan,110,Dog Domestication,10
-3750,initial,144,Great barlamu Kingdom,North Saharan,111,Grinding Stones,10
-3750,initial,144,Great barlamu Kingdom,North Saharan,116,Charcoal Firing,10
-3750,initial,144,Great barlamu Kingdom,North Saharan,3,Archery,10
-3721,unlock,0,South mitsurdradesh Tribe,Indic Riverine,104,Fishing Technology,17
-3710,unlock,65,Chitolcalan Tribe,Mesoamerican,103,Bone and Antler Tools,14
-3704,unlock,40,New ranlorranstan Tribe,Monsoon Coastal,103,Bone and Antler Tools,19
-3690,unlock,70,Kingdom of South nahyucco,Mesoamerican,110,Dog Domestication,16
-3680,initial,145,New tamninsamad Tribe,Fertile Crescent,100,Cordage and Knots,12
-3680,initial,145,New tamninsamad Tribe,Fertile Crescent,101,Hide Working and Tailored Clothing,12
-3680,initial,145,New tamninsamad Tribe,Fertile Crescent,102,Hafted Stone Tools,12
-3680,initial,145,New tamninsamad Tribe,Fertile Crescent,105,Food Preservation,12
-3680,initial,145,New tamninsamad Tribe,Fertile Crescent,106,Storage Pits and Containers,12
-3680,initial,145,New tamninsamad Tribe,Fertile Crescent,107,Seasonal Aggregation Camps,12
-3680,initial,145,New tamninsamad Tribe,Fertile Crescent,110,Dog Domestication,12
-3680,initial,145,New tamninsamad Tribe,Fertile Crescent,111,Grinding Stones,12
-3680,initial,145,New tamninsamad Tribe,Fertile Crescent,116,Charcoal Firing,12
-3680,initial,145,New tamninsamad Tribe,Fertile Crescent,119,Native Copper Working,12
-3680,initial,145,New tamninsamad Tribe,Fertile Crescent,4,Mining,12
-3680,initial,145,New tamninsamad Tribe,Fertile Crescent,3,Archery,12
-3675,unlock,65,Chitolcalan Tribe,Mesoamerican,115,Counting Tokens and Tallies,15
-3615,unlock,0,South mitsurdradesh Tribe,Indic Riverine,7,Wheel,18
-3615,initial,146,South bareshum Tribe,Fertile Crescent,100,Cordage and Knots,12
-3615,initial,146,South bareshum Tribe,Fertile Crescent,101,Hide Working and Tailored Clothing,12
-3615,initial,146,South bareshum Tribe,Fertile Crescent,102,Hafted Stone Tools,12
-3615,initial,146,South bareshum Tribe,Fertile Crescent,105,Food Preservation,12
-3615,initial,146,South bareshum Tribe,Fertile Crescent,106,Storage Pits and Containers,12
-3615,initial,146,South bareshum Tribe,Fertile Crescent,107,Seasonal Aggregation Camps,12
-3615,initial,146,South bareshum Tribe,Fertile Crescent,110,Dog Domestication,12
-3615,initial,146,South bareshum Tribe,Fertile Crescent,111,Grinding Stones,12
-3615,initial,146,South bareshum Tribe,Fertile Crescent,116,Charcoal Firing,12
-3615,initial,146,South bareshum Tribe,Fertile Crescent,119,Native Copper Working,12
-3615,initial,146,South bareshum Tribe,Fertile Crescent,4,Mining,12
-3615,initial,146,South bareshum Tribe,Fertile Crescent,3,Archery,12
-3614,unlock,54,Kingdom of South mabarbara,East Horn,103,Bone and Antler Tools,14
-3590,initial,147,New kaofiara Tribe,Nile Floodplain,100,Cordage and Knots,10
-3590,initial,147,New kaofiara Tribe,Nile Floodplain,101,Hide Working and Tailored Clothing,10
-3590,initial,147,New kaofiara Tribe,Nile Floodplain,102,Hafted Stone Tools,10
-3590,initial,147,New kaofiara Tribe,Nile Floodplain,105,Food Preservation,10
-3590,initial,147,New kaofiara Tribe,Nile Floodplain,106,Storage Pits and Containers,10
-3590,initial,147,New kaofiara Tribe,Nile Floodplain,107,Seasonal Aggregation Camps,10
-3590,initial,147,New kaofiara Tribe,Nile Floodplain,110,Dog Domestication,10
-3590,initial,147,New kaofiara Tribe,Nile Floodplain,111,Grinding Stones,10
-3590,initial,147,New kaofiara Tribe,Nile Floodplain,116,Charcoal Firing,10
-3590,initial,147,New kaofiara Tribe,Nile Floodplain,3,Archery,10
-3580,unlock,40,New ranlorranstan Tribe,Monsoon Coastal,7,Wheel,20
-3575,initial,148,Great llaqintiyu Tribe,Andean Highland,100,Cordage and Knots,10
-3575,initial,148,Great llaqintiyu Tribe,Andean Highland,101,Hide Working and Tailored Clothing,10
-3575,initial,148,Great llaqintiyu Tribe,Andean Highland,102,Hafted Stone Tools,10
-3575,initial,148,Great llaqintiyu Tribe,Andean Highland,105,Food Preservation,10
-3575,initial,148,Great llaqintiyu Tribe,Andean Highland,106,Storage Pits and Containers,10
-3575,initial,148,Great llaqintiyu Tribe,Andean Highland,107,Seasonal Aggregation Camps,10
-3575,initial,148,Great llaqintiyu Tribe,Andean Highland,111,Grinding Stones,10
-3575,initial,148,Great llaqintiyu Tribe,Andean Highland,116,Charcoal Firing,10
-3575,initial,148,Great llaqintiyu Tribe,Andean Highland,4,Mining,10
-3575,initial,148,Great llaqintiyu Tribe,Andean Highland,3,Archery,10
-3540,unlock,0,South mitsurdradesh Tribe,Indic Riverine,117,Proto-writing and Administrative Notation,19
-3535,unlock,70,Kingdom of South nahyucco,Mesoamerican,10,Irrigation,17
-3524,unlock,65,Chitolcalan Tribe,Mesoamerican,114,Enclosures and Herd Management,16
-3510,initial,149,North qinhanshan Kingdom,East Riverine,100,Cordage and Knots,11
-3510,initial,149,North qinhanshan Kingdom,East Riverine,101,Hide Working and Tailored Clothing,11
-3510,initial,149,North qinhanshan Kingdom,East Riverine,102,Hafted Stone Tools,11
-3510,initial,149,North qinhanshan Kingdom,East Riverine,105,Food Preservation,11
-3510,initial,149,North qinhanshan Kingdom,East Riverine,106,Storage Pits and Containers,11
-3510,initial,149,North qinhanshan Kingdom,East Riverine,107,Seasonal Aggregation Camps,11
-3510,initial,149,North qinhanshan Kingdom,East Riverine,110,Dog Domestication,11
-3510,initial,149,North qinhanshan Kingdom,East Riverine,111,Grinding Stones,11
-3510,initial,149,North qinhanshan Kingdom,East Riverine,116,Charcoal Firing,11
-3510,initial,149,North qinhanshan Kingdom,East Riverine,4,Mining,11
-3510,initial,149,North qinhanshan Kingdom,East Riverine,3,Archery,11
-3506,unlock,40,New ranlorranstan Tribe,Monsoon Coastal,115,Counting Tokens and Tallies,21
-3493,unlock,0,South mitsurdradesh Tribe,Indic Riverine,10,Irrigation,20
-3489,unlock,70,Kingdom of South nahyucco,Mesoamerican,108,Watercraft,18
-3470,initial,150,South ashkalkalar Tribe,Fertile Crescent,100,Cordage and Knots,11
-3470,initial,150,South ashkalkalar Tribe,Fertile Crescent,101,Hide Working and Tailored Clothing,11
-3470,initial,150,South ashkalkalar Tribe,Fertile Crescent,102,Hafted Stone Tools,11
-3470,initial,150,South ashkalkalar Tribe,Fertile Crescent,105,Food Preservation,11
-3470,initial,150,South ashkalkalar Tribe,Fertile Crescent,106,Storage Pits and Containers,11
-3470,initial,150,South ashkalkalar Tribe,Fertile Crescent,107,Seasonal Aggregation Camps,11
-3470,initial,150,South ashkalkalar Tribe,Fertile Crescent,110,Dog Domestication,11
-3470,initial,150,South ashkalkalar Tribe,Fertile Crescent,111,Grinding Stones,11
-3470,initial,150,South ashkalkalar Tribe,Fertile Crescent,116,Charcoal Firing,11
-3470,initial,150,South ashkalkalar Tribe,Fertile Crescent,4,Mining,11
-3470,initial,150,South ashkalkalar Tribe,Fertile Crescent,3,Archery,11
-3468,unlock,42,Great garkinranland Tribe,Monsoon Coastal,109,Long-distance Exchange Networks,19
-3462,unlock,0,South mitsurdradesh Tribe,Indic Riverine,103,Bone and Antler Tools,21
-3430,initial,151,North romrangrad Tribe,Western Plains,100,Cordage and Knots,9
-3430,initial,151,North romrangrad Tribe,Western Plains,101,Hide Working and Tailored Clothing,9
-3430,initial,151,North romrangrad Tribe,Western Plains,102,Hafted Stone Tools,9
-3430,initial,151,North romrangrad Tribe,Western Plains,105,Food Preservation,9
-3430,initial,151,North romrangrad Tribe,Western Plains,106,Storage Pits and Containers,9
-3430,initial,151,North romrangrad Tribe,Western Plains,107,Seasonal Aggregation Camps,9
-3430,initial,151,North romrangrad Tribe,Western Plains,111,Grinding Stones,9
-3430,initial,151,North romrangrad Tribe,Western Plains,4,Mining,9
-3430,initial,151,North romrangrad Tribe,Western Plains,3,Archery,9
-3418,unlock,0,South mitsurdradesh Tribe,Indic Riverine,108,Watercraft,22
-3416,unlock,42,Great garkinranland Tribe,Monsoon Coastal,12,Shipbuilding,20
-3414,unlock,70,Kingdom of South nahyucco,Mesoamerican,103,Bone and Antler Tools,19
-3405,initial,152,South xialinzhou Tribe,East Riverine,100,Cordage and Knots,11
-3405,initial,152,South xialinzhou Tribe,East Riverine,101,Hide Working and Tailored Clothing,11
-3405,initial,152,South xialinzhou Tribe,East Riverine,102,Hafted Stone Tools,11
-3405,initial,152,South xialinzhou Tribe,East Riverine,105,Food Preservation,11
-3405,initial,152,South xialinzhou Tribe,East Riverine,106,Storage Pits and Containers,11
-3405,initial,152,South xialinzhou Tribe,East Riverine,107,Seasonal Aggregation Camps,11
-3405,initial,152,South xialinzhou Tribe,East Riverine,110,Dog Domestication,11
-3405,initial,152,South xialinzhou Tribe,East Riverine,111,Grinding Stones,11
-3405,initial,152,South xialinzhou Tribe,East Riverine,116,Charcoal Firing,11
-3405,initial,152,South xialinzhou Tribe,East Riverine,4,Mining,11
-3405,initial,152,South xialinzhou Tribe,East Riverine,3,Archery,11
-3398,unlock,42,Great garkinranland Tribe,Monsoon Coastal,7,Wheel,21
-3392,unlock,39,Great nalornagrad Tribe,Monsoon Coastal,103,Bone and Antler Tools,19
-3370,unlock,42,Great garkinranland Tribe,Monsoon Coastal,103,Bone and Antler Tools,22
-3358,unlock,40,New ranlorranstan Tribe,Monsoon Coastal,12,Shipbuilding,22
-3353,unlock,0,South mitsurdradesh Tribe,Indic Riverine,17,Roads,23
-3350,unlock,40,New ranlorranstan Tribe,Monsoon Coastal,117,Proto-writing and Administrative Notation,23
-3347,unlock,0,South mitsurdradesh Tribe,Indic Riverine,5,Sailing,24
-3340,unlock,54,Kingdom of South mabarbara,East Horn,115,Counting Tokens and Tallies,15
-3333,unlock,49,Empire of New seseofiene,Nile Floodplain,7,Wheel,18
-3319,unlock,42,Great garkinranland Tribe,Monsoon Coastal,115,Counting Tokens and Tallies,23
-3315,initial,153,South qinlinweizhou Tribe,East Riverine,100,Cordage and Knots,10
-3315,initial,153,South qinlinweizhou Tribe,East Riverine,101,Hide Working and Tailored Clothing,10
-3315,initial,153,South qinlinweizhou Tribe,East Riverine,102,Hafted Stone Tools,10
-3315,initial,153,South qinlinweizhou Tribe,East Riverine,105,Food Preservation,10
-3315,initial,153,South qinlinweizhou Tribe,East Riverine,106,Storage Pits and Containers,10
-3315,initial,153,South qinlinweizhou Tribe,East Riverine,107,Seasonal Aggregation Camps,10
-3315,initial,153,South qinlinweizhou Tribe,East Riverine,110,Dog Domestication,10
-3315,initial,153,South qinlinweizhou Tribe,East Riverine,111,Grinding Stones,10
-3315,initial,153,South qinlinweizhou Tribe,East Riverine,116,Charcoal Firing,10
-3315,initial,153,South qinlinweizhou Tribe,East Riverine,3,Archery,10
-3304,unlock,65,Chitolcalan Tribe,Mesoamerican,110,Dog Domestication,17
-3300,initial,154,Great taiqintaishan Tribe,East Riverine,100,Cordage and Knots,10
-3300,initial,154,Great taiqintaishan Tribe,East Riverine,101,Hide Working and Tailored Clothing,10
-3300,initial,154,Great taiqintaishan Tribe,East Riverine,102,Hafted Stone Tools,10
-3300,initial,154,Great taiqintaishan Tribe,East Riverine,105,Food Preservation,10
-3300,initial,154,Great taiqintaishan Tribe,East Riverine,106,Storage Pits and Containers,10
-3300,initial,154,Great taiqintaishan Tribe,East Riverine,107,Seasonal Aggregation Camps,10
-3300,initial,154,Great taiqintaishan Tribe,East Riverine,110,Dog Domestication,10
-3300,initial,154,Great taiqintaishan Tribe,East Riverine,111,Grinding Stones,10
-3300,initial,154,Great taiqintaishan Tribe,East Riverine,116,Charcoal Firing,10
-3300,initial,154,Great taiqintaishan Tribe,East Riverine,3,Archery,10
-3295,unlock,53,Old tankau Tribe,East Horn,104,Fishing Technology,14
-3292,unlock,54,Kingdom of South mabarbara,East Horn,114,Enclosures and Herd Management,16
-3290,initial,155,Great dratanpur Tribe,Indic Riverine,100,Cordage and Knots,10
-3290,initial,155,Great dratanpur Tribe,Indic Riverine,101,Hide Working and Tailored Clothing,10
-3290,initial,155,Great dratanpur Tribe,Indic Riverine,102,Hafted Stone Tools,10
-3290,initial,155,Great dratanpur Tribe,Indic Riverine,105,Food Preservation,10
-3290,initial,155,Great dratanpur Tribe,Indic Riverine,106,Storage Pits and Containers,10
-3290,initial,155,Great dratanpur Tribe,Indic Riverine,107,Seasonal Aggregation Camps,10
-3290,initial,155,Great dratanpur Tribe,Indic Riverine,110,Dog Domestication,10
-3290,initial,155,Great dratanpur Tribe,Indic Riverine,111,Grinding Stones,10
-3290,initial,155,Great dratanpur Tribe,Indic Riverine,116,Charcoal Firing,10
-3290,initial,155,Great dratanpur Tribe,Indic Riverine,3,Archery,10
-3279,unlock,65,Chitolcalan Tribe,Mesoamerican,117,Proto-writing and Administrative Notation,18
-3243,unlock,69,Kingdom of North calmix,Mesoamerican,115,Counting Tokens and Tallies,14
-3241,unlock,54,Kingdom of South mabarbara,East Horn,104,Fishing Technology,17
-3240,unlock,9,Kingdom of Varvinalnagar,Indic Riverine,103,Bone and Antler Tools,17
-3238,unlock,0,South mitsurdradesh Tribe,Indic Riverine,12,Shipbuilding,25
-3237,unlock,0,South mitsurdradesh Tribe,Indic Riverine,118,Numeracy and Measurement,26
-3227,unlock,49,Empire of New seseofiene,Nile Floodplain,104,Fishing Technology,19
-3215,unlock,54,Kingdom of South mabarbara,East Horn,7,Wheel,18
-3212,unlock,51,South katanbar Tribe,West Sahel,115,Counting Tokens and Tallies,14
-3211,unlock,65,Chitolcalan Tribe,Mesoamerican,10,Irrigation,19
-3208,unlock,69,Kingdom of North calmix,Mesoamerican,10,Irrigation,15
-3203,unlock,49,Empire of New seseofiene,Nile Floodplain,117,Proto-writing and Administrative Notation,20
-3195,unlock,39,Great nalornagrad Tribe,Monsoon Coastal,12,Shipbuilding,20
-3185,unlock,69,Kingdom of North calmix,Mesoamerican,110,Dog Domestication,16
-3178,unlock,69,Kingdom of North calmix,Mesoamerican,114,Enclosures and Herd Management,17
-3165,unlock,110,South tanshadra Tribe,Indic Riverine,104,Fishing Technology,17
-3159,unlock,49,Empire of New seseofiene,Nile Floodplain,103,Bone and Antler Tools,21
-3158,unlock,69,Kingdom of North calmix,Mesoamerican,104,Fishing Technology,18
-3153,unlock,70,Kingdom of South nahyucco,Mesoamerican,5,Sailing,20
-3146,unlock,65,Chitolcalan Tribe,Mesoamerican,7,Wheel,19
-3126,unlock,0,South mitsurdradesh Tribe,Indic Riverine,109,Long-distance Exchange Networks,27
-3114,unlock,72,Temxoctempan Tribe,Mesoamerican,104,Fishing Technology,14
-3105,unlock,73,South temtempan Tribe,Mesoamerican,104,Fishing Technology,14
-3104,unlock,114,North marlorland Tribe,Monsoon Coastal,7,Wheel,19
-3101,unlock,68,Teocalco Tribe,Mesoamerican,104,Fishing Technology,14
-3088,unlock,3,Shakantannagar Tribe,Indic Riverine,103,Bone and Antler Tools,17
-3082,unlock,51,South katanbar Tribe,West Sahel,104,Fishing Technology,15
-3075,unlock,54,Kingdom of South mabarbara,East Horn,10,Irrigation,19
-3075,initial,156,South quisolland Kingdom,Western Plains,100,Cordage and Knots,9
-3075,initial,156,South quisolland Kingdom,Western Plains,101,Hide Working and Tailored Clothing,9
-3075,initial,156,South quisolland Kingdom,Western Plains,102,Hafted Stone Tools,9
-3075,initial,156,South quisolland Kingdom,Western Plains,105,Food Preservation,9
-3075,initial,156,South quisolland Kingdom,Western Plains,106,Storage Pits and Containers,9
-3075,initial,156,South quisolland Kingdom,Western Plains,107,Seasonal Aggregation Camps,9
-3075,initial,156,South quisolland Kingdom,Western Plains,111,Grinding Stones,9
-3075,initial,156,South quisolland Kingdom,Western Plains,4,Mining,9
-3075,initial,156,South quisolland Kingdom,Western Plains,3,Archery,9
-3064,unlock,51,South katanbar Tribe,West Sahel,10,Irrigation,16
-3064,unlock,67,Kingdom of South itztolco,Mesoamerican,115,Counting Tokens and Tallies,14
-3059,unlock,69,Kingdom of North calmix,Mesoamerican,117,Proto-writing and Administrative Notation,19
-3052,unlock,39,Great nalornagrad Tribe,Monsoon Coastal,115,Counting Tokens and Tallies,21
-3043,unlock,3,Shakantannagar Tribe,Indic Riverine,117,Proto-writing and Administrative Notation,18
-3042,unlock,70,Kingdom of South nahyucco,Mesoamerican,12,Shipbuilding,21
-3036,unlock,65,Chitolcalan Tribe,Mesoamerican,17,Roads,20
-3032,unlock,53,Old tankau Tribe,East Horn,115,Counting Tokens and Tallies,15
-3030,unlock,67,Kingdom of South itztolco,Mesoamerican,10,Irrigation,15
-3023,unlock,68,Teocalco Tribe,Mesoamerican,103,Bone and Antler Tools,15
-3018,unlock,42,Great garkinranland Tribe,Monsoon Coastal,10,Irrigation,24
-3010,initial,157,New belbelburg Tribe,Atlantic Fringe,100,Cordage and Knots,9
-3010,initial,157,New belbelburg Tribe,Atlantic Fringe,101,Hide Working and Tailored Clothing,9
-3010,initial,157,New belbelburg Tribe,Atlantic Fringe,102,Hafted Stone Tools,9
-3010,initial,157,New belbelburg Tribe,Atlantic Fringe,105,Food Preservation,9
-3010,initial,157,New belbelburg Tribe,Atlantic Fringe,106,Storage Pits and Containers,9
-3010,initial,157,New belbelburg Tribe,Atlantic Fringe,107,Seasonal Aggregation Camps,9
-3010,initial,157,New belbelburg Tribe,Atlantic Fringe,111,Grinding Stones,9
-3010,initial,157,New belbelburg Tribe,Atlantic Fringe,116,Charcoal Firing,9
-3010,initial,157,New belbelburg Tribe,Atlantic Fringe,3,Archery,9
-3006,unlock,40,Kingdom of South viaquimar,Monsoon Coastal,109,Long-distance Exchange Networks,23
-3005,unlock,67,Kingdom of South itztolco,Mesoamerican,103,Bone and Antler Tools,16
-3001,unlock,39,Great nalornagrad Tribe,Monsoon Coastal,10,Irrigation,22
-2998,unlock,39,Great nalornagrad Tribe,Monsoon Coastal,109,Long-distance Exchange Networks,23
-2994,unlock,54,Kingdom of South mabarbara,East Horn,17,Roads,20
-2994,unlock,69,Kingdom of North calmix,Mesoamerican,108,Watercraft,20
-2992,unlock,9,Kingdom of Varvinalnagar,Indic Riverine,104,Fishing Technology,18
-2987,unlock,9,Kingdom of Varvinalnagar,Indic Riverine,7,Wheel,19
-2981,unlock,110,South tanshadra Tribe,Indic Riverine,117,Proto-writing and Administrative Notation,18
-2978,unlock,49,Empire of New seseofiene,Nile Floodplain,11,Writing,22
-2978,unlock,74,Kingdom of North yuctem,Mesoamerican,10,Irrigation,14
-2974,unlock,3,Shakantannagar Tribe,Indic Riverine,7,Wheel,19
-2973,unlock,110,South tanshadra Tribe,Indic Riverine,7,Wheel,19
-2961,unlock,69,Kingdom of North calmix,Mesoamerican,103,Bone and Antler Tools,21
-2960,unlock,110,South tanshadra Tribe,Indic Riverine,108,Watercraft,20
-2960,initial,158,North quirangrad Tribe,Eastern Woodland,100,Cordage and Knots,8
-2960,initial,158,North quirangrad Tribe,Eastern Woodland,101,Hide Working and Tailored Clothing,8
-2960,initial,158,North quirangrad Tribe,Eastern Woodland,102,Hafted Stone Tools,8
-2960,initial,158,North quirangrad Tribe,Eastern Woodland,105,Food Preservation,8
-2960,initial,158,North quirangrad Tribe,Eastern Woodland,106,Storage Pits and Containers,8
-2960,initial,158,North quirangrad Tribe,Eastern Woodland,107,Seasonal Aggregation Camps,8
-2960,initial,158,North quirangrad Tribe,Eastern Woodland,111,Grinding Stones,8
-2960,initial,158,North quirangrad Tribe,Eastern Woodland,3,Archery,8
-2953,unlock,42,Great garkinranland Tribe,Monsoon Coastal,17,Roads,25
-2948,unlock,54,Kingdom of South mabarbara,East Horn,108,Watercraft,21
-2946,unlock,110,South tanshadra Tribe,Indic Riverine,10,Irrigation,21
-2945,unlock,3,Shakantannagar Tribe,Indic Riverine,10,Irrigation,20
-2936,unlock,70,Kingdom of South nahyucco,Mesoamerican,109,Long-distance Exchange Networks,22
-2935,unlock,44,Kingdom of Belsolia,Monsoon Coastal,12,Shipbuilding,19
-2935,unlock,71,Great itzcaltan Tribe,Mesoamerican,103,Bone and Antler Tools,14
-2932,unlock,51,South katanbar Tribe,West Sahel,110,Dog Domestication,17
-2931,unlock,69,Kingdom of North calmix,Mesoamerican,7,Wheel,22
-2927,unlock,69,Kingdom of North calmix,Mesoamerican,5,Sailing,23
-2926,unlock,0,South mitsurdradesh Tribe,Indic Riverine,15,Currency,28
-2920,unlock,74,Kingdom of North yuctem,Mesoamerican,104,Fishing Technology,15
-2915,unlock,43,Old kinviaia Tribe,Monsoon Coastal,103,Bone and Antler Tools,19
-2903,unlock,73,South temtempan Tribe,Mesoamerican,114,Enclosures and Herd Management,15
-2894,unlock,43,Old kinviaia Tribe,Monsoon Coastal,7,Wheel,20
-2889,unlock,110,South tanshadra Tribe,Indic Riverine,11,Writing,22
-2888,unlock,43,Old kinviaia Tribe,Monsoon Coastal,109,Long-distance Exchange Networks,21
-2885,unlock,74,Kingdom of North yuctem,Mesoamerican,115,Counting Tokens and Tallies,16
-2881,unlock,69,Kingdom of North calmix,Mesoamerican,109,Long-distance Exchange Networks,24
-2878,unlock,9,Kingdom of Varvinalnagar,Indic Riverine,117,Proto-writing and Administrative Notation,20
-2878,unlock,53,Old tankau Tribe,East Horn,108,Watercraft,16
-2870,unlock,52,Empire of South sebara,West Sahel,110,Dog Domestication,14
-2869,unlock,49,Empire of New seseofiene,Nile Floodplain,19,Alphabet,23
-2860,unlock,71,Great itzcaltan Tribe,Mesoamerican,10,Irrigation,15
-2859,unlock,44,Kingdom of Belsolia,Monsoon Coastal,109,Long-distance Exchange Networks,20
-2853,unlock,68,Teocalco Tribe,Mesoamerican,10,Irrigation,16
-2849,unlock,110,South tanshadra Tribe,Indic Riverine,5,Sailing,23
-2848,unlock,73,South temtempan Tribe,Mesoamerican,110,Dog Domestication,16
-2845,unlock,74,Kingdom of North yuctem,Mesoamerican,103,Bone and Antler Tools,17
-2843,unlock,44,Kingdom of Belsolia,Monsoon Coastal,10,Irrigation,21
-2842,unlock,53,Old tankau Tribe,East Horn,103,Bone and Antler Tools,17
-2841,unlock,69,Kingdom of North calmix,Mesoamerican,12,Shipbuilding,24
-2837,unlock,71,Great itzcaltan Tribe,Mesoamerican,104,Fishing Technology,16
-2834,unlock,110,South tanshadra Tribe,Indic Riverine,17,Roads,24
-2833,unlock,73,South temtempan Tribe,Mesoamerican,108,Watercraft,17
-2832,unlock,68,Teocalco Tribe,Mesoamerican,114,Enclosures and Herd Management,17
-2830,unlock,44,Kingdom of Belsolia,Monsoon Coastal,103,Bone and Antler Tools,22
-2830,unlock,68,Teocalco Tribe,Mesoamerican,110,Dog Domestication,18
-2828,unlock,40,Kingdom of South viaquimar,Monsoon Coastal,17,Roads,24
-2828,unlock,73,South temtempan Tribe,Mesoamerican,103,Bone and Antler Tools,18
-2826,unlock,65,Chitolcalan Tribe,Mesoamerican,104,Fishing Technology,21
-2824,unlock,68,Teocalco Tribe,Mesoamerican,108,Watercraft,19
-2820,unlock,53,Old tankau Tribe,East Horn,114,Enclosures and Herd Management,18
-2815,initial,159,Llaqintiqoriyu Kingdom,Andean Highland,100,Cordage and Knots,10
-2815,initial,159,Llaqintiqoriyu Kingdom,Andean Highland,101,Hide Working and Tailored Clothing,10
-2815,initial,159,Llaqintiqoriyu Kingdom,Andean Highland,102,Hafted Stone Tools,10
-2815,initial,159,Llaqintiqoriyu Kingdom,Andean Highland,105,Food Preservation,10
-2815,initial,159,Llaqintiqoriyu Kingdom,Andean Highland,106,Storage Pits and Containers,10
-2815,initial,159,Llaqintiqoriyu Kingdom,Andean Highland,107,Seasonal Aggregation Camps,10
-2815,initial,159,Llaqintiqoriyu Kingdom,Andean Highland,111,Grinding Stones,10
-2815,initial,159,Llaqintiqoriyu Kingdom,Andean Highland,116,Charcoal Firing,10
-2815,initial,159,Llaqintiqoriyu Kingdom,Andean Highland,4,Mining,10
-2815,initial,159,Llaqintiqoriyu Kingdom,Andean Highland,3,Archery,10
-2804,unlock,74,Kingdom of North yuctem,Mesoamerican,114,Enclosures and Herd Management,18
-2790,initial,160,North viadussolgrad Kingdom,Western Plains,100,Cordage and Knots,8
-2790,initial,160,North viadussolgrad Kingdom,Western Plains,101,Hide Working and Tailored Clothing,8
-2790,initial,160,North viadussolgrad Kingdom,Western Plains,102,Hafted Stone Tools,8
-2790,initial,160,North viadussolgrad Kingdom,Western Plains,105,Food Preservation,8
-2790,initial,160,North viadussolgrad Kingdom,Western Plains,106,Storage Pits and Containers,8
-2790,initial,160,North viadussolgrad Kingdom,Western Plains,107,Seasonal Aggregation Camps,8
-2790,initial,160,North viadussolgrad Kingdom,Western Plains,111,Grinding Stones,8
-2790,initial,160,North viadussolgrad Kingdom,Western Plains,3,Archery,8
-2788,unlock,71,Great itzcaltan Tribe,Mesoamerican,115,Counting Tokens and Tallies,17
-2786,unlock,53,Old tankau Tribe,East Horn,5,Sailing,19
-2783,unlock,7,Kingdom of North kanradesh,Indic Riverine,103,Bone and Antler Tools,17
-2783,unlock,54,Kingdom of South mabarbara,East Horn,109,Long-distance Exchange Networks,22
-2779,unlock,40,Kingdom of South viaquimar,Monsoon Coastal,10,Irrigation,25
-2773,unlock,49,Empire of New seseofiene,Nile Floodplain,22,Philosophy,24
-2773,unlock,114,North marlorland Tribe,Monsoon Coastal,12,Shipbuilding,20
-2770,initial,161,South vinalnal Kingdom,Indic Riverine,100,Cordage and Knots,10
-2770,initial,161,South vinalnal Kingdom,Indic Riverine,101,Hide Working and Tailored Clothing,10
-2770,initial,161,South vinalnal Kingdom,Indic Riverine,102,Hafted Stone Tools,10
-2770,initial,161,South vinalnal Kingdom,Indic Riverine,105,Food Preservation,10
-2770,initial,161,South vinalnal Kingdom,Indic Riverine,106,Storage Pits and Containers,10
-2770,initial,161,South vinalnal Kingdom,Indic Riverine,107,Seasonal Aggregation Camps,10
-2770,initial,161,South vinalnal Kingdom,Indic Riverine,110,Dog Domestication,10
-2770,initial,161,South vinalnal Kingdom,Indic Riverine,111,Grinding Stones,10
-2770,initial,161,South vinalnal Kingdom,Indic Riverine,116,Charcoal Firing,10
-2770,initial,161,South vinalnal Kingdom,Indic Riverine,3,Archery,10
-2770,initial,162,South belromum Kingdom,Atlantic Fringe,100,Cordage and Knots,9
-2770,initial,162,South belromum Kingdom,Atlantic Fringe,101,Hide Working and Tailored Clothing,9
-2770,initial,162,South belromum Kingdom,Atlantic Fringe,102,Hafted Stone Tools,9
-2770,initial,162,South belromum Kingdom,Atlantic Fringe,105,Food Preservation,9
-2770,initial,162,South belromum Kingdom,Atlantic Fringe,106,Storage Pits and Containers,9
-2770,initial,162,South belromum Kingdom,Atlantic Fringe,107,Seasonal Aggregation Camps,9
-2770,initial,162,South belromum Kingdom,Atlantic Fringe,111,Grinding Stones,9
-2770,initial,162,South belromum Kingdom,Atlantic Fringe,116,Charcoal Firing,9
-2770,initial,162,South belromum Kingdom,Atlantic Fringe,3,Archery,9
-2766,unlock,110,South tanshadra Tribe,Indic Riverine,109,Long-distance Exchange Networks,25
-2759,unlock,110,South tanshadra Tribe,Indic Riverine,118,Numeracy and Measurement,26
-2754,unlock,73,South temtempan Tribe,Mesoamerican,7,Wheel,19
-2749,unlock,110,South tanshadra Tribe,Indic Riverine,19,Alphabet,27
-2747,unlock,71,Great itzcaltan Tribe,Mesoamerican,110,Dog Domestication,18
-2740,unlock,3,Shakantannagar Tribe,Indic Riverine,17,Roads,21
-2735,initial,163,New viakinland Tribe,Steppe Nomadic,100,Cordage and Knots,10
-2735,initial,163,New viakinland Tribe,Steppe Nomadic,101,Hide Working and Tailored Clothing,10
-2735,initial,163,New viakinland Tribe,Steppe Nomadic,102,Hafted Stone Tools,10
-2735,initial,163,New viakinland Tribe,Steppe Nomadic,105,Food Preservation,10
-2735,initial,163,New viakinland Tribe,Steppe Nomadic,106,Storage Pits and Containers,10
-2735,initial,163,New viakinland Tribe,Steppe Nomadic,107,Seasonal Aggregation Camps,10
-2735,initial,163,New viakinland Tribe,Steppe Nomadic,110,Dog Domestication,10
-2735,initial,163,New viakinland Tribe,Steppe Nomadic,111,Grinding Stones,10
-2735,initial,163,New viakinland Tribe,Steppe Nomadic,4,Mining,10
-2735,initial,163,New viakinland Tribe,Steppe Nomadic,3,Archery,10
-2733,unlock,53,Old tankau Tribe,East Horn,7,Wheel,20
-2730,unlock,51,South katanbar Tribe,West Sahel,114,Enclosures and Herd Management,18
-2729,unlock,7,Kingdom of North kanradesh,Indic Riverine,7,Wheel,18
-2720,unlock,54,Kingdom of South mabarbara,East Horn,23,Engineering,23
-2720,initial,164,Tolnahtan Tribe,Mesoamerican,100,Cordage and Knots,9
-2720,initial,164,Tolnahtan Tribe,Mesoamerican,101,Hide Working and Tailored Clothing,9
-2720,initial,164,Tolnahtan Tribe,Mesoamerican,102,Hafted Stone Tools,9
-2720,initial,164,Tolnahtan Tribe,Mesoamerican,105,Food Preservation,9
-2720,initial,164,Tolnahtan Tribe,Mesoamerican,106,Storage Pits and Containers,9
-2720,initial,164,Tolnahtan Tribe,Mesoamerican,107,Seasonal Aggregation Camps,9
-2720,initial,164,Tolnahtan Tribe,Mesoamerican,111,Grinding Stones,9
-2720,initial,164,Tolnahtan Tribe,Mesoamerican,116,Charcoal Firing,9
-2720,initial,164,Tolnahtan Tribe,Mesoamerican,3,Archery,9
-2720,initial,165,New ranalsurnagar Kingdom,Indic Riverine,100,Cordage and Knots,10
-2720,initial,165,New ranalsurnagar Kingdom,Indic Riverine,101,Hide Working and Tailored Clothing,10
-2720,initial,165,New ranalsurnagar Kingdom,Indic Riverine,102,Hafted Stone Tools,10
-2720,initial,165,New ranalsurnagar Kingdom,Indic Riverine,105,Food Preservation,10
-2720,initial,165,New ranalsurnagar Kingdom,Indic Riverine,106,Storage Pits and Containers,10
-2720,initial,165,New ranalsurnagar Kingdom,Indic Riverine,107,Seasonal Aggregation Camps,10
-2720,initial,165,New ranalsurnagar Kingdom,Indic Riverine,110,Dog Domestication,10
-2720,initial,165,New ranalsurnagar Kingdom,Indic Riverine,111,Grinding Stones,10
-2720,initial,165,New ranalsurnagar Kingdom,Indic Riverine,116,Charcoal Firing,10
-2720,initial,165,New ranalsurnagar Kingdom,Indic Riverine,3,Archery,10
-2714,unlock,43,Old kinviaia Tribe,Monsoon Coastal,12,Shipbuilding,22
-2711,unlock,110,South tanshadra Tribe,Indic Riverine,12,Shipbuilding,28
-2709,unlock,73,South temtempan Tribe,Mesoamerican,115,Counting Tokens and Tallies,20
-2706,unlock,37,Great kalsamarar Tribe,Fertile Crescent,103,Bone and Antler Tools,13
-2704,unlock,71,Great itzcaltan Tribe,Mesoamerican,114,Enclosures and Herd Management,19
-2700,initial,166,Old ngolamkaa Kingdom,North Saharan,100,Cordage and Knots,10
-2700,initial,166,Old ngolamkaa Kingdom,North Saharan,101,Hide Working and Tailored Clothing,10
-2700,initial,166,Old ngolamkaa Kingdom,North Saharan,102,Hafted Stone Tools,10
-2700,initial,166,Old ngolamkaa Kingdom,North Saharan,105,Food Preservation,10
-2700,initial,166,Old ngolamkaa Kingdom,North Saharan,106,Storage Pits and Containers,10
-2700,initial,166,Old ngolamkaa Kingdom,North Saharan,107,Seasonal Aggregation Camps,10
-2700,initial,166,Old ngolamkaa Kingdom,North Saharan,110,Dog Domestication,10
-2700,initial,166,Old ngolamkaa Kingdom,North Saharan,111,Grinding Stones,10
-2700,initial,166,Old ngolamkaa Kingdom,North Saharan,116,Charcoal Firing,10
-2700,initial,166,Old ngolamkaa Kingdom,North Saharan,3,Archery,10
-2699,unlock,53,Old tankau Tribe,East Horn,109,Long-distance Exchange Networks,21
-2696,unlock,49,Empire of New seseofiene,Nile Floodplain,118,Numeracy and Measurement,25
-2695,unlock,3,Shakantannagar Tribe,Indic Riverine,11,Writing,22
-2695,unlock,54,Kingdom of South mabarbara,East Horn,5,Sailing,24
-2683,unlock,53,Old tankau Tribe,East Horn,12,Shipbuilding,22
-2675,initial,167,South dradradraa Kingdom,Indic Riverine,100,Cordage and Knots,11
-2675,initial,167,South dradradraa Kingdom,Indic Riverine,101,Hide Working and Tailored Clothing,11
-2675,initial,167,South dradradraa Kingdom,Indic Riverine,102,Hafted Stone Tools,11
-2675,initial,167,South dradradraa Kingdom,Indic Riverine,105,Food Preservation,11
-2675,initial,167,South dradradraa Kingdom,Indic Riverine,106,Storage Pits and Containers,11
-2675,initial,167,South dradradraa Kingdom,Indic Riverine,107,Seasonal Aggregation Camps,11
-2675,initial,167,South dradradraa Kingdom,Indic Riverine,110,Dog Domestication,11
-2675,initial,167,South dradradraa Kingdom,Indic Riverine,111,Grinding Stones,11
-2675,initial,167,South dradradraa Kingdom,Indic Riverine,116,Charcoal Firing,11
-2675,initial,167,South dradradraa Kingdom,Indic Riverine,4,Mining,11
-2675,initial,167,South dradradraa Kingdom,Indic Riverine,3,Archery,11
-2672,unlock,73,Kingdom of New calxocpan,Mesoamerican,5,Sailing,21
-2667,unlock,74,Kingdom of North yuctem,Mesoamerican,108,Watercraft,19
-2665,unlock,68,Teocalco Tribe,Mesoamerican,7,Wheel,20
-2662,unlock,54,Kingdom of South mabarbara,East Horn,110,Dog Domestication,25
-2654,unlock,68,Teocalco Tribe,Mesoamerican,5,Sailing,21
-2653,unlock,39,Great nalornagrad Tribe,Monsoon Coastal,7,Wheel,24
-2641,unlock,77,Ayarumqoriyu Tribe,Andean Highland,103,Bone and Antler Tools,10
-2640,unlock,49,Empire of New seseofiene,Nile Floodplain,15,Currency,26
-2632,unlock,49,Empire of New seseofiene,Nile Floodplain,21,Drama and Poetry,27
-2627,unlock,49,Empire of New seseofiene,Nile Floodplain,17,Roads,28
-2627,unlock,51,South katanbar Tribe,West Sahel,7,Wheel,19
-2624,unlock,53,Old tankau Tribe,East Horn,17,Roads,23
-2614,unlock,49,Empire of New seseofiene,Nile Floodplain,14,Formal Mathematics,29
-2610,unlock,43,Old kinviaia Tribe,Monsoon Coastal,115,Counting Tokens and Tallies,23
-2608,unlock,45,Empire of South zengarviagrad,Steppe Nomadic,116,Charcoal Firing,11
-2603,unlock,110,South tanshadra Tribe,Indic Riverine,21,Drama and Poetry,29
-2592,unlock,56,Kingdom of North karbelland,Mediterranean Highland,103,Bone and Antler Tools,13
-2588,unlock,9,Kingdom of Varvinalnagar,Indic Riverine,10,Irrigation,21
-2585,unlock,67,Kingdom of North tolcalmix,Mesoamerican,114,Enclosures and Herd Management,17
-2585,unlock,74,Kingdom of North yuctem,Mesoamerican,110,Dog Domestication,20
-2580,unlock,3,Shakantannagar Tribe,Indic Riverine,118,Numeracy and Measurement,23
-2575,unlock,73,Kingdom of New calxocpan,Mesoamerican,109,Long-distance Exchange Networks,22
-2571,unlock,110,South tanshadra Tribe,Indic Riverine,15,Currency,30
-2557,unlock,45,Empire of South zengarviagrad,Steppe Nomadic,103,Bone and Antler Tools,12
-2552,unlock,71,Great itzcaltan Tribe,Mesoamerican,108,Watercraft,20
-2549,unlock,9,Kingdom of Varvinalnagar,Indic Riverine,118,Numeracy and Measurement,22
-2539,unlock,118,Kingdom of Old intitupqoria,Andean Highland,103,Bone and Antler Tools,10
-2534,unlock,68,Teocalco Tribe,Mesoamerican,109,Long-distance Exchange Networks,22
-2532,unlock,117,Old vidranal Tribe,Indic Riverine,103,Bone and Antler Tools,11
-2528,unlock,71,Great itzcaltan Tribe,Mesoamerican,7,Wheel,21
-2526,unlock,52,Empire of South sebara,West Sahel,10,Irrigation,15
-2515,unlock,74,Kingdom of North yuctem,Mesoamerican,7,Wheel,21
-2514,unlock,52,Empire of South sebara,West Sahel,103,Bone and Antler Tools,16
-2513,unlock,44,Kingdom of Belsolia,Monsoon Coastal,7,Wheel,23
-2513,unlock,51,South katanbar Tribe,West Sahel,17,Roads,20
-2512,unlock,9,Kingdom of Varvinalnagar,Indic Riverine,17,Roads,23
-2508,unlock,3,Shakantannagar Tribe,Indic Riverine,15,Currency,24
-2500,initial,168,Great calnahxocan Kingdom,Mesoamerican,100,Cordage and Knots,9
-2500,initial,168,Great calnahxocan Kingdom,Mesoamerican,101,Hide Working and Tailored Clothing,9
-2500,initial,168,Great calnahxocan Kingdom,Mesoamerican,102,Hafted Stone Tools,9
-2500,initial,168,Great calnahxocan Kingdom,Mesoamerican,105,Food Preservation,9
-2500,initial,168,Great calnahxocan Kingdom,Mesoamerican,106,Storage Pits and Containers,9
-2500,initial,168,Great calnahxocan Kingdom,Mesoamerican,107,Seasonal Aggregation Camps,9
-2500,initial,168,Great calnahxocan Kingdom,Mesoamerican,111,Grinding Stones,9
-2500,initial,168,Great calnahxocan Kingdom,Mesoamerican,116,Charcoal Firing,9
-2500,initial,168,Great calnahxocan Kingdom,Mesoamerican,3,Archery,9
-2500,initial,169,Great survishaa Kingdom,Indic Riverine,100,Cordage and Knots,10
-2500,initial,169,Great survishaa Kingdom,Indic Riverine,101,Hide Working and Tailored Clothing,10
-2500,initial,169,Great survishaa Kingdom,Indic Riverine,102,Hafted Stone Tools,10
-2500,initial,169,Great survishaa Kingdom,Indic Riverine,105,Food Preservation,10
-2500,initial,169,Great survishaa Kingdom,Indic Riverine,106,Storage Pits and Containers,10
-2500,initial,169,Great survishaa Kingdom,Indic Riverine,107,Seasonal Aggregation Camps,10
-2500,initial,169,Great survishaa Kingdom,Indic Riverine,110,Dog Domestication,10
-2500,initial,169,Great survishaa Kingdom,Indic Riverine,111,Grinding Stones,10
-2500,initial,169,Great survishaa Kingdom,Indic Riverine,116,Charcoal Firing,10
-2500,initial,169,Great survishaa Kingdom,Indic Riverine,3,Archery,10
-2499,unlock,114,North marlorland Tribe,Monsoon Coastal,10,Irrigation,21
-2493,unlock,39,Great nalornagrad Tribe,Monsoon Coastal,17,Roads,25
-2490,unlock,7,Kingdom of North kanradesh,Indic Riverine,10,Irrigation,19
-2490,initial,170,North tanraa Tribe,Indic Riverine,100,Cordage and Knots,11
-2490,initial,170,North tanraa Tribe,Indic Riverine,101,Hide Working and Tailored Clothing,11
-2490,initial,170,North tanraa Tribe,Indic Riverine,102,Hafted Stone Tools,11
-2490,initial,170,North tanraa Tribe,Indic Riverine,105,Food Preservation,11
-2490,initial,170,North tanraa Tribe,Indic Riverine,106,Storage Pits and Containers,11
-2490,initial,170,North tanraa Tribe,Indic Riverine,107,Seasonal Aggregation Camps,11
-2490,initial,170,North tanraa Tribe,Indic Riverine,110,Dog Domestication,11
-2490,initial,170,North tanraa Tribe,Indic Riverine,111,Grinding Stones,11
-2490,initial,170,North tanraa Tribe,Indic Riverine,116,Charcoal Firing,11
-2490,initial,170,North tanraa Tribe,Indic Riverine,4,Mining,11
-2490,initial,170,North tanraa Tribe,Indic Riverine,3,Archery,11
-2484,unlock,53,Old tankau Tribe,East Horn,10,Irrigation,24
-2482,unlock,68,Teocalco Tribe,Mesoamerican,115,Counting Tokens and Tallies,23
-2480,unlock,73,Kingdom of New calxocpan,Mesoamerican,12,Shipbuilding,23
-2480,unlock,114,North marlorland Tribe,Monsoon Coastal,109,Long-distance Exchange Networks,22
-2477,unlock,3,Shakantannagar Tribe,Indic Riverine,14,Formal Mathematics,25
-2476,unlock,67,Kingdom of North tolcalmix,Mesoamerican,7,Wheel,18
-2473,unlock,7,Kingdom of North kanradesh,Indic Riverine,17,Roads,20
-2473,unlock,49,Empire of New seseofiene,Nile Floodplain,27,Democracy,30
-2472,unlock,3,Shakantannagar Tribe,Indic Riverine,19,Alphabet,26
-2472,unlock,43,Old kinviaia Tribe,Monsoon Coastal,10,Irrigation,24
-2472,unlock,74,Kingdom of North yuctem,Mesoamerican,5,Sailing,22
-2450,unlock,53,Old tankau Tribe,East Horn,23,Engineering,25
-2447,unlock,110,North mitrasurnagar,Indic Riverine,22,Philosophy,31
-2446,unlock,65,Chitolcalan Tribe,Mesoamerican,108,Watercraft,22
-2440,unlock,70,Kingdom of South nahyucco,Mesoamerican,114,Enclosures and Herd Management,23
-2431,unlock,68,Teocalco Tribe,Mesoamerican,12,Shipbuilding,24
-2430,initial,171,New ofimaofiu Kingdom,North Saharan,100,Cordage and Knots,10
-2430,initial,171,New ofimaofiu Kingdom,North Saharan,101,Hide Working and Tailored Clothing,10
-2430,initial,171,New ofimaofiu Kingdom,North Saharan,102,Hafted Stone Tools,10
-2430,initial,171,New ofimaofiu Kingdom,North Saharan,105,Food Preservation,10
-2430,initial,171,New ofimaofiu Kingdom,North Saharan,106,Storage Pits and Containers,10
-2430,initial,171,New ofimaofiu Kingdom,North Saharan,107,Seasonal Aggregation Camps,10
-2430,initial,171,New ofimaofiu Kingdom,North Saharan,110,Dog Domestication,10
-2430,initial,171,New ofimaofiu Kingdom,North Saharan,111,Grinding Stones,10
-2430,initial,171,New ofimaofiu Kingdom,North Saharan,116,Charcoal Firing,10
-2430,initial,171,New ofimaofiu Kingdom,North Saharan,3,Archery,10
-2422,unlock,69,Kingdom of North calmix,Mesoamerican,17,Roads,25
-2412,unlock,3,Shakantannagar Tribe,Indic Riverine,104,Fishing Technology,27
-2403,unlock,71,Great itzcaltan Tribe,Mesoamerican,5,Sailing,22
-2390,unlock,53,Old tankau Tribe,East Horn,29,Machinery,26
-2380,unlock,7,Kingdom of North kanradesh,Indic Riverine,104,Fishing Technology,21
-2379,unlock,53,Old tankau Tribe,East Horn,110,Dog Domestication,27
-2379,unlock,68,Teocalco Tribe,Mesoamerican,17,Roads,25
-2379,unlock,84,Kingdom of Old marlinromgrad,Eastern Woodland,8,Masonry,10
-2376,unlock,65,Chitolcalan Tribe,Mesoamerican,109,Long-distance Exchange Networks,23
-2372,unlock,54,Empire of Great tanbarene,East Horn,117,Proto-writing and Administrative Notation,26
-2371,unlock,9,Kingdom of Varvinalnagar,Indic Riverine,15,Currency,24
-2370,unlock,87,Kingdom of Zenlin,Eastern Woodland,103,Bone and Antler Tools,9
-2362,unlock,49,Empire of New seseofiene,Nile Floodplain,24,Optics,31
-2357,unlock,70,Kingdom of South nahyucco,Mesoamerican,7,Wheel,24
-2357,unlock,84,Kingdom of Old marlinromgrad,Eastern Woodland,110,Dog Domestication,11
-2351,unlock,0,South mitsurdradesh Tribe,Indic Riverine,23,Engineering,29
-2340,unlock,74,Kingdom of North yuctem,Mesoamerican,17,Roads,23
-2322,unlock,110,North mitrasurnagar,Indic Riverine,14,Formal Mathematics,32
-2320,initial,172,Old linzhoxialing Tribe,East Riverine,100,Cordage and Knots,10
-2320,initial,172,Old linzhoxialing Tribe,East Riverine,101,Hide Working and Tailored Clothing,10
-2320,initial,172,Old linzhoxialing Tribe,East Riverine,102,Hafted Stone Tools,10
-2320,initial,172,Old linzhoxialing Tribe,East Riverine,105,Food Preservation,10
-2320,initial,172,Old linzhoxialing Tribe,East Riverine,106,Storage Pits and Containers,10
-2320,initial,172,Old linzhoxialing Tribe,East Riverine,107,Seasonal Aggregation Camps,10
-2320,initial,172,Old linzhoxialing Tribe,East Riverine,110,Dog Domestication,10
-2320,initial,172,Old linzhoxialing Tribe,East Riverine,111,Grinding Stones,10
-2320,initial,172,Old linzhoxialing Tribe,East Riverine,116,Charcoal Firing,10
-2320,initial,172,Old linzhoxialing Tribe,East Riverine,3,Archery,10
-2314,unlock,60,Kingdom of Norlenburg,Central Plain,119,Native Copper Working,12
-2306,unlock,49,Empire of New seseofiene,Nile Floodplain,31,Acoustics,32
-2301,unlock,65,Chitolcalan Tribe,Mesoamerican,5,Sailing,24
-2296,unlock,71,Great itzcaltan Tribe,Mesoamerican,17,Roads,23
-2294,unlock,41,Kingdom of New solsolranland,Monsoon Coastal,103,Bone and Antler Tools,11
-2290,initial,173,Great ofichi Tribe,East Horn,100,Cordage and Knots,26
-2290,initial,173,Great ofichi Tribe,East Horn,101,Hide Working and Tailored Clothing,26
-2290,initial,173,Great ofichi Tribe,East Horn,102,Hafted Stone Tools,26
-2290,initial,173,Great ofichi Tribe,East Horn,103,Bone and Antler Tools,26
-2290,initial,173,Great ofichi Tribe,East Horn,104,Fishing Technology,26
-2290,initial,173,Great ofichi Tribe,East Horn,105,Food Preservation,26
-2290,initial,173,Great ofichi Tribe,East Horn,106,Storage Pits and Containers,26
-2290,initial,173,Great ofichi Tribe,East Horn,107,Seasonal Aggregation Camps,26
-2290,initial,173,Great ofichi Tribe,East Horn,108,Watercraft,26
-2290,initial,173,Great ofichi Tribe,East Horn,109,Long-distance Exchange Networks,26
-2290,initial,173,Great ofichi Tribe,East Horn,110,Dog Domestication,26
-2290,initial,173,Great ofichi Tribe,East Horn,111,Grinding Stones,26
-2290,initial,173,Great ofichi Tribe,East Horn,112,Proto-cultivation,26
-2290,initial,173,Great ofichi Tribe,East Horn,113,Sedentism,26
-2290,initial,173,Great ofichi Tribe,East Horn,114,Enclosures and Herd Management,26
-2290,initial,173,Great ofichi Tribe,East Horn,115,Counting Tokens and Tallies,26
-2290,initial,173,Great ofichi Tribe,East Horn,116,Charcoal Firing,26
-2290,initial,173,Great ofichi Tribe,East Horn,117,Proto-writing and Administrative Notation,26
-2290,initial,173,Great ofichi Tribe,East Horn,20,Agriculture,26
-2290,initial,173,Great ofichi Tribe,East Horn,3,Archery,26
-2290,initial,173,Great ofichi Tribe,East Horn,5,Sailing,26
-2290,initial,173,Great ofichi Tribe,East Horn,6,Calendar,26
-2290,initial,173,Great ofichi Tribe,East Horn,7,Wheel,26
-2290,initial,173,Great ofichi Tribe,East Horn,10,Irrigation,26
-2290,initial,173,Great ofichi Tribe,East Horn,17,Roads,26
-2290,initial,173,Great ofichi Tribe,East Horn,23,Engineering,26
-2285,unlock,73,Kingdom of New calxocpan,Mesoamerican,10,Irrigation,24
-2280,initial,174,North nalshapur Kingdom,Indic Riverine,100,Cordage and Knots,10
-2280,initial,174,North nalshapur Kingdom,Indic Riverine,101,Hide Working and Tailored Clothing,10
-2280,initial,174,North nalshapur Kingdom,Indic Riverine,102,Hafted Stone Tools,10
-2280,initial,174,North nalshapur Kingdom,Indic Riverine,105,Food Preservation,10
-2280,initial,174,North nalshapur Kingdom,Indic Riverine,106,Storage Pits and Containers,10
-2280,initial,174,North nalshapur Kingdom,Indic Riverine,107,Seasonal Aggregation Camps,10
-2280,initial,174,North nalshapur Kingdom,Indic Riverine,110,Dog Domestication,10
-2280,initial,174,North nalshapur Kingdom,Indic Riverine,111,Grinding Stones,10
-2280,initial,174,North nalshapur Kingdom,Indic Riverine,116,Charcoal Firing,10
-2280,initial,174,North nalshapur Kingdom,Indic Riverine,3,Archery,10
-2277,unlock,37,New belashtamum,Fertile Crescent,120,Copper Smelting,14
-2260,initial,175,North zumaara Tribe,Central Forest,100,Cordage and Knots,9
-2260,initial,175,North zumaara Tribe,Central Forest,101,Hide Working and Tailored Clothing,9
-2260,initial,175,North zumaara Tribe,Central Forest,102,Hafted Stone Tools,9
-2260,initial,175,North zumaara Tribe,Central Forest,105,Food Preservation,9
-2260,initial,175,North zumaara Tribe,Central Forest,106,Storage Pits and Containers,9
-2260,initial,175,North zumaara Tribe,Central Forest,107,Seasonal Aggregation Camps,9
-2260,initial,175,North zumaara Tribe,Central Forest,111,Grinding Stones,9
-2260,initial,175,North zumaara Tribe,Central Forest,116,Charcoal Firing,9
-2260,initial,175,North zumaara Tribe,Central Forest,3,Archery,9
-2254,unlock,110,North mitrasurnagar,Indic Riverine,30,Education,33
-2252,unlock,52,Empire of South sebara,West Sahel,114,Enclosures and Herd Management,17
-2245,unlock,65,Chitolcalan Tribe,Mesoamerican,12,Shipbuilding,25
-2245,unlock,87,Kingdom of Zenlin,Eastern Woodland,110,Dog Domestication,10
-2244,unlock,3,Shakantannagar Tribe,Indic Riverine,21,Drama and Poetry,28
-2238,unlock,3,Shakantannagar Tribe,Indic Riverine,108,Watercraft,29
-2225,initial,176,South ranbelstan Kingdom,Western Plains,100,Cordage and Knots,9
-2225,initial,176,South ranbelstan Kingdom,Western Plains,101,Hide Working and Tailored Clothing,9
-2225,initial,176,South ranbelstan Kingdom,Western Plains,102,Hafted Stone Tools,9
-2225,initial,176,South ranbelstan Kingdom,Western Plains,105,Food Preservation,9
-2225,initial,176,South ranbelstan Kingdom,Western Plains,106,Storage Pits and Containers,9
-2225,initial,176,South ranbelstan Kingdom,Western Plains,107,Seasonal Aggregation Camps,9
-2225,initial,176,South ranbelstan Kingdom,Western Plains,111,Grinding Stones,9
-2225,initial,176,South ranbelstan Kingdom,Western Plains,4,Mining,9
-2225,initial,176,South ranbelstan Kingdom,Western Plains,3,Archery,9
-2220,initial,177,South xoctempan Tribe,Mesoamerican,100,Cordage and Knots,24
-2220,initial,177,South xoctempan Tribe,Mesoamerican,101,Hide Working and Tailored Clothing,24
-2220,initial,177,South xoctempan Tribe,Mesoamerican,102,Hafted Stone Tools,24
-2220,initial,177,South xoctempan Tribe,Mesoamerican,103,Bone and Antler Tools,24
-2220,initial,177,South xoctempan Tribe,Mesoamerican,104,Fishing Technology,24
-2220,initial,177,South xoctempan Tribe,Mesoamerican,105,Food Preservation,24
-2220,initial,177,South xoctempan Tribe,Mesoamerican,106,Storage Pits and Containers,24
-2220,initial,177,South xoctempan Tribe,Mesoamerican,107,Seasonal Aggregation Camps,24
-2220,initial,177,South xoctempan Tribe,Mesoamerican,108,Watercraft,24
-2220,initial,177,South xoctempan Tribe,Mesoamerican,109,Long-distance Exchange Networks,24
-2220,initial,177,South xoctempan Tribe,Mesoamerican,110,Dog Domestication,24
-2220,initial,177,South xoctempan Tribe,Mesoamerican,111,Grinding Stones,24
-2220,initial,177,South xoctempan Tribe,Mesoamerican,112,Proto-cultivation,24
-2220,initial,177,South xoctempan Tribe,Mesoamerican,113,Sedentism,24
-2220,initial,177,South xoctempan Tribe,Mesoamerican,114,Enclosures and Herd Management,24
-2220,initial,177,South xoctempan Tribe,Mesoamerican,115,Counting Tokens and Tallies,24
-2220,initial,177,South xoctempan Tribe,Mesoamerican,116,Charcoal Firing,24
-2220,initial,177,South xoctempan Tribe,Mesoamerican,20,Agriculture,24
-2220,initial,177,South xoctempan Tribe,Mesoamerican,3,Archery,24
-2220,initial,177,South xoctempan Tribe,Mesoamerican,5,Sailing,24
-2220,initial,177,South xoctempan Tribe,Mesoamerican,6,Calendar,24
-2220,initial,177,South xoctempan Tribe,Mesoamerican,7,Wheel,24
-2220,initial,177,South xoctempan Tribe,Mesoamerican,10,Irrigation,24
-2220,initial,177,South xoctempan Tribe,Mesoamerican,12,Shipbuilding,24
-2216,unlock,73,Kingdom of New calxocpan,Mesoamerican,17,Roads,25
-2215,initial,178,New intikusmarca Kingdom,Andean Highland,100,Cordage and Knots,9
-2215,initial,178,New intikusmarca Kingdom,Andean Highland,101,Hide Working and Tailored Clothing,9
-2215,initial,178,New intikusmarca Kingdom,Andean Highland,102,Hafted Stone Tools,9
-2215,initial,178,New intikusmarca Kingdom,Andean Highland,105,Food Preservation,9
-2215,initial,178,New intikusmarca Kingdom,Andean Highland,106,Storage Pits and Containers,9
-2215,initial,178,New intikusmarca Kingdom,Andean Highland,107,Seasonal Aggregation Camps,9
-2215,initial,178,New intikusmarca Kingdom,Andean Highland,111,Grinding Stones,9
-2215,initial,178,New intikusmarca Kingdom,Andean Highland,116,Charcoal Firing,9
-2215,initial,178,New intikusmarca Kingdom,Andean Highland,3,Archery,9
-2210,unlock,51,South katanbar Tribe,West Sahel,103,Bone and Antler Tools,21
-2206,unlock,72,Kingdom of South nahxocco,Mesoamerican,110,Dog Domestication,13
-2204,unlock,71,Great itzcaltan Tribe,Mesoamerican,12,Shipbuilding,24
-2200,unlock,45,Empire of South zengarviagrad,Steppe Nomadic,8,Masonry,13
-2198,unlock,71,Great itzcaltan Tribe,Mesoamerican,109,Long-distance Exchange Networks,25
-2180,initial,179,New tanzungoara Tribe,Nile Floodplain,100,Cordage and Knots,32
-2180,initial,179,New tanzungoara Tribe,Nile Floodplain,101,Hide Working and Tailored Clothing,32
-2180,initial,179,New tanzungoara Tribe,Nile Floodplain,102,Hafted Stone Tools,32
-2180,initial,179,New tanzungoara Tribe,Nile Floodplain,103,Bone and Antler Tools,32
-2180,initial,179,New tanzungoara Tribe,Nile Floodplain,104,Fishing Technology,32
-2180,initial,179,New tanzungoara Tribe,Nile Floodplain,105,Food Preservation,32
-2180,initial,179,New tanzungoara Tribe,Nile Floodplain,106,Storage Pits and Containers,32
-2180,initial,179,New tanzungoara Tribe,Nile Floodplain,107,Seasonal Aggregation Camps,32
-2180,initial,179,New tanzungoara Tribe,Nile Floodplain,110,Dog Domestication,32
-2180,initial,179,New tanzungoara Tribe,Nile Floodplain,111,Grinding Stones,32
-2180,initial,179,New tanzungoara Tribe,Nile Floodplain,112,Proto-cultivation,32
-2180,initial,179,New tanzungoara Tribe,Nile Floodplain,113,Sedentism,32
-2180,initial,179,New tanzungoara Tribe,Nile Floodplain,114,Enclosures and Herd Management,32
-2180,initial,179,New tanzungoara Tribe,Nile Floodplain,115,Counting Tokens and Tallies,32
-2180,initial,179,New tanzungoara Tribe,Nile Floodplain,116,Charcoal Firing,32
-2180,initial,179,New tanzungoara Tribe,Nile Floodplain,117,Proto-writing and Administrative Notation,32
-2180,initial,179,New tanzungoara Tribe,Nile Floodplain,118,Numeracy and Measurement,32
-2180,initial,179,New tanzungoara Tribe,Nile Floodplain,20,Agriculture,32
-2180,initial,179,New tanzungoara Tribe,Nile Floodplain,11,Writing,32
-2180,initial,179,New tanzungoara Tribe,Nile Floodplain,3,Archery,32
-2180,initial,179,New tanzungoara Tribe,Nile Floodplain,6,Calendar,32
-2180,initial,179,New tanzungoara Tribe,Nile Floodplain,7,Wheel,32
-2180,initial,179,New tanzungoara Tribe,Nile Floodplain,10,Irrigation,32
-2180,initial,179,New tanzungoara Tribe,Nile Floodplain,14,Formal Mathematics,32
-2180,initial,179,New tanzungoara Tribe,Nile Floodplain,15,Currency,32
-2180,initial,179,New tanzungoara Tribe,Nile Floodplain,17,Roads,32
-2180,initial,179,New tanzungoara Tribe,Nile Floodplain,19,Alphabet,32
-2180,initial,179,New tanzungoara Tribe,Nile Floodplain,21,Drama and Poetry,32
-2180,initial,179,New tanzungoara Tribe,Nile Floodplain,22,Philosophy,32
-2180,initial,179,New tanzungoara Tribe,Nile Floodplain,24,Optics,32
-2180,initial,179,New tanzungoara Tribe,Nile Floodplain,27,Democracy,32
-2180,initial,179,New tanzungoara Tribe,Nile Floodplain,31,Acoustics,32
-2172,unlock,114,Kingdom of Old kingarterstan,Monsoon Coastal,103,Bone and Antler Tools,23
-2170,initial,180,Zulamene Kingdom,North Saharan,100,Cordage and Knots,10
-2170,initial,180,Zulamene Kingdom,North Saharan,101,Hide Working and Tailored Clothing,10
-2170,initial,180,Zulamene Kingdom,North Saharan,102,Hafted Stone Tools,10
-2170,initial,180,Zulamene Kingdom,North Saharan,105,Food Preservation,10
-2170,initial,180,Zulamene Kingdom,North Saharan,106,Storage Pits and Containers,10
-2170,initial,180,Zulamene Kingdom,North Saharan,107,Seasonal Aggregation Camps,10
-2170,initial,180,Zulamene Kingdom,North Saharan,110,Dog Domestication,10
-2170,initial,180,Zulamene Kingdom,North Saharan,111,Grinding Stones,10
-2170,initial,180,Zulamene Kingdom,North Saharan,116,Charcoal Firing,10
-2170,initial,180,Zulamene Kingdom,North Saharan,3,Archery,10
-2157,unlock,11,Old varnal Tribe,Indic Riverine,103,Bone and Antler Tools,11
-2155,unlock,120,Kingdom of New dravi,Indic Riverine,103,Bone and Antler Tools,11
-2148,unlock,52,Empire of South sebara,West Sahel,7,Wheel,18
-2144,unlock,3,Shakantannagar Tribe,Indic Riverine,23,Engineering,30
-2138,unlock,3,Shakantannagar Tribe,Indic Riverine,5,Sailing,31
-2138,unlock,54,Empire of Great tanbarene,East Horn,29,Machinery,26
-2120,initial,181,Great barmachiu Kingdom,Nile Floodplain,100,Cordage and Knots,10
-2120,initial,181,Great barmachiu Kingdom,Nile Floodplain,101,Hide Working and Tailored Clothing,10
-2120,initial,181,Great barmachiu Kingdom,Nile Floodplain,102,Hafted Stone Tools,10
-2120,initial,181,Great barmachiu Kingdom,Nile Floodplain,105,Food Preservation,10
-2120,initial,181,Great barmachiu Kingdom,Nile Floodplain,106,Storage Pits and Containers,10
-2120,initial,181,Great barmachiu Kingdom,Nile Floodplain,107,Seasonal Aggregation Camps,10
-2120,initial,181,Great barmachiu Kingdom,Nile Floodplain,110,Dog Domestication,10
-2120,initial,181,Great barmachiu Kingdom,Nile Floodplain,111,Grinding Stones,10
-2120,initial,181,Great barmachiu Kingdom,Nile Floodplain,116,Charcoal Firing,10
-2120,initial,181,Great barmachiu Kingdom,Nile Floodplain,3,Archery,10
-2119,unlock,44,Kingdom of South ranmarmar,Monsoon Coastal,115,Counting Tokens and Tallies,24
-2116,unlock,49,Empire of New seseofiene,Nile Floodplain,30,Education,33
-2113,unlock,54,Empire of Great tanbarene,East Horn,12,Shipbuilding,28
-2100,unlock,114,Kingdom of Old kingarterstan,Monsoon Coastal,115,Counting Tokens and Tallies,24
-2082,unlock,114,Kingdom of Old kingarterstan,Monsoon Coastal,17,Roads,25
-2060,initial,182,Old tantankana Kingdom,Indic Riverine,100,Cordage and Knots,10
-2060,initial,182,Old tantankana Kingdom,Indic Riverine,101,Hide Working and Tailored Clothing,10
-2060,initial,182,Old tantankana Kingdom,Indic Riverine,102,Hafted Stone Tools,10
-2060,initial,182,Old tantankana Kingdom,Indic Riverine,105,Food Preservation,10
-2060,initial,182,Old tantankana Kingdom,Indic Riverine,106,Storage Pits and Containers,10
-2060,initial,182,Old tantankana Kingdom,Indic Riverine,107,Seasonal Aggregation Camps,10
-2060,initial,182,Old tantankana Kingdom,Indic Riverine,110,Dog Domestication,10
-2060,initial,182,Old tantankana Kingdom,Indic Riverine,111,Grinding Stones,10
-2060,initial,182,Old tantankana Kingdom,Indic Riverine,116,Charcoal Firing,10
-2060,initial,182,Old tantankana Kingdom,Indic Riverine,3,Archery,10
-2058,unlock,51,South katanbar Tribe,West Sahel,29,Machinery,22
-2055,unlock,52,Empire of South sebara,West Sahel,115,Counting Tokens and Tallies,19
-2049,unlock,7,Kingdom of North kanradesh,Indic Riverine,108,Watercraft,22
-2045,unlock,0,South mitsurdradesh Tribe,Indic Riverine,29,Machinery,30
-2043,unlock,110,North mitrasurnagar,Indic Riverine,29,Machinery,34
-2019,unlock,49,Empire of New seseofiene,Nile Floodplain,33,Paper,34
-2011,unlock,3,Shakantannagar Tribe,Indic Riverine,12,Shipbuilding,32
-2005,unlock,26,Old zhominqinling Tribe,East Riverine,103,Bone and Antler Tools,11
-2003,unlock,78,Empire of New kuskusayana,Andean Highland,110,Dog Domestication,11
-1999,unlock,52,Empire of South sebara,West Sahel,104,Fishing Technology,20
-1995,unlock,93,Kingdom of North solgarzengrad,Western Plains,103,Bone and Antler Tools,9
-1995,initial,183,Rumsumsumna Kingdom,Andean Highland,100,Cordage and Knots,9
-1995,initial,183,Rumsumsumna Kingdom,Andean Highland,101,Hide Working and Tailored Clothing,9
-1995,initial,183,Rumsumsumna Kingdom,Andean Highland,102,Hafted Stone Tools,9
-1995,initial,183,Rumsumsumna Kingdom,Andean Highland,105,Food Preservation,9
-1995,initial,183,Rumsumsumna Kingdom,Andean Highland,106,Storage Pits and Containers,9
-1995,initial,183,Rumsumsumna Kingdom,Andean Highland,107,Seasonal Aggregation Camps,9
-1995,initial,183,Rumsumsumna Kingdom,Andean Highland,111,Grinding Stones,9
-1995,initial,183,Rumsumsumna Kingdom,Andean Highland,116,Charcoal Firing,9
-1995,initial,183,Rumsumsumna Kingdom,Andean Highland,3,Archery,9
-1991,unlock,51,South katanbar Tribe,West Sahel,23,Engineering,23
-1979,unlock,110,North mitrasurnagar,Indic Riverine,23,Engineering,34
-1953,unlock,43,Kingdom of North kinzenrangrad,Monsoon Coastal,17,Roads,25
-1951,unlock,114,Kingdom of Old kingarterstan,Monsoon Coastal,117,Proto-writing and Administrative Notation,26
-1937,unlock,70,Kingdom of South nahyucco,Mesoamerican,17,Roads,25
-1925,unlock,52,Empire of South sebara,West Sahel,117,Proto-writing and Administrative Notation,21
-1921,unlock,77,Kingdom of Great sumsumllaqmarca,Andean Highland,8,Masonry,12
-1918,unlock,52,Empire of South sebara,West Sahel,17,Roads,22
-1915,initial,184,New ngozuchiu Tribe,West Sahel,100,Cordage and Knots,22
-1915,initial,184,New ngozuchiu Tribe,West Sahel,101,Hide Working and Tailored Clothing,22
-1915,initial,184,New ngozuchiu Tribe,West Sahel,102,Hafted Stone Tools,22
-1915,initial,184,New ngozuchiu Tribe,West Sahel,103,Bone and Antler Tools,22
-1915,initial,184,New ngozuchiu Tribe,West Sahel,104,Fishing Technology,22
-1915,initial,184,New ngozuchiu Tribe,West Sahel,105,Food Preservation,22
-1915,initial,184,New ngozuchiu Tribe,West Sahel,106,Storage Pits and Containers,22
-1915,initial,184,New ngozuchiu Tribe,West Sahel,107,Seasonal Aggregation Camps,22
-1915,initial,184,New ngozuchiu Tribe,West Sahel,110,Dog Domestication,22
-1915,initial,184,New ngozuchiu Tribe,West Sahel,111,Grinding Stones,22
-1915,initial,184,New ngozuchiu Tribe,West Sahel,112,Proto-cultivation,22
-1915,initial,184,New ngozuchiu Tribe,West Sahel,113,Sedentism,22
-1915,initial,184,New ngozuchiu Tribe,West Sahel,114,Enclosures and Herd Management,22
-1915,initial,184,New ngozuchiu Tribe,West Sahel,115,Counting Tokens and Tallies,22
-1915,initial,184,New ngozuchiu Tribe,West Sahel,116,Charcoal Firing,22
-1915,initial,184,New ngozuchiu Tribe,West Sahel,117,Proto-writing and Administrative Notation,22
-1915,initial,184,New ngozuchiu Tribe,West Sahel,20,Agriculture,22
-1915,initial,184,New ngozuchiu Tribe,West Sahel,3,Archery,22
-1915,initial,184,New ngozuchiu Tribe,West Sahel,6,Calendar,22
-1915,initial,184,New ngozuchiu Tribe,West Sahel,7,Wheel,22
-1915,initial,184,New ngozuchiu Tribe,West Sahel,10,Irrigation,22
-1915,initial,184,New ngozuchiu Tribe,West Sahel,17,Roads,22
-1913,unlock,110,North mitrasurnagar,Indic Riverine,26,Compass,35
-1890,unlock,9,Kingdom of Varvinalnagar,Indic Riverine,11,Writing,24
-1890,initial,185,Quikinstan Tribe,Western Plains,100,Cordage and Knots,8
-1890,initial,185,Quikinstan Tribe,Western Plains,101,Hide Working and Tailored Clothing,8
-1890,initial,185,Quikinstan Tribe,Western Plains,102,Hafted Stone Tools,8
-1890,initial,185,Quikinstan Tribe,Western Plains,105,Food Preservation,8
-1890,initial,185,Quikinstan Tribe,Western Plains,106,Storage Pits and Containers,8
-1890,initial,185,Quikinstan Tribe,Western Plains,107,Seasonal Aggregation Camps,8
-1890,initial,185,Quikinstan Tribe,Western Plains,111,Grinding Stones,8
-1890,initial,185,Quikinstan Tribe,Western Plains,3,Archery,8
-1881,unlock,162,South belromum Kingdom,Atlantic Fringe,4,Mining,10
-1879,unlock,7,Kingdom of North kanradesh,Indic Riverine,5,Sailing,23
-1855,initial,186,Great kairangi Tribe,Oceanic Navigators,100,Cordage and Knots,7
-1855,initial,186,Great kairangi Tribe,Oceanic Navigators,101,Hide Working and Tailored Clothing,7
-1855,initial,186,Great kairangi Tribe,Oceanic Navigators,102,Hafted Stone Tools,7
-1855,initial,186,Great kairangi Tribe,Oceanic Navigators,105,Food Preservation,7
-1855,initial,186,Great kairangi Tribe,Oceanic Navigators,106,Storage Pits and Containers,7
-1855,initial,186,Great kairangi Tribe,Oceanic Navigators,107,Seasonal Aggregation Camps,7
-1855,initial,186,Great kairangi Tribe,Oceanic Navigators,3,Archery,7
-1844,unlock,3,Shakantannagar Tribe,Indic Riverine,26,Compass,33
-1835,unlock,67,Kingdom of North tolcalmix,Mesoamerican,110,Dog Domestication,19
-1830,unlock,34,Eshbarbaran Tribe,Fertile Crescent,120,Copper Smelting,13
-1820,initial,187,Teoxoc Tribe,Mesoamerican,100,Cordage and Knots,23
-1820,initial,187,Teoxoc Tribe,Mesoamerican,101,Hide Working and Tailored Clothing,23
-1820,initial,187,Teoxoc Tribe,Mesoamerican,102,Hafted Stone Tools,23
-1820,initial,187,Teoxoc Tribe,Mesoamerican,103,Bone and Antler Tools,23
-1820,initial,187,Teoxoc Tribe,Mesoamerican,104,Fishing Technology,23
-1820,initial,187,Teoxoc Tribe,Mesoamerican,105,Food Preservation,23
-1820,initial,187,Teoxoc Tribe,Mesoamerican,106,Storage Pits and Containers,23
-1820,initial,187,Teoxoc Tribe,Mesoamerican,107,Seasonal Aggregation Camps,23
-1820,initial,187,Teoxoc Tribe,Mesoamerican,108,Watercraft,23
-1820,initial,187,Teoxoc Tribe,Mesoamerican,109,Long-distance Exchange Networks,23
-1820,initial,187,Teoxoc Tribe,Mesoamerican,110,Dog Domestication,23
-1820,initial,187,Teoxoc Tribe,Mesoamerican,111,Grinding Stones,23
-1820,initial,187,Teoxoc Tribe,Mesoamerican,112,Proto-cultivation,23
-1820,initial,187,Teoxoc Tribe,Mesoamerican,113,Sedentism,23
-1820,initial,187,Teoxoc Tribe,Mesoamerican,114,Enclosures and Herd Management,23
-1820,initial,187,Teoxoc Tribe,Mesoamerican,115,Counting Tokens and Tallies,23
-1820,initial,187,Teoxoc Tribe,Mesoamerican,116,Charcoal Firing,23
-1820,initial,187,Teoxoc Tribe,Mesoamerican,3,Archery,23
-1820,initial,187,Teoxoc Tribe,Mesoamerican,5,Sailing,23
-1820,initial,187,Teoxoc Tribe,Mesoamerican,6,Calendar,23
-1820,initial,187,Teoxoc Tribe,Mesoamerican,7,Wheel,23
-1820,initial,187,Teoxoc Tribe,Mesoamerican,12,Shipbuilding,23
-1820,initial,187,Teoxoc Tribe,Mesoamerican,17,Roads,23
-1817,unlock,57,Kingdom of New dorbeltarburg,Mediterranean Highland,103,Bone and Antler Tools,11
-1810,initial,188,New seltarland Tribe,Mediterranean Highland,100,Cordage and Knots,10
-1810,initial,188,New seltarland Tribe,Mediterranean Highland,101,Hide Working and Tailored Clothing,10
-1810,initial,188,New seltarland Tribe,Mediterranean Highland,102,Hafted Stone Tools,10
-1810,initial,188,New seltarland Tribe,Mediterranean Highland,105,Food Preservation,10
-1810,initial,188,New seltarland Tribe,Mediterranean Highland,106,Storage Pits and Containers,10
-1810,initial,188,New seltarland Tribe,Mediterranean Highland,107,Seasonal Aggregation Camps,10
-1810,initial,188,New seltarland Tribe,Mediterranean Highland,110,Dog Domestication,10
-1810,initial,188,New seltarland Tribe,Mediterranean Highland,111,Grinding Stones,10
-1810,initial,188,New seltarland Tribe,Mediterranean Highland,116,Charcoal Firing,10
-1810,initial,188,New seltarland Tribe,Mediterranean Highland,3,Archery,10
-1807,unlock,33,Kingdom of Kalninkalar,Fertile Crescent,103,Bone and Antler Tools,11
-1805,unlock,3,Shakantannagar Tribe,Indic Riverine,109,Long-distance Exchange Networks,34
-1805,initial,189,Great ayakusa Kingdom,Andean Highland,100,Cordage and Knots,9
-1805,initial,189,Great ayakusa Kingdom,Andean Highland,101,Hide Working and Tailored Clothing,9
-1805,initial,189,Great ayakusa Kingdom,Andean Highland,102,Hafted Stone Tools,9
-1805,initial,189,Great ayakusa Kingdom,Andean Highland,105,Food Preservation,9
-1805,initial,189,Great ayakusa Kingdom,Andean Highland,106,Storage Pits and Containers,9
-1805,initial,189,Great ayakusa Kingdom,Andean Highland,107,Seasonal Aggregation Camps,9
-1805,initial,189,Great ayakusa Kingdom,Andean Highland,111,Grinding Stones,9
-1805,initial,189,Great ayakusa Kingdom,Andean Highland,116,Charcoal Firing,9
-1805,initial,189,Great ayakusa Kingdom,Andean Highland,3,Archery,9
-1785,unlock,44,Kingdom of South ranmarmar,Monsoon Coastal,117,Proto-writing and Administrative Notation,25
-1785,initial,190,New quigarloria Kingdom,Western Plains,100,Cordage and Knots,8
-1785,initial,190,New quigarloria Kingdom,Western Plains,101,Hide Working and Tailored Clothing,8
-1785,initial,190,New quigarloria Kingdom,Western Plains,102,Hafted Stone Tools,8
-1785,initial,190,New quigarloria Kingdom,Western Plains,105,Food Preservation,8
-1785,initial,190,New quigarloria Kingdom,Western Plains,106,Storage Pits and Containers,8
-1785,initial,190,New quigarloria Kingdom,Western Plains,107,Seasonal Aggregation Camps,8
-1785,initial,190,New quigarloria Kingdom,Western Plains,111,Grinding Stones,8
-1785,initial,190,New quigarloria Kingdom,Western Plains,3,Archery,8
-1775,initial,191,Great pachkusllaq Kingdom,Andean Highland,100,Cordage and Knots,9
-1775,initial,191,Great pachkusllaq Kingdom,Andean Highland,101,Hide Working and Tailored Clothing,9
-1775,initial,191,Great pachkusllaq Kingdom,Andean Highland,102,Hafted Stone Tools,9
-1775,initial,191,Great pachkusllaq Kingdom,Andean Highland,105,Food Preservation,9
-1775,initial,191,Great pachkusllaq Kingdom,Andean Highland,106,Storage Pits and Containers,9
-1775,initial,191,Great pachkusllaq Kingdom,Andean Highland,107,Seasonal Aggregation Camps,9
-1775,initial,191,Great pachkusllaq Kingdom,Andean Highland,111,Grinding Stones,9
-1775,initial,191,Great pachkusllaq Kingdom,Andean Highland,116,Charcoal Firing,9
-1775,initial,191,Great pachkusllaq Kingdom,Andean Highland,3,Archery,9
-1764,unlock,7,Kingdom of North kanradesh,Indic Riverine,109,Long-distance Exchange Networks,24
-1763,unlock,3,Shakantannagar Tribe,Indic Riverine,24,Optics,35
-1761,unlock,60,Kingdom of Norlenburg,Central Plain,103,Bone and Antler Tools,13
-1760,unlock,177,South xoctempan Tribe,Mesoamerican,17,Roads,25
-1757,unlock,74,Kingdom of Old teocalxocco,Mesoamerican,12,Shipbuilding,24
-1745,unlock,7,Kingdom of North kanradesh,Indic Riverine,29,Machinery,25
-1745,unlock,77,Kingdom of Great sumsumllaqmarca,Andean Highland,110,Dog Domestication,13
-1741,unlock,3,Shakantannagar Tribe,Indic Riverine,22,Philosophy,36
-1740,unlock,20,Kingdom of Zhoqinshan,East Riverine,103,Bone and Antler Tools,12
-1715,initial,192,Ofichilamu Kingdom,Nile Floodplain,100,Cordage and Knots,11
-1715,initial,192,Ofichilamu Kingdom,Nile Floodplain,101,Hide Working and Tailored Clothing,11
-1715,initial,192,Ofichilamu Kingdom,Nile Floodplain,102,Hafted Stone Tools,11
-1715,initial,192,Ofichilamu Kingdom,Nile Floodplain,103,Bone and Antler Tools,11
-1715,initial,192,Ofichilamu Kingdom,Nile Floodplain,105,Food Preservation,11
-1715,initial,192,Ofichilamu Kingdom,Nile Floodplain,106,Storage Pits and Containers,11
-1715,initial,192,Ofichilamu Kingdom,Nile Floodplain,107,Seasonal Aggregation Camps,11
-1715,initial,192,Ofichilamu Kingdom,Nile Floodplain,110,Dog Domestication,11
-1715,initial,192,Ofichilamu Kingdom,Nile Floodplain,111,Grinding Stones,11
-1715,initial,192,Ofichilamu Kingdom,Nile Floodplain,116,Charcoal Firing,11
-1715,initial,192,Ofichilamu Kingdom,Nile Floodplain,3,Archery,11
-1707,unlock,107,Kingdom of Old liqinshan,East Riverine,103,Bone and Antler Tools,11
-1699,unlock,72,Kingdom of South nahxocco,Mesoamerican,114,Enclosures and Herd Management,14
-1695,initial,193,North sengolamu Kingdom,West Sahel,100,Cordage and Knots,22
-1695,initial,193,North sengolamu Kingdom,West Sahel,101,Hide Working and Tailored Clothing,22
-1695,initial,193,North sengolamu Kingdom,West Sahel,102,Hafted Stone Tools,22
-1695,initial,193,North sengolamu Kingdom,West Sahel,103,Bone and Antler Tools,22
-1695,initial,193,North sengolamu Kingdom,West Sahel,104,Fishing Technology,22
-1695,initial,193,North sengolamu Kingdom,West Sahel,105,Food Preservation,22
-1695,initial,193,North sengolamu Kingdom,West Sahel,106,Storage Pits and Containers,22
-1695,initial,193,North sengolamu Kingdom,West Sahel,107,Seasonal Aggregation Camps,22
-1695,initial,193,North sengolamu Kingdom,West Sahel,110,Dog Domestication,22
-1695,initial,193,North sengolamu Kingdom,West Sahel,111,Grinding Stones,22
-1695,initial,193,North sengolamu Kingdom,West Sahel,112,Proto-cultivation,22
-1695,initial,193,North sengolamu Kingdom,West Sahel,113,Sedentism,22
-1695,initial,193,North sengolamu Kingdom,West Sahel,114,Enclosures and Herd Management,22
-1695,initial,193,North sengolamu Kingdom,West Sahel,115,Counting Tokens and Tallies,22
-1695,initial,193,North sengolamu Kingdom,West Sahel,116,Charcoal Firing,22
-1695,initial,193,North sengolamu Kingdom,West Sahel,117,Proto-writing and Administrative Notation,22
-1695,initial,193,North sengolamu Kingdom,West Sahel,20,Agriculture,22
-1695,initial,193,North sengolamu Kingdom,West Sahel,3,Archery,22
-1695,initial,193,North sengolamu Kingdom,West Sahel,6,Calendar,22
-1695,initial,193,North sengolamu Kingdom,West Sahel,7,Wheel,22
-1695,initial,193,North sengolamu Kingdom,West Sahel,10,Irrigation,22
-1695,initial,193,North sengolamu Kingdom,West Sahel,17,Roads,22
-1694,unlock,87,Kingdom of Zenlin,Eastern Woodland,116,Charcoal Firing,11
-1674,unlock,121,Linquibelstan,Eastern Woodland,110,Dog Domestication,9
-1673,unlock,44,Kingdom of South ranmarmar,Monsoon Coastal,17,Roads,26
-1672,unlock,10,Kingdom of Old mitranagar,Indic Riverine,103,Bone and Antler Tools,11
-1660,initial,194,New seka Kingdom,Central Forest,100,Cordage and Knots,9
-1660,initial,194,New seka Kingdom,Central Forest,101,Hide Working and Tailored Clothing,9
-1660,initial,194,New seka Kingdom,Central Forest,102,Hafted Stone Tools,9
-1660,initial,194,New seka Kingdom,Central Forest,105,Food Preservation,9
-1660,initial,194,New seka Kingdom,Central Forest,106,Storage Pits and Containers,9
-1660,initial,194,New seka Kingdom,Central Forest,107,Seasonal Aggregation Camps,9
-1660,initial,194,New seka Kingdom,Central Forest,111,Grinding Stones,9
-1660,initial,194,New seka Kingdom,Central Forest,116,Charcoal Firing,9
-1660,initial,194,New seka Kingdom,Central Forest,3,Archery,9
-1657,unlock,7,Kingdom of North kanradesh,Indic Riverine,12,Shipbuilding,26
-1638,unlock,67,Kingdom of North tolcalmix,Mesoamerican,17,Roads,20
-1624,unlock,113,Kingdom of Old nazenlinstan,Eastern Woodland,110,Dog Domestication,9
-1622,unlock,49,Empire of New seseofiene,Nile Floodplain,29,Machinery,25
-1617,unlock,85,Kingdom of New belzenmaria,Eastern Woodland,103,Bone and Antler Tools,9
-1615,initial,195,Tanseu Kingdom,Central Forest,100,Cordage and Knots,9
-1615,initial,195,Tanseu Kingdom,Central Forest,101,Hide Working and Tailored Clothing,9
-1615,initial,195,Tanseu Kingdom,Central Forest,102,Hafted Stone Tools,9
-1615,initial,195,Tanseu Kingdom,Central Forest,105,Food Preservation,9
-1615,initial,195,Tanseu Kingdom,Central Forest,106,Storage Pits and Containers,9
-1615,initial,195,Tanseu Kingdom,Central Forest,107,Seasonal Aggregation Camps,9
-1615,initial,195,Tanseu Kingdom,Central Forest,111,Grinding Stones,9
-1615,initial,195,Tanseu Kingdom,Central Forest,116,Charcoal Firing,9
-1615,initial,195,Tanseu Kingdom,Central Forest,3,Archery,9
-1615,initial,196,Itzmixxoctan Kingdom,Mesoamerican,100,Cordage and Knots,9
-1615,initial,196,Itzmixxoctan Kingdom,Mesoamerican,101,Hide Working and Tailored Clothing,9
-1615,initial,196,Itzmixxoctan Kingdom,Mesoamerican,102,Hafted Stone Tools,9
-1615,initial,196,Itzmixxoctan Kingdom,Mesoamerican,105,Food Preservation,9
-1615,initial,196,Itzmixxoctan Kingdom,Mesoamerican,106,Storage Pits and Containers,9
-1615,initial,196,Itzmixxoctan Kingdom,Mesoamerican,107,Seasonal Aggregation Camps,9
-1615,initial,196,Itzmixxoctan Kingdom,Mesoamerican,111,Grinding Stones,9
-1615,initial,196,Itzmixxoctan Kingdom,Mesoamerican,116,Charcoal Firing,9
-1615,initial,196,Itzmixxoctan Kingdom,Mesoamerican,3,Archery,9
-1614,unlock,119,Great dorromum Tribe,Atlantic Fringe,110,Dog Domestication,10
-1610,unlock,7,Kingdom of North kanradesh,Indic Riverine,23,Engineering,27
-1604,unlock,113,Kingdom of Old nazenlinstan,Eastern Woodland,103,Bone and Antler Tools,10
-1600,initial,197,Old nahtemco Kingdom,Mesoamerican,100,Cordage and Knots,23
-1600,initial,197,Old nahtemco Kingdom,Mesoamerican,101,Hide Working and Tailored Clothing,23
-1600,initial,197,Old nahtemco Kingdom,Mesoamerican,102,Hafted Stone Tools,23
-1600,initial,197,Old nahtemco Kingdom,Mesoamerican,103,Bone and Antler Tools,23
-1600,initial,197,Old nahtemco Kingdom,Mesoamerican,104,Fishing Technology,23
-1600,initial,197,Old nahtemco Kingdom,Mesoamerican,105,Food Preservation,23
-1600,initial,197,Old nahtemco Kingdom,Mesoamerican,106,Storage Pits and Containers,23
-1600,initial,197,Old nahtemco Kingdom,Mesoamerican,107,Seasonal Aggregation Camps,23
-1600,initial,197,Old nahtemco Kingdom,Mesoamerican,108,Watercraft,23
-1600,initial,197,Old nahtemco Kingdom,Mesoamerican,109,Long-distance Exchange Networks,23
-1600,initial,197,Old nahtemco Kingdom,Mesoamerican,110,Dog Domestication,23
-1600,initial,197,Old nahtemco Kingdom,Mesoamerican,111,Grinding Stones,23
-1600,initial,197,Old nahtemco Kingdom,Mesoamerican,112,Proto-cultivation,23
-1600,initial,197,Old nahtemco Kingdom,Mesoamerican,113,Sedentism,23
-1600,initial,197,Old nahtemco Kingdom,Mesoamerican,114,Enclosures and Herd Management,23
-1600,initial,197,Old nahtemco Kingdom,Mesoamerican,115,Counting Tokens and Tallies,23
-1600,initial,197,Old nahtemco Kingdom,Mesoamerican,116,Charcoal Firing,23
-1600,initial,197,Old nahtemco Kingdom,Mesoamerican,3,Archery,23
-1600,initial,197,Old nahtemco Kingdom,Mesoamerican,5,Sailing,23
-1600,initial,197,Old nahtemco Kingdom,Mesoamerican,6,Calendar,23
-1600,initial,197,Old nahtemco Kingdom,Mesoamerican,7,Wheel,23
-1600,initial,197,Old nahtemco Kingdom,Mesoamerican,12,Shipbuilding,23
-1600,initial,197,Old nahtemco Kingdom,Mesoamerican,17,Roads,23
-1593,unlock,91,Old dusrania Tribe,Western Plains,103,Bone and Antler Tools,10
-1587,unlock,91,Old dusrania Tribe,Western Plains,8,Masonry,11
-1580,initial,198,Great viatergrad Kingdom,Western Plains,100,Cordage and Knots,9
-1580,initial,198,Great viatergrad Kingdom,Western Plains,101,Hide Working and Tailored Clothing,9
-1580,initial,198,Great viatergrad Kingdom,Western Plains,102,Hafted Stone Tools,9
-1580,initial,198,Great viatergrad Kingdom,Western Plains,105,Food Preservation,9
-1580,initial,198,Great viatergrad Kingdom,Western Plains,106,Storage Pits and Containers,9
-1580,initial,198,Great viatergrad Kingdom,Western Plains,107,Seasonal Aggregation Camps,9
-1580,initial,198,Great viatergrad Kingdom,Western Plains,111,Grinding Stones,9
-1580,initial,198,Great viatergrad Kingdom,Western Plains,4,Mining,9
-1580,initial,198,Great viatergrad Kingdom,Western Plains,3,Archery,9
-1574,unlock,52,Empire of South sebara,West Sahel,23,Engineering,23
-1565,initial,199,New quikinstan Tribe,Western Plains,100,Cordage and Knots,8
-1565,initial,199,New quikinstan Tribe,Western Plains,101,Hide Working and Tailored Clothing,8
-1565,initial,199,New quikinstan Tribe,Western Plains,102,Hafted Stone Tools,8
-1565,initial,199,New quikinstan Tribe,Western Plains,105,Food Preservation,8
-1565,initial,199,New quikinstan Tribe,Western Plains,106,Storage Pits and Containers,8
-1565,initial,199,New quikinstan Tribe,Western Plains,107,Seasonal Aggregation Camps,8
-1565,initial,199,New quikinstan Tribe,Western Plains,111,Grinding Stones,8
-1565,initial,199,New quikinstan Tribe,Western Plains,3,Archery,8
-1555,initial,200,Old itztolxocan Kingdom,Mesoamerican,100,Cordage and Knots,9
-1555,initial,200,Old itztolxocan Kingdom,Mesoamerican,101,Hide Working and Tailored Clothing,9
-1555,initial,200,Old itztolxocan Kingdom,Mesoamerican,102,Hafted Stone Tools,9
-1555,initial,200,Old itztolxocan Kingdom,Mesoamerican,105,Food Preservation,9
-1555,initial,200,Old itztolxocan Kingdom,Mesoamerican,106,Storage Pits and Containers,9
-1555,initial,200,Old itztolxocan Kingdom,Mesoamerican,107,Seasonal Aggregation Camps,9
-1555,initial,200,Old itztolxocan Kingdom,Mesoamerican,111,Grinding Stones,9
-1555,initial,200,Old itztolxocan Kingdom,Mesoamerican,116,Charcoal Firing,9
-1555,initial,200,Old itztolxocan Kingdom,Mesoamerican,3,Archery,9
-1555,initial,201,South rumpachmarca Kingdom,Andean Highland,100,Cordage and Knots,9
-1555,initial,201,South rumpachmarca Kingdom,Andean Highland,101,Hide Working and Tailored Clothing,9
-1555,initial,201,South rumpachmarca Kingdom,Andean Highland,102,Hafted Stone Tools,9
-1555,initial,201,South rumpachmarca Kingdom,Andean Highland,105,Food Preservation,9
-1555,initial,201,South rumpachmarca Kingdom,Andean Highland,106,Storage Pits and Containers,9
-1555,initial,201,South rumpachmarca Kingdom,Andean Highland,107,Seasonal Aggregation Camps,9
-1555,initial,201,South rumpachmarca Kingdom,Andean Highland,111,Grinding Stones,9
-1555,initial,201,South rumpachmarca Kingdom,Andean Highland,116,Charcoal Firing,9
-1555,initial,201,South rumpachmarca Kingdom,Andean Highland,3,Archery,9
-1537,unlock,74,Kingdom of Old teocalxocco,Mesoamerican,109,Long-distance Exchange Networks,25
-1524,unlock,52,Empire of South sebara,West Sahel,29,Machinery,24
-1508,unlock,58,Kingdom of South romnordoria,Mediterranean Urban,103,Bone and Antler Tools,11
-1494,unlock,110,North mitrasurnagar,Indic Riverine,24,Optics,36
-1486,unlock,118,Kingdom of Old llaqayaa,Andean Highland,110,Dog Domestication,11
-1477,unlock,0,Kingdom of North shavitandesh,Indic Riverine,38,Mechanical Clock,31
-1475,initial,202,South malamngou Kingdom,West Sahel,100,Cordage and Knots,22
-1475,initial,202,South malamngou Kingdom,West Sahel,101,Hide Working and Tailored Clothing,22
-1475,initial,202,South malamngou Kingdom,West Sahel,102,Hafted Stone Tools,22
-1475,initial,202,South malamngou Kingdom,West Sahel,103,Bone and Antler Tools,22
-1475,initial,202,South malamngou Kingdom,West Sahel,104,Fishing Technology,22
-1475,initial,202,South malamngou Kingdom,West Sahel,105,Food Preservation,22
-1475,initial,202,South malamngou Kingdom,West Sahel,106,Storage Pits and Containers,22
-1475,initial,202,South malamngou Kingdom,West Sahel,107,Seasonal Aggregation Camps,22
-1475,initial,202,South malamngou Kingdom,West Sahel,110,Dog Domestication,22
-1475,initial,202,South malamngou Kingdom,West Sahel,111,Grinding Stones,22
-1475,initial,202,South malamngou Kingdom,West Sahel,112,Proto-cultivation,22
-1475,initial,202,South malamngou Kingdom,West Sahel,113,Sedentism,22
-1475,initial,202,South malamngou Kingdom,West Sahel,114,Enclosures and Herd Management,22
-1475,initial,202,South malamngou Kingdom,West Sahel,115,Counting Tokens and Tallies,22
-1475,initial,202,South malamngou Kingdom,West Sahel,116,Charcoal Firing,22
-1475,initial,202,South malamngou Kingdom,West Sahel,117,Proto-writing and Administrative Notation,22
-1475,initial,202,South malamngou Kingdom,West Sahel,20,Agriculture,22
-1475,initial,202,South malamngou Kingdom,West Sahel,3,Archery,22
-1475,initial,202,South malamngou Kingdom,West Sahel,6,Calendar,22
-1475,initial,202,South malamngou Kingdom,West Sahel,7,Wheel,22
-1475,initial,202,South malamngou Kingdom,West Sahel,10,Irrigation,22
-1475,initial,202,South malamngou Kingdom,West Sahel,17,Roads,22
-1465,initial,203,South zungo Kingdom,Nile Floodplain,100,Cordage and Knots,11
-1465,initial,203,South zungo Kingdom,Nile Floodplain,101,Hide Working and Tailored Clothing,11
-1465,initial,203,South zungo Kingdom,Nile Floodplain,102,Hafted Stone Tools,11
-1465,initial,203,South zungo Kingdom,Nile Floodplain,103,Bone and Antler Tools,11
-1465,initial,203,South zungo Kingdom,Nile Floodplain,105,Food Preservation,11
-1465,initial,203,South zungo Kingdom,Nile Floodplain,106,Storage Pits and Containers,11
-1465,initial,203,South zungo Kingdom,Nile Floodplain,107,Seasonal Aggregation Camps,11
-1465,initial,203,South zungo Kingdom,Nile Floodplain,110,Dog Domestication,11
-1465,initial,203,South zungo Kingdom,Nile Floodplain,111,Grinding Stones,11
-1465,initial,203,South zungo Kingdom,Nile Floodplain,116,Charcoal Firing,11
-1465,initial,203,South zungo Kingdom,Nile Floodplain,3,Archery,11
-1465,initial,204,Old ofichitanene Kingdom,West Sahel,100,Cordage and Knots,21
-1465,initial,204,Old ofichitanene Kingdom,West Sahel,101,Hide Working and Tailored Clothing,21
-1465,initial,204,Old ofichitanene Kingdom,West Sahel,102,Hafted Stone Tools,21
-1465,initial,204,Old ofichitanene Kingdom,West Sahel,103,Bone and Antler Tools,21
-1465,initial,204,Old ofichitanene Kingdom,West Sahel,104,Fishing Technology,21
-1465,initial,204,Old ofichitanene Kingdom,West Sahel,105,Food Preservation,21
-1465,initial,204,Old ofichitanene Kingdom,West Sahel,106,Storage Pits and Containers,21
-1465,initial,204,Old ofichitanene Kingdom,West Sahel,107,Seasonal Aggregation Camps,21
-1465,initial,204,Old ofichitanene Kingdom,West Sahel,110,Dog Domestication,21
-1465,initial,204,Old ofichitanene Kingdom,West Sahel,111,Grinding Stones,21
-1465,initial,204,Old ofichitanene Kingdom,West Sahel,112,Proto-cultivation,21
-1465,initial,204,Old ofichitanene Kingdom,West Sahel,113,Sedentism,21
-1465,initial,204,Old ofichitanene Kingdom,West Sahel,114,Enclosures and Herd Management,21
-1465,initial,204,Old ofichitanene Kingdom,West Sahel,115,Counting Tokens and Tallies,21
-1465,initial,204,Old ofichitanene Kingdom,West Sahel,116,Charcoal Firing,21
-1465,initial,204,Old ofichitanene Kingdom,West Sahel,20,Agriculture,21
-1465,initial,204,Old ofichitanene Kingdom,West Sahel,3,Archery,21
-1465,initial,204,Old ofichitanene Kingdom,West Sahel,6,Calendar,21
-1465,initial,204,Old ofichitanene Kingdom,West Sahel,7,Wheel,21
-1465,initial,204,Old ofichitanene Kingdom,West Sahel,10,Irrigation,21
-1465,initial,204,Old ofichitanene Kingdom,West Sahel,17,Roads,21
-1463,unlock,31,North urninar Tribe,Fertile Crescent,103,Bone and Antler Tools,13
-1432,unlock,45,Empire of South terqui,Steppe Nomadic,119,Native Copper Working,14
-1430,unlock,22,Kingdom of New linmin,East Riverine,103,Bone and Antler Tools,11
-1420,initial,205,New mittan Kingdom,Indic Riverine,100,Cordage and Knots,10
-1420,initial,205,New mittan Kingdom,Indic Riverine,101,Hide Working and Tailored Clothing,10
-1420,initial,205,New mittan Kingdom,Indic Riverine,102,Hafted Stone Tools,10
-1420,initial,205,New mittan Kingdom,Indic Riverine,105,Food Preservation,10
-1420,initial,205,New mittan Kingdom,Indic Riverine,106,Storage Pits and Containers,10
-1420,initial,205,New mittan Kingdom,Indic Riverine,107,Seasonal Aggregation Camps,10
-1420,initial,205,New mittan Kingdom,Indic Riverine,110,Dog Domestication,10
-1420,initial,205,New mittan Kingdom,Indic Riverine,111,Grinding Stones,10
-1420,initial,205,New mittan Kingdom,Indic Riverine,116,Charcoal Firing,10
-1420,initial,205,New mittan Kingdom,Indic Riverine,3,Archery,10
-1419,unlock,110,North mitrasurnagar,Indic Riverine,103,Bone and Antler Tools,30
-1416,unlock,81,Kingdom of South tuptupyu,Andean Highland,103,Bone and Antler Tools,11
-1406,unlock,129,Kingdom of New selalland,Central Plain,119,Native Copper Working,12
-1405,initial,206,North zuofiara Tribe,East Horn,100,Cordage and Knots,27
-1405,initial,206,North zuofiara Tribe,East Horn,101,Hide Working and Tailored Clothing,27
-1405,initial,206,North zuofiara Tribe,East Horn,102,Hafted Stone Tools,27
-1405,initial,206,North zuofiara Tribe,East Horn,103,Bone and Antler Tools,27
-1405,initial,206,North zuofiara Tribe,East Horn,104,Fishing Technology,27
-1405,initial,206,North zuofiara Tribe,East Horn,105,Food Preservation,27
-1405,initial,206,North zuofiara Tribe,East Horn,106,Storage Pits and Containers,27
-1405,initial,206,North zuofiara Tribe,East Horn,107,Seasonal Aggregation Camps,27
-1405,initial,206,North zuofiara Tribe,East Horn,108,Watercraft,27
-1405,initial,206,North zuofiara Tribe,East Horn,109,Long-distance Exchange Networks,27
-1405,initial,206,North zuofiara Tribe,East Horn,110,Dog Domestication,27
-1405,initial,206,North zuofiara Tribe,East Horn,111,Grinding Stones,27
-1405,initial,206,North zuofiara Tribe,East Horn,112,Proto-cultivation,27
-1405,initial,206,North zuofiara Tribe,East Horn,113,Sedentism,27
-1405,initial,206,North zuofiara Tribe,East Horn,114,Enclosures and Herd Management,27
-1405,initial,206,North zuofiara Tribe,East Horn,115,Counting Tokens and Tallies,27
-1405,initial,206,North zuofiara Tribe,East Horn,116,Charcoal Firing,27
-1405,initial,206,North zuofiara Tribe,East Horn,20,Agriculture,27
-1405,initial,206,North zuofiara Tribe,East Horn,3,Archery,27
-1405,initial,206,North zuofiara Tribe,East Horn,5,Sailing,27
-1405,initial,206,North zuofiara Tribe,East Horn,6,Calendar,27
-1405,initial,206,North zuofiara Tribe,East Horn,7,Wheel,27
-1405,initial,206,North zuofiara Tribe,East Horn,10,Irrigation,27
-1405,initial,206,North zuofiara Tribe,East Horn,12,Shipbuilding,27
-1405,initial,206,North zuofiara Tribe,East Horn,17,Roads,27
-1405,initial,206,North zuofiara Tribe,East Horn,23,Engineering,27
-1405,initial,206,North zuofiara Tribe,East Horn,29,Machinery,27
-1403,unlock,3,Shakantannagar Tribe,Indic Riverine,30,Education,37
-1396,unlock,34,Eshbarbaran Tribe,Fertile Crescent,9,Bronze Alloying,14
-1380,initial,207,Great nahteopan Kingdom,Mesoamerican,100,Cordage and Knots,19
-1380,initial,207,Great nahteopan Kingdom,Mesoamerican,101,Hide Working and Tailored Clothing,19
-1380,initial,207,Great nahteopan Kingdom,Mesoamerican,102,Hafted Stone Tools,19
-1380,initial,207,Great nahteopan Kingdom,Mesoamerican,103,Bone and Antler Tools,19
-1380,initial,207,Great nahteopan Kingdom,Mesoamerican,104,Fishing Technology,19
-1380,initial,207,Great nahteopan Kingdom,Mesoamerican,105,Food Preservation,19
-1380,initial,207,Great nahteopan Kingdom,Mesoamerican,106,Storage Pits and Containers,19
-1380,initial,207,Great nahteopan Kingdom,Mesoamerican,107,Seasonal Aggregation Camps,19
-1380,initial,207,Great nahteopan Kingdom,Mesoamerican,110,Dog Domestication,19
-1380,initial,207,Great nahteopan Kingdom,Mesoamerican,111,Grinding Stones,19
-1380,initial,207,Great nahteopan Kingdom,Mesoamerican,112,Proto-cultivation,19
-1380,initial,207,Great nahteopan Kingdom,Mesoamerican,113,Sedentism,19
-1380,initial,207,Great nahteopan Kingdom,Mesoamerican,114,Enclosures and Herd Management,19
-1380,initial,207,Great nahteopan Kingdom,Mesoamerican,115,Counting Tokens and Tallies,19
-1380,initial,207,Great nahteopan Kingdom,Mesoamerican,116,Charcoal Firing,19
-1380,initial,207,Great nahteopan Kingdom,Mesoamerican,3,Archery,19
-1380,initial,207,Great nahteopan Kingdom,Mesoamerican,6,Calendar,19
-1380,initial,207,Great nahteopan Kingdom,Mesoamerican,7,Wheel,19
-1380,initial,207,Great nahteopan Kingdom,Mesoamerican,17,Roads,19
-1376,unlock,88,Kingdom of Old gartergar,Eastern Woodland,110,Dog Domestication,9
-1372,unlock,3,Shakantannagar Tribe,Indic Riverine,33,Paper,38
-1361,unlock,97,Great viaquidusgrad Tribe,Caribbean Seafaring,109,Long-distance Exchange Networks,13
-1358,unlock,4,Kingdom of South mitramita,Indic Riverine,103,Bone and Antler Tools,12
-1358,unlock,37,New belashtamum,Fertile Crescent,9,Bronze Alloying,15
-1355,unlock,3,Shakantannagar Tribe,Indic Riverine,29,Machinery,39
-1335,initial,208,South caltoltempan Kingdom,Mesoamerican,100,Cordage and Knots,9
-1335,initial,208,South caltoltempan Kingdom,Mesoamerican,101,Hide Working and Tailored Clothing,9
-1335,initial,208,South caltoltempan Kingdom,Mesoamerican,102,Hafted Stone Tools,9
-1335,initial,208,South caltoltempan Kingdom,Mesoamerican,105,Food Preservation,9
-1335,initial,208,South caltoltempan Kingdom,Mesoamerican,106,Storage Pits and Containers,9
-1335,initial,208,South caltoltempan Kingdom,Mesoamerican,107,Seasonal Aggregation Camps,9
-1335,initial,208,South caltoltempan Kingdom,Mesoamerican,111,Grinding Stones,9
-1335,initial,208,South caltoltempan Kingdom,Mesoamerican,116,Charcoal Firing,9
-1335,initial,208,South caltoltempan Kingdom,Mesoamerican,3,Archery,9
-1335,initial,209,New intiintisuyuyu Kingdom,Andean Highland,100,Cordage and Knots,9
-1335,initial,209,New intiintisuyuyu Kingdom,Andean Highland,101,Hide Working and Tailored Clothing,9
-1335,initial,209,New intiintisuyuyu Kingdom,Andean Highland,102,Hafted Stone Tools,9
-1335,initial,209,New intiintisuyuyu Kingdom,Andean Highland,105,Food Preservation,9
-1335,initial,209,New intiintisuyuyu Kingdom,Andean Highland,106,Storage Pits and Containers,9
-1335,initial,209,New intiintisuyuyu Kingdom,Andean Highland,107,Seasonal Aggregation Camps,9
-1335,initial,209,New intiintisuyuyu Kingdom,Andean Highland,111,Grinding Stones,9
-1335,initial,209,New intiintisuyuyu Kingdom,Andean Highland,116,Charcoal Firing,9
-1335,initial,209,New intiintisuyuyu Kingdom,Andean Highland,3,Archery,9
-1332,unlock,81,Kingdom of South tuptupyu,Andean Highland,110,Dog Domestication,12
-1325,initial,210,South barbarkaara Kingdom,Central Forest,100,Cordage and Knots,9
-1325,initial,210,South barbarkaara Kingdom,Central Forest,101,Hide Working and Tailored Clothing,9
-1325,initial,210,South barbarkaara Kingdom,Central Forest,102,Hafted Stone Tools,9
-1325,initial,210,South barbarkaara Kingdom,Central Forest,105,Food Preservation,9
-1325,initial,210,South barbarkaara Kingdom,Central Forest,106,Storage Pits and Containers,9
-1325,initial,210,South barbarkaara Kingdom,Central Forest,107,Seasonal Aggregation Camps,9
-1325,initial,210,South barbarkaara Kingdom,Central Forest,111,Grinding Stones,9
-1325,initial,210,South barbarkaara Kingdom,Central Forest,116,Charcoal Firing,9
-1325,initial,210,South barbarkaara Kingdom,Central Forest,3,Archery,9
-1323,unlock,152,Kingdom of North tailinshan,East Riverine,103,Bone and Antler Tools,11
-1317,unlock,32,Kingdom of South tamsambelum,Fertile Crescent,103,Bone and Antler Tools,13
-1309,unlock,105,Kingdom of Old belsamkalan,Fertile Crescent,103,Bone and Antler Tools,11
-1300,unlock,119,Great dorromum Tribe,Atlantic Fringe,103,Bone and Antler Tools,11
-1295,unlock,19,Kingdom of New weihanwei,East Riverine,103,Bone and Antler Tools,11
-1295,initial,211,South norromlenum Kingdom,Northern Maritime,100,Cordage and Knots,8
-1295,initial,211,South norromlenum Kingdom,Northern Maritime,101,Hide Working and Tailored Clothing,8
-1295,initial,211,South norromlenum Kingdom,Northern Maritime,102,Hafted Stone Tools,8
-1295,initial,211,South norromlenum Kingdom,Northern Maritime,105,Food Preservation,8
-1295,initial,211,South norromlenum Kingdom,Northern Maritime,106,Storage Pits and Containers,8
-1295,initial,211,South norromlenum Kingdom,Northern Maritime,107,Seasonal Aggregation Camps,8
-1295,initial,211,South norromlenum Kingdom,Northern Maritime,111,Grinding Stones,8
-1295,initial,211,South norromlenum Kingdom,Northern Maritime,3,Archery,8
-1294,unlock,28,Kingdom of Great ashbarbelad,Fertile Crescent,120,Copper Smelting,13
-1286,unlock,9,Kingdom of Varvinalnagar,Indic Riverine,19,Alphabet,26
-1285,unlock,13,Kingdom of South tanvivia,Indic Riverine,103,Bone and Antler Tools,11
-1256,unlock,60,Kingdom of Norlenburg,Central Plain,120,Copper Smelting,14
-1255,initial,212,South tanzuu Tribe,West Sahel,100,Cordage and Knots,22
-1255,initial,212,South tanzuu Tribe,West Sahel,101,Hide Working and Tailored Clothing,22
-1255,initial,212,South tanzuu Tribe,West Sahel,102,Hafted Stone Tools,22
-1255,initial,212,South tanzuu Tribe,West Sahel,103,Bone and Antler Tools,22
-1255,initial,212,South tanzuu Tribe,West Sahel,104,Fishing Technology,22
-1255,initial,212,South tanzuu Tribe,West Sahel,105,Food Preservation,22
-1255,initial,212,South tanzuu Tribe,West Sahel,106,Storage Pits and Containers,22
-1255,initial,212,South tanzuu Tribe,West Sahel,107,Seasonal Aggregation Camps,22
-1255,initial,212,South tanzuu Tribe,West Sahel,110,Dog Domestication,22
-1255,initial,212,South tanzuu Tribe,West Sahel,111,Grinding Stones,22
-1255,initial,212,South tanzuu Tribe,West Sahel,112,Proto-cultivation,22
-1255,initial,212,South tanzuu Tribe,West Sahel,113,Sedentism,22
-1255,initial,212,South tanzuu Tribe,West Sahel,114,Enclosures and Herd Management,22
-1255,initial,212,South tanzuu Tribe,West Sahel,115,Counting Tokens and Tallies,22
-1255,initial,212,South tanzuu Tribe,West Sahel,116,Charcoal Firing,22
-1255,initial,212,South tanzuu Tribe,West Sahel,117,Proto-writing and Administrative Notation,22
-1255,initial,212,South tanzuu Tribe,West Sahel,20,Agriculture,22
-1255,initial,212,South tanzuu Tribe,West Sahel,3,Archery,22
-1255,initial,212,South tanzuu Tribe,West Sahel,6,Calendar,22
-1255,initial,212,South tanzuu Tribe,West Sahel,7,Wheel,22
-1255,initial,212,South tanzuu Tribe,West Sahel,10,Irrigation,22
-1255,initial,212,South tanzuu Tribe,West Sahel,17,Roads,22
-1255,initial,213,New bartanbarara Kingdom,West Sahel,100,Cordage and Knots,22
-1255,initial,213,New bartanbarara Kingdom,West Sahel,101,Hide Working and Tailored Clothing,22
-1255,initial,213,New bartanbarara Kingdom,West Sahel,102,Hafted Stone Tools,22
-1255,initial,213,New bartanbarara Kingdom,West Sahel,103,Bone and Antler Tools,22
-1255,initial,213,New bartanbarara Kingdom,West Sahel,104,Fishing Technology,22
-1255,initial,213,New bartanbarara Kingdom,West Sahel,105,Food Preservation,22
-1255,initial,213,New bartanbarara Kingdom,West Sahel,106,Storage Pits and Containers,22
-1255,initial,213,New bartanbarara Kingdom,West Sahel,107,Seasonal Aggregation Camps,22
-1255,initial,213,New bartanbarara Kingdom,West Sahel,110,Dog Domestication,22
-1255,initial,213,New bartanbarara Kingdom,West Sahel,111,Grinding Stones,22
-1255,initial,213,New bartanbarara Kingdom,West Sahel,112,Proto-cultivation,22
-1255,initial,213,New bartanbarara Kingdom,West Sahel,113,Sedentism,22
-1255,initial,213,New bartanbarara Kingdom,West Sahel,114,Enclosures and Herd Management,22
-1255,initial,213,New bartanbarara Kingdom,West Sahel,115,Counting Tokens and Tallies,22
-1255,initial,213,New bartanbarara Kingdom,West Sahel,116,Charcoal Firing,22
-1255,initial,213,New bartanbarara Kingdom,West Sahel,117,Proto-writing and Administrative Notation,22
-1255,initial,213,New bartanbarara Kingdom,West Sahel,20,Agriculture,22
-1255,initial,213,New bartanbarara Kingdom,West Sahel,3,Archery,22
-1255,initial,213,New bartanbarara Kingdom,West Sahel,6,Calendar,22
-1255,initial,213,New bartanbarara Kingdom,West Sahel,7,Wheel,22
-1255,initial,213,New bartanbarara Kingdom,West Sahel,10,Irrigation,22
-1255,initial,213,New bartanbarara Kingdom,West Sahel,17,Roads,22
-1250,initial,214,North ngokama Kingdom,West Sahel,100,Cordage and Knots,24
-1250,initial,214,North ngokama Kingdom,West Sahel,101,Hide Working and Tailored Clothing,24
-1250,initial,214,North ngokama Kingdom,West Sahel,102,Hafted Stone Tools,24
-1250,initial,214,North ngokama Kingdom,West Sahel,103,Bone and Antler Tools,24
-1250,initial,214,North ngokama Kingdom,West Sahel,104,Fishing Technology,24
-1250,initial,214,North ngokama Kingdom,West Sahel,105,Food Preservation,24
-1250,initial,214,North ngokama Kingdom,West Sahel,106,Storage Pits and Containers,24
-1250,initial,214,North ngokama Kingdom,West Sahel,107,Seasonal Aggregation Camps,24
-1250,initial,214,North ngokama Kingdom,West Sahel,110,Dog Domestication,24
-1250,initial,214,North ngokama Kingdom,West Sahel,111,Grinding Stones,24
-1250,initial,214,North ngokama Kingdom,West Sahel,112,Proto-cultivation,24
-1250,initial,214,North ngokama Kingdom,West Sahel,113,Sedentism,24
-1250,initial,214,North ngokama Kingdom,West Sahel,114,Enclosures and Herd Management,24
-1250,initial,214,North ngokama Kingdom,West Sahel,115,Counting Tokens and Tallies,24
-1250,initial,214,North ngokama Kingdom,West Sahel,116,Charcoal Firing,24
-1250,initial,214,North ngokama Kingdom,West Sahel,117,Proto-writing and Administrative Notation,24
-1250,initial,214,North ngokama Kingdom,West Sahel,20,Agriculture,24
-1250,initial,214,North ngokama Kingdom,West Sahel,3,Archery,24
-1250,initial,214,North ngokama Kingdom,West Sahel,6,Calendar,24
-1250,initial,214,North ngokama Kingdom,West Sahel,7,Wheel,24
-1250,initial,214,North ngokama Kingdom,West Sahel,10,Irrigation,24
-1250,initial,214,North ngokama Kingdom,West Sahel,17,Roads,24
-1250,initial,214,North ngokama Kingdom,West Sahel,23,Engineering,24
-1250,initial,214,North ngokama Kingdom,West Sahel,29,Machinery,24
-1239,unlock,136,North kansurdradesh Kingdom,Indic Riverine,103,Bone and Antler Tools,12
-1230,unlock,9,Kingdom of Varvinalnagar,Indic Riverine,14,Formal Mathematics,27
-1225,initial,215,Old rakirinui Kingdom,Oceanic Navigators,100,Cordage and Knots,7
-1225,initial,215,Old rakirinui Kingdom,Oceanic Navigators,101,Hide Working and Tailored Clothing,7
-1225,initial,215,Old rakirinui Kingdom,Oceanic Navigators,102,Hafted Stone Tools,7
-1225,initial,215,Old rakirinui Kingdom,Oceanic Navigators,105,Food Preservation,7
-1225,initial,215,Old rakirinui Kingdom,Oceanic Navigators,106,Storage Pits and Containers,7
-1225,initial,215,Old rakirinui Kingdom,Oceanic Navigators,107,Seasonal Aggregation Camps,7
-1225,initial,215,Old rakirinui Kingdom,Oceanic Navigators,3,Archery,7
-1215,unlock,3,Shakantannagar Tribe,Indic Riverine,32,Civil Service,40
-1198,unlock,129,Kingdom of New selalland,Central Plain,103,Bone and Antler Tools,13
-1171,unlock,20,Kingdom of South linwei,East Riverine,8,Masonry,13
-1170,initial,216,South sekaa Tribe,West Sahel,100,Cordage and Knots,23
-1170,initial,216,South sekaa Tribe,West Sahel,101,Hide Working and Tailored Clothing,23
-1170,initial,216,South sekaa Tribe,West Sahel,102,Hafted Stone Tools,23
-1170,initial,216,South sekaa Tribe,West Sahel,103,Bone and Antler Tools,23
-1170,initial,216,South sekaa Tribe,West Sahel,104,Fishing Technology,23
-1170,initial,216,South sekaa Tribe,West Sahel,105,Food Preservation,23
-1170,initial,216,South sekaa Tribe,West Sahel,106,Storage Pits and Containers,23
-1170,initial,216,South sekaa Tribe,West Sahel,107,Seasonal Aggregation Camps,23
-1170,initial,216,South sekaa Tribe,West Sahel,110,Dog Domestication,23
-1170,initial,216,South sekaa Tribe,West Sahel,111,Grinding Stones,23
-1170,initial,216,South sekaa Tribe,West Sahel,112,Proto-cultivation,23
-1170,initial,216,South sekaa Tribe,West Sahel,113,Sedentism,23
-1170,initial,216,South sekaa Tribe,West Sahel,114,Enclosures and Herd Management,23
-1170,initial,216,South sekaa Tribe,West Sahel,115,Counting Tokens and Tallies,23
-1170,initial,216,South sekaa Tribe,West Sahel,116,Charcoal Firing,23
-1170,initial,216,South sekaa Tribe,West Sahel,20,Agriculture,23
-1170,initial,216,South sekaa Tribe,West Sahel,3,Archery,23
-1170,initial,216,South sekaa Tribe,West Sahel,6,Calendar,23
-1170,initial,216,South sekaa Tribe,West Sahel,7,Wheel,23
-1170,initial,216,South sekaa Tribe,West Sahel,10,Irrigation,23
-1170,initial,216,South sekaa Tribe,West Sahel,17,Roads,23
-1170,initial,216,South sekaa Tribe,West Sahel,23,Engineering,23
-1170,initial,216,South sekaa Tribe,West Sahel,29,Machinery,23
-1151,unlock,56,Kingdom of North karbelland,Mediterranean Highland,8,Masonry,14
-1141,unlock,110,North mitrasurnagar,Indic Riverine,38,Mechanical Clock,32
-1130,unlock,35,Kingdom of Arureshan,Fertile Crescent,103,Bone and Antler Tools,13
-1119,unlock,125,New lorlorland Tribe,Western Plains,110,Dog Domestication,9
-1110,initial,217,North dravivar Kingdom,Indic Riverine,100,Cordage and Knots,10
-1110,initial,217,North dravivar Kingdom,Indic Riverine,101,Hide Working and Tailored Clothing,10
-1110,initial,217,North dravivar Kingdom,Indic Riverine,102,Hafted Stone Tools,10
-1110,initial,217,North dravivar Kingdom,Indic Riverine,105,Food Preservation,10
-1110,initial,217,North dravivar Kingdom,Indic Riverine,106,Storage Pits and Containers,10
-1110,initial,217,North dravivar Kingdom,Indic Riverine,107,Seasonal Aggregation Camps,10
-1110,initial,217,North dravivar Kingdom,Indic Riverine,110,Dog Domestication,10
-1110,initial,217,North dravivar Kingdom,Indic Riverine,111,Grinding Stones,10
-1110,initial,217,North dravivar Kingdom,Indic Riverine,116,Charcoal Firing,10
-1110,initial,217,North dravivar Kingdom,Indic Riverine,3,Archery,10
-1105,initial,218,South sechilamene Kingdom,Central Forest,100,Cordage and Knots,9
-1105,initial,218,South sechilamene Kingdom,Central Forest,101,Hide Working and Tailored Clothing,9
-1105,initial,218,South sechilamene Kingdom,Central Forest,102,Hafted Stone Tools,9
-1105,initial,218,South sechilamene Kingdom,Central Forest,105,Food Preservation,9
-1105,initial,218,South sechilamene Kingdom,Central Forest,106,Storage Pits and Containers,9
-1105,initial,218,South sechilamene Kingdom,Central Forest,107,Seasonal Aggregation Camps,9
-1105,initial,218,South sechilamene Kingdom,Central Forest,111,Grinding Stones,9
-1105,initial,218,South sechilamene Kingdom,Central Forest,116,Charcoal Firing,9
-1105,initial,218,South sechilamene Kingdom,Central Forest,3,Archery,9
-1105,initial,219,Old zuchilama Kingdom,Central Forest,100,Cordage and Knots,9
-1105,initial,219,Old zuchilama Kingdom,Central Forest,101,Hide Working and Tailored Clothing,9
-1105,initial,219,Old zuchilama Kingdom,Central Forest,102,Hafted Stone Tools,9
-1105,initial,219,Old zuchilama Kingdom,Central Forest,105,Food Preservation,9
-1105,initial,219,Old zuchilama Kingdom,Central Forest,106,Storage Pits and Containers,9
-1105,initial,219,Old zuchilama Kingdom,Central Forest,107,Seasonal Aggregation Camps,9
-1105,initial,219,Old zuchilama Kingdom,Central Forest,111,Grinding Stones,9
-1105,initial,219,Old zuchilama Kingdom,Central Forest,116,Charcoal Firing,9
-1105,initial,219,Old zuchilama Kingdom,Central Forest,3,Archery,9
-1098,unlock,115,Kingdom of Great shadra,Indic Riverine,103,Bone and Antler Tools,11
-1086,unlock,16,Kingdom of Great qintaixiaguo,East Riverine,103,Bone and Antler Tools,11
-1070,unlock,9,Kingdom of Varvinalnagar,Indic Riverine,21,Drama and Poetry,29
-1070,unlock,9,Kingdom of Varvinalnagar,Indic Riverine,22,Philosophy,29
-1050,initial,220,Great chibarngo Kingdom,Nile Floodplain,100,Cordage and Knots,25
-1050,initial,220,Great chibarngo Kingdom,Nile Floodplain,101,Hide Working and Tailored Clothing,25
-1050,initial,220,Great chibarngo Kingdom,Nile Floodplain,102,Hafted Stone Tools,25
-1050,initial,220,Great chibarngo Kingdom,Nile Floodplain,103,Bone and Antler Tools,25
-1050,initial,220,Great chibarngo Kingdom,Nile Floodplain,104,Fishing Technology,25
-1050,initial,220,Great chibarngo Kingdom,Nile Floodplain,105,Food Preservation,25
-1050,initial,220,Great chibarngo Kingdom,Nile Floodplain,106,Storage Pits and Containers,25
-1050,initial,220,Great chibarngo Kingdom,Nile Floodplain,107,Seasonal Aggregation Camps,25
-1050,initial,220,Great chibarngo Kingdom,Nile Floodplain,110,Dog Domestication,25
-1050,initial,220,Great chibarngo Kingdom,Nile Floodplain,111,Grinding Stones,25
-1050,initial,220,Great chibarngo Kingdom,Nile Floodplain,112,Proto-cultivation,25
-1050,initial,220,Great chibarngo Kingdom,Nile Floodplain,113,Sedentism,25
-1050,initial,220,Great chibarngo Kingdom,Nile Floodplain,114,Enclosures and Herd Management,25
-1050,initial,220,Great chibarngo Kingdom,Nile Floodplain,115,Counting Tokens and Tallies,25
-1050,initial,220,Great chibarngo Kingdom,Nile Floodplain,116,Charcoal Firing,25
-1050,initial,220,Great chibarngo Kingdom,Nile Floodplain,117,Proto-writing and Administrative Notation,25
-1050,initial,220,Great chibarngo Kingdom,Nile Floodplain,118,Numeracy and Measurement,25
-1050,initial,220,Great chibarngo Kingdom,Nile Floodplain,20,Agriculture,25
-1050,initial,220,Great chibarngo Kingdom,Nile Floodplain,3,Archery,25
-1050,initial,220,Great chibarngo Kingdom,Nile Floodplain,6,Calendar,25
-1050,initial,220,Great chibarngo Kingdom,Nile Floodplain,7,Wheel,25
-1050,initial,220,Great chibarngo Kingdom,Nile Floodplain,10,Irrigation,25
-1050,initial,220,Great chibarngo Kingdom,Nile Floodplain,15,Currency,25
-1050,initial,220,Great chibarngo Kingdom,Nile Floodplain,17,Roads,25
-1050,initial,220,Great chibarngo Kingdom,Nile Floodplain,29,Machinery,25
-1049,unlock,9,Kingdom of Varvinalnagar,Indic Riverine,24,Optics,30
-1025,initial,221,Old suyutupyu Tribe,Andean Highland,100,Cordage and Knots,9
-1025,initial,221,Old suyutupyu Tribe,Andean Highland,101,Hide Working and Tailored Clothing,9
-1025,initial,221,Old suyutupyu Tribe,Andean Highland,102,Hafted Stone Tools,9
-1025,initial,221,Old suyutupyu Tribe,Andean Highland,105,Food Preservation,9
-1025,initial,221,Old suyutupyu Tribe,Andean Highland,106,Storage Pits and Containers,9
-1025,initial,221,Old suyutupyu Tribe,Andean Highland,107,Seasonal Aggregation Camps,9
-1025,initial,221,Old suyutupyu Tribe,Andean Highland,111,Grinding Stones,9
-1025,initial,221,Old suyutupyu Tribe,Andean Highland,116,Charcoal Firing,9
-1025,initial,221,Old suyutupyu Tribe,Andean Highland,3,Archery,9
-1021,unlock,52,Empire of South sebara,West Sahel,108,Watercraft,25
-1017,unlock,9,Kingdom of Varvinalnagar,Indic Riverine,29,Machinery,31
-1015,initial,222,North rumtupkusa Tribe,Andean Highland,100,Cordage and Knots,9
-1015,initial,222,North rumtupkusa Tribe,Andean Highland,101,Hide Working and Tailored Clothing,9
-1015,initial,222,North rumtupkusa Tribe,Andean Highland,102,Hafted Stone Tools,9
-1015,initial,222,North rumtupkusa Tribe,Andean Highland,105,Food Preservation,9
-1015,initial,222,North rumtupkusa Tribe,Andean Highland,106,Storage Pits and Containers,9
-1015,initial,222,North rumtupkusa Tribe,Andean Highland,107,Seasonal Aggregation Camps,9
-1015,initial,222,North rumtupkusa Tribe,Andean Highland,111,Grinding Stones,9
-1015,initial,222,North rumtupkusa Tribe,Andean Highland,116,Charcoal Firing,9
-1015,initial,222,North rumtupkusa Tribe,Andean Highland,3,Archery,9
-1014,unlock,102,Solgarranland Tribe,Eastern Woodland,110,Dog Domestication,9
-1005,unlock,84,Kingdom of Solbelsolland,Eastern Woodland,103,Bone and Antler Tools,12
-989,unlock,28,Kingdom of Great ashbarbelad,Fertile Crescent,9,Bronze Alloying,14
-985,initial,223,New zenmar Tribe,Western Plains,100,Cordage and Knots,8
-985,initial,223,New zenmar Tribe,Western Plains,101,Hide Working and Tailored Clothing,8
-985,initial,223,New zenmar Tribe,Western Plains,102,Hafted Stone Tools,8
-985,initial,223,New zenmar Tribe,Western Plains,105,Food Preservation,8
-985,initial,223,New zenmar Tribe,Western Plains,106,Storage Pits and Containers,8
-985,initial,223,New zenmar Tribe,Western Plains,107,Seasonal Aggregation Camps,8
-985,initial,223,New zenmar Tribe,Western Plains,111,Grinding Stones,8
-985,initial,223,New zenmar Tribe,Western Plains,3,Archery,8
-983,unlock,7,Kingdom of North rakanpur,Indic Riverine,38,Mechanical Clock,28
-976,unlock,37,New belashtamum,Fertile Crescent,8,Masonry,16
-966,unlock,52,Empire of South sebara,West Sahel,5,Sailing,26
-962,unlock,3,Shakantannagar Tribe,Indic Riverine,38,Mechanical Clock,41
-941,unlock,97,Great viaquidusgrad Tribe,Caribbean Seafaring,12,Shipbuilding,14
-935,initial,224,North taiweizhozhou Kingdom,East Riverine,100,Cordage and Knots,10
-935,initial,224,North taiweizhozhou Kingdom,East Riverine,101,Hide Working and Tailored Clothing,10
-935,initial,224,North taiweizhozhou Kingdom,East Riverine,102,Hafted Stone Tools,10
-935,initial,224,North taiweizhozhou Kingdom,East Riverine,105,Food Preservation,10
-935,initial,224,North taiweizhozhou Kingdom,East Riverine,106,Storage Pits and Containers,10
-935,initial,224,North taiweizhozhou Kingdom,East Riverine,107,Seasonal Aggregation Camps,10
-935,initial,224,North taiweizhozhou Kingdom,East Riverine,110,Dog Domestication,10
-935,initial,224,North taiweizhozhou Kingdom,East Riverine,111,Grinding Stones,10
-935,initial,224,North taiweizhozhou Kingdom,East Riverine,116,Charcoal Firing,10
-935,initial,224,North taiweizhozhou Kingdom,East Riverine,3,Archery,10
-928,unlock,9,Kingdom of Great mitmittannagar,Indic Riverine,30,Education,32
-918,unlock,9,Kingdom of Great mitmittannagar,Indic Riverine,33,Paper,33
-915,initial,225,North karlensel Tribe,Atlantic Fringe,100,Cordage and Knots,9
-915,initial,225,North karlensel Tribe,Atlantic Fringe,101,Hide Working and Tailored Clothing,9
-915,initial,225,North karlensel Tribe,Atlantic Fringe,102,Hafted Stone Tools,9
-915,initial,225,North karlensel Tribe,Atlantic Fringe,105,Food Preservation,9
-915,initial,225,North karlensel Tribe,Atlantic Fringe,106,Storage Pits and Containers,9
-915,initial,225,North karlensel Tribe,Atlantic Fringe,107,Seasonal Aggregation Camps,9
-915,initial,225,North karlensel Tribe,Atlantic Fringe,111,Grinding Stones,9
-915,initial,225,North karlensel Tribe,Atlantic Fringe,116,Charcoal Firing,9
-915,initial,225,North karlensel Tribe,Atlantic Fringe,3,Archery,9
-912,unlock,9,Kingdom of Great mitmittannagar,Indic Riverine,23,Engineering,34
-903,unlock,146,South bareshum Tribe,Fertile Crescent,103,Bone and Antler Tools,13
-899,unlock,52,Empire of South sebara,West Sahel,12,Shipbuilding,27
-896,unlock,3,Shakantannagar Tribe,Indic Riverine,27,Democracy,42
-886,unlock,35,Kingdom of Arureshan,Fertile Crescent,8,Masonry,14
-863,unlock,32,Kingdom of South tamsambelum,Fertile Crescent,8,Masonry,14
-855,initial,226,North vialinia Kingdom,Steppe Nomadic,100,Cordage and Knots,9
-855,initial,226,North vialinia Kingdom,Steppe Nomadic,101,Hide Working and Tailored Clothing,9
-855,initial,226,North vialinia Kingdom,Steppe Nomadic,102,Hafted Stone Tools,9
-855,initial,226,North vialinia Kingdom,Steppe Nomadic,105,Food Preservation,9
-855,initial,226,North vialinia Kingdom,Steppe Nomadic,106,Storage Pits and Containers,9
-855,initial,226,North vialinia Kingdom,Steppe Nomadic,107,Seasonal Aggregation Camps,9
-855,initial,226,North vialinia Kingdom,Steppe Nomadic,110,Dog Domestication,9
-855,initial,226,North vialinia Kingdom,Steppe Nomadic,111,Grinding Stones,9
-855,initial,226,North vialinia Kingdom,Steppe Nomadic,3,Archery,9
-850,initial,227,Great belnasolland Kingdom,Steppe Nomadic,100,Cordage and Knots,9
-850,initial,227,Great belnasolland Kingdom,Steppe Nomadic,101,Hide Working and Tailored Clothing,9
-850,initial,227,Great belnasolland Kingdom,Steppe Nomadic,102,Hafted Stone Tools,9
-850,initial,227,Great belnasolland Kingdom,Steppe Nomadic,105,Food Preservation,9
-850,initial,227,Great belnasolland Kingdom,Steppe Nomadic,106,Storage Pits and Containers,9
-850,initial,227,Great belnasolland Kingdom,Steppe Nomadic,107,Seasonal Aggregation Camps,9
-850,initial,227,Great belnasolland Kingdom,Steppe Nomadic,110,Dog Domestication,9
-850,initial,227,Great belnasolland Kingdom,Steppe Nomadic,111,Grinding Stones,9
-850,initial,227,Great belnasolland Kingdom,Steppe Nomadic,3,Archery,9
-845,initial,228,Great tanmitpur Kingdom,Indic Riverine,100,Cordage and Knots,11
-845,initial,228,Great tanmitpur Kingdom,Indic Riverine,101,Hide Working and Tailored Clothing,11
-845,initial,228,Great tanmitpur Kingdom,Indic Riverine,102,Hafted Stone Tools,11
-845,initial,228,Great tanmitpur Kingdom,Indic Riverine,105,Food Preservation,11
-845,initial,228,Great tanmitpur Kingdom,Indic Riverine,106,Storage Pits and Containers,11
-845,initial,228,Great tanmitpur Kingdom,Indic Riverine,107,Seasonal Aggregation Camps,11
-845,initial,228,Great tanmitpur Kingdom,Indic Riverine,110,Dog Domestication,11
-845,initial,228,Great tanmitpur Kingdom,Indic Riverine,111,Grinding Stones,11
-845,initial,228,Great tanmitpur Kingdom,Indic Riverine,116,Charcoal Firing,11
-845,initial,228,Great tanmitpur Kingdom,Indic Riverine,4,Mining,11
-845,initial,228,Great tanmitpur Kingdom,Indic Riverine,3,Archery,11
-845,initial,229,North zungou Kingdom,Central Forest,100,Cordage and Knots,9
-845,initial,229,North zungou Kingdom,Central Forest,101,Hide Working and Tailored Clothing,9
-845,initial,229,North zungou Kingdom,Central Forest,102,Hafted Stone Tools,9
-845,initial,229,North zungou Kingdom,Central Forest,105,Food Preservation,9
-845,initial,229,North zungou Kingdom,Central Forest,106,Storage Pits and Containers,9
-845,initial,229,North zungou Kingdom,Central Forest,107,Seasonal Aggregation Camps,9
-845,initial,229,North zungou Kingdom,Central Forest,111,Grinding Stones,9
-845,initial,229,North zungou Kingdom,Central Forest,116,Charcoal Firing,9
-845,initial,229,North zungou Kingdom,Central Forest,3,Archery,9
-837,unlock,84,Kingdom of Solbelsolland,Eastern Woodland,16,Construction,13
-833,unlock,98,Kingdom of Old takainui,Oceanic Navigators,103,Bone and Antler Tools,8
-832,unlock,30,North samartaman Tribe,Fertile Crescent,8,Masonry,11
-830,initial,230,Great zubarene Kingdom,Nile Floodplain,100,Cordage and Knots,24
-830,initial,230,Great zubarene Kingdom,Nile Floodplain,101,Hide Working and Tailored Clothing,24
-830,initial,230,Great zubarene Kingdom,Nile Floodplain,102,Hafted Stone Tools,24
-830,initial,230,Great zubarene Kingdom,Nile Floodplain,103,Bone and Antler Tools,24
-830,initial,230,Great zubarene Kingdom,Nile Floodplain,104,Fishing Technology,24
-830,initial,230,Great zubarene Kingdom,Nile Floodplain,105,Food Preservation,24
-830,initial,230,Great zubarene Kingdom,Nile Floodplain,106,Storage Pits and Containers,24
-830,initial,230,Great zubarene Kingdom,Nile Floodplain,107,Seasonal Aggregation Camps,24
-830,initial,230,Great zubarene Kingdom,Nile Floodplain,110,Dog Domestication,24
-830,initial,230,Great zubarene Kingdom,Nile Floodplain,111,Grinding Stones,24
-830,initial,230,Great zubarene Kingdom,Nile Floodplain,112,Proto-cultivation,24
-830,initial,230,Great zubarene Kingdom,Nile Floodplain,113,Sedentism,24
-830,initial,230,Great zubarene Kingdom,Nile Floodplain,114,Enclosures and Herd Management,24
-830,initial,230,Great zubarene Kingdom,Nile Floodplain,115,Counting Tokens and Tallies,24
-830,initial,230,Great zubarene Kingdom,Nile Floodplain,116,Charcoal Firing,24
-830,initial,230,Great zubarene Kingdom,Nile Floodplain,117,Proto-writing and Administrative Notation,24
-830,initial,230,Great zubarene Kingdom,Nile Floodplain,118,Numeracy and Measurement,24
-830,initial,230,Great zubarene Kingdom,Nile Floodplain,20,Agriculture,24
-830,initial,230,Great zubarene Kingdom,Nile Floodplain,3,Archery,24
-830,initial,230,Great zubarene Kingdom,Nile Floodplain,6,Calendar,24
-830,initial,230,Great zubarene Kingdom,Nile Floodplain,7,Wheel,24
-830,initial,230,Great zubarene Kingdom,Nile Floodplain,10,Irrigation,24
-830,initial,230,Great zubarene Kingdom,Nile Floodplain,15,Currency,24
-830,initial,230,Great zubarene Kingdom,Nile Floodplain,17,Roads,24
-824,unlock,14,Kingdom of Great zhoqinweizhou,East Riverine,103,Bone and Antler Tools,11
-821,unlock,81,Kingdom of South tuptupyu,Andean Highland,119,Native Copper Working,13
-820,initial,231,Viakinstan Kingdom,Steppe Nomadic,100,Cordage and Knots,14
-820,initial,231,Viakinstan Kingdom,Steppe Nomadic,101,Hide Working and Tailored Clothing,14
-820,initial,231,Viakinstan Kingdom,Steppe Nomadic,102,Hafted Stone Tools,14
-820,initial,231,Viakinstan Kingdom,Steppe Nomadic,103,Bone and Antler Tools,14
-820,initial,231,Viakinstan Kingdom,Steppe Nomadic,105,Food Preservation,14
-820,initial,231,Viakinstan Kingdom,Steppe Nomadic,106,Storage Pits and Containers,14
-820,initial,231,Viakinstan Kingdom,Steppe Nomadic,107,Seasonal Aggregation Camps,14
-820,initial,231,Viakinstan Kingdom,Steppe Nomadic,110,Dog Domestication,14
-820,initial,231,Viakinstan Kingdom,Steppe Nomadic,111,Grinding Stones,14
-820,initial,231,Viakinstan Kingdom,Steppe Nomadic,116,Charcoal Firing,14
-820,initial,231,Viakinstan Kingdom,Steppe Nomadic,119,Native Copper Working,14
-820,initial,231,Viakinstan Kingdom,Steppe Nomadic,4,Mining,14
-820,initial,231,Viakinstan Kingdom,Steppe Nomadic,3,Archery,14
-820,initial,231,Viakinstan Kingdom,Steppe Nomadic,8,Masonry,14
-815,initial,232,North tupsuyuyu Kingdom,Andean Highland,100,Cordage and Knots,10
-815,initial,232,North tupsuyuyu Kingdom,Andean Highland,101,Hide Working and Tailored Clothing,10
-815,initial,232,North tupsuyuyu Kingdom,Andean Highland,102,Hafted Stone Tools,10
-815,initial,232,North tupsuyuyu Kingdom,Andean Highland,105,Food Preservation,10
-815,initial,232,North tupsuyuyu Kingdom,Andean Highland,106,Storage Pits and Containers,10
-815,initial,232,North tupsuyuyu Kingdom,Andean Highland,107,Seasonal Aggregation Camps,10
-815,initial,232,North tupsuyuyu Kingdom,Andean Highland,111,Grinding Stones,10
-815,initial,232,North tupsuyuyu Kingdom,Andean Highland,116,Charcoal Firing,10
-815,initial,232,North tupsuyuyu Kingdom,Andean Highland,4,Mining,10
-815,initial,232,North tupsuyuyu Kingdom,Andean Highland,3,Archery,10
-799,unlock,9,Kingdom of Great mitmittannagar,Indic Riverine,32,Civil Service,35
-793,unlock,67,Kingdom of North tolcalmix,Mesoamerican,104,Fishing Technology,21
-790,initial,233,South virakandesh Kingdom,Indic Riverine,100,Cordage and Knots,10
-790,initial,233,South virakandesh Kingdom,Indic Riverine,101,Hide Working and Tailored Clothing,10
-790,initial,233,South virakandesh Kingdom,Indic Riverine,102,Hafted Stone Tools,10
-790,initial,233,South virakandesh Kingdom,Indic Riverine,105,Food Preservation,10
-790,initial,233,South virakandesh Kingdom,Indic Riverine,106,Storage Pits and Containers,10
-790,initial,233,South virakandesh Kingdom,Indic Riverine,107,Seasonal Aggregation Camps,10
-790,initial,233,South virakandesh Kingdom,Indic Riverine,110,Dog Domestication,10
-790,initial,233,South virakandesh Kingdom,Indic Riverine,111,Grinding Stones,10
-790,initial,233,South virakandesh Kingdom,Indic Riverine,116,Charcoal Firing,10
-790,initial,233,South virakandesh Kingdom,Indic Riverine,3,Archery,10
-780,unlock,9,Kingdom of Great mitmittannagar,Indic Riverine,31,Acoustics,36
-778,unlock,34,Eshbarbaran Tribe,Fertile Crescent,103,Bone and Antler Tools,15
-774,unlock,35,Kingdom of Arureshan,Fertile Crescent,120,Copper Smelting,15
-767,unlock,0,Kingdom of North shavitandesh,Indic Riverine,49,Scientific Method,32
-763,unlock,32,Kingdom of South tamsambelum,Fertile Crescent,120,Copper Smelting,15
-759,unlock,18,Old minrenrenshan Tribe,East Riverine,103,Bone and Antler Tools,12
-726,unlock,31,North urninar Tribe,Fertile Crescent,8,Masonry,14
-726,unlock,91,Kingdom of North quinaviastan,Western Plains,116,Charcoal Firing,12
-710,unlock,162,Kingdom of Great dorselvenum,Atlantic Fringe,119,Native Copper Working,11
-700,unlock,133,Kingdom of New naduskingrad,Western Plains,110,Dog Domestication,9
-695,initial,234,New karkartarland Kingdom,Atlantic Fringe,100,Cordage and Knots,9
-695,initial,234,New karkartarland Kingdom,Atlantic Fringe,101,Hide Working and Tailored Clothing,9
-695,initial,234,New karkartarland Kingdom,Atlantic Fringe,102,Hafted Stone Tools,9
-695,initial,234,New karkartarland Kingdom,Atlantic Fringe,105,Food Preservation,9
-695,initial,234,New karkartarland Kingdom,Atlantic Fringe,106,Storage Pits and Containers,9
-695,initial,234,New karkartarland Kingdom,Atlantic Fringe,107,Seasonal Aggregation Camps,9
-695,initial,234,New karkartarland Kingdom,Atlantic Fringe,111,Grinding Stones,9
-695,initial,234,New karkartarland Kingdom,Atlantic Fringe,116,Charcoal Firing,9
-695,initial,234,New karkartarland Kingdom,Atlantic Fringe,3,Archery,9
-675,unlock,3,Shakantannagar Tribe,Indic Riverine,34,Banking,43
-675,unlock,9,Kingdom of Great mitmittannagar,Indic Riverine,38,Mechanical Clock,37
-675,unlock,30,North samartaman Tribe,Fertile Crescent,103,Bone and Antler Tools,13
-675,unlock,52,Empire of South sebara,West Sahel,109,Long-distance Exchange Networks,28
-675,unlock,60,Kingdom of Old belromum,Central Plain,8,Masonry,15
-672,unlock,85,Kingdom of New belzenmaria,Eastern Woodland,110,Dog Domestication,10
-665,unlock,56,Kingdom of North karbelland,Mediterranean Highland,16,Construction,15
-656,unlock,9,Kingdom of Great mitmittannagar,Indic Riverine,27,Democracy,38
-634,unlock,67,Kingdom of North tolcalmix,Mesoamerican,108,Watercraft,22
-610,initial,235,North zutankau Kingdom,Nile Floodplain,100,Cordage and Knots,24
-610,initial,235,North zutankau Kingdom,Nile Floodplain,101,Hide Working and Tailored Clothing,24
-610,initial,235,North zutankau Kingdom,Nile Floodplain,102,Hafted Stone Tools,24
-610,initial,235,North zutankau Kingdom,Nile Floodplain,103,Bone and Antler Tools,24
-610,initial,235,North zutankau Kingdom,Nile Floodplain,104,Fishing Technology,24
-610,initial,235,North zutankau Kingdom,Nile Floodplain,105,Food Preservation,24
-610,initial,235,North zutankau Kingdom,Nile Floodplain,106,Storage Pits and Containers,24
-610,initial,235,North zutankau Kingdom,Nile Floodplain,107,Seasonal Aggregation Camps,24
-610,initial,235,North zutankau Kingdom,Nile Floodplain,110,Dog Domestication,24
-610,initial,235,North zutankau Kingdom,Nile Floodplain,111,Grinding Stones,24
-610,initial,235,North zutankau Kingdom,Nile Floodplain,112,Proto-cultivation,24
-610,initial,235,North zutankau Kingdom,Nile Floodplain,113,Sedentism,24
-610,initial,235,North zutankau Kingdom,Nile Floodplain,114,Enclosures and Herd Management,24
-610,initial,235,North zutankau Kingdom,Nile Floodplain,115,Counting Tokens and Tallies,24
-610,initial,235,North zutankau Kingdom,Nile Floodplain,116,Charcoal Firing,24
-610,initial,235,North zutankau Kingdom,Nile Floodplain,117,Proto-writing and Administrative Notation,24
-610,initial,235,North zutankau Kingdom,Nile Floodplain,118,Numeracy and Measurement,24
-610,initial,235,North zutankau Kingdom,Nile Floodplain,20,Agriculture,24
-610,initial,235,North zutankau Kingdom,Nile Floodplain,3,Archery,24
-610,initial,235,North zutankau Kingdom,Nile Floodplain,6,Calendar,24
-610,initial,235,North zutankau Kingdom,Nile Floodplain,7,Wheel,24
-610,initial,235,North zutankau Kingdom,Nile Floodplain,10,Irrigation,24
-610,initial,235,North zutankau Kingdom,Nile Floodplain,15,Currency,24
-610,initial,235,North zutankau Kingdom,Nile Floodplain,17,Roads,24
-610,initial,236,Great barofia Kingdom,Nile Floodplain,100,Cordage and Knots,12
-610,initial,236,Great barofia Kingdom,Nile Floodplain,101,Hide Working and Tailored Clothing,12
-610,initial,236,Great barofia Kingdom,Nile Floodplain,102,Hafted Stone Tools,12
-610,initial,236,Great barofia Kingdom,Nile Floodplain,103,Bone and Antler Tools,12
-610,initial,236,Great barofia Kingdom,Nile Floodplain,104,Fishing Technology,12
-610,initial,236,Great barofia Kingdom,Nile Floodplain,105,Food Preservation,12
-610,initial,236,Great barofia Kingdom,Nile Floodplain,106,Storage Pits and Containers,12
-610,initial,236,Great barofia Kingdom,Nile Floodplain,107,Seasonal Aggregation Camps,12
-610,initial,236,Great barofia Kingdom,Nile Floodplain,110,Dog Domestication,12
-610,initial,236,Great barofia Kingdom,Nile Floodplain,111,Grinding Stones,12
-610,initial,236,Great barofia Kingdom,Nile Floodplain,116,Charcoal Firing,12
-610,initial,236,Great barofia Kingdom,Nile Floodplain,3,Archery,12
-595,initial,237,Rumruma Kingdom,Andean Highland,100,Cordage and Knots,10
-595,initial,237,Rumruma Kingdom,Andean Highland,101,Hide Working and Tailored Clothing,10
-595,initial,237,Rumruma Kingdom,Andean Highland,102,Hafted Stone Tools,10
-595,initial,237,Rumruma Kingdom,Andean Highland,105,Food Preservation,10
-595,initial,237,Rumruma Kingdom,Andean Highland,106,Storage Pits and Containers,10
-595,initial,237,Rumruma Kingdom,Andean Highland,107,Seasonal Aggregation Camps,10
-595,initial,237,Rumruma Kingdom,Andean Highland,111,Grinding Stones,10
-595,initial,237,Rumruma Kingdom,Andean Highland,116,Charcoal Firing,10
-595,initial,237,Rumruma Kingdom,Andean Highland,4,Mining,10
-595,initial,237,Rumruma Kingdom,Andean Highland,3,Archery,10
-576,unlock,136,North kansurdradesh Kingdom,Indic Riverine,119,Native Copper Working,13
-571,unlock,136,North kansurdradesh Kingdom,Indic Riverine,8,Masonry,14
-570,initial,238,Great masebaru Kingdom,Central Forest,100,Cordage and Knots,9
-570,initial,238,Great masebaru Kingdom,Central Forest,101,Hide Working and Tailored Clothing,9
-570,initial,238,Great masebaru Kingdom,Central Forest,102,Hafted Stone Tools,9
-570,initial,238,Great masebaru Kingdom,Central Forest,105,Food Preservation,9
-570,initial,238,Great masebaru Kingdom,Central Forest,106,Storage Pits and Containers,9
-570,initial,238,Great masebaru Kingdom,Central Forest,107,Seasonal Aggregation Camps,9
-570,initial,238,Great masebaru Kingdom,Central Forest,111,Grinding Stones,9
-570,initial,238,Great masebaru Kingdom,Central Forest,116,Charcoal Firing,9
-570,initial,238,Great masebaru Kingdom,Central Forest,3,Archery,9
-560,initial,239,New barofitanene Kingdom,Central Forest,100,Cordage and Knots,9
-560,initial,239,New barofitanene Kingdom,Central Forest,101,Hide Working and Tailored Clothing,9
-560,initial,239,New barofitanene Kingdom,Central Forest,102,Hafted Stone Tools,9
-560,initial,239,New barofitanene Kingdom,Central Forest,105,Food Preservation,9
-560,initial,239,New barofitanene Kingdom,Central Forest,106,Storage Pits and Containers,9
-560,initial,239,New barofitanene Kingdom,Central Forest,107,Seasonal Aggregation Camps,9
-560,initial,239,New barofitanene Kingdom,Central Forest,111,Grinding Stones,9
-560,initial,239,New barofitanene Kingdom,Central Forest,116,Charcoal Firing,9
-560,initial,239,New barofitanene Kingdom,Central Forest,3,Archery,9
-549,unlock,67,Kingdom of North tolcalmix,Mesoamerican,5,Sailing,23
-547,unlock,97,Great viaquidusgrad Tribe,Caribbean Seafaring,111,Grinding Stones,15
-542,unlock,28,Kingdom of Great ashbarbelad,Fertile Crescent,13,Iron Working,15
-530,initial,240,New shavia Kingdom,Indic Riverine,100,Cordage and Knots,10
-530,initial,240,New shavia Kingdom,Indic Riverine,101,Hide Working and Tailored Clothing,10
-530,initial,240,New shavia Kingdom,Indic Riverine,102,Hafted Stone Tools,10
-530,initial,240,New shavia Kingdom,Indic Riverine,105,Food Preservation,10
-530,initial,240,New shavia Kingdom,Indic Riverine,106,Storage Pits and Containers,10
-530,initial,240,New shavia Kingdom,Indic Riverine,107,Seasonal Aggregation Camps,10
-530,initial,240,New shavia Kingdom,Indic Riverine,110,Dog Domestication,10
-530,initial,240,New shavia Kingdom,Indic Riverine,111,Grinding Stones,10
-530,initial,240,New shavia Kingdom,Indic Riverine,116,Charcoal Firing,10
-530,initial,240,New shavia Kingdom,Indic Riverine,3,Archery,10
-510,unlock,140,Kingdom of South intisumyu,Andean Highland,110,Dog Domestication,10
-504,unlock,67,Kingdom of North tolcalmix,Mesoamerican,109,Long-distance Exchange Networks,24
-502,unlock,167,South dradradraa Kingdom,Indic Riverine,104,Fishing Technology,11
-487,unlock,150,Kingdom of North eshbararad,Fertile Crescent,119,Native Copper Working,12
-486,unlock,116,Kingdom of South surnalsurpur,Indic Riverine,8,Masonry,12
-482,unlock,28,Kingdom of Great ashbarbelad,Fertile Crescent,8,Masonry,16
-476,unlock,140,Kingdom of South intisumyu,Andean Highland,103,Bone and Antler Tools,11
-466,unlock,3,Shakantannagar Tribe,Indic Riverine,31,Acoustics,44
-465,initial,241,New vishamitpur Kingdom,Indic Riverine,100,Cordage and Knots,10
-465,initial,241,New vishamitpur Kingdom,Indic Riverine,101,Hide Working and Tailored Clothing,10
-465,initial,241,New vishamitpur Kingdom,Indic Riverine,102,Hafted Stone Tools,10
-465,initial,241,New vishamitpur Kingdom,Indic Riverine,105,Food Preservation,10
-465,initial,241,New vishamitpur Kingdom,Indic Riverine,106,Storage Pits and Containers,10
-465,initial,241,New vishamitpur Kingdom,Indic Riverine,107,Seasonal Aggregation Camps,10
-465,initial,241,New vishamitpur Kingdom,Indic Riverine,110,Dog Domestication,10
-465,initial,241,New vishamitpur Kingdom,Indic Riverine,111,Grinding Stones,10
-465,initial,241,New vishamitpur Kingdom,Indic Riverine,116,Charcoal Firing,10
-465,initial,241,New vishamitpur Kingdom,Indic Riverine,3,Archery,10
-463,unlock,150,Kingdom of North eshbararad,Fertile Crescent,103,Bone and Antler Tools,13
-446,unlock,67,Kingdom of North tolcalmix,Mesoamerican,12,Shipbuilding,25
-441,unlock,121,New marzennagrad,Eastern Woodland,103,Bone and Antler Tools,10
-440,initial,242,South dramit Kingdom,Indic Riverine,100,Cordage and Knots,11
-440,initial,242,South dramit Kingdom,Indic Riverine,101,Hide Working and Tailored Clothing,11
-440,initial,242,South dramit Kingdom,Indic Riverine,102,Hafted Stone Tools,11
-440,initial,242,South dramit Kingdom,Indic Riverine,105,Food Preservation,11
-440,initial,242,South dramit Kingdom,Indic Riverine,106,Storage Pits and Containers,11
-440,initial,242,South dramit Kingdom,Indic Riverine,107,Seasonal Aggregation Camps,11
-440,initial,242,South dramit Kingdom,Indic Riverine,110,Dog Domestication,11
-440,initial,242,South dramit Kingdom,Indic Riverine,111,Grinding Stones,11
-440,initial,242,South dramit Kingdom,Indic Riverine,116,Charcoal Firing,11
-440,initial,242,South dramit Kingdom,Indic Riverine,4,Mining,11
-440,initial,242,South dramit Kingdom,Indic Riverine,3,Archery,11
-438,unlock,167,South dradradraa Kingdom,Indic Riverine,112,Proto-cultivation,12
-434,unlock,150,Kingdom of North eshbararad,Fertile Crescent,8,Masonry,14
-424,unlock,88,Kingdom of Old gartergar,Eastern Woodland,116,Charcoal Firing,10
-417,unlock,162,Kingdom of Great dorselvenum,Atlantic Fringe,8,Masonry,12
-409,unlock,72,Kingdom of New calchitan,Mesoamerican,103,Bone and Antler Tools,12
-390,initial,243,Ofichiara Kingdom,Nile Floodplain,100,Cordage and Knots,12
-390,initial,243,Ofichiara Kingdom,Nile Floodplain,101,Hide Working and Tailored Clothing,12
-390,initial,243,Ofichiara Kingdom,Nile Floodplain,102,Hafted Stone Tools,12
-390,initial,243,Ofichiara Kingdom,Nile Floodplain,103,Bone and Antler Tools,12
-390,initial,243,Ofichiara Kingdom,Nile Floodplain,104,Fishing Technology,12
-390,initial,243,Ofichiara Kingdom,Nile Floodplain,105,Food Preservation,12
-390,initial,243,Ofichiara Kingdom,Nile Floodplain,106,Storage Pits and Containers,12
-390,initial,243,Ofichiara Kingdom,Nile Floodplain,107,Seasonal Aggregation Camps,12
-390,initial,243,Ofichiara Kingdom,Nile Floodplain,110,Dog Domestication,12
-390,initial,243,Ofichiara Kingdom,Nile Floodplain,111,Grinding Stones,12
-390,initial,243,Ofichiara Kingdom,Nile Floodplain,116,Charcoal Firing,12
-390,initial,243,Ofichiara Kingdom,Nile Floodplain,3,Archery,12
-390,initial,244,Old zukazua Kingdom,Nile Floodplain,100,Cordage and Knots,11
-390,initial,244,Old zukazua Kingdom,Nile Floodplain,101,Hide Working and Tailored Clothing,11
-390,initial,244,Old zukazua Kingdom,Nile Floodplain,102,Hafted Stone Tools,11
-390,initial,244,Old zukazua Kingdom,Nile Floodplain,103,Bone and Antler Tools,11
-390,initial,244,Old zukazua Kingdom,Nile Floodplain,105,Food Preservation,11
-390,initial,244,Old zukazua Kingdom,Nile Floodplain,106,Storage Pits and Containers,11
-390,initial,244,Old zukazua Kingdom,Nile Floodplain,107,Seasonal Aggregation Camps,11
-390,initial,244,Old zukazua Kingdom,Nile Floodplain,110,Dog Domestication,11
-390,initial,244,Old zukazua Kingdom,Nile Floodplain,111,Grinding Stones,11
-390,initial,244,Old zukazua Kingdom,Nile Floodplain,116,Charcoal Firing,11
-390,initial,244,Old zukazua Kingdom,Nile Floodplain,3,Archery,11
-388,unlock,37,Old belsameshan,Fertile Crescent,16,Construction,17
-385,initial,245,New drasur Kingdom,Indic Riverine,100,Cordage and Knots,11
-385,initial,245,New drasur Kingdom,Indic Riverine,101,Hide Working and Tailored Clothing,11
-385,initial,245,New drasur Kingdom,Indic Riverine,102,Hafted Stone Tools,11
-385,initial,245,New drasur Kingdom,Indic Riverine,105,Food Preservation,11
-385,initial,245,New drasur Kingdom,Indic Riverine,106,Storage Pits and Containers,11
-385,initial,245,New drasur Kingdom,Indic Riverine,107,Seasonal Aggregation Camps,11
-385,initial,245,New drasur Kingdom,Indic Riverine,110,Dog Domestication,11
-385,initial,245,New drasur Kingdom,Indic Riverine,111,Grinding Stones,11
-385,initial,245,New drasur Kingdom,Indic Riverine,116,Charcoal Firing,11
-385,initial,245,New drasur Kingdom,Indic Riverine,4,Mining,11
-385,initial,245,New drasur Kingdom,Indic Riverine,3,Archery,11
-383,unlock,34,Kingdom of Great esheshum,Fertile Crescent,13,Iron Working,16
-375,initial,246,Kannala Kingdom,Indic Riverine,100,Cordage and Knots,10
-375,initial,246,Kannala Kingdom,Indic Riverine,101,Hide Working and Tailored Clothing,10
-375,initial,246,Kannala Kingdom,Indic Riverine,102,Hafted Stone Tools,10
-375,initial,246,Kannala Kingdom,Indic Riverine,105,Food Preservation,10
-375,initial,246,Kannala Kingdom,Indic Riverine,106,Storage Pits and Containers,10
-375,initial,246,Kannala Kingdom,Indic Riverine,107,Seasonal Aggregation Camps,10
-375,initial,246,Kannala Kingdom,Indic Riverine,110,Dog Domestication,10
-375,initial,246,Kannala Kingdom,Indic Riverine,111,Grinding Stones,10
-375,initial,246,Kannala Kingdom,Indic Riverine,116,Charcoal Firing,10
-375,initial,246,Kannala Kingdom,Indic Riverine,3,Archery,10
-374,unlock,110,North mitrasurnagar,Indic Riverine,33,Paper,32
-370,unlock,52,Empire of South sebara,West Sahel,118,Numeracy and Measurement,29
-356,unlock,52,Empire of South sebara,West Sahel,15,Currency,30
-355,initial,247,Garromstan Kingdom,Steppe Nomadic,100,Cordage and Knots,9
-355,initial,247,Garromstan Kingdom,Steppe Nomadic,101,Hide Working and Tailored Clothing,9
-355,initial,247,Garromstan Kingdom,Steppe Nomadic,102,Hafted Stone Tools,9
-355,initial,247,Garromstan Kingdom,Steppe Nomadic,105,Food Preservation,9
-355,initial,247,Garromstan Kingdom,Steppe Nomadic,106,Storage Pits and Containers,9
-355,initial,247,Garromstan Kingdom,Steppe Nomadic,107,Seasonal Aggregation Camps,9
-355,initial,247,Garromstan Kingdom,Steppe Nomadic,110,Dog Domestication,9
-355,initial,247,Garromstan Kingdom,Steppe Nomadic,111,Grinding Stones,9
-355,initial,247,Garromstan Kingdom,Steppe Nomadic,3,Archery,9
-347,unlock,32,Kingdom of South tamsambelum,Fertile Crescent,16,Construction,15
-342,unlock,92,Kingdom of New nater,Western Plains,103,Bone and Antler Tools,9
-341,unlock,202,South malamngou Kingdom,West Sahel,108,Watercraft,22
-339,unlock,37,Old belsameshan,Fertile Crescent,13,Iron Working,18
-318,unlock,34,Kingdom of Great esheshum,Fertile Crescent,8,Masonry,17
-302,unlock,25,Empire of Great taiweiguo,East Riverine,119,Native Copper Working,12
-290,initial,248,Great zutan Kingdom,Central Forest,100,Cordage and Knots,9
-290,initial,248,Great zutan Kingdom,Central Forest,101,Hide Working and Tailored Clothing,9
-290,initial,248,Great zutan Kingdom,Central Forest,102,Hafted Stone Tools,9
-290,initial,248,Great zutan Kingdom,Central Forest,105,Food Preservation,9
-290,initial,248,Great zutan Kingdom,Central Forest,106,Storage Pits and Containers,9
-290,initial,248,Great zutan Kingdom,Central Forest,107,Seasonal Aggregation Camps,9
-290,initial,248,Great zutan Kingdom,Central Forest,111,Grinding Stones,9
-290,initial,248,Great zutan Kingdom,Central Forest,116,Charcoal Firing,9
-290,initial,248,Great zutan Kingdom,Central Forest,3,Archery,9
-270,unlock,94,Kingdom of New marlorran,Western Plains,8,Masonry,10
-263,unlock,31,North urninar Tribe,Fertile Crescent,104,Fishing Technology,15
-260,unlock,42,Kingdom of Great garkinteria,Monsoon Coastal,117,Proto-writing and Administrative Notation,23
-260,initial,249,Allenburg Kingdom,Atlantic Fringe,100,Cordage and Knots,9
-260,initial,249,Allenburg Kingdom,Atlantic Fringe,101,Hide Working and Tailored Clothing,9
-260,initial,249,Allenburg Kingdom,Atlantic Fringe,102,Hafted Stone Tools,9
-260,initial,249,Allenburg Kingdom,Atlantic Fringe,105,Food Preservation,9
-260,initial,249,Allenburg Kingdom,Atlantic Fringe,106,Storage Pits and Containers,9
-260,initial,249,Allenburg Kingdom,Atlantic Fringe,107,Seasonal Aggregation Camps,9
-260,initial,249,Allenburg Kingdom,Atlantic Fringe,111,Grinding Stones,9
-260,initial,249,Allenburg Kingdom,Atlantic Fringe,116,Charcoal Firing,9
-260,initial,249,Allenburg Kingdom,Atlantic Fringe,3,Archery,9
-252,unlock,84,Kingdom of Solbelsolland,Eastern Woodland,116,Charcoal Firing,14
-248,unlock,135,Kingdom of Old ravara,Indic Riverine,103,Bone and Antler Tools,11
-241,unlock,28,Kingdom of Great belbarurad,Fertile Crescent,103,Bone and Antler Tools,17
-234,unlock,129,Kingdom of New selalland,Central Plain,120,Copper Smelting,14
-225,initial,250,New qoriaya Kingdom,Andean Highland,100,Cordage and Knots,9
-225,initial,250,New qoriaya Kingdom,Andean Highland,101,Hide Working and Tailored Clothing,9
-225,initial,250,New qoriaya Kingdom,Andean Highland,102,Hafted Stone Tools,9
-225,initial,250,New qoriaya Kingdom,Andean Highland,105,Food Preservation,9
-225,initial,250,New qoriaya Kingdom,Andean Highland,106,Storage Pits and Containers,9
-225,initial,250,New qoriaya Kingdom,Andean Highland,107,Seasonal Aggregation Camps,9
-225,initial,250,New qoriaya Kingdom,Andean Highland,111,Grinding Stones,9
-225,initial,250,New qoriaya Kingdom,Andean Highland,116,Charcoal Firing,9
-225,initial,250,New qoriaya Kingdom,Andean Highland,3,Archery,9
-223,unlock,126,Kingdom of South intisuyukusmarca,Andean Highland,119,Native Copper Working,11
-212,unlock,4,Kingdom of South mitramita,Indic Riverine,8,Masonry,13
-212,unlock,202,South malamngou Kingdom,West Sahel,5,Sailing,23
-209,unlock,143,Kingdom of New xiarenzhou,East Riverine,8,Masonry,12
-205,unlock,35,Kingdom of Arureshan,Fertile Crescent,9,Bronze Alloying,16
-184,unlock,143,Kingdom of New xiarenzhou,East Riverine,103,Bone and Antler Tools,13
-180,unlock,7,Kingdom of New shatannagar,Indic Riverine,49,Scientific Method,29
-176,unlock,3,Republic of Shakantannagar,Indic Riverine,49,Scientific Method,45
-170,initial,251,New sesea Kingdom,Nile Floodplain,100,Cordage and Knots,12
-170,initial,251,New sesea Kingdom,Nile Floodplain,101,Hide Working and Tailored Clothing,12
-170,initial,251,New sesea Kingdom,Nile Floodplain,102,Hafted Stone Tools,12
-170,initial,251,New sesea Kingdom,Nile Floodplain,103,Bone and Antler Tools,12
-170,initial,251,New sesea Kingdom,Nile Floodplain,104,Fishing Technology,12
-170,initial,251,New sesea Kingdom,Nile Floodplain,105,Food Preservation,12
-170,initial,251,New sesea Kingdom,Nile Floodplain,106,Storage Pits and Containers,12
-170,initial,251,New sesea Kingdom,Nile Floodplain,107,Seasonal Aggregation Camps,12
-170,initial,251,New sesea Kingdom,Nile Floodplain,110,Dog Domestication,12
-170,initial,251,New sesea Kingdom,Nile Floodplain,111,Grinding Stones,12
-170,initial,251,New sesea Kingdom,Nile Floodplain,116,Charcoal Firing,12
-170,initial,251,New sesea Kingdom,Nile Floodplain,3,Archery,12
-170,initial,252,Great ofingoara Kingdom,Nile Floodplain,100,Cordage and Knots,11
-170,initial,252,Great ofingoara Kingdom,Nile Floodplain,101,Hide Working and Tailored Clothing,11
-170,initial,252,Great ofingoara Kingdom,Nile Floodplain,102,Hafted Stone Tools,11
-170,initial,252,Great ofingoara Kingdom,Nile Floodplain,103,Bone and Antler Tools,11
-170,initial,252,Great ofingoara Kingdom,Nile Floodplain,105,Food Preservation,11
-170,initial,252,Great ofingoara Kingdom,Nile Floodplain,106,Storage Pits and Containers,11
-170,initial,252,Great ofingoara Kingdom,Nile Floodplain,107,Seasonal Aggregation Camps,11
-170,initial,252,Great ofingoara Kingdom,Nile Floodplain,110,Dog Domestication,11
-170,initial,252,Great ofingoara Kingdom,Nile Floodplain,111,Grinding Stones,11
-170,initial,252,Great ofingoara Kingdom,Nile Floodplain,116,Charcoal Firing,11
-170,initial,252,Great ofingoara Kingdom,Nile Floodplain,3,Archery,11
-168,unlock,3,Republic of Shakantannagar,Indic Riverine,36,Printing,46
-161,unlock,121,New marzennagrad,Eastern Woodland,116,Charcoal Firing,11
-157,unlock,103,Kingdom of Kinsolterland,Western Plains,110,Dog Domestication,10
-144,unlock,31,North urninar Tribe,Fertile Crescent,16,Construction,16
-121,unlock,60,Kingdom of Old belromum,Central Plain,9,Bronze Alloying,16
-117,unlock,126,Kingdom of South intisuyukusmarca,Andean Highland,103,Bone and Antler Tools,12
-107,unlock,2,Kingdom of South nalshamitpur,Indic Riverine,103,Bone and Antler Tools,11
-105,initial,253,Kalamofiene Kingdom,Central Forest,100,Cordage and Knots,9
-105,initial,253,Kalamofiene Kingdom,Central Forest,101,Hide Working and Tailored Clothing,9
-105,initial,253,Kalamofiene Kingdom,Central Forest,102,Hafted Stone Tools,9
-105,initial,253,Kalamofiene Kingdom,Central Forest,105,Food Preservation,9
-105,initial,253,Kalamofiene Kingdom,Central Forest,106,Storage Pits and Containers,9
-105,initial,253,Kalamofiene Kingdom,Central Forest,107,Seasonal Aggregation Camps,9
-105,initial,253,Kalamofiene Kingdom,Central Forest,111,Grinding Stones,9
-105,initial,253,Kalamofiene Kingdom,Central Forest,116,Charcoal Firing,9
-105,initial,253,Kalamofiene Kingdom,Central Forest,3,Archery,9
-99,unlock,3,Republic of Shakantannagar,Indic Riverine,39,Universities,47
-93,unlock,196,Kingdom of South temteoxocco,Mesoamerican,4,Mining,10
-90,unlock,124,Old garkingrad Tribe,Western Plains,116,Charcoal Firing,9
-90,initial,254,Old renminhan Kingdom,East Riverine,100,Cordage and Knots,10
-90,initial,254,Old renminhan Kingdom,East Riverine,101,Hide Working and Tailored Clothing,10
-90,initial,254,Old renminhan Kingdom,East Riverine,102,Hafted Stone Tools,10
-90,initial,254,Old renminhan Kingdom,East Riverine,105,Food Preservation,10
-90,initial,254,Old renminhan Kingdom,East Riverine,106,Storage Pits and Containers,10
-90,initial,254,Old renminhan Kingdom,East Riverine,107,Seasonal Aggregation Camps,10
-90,initial,254,Old renminhan Kingdom,East Riverine,110,Dog Domestication,10
-90,initial,254,Old renminhan Kingdom,East Riverine,111,Grinding Stones,10
-90,initial,254,Old renminhan Kingdom,East Riverine,116,Charcoal Firing,10
-90,initial,254,Old renminhan Kingdom,East Riverine,3,Archery,10
-87,unlock,202,South malamngou Kingdom,West Sahel,109,Long-distance Exchange Networks,24
-79,unlock,156,Kingdom of Duszenvialand,Western Plains,103,Bone and Antler Tools,9
-73,unlock,66,Kingdom of Old nahcalyuctan,Mesoamerican,103,Bone and Antler Tools,10
-70,unlock,216,South sekaa Tribe,West Sahel,108,Watercraft,23
-65,initial,255,Selamkaara Kingdom,Central Forest,100,Cordage and Knots,9
-65,initial,255,Selamkaara Kingdom,Central Forest,101,Hide Working and Tailored Clothing,9
-65,initial,255,Selamkaara Kingdom,Central Forest,102,Hafted Stone Tools,9
-65,initial,255,Selamkaara Kingdom,Central Forest,105,Food Preservation,9
-65,initial,255,Selamkaara Kingdom,Central Forest,106,Storage Pits and Containers,9
-65,initial,255,Selamkaara Kingdom,Central Forest,107,Seasonal Aggregation Camps,9
-65,initial,255,Selamkaara Kingdom,Central Forest,111,Grinding Stones,9
-65,initial,255,Selamkaara Kingdom,Central Forest,116,Charcoal Firing,9
-65,initial,255,Selamkaara Kingdom,Central Forest,3,Archery,9
-64,unlock,202,South malamngou Kingdom,West Sahel,12,Shipbuilding,25
-56,unlock,3,Republic of Shakantannagar,Indic Riverine,35,Markets,48
-52,unlock,167,South dradradraa Kingdom,Indic Riverine,113,Sedentism,13
-25,initial,256,South tantanmaara Kingdom,Central Forest,100,Cordage and Knots,9
-25,initial,256,South tantanmaara Kingdom,Central Forest,101,Hide Working and Tailored Clothing,9
-25,initial,256,South tantanmaara Kingdom,Central Forest,102,Hafted Stone Tools,9
-25,initial,256,South tantanmaara Kingdom,Central Forest,105,Food Preservation,9
-25,initial,256,South tantanmaara Kingdom,Central Forest,106,Storage Pits and Containers,9
-25,initial,256,South tantanmaara Kingdom,Central Forest,107,Seasonal Aggregation Camps,9
-25,initial,256,South tantanmaara Kingdom,Central Forest,111,Grinding Stones,9
-25,initial,256,South tantanmaara Kingdom,Central Forest,116,Charcoal Firing,9
-25,initial,256,South tantanmaara Kingdom,Central Forest,3,Archery,9
-20,initial,257,Zuseofiara Kingdom,Central Forest,100,Cordage and Knots,9
-20,initial,257,Zuseofiara Kingdom,Central Forest,101,Hide Working and Tailored Clothing,9
-20,initial,257,Zuseofiara Kingdom,Central Forest,102,Hafted Stone Tools,9
-20,initial,257,Zuseofiara Kingdom,Central Forest,105,Food Preservation,9
-20,initial,257,Zuseofiara Kingdom,Central Forest,106,Storage Pits and Containers,9
-20,initial,257,Zuseofiara Kingdom,Central Forest,107,Seasonal Aggregation Camps,9
-20,initial,257,Zuseofiara Kingdom,Central Forest,111,Grinding Stones,9
-20,initial,257,Zuseofiara Kingdom,Central Forest,116,Charcoal Firing,9
-20,initial,257,Zuseofiara Kingdom,Central Forest,3,Archery,9
-19,unlock,202,South malamngou Kingdom,West Sahel,29,Machinery,26
0,unlock,81,Kingdom of South tuptupyu,Andean Highland,8,Masonry,14
15,unlock,3,Republic of Shakantannagar,Indic Riverine,40,Astronomy,49
16,unlock,103,Kingdom of Kinsolterland,Western Plains,8,Masonry,11
20,unlock,30,Kingdom of South ashashan,Fertile Crescent,16,Construction,14
20,unlock,167,South dradradraa Kingdom,Indic Riverine,103,Bone and Antler Tools,14
24,unlock,94,Kingdom of New marlorran,Western Plains,110,Dog Domestication,11
30,initial,258,South rumqoripachna Kingdom,Andean Highland,100,Cordage and Knots,9
30,initial,258,South rumqoripachna Kingdom,Andean Highland,101,Hide Working and Tailored Clothing,9
30,initial,258,South rumqoripachna Kingdom,Andean Highland,102,Hafted Stone Tools,9
30,initial,258,South rumqoripachna Kingdom,Andean Highland,105,Food Preservation,9
30,initial,258,South rumqoripachna Kingdom,Andean Highland,106,Storage Pits and Containers,9
30,initial,258,South rumqoripachna Kingdom,Andean Highland,107,Seasonal Aggregation Camps,9
30,initial,258,South rumqoripachna Kingdom,Andean Highland,111,Grinding Stones,9
30,initial,258,South rumqoripachna Kingdom,Andean Highland,116,Charcoal Firing,9
30,initial,258,South rumqoripachna Kingdom,Andean Highland,3,Archery,9
31,unlock,57,Kingdom of Great tarselburg,Mediterranean Highland,23,Engineering,12
36,unlock,54,Empire of Great tanbarene,East Horn,38,Mechanical Clock,29
39,unlock,16,Kingdom of Great qintaixiaguo,East Riverine,7,Wheel,16
46,unlock,45,Empire of South terqui,Steppe Nomadic,120,Copper Smelting,15
56,unlock,202,South malamngou Kingdom,West Sahel,23,Engineering,27
60,initial,259,Viaduskin Kingdom,Steppe Nomadic,100,Cordage and Knots,9
60,initial,259,Viaduskin Kingdom,Steppe Nomadic,101,Hide Working and Tailored Clothing,9
60,initial,259,Viaduskin Kingdom,Steppe Nomadic,102,Hafted Stone Tools,9
60,initial,259,Viaduskin Kingdom,Steppe Nomadic,105,Food Preservation,9
60,initial,259,Viaduskin Kingdom,Steppe Nomadic,106,Storage Pits and Containers,9
60,initial,259,Viaduskin Kingdom,Steppe Nomadic,107,Seasonal Aggregation Camps,9
60,initial,259,Viaduskin Kingdom,Steppe Nomadic,110,Dog Domestication,9
60,initial,259,Viaduskin Kingdom,Steppe Nomadic,111,Grinding Stones,9
60,initial,259,Viaduskin Kingdom,Steppe Nomadic,3,Archery,9
61,unlock,130,Kingdom of South tarbelkarum,Mediterranean Highland,103,Bone and Antler Tools,11
63,unlock,85,Kingdom of New belzenmaria,Eastern Woodland,116,Charcoal Firing,11
63,unlock,133,Kingdom of New naduskingrad,Western Plains,103,Bone and Antler Tools,10
66,unlock,83,Kingdom of New kintertergrad,Eastern Woodland,110,Dog Domestication,9
70,unlock,36,Kingdom of Old barbeltam,Fertile Crescent,8,Masonry,13
71,unlock,91,Kingdom of North quinaviastan,Western Plains,119,Native Copper Working,13
81,unlock,16,Kingdom of Great qintaixiaguo,East Riverine,117,Proto-writing and Administrative Notation,17
89,unlock,216,South sekaa Tribe,West Sahel,5,Sailing,24
95,unlock,122,Kingdom of Hanlinzhou,East Riverine,8,Masonry,12
109,unlock,63,Kingdom of North lenbelnorland,Atlantic Fringe,110,Dog Domestication,10
115,unlock,42,Empire of North markinstan,Monsoon Coastal,118,Numeracy and Measurement,24
115,unlock,103,Kingdom of Kinsolterland,Western Plains,103,Bone and Antler Tools,12
118,unlock,89,Kingdom of Great terlinbel,Western Plains,103,Bone and Antler Tools,9
119,unlock,143,Kingdom of New xiarenzhou,East Riverine,119,Native Copper Working,14
125,initial,260,Old sumtup Kingdom,Andean Highland,100,Cordage and Knots,9
125,initial,260,Old sumtup Kingdom,Andean Highland,101,Hide Working and Tailored Clothing,9
125,initial,260,Old sumtup Kingdom,Andean Highland,102,Hafted Stone Tools,9
125,initial,260,Old sumtup Kingdom,Andean Highland,105,Food Preservation,9
125,initial,260,Old sumtup Kingdom,Andean Highland,106,Storage Pits and Containers,9
125,initial,260,Old sumtup Kingdom,Andean Highland,107,Seasonal Aggregation Camps,9
125,initial,260,Old sumtup Kingdom,Andean Highland,111,Grinding Stones,9
125,initial,260,Old sumtup Kingdom,Andean Highland,116,Charcoal Firing,9
125,initial,260,Old sumtup Kingdom,Andean Highland,3,Archery,9
129,unlock,168,Kingdom of Great tolcalchian,Mesoamerican,110,Dog Domestication,10
131,unlock,37,Old belsameshan,Fertile Crescent,25,Metal Casting,19
135,unlock,170,Kingdom of South surmitnagar,Indic Riverine,103,Bone and Antler Tools,12
141,unlock,93,Kingdom of New quilorranland,Western Plains,116,Charcoal Firing,10
143,unlock,8,Kingdom of Old mitsurdesh,Indic Riverine,103,Bone and Antler Tools,11
145,unlock,16,Kingdom of Great qintaixiaguo,East Riverine,104,Fishing Technology,18
147,unlock,63,Kingdom of North lenbelnorland,Atlantic Fringe,103,Bone and Antler Tools,11
156,unlock,176,South ranbelstan Kingdom,Western Plains,110,Dog Domestication,10
158,unlock,42,Empire of North markinstan,Monsoon Coastal,15,Currency,25
172,unlock,156,Kingdom of Duszenvialand,Western Plains,110,Dog Domestication,10
179,unlock,216,South sekaa Tribe,West Sahel,109,Long-distance Exchange Networks,25
185,unlock,52,Empire of South sebara,West Sahel,38,Mechanical Clock,31
190,unlock,94,Kingdom of New marlorran,Western Plains,103,Bone and Antler Tools,12
191,unlock,167,South dradradraa Kingdom,Indic Riverine,108,Watercraft,15
196,unlock,97,Great viaquidusgrad Tribe,Caribbean Seafaring,112,Proto-cultivation,16
200,initial,261,South barma Kingdom,Central Forest,100,Cordage and Knots,9
200,initial,261,South barma Kingdom,Central Forest,101,Hide Working and Tailored Clothing,9
200,initial,261,South barma Kingdom,Central Forest,102,Hafted Stone Tools,9
200,initial,261,South barma Kingdom,Central Forest,105,Food Preservation,9
200,initial,261,South barma Kingdom,Central Forest,106,Storage Pits and Containers,9
200,initial,261,South barma Kingdom,Central Forest,107,Seasonal Aggregation Camps,9
200,initial,261,South barma Kingdom,Central Forest,111,Grinding Stones,9
200,initial,261,South barma Kingdom,Central Forest,116,Charcoal Firing,9
200,initial,261,South barma Kingdom,Central Forest,3,Archery,9
202,unlock,123,Kingdom of Old draranagar,Indic Riverine,103,Bone and Antler Tools,11
207,unlock,9,Kingdom of Great mitmittannagar,Indic Riverine,49,Scientific Method,28
222,unlock,61,Kingdom of New nortarkarland,Central Plain,103,Bone and Antler Tools,11
227,unlock,162,Kingdom of Great dorselvenum,Atlantic Fringe,16,Construction,13
237,unlock,28,Kingdom of Great belbarurad,Fertile Crescent,25,Metal Casting,18
243,unlock,216,South sekaa Tribe,West Sahel,12,Shipbuilding,26
250,initial,262,Great qoriqoriyu Kingdom,Andean Highland,100,Cordage and Knots,9
250,initial,262,Great qoriqoriyu Kingdom,Andean Highland,101,Hide Working and Tailored Clothing,9
250,initial,262,Great qoriqoriyu Kingdom,Andean Highland,102,Hafted Stone Tools,9
250,initial,262,Great qoriqoriyu Kingdom,Andean Highland,105,Food Preservation,9
250,initial,262,Great qoriqoriyu Kingdom,Andean Highland,106,Storage Pits and Containers,9
250,initial,262,Great qoriqoriyu Kingdom,Andean Highland,107,Seasonal Aggregation Camps,9
250,initial,262,Great qoriqoriyu Kingdom,Andean Highland,111,Grinding Stones,9
250,initial,262,Great qoriqoriyu Kingdom,Andean Highland,116,Charcoal Firing,9
250,initial,262,Great qoriqoriyu Kingdom,Andean Highland,3,Archery,9
264,unlock,56,Kingdom of Great dorlenalland,Mediterranean Highland,23,Engineering,16
267,unlock,146,Kingdom of North ninkalninar,Fertile Crescent,8,Masonry,14
269,unlock,136,North kansurdradesh Kingdom,Indic Riverine,16,Construction,15
270,unlock,88,Kingdom of Old gartergar,Eastern Woodland,103,Bone and Antler Tools,11
274,unlock,24,Kingdom of Great linliqin,East Riverine,103,Bone and Antler Tools,11
274,unlock,37,New belartamad,Fertile Crescent,28,Steel,20
276,unlock,167,South dradradraa Kingdom,Indic Riverine,6,Calendar,16
278,unlock,42,Empire of North markinstan,Monsoon Coastal,11,Writing,26
291,unlock,16,Kingdom of Great qintaixiaguo,East Riverine,11,Writing,19
291,unlock,90,Kingdom of Dusmarland,Western Plains,110,Dog Domestication,9
293,unlock,174,Kingdom of New kantanvardesh,Indic Riverine,103,Bone and Antler Tools,11
297,unlock,35,Kingdom of Arureshan,Fertile Crescent,13,Iron Working,17
299,unlock,45,Empire of South terqui,Steppe Nomadic,9,Bronze Alloying,16
306,unlock,64,Kingdom of Rombelia,Northern Maritime,110,Dog Domestication,9
315,unlock,56,Kingdom of Great dorlenalland,Mediterranean Highland,52,Industrialization,17
317,unlock,3,Republic of Shakantannagar,Indic Riverine,44,Architecture,50
320,initial,263,Great alkarlenia Kingdom,Northern Maritime,100,Cordage and Knots,8
320,initial,263,Great alkarlenia Kingdom,Northern Maritime,101,Hide Working and Tailored Clothing,8
320,initial,263,Great alkarlenia Kingdom,Northern Maritime,102,Hafted Stone Tools,8
320,initial,263,Great alkarlenia Kingdom,Northern Maritime,105,Food Preservation,8
320,initial,263,Great alkarlenia Kingdom,Northern Maritime,106,Storage Pits and Containers,8
320,initial,263,Great alkarlenia Kingdom,Northern Maritime,107,Seasonal Aggregation Camps,8
320,initial,263,Great alkarlenia Kingdom,Northern Maritime,111,Grinding Stones,8
320,initial,263,Great alkarlenia Kingdom,Northern Maritime,3,Archery,8
323,unlock,148,Kingdom of New sumsuyukusna,Andean Highland,103,Bone and Antler Tools,11
324,unlock,31,North urninar Tribe,Fertile Crescent,51,Steam Engine,17
325,unlock,56,Kingdom of Great dorlenalland,Mediterranean Highland,51,Steam Engine,18
331,unlock,176,South ranbelstan Kingdom,Western Plains,116,Charcoal Firing,11
345,unlock,167,South dradradraa Kingdom,Indic Riverine,115,Counting Tokens and Tallies,17
345,initial,264,South suyupachpacha Kingdom,Andean Highland,100,Cordage and Knots,9
345,initial,264,South suyupachpacha Kingdom,Andean Highland,101,Hide Working and Tailored Clothing,9
345,initial,264,South suyupachpacha Kingdom,Andean Highland,102,Hafted Stone Tools,9
345,initial,264,South suyupachpacha Kingdom,Andean Highland,105,Food Preservation,9
345,initial,264,South suyupachpacha Kingdom,Andean Highland,106,Storage Pits and Containers,9
345,initial,264,South suyupachpacha Kingdom,Andean Highland,107,Seasonal Aggregation Camps,9
345,initial,264,South suyupachpacha Kingdom,Andean Highland,111,Grinding Stones,9
345,initial,264,South suyupachpacha Kingdom,Andean Highland,116,Charcoal Firing,9
345,initial,264,South suyupachpacha Kingdom,Andean Highland,3,Archery,9
345,initial,265,South llaqsuma Kingdom,Andean Highland,100,Cordage and Knots,9
345,initial,265,South llaqsuma Kingdom,Andean Highland,101,Hide Working and Tailored Clothing,9
345,initial,265,South llaqsuma Kingdom,Andean Highland,102,Hafted Stone Tools,9
345,initial,265,South llaqsuma Kingdom,Andean Highland,105,Food Preservation,9
345,initial,265,South llaqsuma Kingdom,Andean Highland,106,Storage Pits and Containers,9
345,initial,265,South llaqsuma Kingdom,Andean Highland,107,Seasonal Aggregation Camps,9
345,initial,265,South llaqsuma Kingdom,Andean Highland,111,Grinding Stones,9
345,initial,265,South llaqsuma Kingdom,Andean Highland,116,Charcoal Firing,9
345,initial,265,South llaqsuma Kingdom,Andean Highland,3,Archery,9
349,unlock,225,Kingdom of Altartar,Atlantic Fringe,4,Mining,10
358,unlock,16,Kingdom of Great qintaixiaguo,East Riverine,17,Roads,20
359,unlock,216,South sekaa Tribe,West Sahel,38,Mechanical Clock,27
362,unlock,189,Kingdom of Tupqorimarca,Andean Highland,103,Bone and Antler Tools,10
367,unlock,101,Kingdom of Bellenalburg,Northern Maritime,110,Dog Domestication,9
373,unlock,148,Kingdom of New sumsuyukusna,Andean Highland,119,Native Copper Working,12
375,initial,266,Old barzungoara Kingdom,Central Forest,100,Cordage and Knots,9
375,initial,266,Old barzungoara Kingdom,Central Forest,101,Hide Working and Tailored Clothing,9
375,initial,266,Old barzungoara Kingdom,Central Forest,102,Hafted Stone Tools,9
375,initial,266,Old barzungoara Kingdom,Central Forest,105,Food Preservation,9
375,initial,266,Old barzungoara Kingdom,Central Forest,106,Storage Pits and Containers,9
375,initial,266,Old barzungoara Kingdom,Central Forest,107,Seasonal Aggregation Camps,9
375,initial,266,Old barzungoara Kingdom,Central Forest,111,Grinding Stones,9
375,initial,266,Old barzungoara Kingdom,Central Forest,116,Charcoal Firing,9
375,initial,266,Old barzungoara Kingdom,Central Forest,3,Archery,9
377,unlock,125,New lorlorland Tribe,Western Plains,116,Charcoal Firing,10
381,unlock,176,South ranbelstan Kingdom,Western Plains,8,Masonry,12
386,unlock,37,New belartamad,Fertile Crescent,23,Engineering,21
398,unlock,124,Old garkingrad Tribe,Western Plains,103,Bone and Antler Tools,10
400,unlock,176,South ranbelstan Kingdom,Western Plains,103,Bone and Antler Tools,13
405,unlock,42,Empire of North markinstan,Monsoon Coastal,14,Formal Mathematics,27
414,unlock,126,Kingdom of South intisuyukusmarca,Andean Highland,120,Copper Smelting,13
425,unlock,110,North mitrasurnagar,Indic Riverine,27,Democracy,40
426,unlock,37,New belartamad,Fertile Crescent,42,Metallurgy,22
430,unlock,217,North dravivar Kingdom,Indic Riverine,113,Sedentism,11
432,unlock,56,Kingdom of Great dorlenalland,Mediterranean Highland,29,Machinery,19
433,unlock,56,Kingdom of Great dorlenalland,Mediterranean Highland,60,Combustion,20
435,unlock,31,North urninar Tribe,Fertile Crescent,23,Engineering,18
437,unlock,198,Great viatergrad Kingdom,Western Plains,8,Masonry,10
439,unlock,126,Kingdom of South intisuyukusmarca,Andean Highland,8,Masonry,14
441,unlock,167,Kingdom of Great mitkannagar,Indic Riverine,20,Agriculture,18
452,unlock,31,North urninar Tribe,Fertile Crescent,108,Watercraft,19
454,unlock,34,Kingdom of Great esheshum,Fertile Crescent,25,Metal Casting,18
455,unlock,110,North mitrasurnagar,Indic Riverine,49,Scientific Method,42
456,unlock,90,Kingdom of Dusmarland,Western Plains,103,Bone and Antler Tools,10
461,unlock,167,Kingdom of Great mitkannagar,Indic Riverine,5,Sailing,19
463,unlock,110,North mitrasurnagar,Indic Riverine,36,Printing,43
464,unlock,62,Kingdom of Selkartarland,Atlantic Fringe,103,Bone and Antler Tools,11
465,unlock,150,Kingdom of Great kalsamashad,Fertile Crescent,16,Construction,15
465,initial,267,Old qinliqinling Kingdom,East Riverine,100,Cordage and Knots,10
465,initial,267,Old qinliqinling Kingdom,East Riverine,101,Hide Working and Tailored Clothing,10
465,initial,267,Old qinliqinling Kingdom,East Riverine,102,Hafted Stone Tools,10
465,initial,267,Old qinliqinling Kingdom,East Riverine,105,Food Preservation,10
465,initial,267,Old qinliqinling Kingdom,East Riverine,106,Storage Pits and Containers,10
465,initial,267,Old qinliqinling Kingdom,East Riverine,107,Seasonal Aggregation Camps,10
465,initial,267,Old qinliqinling Kingdom,East Riverine,110,Dog Domestication,10
465,initial,267,Old qinliqinling Kingdom,East Riverine,111,Grinding Stones,10
465,initial,267,Old qinliqinling Kingdom,East Riverine,116,Charcoal Firing,10
465,initial,267,Old qinliqinling Kingdom,East Riverine,3,Archery,10
473,unlock,110,North mitrasurnagar,Indic Riverine,32,Civil Service,44
475,unlock,110,North mitrasurnagar,Indic Riverine,31,Acoustics,46
475,unlock,110,North mitrasurnagar,Indic Riverine,40,Astronomy,46
475,initial,268,New rahivaraa Kingdom,Oceanic Navigators,100,Cordage and Knots,7
475,initial,268,New rahivaraa Kingdom,Oceanic Navigators,101,Hide Working and Tailored Clothing,7
475,initial,268,New rahivaraa Kingdom,Oceanic Navigators,102,Hafted Stone Tools,7
475,initial,268,New rahivaraa Kingdom,Oceanic Navigators,105,Food Preservation,7
475,initial,268,New rahivaraa Kingdom,Oceanic Navigators,106,Storage Pits and Containers,7
475,initial,268,New rahivaraa Kingdom,Oceanic Navigators,107,Seasonal Aggregation Camps,7
475,initial,268,New rahivaraa Kingdom,Oceanic Navigators,3,Archery,7
479,unlock,32,Kingdom of Old ashesh,Fertile Crescent,9,Bronze Alloying,17
479,unlock,171,New ofimaofiu Kingdom,North Saharan,103,Bone and Antler Tools,11
481,unlock,34,Kingdom of Great esheshum,Fertile Crescent,16,Construction,19
484,unlock,110,North mitrasurnagar,Indic Riverine,39,Universities,47
487,unlock,36,Kingdom of Old eshtamninad,Fertile Crescent,16,Construction,14
493,unlock,42,Empire of North markinstan,Monsoon Coastal,19,Alphabet,28
494,unlock,34,Kingdom of Great esheshum,Fertile Crescent,42,Metallurgy,20
500,unlock,217,North dravivar Kingdom,Indic Riverine,104,Fishing Technology,12
502,unlock,89,Kingdom of Great terlinbel,Western Plains,110,Dog Domestication,10
505,unlock,145,New tamninsamad Tribe,Fertile Crescent,8,Masonry,13
507,unlock,207,Empire of Old mixchitan,Mesoamerican,108,Watercraft,20
509,unlock,20,Kingdom of South linwei,East Riverine,119,Native Copper Working,14
510,unlock,102,Solgarranland Tribe,Eastern Woodland,103,Bone and Antler Tools,10
515,unlock,207,Empire of Old mixchitan,Mesoamerican,117,Proto-writing and Administrative Notation,21
517,unlock,110,North mitrasurnagar,Indic Riverine,34,Banking,48
522,unlock,198,Great viatergrad Kingdom,Western Plains,110,Dog Domestication,11
523,unlock,30,Kingdom of South ashashan,Fertile Crescent,42,Metallurgy,15
525,unlock,31,North urninar Tribe,Fertile Crescent,29,Machinery,20
529,unlock,217,North dravivar Kingdom,Indic Riverine,103,Bone and Antler Tools,13
536,unlock,144,Kingdom of Great tantanka,North Saharan,103,Bone and Antler Tools,11
539,unlock,110,North mitrasurnagar,Indic Riverine,44,Architecture,49
542,unlock,16,Kingdom of Great qintaixiaguo,East Riverine,118,Numeracy and Measurement,21
542,unlock,35,Kingdom of Arureshan,Fertile Crescent,16,Construction,18
542,unlock,143,Kingdom of New xiarenzhou,East Riverine,120,Copper Smelting,15
544,unlock,204,Old ofichitanene Kingdom,West Sahel,117,Proto-writing and Administrative Notation,22
548,unlock,16,Kingdom of Great qintaixiaguo,East Riverine,108,Watercraft,22
549,unlock,167,Kingdom of Great mitkannagar,Indic Riverine,109,Long-distance Exchange Networks,20
559,unlock,147,Kingdom of New tanchitanu,Nile Floodplain,103,Bone and Antler Tools,11
562,unlock,1,North radrasurnagar Tribe,Indic Riverine,8,Masonry,12
565,unlock,167,Kingdom of Great mitkannagar,Indic Riverine,114,Enclosures and Herd Management,21
568,unlock,110,North mitrasurnagar,Indic Riverine,35,Markets,50
570,unlock,170,Kingdom of New ravara,Indic Riverine,8,Masonry,13
572,unlock,167,Kingdom of Great mitkannagar,Indic Riverine,117,Proto-writing and Administrative Notation,22
573,unlock,132,Kingdom of New romquiland,Western Plains,103,Bone and Antler Tools,9
576,unlock,146,Kingdom of North ninkalninar,Fertile Crescent,120,Copper Smelting,15
595,unlock,148,Kingdom of New sumsuyukusna,Andean Highland,110,Dog Domestication,13
595,initial,269,Old lamchikaa Kingdom,Central Forest,100,Cordage and Knots,9
595,initial,269,Old lamchikaa Kingdom,Central Forest,101,Hide Working and Tailored Clothing,9
595,initial,269,Old lamchikaa Kingdom,Central Forest,102,Hafted Stone Tools,9
595,initial,269,Old lamchikaa Kingdom,Central Forest,105,Food Preservation,9
595,initial,269,Old lamchikaa Kingdom,Central Forest,106,Storage Pits and Containers,9
595,initial,269,Old lamchikaa Kingdom,Central Forest,107,Seasonal Aggregation Camps,9
595,initial,269,Old lamchikaa Kingdom,Central Forest,111,Grinding Stones,9
595,initial,269,Old lamchikaa Kingdom,Central Forest,116,Charcoal Firing,9
595,initial,269,Old lamchikaa Kingdom,Central Forest,3,Archery,9
599,unlock,167,Kingdom of Great mitkannagar,Indic Riverine,10,Irrigation,23
603,unlock,77,Kingdom of Great sumsumllaqmarca,Andean Highland,16,Construction,14
608,unlock,60,Kingdom of Old belromum,Central Plain,13,Iron Working,17
613,unlock,28,Kingdom of Great belbarurad,Fertile Crescent,16,Construction,19
614,unlock,167,Kingdom of Great mitkannagar,Indic Riverine,12,Shipbuilding,24
615,unlock,80,Kingdom of South tuprumna,Andean Highland,103,Bone and Antler Tools,11
619,unlock,220,Great chibarngo Kingdom,Nile Floodplain,11,Writing,26
628,unlock,21,Kingdom of Old minminlinshan,East Riverine,103,Bone and Antler Tools,11
632,unlock,60,Kingdom of Old belromum,Central Plain,42,Metallurgy,18
632,unlock,97,Kingdom of New lintergarstan,Caribbean Seafaring,20,Agriculture,17
638,unlock,42,Empire of North markinstan,Monsoon Coastal,24,Optics,29
640,initial,270,Kanvardesh Kingdom,Indic Riverine,100,Cordage and Knots,11
640,initial,270,Kanvardesh Kingdom,Indic Riverine,101,Hide Working and Tailored Clothing,11
640,initial,270,Kanvardesh Kingdom,Indic Riverine,102,Hafted Stone Tools,11
640,initial,270,Kanvardesh Kingdom,Indic Riverine,105,Food Preservation,11
640,initial,270,Kanvardesh Kingdom,Indic Riverine,106,Storage Pits and Containers,11
640,initial,270,Kanvardesh Kingdom,Indic Riverine,107,Seasonal Aggregation Camps,11
640,initial,270,Kanvardesh Kingdom,Indic Riverine,110,Dog Domestication,11
640,initial,270,Kanvardesh Kingdom,Indic Riverine,111,Grinding Stones,11
640,initial,270,Kanvardesh Kingdom,Indic Riverine,116,Charcoal Firing,11
640,initial,270,Kanvardesh Kingdom,Indic Riverine,4,Mining,11
640,initial,270,Kanvardesh Kingdom,Indic Riverine,3,Archery,11
651,unlock,200,Kingdom of South calxocnahpan,Mesoamerican,110,Dog Domestication,10
652,unlock,9,Kingdom of Great mitmittannagar,Indic Riverine,36,Printing,37
654,unlock,97,Kingdom of New lintergarstan,Caribbean Seafaring,103,Bone and Antler Tools,18
655,unlock,16,Kingdom of Great qintaixiaguo,East Riverine,23,Engineering,23
655,unlock,97,Kingdom of New lintergarstan,Caribbean Seafaring,110,Dog Domestication,19
658,unlock,42,Empire of North markinstan,Monsoon Coastal,21,Drama and Poetry,30
666,unlock,126,Kingdom of South intisuyukusmarca,Andean Highland,9,Bronze Alloying,15
671,unlock,25,Empire of South taitaiguo,East Riverine,8,Masonry,13
671,unlock,42,Empire of North markinstan,Monsoon Coastal,22,Philosophy,31
675,initial,271,New romalselland Kingdom,Northern Maritime,100,Cordage and Knots,8
675,initial,271,New romalselland Kingdom,Northern Maritime,101,Hide Working and Tailored Clothing,8
675,initial,271,New romalselland Kingdom,Northern Maritime,102,Hafted Stone Tools,8
675,initial,271,New romalselland Kingdom,Northern Maritime,105,Food Preservation,8
675,initial,271,New romalselland Kingdom,Northern Maritime,106,Storage Pits and Containers,8
675,initial,271,New romalselland Kingdom,Northern Maritime,107,Seasonal Aggregation Camps,8
675,initial,271,New romalselland Kingdom,Northern Maritime,111,Grinding Stones,8
675,initial,271,New romalselland Kingdom,Northern Maritime,3,Archery,8
682,unlock,220,Republic of Great chibarngo,Nile Floodplain,19,Alphabet,27
688,unlock,16,Republic of Kingdom of Great qintaixiaguo,East Riverine,19,Alphabet,24
690,unlock,30,Kingdom of South ashashan,Fertile Crescent,41,Chemistry,16
693,unlock,42,Empire of North markinstan,Monsoon Coastal,33,Paper,32
695,unlock,165,Kingdom of New nalvipur,Indic Riverine,4,Mining,11
695,initial,272,New kardor Kingdom,Atlantic Fringe,100,Cordage and Knots,9
695,initial,272,New kardor Kingdom,Atlantic Fringe,101,Hide Working and Tailored Clothing,9
695,initial,272,New kardor Kingdom,Atlantic Fringe,102,Hafted Stone Tools,9
695,initial,272,New kardor Kingdom,Atlantic Fringe,105,Food Preservation,9
695,initial,272,New kardor Kingdom,Atlantic Fringe,106,Storage Pits and Containers,9
695,initial,272,New kardor Kingdom,Atlantic Fringe,107,Seasonal Aggregation Camps,9
695,initial,272,New kardor Kingdom,Atlantic Fringe,111,Grinding Stones,9
695,initial,272,New kardor Kingdom,Atlantic Fringe,116,Charcoal Firing,9
695,initial,272,New kardor Kingdom,Atlantic Fringe,3,Archery,9
698,unlock,60,Kingdom of Old belromum,Central Plain,16,Construction,19
698,unlock,225,Kingdom of Altartar,Atlantic Fringe,110,Dog Domestication,11
700,unlock,45,Empire of South terqui,Steppe Nomadic,13,Iron Working,17
719,unlock,193,North sengolamu Kingdom,West Sahel,29,Machinery,22
720,unlock,196,Kingdom of South temteoxocco,Mesoamerican,8,Masonry,11
721,unlock,220,Republic of Great chibarngo,Nile Floodplain,14,Formal Mathematics,27
722,unlock,32,Kingdom of North tameshum,Fertile Crescent,42,Metallurgy,18
723,unlock,5,Kingdom of New ravidesh,Indic Riverine,8,Masonry,12
723,unlock,9,Kingdom of Great mitmittannagar,Indic Riverine,40,Astronomy,39
723,unlock,198,Great viatergrad Kingdom,Western Plains,103,Bone and Antler Tools,13
723,unlock,198,Great viatergrad Kingdom,Western Plains,116,Charcoal Firing,13
729,unlock,42,Empire of North markinstan,Monsoon Coastal,27,Democracy,33
735,unlock,103,Kingdom of Kinsolterland,Western Plains,16,Construction,13
739,unlock,62,Kingdom of Selkartarland,Atlantic Fringe,110,Dog Domestication,12
743,unlock,42,Empire of North markinstan,Monsoon Coastal,30,Education,34
744,unlock,34,Kingdom of Great esheshum,Fertile Crescent,28,Steel,21
749,unlock,13,Kingdom of South tanvivia,Indic Riverine,23,Engineering,12
756,unlock,102,Solgarranland Tribe,Eastern Woodland,116,Charcoal Firing,11
761,unlock,9,Kingdom of Great mitmittannagar,Indic Riverine,39,Universities,42
770,unlock,16,Republic of Kingdom of Great qintaixiaguo,East Riverine,5,Sailing,25
771,unlock,32,Kingdom of North tameshum,Fertile Crescent,13,Iron Working,19
787,unlock,45,Empire of South terqui,Steppe Nomadic,16,Construction,18
796,unlock,34,Kingdom of Great esheshum,Fertile Crescent,23,Engineering,22
806,unlock,35,Kingdom of Arureshan,Fertile Crescent,25,Metal Casting,19
808,unlock,37,New belartamad,Fertile Crescent,51,Steam Engine,23
810,unlock,183,Rumsumsumna Kingdom,Andean Highland,103,Bone and Antler Tools,10
811,unlock,28,Kingdom of Great belbarurad,Fertile Crescent,42,Metallurgy,20
815,unlock,9,Kingdom of Great mitmittannagar,Indic Riverine,34,Banking,43
823,unlock,183,Rumsumsumna Kingdom,Andean Highland,112,Proto-cultivation,11
825,unlock,9,Kingdom of Great mitmittannagar,Indic Riverine,44,Architecture,45
825,unlock,9,Kingdom of Great mitmittannagar,Indic Riverine,48,Physics,45
828,unlock,146,Kingdom of North ninkalninar,Fertile Crescent,16,Construction,16
829,unlock,91,Kingdom of North quinaviastan,Western Plains,110,Dog Domestication,14
830,initial,273,New garsolviagrad Kingdom,Western Plains,100,Cordage and Knots,9
830,initial,273,New garsolviagrad Kingdom,Western Plains,101,Hide Working and Tailored Clothing,9
830,initial,273,New garsolviagrad Kingdom,Western Plains,102,Hafted Stone Tools,9
830,initial,273,New garsolviagrad Kingdom,Western Plains,103,Bone and Antler Tools,9
830,initial,273,New garsolviagrad Kingdom,Western Plains,105,Food Preservation,9
830,initial,273,New garsolviagrad Kingdom,Western Plains,106,Storage Pits and Containers,9
830,initial,273,New garsolviagrad Kingdom,Western Plains,107,Seasonal Aggregation Camps,9
830,initial,273,New garsolviagrad Kingdom,Western Plains,111,Grinding Stones,9
830,initial,273,New garsolviagrad Kingdom,Western Plains,3,Archery,9
833,unlock,37,New belartamad,Fertile Crescent,52,Industrialization,24
837,unlock,221,Old suyutupyu Tribe,Andean Highland,110,Dog Domestication,10
838,unlock,5,Kingdom of New ravidesh,Indic Riverine,103,Bone and Antler Tools,13
838,unlock,210,Kingdom of New lammau,Central Forest,103,Bone and Antler Tools,10
840,unlock,202,Empire of New sengochia,West Sahel,38,Mechanical Clock,28
840,initial,274,New ngozuara Kingdom,Central Forest,100,Cordage and Knots,9
840,initial,274,New ngozuara Kingdom,Central Forest,101,Hide Working and Tailored Clothing,9
840,initial,274,New ngozuara Kingdom,Central Forest,102,Hafted Stone Tools,9
840,initial,274,New ngozuara Kingdom,Central Forest,105,Food Preservation,9
840,initial,274,New ngozuara Kingdom,Central Forest,106,Storage Pits and Containers,9
840,initial,274,New ngozuara Kingdom,Central Forest,107,Seasonal Aggregation Camps,9
840,initial,274,New ngozuara Kingdom,Central Forest,111,Grinding Stones,9
840,initial,274,New ngozuara Kingdom,Central Forest,116,Charcoal Firing,9
840,initial,274,New ngozuara Kingdom,Central Forest,3,Archery,9
841,unlock,32,Kingdom of North tameshum,Fertile Crescent,23,Engineering,20
849,unlock,158,Kingdom of South marlinzenstan,Eastern Woodland,103,Bone and Antler Tools,9
850,unlock,62,Kingdom of Selkartarland,Atlantic Fringe,8,Masonry,13
860,unlock,42,Empire of North markinstan,Monsoon Coastal,26,Compass,35
862,unlock,80,Kingdom of South tuprumna,Andean Highland,8,Masonry,12
862,unlock,234,Kingdom of Old altarvenland,Atlantic Fringe,4,Mining,10
863,unlock,145,New tamninsamad Tribe,Fertile Crescent,120,Copper Smelting,14
866,unlock,94,Kingdom of New marlorran,Western Plains,16,Construction,13
869,unlock,116,Kingdom of South surnalsurpur,Indic Riverine,16,Construction,13
878,unlock,18,Old minrenrenshan Tribe,East Riverine,119,Native Copper Working,13
881,unlock,37,North samkalan,Fertile Crescent,41,Chemistry,25
883,unlock,146,Kingdom of North ninkalninar,Fertile Crescent,9,Bronze Alloying,17
884,unlock,207,Empire of Old mixchitan,Mesoamerican,5,Sailing,22
898,unlock,97,Kingdom of New lintergarstan,Caribbean Seafaring,10,Irrigation,20
903,unlock,44,Kingdom of South ranmarmar,Monsoon Coastal,118,Numeracy and Measurement,27
905,unlock,93,Kingdom of New kinsolsolland,Western Plains,110,Dog Domestication,11
908,unlock,189,Kingdom of Tupqorimarca,Andean Highland,110,Dog Domestication,11
915,unlock,143,Kingdom of New xiarenzhou,East Riverine,9,Bronze Alloying,16
920,unlock,28,Kingdom of Great belbarurad,Fertile Crescent,28,Steel,21
920,initial,275,South ngochitan Kingdom,West Sahel,100,Cordage and Knots,21
920,initial,275,South ngochitan Kingdom,West Sahel,101,Hide Working and Tailored Clothing,21
920,initial,275,South ngochitan Kingdom,West Sahel,102,Hafted Stone Tools,21
920,initial,275,South ngochitan Kingdom,West Sahel,103,Bone and Antler Tools,21
920,initial,275,South ngochitan Kingdom,West Sahel,104,Fishing Technology,21
920,initial,275,South ngochitan Kingdom,West Sahel,105,Food Preservation,21
920,initial,275,South ngochitan Kingdom,West Sahel,106,Storage Pits and Containers,21
920,initial,275,South ngochitan Kingdom,West Sahel,107,Seasonal Aggregation Camps,21
920,initial,275,South ngochitan Kingdom,West Sahel,110,Dog Domestication,21
920,initial,275,South ngochitan Kingdom,West Sahel,111,Grinding Stones,21
920,initial,275,South ngochitan Kingdom,West Sahel,112,Proto-cultivation,21
920,initial,275,South ngochitan Kingdom,West Sahel,113,Sedentism,21
920,initial,275,South ngochitan Kingdom,West Sahel,114,Enclosures and Herd Management,21
920,initial,275,South ngochitan Kingdom,West Sahel,115,Counting Tokens and Tallies,21
920,initial,275,South ngochitan Kingdom,West Sahel,116,Charcoal Firing,21
920,initial,275,South ngochitan Kingdom,West Sahel,20,Agriculture,21
920,initial,275,South ngochitan Kingdom,West Sahel,3,Archery,21
920,initial,275,South ngochitan Kingdom,West Sahel,6,Calendar,21
920,initial,275,South ngochitan Kingdom,West Sahel,7,Wheel,21
920,initial,275,South ngochitan Kingdom,West Sahel,10,Irrigation,21
920,initial,275,South ngochitan Kingdom,West Sahel,17,Roads,21
921,unlock,217,North dravivar Kingdom,Indic Riverine,6,Calendar,14
930,initial,276,Old rarangitamoa Kingdom,Oceanic Navigators,100,Cordage and Knots,7
930,initial,276,Old rarangitamoa Kingdom,Oceanic Navigators,101,Hide Working and Tailored Clothing,7
930,initial,276,Old rarangitamoa Kingdom,Oceanic Navigators,102,Hafted Stone Tools,7
930,initial,276,Old rarangitamoa Kingdom,Oceanic Navigators,105,Food Preservation,7
930,initial,276,Old rarangitamoa Kingdom,Oceanic Navigators,106,Storage Pits and Containers,7
930,initial,276,Old rarangitamoa Kingdom,Oceanic Navigators,107,Seasonal Aggregation Camps,7
930,initial,276,Old rarangitamoa Kingdom,Oceanic Navigators,3,Archery,7
932,unlock,129,Kingdom of New selalland,Central Plain,9,Bronze Alloying,15
933,unlock,31,North urninar Tribe,Fertile Crescent,5,Sailing,21
935,unlock,37,North samkalan,Fertile Crescent,29,Machinery,26
940,unlock,207,Empire of Old mixchitan,Mesoamerican,20,Agriculture,23
941,unlock,44,Kingdom of South ranmarmar,Monsoon Coastal,15,Currency,28
941,unlock,145,New tamninsamad Tribe,Fertile Crescent,16,Construction,15
941,unlock,225,Kingdom of Altartar,Atlantic Fringe,8,Masonry,12
942,unlock,16,Republic of Kingdom of Great qintaixiaguo,East Riverine,33,Paper,26
942,unlock,94,Kingdom of Old linbelia,Western Plains,116,Charcoal Firing,14
943,unlock,208,Kingdom of North temyucco,Mesoamerican,103,Bone and Antler Tools,10
947,unlock,13,Kingdom of South tanvivia,Indic Riverine,29,Machinery,13
948,unlock,217,North dravivar Kingdom,Indic Riverine,114,Enclosures and Herd Management,15
949,unlock,42,Empire of North markinstan,Monsoon Coastal,36,Printing,36
950,unlock,139,Kingdom of North alvenburg,Mediterranean Highland,8,Masonry,13
958,unlock,83,Kingdom of North zendusland,Eastern Woodland,116,Charcoal Firing,10
963,unlock,81,Kingdom of South tuptupyu,Andean Highland,16,Construction,15
970,initial,277,South vidratan Kingdom,Indic Riverine,100,Cordage and Knots,11
970,initial,277,South vidratan Kingdom,Indic Riverine,101,Hide Working and Tailored Clothing,11
970,initial,277,South vidratan Kingdom,Indic Riverine,102,Hafted Stone Tools,11
970,initial,277,South vidratan Kingdom,Indic Riverine,105,Food Preservation,11
970,initial,277,South vidratan Kingdom,Indic Riverine,106,Storage Pits and Containers,11
970,initial,277,South vidratan Kingdom,Indic Riverine,107,Seasonal Aggregation Camps,11
970,initial,277,South vidratan Kingdom,Indic Riverine,110,Dog Domestication,11
970,initial,277,South vidratan Kingdom,Indic Riverine,111,Grinding Stones,11
970,initial,277,South vidratan Kingdom,Indic Riverine,116,Charcoal Firing,11
970,initial,277,South vidratan Kingdom,Indic Riverine,4,Mining,11
970,initial,277,South vidratan Kingdom,Indic Riverine,3,Archery,11
979,unlock,16,Republic of Kingdom of Great qintaixiaguo,East Riverine,29,Machinery,27
979,unlock,208,Kingdom of North temyucco,Mesoamerican,110,Dog Domestication,11
981,unlock,165,Kingdom of Great shamitdra,Indic Riverine,51,Steam Engine,12
986,unlock,60,Kingdom of Old belromum,Central Plain,25,Metal Casting,20
993,unlock,207,Empire of Old mixchitan,Mesoamerican,109,Long-distance Exchange Networks,24
997,unlock,83,Kingdom of North zendusland,Eastern Woodland,103,Bone and Antler Tools,11
1002,unlock,130,Kingdom of North tarbelal,Mediterranean Highland,23,Engineering,12
1004,unlock,146,Kingdom of North ninkalninar,Fertile Crescent,42,Metallurgy,18
1005,unlock,33,Kingdom of Kalninkalar,Fertile Crescent,23,Engineering,12
1005,unlock,126,Kingdom of North sumtuppachna,Andean Highland,13,Iron Working,16
1011,unlock,37,North samkalan,Fertile Crescent,60,Combustion,27
1015,unlock,169,Kingdom of North sharamitpur,Indic Riverine,103,Bone and Antler Tools,11
1020,unlock,183,Rumsumsumna Kingdom,Andean Highland,113,Sedentism,12
1021,unlock,217,North dravivar Kingdom,Indic Riverine,108,Watercraft,16
1025,unlock,62,Kingdom of Old nordorvenum,Atlantic Fringe,60,Combustion,14
1030,unlock,165,Kingdom of Great shamitdra,Indic Riverine,52,Industrialization,13
1032,unlock,58,Kingdom of South romnordoria,Mediterranean Urban,23,Engineering,12
1038,unlock,207,Empire of Old mixchitan,Mesoamerican,12,Shipbuilding,25
1039,unlock,54,Empire of Great lamseu,East Horn,118,Numeracy and Measurement,30
1041,unlock,54,Empire of Great lamseu,East Horn,15,Currency,31
1041,unlock,217,North dravivar Kingdom,Indic Riverine,112,Proto-cultivation,17
1046,unlock,205,Kingdom of Kannalnaldesh,Indic Riverine,103,Bone and Antler Tools,11
1063,unlock,32,Kingdom of North tameshum,Fertile Crescent,41,Chemistry,21
1067,unlock,60,Kingdom of Old belromum,Central Plain,52,Industrialization,21
1069,unlock,62,Kingdom of Old nordorvenum,Atlantic Fringe,119,Native Copper Working,15
1069,unlock,234,Kingdom of Old altarvenland,Atlantic Fringe,110,Dog Domestication,11
1070,unlock,60,Kingdom of Old belromum,Central Plain,60,Combustion,22
1073,unlock,183,Rumsumsumna Kingdom,Andean Highland,104,Fishing Technology,13
1075,initial,278,Ngolamzu Kingdom,Central Forest,100,Cordage and Knots,9
1075,initial,278,Ngolamzu Kingdom,Central Forest,101,Hide Working and Tailored Clothing,9
1075,initial,278,Ngolamzu Kingdom,Central Forest,102,Hafted Stone Tools,9
1075,initial,278,Ngolamzu Kingdom,Central Forest,105,Food Preservation,9
1075,initial,278,Ngolamzu Kingdom,Central Forest,106,Storage Pits and Containers,9
1075,initial,278,Ngolamzu Kingdom,Central Forest,107,Seasonal Aggregation Camps,9
1075,initial,278,Ngolamzu Kingdom,Central Forest,111,Grinding Stones,9
1075,initial,278,Ngolamzu Kingdom,Central Forest,116,Charcoal Firing,9
1075,initial,278,Ngolamzu Kingdom,Central Forest,3,Archery,9
1079,unlock,60,Kingdom of Old belromum,Central Plain,51,Steam Engine,23
1080,unlock,82,Kingdom of New ranmarstan,Eastern Woodland,110,Dog Domestication,9
1080,unlock,182,Old tantankana Kingdom,Indic Riverine,4,Mining,11
1082,unlock,16,Republic of Kingdom of Great qintaixiaguo,East Riverine,12,Shipbuilding,28
1084,unlock,16,Republic of Kingdom of Great qintaixiaguo,East Riverine,51,Steam Engine,29
1086,unlock,111,Kingdom of South linxiaweishan,East Riverine,103,Bone and Antler Tools,11
1101,unlock,5,Kingdom of North kanvira,Indic Riverine,119,Native Copper Working,14
1103,unlock,10,Kingdom of Nalnalnagar,Indic Riverine,23,Engineering,12
1106,unlock,28,Kingdom of Great belbarurad,Fertile Crescent,60,Combustion,22
1108,unlock,16,Republic of Kingdom of Great qintaixiaguo,East Riverine,109,Long-distance Exchange Networks,30
1109,unlock,31,North urninar Tribe,Fertile Crescent,52,Industrialization,22
1112,unlock,165,Kingdom of Great shamitdra,Indic Riverine,60,Combustion,14
1114,unlock,42,Empire of North markinstan,Monsoon Coastal,32,Civil Service,37
1116,unlock,129,Kingdom of New selalland,Central Plain,8,Masonry,16
1122,unlock,28,Kingdom of Great belbarurad,Fertile Crescent,52,Industrialization,23
1122,unlock,32,Kingdom of North tameshum,Fertile Crescent,52,Industrialization,22
1125,unlock,62,Kingdom of Old nordorvenum,Atlantic Fringe,52,Industrialization,16
1126,unlock,167,Kingdom of Great mitkannagar,Indic Riverine,7,Wheel,25
1128,unlock,64,Kingdom of Rombelia,Northern Maritime,103,Bone and Antler Tools,10
1136,unlock,207,Empire of Old mixchitan,Mesoamerican,10,Irrigation,26
1137,unlock,31,North urninar Tribe,Fertile Crescent,54,Electricity,23
1137,unlock,210,Kingdom of North sebarene,Central Forest,110,Dog Domestication,11
1139,unlock,31,North urninar Tribe,Fertile Crescent,60,Combustion,24
1141,unlock,199,Kingdom of New lorkinia,Western Plains,110,Dog Domestication,9
1144,unlock,126,Kingdom of North sumtuppachna,Andean Highland,16,Construction,17
1149,unlock,32,Kingdom of North tameshum,Fertile Crescent,25,Metal Casting,23
1163,unlock,32,Kingdom of North tameshum,Fertile Crescent,51,Steam Engine,24
1164,unlock,91,Kingdom of North quinaviastan,Western Plains,120,Copper Smelting,15
1165,unlock,165,Kingdom of Great shamitdra,Indic Riverine,8,Masonry,15
1172,unlock,221,Old suyutupyu Tribe,Andean Highland,103,Bone and Antler Tools,11
1174,unlock,35,Kingdom of Arureshan,Fertile Crescent,28,Steel,20
1179,unlock,145,New tamninsamad Tribe,Fertile Crescent,9,Bronze Alloying,16
1181,unlock,225,Kingdom of Altartar,Atlantic Fringe,119,Native Copper Working,13
1183,unlock,31,North urninar Tribe,Fertile Crescent,64,Electronics,25
1184,unlock,31,North urninar Tribe,Fertile Crescent,63,Mass Production,26
1184,unlock,97,Kingdom of New lintergarstan,Caribbean Seafaring,115,Counting Tokens and Tallies,21
1185,unlock,31,North urninar Tribe,Fertile Crescent,69,Computers,27
1185,unlock,85,Kingdom of New belzenmaria,Eastern Woodland,23,Engineering,12
1187,unlock,18,Old minrenrenshan Tribe,East Riverine,8,Masonry,14
1190,unlock,160,North viadussolgrad Kingdom,Western Plains,116,Charcoal Firing,9
1190,initial,279,Old ravarsha Kingdom,Indic Riverine,100,Cordage and Knots,11
1190,initial,279,Old ravarsha Kingdom,Indic Riverine,101,Hide Working and Tailored Clothing,11
1190,initial,279,Old ravarsha Kingdom,Indic Riverine,102,Hafted Stone Tools,11
1190,initial,279,Old ravarsha Kingdom,Indic Riverine,105,Food Preservation,11
1190,initial,279,Old ravarsha Kingdom,Indic Riverine,106,Storage Pits and Containers,11
1190,initial,279,Old ravarsha Kingdom,Indic Riverine,107,Seasonal Aggregation Camps,11
1190,initial,279,Old ravarsha Kingdom,Indic Riverine,110,Dog Domestication,11
1190,initial,279,Old ravarsha Kingdom,Indic Riverine,111,Grinding Stones,11
1190,initial,279,Old ravarsha Kingdom,Indic Riverine,116,Charcoal Firing,11
1190,initial,279,Old ravarsha Kingdom,Indic Riverine,4,Mining,11
1190,initial,279,Old ravarsha Kingdom,Indic Riverine,3,Archery,11
1192,unlock,28,Kingdom of Great belbarurad,Fertile Crescent,54,Electricity,24
1193,unlock,118,Kingdom of Great kusrumqorimarca,Andean Highland,51,Steam Engine,12
1194,unlock,260,Old sumtup Kingdom,Andean Highland,4,Mining,10
1195,unlock,31,North urninar Tribe,Fertile Crescent,79,Internet,28
1198,unlock,60,Kingdom of Old belromum,Central Plain,28,Steel,24
1199,unlock,162,Kingdom of North belnornorland,Atlantic Fringe,52,Industrialization,14
1203,unlock,33,Kingdom of Kalninkalar,Fertile Crescent,29,Machinery,13
1204,unlock,120,Kingdom of New rakan,Indic Riverine,23,Engineering,12
1205,unlock,62,Kingdom of Old nordorvenum,Atlantic Fringe,16,Construction,17
1208,unlock,45,Empire of South terqui,Steppe Nomadic,42,Metallurgy,19
1208,unlock,172,Old linzhoxialing Tribe,East Riverine,103,Bone and Antler Tools,11
1219,unlock,19,Kingdom of Old linrenguo,East Riverine,23,Engineering,12
1219,unlock,217,North dravivar Kingdom,Indic Riverine,115,Counting Tokens and Tallies,18
1220,unlock,57,Kingdom of Great tarselburg,Mediterranean Highland,29,Machinery,13
1223,unlock,56,Kingdom of Great dorlenalland,Mediterranean Highland,69,Computers,21
1223,unlock,162,Kingdom of North belnornorland,Atlantic Fringe,120,Copper Smelting,15
1229,unlock,56,Kingdom of Great dorlenalland,Mediterranean Highland,64,Electronics,22
1234,unlock,56,Kingdom of Great dorlenalland,Mediterranean Highland,79,Internet,23
1234,unlock,217,North dravivar Kingdom,Indic Riverine,7,Wheel,19
1235,unlock,241,New vishamitpur Kingdom,Indic Riverine,4,Mining,11
1240,initial,280,Ngosea Tribe,Nile Floodplain,100,Cordage and Knots,25
1240,initial,280,Ngosea Tribe,Nile Floodplain,101,Hide Working and Tailored Clothing,25
1240,initial,280,Ngosea Tribe,Nile Floodplain,102,Hafted Stone Tools,25
1240,initial,280,Ngosea Tribe,Nile Floodplain,103,Bone and Antler Tools,25
1240,initial,280,Ngosea Tribe,Nile Floodplain,104,Fishing Technology,25
1240,initial,280,Ngosea Tribe,Nile Floodplain,105,Food Preservation,25
1240,initial,280,Ngosea Tribe,Nile Floodplain,106,Storage Pits and Containers,25
1240,initial,280,Ngosea Tribe,Nile Floodplain,107,Seasonal Aggregation Camps,25
1240,initial,280,Ngosea Tribe,Nile Floodplain,110,Dog Domestication,25
1240,initial,280,Ngosea Tribe,Nile Floodplain,111,Grinding Stones,25
1240,initial,280,Ngosea Tribe,Nile Floodplain,112,Proto-cultivation,25
1240,initial,280,Ngosea Tribe,Nile Floodplain,113,Sedentism,25
1240,initial,280,Ngosea Tribe,Nile Floodplain,114,Enclosures and Herd Management,25
1240,initial,280,Ngosea Tribe,Nile Floodplain,115,Counting Tokens and Tallies,25
1240,initial,280,Ngosea Tribe,Nile Floodplain,116,Charcoal Firing,25
1240,initial,280,Ngosea Tribe,Nile Floodplain,117,Proto-writing and Administrative Notation,25
1240,initial,280,Ngosea Tribe,Nile Floodplain,118,Numeracy and Measurement,25
1240,initial,280,Ngosea Tribe,Nile Floodplain,20,Agriculture,25
1240,initial,280,Ngosea Tribe,Nile Floodplain,3,Archery,25
1240,initial,280,Ngosea Tribe,Nile Floodplain,6,Calendar,25
1240,initial,280,Ngosea Tribe,Nile Floodplain,7,Wheel,25
1240,initial,280,Ngosea Tribe,Nile Floodplain,10,Irrigation,25
1240,initial,280,Ngosea Tribe,Nile Floodplain,15,Currency,25
1240,initial,280,Ngosea Tribe,Nile Floodplain,17,Roads,25
1240,initial,280,Ngosea Tribe,Nile Floodplain,29,Machinery,25
1242,unlock,56,Kingdom of Great dorlenalland,Mediterranean Highland,70,Transistors,24
1244,unlock,132,Kingdom of New romquiland,Western Plains,116,Charcoal Firing,10
1246,unlock,56,Kingdom of Great dorlenalland,Mediterranean Highland,76,Integrated Circuit,25
1250,unlock,56,Kingdom of Great dorlenalland,Mediterranean Highland,85,Artificial Intelligence,26
1253,unlock,62,Kingdom of Old nordorvenum,Atlantic Fringe,51,Steam Engine,18
1253,unlock,220,Barngoara,Nile Floodplain,33,Paper,29
1255,unlock,56,Kingdom of Great dorlenalland,Mediterranean Highland,91,Quantum Computing,27
1255,unlock,128,New tamuran Tribe,Fertile Crescent,103,Bone and Antler Tools,11
1255,unlock,167,Kingdom of Great mitkannagar,Indic Riverine,17,Roads,26
1259,unlock,162,Kingdom of North belnornorland,Atlantic Fringe,60,Combustion,16
1260,unlock,28,Kingdom of Great belbarurad,Fertile Crescent,51,Steam Engine,25
1265,unlock,129,Kingdom of New selalland,Central Plain,13,Iron Working,17
1268,unlock,146,Kingdom of North ninkalninar,Fertile Crescent,13,Iron Working,19
1270,unlock,31,North urninar Tribe,Fertile Crescent,70,Transistors,29
1271,unlock,56,Kingdom of Great dorlenalland,Mediterranean Highland,63,Mass Production,28
1277,unlock,58,Kingdom of South romnordoria,Mediterranean Urban,29,Machinery,13
1277,unlock,95,Kingdom of Great kinmarstan,Western Plains,116,Charcoal Firing,9
1279,unlock,3,Republic of Shakantannagar,Indic Riverine,46,Printing Press,51
1279,unlock,123,Kingdom of Old draranagar,Indic Riverine,23,Engineering,12
1280,unlock,31,North urninar Tribe,Fertile Crescent,76,Integrated Circuit,30
1282,unlock,56,Kingdom of Great dorlenalland,Mediterranean Highland,54,Electricity,29
1282,unlock,196,Kingdom of South temteoxocco,Mesoamerican,110,Dog Domestication,12
1282,unlock,220,Barngoara,Nile Floodplain,21,Drama and Poetry,31
1282,unlock,220,Barngoara,Nile Floodplain,22,Philosophy,31
1283,unlock,31,North urninar Tribe,Fertile Crescent,85,Artificial Intelligence,31
1283,unlock,118,Kingdom of Great kusrumqorimarca,Andean Highland,52,Industrialization,13
1287,unlock,138,Kingdom of New tambarum,Fertile Crescent,103,Bone and Antler Tools,11
1288,unlock,29,Kingdom of Ashsamar,Fertile Crescent,8,Masonry,12
1290,unlock,31,North urninar Tribe,Fertile Crescent,12,Shipbuilding,32
1293,unlock,220,Barngoara,Nile Floodplain,24,Optics,32
1295,unlock,31,North urninar Tribe,Fertile Crescent,91,Quantum Computing,33
1295,unlock,60,Kingdom of Old belromum,Central Plain,23,Engineering,25
1295,unlock,118,Kingdom of Great kusrumqorimarca,Andean Highland,23,Engineering,14
1295,unlock,217,North dravivar Kingdom,Indic Riverine,5,Sailing,20
1298,unlock,122,Kingdom of Hanlinzhou,East Riverine,16,Construction,13
1299,unlock,118,Kingdom of Great kusrumqorimarca,Andean Highland,60,Combustion,15
1302,unlock,42,Empire of North markinstan,Monsoon Coastal,31,Acoustics,38
1302,unlock,77,Kingdom of Great sumsumllaqmarca,Andean Highland,60,Combustion,15
1302,unlock,185,Kingdom of New naromgrad,Western Plains,103,Bone and Antler Tools,9
1305,unlock,77,Kingdom of Great sumsumllaqmarca,Andean Highland,52,Industrialization,16
1310,unlock,28,Kingdom of Great belbarurad,Fertile Crescent,63,Mass Production,26
1310,unlock,80,Kingdom of South tuprumna,Andean Highland,119,Native Copper Working,13
1313,unlock,176,Kingdom of Great romnatergrad,Western Plains,16,Construction,14
1314,unlock,164,Kingdom of Old xocyucan,Mesoamerican,110,Dog Domestication,10
1314,unlock,204,Empire of North ngobara Kingdom,West Sahel,108,Watercraft,23
1318,unlock,148,Kingdom of New sumsuyukusna,Andean Highland,120,Copper Smelting,14
1319,unlock,62,Kingdom of Old nordorvenum,Atlantic Fringe,120,Copper Smelting,19
1319,unlock,217,North dravivar Kingdom,Indic Riverine,20,Agriculture,21
1321,unlock,90,Kingdom of Great quisolland,Western Plains,116,Charcoal Firing,11
1330,unlock,31,North urninar Tribe,Fertile Crescent,109,Long-distance Exchange Networks,34
1330,unlock,77,Kingdom of Great sumsumllaqmarca,Andean Highland,51,Steam Engine,17
1332,unlock,220,Barngoara,Nile Floodplain,27,Democracy,33
1334,unlock,28,Kingdom of Great belbarurad,Fertile Crescent,64,Electronics,27
1336,unlock,97,Kingdom of New lintergarstan,Caribbean Seafaring,117,Proto-writing and Administrative Notation,22
1337,unlock,32,Kingdom of North tameshum,Fertile Crescent,28,Steel,25
1338,unlock,129,Kingdom of New selalland,Central Plain,42,Metallurgy,18
1339,unlock,164,Kingdom of Old xocyucan,Mesoamerican,103,Bone and Antler Tools,11
1340,unlock,124,Old garkingrad Tribe,Western Plains,110,Dog Domestication,11
1341,unlock,81,Kingdom of South tuptupyu,Andean Highland,120,Copper Smelting,16
1342,unlock,60,Kingdom of Old belromum,Central Plain,76,Integrated Circuit,26
1345,initial,281,North ayaqori Kingdom,Andean Highland,100,Cordage and Knots,9
1345,initial,281,North ayaqori Kingdom,Andean Highland,101,Hide Working and Tailored Clothing,9
1345,initial,281,North ayaqori Kingdom,Andean Highland,102,Hafted Stone Tools,9
1345,initial,281,North ayaqori Kingdom,Andean Highland,105,Food Preservation,9
1345,initial,281,North ayaqori Kingdom,Andean Highland,106,Storage Pits and Containers,9
1345,initial,281,North ayaqori Kingdom,Andean Highland,107,Seasonal Aggregation Camps,9
1345,initial,281,North ayaqori Kingdom,Andean Highland,111,Grinding Stones,9
1345,initial,281,North ayaqori Kingdom,Andean Highland,116,Charcoal Firing,9
1345,initial,281,North ayaqori Kingdom,Andean Highland,3,Archery,9
1346,unlock,32,Kingdom of North tameshum,Fertile Crescent,60,Combustion,26
1347,unlock,167,Kingdom of Great mitkannagar,Indic Riverine,118,Numeracy and Measurement,27
1352,unlock,117,Old vidranal Tribe,Indic Riverine,51,Steam Engine,12
1356,unlock,196,Kingdom of South temteoxocco,Mesoamerican,119,Native Copper Working,13
1357,unlock,86,Kingdom of Old dusduslor,Eastern Woodland,110,Dog Domestication,9
1357,unlock,220,Barngoara,Nile Floodplain,30,Education,34
1360,unlock,77,Kingdom of Great sumsumllaqmarca,Andean Highland,54,Electricity,18
1360,unlock,118,Kingdom of Great kusrumqorimarca,Andean Highland,54,Electricity,16
1362,unlock,32,Kingdom of North tameshum,Fertile Crescent,79,Internet,27
1362,unlock,106,Republic of Old renhanzhou,East Riverine,103,Bone and Antler Tools,11
1362,unlock,130,Kingdom of North tarbelal,Mediterranean Highland,29,Machinery,13
1366,unlock,28,Kingdom of Great belbarurad,Fertile Crescent,69,Computers,28
1371,unlock,54,Empire of Great lamseu,East Horn,49,Scientific Method,32
1372,unlock,117,Old vidranal Tribe,Indic Riverine,52,Industrialization,13
1374,unlock,222,Kingdom of North suyuqorikusyu,Andean Highland,110,Dog Domestication,10
1375,unlock,246,Kannala Kingdom,Indic Riverine,4,Mining,11
1377,unlock,91,Kingdom of North quinaviastan,Western Plains,9,Bronze Alloying,16
1380,unlock,4,Kingdom of South mitramita,Indic Riverine,16,Construction,14
1380,unlock,196,Kingdom of South temteoxocco,Mesoamerican,16,Construction,14
1382,unlock,32,Kingdom of North tameshum,Fertile Crescent,85,Artificial Intelligence,28
1382,unlock,222,Kingdom of North suyuqorikusyu,Andean Highland,112,Proto-cultivation,11
1383,unlock,162,Kingdom of North belnornorland,Atlantic Fringe,23,Engineering,17
1384,unlock,28,Kingdom of Great belbarurad,Fertile Crescent,76,Integrated Circuit,29
1384,unlock,37,North samkalan,Fertile Crescent,69,Computers,28
1385,unlock,28,Kingdom of Great belbarurad,Fertile Crescent,70,Transistors,30
1386,unlock,30,Kingdom of Tameshuran,Fertile Crescent,23,Engineering,17
1388,unlock,32,Kingdom of North tameshum,Fertile Crescent,69,Computers,29
1389,unlock,35,Kingdom of Arureshan,Fertile Crescent,42,Metallurgy,21
1389,unlock,118,Kingdom of Great kusrumqorimarca,Andean Highland,64,Electronics,16
1390,unlock,225,Kingdom of Altartar,Atlantic Fringe,16,Construction,14
1390,initial,282,Norromia Kingdom,Atlantic Fringe,100,Cordage and Knots,9
1390,initial,282,Norromia Kingdom,Atlantic Fringe,101,Hide Working and Tailored Clothing,9
1390,initial,282,Norromia Kingdom,Atlantic Fringe,102,Hafted Stone Tools,9
1390,initial,282,Norromia Kingdom,Atlantic Fringe,105,Food Preservation,9
1390,initial,282,Norromia Kingdom,Atlantic Fringe,106,Storage Pits and Containers,9
1390,initial,282,Norromia Kingdom,Atlantic Fringe,107,Seasonal Aggregation Camps,9
1390,initial,282,Norromia Kingdom,Atlantic Fringe,111,Grinding Stones,9
1390,initial,282,Norromia Kingdom,Atlantic Fringe,116,Charcoal Firing,9
1390,initial,282,Norromia Kingdom,Atlantic Fringe,3,Archery,9
1391,unlock,32,Kingdom of North tameshum,Fertile Crescent,76,Integrated Circuit,31
1391,unlock,32,Kingdom of North tameshum,Fertile Crescent,91,Quantum Computing,31
1392,unlock,28,Kingdom of Great belbarurad,Fertile Crescent,79,Internet,31
1393,unlock,200,Kingdom of South calxocnahpan,Mesoamerican,103,Bone and Antler Tools,11
1394,unlock,212,Empire of Old sechikaa,West Sahel,29,Machinery,22
1397,unlock,9,Republic of Kingdom of Great mitmittannagar,Indic Riverine,46,Printing Press,41
1398,unlock,28,Kingdom of Great belbarurad,Fertile Crescent,85,Artificial Intelligence,32
1398,unlock,162,Kingdom of North belnornorland,Atlantic Fringe,9,Bronze Alloying,18
1399,unlock,28,Kingdom of Great belbarurad,Fertile Crescent,91,Quantum Computing,33
1399,unlock,231,Empire of Naqui,Steppe Nomadic,16,Construction,15
1401,unlock,37,North samkalan,Fertile Crescent,79,Internet,29
1402,unlock,32,Kingdom of North tameshum,Fertile Crescent,29,Machinery,32
1402,unlock,264,South suyupachpacha Kingdom,Andean Highland,4,Mining,10
1408,unlock,220,Barngoara,Nile Floodplain,31,Acoustics,35
1409,unlock,60,Kingdom of Old belromum,Central Plain,29,Machinery,27
1410,initial,283,Great sharakannagar Kingdom,Indic Riverine,100,Cordage and Knots,11
1410,initial,283,Great sharakannagar Kingdom,Indic Riverine,101,Hide Working and Tailored Clothing,11
1410,initial,283,Great sharakannagar Kingdom,Indic Riverine,102,Hafted Stone Tools,11
1410,initial,283,Great sharakannagar Kingdom,Indic Riverine,105,Food Preservation,11
1410,initial,283,Great sharakannagar Kingdom,Indic Riverine,106,Storage Pits and Containers,11
1410,initial,283,Great sharakannagar Kingdom,Indic Riverine,107,Seasonal Aggregation Camps,11
1410,initial,283,Great sharakannagar Kingdom,Indic Riverine,110,Dog Domestication,11
1410,initial,283,Great sharakannagar Kingdom,Indic Riverine,111,Grinding Stones,11
1410,initial,283,Great sharakannagar Kingdom,Indic Riverine,116,Charcoal Firing,11
1410,initial,283,Great sharakannagar Kingdom,Indic Riverine,4,Mining,11
1410,initial,283,Great sharakannagar Kingdom,Indic Riverine,3,Archery,11
1411,unlock,118,Kingdom of Great kusrumqorimarca,Andean Highland,29,Machinery,18
1416,unlock,118,Kingdom of Great kusrumqorimarca,Andean Highland,63,Mass Production,19
1416,unlock,217,North dravivar Kingdom,Indic Riverine,17,Roads,22
1420,unlock,154,Kingdom of Old hanzhoqinguo,East Riverine,103,Bone and Antler Tools,11
1420,unlock,234,Kingdom of Old altarvenland,Atlantic Fringe,8,Masonry,12
1421,unlock,217,North dravivar Kingdom,Indic Riverine,117,Proto-writing and Administrative Notation,23
1422,unlock,118,Kingdom of Great kusrumqorimarca,Andean Highland,70,Transistors,20
1422,unlock,145,New tamninsamad Tribe,Fertile Crescent,60,Combustion,17
1423,unlock,118,Kingdom of Great kusrumqorimarca,Andean Highland,69,Computers,21
1428,unlock,97,Kingdom of New lintergarstan,Caribbean Seafaring,116,Charcoal Firing,23
1431,unlock,17,Kingdom of North minlizho,East Riverine,103,Bone and Antler Tools,11
1435,unlock,220,Barngoara,Nile Floodplain,32,Civil Service,36
1436,unlock,217,North dravivar Kingdom,Indic Riverine,12,Shipbuilding,24
1437,unlock,37,North samkalan,Fertile Crescent,64,Electronics,30
1437,unlock,86,Kingdom of Old dusduslor,Eastern Woodland,103,Bone and Antler Tools,10
1442,unlock,35,Kingdom of Arureshan,Fertile Crescent,23,Engineering,22
1444,unlock,217,North dravivar Kingdom,Indic Riverine,10,Irrigation,25
1446,unlock,143,Kingdom of New xiarenzhou,East Riverine,16,Construction,17
1447,unlock,37,North samkalan,Fertile Crescent,70,Transistors,32
1447,unlock,37,North samkalan,Fertile Crescent,76,Integrated Circuit,32
1448,unlock,118,Kingdom of Great kusrumqorimarca,Andean Highland,76,Integrated Circuit,22
1449,unlock,127,Kingdom of Alvenal,Mediterranean Urban,29,Machinery,11
1450,unlock,150,Kingdom of Great kalsamashad,Fertile Crescent,23,Engineering,16
1450,initial,284,North intirumpachmarca Kingdom,Andean Highland,100,Cordage and Knots,9
1450,initial,284,North intirumpachmarca Kingdom,Andean Highland,101,Hide Working and Tailored Clothing,9
1450,initial,284,North intirumpachmarca Kingdom,Andean Highland,102,Hafted Stone Tools,9
1450,initial,284,North intirumpachmarca Kingdom,Andean Highland,105,Food Preservation,9
1450,initial,284,North intirumpachmarca Kingdom,Andean Highland,106,Storage Pits and Containers,9
1450,initial,284,North intirumpachmarca Kingdom,Andean Highland,107,Seasonal Aggregation Camps,9
1450,initial,284,North intirumpachmarca Kingdom,Andean Highland,111,Grinding Stones,9
1450,initial,284,North intirumpachmarca Kingdom,Andean Highland,116,Charcoal Firing,9
1450,initial,284,North intirumpachmarca Kingdom,Andean Highland,3,Archery,9
1451,unlock,4,Kingdom of South mitramita,Indic Riverine,23,Engineering,15
1451,unlock,37,North samkalan,Fertile Crescent,85,Artificial Intelligence,34
1451,unlock,37,North samkalan,Fertile Crescent,91,Quantum Computing,34
1451,unlock,95,Kingdom of Great kinmarstan,Western Plains,110,Dog Domestication,10
1454,unlock,158,Kingdom of South marlinzenstan,Eastern Woodland,110,Dog Domestication,10
1456,unlock,77,Kingdom of Great sumsumllaqmarca,Andean Highland,63,Mass Production,18
1461,unlock,28,Kingdom of Great belbarurad,Fertile Crescent,41,Chemistry,34
1461,unlock,220,Barngoara,Nile Floodplain,39,Universities,37
1466,unlock,134,Kingdom of Tarventarum,Mediterranean Highland,23,Engineering,11
1469,unlock,129,Kingdom of New selalland,Central Plain,16,Construction,19
1469,unlock,139,Kingdom of North alvenburg,Mediterranean Highland,103,Bone and Antler Tools,14
1473,unlock,118,Kingdom of Great kusrumqorimarca,Andean Highland,79,Internet,23
1474,unlock,42,Empire of North markinstan,Monsoon Coastal,46,Printing Press,40
1482,unlock,45,Empire of South terqui,Steppe Nomadic,23,Engineering,20
1482,unlock,225,Kingdom of Old lenbelburg,Atlantic Fringe,60,Combustion,15
1485,unlock,118,Kingdom of Great kusrumqorimarca,Andean Highland,85,Artificial Intelligence,24
1490,unlock,77,Kingdom of Great sumsumllaqmarca,Andean Highland,23,Engineering,20
1493,unlock,118,Kingdom of Great kusrumqorimarca,Andean Highland,91,Quantum Computing,25
1494,unlock,62,Kingdom of Old nordorvenum,Atlantic Fringe,23,Engineering,20
1496,unlock,4,Kingdom of South mitramita,Indic Riverine,119,Native Copper Working,16
1497,unlock,62,Kingdom of Old nordorvenum,Atlantic Fringe,91,Quantum Computing,21
1505,unlock,145,New tamninsamad Tribe,Fertile Crescent,13,Iron Working,18
1509,unlock,225,Kingdom of Old lenbelburg,Atlantic Fringe,120,Copper Smelting,16
1510,unlock,193,North sengolamu Kingdom,West Sahel,23,Engineering,23
1510,initial,285,North qorillaqsuyuna Kingdom,Andean Highland,100,Cordage and Knots,9
1510,initial,285,North qorillaqsuyuna Kingdom,Andean Highland,101,Hide Working and Tailored Clothing,9
1510,initial,285,North qorillaqsuyuna Kingdom,Andean Highland,102,Hafted Stone Tools,9
1510,initial,285,North qorillaqsuyuna Kingdom,Andean Highland,105,Food Preservation,9
1510,initial,285,North qorillaqsuyuna Kingdom,Andean Highland,106,Storage Pits and Containers,9
1510,initial,285,North qorillaqsuyuna Kingdom,Andean Highland,107,Seasonal Aggregation Camps,9
1510,initial,285,North qorillaqsuyuna Kingdom,Andean Highland,111,Grinding Stones,9
1510,initial,285,North qorillaqsuyuna Kingdom,Andean Highland,116,Charcoal Firing,9
1510,initial,285,North qorillaqsuyuna Kingdom,Andean Highland,3,Archery,9
1511,unlock,77,Kingdom of Great sumsumllaqmarca,Andean Highland,64,Electronics,21
1511,unlock,77,Kingdom of Great sumsumllaqmarca,Andean Highland,69,Computers,21
1513,unlock,61,Kingdom of Old alalalburg,Central Plain,23,Engineering,12
1516,unlock,77,Kingdom of Great sumsumllaqmarca,Andean Highland,76,Integrated Circuit,22
1517,unlock,77,Kingdom of Great sumsumllaqmarca,Andean Highland,70,Transistors,23
1520,unlock,62,Kingdom of Old nordorvenum,Atlantic Fringe,42,Metallurgy,22
1520,unlock,77,Kingdom of Great sumsumllaqmarca,Andean Highland,79,Internet,24
1520,unlock,127,Kingdom of Alvenal,Mediterranean Urban,103,Bone and Antler Tools,12
1521,unlock,62,Kingdom of Old nordorvenum,Atlantic Fringe,9,Bronze Alloying,23
1521,unlock,225,Kingdom of Old lenbelburg,Atlantic Fringe,42,Metallurgy,17
1524,unlock,129,Kingdom of New selalland,Central Plain,60,Combustion,20
1526,unlock,77,Kingdom of Great sumsumllaqmarca,Andean Highland,85,Artificial Intelligence,24
1530,unlock,60,Kingdom of Old belromum,Central Plain,69,Computers,28
1531,unlock,77,Kingdom of Great sumsumllaqmarca,Andean Highland,91,Quantum Computing,26
1531,unlock,220,Barngoara,Nile Floodplain,36,Printing,38
1535,initial,286,New pachqorirum Kingdom,Andean Highland,100,Cordage and Knots,10
1535,initial,286,New pachqorirum Kingdom,Andean Highland,101,Hide Working and Tailored Clothing,10
1535,initial,286,New pachqorirum Kingdom,Andean Highland,102,Hafted Stone Tools,10
1535,initial,286,New pachqorirum Kingdom,Andean Highland,105,Food Preservation,10
1535,initial,286,New pachqorirum Kingdom,Andean Highland,106,Storage Pits and Containers,10
1535,initial,286,New pachqorirum Kingdom,Andean Highland,107,Seasonal Aggregation Camps,10
1535,initial,286,New pachqorirum Kingdom,Andean Highland,111,Grinding Stones,10
1535,initial,286,New pachqorirum Kingdom,Andean Highland,116,Charcoal Firing,10
1535,initial,286,New pachqorirum Kingdom,Andean Highland,4,Mining,10
1535,initial,286,New pachqorirum Kingdom,Andean Highland,3,Archery,10
1536,unlock,116,Kingdom of South surnalsurpur,Indic Riverine,119,Native Copper Working,14
1540,unlock,28,Kingdom of Great belbarurad,Fertile Crescent,23,Engineering,35
1542,unlock,125,New lorlorland Tribe,Western Plains,103,Bone and Antler Tools,11
1544,unlock,33,Kingdom of Kalninkalar,Fertile Crescent,41,Chemistry,14
1544,unlock,35,Kingdom of Arureshan,Fertile Crescent,41,Chemistry,23
1550,unlock,66,Kingdom of Old nahcalyuctan,Mesoamerican,110,Dog Domestication,11
1554,unlock,185,Kingdom of New naromgrad,Western Plains,110,Dog Domestication,10
1562,unlock,183,Kingdom of South kusqori,Andean Highland,115,Counting Tokens and Tallies,14
1562,unlock,193,North sengolamu Kingdom,West Sahel,38,Mechanical Clock,24
1563,unlock,167,Kingdom of Great mitkannagar,Indic Riverine,29,Machinery,28
1564,unlock,136,North kansurdradesh Kingdom,Indic Riverine,52,Industrialization,16
1565,unlock,136,North kansurdradesh Kingdom,Indic Riverine,60,Combustion,17
1569,unlock,199,Kingdom of Old garsolland,Western Plains,116,Charcoal Firing,10
1570,unlock,60,Kingdom of Old belromum,Central Plain,79,Internet,31
1570,unlock,60,Kingdom of Old belromum,Central Plain,85,Artificial Intelligence,31
1570,unlock,60,Kingdom of Old belromum,Central Plain,91,Quantum Computing,31
1571,unlock,145,New tamninsamad Tribe,Fertile Crescent,42,Metallurgy,19
1573,unlock,139,Kingdom of North alvenburg,Mediterranean Highland,60,Combustion,15
1574,unlock,92,Kingdom of New nater,Western Plains,110,Dog Domestication,10
1576,unlock,140,Kingdom of South intisumyu,Andean Highland,23,Engineering,12
1579,unlock,75,Kingdom of North tuppachkusyu,Andean Highland,8,Masonry,11
1580,unlock,77,Kingdom of Great sumsumllaqmarca,Andean Highland,29,Machinery,28
1583,unlock,62,Kingdom of Old nordorvenum,Atlantic Fringe,64,Electronics,24
1585,unlock,62,Kingdom of Old nordorvenum,Atlantic Fringe,63,Mass Production,25
1590,unlock,62,Kingdom of Old nordorvenum,Atlantic Fringe,85,Artificial Intelligence,26
1591,unlock,165,Kingdom of New mitvara,Indic Riverine,119,Native Copper Working,16
1593,unlock,162,Kingdom of North belnornorland,Atlantic Fringe,42,Metallurgy,19
1594,unlock,201,Kingdom of Great tupinti,Andean Highland,103,Bone and Antler Tools,10
1601,unlock,151,Kingdom of Old solsolland,Western Plains,110,Dog Domestication,9
1603,unlock,62,Kingdom of Old nordorvenum,Atlantic Fringe,29,Machinery,27
1604,unlock,167,Kingdom of Great mitkannagar,Indic Riverine,23,Engineering,29
1605,unlock,149,Empire of Old weiminshan,East Riverine,103,Bone and Antler Tools,12
1608,unlock,116,Kingdom of Surkantanpur,Indic Riverine,103,Bone and Antler Tools,15
1608,unlock,183,Kingdom of South kusqori,Andean Highland,20,Agriculture,15
1609,unlock,162,Kingdom of North belnornorland,Atlantic Fringe,13,Iron Working,20
1609,unlock,212,Empire of Old sechikaa,West Sahel,38,Mechanical Clock,23
1614,unlock,145,New tamninsamad Tribe,Fertile Crescent,91,Quantum Computing,20
1615,unlock,35,Kingdom of Arureshan,Fertile Crescent,69,Computers,24
1616,unlock,16,Republic of Kingdom of Great qintaixiaguo,East Riverine,21,Drama and Poetry,31
1616,unlock,145,New tamninsamad Tribe,Fertile Crescent,79,Internet,22
1616,unlock,145,New tamninsamad Tribe,Fertile Crescent,85,Artificial Intelligence,22
1618,unlock,129,Kingdom of New selalland,Central Plain,25,Metal Casting,21
1619,unlock,62,Kingdom of Old nordorvenum,Atlantic Fringe,70,Transistors,29
1619,unlock,62,Kingdom of Old nordorvenum,Atlantic Fringe,76,Integrated Circuit,29
1620,unlock,61,Kingdom of Old alalalburg,Central Plain,29,Machinery,13
1620,unlock,139,Kingdom of North alvenburg,Mediterranean Highland,120,Copper Smelting,16
1621,unlock,136,North kansurdradesh Kingdom,Indic Riverine,51,Steam Engine,18
1625,unlock,121,Great quiranland,Eastern Woodland,23,Engineering,12
1626,unlock,28,Kingdom of Great belbarurad,Fertile Crescent,29,Machinery,36
1628,unlock,35,Kingdom of Arureshan,Fertile Crescent,60,Combustion,25
1630,initial,287,Solbelland Kingdom,Western Plains,100,Cordage and Knots,8
1630,initial,287,Solbelland Kingdom,Western Plains,101,Hide Working and Tailored Clothing,8
1630,initial,287,Solbelland Kingdom,Western Plains,102,Hafted Stone Tools,8
1630,initial,287,Solbelland Kingdom,Western Plains,105,Food Preservation,8
1630,initial,287,Solbelland Kingdom,Western Plains,106,Storage Pits and Containers,8
1630,initial,287,Solbelland Kingdom,Western Plains,107,Seasonal Aggregation Camps,8
1630,initial,287,Solbelland Kingdom,Western Plains,111,Grinding Stones,8
1630,initial,287,Solbelland Kingdom,Western Plains,3,Archery,8
1634,unlock,169,Kingdom of North sharamitpur,Indic Riverine,60,Combustion,12
1634,unlock,191,Kingdom of North ayasuyuyu,Andean Highland,103,Bone and Antler Tools,10
1637,unlock,30,Kingdom of Tameshuran,Fertile Crescent,29,Machinery,18
1638,unlock,3,Republic of Shakantannagar,Indic Riverine,45,Economics,52
1638,unlock,217,North dravivar Kingdom,Indic Riverine,109,Long-distance Exchange Networks,25
1639,unlock,145,New tamninsamad Tribe,Fertile Crescent,76,Integrated Circuit,23
1639,unlock,220,Barngoara,Nile Floodplain,40,Astronomy,39
1640,unlock,126,Kingdom of North sumtuppachna,Andean Highland,42,Metallurgy,18
1640,unlock,183,Kingdom of South kusqori,Andean Highland,114,Enclosures and Herd Management,16
1641,unlock,145,New tamninsamad Tribe,Fertile Crescent,69,Computers,24
1642,unlock,9,South tansurvar,Indic Riverine,35,Markets,47
1642,unlock,145,New tamninsamad Tribe,Fertile Crescent,52,Industrialization,25
1643,unlock,3,Republic of Shakantannagar,Indic Riverine,48,Physics,53
1644,unlock,16,Republic of Kingdom of Great qintaixiaguo,East Riverine,22,Philosophy,32
1644,unlock,80,Kingdom of South tuprumna,Andean Highland,120,Copper Smelting,14
1645,unlock,16,Republic of Kingdom of Great qintaixiaguo,East Riverine,15,Currency,33
1651,unlock,127,Kingdom of Alvenal,Mediterranean Urban,91,Quantum Computing,13
1654,unlock,61,Kingdom of Old alalalburg,Central Plain,91,Quantum Computing,14
1654,unlock,62,Kingdom of Old nordorvenum,Atlantic Fringe,69,Computers,31
1654,unlock,62,Kingdom of Old nordorvenum,Atlantic Fringe,79,Internet,31
1655,unlock,234,Kingdom of Old altarvenland,Atlantic Fringe,119,Native Copper Working,13
1657,unlock,228,Empire of New shadravarpur,Indic Riverine,52,Industrialization,12
1658,unlock,61,Kingdom of Old alalalburg,Central Plain,79,Internet,15
1661,unlock,123,Kingdom of Old draranagar,Indic Riverine,60,Combustion,13
1662,unlock,61,Kingdom of Old alalalburg,Central Plain,85,Artificial Intelligence,16
1669,unlock,165,Kingdom of New mitvara,Indic Riverine,103,Bone and Antler Tools,17
1671,unlock,82,Kingdom of New zentergar,Eastern Woodland,116,Charcoal Firing,10
1671,unlock,127,Kingdom of Alvenal,Mediterranean Urban,79,Internet,14
1674,unlock,9,South tansurvar,Indic Riverine,45,Economics,48
1676,unlock,101,Kingdom of Old bellenia,Northern Maritime,103,Bone and Antler Tools,10
1678,unlock,183,Kingdom of South kusqori,Andean Highland,6,Calendar,17
1679,unlock,117,Old vidranal Tribe,Indic Riverine,60,Combustion,14
1680,unlock,64,Kingdom of Rombelia,Northern Maritime,116,Charcoal Firing,11
1681,unlock,127,Kingdom of Alvenal,Mediterranean Urban,23,Engineering,15
1681,unlock,204,Empire of North ngobara Kingdom,West Sahel,5,Sailing,24
1683,unlock,149,Empire of Old weiminshan,East Riverine,8,Masonry,13
1685,unlock,220,Barngoara,Nile Floodplain,49,Scientific Method,40
1686,unlock,127,Kingdom of Alvenal,Mediterranean Urban,85,Artificial Intelligence,16
1688,unlock,220,Barngoara,Nile Floodplain,34,Banking,41
1689,unlock,228,Empire of New shadravarpur,Indic Riverine,119,Native Copper Working,13
1705,unlock,275,South ngochitan Kingdom,West Sahel,29,Machinery,22
1710,unlock,129,Kingdom of New selalland,Central Plain,23,Engineering,22
1710,unlock,165,Kingdom of New mitvara,Indic Riverine,16,Construction,18
1712,unlock,35,Kingdom of Arureshan,Fertile Crescent,91,Quantum Computing,26
1713,unlock,167,Kingdom of Great mitkannagar,Indic Riverine,15,Currency,30
1718,unlock,218,Empire of Old zungokaene,Central Forest,103,Bone and Antler Tools,10
1720,unlock,62,Kingdom of Old nordorvenum,Atlantic Fringe,13,Iron Working,32
1722,unlock,45,Empire of South terqui,Steppe Nomadic,25,Metal Casting,21
1723,unlock,196,Kingdom of South temteoxocco,Mesoamerican,120,Copper Smelting,15
1725,initial,288,South renlizhoshan Kingdom,East Riverine,100,Cordage and Knots,13
1725,initial,288,South renlizhoshan Kingdom,East Riverine,101,Hide Working and Tailored Clothing,13
1725,initial,288,South renlizhoshan Kingdom,East Riverine,102,Hafted Stone Tools,13
1725,initial,288,South renlizhoshan Kingdom,East Riverine,105,Food Preservation,13
1725,initial,288,South renlizhoshan Kingdom,East Riverine,106,Storage Pits and Containers,13
1725,initial,288,South renlizhoshan Kingdom,East Riverine,107,Seasonal Aggregation Camps,13
1725,initial,288,South renlizhoshan Kingdom,East Riverine,110,Dog Domestication,13
1725,initial,288,South renlizhoshan Kingdom,East Riverine,111,Grinding Stones,13
1725,initial,288,South renlizhoshan Kingdom,East Riverine,116,Charcoal Firing,13
1725,initial,288,South renlizhoshan Kingdom,East Riverine,119,Native Copper Working,13
1725,initial,288,South renlizhoshan Kingdom,East Riverine,4,Mining,13
1725,initial,288,South renlizhoshan Kingdom,East Riverine,3,Archery,13
1725,initial,288,South renlizhoshan Kingdom,East Riverine,8,Masonry,13
1728,unlock,58,Kingdom of Ventarnorum,Mediterranean Urban,85,Artificial Intelligence,14
1731,unlock,2,Kingdom of Old rakannagar,Indic Riverine,23,Engineering,12
1732,unlock,225,Kingdom of Old lenbelburg,Atlantic Fringe,76,Integrated Circuit,18
1735,unlock,35,Kingdom of Arureshan,Fertile Crescent,79,Internet,27
1739,unlock,33,Kingdom of Kalninkalar,Fertile Crescent,51,Steam Engine,15
1739,unlock,35,Kingdom of Arureshan,Fertile Crescent,85,Artificial Intelligence,28
1744,unlock,150,Kingdom of Great kalsamashad,Fertile Crescent,29,Machinery,17
1746,unlock,58,Kingdom of Ventarnorum,Mediterranean Urban,91,Quantum Computing,15
1746,unlock,183,Kingdom of South kusqori,Andean Highland,7,Wheel,18
1748,unlock,35,Kingdom of Arureshan,Fertile Crescent,76,Integrated Circuit,29
1750,unlock,47,Kingdom of South zenzenterland,Steppe Nomadic,116,Charcoal Firing,10
1759,unlock,162,Kingdom of North belnornorland,Atlantic Fringe,103,Bone and Antler Tools,21
1761,unlock,129,Kingdom of New selalland,Central Plain,79,Internet,23
1761,unlock,158,Kingdom of South marlinzenstan,Eastern Woodland,116,Charcoal Firing,11
1762,unlock,129,Kingdom of New selalland,Central Plain,85,Artificial Intelligence,24
1763,unlock,129,Kingdom of New selalland,Central Plain,52,Industrialization,25
1763,unlock,225,Kingdom of Old lenbelburg,Atlantic Fringe,9,Bronze Alloying,19
1769,unlock,162,Kingdom of North belnornorland,Atlantic Fringe,79,Internet,23
1769,unlock,162,Kingdom of North belnornorland,Atlantic Fringe,85,Artificial Intelligence,23
1770,unlock,129,Kingdom of New selalland,Central Plain,91,Quantum Computing,26
1770,unlock,162,Kingdom of North belnornorland,Atlantic Fringe,91,Quantum Computing,24
1771,unlock,58,Kingdom of Ventarnorum,Mediterranean Urban,79,Internet,16
1774,unlock,162,Kingdom of North belnornorland,Atlantic Fringe,69,Computers,25
1774,unlock,204,Kingdom of North ngochiu Kingdom,West Sahel,29,Machinery,25
1777,unlock,162,Kingdom of North belnornorland,Atlantic Fringe,76,Integrated Circuit,26
1779,unlock,139,Kingdom of North alvenburg,Mediterranean Highland,52,Industrialization,17
1782,unlock,182,Old tantankana Kingdom,Indic Riverine,8,Masonry,12
1784,unlock,81,Kingdom of South tuptupyu,Andean Highland,23,Engineering,17
1786,unlock,61,Kingdom of Old alalalburg,Central Plain,76,Integrated Circuit,17
1786,unlock,225,Kingdom of Old lenbelburg,Atlantic Fringe,69,Computers,20
1787,unlock,63,Kingdom of New romtaria,Atlantic Fringe,79,Internet,12
1788,unlock,130,Kingdom of North tarbelal,Mediterranean Highland,91,Quantum Computing,14
1788,unlock,146,Kingdom of North ninkalninar,Fertile Crescent,79,Internet,20
1788,unlock,196,Kingdom of South temteoxocco,Mesoamerican,103,Bone and Antler Tools,16
1790,unlock,81,Kingdom of South tuptupyu,Andean Highland,79,Internet,18
1790,unlock,130,Kingdom of North tarbelal,Mediterranean Highland,79,Internet,15
1791,unlock,80,Kingdom of South tuprumna,Andean Highland,9,Bronze Alloying,15
1791,unlock,123,Kingdom of Old draranagar,Indic Riverine,52,Industrialization,14
1792,unlock,62,Kingdom of Old nordorvenum,Atlantic Fringe,54,Electricity,33
1792,unlock,63,Kingdom of New romtaria,Atlantic Fringe,91,Quantum Computing,13
1795,unlock,146,Kingdom of North ninkalninar,Fertile Crescent,85,Artificial Intelligence,21
1795,unlock,182,Old tantankana Kingdom,Indic Riverine,103,Bone and Antler Tools,13
1796,unlock,36,Kingdom of New samtamad,Fertile Crescent,41,Chemistry,15
1796,unlock,146,Kingdom of North ninkalninar,Fertile Crescent,25,Metal Casting,22
1797,unlock,63,Kingdom of New romtaria,Atlantic Fringe,85,Artificial Intelligence,14
1797,unlock,105,Kingdom of Old belsamkalan,Fertile Crescent,23,Engineering,12
1798,unlock,130,Kingdom of North tarbelal,Mediterranean Highland,85,Artificial Intelligence,16
1801,unlock,228,Empire of New shadravarpur,Indic Riverine,60,Combustion,14
1802,unlock,81,Kingdom of South tuptupyu,Andean Highland,9,Bronze Alloying,19
1802,unlock,134,Kingdom of Tarventarum,Mediterranean Highland,79,Internet,12
1802,unlock,146,Kingdom of North ninkalninar,Fertile Crescent,91,Quantum Computing,23
1803,unlock,130,Kingdom of North tarbelal,Mediterranean Highland,69,Computers,17
1803,unlock,213,Empire of New lamofia,West Sahel,29,Machinery,22
1809,unlock,58,Kingdom of Ventarnorum,Mediterranean Urban,76,Integrated Circuit,17
1810,unlock,134,Kingdom of Tarventarum,Mediterranean Highland,85,Artificial Intelligence,13
1810,unlock,183,Kingdom of South kusqori,Andean Highland,110,Dog Domestication,19
1812,unlock,127,Kingdom of Alvenal,Mediterranean Urban,76,Integrated Circuit,17
1818,unlock,110,New mitsurshaa,Indic Riverine,46,Printing Press,44
1818,unlock,134,Kingdom of Tarventarum,Mediterranean Highland,91,Quantum Computing,14
1818,unlock,139,Kingdom of North alvenburg,Mediterranean Highland,91,Quantum Computing,18
1818,unlock,146,Kingdom of North ninkalninar,Fertile Crescent,69,Computers,24
1819,unlock,139,Kingdom of North alvenburg,Mediterranean Highland,85,Artificial Intelligence,19
1821,unlock,146,Kingdom of North ninkalninar,Fertile Crescent,60,Combustion,25
1823,unlock,56,Kingdom of Old dornorland,Mediterranean Highland,42,Metallurgy,30
1824,unlock,139,Kingdom of North alvenburg,Mediterranean Highland,79,Internet,20
1824,unlock,225,Kingdom of Old lenbelburg,Atlantic Fringe,23,Engineering,21
1825,unlock,146,Kingdom of North ninkalninar,Fertile Crescent,76,Integrated Circuit,26
1828,unlock,81,Kingdom of South tuptupyu,Andean Highland,85,Artificial Intelligence,20
1830,unlock,42,Empire of North markinstan,Monsoon Coastal,34,Banking,40
1830,unlock,129,Kingdom of New selalland,Central Plain,76,Integrated Circuit,27
1830,initial,289,Great tairenliling Kingdom,East Riverine,100,Cordage and Knots,11
1830,initial,289,Great tairenliling Kingdom,East Riverine,101,Hide Working and Tailored Clothing,11
1830,initial,289,Great tairenliling Kingdom,East Riverine,102,Hafted Stone Tools,11
1830,initial,289,Great tairenliling Kingdom,East Riverine,103,Bone and Antler Tools,11
1830,initial,289,Great tairenliling Kingdom,East Riverine,105,Food Preservation,11
1830,initial,289,Great tairenliling Kingdom,East Riverine,106,Storage Pits and Containers,11
1830,initial,289,Great tairenliling Kingdom,East Riverine,107,Seasonal Aggregation Camps,11
1830,initial,289,Great tairenliling Kingdom,East Riverine,110,Dog Domestication,11
1830,initial,289,Great tairenliling Kingdom,East Riverine,111,Grinding Stones,11
1830,initial,289,Great tairenliling Kingdom,East Riverine,116,Charcoal Firing,11
1830,initial,289,Great tairenliling Kingdom,East Riverine,3,Archery,11
1832,unlock,81,Kingdom of South tuptupyu,Andean Highland,69,Computers,21
1833,unlock,81,Kingdom of South tuptupyu,Andean Highland,91,Quantum Computing,22
1834,unlock,1,New nalmitsurnagar,Indic Riverine,103,Bone and Antler Tools,13
1834,unlock,228,Empire of New shadravarpur,Indic Riverine,51,Steam Engine,15
1835,unlock,81,Kingdom of South tuptupyu,Andean Highland,76,Integrated Circuit,23
1835,unlock,225,Kingdom of Old lenbelburg,Atlantic Fringe,91,Quantum Computing,22
1836,unlock,225,Kingdom of Old lenbelburg,Atlantic Fringe,79,Internet,23
1837,unlock,225,Kingdom of Old lenbelburg,Atlantic Fringe,85,Artificial Intelligence,24
1840,unlock,130,Kingdom of North tarbelal,Mediterranean Highland,76,Integrated Circuit,18
1844,unlock,234,Kingdom of Old altarvenland,Atlantic Fringe,60,Combustion,14
1844,unlock,275,South ngochitan Kingdom,West Sahel,38,Mechanical Clock,23
1845,unlock,76,Kingdom of Great kusqorimarca,Andean Highland,104,Fishing Technology,13
1846,unlock,234,Kingdom of Old altarvenland,Atlantic Fringe,69,Computers,15
1847,unlock,92,Kingdom of New nater,Western Plains,116,Charcoal Firing,11
1851,unlock,77,Kingdom of Great sumsumllaqmarca,Andean Highland,119,Native Copper Working,29
1855,unlock,20,Kingdom of South linwei,East Riverine,120,Copper Smelting,15
1855,unlock,36,Kingdom of New samtamad,Fertile Crescent,91,Quantum Computing,16
1855,unlock,129,Kingdom of New selalland,Central Plain,69,Computers,28
1855,unlock,162,Kingdom of South seldoria,Atlantic Fringe,25,Metal Casting,27
1858,unlock,165,Kingdom of New mitvara,Indic Riverine,29,Machinery,19
1858,unlock,246,Kingdom of North kanvarpur,Indic Riverine,60,Combustion,12
1866,unlock,145,New tamninsamad Tribe,Fertile Crescent,25,Metal Casting,26
1867,unlock,260,Old sumtup Kingdom,Andean Highland,8,Masonry,11
1868,unlock,145,New tamninsamad Tribe,Fertile Crescent,51,Steam Engine,27
1869,unlock,36,Kingdom of New samtamad,Fertile Crescent,85,Artificial Intelligence,17
1870,unlock,8,Kingdom of Old mitsurdesh,Indic Riverine,51,Steam Engine,12
1870,unlock,61,Kingdom of Old alalalburg,Central Plain,69,Computers,18
1872,unlock,36,Kingdom of New samtamad,Fertile Crescent,79,Internet,18
1872,unlock,110,New mitsurshaa,Indic Riverine,48,Physics,51
1879,unlock,225,Kingdom of Old lenbelburg,Atlantic Fringe,103,Bone and Antler Tools,25
1880,unlock,219,Old zuchilama Kingdom,Central Forest,103,Bone and Antler Tools,10
1881,unlock,145,New tamninsamad Tribe,Fertile Crescent,41,Chemistry,28
1884,unlock,72,Kingdom of North temchipan,Mesoamerican,108,Watercraft,13
1884,unlock,246,Kingdom of North kanvarpur,Indic Riverine,52,Industrialization,13
1886,unlock,81,Kingdom of South tuptupyu,Andean Highland,60,Combustion,24
1889,unlock,139,Kingdom of North alvenburg,Mediterranean Highland,76,Integrated Circuit,21
1890,unlock,183,Kingdom of South kusqori,Andean Highland,17,Roads,20
1894,unlock,117,Old vidranal Tribe,Indic Riverine,23,Engineering,15
1895,initial,290,New kanraradesh Kingdom,Indic Riverine,100,Cordage and Knots,25
1895,initial,290,New kanraradesh Kingdom,Indic Riverine,101,Hide Working and Tailored Clothing,25
1895,initial,290,New kanraradesh Kingdom,Indic Riverine,102,Hafted Stone Tools,25
1895,initial,290,New kanraradesh Kingdom,Indic Riverine,103,Bone and Antler Tools,25
1895,initial,290,New kanraradesh Kingdom,Indic Riverine,104,Fishing Technology,25
1895,initial,290,New kanraradesh Kingdom,Indic Riverine,105,Food Preservation,25
1895,initial,290,New kanraradesh Kingdom,Indic Riverine,106,Storage Pits and Containers,25
1895,initial,290,New kanraradesh Kingdom,Indic Riverine,107,Seasonal Aggregation Camps,25
1895,initial,290,New kanraradesh Kingdom,Indic Riverine,108,Watercraft,25
1895,initial,290,New kanraradesh Kingdom,Indic Riverine,109,Long-distance Exchange Networks,25
1895,initial,290,New kanraradesh Kingdom,Indic Riverine,110,Dog Domestication,25
1895,initial,290,New kanraradesh Kingdom,Indic Riverine,111,Grinding Stones,25
1895,initial,290,New kanraradesh Kingdom,Indic Riverine,112,Proto-cultivation,25
1895,initial,290,New kanraradesh Kingdom,Indic Riverine,113,Sedentism,25
1895,initial,290,New kanraradesh Kingdom,Indic Riverine,114,Enclosures and Herd Management,25
1895,initial,290,New kanraradesh Kingdom,Indic Riverine,115,Counting Tokens and Tallies,25
1895,initial,290,New kanraradesh Kingdom,Indic Riverine,116,Charcoal Firing,25
1895,initial,290,New kanraradesh Kingdom,Indic Riverine,20,Agriculture,25
1895,initial,290,New kanraradesh Kingdom,Indic Riverine,3,Archery,25
1895,initial,290,New kanraradesh Kingdom,Indic Riverine,5,Sailing,25
1895,initial,290,New kanraradesh Kingdom,Indic Riverine,6,Calendar,25
1895,initial,290,New kanraradesh Kingdom,Indic Riverine,7,Wheel,25
1895,initial,290,New kanraradesh Kingdom,Indic Riverine,10,Irrigation,25
1895,initial,290,New kanraradesh Kingdom,Indic Riverine,12,Shipbuilding,25
1895,initial,290,New kanraradesh Kingdom,Indic Riverine,17,Roads,25
1896,unlock,110,New mitsurshaa,Indic Riverine,45,Economics,52
1899,unlock,234,Kingdom of Old altarvenland,Atlantic Fringe,16,Construction,16
1900,unlock,241,Kingdom of New tansurtan,Indic Riverine,8,Masonry,12
1900,initial,291,Old qoritupkusna Kingdom,Andean Highland,100,Cordage and Knots,10
1900,initial,291,Old qoritupkusna Kingdom,Andean Highland,101,Hide Working and Tailored Clothing,10
1900,initial,291,Old qoritupkusna Kingdom,Andean Highland,102,Hafted Stone Tools,10
1900,initial,291,Old qoritupkusna Kingdom,Andean Highland,103,Bone and Antler Tools,10
1900,initial,291,Old qoritupkusna Kingdom,Andean Highland,105,Food Preservation,10
1900,initial,291,Old qoritupkusna Kingdom,Andean Highland,106,Storage Pits and Containers,10
1900,initial,291,Old qoritupkusna Kingdom,Andean Highland,107,Seasonal Aggregation Camps,10
1900,initial,291,Old qoritupkusna Kingdom,Andean Highland,111,Grinding Stones,10
1900,initial,291,Old qoritupkusna Kingdom,Andean Highland,116,Charcoal Firing,10
1900,initial,291,Old qoritupkusna Kingdom,Andean Highland,3,Archery,10
1901,unlock,33,Kingdom of Kalninkalar,Fertile Crescent,52,Industrialization,16
1905,unlock,129,Kingdom of New selalland,Central Plain,28,Steel,29
1907,unlock,139,Kingdom of North alvenburg,Mediterranean Highland,69,Computers,22
1909,unlock,4,Kingdom of South mitramita,Indic Riverine,120,Copper Smelting,17
1910,unlock,33,Kingdom of Kalninkalar,Fertile Crescent,60,Combustion,17
1910,unlock,142,Kingdom of North alkarburg,Mediterranean Highland,103,Bone and Antler Tools,11
1911,unlock,36,Kingdom of New samtamad,Fertile Crescent,60,Combustion,19
1912,unlock,35,Kingdom of Arureshan,Fertile Crescent,52,Industrialization,30
1919,unlock,31,North urninar Tribe,Fertile Crescent,38,Mechanical Clock,35
1919,unlock,148,Kingdom of New sumsuyukusna,Andean Highland,8,Masonry,15
1923,unlock,146,Kingdom of North ninkalninar,Fertile Crescent,52,Industrialization,27
1923,unlock,260,Old sumtup Kingdom,Andean Highland,110,Dog Domestication,12
1926,unlock,42,Empire of North markinstan,Monsoon Coastal,39,Universities,41
1930,unlock,150,Kingdom of Great kalsamashad,Fertile Crescent,52,Industrialization,18
1933,unlock,143,Kingdom of New xiarenzhou,East Riverine,13,Iron Working,18
1934,unlock,56,Kingdom of Old dornorland,Mediterranean Highland,120,Copper Smelting,30
1934,unlock,150,Kingdom of Great kalsamashad,Fertile Crescent,51,Steam Engine,19
1938,unlock,150,Kingdom of Great kalsamashad,Fertile Crescent,60,Combustion,20
1940,initial,292,North minweiling Kingdom,East Riverine,100,Cordage and Knots,10
1940,initial,292,North minweiling Kingdom,East Riverine,101,Hide Working and Tailored Clothing,10
1940,initial,292,North minweiling Kingdom,East Riverine,102,Hafted Stone Tools,10
1940,initial,292,North minweiling Kingdom,East Riverine,105,Food Preservation,10
1940,initial,292,North minweiling Kingdom,East Riverine,106,Storage Pits and Containers,10
1940,initial,292,North minweiling Kingdom,East Riverine,107,Seasonal Aggregation Camps,10
1940,initial,292,North minweiling Kingdom,East Riverine,110,Dog Domestication,10
1940,initial,292,North minweiling Kingdom,East Riverine,111,Grinding Stones,10
1940,initial,292,North minweiling Kingdom,East Riverine,116,Charcoal Firing,10
1940,initial,292,North minweiling Kingdom,East Riverine,3,Archery,10
1941,unlock,165,Kingdom of New mitvara,Indic Riverine,23,Engineering,20
1942,unlock,123,Kingdom of Old draranagar,Indic Riverine,51,Steam Engine,15
1942,unlock,176,Kingdom of New kinsolia,Western Plains,119,Native Copper Working,15
1946,unlock,234,Kingdom of Old altarvenland,Atlantic Fringe,79,Internet,17
1950,unlock,139,Kingdom of North alvenburg,Mediterranean Highland,16,Construction,23
1950,initial,293,North hanhanxia Kingdom,East Riverine,100,Cordage and Knots,10
1950,initial,293,North hanhanxia Kingdom,East Riverine,101,Hide Working and Tailored Clothing,10
1950,initial,293,North hanhanxia Kingdom,East Riverine,102,Hafted Stone Tools,10
1950,initial,293,North hanhanxia Kingdom,East Riverine,105,Food Preservation,10
1950,initial,293,North hanhanxia Kingdom,East Riverine,106,Storage Pits and Containers,10
1950,initial,293,North hanhanxia Kingdom,East Riverine,107,Seasonal Aggregation Camps,10
1950,initial,293,North hanhanxia Kingdom,East Riverine,110,Dog Domestication,10
1950,initial,293,North hanhanxia Kingdom,East Riverine,111,Grinding Stones,10
1950,initial,293,North hanhanxia Kingdom,East Riverine,116,Charcoal Firing,10
1950,initial,293,North hanhanxia Kingdom,East Riverine,3,Archery,10
1952,unlock,241,Kingdom of New tansurtan,Indic Riverine,60,Combustion,13
1955,unlock,264,Kingdom of South qoriqorimarca,Andean Highland,8,Masonry,11
1956,unlock,8,Kingdom of Old mitsurdesh,Indic Riverine,52,Industrialization,13
1958,unlock,29,Kingdom of Old ninarkalan,Fertile Crescent,103,Bone and Antler Tools,13
1958,unlock,222,Kingdom of North suyuqorikusyu,Andean Highland,113,Sedentism,12
1959,unlock,57,Kingdom of Great tarselburg,Mediterranean Highland,91,Quantum Computing,14
1960,unlock,169,Kingdom of North sharamitpur,Indic Riverine,42,Metallurgy,13
1961,unlock,45,Empire of South terqui,Steppe Nomadic,41,Chemistry,22
1966,unlock,148,Kingdom of New sumsuyukusna,Andean Highland,60,Combustion,16
1968,unlock,33,Kingdom of Kalninkalar,Fertile Crescent,54,Electricity,18
1973,unlock,89,Kingdom of Great terlinbel,Western Plains,116,Charcoal Firing,11
1974,unlock,234,Kingdom of Old altarvenland,Atlantic Fringe,85,Artificial Intelligence,18
1982,unlock,57,Kingdom of Great tarselburg,Mediterranean Highland,79,Internet,16
1982,unlock,57,Kingdom of Great tarselburg,Mediterranean Highland,85,Artificial Intelligence,16
1984,unlock,242,Kingdom of South varkandesh,Indic Riverine,8,Masonry,12
1987,unlock,30,Kingdom of Tameshuran,Fertile Crescent,85,Artificial Intelligence,19
1987,unlock,169,Kingdom of North sharamitpur,Indic Riverine,52,Industrialization,14
1989,unlock,30,Kingdom of Tameshuran,Fertile Crescent,79,Internet,20
1989,unlock,242,Kingdom of South varkandesh,Indic Riverine,119,Native Copper Working,13
1990,unlock,30,Kingdom of Tameshuran,Fertile Crescent,91,Quantum Computing,21
1991,unlock,148,Kingdom of New sumsuyukusna,Andean Highland,85,Artificial Intelligence,17
1992,unlock,62,Kingdom of Old nordorvenum,Atlantic Fringe,25,Metal Casting,34
1994,unlock,180,Kingdom of Old katankaene,North Saharan,103,Bone and Antler Tools,11
1995,unlock,148,Kingdom of New sumsuyukusna,Andean Highland,79,Internet,19
1995,unlock,148,Kingdom of New sumsuyukusna,Andean Highland,91,Quantum Computing,19
1995,unlock,150,Kingdom of Great kalsamashad,Fertile Crescent,91,Quantum Computing,21
1997,unlock,134,Kingdom of Tarventarum,Mediterranean Highland,76,Integrated Circuit,15
1999,unlock,223,Kingdom of North zenlorkin,Western Plains,110,Dog Domestication,9
2000,unlock,241,Kingdom of New tansurtan,Indic Riverine,103,Bone and Antler Tools,14
2001,unlock,31,North urninar Tribe,Fertile Crescent,41,Chemistry,36
2004,unlock,146,Kingdom of North ninkalninar,Fertile Crescent,51,Steam Engine,28
2004,unlock,166,Kingdom of New lamlamtanene,North Saharan,103,Bone and Antler Tools,11
2005,unlock,122,Kingdom of North linrenxiazhou,East Riverine,103,Bone and Antler Tools,14
2006,unlock,146,Kingdom of North ninkalninar,Fertile Crescent,41,Chemistry,29
2007,unlock,150,Kingdom of Great kalsamashad,Fertile Crescent,79,Internet,22
2008,unlock,148,Kingdom of New sumsuyukusna,Andean Highland,76,Integrated Circuit,20
2009,unlock,30,Kingdom of Tameshuran,Fertile Crescent,51,Steam Engine,22
2010,unlock,132,Kingdom of North garrangarland,Western Plains,110,Dog Domestication,11
2011,unlock,139,Kingdom of North alvenburg,Mediterranean Highland,63,Mass Production,24
2011,unlock,157,Kingdom of North alromburg,Atlantic Fringe,110,Dog Domestication,10
2011,unlock,234,Kingdom of Old altarvenland,Atlantic Fringe,91,Quantum Computing,19
2013,unlock,163,Empire of Old romsolland,Steppe Nomadic,116,Charcoal Firing,11
2014,unlock,217,North dravivar Kingdom,Indic Riverine,29,Machinery,27
2017,unlock,33,Kingdom of New urbarashar,Fertile Crescent,91,Quantum Computing,18
2017,unlock,234,Kingdom of Old altarvenland,Atlantic Fringe,120,Copper Smelting,20
2018,unlock,33,Kingdom of New urbarashar,Fertile Crescent,79,Internet,19
2018,unlock,195,Empire of Tansechiara,Central Forest,110,Dog Domestication,10
2019,unlock,16,Republic of Kingdom of Great qintaixiaguo,East Riverine,14,Formal Mathematics,33
2019,unlock,150,Kingdom of Great kalsamashad,Fertile Crescent,85,Artificial Intelligence,23
2022,unlock,8,Kingdom of Old mitsurdesh,Indic Riverine,60,Combustion,14
2022,unlock,222,Kingdom of North suyuqorikusyu,Andean Highland,104,Fishing Technology,13
2023,unlock,117,Old vidranal Tribe,Indic Riverine,29,Machinery,16
2024,unlock,33,Kingdom of New urbarashar,Fertile Crescent,63,Mass Production,20
