{
  "violations": [
    {
      "id": "STORAGE_SMOOTHING_CHEAT",
      "severity": 98.96145353777777,
      "hardfail": false,
      "details": {
        "adequacy_var": 2.5963661555555683e-05,
        "loss_share": 0.02703067380761416
      }
    }
  ]
}