{
  "violations": [
    {
      "id": "STORAGE_SMOOTHING_CHEAT",
      "severity": 98.72898787444444,
      "hardfail": false,
      "details": {
        "adequacy_var": 3.1775303138888774e-05,
        "loss_share": 0.03027731473188923
      }
    }
  ]
}