{
  "violations": [
    {
      "id": "STORAGE_SMOOTHING_CHEAT",
      "severity": 99.94311931,
      "hardfail": false,
      "details": {
        "adequacy_var": 1.4220172499999632e-06,
        "loss_share": 0.03106596586986832
      }
    }
  ]
}