{
  "violations": [
    {
      "id": "STORAGE_SMOOTHING_CHEAT",
      "severity": 99.17048444444444,
      "hardfail": false,
      "details": {
        "adequacy_var": 2.073788888888877e-05,
        "loss_share": 0.029164760001730194
      }
    }
  ]
}