{
  "n": 16,
  "agg": {
    "max_unlocked": {
      "mean": 33.25,
      "min": 26,
      "max": 42,
      "stdev": 5.606915373001451
    },
    "top1_max": {
      "mean": 0.060384,
      "min": 0.0389,
      "max": 0.089704,
      "stdev": 0.016556527617528984
    },
    "top1_final": {
      "mean": 0.040981875,
      "min": 0.017968,
      "max": 0.077938,
      "stdev": 0.016153821316003684
    },
    "wars_active_max": {
      "mean": 3.6875,
      "min": 2.0,
      "max": 5.0,
      "stdev": 0.9164298936634487
    },
    "major_wars_final": {
      "mean": 0.040030875,
      "min": 0.026317,
      "max": 0.056116,
      "stdev": 0.007895088527646477
    },
    "civil_conflict_max": {
      "mean": 11.0625,
      "min": 6.0,
      "max": 16.0,
      "stdev": 2.816663584810937
    },
    "civil_conflict_final": {
      "mean": 0.125,
      "min": 0.0,
      "max": 2.0,
      "stdev": 0.4841229182759271
    },
    "fragmentation_max": {
      "mean": 0.0,
      "min": 0.0,
      "max": 0.0,
      "stdev": 0.0
    },
    "fragmentation_final": {
      "mean": 0.0,
      "min": 0.0,
      "max": 0.0,
      "stdev": 0.0
    },
    "hab0_final": {
      "mean": 0.4501060625,
      "min": 0.393676,
      "max": 0.529937,
      "stdev": 0.029564724369738227
    },
    "habs_final": {
      "mean": 0.3294765625,
      "min": 0.270557,
      "max": 0.379072,
      "stdev": 0.023281597327526604
    },
    "founder_count_final": {
      "mean": 10.625,
      "min": 4.0,
      "max": 18.0,
      "stdev": 3.550968177835448
    },
    "founder_share_final": {
      "mean": 0.02985825,
      "min": 0.011173,
      "max": 0.049724,
      "stdev": 0.00970098293666678
    },
    "median_state_age_final": {
      "mean": 1549.6875,
      "min": 1160.0,
      "max": 2025.0,
      "stdev": 236.4927241877644
    },
    "p90_state_age_final": {
      "mean": 5335.21875,
      "min": 4271.5,
      "max": 6096.5,
      "stdev": 549.0338380040318
    }
  },
  "runs": [
    {
      "seed": 1,
      "max_unlocked": 42,
      "top1_max": 0.051902,
      "top1_final": 0.031597,
      "wars_active_max": 4.0,
      "major_wars_final": 0.04748,
      "civil_conflict_max": 12.0,
      "civil_conflict_final": 0.0,
      "fragmentation_max": 0.0,
      "fragmentation_final": 0.0,
      "hab0_final": 0.451752,
      "habs_final": 0.335093,
      "founder_count_final": 8.0,
      "founder_share_final": 0.021739,
      "median_state_age_final": 1880.0,
      "p90_state_age_final": 5835.0
    },
    {
      "seed": 2,
      "max_unlocked": 37,
      "top1_max": 0.061001,
      "top1_final": 0.042746,
      "wars_active_max": 4.0,
      "major_wars_final": 0.043815,
      "civil_conflict_max": 16.0,
      "civil_conflict_final": 0.0,
      "fragmentation_max": 0.0,
      "fragmentation_final": 0.0,
      "hab0_final": 0.446978,
      "habs_final": 0.342788,
      "founder_count_final": 10.0,
      "founder_share_final": 0.02849,
      "median_state_age_final": 1665.0,
      "p90_state_age_final": 4825.0
    },
    {
      "seed": 3,
      "max_unlocked": 31,
      "top1_max": 0.056719,
      "top1_final": 0.044391,
      "wars_active_max": 2.0,
      "major_wars_final": 0.034736,
      "civil_conflict_max": 9.0,
      "civil_conflict_final": 0.0,
      "fragmentation_max": 0.0,
      "fragmentation_final": 0.0,
      "hab0_final": 0.467423,
      "habs_final": 0.327511,
      "founder_count_final": 11.0,
      "founder_share_final": 0.03125,
      "median_state_age_final": 2025.0,
      "p90_state_age_final": 5808.0
    },
    {
      "seed": 4,
      "max_unlocked": 31,
      "top1_max": 0.089704,
      "top1_final": 0.046811,
      "wars_active_max": 4.0,
      "major_wars_final": 0.042982,
      "civil_conflict_max": 8.0,
      "civil_conflict_final": 0.0,
      "fragmentation_max": 0.0,
      "fragmentation_final": 0.0,
      "hab0_final": 0.442766,
      "habs_final": 0.323804,
      "founder_count_final": 12.0,
      "founder_share_final": 0.034188,
      "median_state_age_final": 1250.0,
      "p90_state_age_final": 4760.0
    },
    {
      "seed": 5,
      "max_unlocked": 37,
      "top1_max": 0.077629,
      "top1_final": 0.017968,
      "wars_active_max": 2.0,
      "major_wars_final": 0.047962,
      "civil_conflict_max": 11.0,
      "civil_conflict_final": 0.0,
      "fragmentation_max": 0.0,
      "fragmentation_final": 0.0,
      "hab0_final": 0.472815,
      "habs_final": 0.334588,
      "founder_count_final": 13.0,
      "founder_share_final": 0.036111,
      "median_state_age_final": 1745.0,
      "p90_state_age_final": 6096.5
    },
    {
      "seed": 6,
      "max_unlocked": 29,
      "top1_max": 0.043506,
      "top1_final": 0.029688,
      "wars_active_max": 4.0,
      "major_wars_final": 0.036954,
      "civil_conflict_max": 6.0,
      "civil_conflict_final": 0.0,
      "fragmentation_max": 0.0,
      "fragmentation_final": 0.0,
      "hab0_final": 0.410357,
      "habs_final": 0.324646,
      "founder_count_final": 15.0,
      "founder_share_final": 0.041667,
      "median_state_age_final": 1312.5,
      "p90_state_age_final": 4271.5
    },
    {
      "seed": 7,
      "max_unlocked": 26,
      "top1_max": 0.039,
      "top1_final": 0.03398,
      "wars_active_max": 5.0,
      "major_wars_final": 0.033577,
      "civil_conflict_max": 15.0,
      "civil_conflict_final": 0.0,
      "fragmentation_max": 0.0,
      "fragmentation_final": 0.0,
      "hab0_final": 0.431308,
      "habs_final": 0.288194,
      "founder_count_final": 6.0,
      "founder_share_final": 0.017699,
      "median_state_age_final": 1760.0,
      "p90_state_age_final": 5661.0
    },
    {
      "seed": 8,
      "max_unlocked": 28,
      "top1_max": 0.078967,
      "top1_final": 0.065457,
      "wars_active_max": 4.0,
      "major_wars_final": 0.041002,
      "civil_conflict_max": 8.0,
      "civil_conflict_final": 0.0,
      "fragmentation_max": 0.0,
      "fragmentation_final": 0.0,
      "hab0_final": 0.420299,
      "habs_final": 0.326949,
      "founder_count_final": 7.0,
      "founder_share_final": 0.019499,
      "median_state_age_final": 1160.0,
      "p90_state_age_final": 4449.0
    },
    {
      "seed": 9,
      "max_unlocked": 28,
      "top1_max": 0.048141,
      "top1_final": 0.036154,
      "wars_active_max": 4.0,
      "major_wars_final": 0.052425,
      "civil_conflict_max": 14.0,
      "civil_conflict_final": 0.0,
      "fragmentation_max": 0.0,
      "fragmentation_final": 0.0,
      "hab0_final": 0.529937,
      "habs_final": 0.379072,
      "founder_count_final": 11.0,
      "founder_share_final": 0.031339,
      "median_state_age_final": 1760.0,
      "p90_state_age_final": 6020.0
    },
    {
      "seed": 10,
      "max_unlocked": 37,
      "top1_max": 0.077019,
      "top1_final": 0.060706,
      "wars_active_max": 4.0,
      "major_wars_final": 0.026317,
      "civil_conflict_max": 10.0,
      "civil_conflict_final": 0.0,
      "fragmentation_max": 0.0,
      "fragmentation_final": 0.0,
      "hab0_final": 0.468659,
      "habs_final": 0.349023,
      "founder_count_final": 14.0,
      "founder_share_final": 0.039216,
      "median_state_age_final": 1390.0,
      "p90_state_age_final": 5607.0
    },
    {
      "seed": 11,
      "max_unlocked": 28,
      "top1_max": 0.061848,
      "top1_final": 0.043492,
      "wars_active_max": 2.0,
      "major_wars_final": 0.034418,
      "civil_conflict_max": 11.0,
      "civil_conflict_final": 2.0,
      "fragmentation_max": 0.0,
      "fragmentation_final": 0.0,
      "hab0_final": 0.393676,
      "habs_final": 0.270557,
      "founder_count_final": 9.0,
      "founder_share_final": 0.027356,
      "median_state_age_final": 1305.0,
      "p90_state_age_final": 4987.0
    },
    {
      "seed": 12,
      "max_unlocked": 41,
      "top1_max": 0.05775,
      "top1_final": 0.045226,
      "wars_active_max": 4.0,
      "major_wars_final": 0.040133,
      "civil_conflict_max": 12.0,
      "civil_conflict_final": 0.0,