{
  "violations": [
    {
      "id": "STORAGE_SMOOTHING_CHEAT",
      "severity": 99.80279501777777,
      "hardfail": false,
      "details": {
        "adequacy_var": 4.9301245555556035e-06,
        "loss_share": 0.017066111934169542
      }
    }
  ]
}