{
  "violations": [
    {
      "id": "STORAGE_SMOOTHING_CHEAT",
      "severity": 99.08298158111111,
      "hardfail": false,
      "details": {
        "adequacy_var": 2.2925460472222406e-05,
        "loss_share": 0.00800980432762156
      }
    }
  ]
}