{
  "iteration": 4,
  "subsystem_group": "economy",
  "selected_lane": "explore",
  "lane_scout": [
    {
      "lane": "exploit",
      "group": "food",
      "path": "food.baseForaging",
      "old": 19.5,
      "new": 21.0,
      "scout_objective": 85.68248910445716,
      "scout_delta_vs_incumbent": -0.6370162618563882,
      "scout_paired": {
        "n": 2,
        "mean_diff": -0.6370162618563882,
        "std_diff": 0.1804053786440818,
        "stderr": 0.12756586660175698,
        "z": 1.96,
        "lcb": -0.8870453603958318,
        "ucb": -0.3869871633169445
      }
    },
    {
      "lane": "explore",
      "group": "economy",
      "path": "economy.tradeIntensityMemory",
      "old": 0.72,
      "new": 0.69,
      "scout_objective": 85.74934127142657,
      "scout_delta_vs_incumbent": -0.5701640948869766,
      "scout_paired": {
        "n": 2,
        "mean_diff": -0.5701640948869837,
        "std_diff": 0.27500408119036734,
        "stderr": 0.1944572506636846,
        "z": 1.96,
        "lcb": -0.9513003061878056,
        "ucb": -0.1890278835861619
      }
    }
  ],
  "parameter_edits": [
    {
      "path": "economy.tradeIntensityMemory",
      "old": 0.72,
      "new": 0.69,
      "recommended_step": 0.03,
      "direction": -1
    }
  ],
  "top_violations_before": [],
  "top_violations_after": [],
  "top_violations_after_long": null,
  "objective_tuning": 85.74934127142657,
  "objective_tuning_inner": 85.74934127142657,
  "objective_tuning_medium": null,
  "objective_tuning_long": null,
  "score_delta": -0.5701640948869766,
  "score_delta_inner": -0.5701640948869766,
  "score_delta_medium": null,
  "racing": {
    "enabled": true,
    "stages": [
      {
        "stage_seed_count": 2,
        "candidate_objective": 85.74934127142657,
        "incumbent_objective": 86.31950536631355,
        "objective_delta": -0.5701640948869766,
        "paired": {
          "n": 2,
          "mean_diff": -0.5701640948869837,
          "std_diff": 0.27500408119036734,
          "stderr": 0.1944572506636846,
          "z": 1.96,
          "lcb": -0.9513003061878056,
          "ucb": -0.1890278835861619
        }
      }
    ],
    "early_reject": true,
    "early_reject_reason": "OBJECTIVE_MARGIN"
  },
  "paired_stats": {
    "inner": {
      "n": 2,
      "mean_diff": -0.5701640948869837,
      "std_diff": 0.27500408119036734,
      "stderr": 0.1944572506636846,
      "z": 1.96,
      "lcb": -0.9513003061878056,
      "ucb": -0.1890278835861619
    },
    "long": {
      "n": 0,
      "lcb": 0.0,
      "ucb": 0.0
    },
    "holdout": {
      "n": 0,
      "lcb": 0.0,
      "ucb": 0.0
    }
  },
  "gates": {
    "metric_availability": true,
    "canary_pass": false,
    "backend_parity_pass": false,
    "medium_required": false,
    "medium_pass": true,
    "long_ran": false,
    "holdout_pass": false,
    "tuning_hardfails": [],
    "medium_hardfails": [],
    "medium_holdout_hardfails": [],
    "long_hardfails": [],
    "holdout_hardfails": []
  },
  "holdout_objective": null,
  "accepted": false,
  "best_so_far": {
    "objective": 87.36521186671388,
    "holdout_objective": 87.14443218568486,
    "config_path": "/mnt/c/WS/WorldSimulation10028/out/fine_tuning_push90_a1/best_sim_config.toml",
    "config_hash16": "62be78b2205646c3"
  },
  "canary_detail": [],
  "parity_detail": [],
  "curriculum": {
    "enabled": true,
    "inner_end_year": -1000,
    "medium_end_year": 1,
    "long_end_year": 2025
  }
}