{
  "violations": [
    {
      "id": "STORAGE_SMOOTHING_CHEAT",
      "severity": 97.29174733777778,
      "hardfail": false,
      "details": {
        "adequacy_var": 6.770631655555562e-05,
        "loss_share": 0.016052815951113495
      }
    }
  ]
}