year,live_countries,stable_countries,low_stability_countries,low_legitimacy_countries,low_both_countries,critical_countries,pop_total,pop_low_stability,pop_low_legitimacy,pop_low_both,pop_critical,pop_low_stability_share,pop_low_legitimacy_share,pop_low_both_share,pop_critical_share,stability_mean,stability_p10,legitimacy_mean,legitimacy_p10,worst_stability_ids,worst_legitimacy_ids
-5000,98,59,0,0,0,0,15200905.000000,0.000000,0.000000,0.000000,0.000000,0.000000,0.000000,0.000000,0.000000,0.998222,0.997300,0.612655,0.561920,0:0.989;60:0.989;40:0.989;80:0.989;20:0.989,15:0.548;92:0.549;25:0.550;53:0.553;12:0.554
-4990,98,87,0,1,0,0,16391223.000000,0.000000,84616.000000,0.000000,0.000000,0.000000,0.005162,0.000000,0.000000,0.994740,0.994360,0.651464,0.593420,46:0.900;98:0.910;64:0.917;76:0.929;8:0.944,64:0.391;46:0.411;98:0.414;7:0.492;8:0.516
-4980,98,82,0,6,0,1,17257179.000000,0.000000,707087.000000,0.000000,60573.000000,0.000000,0.040973,0.000000,0.003510,0.982486,0.954750,0.674298,0.472890,46:0.761;76:0.766;8:0.772;64:0.795;98:0.816,64:0.196;46:0.217;98:0.237;76:0.257;8:0.268
-4970,100,76,3,12,3,7,18039816.000000,214264.000000,875531.000000,214264.000000,574626.000000,0.011877,0.048533,0.011877,0.031853,0.944101,0.835410,0.684180,0.300720,8:0.316;76:0.367;102:0.381;100:0.405;46:0.413,76:0.004;64:0.007;8:0.025;7:0.109;79:0.177
-4960,101,73,9,17,9,11,18607931.000000,489569.000000,1240198.000000,489569.000000,600204.000000,0.026310,0.066649,0.026310,0.032255,0.907901,0.464300,0.669612,0.180000,76:0.078;8:0.082;64:0.220;46:0.235;7:0.310,76:0.004;8:0.008;46:0.010;7:0.010;79:0.011
-4950,101,66,12,24,12,15,19062296.000000,557620.000000,2279218.000000,557620.000000,1002140.000000,0.029253,0.119567,0.029253,0.052572,0.877151,0.394400,0.651811,0.022300,76:0.004;8:0.004;7:0.098;64:0.104;46:0.116,76:0.004;8:0.005;46:0.007;79:0.008;98:0.008
