{
  "iteration": 7,
  "subsystem_group": "migration",
  "selected_lane": "explore",
  "lane_scout": [
    {
      "lane": "exploit",
      "group": "food",
      "path": "food.baseForaging",
      "old": 19.5,
      "new": 18.0,
      "scout_objective": 83.72750207359134,
      "scout_delta_vs_incumbent": -2.592003292722211,
      "scout_paired": {
        "n": 2,
        "mean_diff": -2.592003292722211,
        "std_diff": 1.4183570572504323,
        "stderr": 1.0029298933255768,
        "z": 1.96,
        "lcb": -4.557745883640342,
        "ucb": -0.6262607018040804
      }
    },
    {
      "lane": "explore",
      "group": "migration",
      "path": "migration.warShockMultiplier",
      "old": 1.5,
      "new": 1.45,
      "scout_objective": 86.31944425121314,
      "scout_delta_vs_incumbent": -6.11151004079602e-05,
      "scout_paired": {
        "n": 2,
        "mean_diff": -6.11151004079602e-05,
        "std_diff": 6.11151004079602e-05,
        "stderr": 4.321490193136539e-05,
        "z": 1.96,
        "lcb": -0.00014581630819343638,
        "ucb": 2.3586107377515964e-05
      }
    }
  ],
  "parameter_edits": [
    {
      "path": "migration.warShockMultiplier",
      "old": 1.5,
      "new": 1.45,
      "recommended_step": 0.05,
      "direction": -1
    }
  ],
  "top_violations_before": [],
  "top_violations_after": [],
  "top_violations_after_long": null,
  "objective_tuning": 86.39923642247805,
  "objective_tuning_inner": 86.39923642247805,
  "objective_tuning_medium": null,
  "objective_tuning_long": null,
  "score_delta": 0.0,
  "score_delta_inner": 0.0,
  "score_delta_medium": null,
  "racing": {
    "enabled": true,
    "stages": [
      {
        "stage_seed_count": 2,
        "candidate_objective": 86.31944425121314,
        "incumbent_objective": 86.31950536631355,
        "objective_delta": -6.11151004079602e-05,
        "paired": {
          "n": 2,
          "mean_diff": -6.11151004079602e-05,
          "std_diff": 6.11151004079602e-05,
          "stderr": 4.321490193136539e-05,
          "z": 1.96,
          "lcb": -0.00014581630819343638,
          "ucb": 2.3586107377515964e-05
        }
      },
      {
        "stage_seed_count": 4,
        "candidate_objective": 86.39923642247805,
        "incumbent_objective": 86.39923642247805,
        "objective_delta": 0.0,
        "paired": {
          "n": 4,
          "mean_diff": -3.05575502039801e-05,
          "std_diff": 5.2927229508130243e-05,
          "stderr": 2.6463614754065122e-05,
          "z": 1.96,
          "lcb": -8.242623512194774e-05,
          "ucb": 2.1311134713987537e-05
        }
      }
    ],
    "early_reject": false,
    "early_reject_reason": ""
  },
  "paired_stats": {
    "inner": {
      "n": 4,
      "mean_diff": -3.05575502039801e-05,
      "std_diff": 5.2927229508130243e-05,
      "stderr": 2.6463614754065122e-05,
      "z": 1.96,
      "lcb": -8.242623512194774e-05,
      "ucb": 2.1311134713987537e-05
    },
    "long": {
      "n": 0,
      "lcb": 0.0,
      "ucb": 0.0
    },
    "holdout": {
      "n": 0,
      "lcb": 0.0,
      "ucb": 0.0
    }
  },
  "gates": {
    "metric_availability": true,
    "canary_pass": false,
    "backend_parity_pass": false,
    "medium_required": false,
    "medium_pass": true,
    "long_ran": false,
    "holdout_pass": false,
    "tuning_hardfails": [],
    "medium_hardfails": [],
    "medium_holdout_hardfails": [],
    "long_hardfails": [],
    "holdout_hardfails": []
  },
  "holdout_objective": null,
  "accepted": false,
  "best_so_far": {
    "objective": 87.36521186671388,
    "holdout_objective": 87.14443218568486,
    "config_path": "/mnt/c/WS/WorldSimulation10028/out/fine_tuning_push90_a1/best_sim_config.toml",
    "config_hash16": "62be78b2205646c3"
  },
  "canary_detail": [],
  "parity_detail": [],
  "curriculum": {
    "enabled": true,
    "inner_end_year": -1000,
    "medium_end_year": 1,
    "long_end_year": 2025
  }
}