{
  "violations": [
    {
      "id": "STORAGE_SMOOTHING_CHEAT",
      "severity": 99.89062495,
      "hardfail": false,
      "details": {
        "adequacy_var": 2.734376250000016e-06,
        "loss_share": 0.029657184402119507
      }
    }
  ]
}