{
  "n": 16,
  "agg": {
    "max_unlocked": {
      "mean": 34.625,
      "min": 28.0,
      "max": 45.0,
      "stdev": 5.861687043846677
    },
    "top1_max": {
      "mean": 0.059285625,
      "min": 0.041947,
      "max": 0.08829,
      "stdev": 0.01405300943248011
    },
    "top1_final": {
      "mean": 0.040718625,
      "min": 0.0196,
      "max": 0.074827,
      "stdev": 0.014643519760780705
    },
    "wars_active_max": {
      "mean": 4.375,
      "min": 2.0,
      "max": 8.0,
      "stdev": 1.2183492931011204
    },
    "major_wars_final": {
      "mean": 0.03853,
      "min": 0.025665,
      "max": 0.055526,
      "stdev": 0.00828785690030903
    },
    "civil_conflict_max": {
      "mean": 11.375,
      "min": 7.0,
      "max": 19.0,
      "stdev": 3.370367190678191
    },
    "civil_conflict_final": {
      "mean": 0.25,
      "min": 0.0,
      "max": 2.0,
      "stdev": 0.6614378277661477
    },
    "fragmentation_max": {
      "mean": 0.0,
      "min": 0.0,
      "max": 0.0,
      "stdev": 0.0
    },
    "fragmentation_final": {
      "mean": 0.0,
      "min": 0.0,
      "max": 0.0,
      "stdev": 0.0
    },
    "hab0_final": {
      "mean": 0.4555506875,
      "min": 0.400303,
      "max": 0.522242,
      "stdev": 0.028418051456597853
    },
    "habs_final": {
      "mean": 0.3336118125,
      "min": 0.286846,
      "max": 0.375028,
      "stdev": 0.02116320990899877
    },
    "founder_count_final": {
      "mean": 10.25,
      "min": 4.0,
      "max": 15.0,
      "stdev": 3.3260336739125176
    },
    "founder_share_final": {
      "mean": 0.0285363125,
      "min": 0.011299,
      "max": 0.04386,
      "stdev": 0.009273909125328097
    },
    "median_state_age_final": {
      "mean": 1570.78125,
      "min": 1210.0,
      "max": 2120.0,
      "stdev": 262.09599677110197
    },
    "p90_state_age_final": {
      "mean": 5411.09375,
      "min": 4548.0,
      "max": 6293.0,
      "stdev": 620.1161236703473
    },
    "election_count_max": {
      "mean": 61.0,
      "min": 19.0,
      "max": 116.0,
      "stdev": 24.934915279583365
    },
    "election_count_final": {
      "mean": 28.125,
      "min": 6.0,
      "max": 48.0,
      "stdev": 11.69334746768435
    },
    "tech_cap_final": {
      "mean": 1.0,
      "min": 1.0,
      "max": 1.0,
      "stdev": 0.0
    },
    "tech_cap_p90_final": {
      "mean": 1.0,
      "min": 1.0,
      "max": 1.0,
      "stdev": 0.0
    }
  },
  "runs": [
    {
      "seed": 1,
      "max_unlocked": 43,
      "top1_max": 0.041947,
      "top1_final": 0.026535,
      "wars_active_max": 4.0,
      "major_wars_final": 0.043164,
      "civil_conflict_max": 12.0,
      "civil_conflict_final": 0.0,
      "fragmentation_max": 0.0,
      "fragmentation_final": 0.0,
      "hab0_final": 0.457594,
      "habs_final": 0.331555,
      "founder_count_final": 13.0,
      "founder_share_final": 0.036212,
      "median_state_age_final": 1735.0,
      "p90_state_age_final": 6293.0,
      "election_count_max": 55.0,
      "election_count_final": 24.0,
      "tech_cap_final": 1.0,
      "tech_cap_p90_final": 1.0
    },
    {
      "seed": 2,
      "max_unlocked": 43,
      "top1_max": 0.061708,
      "top1_final": 0.043818,
      "wars_active_max": 4.0,
      "major_wars_final": 0.047617,
      "civil_conflict_max": 15.0,
      "civil_conflict_final": 0.0,
      "fragmentation_max": 0.0,
      "fragmentation_final": 0.0,
      "hab0_final": 0.456807,
      "habs_final": 0.349304,
      "founder_count_final": 13.0,
      "founder_share_final": 0.035813,
      "median_state_age_final": 1845.0,
      "p90_state_age_final": 6050.0,
      "election_count_max": 20.0,
      "election_count_final": 12.0,
      "tech_cap_final": 1.0,
      "tech_cap_p90_final": 1.0
    },
    {
      "seed": 3,
      "max_unlocked": 30,
      "top1_max": 0.08829,
      "top1_final": 0.049877,
      "wars_active_max": 4.0,
      "major_wars_final": 0.027609,
      "civil_conflict_max": 10.0,
      "civil_conflict_final": 2.0,
      "fragmentation_max": 0.0,
      "fragmentation_final": 0.0,
      "hab0_final": 0.464334,
      "habs_final": 0.327286,
      "founder_count_final": 11.0,
      "founder_share_final": 0.030471,
      "median_state_age_final": 2120.0,
      "p90_state_age_final": 5615.0,
      "election_count_max": 19.0,
      "election_count_final": 6.0,
      "tech_cap_final": 1.0,
      "tech_cap_p90_final": 1.0
    },
    {
      "seed": 4,
      "max_unlocked": 28,
      "top1_max": 0.043656,
      "top1_final": 0.0196,
      "wars_active_max": 4.0,
      "major_wars_final": 0.028394,
      "civil_conflict_max": 9.0,
      "civil_conflict_final": 0.0,
      "fragmentation_max": 0.0,
      "fragmentation_final": 0.0,
      "hab0_final": 0.471018,
      "habs_final": 0.353348,
      "founder_count_final": 8.0,
      "founder_share_final": 0.021858,
      "median_state_age_final": 1540.0,
      "p90_state_age_final": 4615.0,
      "election_count_max": 74.0,
      "election_count_final": 39.0,
      "tech_cap_final": 1.0,
      "tech_cap_p90_final": 1.0
    },
    {
      "seed": 5,
      "max_unlocked": 39,
      "top1_max": 0.056762,
      "top1_final": 0.043579,
      "wars_active_max": 4.0,
      "major_wars_final": 0.04118,
      "civil_conflict_max": 11.0,
      "civil_conflict_final": 0.0,
      "fragmentation_max": 0.0,
      "fragmentation_final": 0.0,
      "hab0_final": 0.489216,
      "habs_final": 0.350932,
      "founder_count_final": 10.0,
      "founder_share_final": 0.027397,
      "median_state_age_final": 1900.0,
      "p90_state_age_final": 6096.0,
      "election_count_max": 47.0,
      "election_count_final": 20.0,
      "tech_cap_final": 1.0,
      "tech_cap_p90_final": 1.0
    },
    {
      "seed": 6,
      "max_unlocked": 35,
      "top1_max": 0.065144,
      "top1_final": 0.045283,
      "wars_active_max": 4.0,
      "major_wars_final": 0.037581,
      "civil_conflict_max": 7.0,
      "civil_conflict_final": 0.0,
      "fragmentation_max": 0.0,
      "fragmentation_final": 0.0,
      "hab0_final": 0.401988,
      "habs_final": 0.3133,
      "founder_count_final": 11.0,
      "founder_share_final": 0.030812,
      "median_state_age_final": 1210.0,
      "p90_state_age_final": 4548.0,
      "election_count_max": 64.0,
      "election_count_final": 26.0,
      "tech_cap_final": 1.0,
      "tech_cap_p90_final": 1.0
    },
    {
      "seed": 7,
      "max_unlocked": 37,
      "top1_max": 0.054531,
      "top1_final": 0.035245,
      "wars_active_max": 5.0,
      "major_wars_final": 0.028854,
      "civil_conflict_max": 17.0,
      "civil_conflict_final": 0.0,
      "fragmentation_max": 0.0,
      "fragmentation_final": 0.0,
      "hab0_final": 0.436363,
      "habs_final": 0.298135,
      "founder_count_final": 4.0,
      "founder_share_final": 0.011299,
      "median_state_age_final": 1262.5,
      "p90_state_age_final": 5006.0,
      "election_count_max": 38.0,
      "election_count_final": 17.0,
      "tech_cap_final": 1.0,
      "tech_cap_p90_final": 1.0
    },
    {
      "seed": 8,
      "max_unlocked": 28,
      "top1_max": 0.055251,
      "top1_final": 0.043394,
      "wars_active_max": 4.0,
      "major_wars_final": 0.038585,
      "civil_conflict_max": 9.0,
      "civil_conflict_final": 0.0,
      "fragmentation_max": 0.0,
      "fragmentation_final": 0.0,
      "hab0_final": 0.433554,
      "habs_final": 0.32195,
      "founder_count_final": 6.0,
      "founder_share_final": 0.016901,
      "median_state_age_final": 1260.0,
      "p90_state_age_final": 4578.0,
      "election_count_max": 116.0,
      "election_count_final": 48.0,
      "tech_cap_final": 1.0,
      "tech_cap_p90_final": 1.0
    },
    {
      "seed": 9,
      "max_unlocked": 28,
      "top1_max": 0.04457,
      "top1_final": 0.026437,
      "wars_active_max": 4.0,
      "major_wars_final": 0.048849,
      "civil_conflict_max": 12.0,
      "civil_conflict_final": 0.0,
      "fragmentation_max": 0.0,