{
  "iteration": 6,
  "subsystem_group": "disease",
  "selected_lane": "explore",
  "lane_scout": [
    {
      "lane": "exploit",
      "group": "food",
      "path": "food.baseForaging",
      "old": 19.5,
      "new": 21.0,
      "scout_objective": 85.42987738815991,
      "scout_delta_vs_incumbent": -1.0393527729954286,
      "scout_paired": {
        "n": 2,
        "mean_diff": -1.0393527729954286,
        "std_diff": 0.10424621130299272,
        "stderr": 0.07371320292535187,
        "z": 1.96,
        "lcb": -1.1838306507291183,
        "ucb": -0.8948748952617389
      }
    },
    {
      "lane": "explore",
      "group": "disease",
      "path": "disease.endemicBase",
      "old": 0.002,
      "new": 0.0018,
      "scout_objective": 86.38696190246739,
      "scout_delta_vs_incumbent": -0.08226825868794663,
      "scout_paired": {
        "n": 2,
        "mean_diff": -0.08226825868795373,
        "std_diff": 0.09853071191540863,
        "stderr": 0.0696717345505236,
        "z": 1.96,
        "lcb": -0.21882485840698,
        "ucb": 0.05428834103107252
      }
    }
  ],
  "parameter_edits": [
    {
      "path": "disease.endemicBase",
      "old": 0.002,
      "new": 0.0018,
      "recommended_step": 0.0002,
      "direction": -1
    }
  ],
  "top_violations_before": [],
  "top_violations_after": [],
  "top_violations_after_long": null,
  "objective_tuning": 85.57318315318443,
  "objective_tuning_inner": 85.57318315318443,
  "objective_tuning_medium": null,
  "objective_tuning_long": null,
  "score_delta": -1.2619394549890615,
  "score_delta_inner": -1.2619394549890615,
  "score_delta_medium": null,
  "racing": {
    "enabled": true,
    "stages": [
      {
        "stage_seed_count": 2,
        "candidate_objective": 86.38696190246739,
        "incumbent_objective": 86.46923016115534,
        "objective_delta": -0.08226825868794663,
        "paired": {
          "n": 2,
          "mean_diff": -0.08226825868795373,
          "std_diff": 0.09853071191540863,
          "stderr": 0.0696717345505236,
          "z": 1.96,
          "lcb": -0.21882485840698,
          "ucb": 0.05428834103107252
        }
      },
      {
        "stage_seed_count": 4,
        "candidate_objective": 85.57318315318443,
        "incumbent_objective": 86.83512260817349,
        "objective_delta": -1.2619394549890615,
        "paired": {
          "n": 4,
          "mean_diff": -0.6721038568385005,
          "std_diff": 0.7259072751587181,
          "stderr": 0.36295363757935906,
          "z": 1.96,
          "lcb": -1.3834929864940442,
          "ucb": 0.03928527281704319
        }
      }
    ],
    "early_reject": false,
    "early_reject_reason": ""
  },
  "paired_stats": {
    "inner": {
      "n": 4,
      "mean_diff": -0.6721038568385005,
      "std_diff": 0.7259072751587181,
      "stderr": 0.36295363757935906,
      "z": 1.96,
      "lcb": -1.3834929864940442,
      "ucb": 0.03928527281704319
    },
    "long": {
      "n": 0,
      "lcb": 0.0,
      "ucb": 0.0
    },
    "holdout": {
      "n": 0,
      "lcb": 0.0,
      "ucb": 0.0
    }
  },
  "gates": {
    "metric_availability": true,
    "canary_pass": false,
    "backend_parity_pass": false,
    "medium_required": true,
    "medium_pass": true,
    "long_ran": false,
    "holdout_pass": false,
    "tuning_hardfails": [],
    "medium_hardfails": [],
    "medium_holdout_hardfails": [],
    "long_hardfails": [],
    "holdout_hardfails": []
  },
  "holdout_objective": null,
  "accepted": false,
  "best_so_far": {
    "objective": 88.21915773715077,
    "holdout_objective": 88.6152345856278,
    "config_path": "/mnt/c/WS/WorldSimulation10028/out/fine_tuning_struct_step11/best_sim_config.toml",
    "config_hash16": "62be78b2205646c3"
  },
  "canary_detail": [],
  "parity_detail": [],
  "curriculum": {
    "enabled": true,
    "inner_end_year": -1000,
    "medium_end_year": 1,
    "long_end_year": 2025
  }
}