{
  "iteration": 2,
  "subsystem_group": "economy",
  "selected_lane": "explore",
  "lane_scout": [
    {
      "lane": "exploit",
      "group": "food",
      "path": "food.baseForaging",
      "old": 19.5,
      "new": 21.0,
      "scout_objective": 85.68248910445716,
      "scout_delta_vs_incumbent": -0.6370162618563882,
      "scout_paired": {
        "n": 2,
        "mean_diff": -0.6370162618563882,
        "std_diff": 0.1804053786440818,
        "stderr": 0.12756586660175698,
        "z": 1.96,
        "lcb": -0.8870453603958318,
        "ucb": -0.3869871633169445
      }
    },
    {
      "lane": "explore",
      "group": "economy",
      "path": "economy.tradeIntensityScale",
      "old": 18,
      "new": 18.75,
      "scout_objective": 85.72909686565907,
      "scout_delta_vs_incumbent": -0.5904085006544761,
      "scout_paired": {
        "n": 2,
        "mean_diff": -0.590408500654469,
        "std_diff": 0.545012882136767,
        "stderr": 0.3853823047929325,
        "z": 1.96,
        "lcb": -1.3457578180486167,
        "ucb": 0.16494081673967864
      }
    }
  ],
  "parameter_edits": [
    {
      "path": "economy.tradeIntensityScale",
      "old": 18,
      "new": 18.75,
      "recommended_step": 0.75,
      "direction": 1
    }
  ],
  "top_violations_before": [],
  "top_violations_after": [],
  "top_violations_after_long": null,
  "objective_tuning": 85.72909686565907,
  "objective_tuning_inner": 85.72909686565907,
  "objective_tuning_medium": null,
  "objective_tuning_long": null,
  "score_delta": -0.5904085006544761,
  "score_delta_inner": -0.5904085006544761,
  "score_delta_medium": null,
  "racing": {
    "enabled": true,
    "stages": [
      {
        "stage_seed_count": 2,
        "candidate_objective": 85.72909686565907,
        "incumbent_objective": 86.31950536631355,
        "objective_delta": -0.5904085006544761,
        "paired": {
          "n": 2,
          "mean_diff": -0.590408500654469,
          "std_diff": 0.545012882136767,
          "stderr": 0.3853823047929325,
          "z": 1.96,
          "lcb": -1.3457578180486167,
          "ucb": 0.16494081673967864
        }
      }
    ],
    "early_reject": true,
    "early_reject_reason": "OBJECTIVE_MARGIN"
  },
  "paired_stats": {
    "inner": {
      "n": 2,
      "mean_diff": -0.590408500654469,
      "std_diff": 0.545012882136767,
      "stderr": 0.3853823047929325,
      "z": 1.96,
      "lcb": -1.3457578180486167,
      "ucb": 0.16494081673967864
    },
    "long": {
      "n": 0,
      "lcb": 0.0,
      "ucb": 0.0
    },
    "holdout": {
      "n": 0,
      "lcb": 0.0,
      "ucb": 0.0
    }
  },
  "gates": {
    "metric_availability": true,
    "canary_pass": false,
    "backend_parity_pass": false,
    "medium_required": false,
    "medium_pass": true,
    "long_ran": false,
    "holdout_pass": false,
    "tuning_hardfails": [],
    "medium_hardfails": [],
    "medium_holdout_hardfails": [],
    "long_hardfails": [],
    "holdout_hardfails": []
  },
  "holdout_objective": null,
  "accepted": false,
  "best_so_far": {
    "objective": 87.36521186671388,
    "holdout_objective": 87.14443218568486,
    "config_path": "/mnt/c/WS/WorldSimulation10028/out/fine_tuning_push90_a1/best_sim_config.toml",
    "config_hash16": "62be78b2205646c3"
  },
  "canary_detail": [],
  "parity_detail": [],
  "curriculum": {
    "enabled": true,
    "inner_end_year": -1000,
    "medium_end_year": 1,
    "long_end_year": 2025
  }
}