year,event_type,country_index,country_name,country_culture,tech_id,tech_name,total_unlocked_techs
-5000,initial,0,South vinalmitdesh Tribe,Indic Riverine,100,Cordage and Knots,19
-5000,initial,0,South vinalmitdesh Tribe,Indic Riverine,101,Hide Working and Tailored Clothing,19
-5000,initial,0,South vinalmitdesh Tribe,Indic Riverine,102,Hafted Stone Tools,19
-5000,initial,0,South vinalmitdesh Tribe,Indic Riverine,105,Food Preservation,19
-5000,initial,0,South vinalmitdesh Tribe,Indic Riverine,106,Storage Pits and Containers,19
-5000,initial,0,South vinalmitdesh Tribe,Indic Riverine,107,Seasonal Aggregation Camps,19
-5000,initial,0,South vinalmitdesh Tribe,Indic Riverine,110,Dog Domestication,19
-5000,initial,0,South vinalmitdesh Tribe,Indic Riverine,111,Grinding Stones,19
-5000,initial,0,South vinalmitdesh Tribe,Indic Riverine,112,Proto-cultivation,19
-5000,initial,0,South vinalmitdesh Tribe,Indic Riverine,113,Sedentism,19
-5000,initial,0,South vinalmitdesh Tribe,Indic Riverine,114,Enclosures and Herd Management,19
-5000,initial,0,South vinalmitdesh Tribe,Indic Riverine,115,Counting Tokens and Tallies,19
-5000,initial,0,South vinalmitdesh Tribe,Indic Riverine,116,Charcoal Firing,19
-5000,initial,0,South vinalmitdesh Tribe,Indic Riverine,1,Pottery,19
-5000,initial,0,South vinalmitdesh Tribe,Indic Riverine,2,Animal Husbandry,19
-5000,initial,0,South vinalmitdesh Tribe,Indic Riverine,4,Mining,19
-5000,initial,0,South vinalmitdesh Tribe,Indic Riverine,20,Agriculture,19
-5000,initial,0,South vinalmitdesh Tribe,Indic Riverine,3,Archery,19
-5000,initial,0,South vinalmitdesh Tribe,Indic Riverine,6,Calendar,19
-5000,initial,1,Great visursha Tribe,Indic Riverine,100,Cordage and Knots,19
-5000,initial,1,Great visursha Tribe,Indic Riverine,101,Hide Working and Tailored Clothing,19
-5000,initial,1,Great visursha Tribe,Indic Riverine,102,Hafted Stone Tools,19
-5000,initial,1,Great visursha Tribe,Indic Riverine,105,Food Preservation,19
-5000,initial,1,Great visursha Tribe,Indic Riverine,106,Storage Pits and Containers,19
-5000,initial,1,Great visursha Tribe,Indic Riverine,107,Seasonal Aggregation Camps,19
-5000,initial,1,Great visursha Tribe,Indic Riverine,110,Dog Domestication,19
-5000,initial,1,Great visursha Tribe,Indic Riverine,111,Grinding Stones,19
-5000,initial,1,Great visursha Tribe,Indic Riverine,112,Proto-cultivation,19
-5000,initial,1,Great visursha Tribe,Indic Riverine,113,Sedentism,19
-5000,initial,1,Great visursha Tribe,Indic Riverine,114,Enclosures and Herd Management,19
-5000,initial,1,Great visursha Tribe,Indic Riverine,115,Counting Tokens and Tallies,19
-5000,initial,1,Great visursha Tribe,Indic Riverine,116,Charcoal Firing,19
-5000,initial,1,Great visursha Tribe,Indic Riverine,1,Pottery,19
-5000,initial,1,Great visursha Tribe,Indic Riverine,2,Animal Husbandry,19
-5000,initial,1,Great visursha Tribe,Indic Riverine,4,Mining,19
-5000,initial,1,Great visursha Tribe,Indic Riverine,20,Agriculture,19
-5000,initial,1,Great visursha Tribe,Indic Riverine,3,Archery,19
-5000,initial,1,Great visursha Tribe,Indic Riverine,6,Calendar,19
-5000,initial,2,Kanvara Tribe,Indic Riverine,100,Cordage and Knots,19
-5000,initial,2,Kanvara Tribe,Indic Riverine,101,Hide Working and Tailored Clothing,19
-5000,initial,2,Kanvara Tribe,Indic Riverine,102,Hafted Stone Tools,19
-5000,initial,2,Kanvara Tribe,Indic Riverine,105,Food Preservation,19
-5000,initial,2,Kanvara Tribe,Indic Riverine,106,Storage Pits and Containers,19
-5000,initial,2,Kanvara Tribe,Indic Riverine,107,Seasonal Aggregation Camps,19
-5000,initial,2,Kanvara Tribe,Indic Riverine,110,Dog Domestication,19
-5000,initial,2,Kanvara Tribe,Indic Riverine,111,Grinding Stones,19
-5000,initial,2,Kanvara Tribe,Indic Riverine,112,Proto-cultivation,19
-5000,initial,2,Kanvara Tribe,Indic Riverine,113,Sedentism,19
-5000,initial,2,Kanvara Tribe,Indic Riverine,114,Enclosures and Herd Management,19
-5000,initial,2,Kanvara Tribe,Indic Riverine,115,Counting Tokens and Tallies,19
-5000,initial,2,Kanvara Tribe,Indic Riverine,116,Charcoal Firing,19
-5000,initial,2,Kanvara Tribe,Indic Riverine,1,Pottery,19
-5000,initial,2,Kanvara Tribe,Indic Riverine,2,Animal Husbandry,19
-5000,initial,2,Kanvara Tribe,Indic Riverine,4,Mining,19
-5000,initial,2,Kanvara Tribe,Indic Riverine,20,Agriculture,19
-5000,initial,2,Kanvara Tribe,Indic Riverine,3,Archery,19
-5000,initial,2,Kanvara Tribe,Indic Riverine,6,Calendar,19
-5000,initial,3,New varrapur Tribe,Indic Riverine,100,Cordage and Knots,19
-5000,initial,3,New varrapur Tribe,Indic Riverine,101,Hide Working and Tailored Clothing,19
-5000,initial,3,New varrapur Tribe,Indic Riverine,102,Hafted Stone Tools,19
-5000,initial,3,New varrapur Tribe,Indic Riverine,105,Food Preservation,19
-5000,initial,3,New varrapur Tribe,Indic Riverine,106,Storage Pits and Containers,19
-5000,initial,3,New varrapur Tribe,Indic Riverine,107,Seasonal Aggregation Camps,19
-5000,initial,3,New varrapur Tribe,Indic Riverine,110,Dog Domestication,19
-5000,initial,3,New varrapur Tribe,Indic Riverine,111,Grinding Stones,19
-5000,initial,3,New varrapur Tribe,Indic Riverine,112,Proto-cultivation,19
-5000,initial,3,New varrapur Tribe,Indic Riverine,113,Sedentism,19
-5000,initial,3,New varrapur Tribe,Indic Riverine,114,Enclosures and Herd Management,19
-5000,initial,3,New varrapur Tribe,Indic Riverine,115,Counting Tokens and Tallies,19
-5000,initial,3,New varrapur Tribe,Indic Riverine,116,Charcoal Firing,19
-5000,initial,3,New varrapur Tribe,Indic Riverine,1,Pottery,19
-5000,initial,3,New varrapur Tribe,Indic Riverine,2,Animal Husbandry,19
-5000,initial,3,New varrapur Tribe,Indic Riverine,4,Mining,19
-5000,initial,3,New varrapur Tribe,Indic Riverine,20,Agriculture,19
-5000,initial,3,New varrapur Tribe,Indic Riverine,3,Archery,19
-5000,initial,3,New varrapur Tribe,Indic Riverine,6,Calendar,19
-5000,initial,4,Old mitravar Tribe,Indic Riverine,100,Cordage and Knots,19
-5000,initial,4,Old mitravar Tribe,Indic Riverine,101,Hide Working and Tailored Clothing,19
-5000,initial,4,Old mitravar Tribe,Indic Riverine,102,Hafted Stone Tools,19
-5000,initial,4,Old mitravar Tribe,Indic Riverine,105,Food Preservation,19
-5000,initial,4,Old mitravar Tribe,Indic Riverine,106,Storage Pits and Containers,19
-5000,initial,4,Old mitravar Tribe,Indic Riverine,107,Seasonal Aggregation Camps,19
-5000,initial,4,Old mitravar Tribe,Indic Riverine,110,Dog Domestication,19
-5000,initial,4,Old mitravar Tribe,Indic Riverine,111,Grinding Stones,19
-5000,initial,4,Old mitravar Tribe,Indic Riverine,112,Proto-cultivation,19
-5000,initial,4,Old mitravar Tribe,Indic Riverine,113,Sedentism,19
-5000,initial,4,Old mitravar Tribe,Indic Riverine,114,Enclosures and Herd Management,19
-5000,initial,4,Old mitravar Tribe,Indic Riverine,115,Counting Tokens and Tallies,19
-5000,initial,4,Old mitravar Tribe,Indic Riverine,116,Charcoal Firing,19
-5000,initial,4,Old mitravar Tribe,Indic Riverine,1,Pottery,19
-5000,initial,4,Old mitravar Tribe,Indic Riverine,2,Animal Husbandry,19
-5000,initial,4,Old mitravar Tribe,Indic Riverine,4,Mining,19
-5000,initial,4,Old mitravar Tribe,Indic Riverine,20,Agriculture,19
-5000,initial,4,Old mitravar Tribe,Indic Riverine,3,Archery,19
-5000,initial,4,Old mitravar Tribe,Indic Riverine,6,Calendar,19
-5000,initial,5,Naldraradesh Tribe,Indic Riverine,100,Cordage and Knots,19
-5000,initial,5,Naldraradesh Tribe,Indic Riverine,101,Hide Working and Tailored Clothing,19
-5000,initial,5,Naldraradesh Tribe,Indic Riverine,102,Hafted Stone Tools,19
-5000,initial,5,Naldraradesh Tribe,Indic Riverine,105,Food Preservation,19
-5000,initial,5,Naldraradesh Tribe,Indic Riverine,106,Storage Pits and Containers,19
-5000,initial,5,Naldraradesh Tribe,Indic Riverine,107,Seasonal Aggregation Camps,19
-5000,initial,5,Naldraradesh Tribe,Indic Riverine,110,Dog Domestication,19
-5000,initial,5,Naldraradesh Tribe,Indic Riverine,111,Grinding Stones,19
-5000,initial,5,Naldraradesh Tribe,Indic Riverine,112,Proto-cultivation,19
-5000,initial,5,Naldraradesh Tribe,Indic Riverine,113,Sedentism,19
-5000,initial,5,Naldraradesh Tribe,Indic Riverine,114,Enclosures and Herd Management,19
-5000,initial,5,Naldraradesh Tribe,Indic Riverine,115,Counting Tokens and Tallies,19
-5000,initial,5,Naldraradesh Tribe,Indic Riverine,116,Charcoal Firing,19
-5000,initial,5,Naldraradesh Tribe,Indic Riverine,1,Pottery,19
-5000,initial,5,Naldraradesh Tribe,Indic Riverine,2,Animal Husbandry,19
-5000,initial,5,Naldraradesh Tribe,Indic Riverine,4,Mining,19
-5000,initial,5,Naldraradesh Tribe,Indic Riverine,20,Agriculture,19
-5000,initial,5,Naldraradesh Tribe,Indic Riverine,3,Archery,19
-5000,initial,5,Naldraradesh Tribe,Indic Riverine,6,Calendar,19
-5000,initial,6,Old naldra Tribe,Indic Riverine,100,Cordage and Knots,19
-5000,initial,6,Old naldra Tribe,Indic Riverine,101,Hide Working and Tailored Clothing,19
-5000,initial,6,Old naldra Tribe,Indic Riverine,102,Hafted Stone Tools,19
-5000,initial,6,Old naldra Tribe,Indic Riverine,105,Food Preservation,19
-5000,initial,6,Old naldra Tribe,Indic Riverine,106,Storage Pits and Containers,19
-5000,initial,6,Old naldra Tribe,Indic Riverine,107,Seasonal Aggregation Camps,19
-5000,initial,6,Old naldra Tribe,Indic Riverine,110,Dog Domestication,19
-5000,initial,6,Old naldra Tribe,Indic Riverine,111,Grinding Stones,19
-5000,initial,6,Old naldra Tribe,Indic Riverine,112,Proto-cultivation,19
-5000,initial,6,Old naldra Tribe,Indic Riverine,113,Sedentism,19
-5000,initial,6,Old naldra Tribe,Indic Riverine,114,Enclosures and Herd Management,19
-5000,initial,6,Old naldra Tribe,Indic Riverine,115,Counting Tokens and Tallies,19
-5000,initial,6,Old naldra Tribe,Indic Riverine,116,Charcoal Firing,19
-5000,initial,6,Old naldra Tribe,Indic Riverine,1,Pottery,19
-5000,initial,6,Old naldra Tribe,Indic Riverine,2,Animal Husbandry,19
-5000,initial,6,Old naldra Tribe,Indic Riverine,4,Mining,19
-5000,initial,6,Old naldra Tribe,Indic Riverine,20,Agriculture,19
-5000,initial,6,Old naldra Tribe,Indic Riverine,3,Archery,19
-5000,initial,6,Old naldra Tribe,Indic Riverine,6,Calendar,19
-5000,initial,7,Great ramit Tribe,Indic Riverine,100,Cordage and Knots,19
-5000,initial,7,Great ramit Tribe,Indic Riverine,101,Hide Working and Tailored Clothing,19
-5000,initial,7,Great ramit Tribe,Indic Riverine,102,Hafted Stone Tools,19
-5000,initial,7,Great ramit Tribe,Indic Riverine,105,Food Preservation,19
-5000,initial,7,Great ramit Tribe,Indic Riverine,106,Storage Pits and Containers,19
-5000,initial,7,Great ramit Tribe,Indic Riverine,107,Seasonal Aggregation Camps,19
-5000,initial,7,Great ramit Tribe,Indic Riverine,110,Dog Domestication,19
-5000,initial,7,Great ramit Tribe,Indic Riverine,111,Grinding Stones,19
-5000,initial,7,Great ramit Tribe,Indic Riverine,112,Proto-cultivation,19
-5000,initial,7,Great ramit Tribe,Indic Riverine,113,Sedentism,19
-5000,initial,7,Great ramit Tribe,Indic Riverine,114,Enclosures and Herd Management,19
-5000,initial,7,Great ramit Tribe,Indic Riverine,115,Counting Tokens and Tallies,19
-5000,initial,7,Great ramit Tribe,Indic Riverine,116,Charcoal Firing,19
-5000,initial,7,Great ramit Tribe,Indic Riverine,1,Pottery,19
-5000,initial,7,Great ramit Tribe,Indic Riverine,2,Animal Husbandry,19
-5000,initial,7,Great ramit Tribe,Indic Riverine,4,Mining,19
-5000,initial,7,Great ramit Tribe,Indic Riverine,20,Agriculture,19
-5000,initial,7,Great ramit Tribe,Indic Riverine,3,Archery,19
-5000,initial,7,Great ramit Tribe,Indic Riverine,6,Calendar,19
-5000,initial,8,South shanalnagar Tribe,Indic Riverine,100,Cordage and Knots,19
-5000,initial,8,South shanalnagar Tribe,Indic Riverine,101,Hide Working and Tailored Clothing,19
-5000,initial,8,South shanalnagar Tribe,Indic Riverine,102,Hafted Stone Tools,19
-5000,initial,8,South shanalnagar Tribe,Indic Riverine,105,Food Preservation,19
-5000,initial,8,South shanalnagar Tribe,Indic Riverine,106,Storage Pits and Containers,19
-5000,initial,8,South shanalnagar Tribe,Indic Riverine,107,Seasonal Aggregation Camps,19
-5000,initial,8,South shanalnagar Tribe,Indic Riverine,110,Dog Domestication,19
-5000,initial,8,South shanalnagar Tribe,Indic Riverine,111,Grinding Stones,19
-5000,initial,8,South shanalnagar Tribe,Indic Riverine,112,Proto-cultivation,19
-5000,initial,8,South shanalnagar Tribe,Indic Riverine,113,Sedentism,19
-5000,initial,8,South shanalnagar Tribe,Indic Riverine,114,Enclosures and Herd Management,19
-5000,initial,8,South shanalnagar Tribe,Indic Riverine,115,Counting Tokens and Tallies,19
-5000,initial,8,South shanalnagar Tribe,Indic Riverine,116,Charcoal Firing,19
-5000,initial,8,South shanalnagar Tribe,Indic Riverine,1,Pottery,19
-5000,initial,8,South shanalnagar Tribe,Indic Riverine,2,Animal Husbandry,19
-5000,initial,8,South shanalnagar Tribe,Indic Riverine,4,Mining,19
-5000,initial,8,South shanalnagar Tribe,Indic Riverine,20,Agriculture,19
-5000,initial,8,South shanalnagar Tribe,Indic Riverine,3,Archery,19
-5000,initial,8,South shanalnagar Tribe,Indic Riverine,6,Calendar,19
-5000,initial,9,South dravisur Tribe,Indic Riverine,100,Cordage and Knots,19
-5000,initial,9,South dravisur Tribe,Indic Riverine,101,Hide Working and Tailored Clothing,19
-5000,initial,9,South dravisur Tribe,Indic Riverine,102,Hafted Stone Tools,19
-5000,initial,9,South dravisur Tribe,Indic Riverine,105,Food Preservation,19
-5000,initial,9,South dravisur Tribe,Indic Riverine,106,Storage Pits and Containers,19
-5000,initial,9,South dravisur Tribe,Indic Riverine,107,Seasonal Aggregation Camps,19
-5000,initial,9,South dravisur Tribe,Indic Riverine,110,Dog Domestication,19
-5000,initial,9,South dravisur Tribe,Indic Riverine,111,Grinding Stones,19
-5000,initial,9,South dravisur Tribe,Indic Riverine,112,Proto-cultivation,19
-5000,initial,9,South dravisur Tribe,Indic Riverine,113,Sedentism,19
-5000,initial,9,South dravisur Tribe,Indic Riverine,114,Enclosures and Herd Management,19
-5000,initial,9,South dravisur Tribe,Indic Riverine,115,Counting Tokens and Tallies,19
-5000,initial,9,South dravisur Tribe,Indic Riverine,116,Charcoal Firing,19
-5000,initial,9,South dravisur Tribe,Indic Riverine,1,Pottery,19
-5000,initial,9,South dravisur Tribe,Indic Riverine,2,Animal Husbandry,19
-5000,initial,9,South dravisur Tribe,Indic Riverine,4,Mining,19
-5000,initial,9,South dravisur Tribe,Indic Riverine,20,Agriculture,19
-5000,initial,9,South dravisur Tribe,Indic Riverine,3,Archery,19
-5000,initial,9,South dravisur Tribe,Indic Riverine,6,Calendar,19
-5000,initial,10,Old tantanmit Tribe,Indic Riverine,100,Cordage and Knots,19
-5000,initial,10,Old tantanmit Tribe,Indic Riverine,101,Hide Working and Tailored Clothing,19
-5000,initial,10,Old tantanmit Tribe,Indic Riverine,102,Hafted Stone Tools,19
-5000,initial,10,Old tantanmit Tribe,Indic Riverine,105,Food Preservation,19
-5000,initial,10,Old tantanmit Tribe,Indic Riverine,106,Storage Pits and Containers,19
-5000,initial,10,Old tantanmit Tribe,Indic Riverine,107,Seasonal Aggregation Camps,19
-5000,initial,10,Old tantanmit Tribe,Indic Riverine,110,Dog Domestication,19
-5000,initial,10,Old tantanmit Tribe,Indic Riverine,111,Grinding Stones,19
-5000,initial,10,Old tantanmit Tribe,Indic Riverine,112,Proto-cultivation,19
-5000,initial,10,Old tantanmit Tribe,Indic Riverine,113,Sedentism,19
-5000,initial,10,Old tantanmit Tribe,Indic Riverine,114,Enclosures and Herd Management,19
-5000,initial,10,Old tantanmit Tribe,Indic Riverine,115,Counting Tokens and Tallies,19
-5000,initial,10,Old tantanmit Tribe,Indic Riverine,116,Charcoal Firing,19
-5000,initial,10,Old tantanmit Tribe,Indic Riverine,1,Pottery,19
-5000,initial,10,Old tantanmit Tribe,Indic Riverine,2,Animal Husbandry,19
-5000,initial,10,Old tantanmit Tribe,Indic Riverine,4,Mining,19
-5000,initial,10,Old tantanmit Tribe,Indic Riverine,20,Agriculture,19
-5000,initial,10,Old tantanmit Tribe,Indic Riverine,3,Archery,19
-5000,initial,10,Old tantanmit Tribe,Indic Riverine,6,Calendar,19
-5000,initial,11,North rasur Tribe,Indic Riverine,100,Cordage and Knots,19
-5000,initial,11,North rasur Tribe,Indic Riverine,101,Hide Working and Tailored Clothing,19
-5000,initial,11,North rasur Tribe,Indic Riverine,102,Hafted Stone Tools,19
-5000,initial,11,North rasur Tribe,Indic Riverine,105,Food Preservation,19
-5000,initial,11,North rasur Tribe,Indic Riverine,106,Storage Pits and Containers,19
-5000,initial,11,North rasur Tribe,Indic Riverine,107,Seasonal Aggregation Camps,19
-5000,initial,11,North rasur Tribe,Indic Riverine,110,Dog Domestication,19
-5000,initial,11,North rasur Tribe,Indic Riverine,111,Grinding Stones,19
-5000,initial,11,North rasur Tribe,Indic Riverine,112,Proto-cultivation,19
-5000,initial,11,North rasur Tribe,Indic Riverine,113,Sedentism,19
-5000,initial,11,North rasur Tribe,Indic Riverine,114,Enclosures and Herd Management,19
-5000,initial,11,North rasur Tribe,Indic Riverine,115,Counting Tokens and Tallies,19
-5000,initial,11,North rasur Tribe,Indic Riverine,116,Charcoal Firing,19
-5000,initial,11,North rasur Tribe,Indic Riverine,1,Pottery,19
-5000,initial,11,North rasur Tribe,Indic Riverine,2,Animal Husbandry,19
-5000,initial,11,North rasur Tribe,Indic Riverine,4,Mining,19
-5000,initial,11,North rasur Tribe,Indic Riverine,20,Agriculture,19
-5000,initial,11,North rasur Tribe,Indic Riverine,3,Archery,19
-5000,initial,11,North rasur Tribe,Indic Riverine,6,Calendar,19
-5000,initial,12,Great dratanshanagar Tribe,Indic Riverine,100,Cordage and Knots,19
-5000,initial,12,Great dratanshanagar Tribe,Indic Riverine,101,Hide Working and Tailored Clothing,19
-5000,initial,12,Great dratanshanagar Tribe,Indic Riverine,102,Hafted Stone Tools,19
-5000,initial,12,Great dratanshanagar Tribe,Indic Riverine,105,Food Preservation,19
-5000,initial,12,Great dratanshanagar Tribe,Indic Riverine,106,Storage Pits and Containers,19
-5000,initial,12,Great dratanshanagar Tribe,Indic Riverine,107,Seasonal Aggregation Camps,19
-5000,initial,12,Great dratanshanagar Tribe,Indic Riverine,110,Dog Domestication,19
-5000,initial,12,Great dratanshanagar Tribe,Indic Riverine,111,Grinding Stones,19
-5000,initial,12,Great dratanshanagar Tribe,Indic Riverine,112,Proto-cultivation,19
-5000,initial,12,Great dratanshanagar Tribe,Indic Riverine,113,Sedentism,19
-5000,initial,12,Great dratanshanagar Tribe,Indic Riverine,114,Enclosures and Herd Management,19
-5000,initial,12,Great dratanshanagar Tribe,Indic Riverine,115,Counting Tokens and Tallies,19
-5000,initial,12,Great dratanshanagar Tribe,Indic Riverine,116,Charcoal Firing,19
-5000,initial,12,Great dratanshanagar Tribe,Indic Riverine,1,Pottery,19
-5000,initial,12,Great dratanshanagar Tribe,Indic Riverine,2,Animal Husbandry,19
-5000,initial,12,Great dratanshanagar Tribe,Indic Riverine,4,Mining,19
-5000,initial,12,Great dratanshanagar Tribe,Indic Riverine,20,Agriculture,19
-5000,initial,12,Great dratanshanagar Tribe,Indic Riverine,3,Archery,19
-5000,initial,12,Great dratanshanagar Tribe,Indic Riverine,6,Calendar,19
-5000,initial,13,Varsha Tribe,Indic Riverine,100,Cordage and Knots,19
-5000,initial,13,Varsha Tribe,Indic Riverine,101,Hide Working and Tailored Clothing,19
-5000,initial,13,Varsha Tribe,Indic Riverine,102,Hafted Stone Tools,19
-5000,initial,13,Varsha Tribe,Indic Riverine,105,Food Preservation,19
-5000,initial,13,Varsha Tribe,Indic Riverine,106,Storage Pits and Containers,19
-5000,initial,13,Varsha Tribe,Indic Riverine,107,Seasonal Aggregation Camps,19
-5000,initial,13,Varsha Tribe,Indic Riverine,110,Dog Domestication,19
-5000,initial,13,Varsha Tribe,Indic Riverine,111,Grinding Stones,19
-5000,initial,13,Varsha Tribe,Indic Riverine,112,Proto-cultivation,19
-5000,initial,13,Varsha Tribe,Indic Riverine,113,Sedentism,19
-5000,initial,13,Varsha Tribe,Indic Riverine,114,Enclosures and Herd Management,19
-5000,initial,13,Varsha Tribe,Indic Riverine,115,Counting Tokens and Tallies,19
-5000,initial,13,Varsha Tribe,Indic Riverine,116,Charcoal Firing,19
-5000,initial,13,Varsha Tribe,Indic Riverine,1,Pottery,19
-5000,initial,13,Varsha Tribe,Indic Riverine,2,Animal Husbandry,19
-5000,initial,13,Varsha Tribe,Indic Riverine,4,Mining,19
-5000,initial,13,Varsha Tribe,Indic Riverine,20,Agriculture,19
-5000,initial,13,Varsha Tribe,Indic Riverine,3,Archery,19
-5000,initial,13,Varsha Tribe,Indic Riverine,6,Calendar,19
-5000,initial,14,North hanhanlinzhou Tribe,East Riverine,100,Cordage and Knots,19
-5000,initial,14,North hanhanlinzhou Tribe,East Riverine,101,Hide Working and Tailored Clothing,19
-5000,initial,14,North hanhanlinzhou Tribe,East Riverine,102,Hafted Stone Tools,19
-5000,initial,14,North hanhanlinzhou Tribe,East Riverine,105,Food Preservation,19
-5000,initial,14,North hanhanlinzhou Tribe,East Riverine,106,Storage Pits and Containers,19
-5000,initial,14,North hanhanlinzhou Tribe,East Riverine,107,Seasonal Aggregation Camps,19
-5000,initial,14,North hanhanlinzhou Tribe,East Riverine,110,Dog Domestication,19
-5000,initial,14,North hanhanlinzhou Tribe,East Riverine,111,Grinding Stones,19
-5000,initial,14,North hanhanlinzhou Tribe,East Riverine,112,Proto-cultivation,19
-5000,initial,14,North hanhanlinzhou Tribe,East Riverine,113,Sedentism,19
-5000,initial,14,North hanhanlinzhou Tribe,East Riverine,114,Enclosures and Herd Management,19
-5000,initial,14,North hanhanlinzhou Tribe,East Riverine,115,Counting Tokens and Tallies,19
-5000,initial,14,North hanhanlinzhou Tribe,East Riverine,116,Charcoal Firing,19
-5000,initial,14,North hanhanlinzhou Tribe,East Riverine,1,Pottery,19
-5000,initial,14,North hanhanlinzhou Tribe,East Riverine,2,Animal Husbandry,19
-5000,initial,14,North hanhanlinzhou Tribe,East Riverine,4,Mining,19
-5000,initial,14,North hanhanlinzhou Tribe,East Riverine,20,Agriculture,19
-5000,initial,14,North hanhanlinzhou Tribe,East Riverine,3,Archery,19
-5000,initial,14,North hanhanlinzhou Tribe,East Riverine,6,Calendar,19
-5000,initial,15,North hanweishan Tribe,East Riverine,100,Cordage and Knots,19
-5000,initial,15,North hanweishan Tribe,East Riverine,101,Hide Working and Tailored Clothing,19
-5000,initial,15,North hanweishan Tribe,East Riverine,102,Hafted Stone Tools,19
-5000,initial,15,North hanweishan Tribe,East Riverine,105,Food Preservation,19
-5000,initial,15,North hanweishan Tribe,East Riverine,106,Storage Pits and Containers,19
-5000,initial,15,North hanweishan Tribe,East Riverine,107,Seasonal Aggregation Camps,19
-5000,initial,15,North hanweishan Tribe,East Riverine,110,Dog Domestication,19
-5000,initial,15,North hanweishan Tribe,East Riverine,111,Grinding Stones,19
-5000,initial,15,North hanweishan Tribe,East Riverine,112,Proto-cultivation,19
-5000,initial,15,North hanweishan Tribe,East Riverine,113,Sedentism,19
-5000,initial,15,North hanweishan Tribe,East Riverine,114,Enclosures and Herd Management,19
-5000,initial,15,North hanweishan Tribe,East Riverine,115,Counting Tokens and Tallies,19
-5000,initial,15,North hanweishan Tribe,East Riverine,116,Charcoal Firing,19
-5000,initial,15,North hanweishan Tribe,East Riverine,1,Pottery,19
-5000,initial,15,North hanweishan Tribe,East Riverine,2,Animal Husbandry,19
-5000,initial,15,North hanweishan Tribe,East Riverine,4,Mining,19
-5000,initial,15,North hanweishan Tribe,East Riverine,20,Agriculture,19
-5000,initial,15,North hanweishan Tribe,East Riverine,3,Archery,19
-5000,initial,15,North hanweishan Tribe,East Riverine,6,Calendar,19
-5000,initial,16,South qinrenlinshan Tribe,East Riverine,100,Cordage and Knots,19
-5000,initial,16,South qinrenlinshan Tribe,East Riverine,101,Hide Working and Tailored Clothing,19
-5000,initial,16,South qinrenlinshan Tribe,East Riverine,102,Hafted Stone Tools,19
-5000,initial,16,South qinrenlinshan Tribe,East Riverine,105,Food Preservation,19
-5000,initial,16,South qinrenlinshan Tribe,East Riverine,106,Storage Pits and Containers,19
-5000,initial,16,South qinrenlinshan Tribe,East Riverine,107,Seasonal Aggregation Camps,19
-5000,initial,16,South qinrenlinshan Tribe,East Riverine,110,Dog Domestication,19
-5000,initial,16,South qinrenlinshan Tribe,East Riverine,111,Grinding Stones,19
-5000,initial,16,South qinrenlinshan Tribe,East Riverine,112,Proto-cultivation,19
-5000,initial,16,South qinrenlinshan Tribe,East Riverine,113,Sedentism,19
-5000,initial,16,South qinrenlinshan Tribe,East Riverine,114,Enclosures and Herd Management,19
-5000,initial,16,South qinrenlinshan Tribe,East Riverine,115,Counting Tokens and Tallies,19
-5000,initial,16,South qinrenlinshan Tribe,East Riverine,116,Charcoal Firing,19
-5000,initial,16,South qinrenlinshan Tribe,East Riverine,1,Pottery,19
-5000,initial,16,South qinrenlinshan Tribe,East Riverine,2,Animal Husbandry,19
-5000,initial,16,South qinrenlinshan Tribe,East Riverine,4,Mining,19
-5000,initial,16,South qinrenlinshan Tribe,East Riverine,20,Agriculture,19
-5000,initial,16,South qinrenlinshan Tribe,East Riverine,3,Archery,19
-5000,initial,16,South qinrenlinshan Tribe,East Riverine,6,Calendar,19
-5000,initial,17,Lilinliguo Tribe,East Riverine,100,Cordage and Knots,19
-5000,initial,17,Lilinliguo Tribe,East Riverine,101,Hide Working and Tailored Clothing,19
-5000,initial,17,Lilinliguo Tribe,East Riverine,102,Hafted Stone Tools,19
-5000,initial,17,Lilinliguo Tribe,East Riverine,105,Food Preservation,19
-5000,initial,17,Lilinliguo Tribe,East Riverine,106,Storage Pits and Containers,19
-5000,initial,17,Lilinliguo Tribe,East Riverine,107,Seasonal Aggregation Camps,19
-5000,initial,17,Lilinliguo Tribe,East Riverine,110,Dog Domestication,19
-5000,initial,17,Lilinliguo Tribe,East Riverine,111,Grinding Stones,19
-5000,initial,17,Lilinliguo Tribe,East Riverine,112,Proto-cultivation,19
-5000,initial,17,Lilinliguo Tribe,East Riverine,113,Sedentism,19
-5000,initial,17,Lilinliguo Tribe,East Riverine,114,Enclosures and Herd Management,19
-5000,initial,17,Lilinliguo Tribe,East Riverine,115,Counting Tokens and Tallies,19
-5000,initial,17,Lilinliguo Tribe,East Riverine,116,Charcoal Firing,19
-5000,initial,17,Lilinliguo Tribe,East Riverine,1,Pottery,19
-5000,initial,17,Lilinliguo Tribe,East Riverine,2,Animal Husbandry,19
-5000,initial,17,Lilinliguo Tribe,East Riverine,4,Mining,19
-5000,initial,17,Lilinliguo Tribe,East Riverine,20,Agriculture,19
-5000,initial,17,Lilinliguo Tribe,East Riverine,3,Archery,19
-5000,initial,17,Lilinliguo Tribe,East Riverine,6,Calendar,19
-5000,initial,18,South xiazhoweishan Tribe,East Riverine,100,Cordage and Knots,19
-5000,initial,18,South xiazhoweishan Tribe,East Riverine,101,Hide Working and Tailored Clothing,19
-5000,initial,18,South xiazhoweishan Tribe,East Riverine,102,Hafted Stone Tools,19
-5000,initial,18,South xiazhoweishan Tribe,East Riverine,105,Food Preservation,19
-5000,initial,18,South xiazhoweishan Tribe,East Riverine,106,Storage Pits and Containers,19
-5000,initial,18,South xiazhoweishan Tribe,East Riverine,107,Seasonal Aggregation Camps,19
-5000,initial,18,South xiazhoweishan Tribe,East Riverine,110,Dog Domestication,19
-5000,initial,18,South xiazhoweishan Tribe,East Riverine,111,Grinding Stones,19
-5000,initial,18,South xiazhoweishan Tribe,East Riverine,112,Proto-cultivation,19
-5000,initial,18,South xiazhoweishan Tribe,East Riverine,113,Sedentism,19
-5000,initial,18,South xiazhoweishan Tribe,East Riverine,114,Enclosures and Herd Management,19
-5000,initial,18,South xiazhoweishan Tribe,East Riverine,115,Counting Tokens and Tallies,19
-5000,initial,18,South xiazhoweishan Tribe,East Riverine,116,Charcoal Firing,19
-5000,initial,18,South xiazhoweishan Tribe,East Riverine,1,Pottery,19
-5000,initial,18,South xiazhoweishan Tribe,East Riverine,2,Animal Husbandry,19
-5000,initial,18,South xiazhoweishan Tribe,East Riverine,4,Mining,19
-5000,initial,18,South xiazhoweishan Tribe,East Riverine,20,Agriculture,19
-5000,initial,18,South xiazhoweishan Tribe,East Riverine,3,Archery,19
-5000,initial,18,South xiazhoweishan Tribe,East Riverine,6,Calendar,19
-5000,initial,19,New taiweizhoshan Tribe,East Riverine,100,Cordage and Knots,19
-5000,initial,19,New taiweizhoshan Tribe,East Riverine,101,Hide Working and Tailored Clothing,19
-5000,initial,19,New taiweizhoshan Tribe,East Riverine,102,Hafted Stone Tools,19
-5000,initial,19,New taiweizhoshan Tribe,East Riverine,105,Food Preservation,19
-5000,initial,19,New taiweizhoshan Tribe,East Riverine,106,Storage Pits and Containers,19
-5000,initial,19,New taiweizhoshan Tribe,East Riverine,107,Seasonal Aggregation Camps,19
-5000,initial,19,New taiweizhoshan Tribe,East Riverine,110,Dog Domestication,19
-5000,initial,19,New taiweizhoshan Tribe,East Riverine,111,Grinding Stones,19
-5000,initial,19,New taiweizhoshan Tribe,East Riverine,112,Proto-cultivation,19
-5000,initial,19,New taiweizhoshan Tribe,East Riverine,113,Sedentism,19
-5000,initial,19,New taiweizhoshan Tribe,East Riverine,114,Enclosures and Herd Management,19
-5000,initial,19,New taiweizhoshan Tribe,East Riverine,115,Counting Tokens and Tallies,19
-5000,initial,19,New taiweizhoshan Tribe,East Riverine,116,Charcoal Firing,19
-5000,initial,19,New taiweizhoshan Tribe,East Riverine,1,Pottery,19
-5000,initial,19,New taiweizhoshan Tribe,East Riverine,2,Animal Husbandry,19
-5000,initial,19,New taiweizhoshan Tribe,East Riverine,4,Mining,19
-5000,initial,19,New taiweizhoshan Tribe,East Riverine,20,Agriculture,19
-5000,initial,19,New taiweizhoshan Tribe,East Riverine,3,Archery,19
-5000,initial,19,New taiweizhoshan Tribe,East Riverine,6,Calendar,19
-5000,initial,20,Old taizhoshan Tribe,East Riverine,100,Cordage and Knots,19
-5000,initial,20,Old taizhoshan Tribe,East Riverine,101,Hide Working and Tailored Clothing,19
-5000,initial,20,Old taizhoshan Tribe,East Riverine,102,Hafted Stone Tools,19
-5000,initial,20,Old taizhoshan Tribe,East Riverine,105,Food Preservation,19
-5000,initial,20,Old taizhoshan Tribe,East Riverine,106,Storage Pits and Containers,19
-5000,initial,20,Old taizhoshan Tribe,East Riverine,107,Seasonal Aggregation Camps,19
-5000,initial,20,Old taizhoshan Tribe,East Riverine,110,Dog Domestication,19
-5000,initial,20,Old taizhoshan Tribe,East Riverine,111,Grinding Stones,19
-5000,initial,20,Old taizhoshan Tribe,East Riverine,112,Proto-cultivation,19
-5000,initial,20,Old taizhoshan Tribe,East Riverine,113,Sedentism,19
-5000,initial,20,Old taizhoshan Tribe,East Riverine,114,Enclosures and Herd Management,19
-5000,initial,20,Old taizhoshan Tribe,East Riverine,115,Counting Tokens and Tallies,19
-5000,initial,20,Old taizhoshan Tribe,East Riverine,116,Charcoal Firing,19
-5000,initial,20,Old taizhoshan Tribe,East Riverine,1,Pottery,19
-5000,initial,20,Old taizhoshan Tribe,East Riverine,2,Animal Husbandry,19
-5000,initial,20,Old taizhoshan Tribe,East Riverine,4,Mining,19
-5000,initial,20,Old taizhoshan Tribe,East Riverine,20,Agriculture,19
-5000,initial,20,Old taizhoshan Tribe,East Riverine,3,Archery,19
-5000,initial,20,Old taizhoshan Tribe,East Riverine,6,Calendar,19
-5000,initial,21,Qinrenling Tribe,East Riverine,100,Cordage and Knots,19
-5000,initial,21,Qinrenling Tribe,East Riverine,101,Hide Working and Tailored Clothing,19
-5000,initial,21,Qinrenling Tribe,East Riverine,102,Hafted Stone Tools,19
-5000,initial,21,Qinrenling Tribe,East Riverine,105,Food Preservation,19
-5000,initial,21,Qinrenling Tribe,East Riverine,106,Storage Pits and Containers,19
-5000,initial,21,Qinrenling Tribe,East Riverine,107,Seasonal Aggregation Camps,19
-5000,initial,21,Qinrenling Tribe,East Riverine,110,Dog Domestication,19
-5000,initial,21,Qinrenling Tribe,East Riverine,111,Grinding Stones,19
-5000,initial,21,Qinrenling Tribe,East Riverine,112,Proto-cultivation,19
-5000,initial,21,Qinrenling Tribe,East Riverine,113,Sedentism,19
-5000,initial,21,Qinrenling Tribe,East Riverine,114,Enclosures and Herd Management,19
-5000,initial,21,Qinrenling Tribe,East Riverine,115,Counting Tokens and Tallies,19
-5000,initial,21,Qinrenling Tribe,East Riverine,116,Charcoal Firing,19
-5000,initial,21,Qinrenling Tribe,East Riverine,1,Pottery,19
-5000,initial,21,Qinrenling Tribe,East Riverine,2,Animal Husbandry,19
-5000,initial,21,Qinrenling Tribe,East Riverine,4,Mining,19
-5000,initial,21,Qinrenling Tribe,East Riverine,20,Agriculture,19
-5000,initial,21,Qinrenling Tribe,East Riverine,3,Archery,19
-5000,initial,21,Qinrenling Tribe,East Riverine,6,Calendar,19
-5000,initial,22,New zholiminling Tribe,East Riverine,100,Cordage and Knots,19
-5000,initial,22,New zholiminling Tribe,East Riverine,101,Hide Working and Tailored Clothing,19
-5000,initial,22,New zholiminling Tribe,East Riverine,102,Hafted Stone Tools,19
-5000,initial,22,New zholiminling Tribe,East Riverine,105,Food Preservation,19
-5000,initial,22,New zholiminling Tribe,East Riverine,106,Storage Pits and Containers,19
-5000,initial,22,New zholiminling Tribe,East Riverine,107,Seasonal Aggregation Camps,19
-5000,initial,22,New zholiminling Tribe,East Riverine,110,Dog Domestication,19
-5000,initial,22,New zholiminling Tribe,East Riverine,111,Grinding Stones,19
-5000,initial,22,New zholiminling Tribe,East Riverine,112,Proto-cultivation,19
-5000,initial,22,New zholiminling Tribe,East Riverine,113,Sedentism,19
-5000,initial,22,New zholiminling Tribe,East Riverine,114,Enclosures and Herd Management,19
-5000,initial,22,New zholiminling Tribe,East Riverine,115,Counting Tokens and Tallies,19
-5000,initial,22,New zholiminling Tribe,East Riverine,116,Charcoal Firing,19
-5000,initial,22,New zholiminling Tribe,East Riverine,1,Pottery,19
-5000,initial,22,New zholiminling Tribe,East Riverine,2,Animal Husbandry,19
-5000,initial,22,New zholiminling Tribe,East Riverine,4,Mining,19
-5000,initial,22,New zholiminling Tribe,East Riverine,20,Agriculture,19
-5000,initial,22,New zholiminling Tribe,East Riverine,3,Archery,19
-5000,initial,22,New zholiminling Tribe,East Riverine,6,Calendar,19
-5000,initial,23,Lixialing Tribe,East Riverine,100,Cordage and Knots,19
-5000,initial,23,Lixialing Tribe,East Riverine,101,Hide Working and Tailored Clothing,19
-5000,initial,23,Lixialing Tribe,East Riverine,102,Hafted Stone Tools,19
-5000,initial,23,Lixialing Tribe,East Riverine,105,Food Preservation,19
-5000,initial,23,Lixialing Tribe,East Riverine,106,Storage Pits and Containers,19
-5000,initial,23,Lixialing Tribe,East Riverine,107,Seasonal Aggregation Camps,19
-5000,initial,23,Lixialing Tribe,East Riverine,110,Dog Domestication,19
-5000,initial,23,Lixialing Tribe,East Riverine,111,Grinding Stones,19
-5000,initial,23,Lixialing Tribe,East Riverine,112,Proto-cultivation,19
-5000,initial,23,Lixialing Tribe,East Riverine,113,Sedentism,19
-5000,initial,23,Lixialing Tribe,East Riverine,114,Enclosures and Herd Management,19
-5000,initial,23,Lixialing Tribe,East Riverine,115,Counting Tokens and Tallies,19
-5000,initial,23,Lixialing Tribe,East Riverine,116,Charcoal Firing,19
-5000,initial,23,Lixialing Tribe,East Riverine,1,Pottery,19
-5000,initial,23,Lixialing Tribe,East Riverine,2,Animal Husbandry,19
-5000,initial,23,Lixialing Tribe,East Riverine,4,Mining,19
-5000,initial,23,Lixialing Tribe,East Riverine,20,Agriculture,19
-5000,initial,23,Lixialing Tribe,East Riverine,3,Archery,19
-5000,initial,23,Lixialing Tribe,East Riverine,6,Calendar,19
-5000,initial,24,North weilixiaguo Tribe,East Riverine,100,Cordage and Knots,19
-5000,initial,24,North weilixiaguo Tribe,East Riverine,101,Hide Working and Tailored Clothing,19
-5000,initial,24,North weilixiaguo Tribe,East Riverine,102,Hafted Stone Tools,19
-5000,initial,24,North weilixiaguo Tribe,East Riverine,105,Food Preservation,19
-5000,initial,24,North weilixiaguo Tribe,East Riverine,106,Storage Pits and Containers,19
-5000,initial,24,North weilixiaguo Tribe,East Riverine,107,Seasonal Aggregation Camps,19
-5000,initial,24,North weilixiaguo Tribe,East Riverine,110,Dog Domestication,19
-5000,initial,24,North weilixiaguo Tribe,East Riverine,111,Grinding Stones,19
-5000,initial,24,North weilixiaguo Tribe,East Riverine,112,Proto-cultivation,19
-5000,initial,24,North weilixiaguo Tribe,East Riverine,113,Sedentism,19
-5000,initial,24,North weilixiaguo Tribe,East Riverine,114,Enclosures and Herd Management,19
-5000,initial,24,North weilixiaguo Tribe,East Riverine,115,Counting Tokens and Tallies,19
-5000,initial,24,North weilixiaguo Tribe,East Riverine,116,Charcoal Firing,19
-5000,initial,24,North weilixiaguo Tribe,East Riverine,1,Pottery,19
-5000,initial,24,North weilixiaguo Tribe,East Riverine,2,Animal Husbandry,19
-5000,initial,24,North weilixiaguo Tribe,East Riverine,4,Mining,19
-5000,initial,24,North weilixiaguo Tribe,East Riverine,20,Agriculture,19
-5000,initial,24,North weilixiaguo Tribe,East Riverine,3,Archery,19
-5000,initial,24,North weilixiaguo Tribe,East Riverine,6,Calendar,19
-5000,initial,26,Old weixiazhou Tribe,East Riverine,100,Cordage and Knots,19
-5000,initial,26,Old weixiazhou Tribe,East Riverine,101,Hide Working and Tailored Clothing,19
-5000,initial,26,Old weixiazhou Tribe,East Riverine,102,Hafted Stone Tools,19
-5000,initial,26,Old weixiazhou Tribe,East Riverine,105,Food Preservation,19
-5000,initial,26,Old weixiazhou Tribe,East Riverine,106,Storage Pits and Containers,19
-5000,initial,26,Old weixiazhou Tribe,East Riverine,107,Seasonal Aggregation Camps,19
-5000,initial,26,Old weixiazhou Tribe,East Riverine,110,Dog Domestication,19
-5000,initial,26,Old weixiazhou Tribe,East Riverine,111,Grinding Stones,19
-5000,initial,26,Old weixiazhou Tribe,East Riverine,112,Proto-cultivation,19
-5000,initial,26,Old weixiazhou Tribe,East Riverine,113,Sedentism,19
-5000,initial,26,Old weixiazhou Tribe,East Riverine,114,Enclosures and Herd Management,19
-5000,initial,26,Old weixiazhou Tribe,East Riverine,115,Counting Tokens and Tallies,19
-5000,initial,26,Old weixiazhou Tribe,East Riverine,116,Charcoal Firing,19
-5000,initial,26,Old weixiazhou Tribe,East Riverine,1,Pottery,19
-5000,initial,26,Old weixiazhou Tribe,East Riverine,2,Animal Husbandry,19
-5000,initial,26,Old weixiazhou Tribe,East Riverine,4,Mining,19
-5000,initial,26,Old weixiazhou Tribe,East Riverine,20,Agriculture,19
-5000,initial,26,Old weixiazhou Tribe,East Riverine,3,Archery,19
-5000,initial,26,Old weixiazhou Tribe,East Riverine,6,Calendar,19
-5000,initial,27,Old renminqinguo Tribe,East Riverine,100,Cordage and Knots,19
-5000,initial,27,Old renminqinguo Tribe,East Riverine,101,Hide Working and Tailored Clothing,19
-5000,initial,27,Old renminqinguo Tribe,East Riverine,102,Hafted Stone Tools,19
-5000,initial,27,Old renminqinguo Tribe,East Riverine,105,Food Preservation,19
-5000,initial,27,Old renminqinguo Tribe,East Riverine,106,Storage Pits and Containers,19
-5000,initial,27,Old renminqinguo Tribe,East Riverine,107,Seasonal Aggregation Camps,19
-5000,initial,27,Old renminqinguo Tribe,East Riverine,110,Dog Domestication,19
-5000,initial,27,Old renminqinguo Tribe,East Riverine,111,Grinding Stones,19
-5000,initial,27,Old renminqinguo Tribe,East Riverine,112,Proto-cultivation,19
-5000,initial,27,Old renminqinguo Tribe,East Riverine,113,Sedentism,19
-5000,initial,27,Old renminqinguo Tribe,East Riverine,114,Enclosures and Herd Management,19
-5000,initial,27,Old renminqinguo Tribe,East Riverine,115,Counting Tokens and Tallies,19
-5000,initial,27,Old renminqinguo Tribe,East Riverine,116,Charcoal Firing,19
-5000,initial,27,Old renminqinguo Tribe,East Riverine,1,Pottery,19
-5000,initial,27,Old renminqinguo Tribe,East Riverine,2,Animal Husbandry,19
-5000,initial,27,Old renminqinguo Tribe,East Riverine,4,Mining,19
-5000,initial,27,Old renminqinguo Tribe,East Riverine,20,Agriculture,19
-5000,initial,27,Old renminqinguo Tribe,East Riverine,3,Archery,19
-5000,initial,27,Old renminqinguo Tribe,East Riverine,6,Calendar,19
-5000,initial,28,New ashesheshad Tribe,Fertile Crescent,100,Cordage and Knots,21
-5000,initial,28,New ashesheshad Tribe,Fertile Crescent,101,Hide Working and Tailored Clothing,21
-5000,initial,28,New ashesheshad Tribe,Fertile Crescent,102,Hafted Stone Tools,21
-5000,initial,28,New ashesheshad Tribe,Fertile Crescent,105,Food Preservation,21
-5000,initial,28,New ashesheshad Tribe,Fertile Crescent,106,Storage Pits and Containers,21
-5000,initial,28,New ashesheshad Tribe,Fertile Crescent,107,Seasonal Aggregation Camps,21
-5000,initial,28,New ashesheshad Tribe,Fertile Crescent,110,Dog Domestication,21
-5000,initial,28,New ashesheshad Tribe,Fertile Crescent,111,Grinding Stones,21
-5000,initial,28,New ashesheshad Tribe,Fertile Crescent,112,Proto-cultivation,21
-5000,initial,28,New ashesheshad Tribe,Fertile Crescent,113,Sedentism,21
-5000,initial,28,New ashesheshad Tribe,Fertile Crescent,114,Enclosures and Herd Management,21
-5000,initial,28,New ashesheshad Tribe,Fertile Crescent,115,Counting Tokens and Tallies,21
-5000,initial,28,New ashesheshad Tribe,Fertile Crescent,116,Charcoal Firing,21
-5000,initial,28,New ashesheshad Tribe,Fertile Crescent,1,Pottery,21
-5000,initial,28,New ashesheshad Tribe,Fertile Crescent,119,Native Copper Working,21
-5000,initial,28,New ashesheshad Tribe,Fertile Crescent,2,Animal Husbandry,21
-5000,initial,28,New ashesheshad Tribe,Fertile Crescent,4,Mining,21
-5000,initial,28,New ashesheshad Tribe,Fertile Crescent,20,Agriculture,21
-5000,initial,28,New ashesheshad Tribe,Fertile Crescent,3,Archery,21
-5000,initial,28,New ashesheshad Tribe,Fertile Crescent,6,Calendar,21
-5000,initial,28,New ashesheshad Tribe,Fertile Crescent,10,Irrigation,21
-5000,initial,29,Barsaman Tribe,Fertile Crescent,100,Cordage and Knots,21
-5000,initial,29,Barsaman Tribe,Fertile Crescent,101,Hide Working and Tailored Clothing,21
-5000,initial,29,Barsaman Tribe,Fertile Crescent,102,Hafted Stone Tools,21
-5000,initial,29,Barsaman Tribe,Fertile Crescent,105,Food Preservation,21
-5000,initial,29,Barsaman Tribe,Fertile Crescent,106,Storage Pits and Containers,21
-5000,initial,29,Barsaman Tribe,Fertile Crescent,107,Seasonal Aggregation Camps,21
-5000,initial,29,Barsaman Tribe,Fertile Crescent,110,Dog Domestication,21
-5000,initial,29,Barsaman Tribe,Fertile Crescent,111,Grinding Stones,21
-5000,initial,29,Barsaman Tribe,Fertile Crescent,112,Proto-cultivation,21
-5000,initial,29,Barsaman Tribe,Fertile Crescent,113,Sedentism,21
-5000,initial,29,Barsaman Tribe,Fertile Crescent,114,Enclosures and Herd Management,21
-5000,initial,29,Barsaman Tribe,Fertile Crescent,115,Counting Tokens and Tallies,21
-5000,initial,29,Barsaman Tribe,Fertile Crescent,116,Charcoal Firing,21
-5000,initial,29,Barsaman Tribe,Fertile Crescent,1,Pottery,21
-5000,initial,29,Barsaman Tribe,Fertile Crescent,119,Native Copper Working,21
-5000,initial,29,Barsaman Tribe,Fertile Crescent,2,Animal Husbandry,21
-5000,initial,29,Barsaman Tribe,Fertile Crescent,4,Mining,21
-5000,initial,29,Barsaman Tribe,Fertile Crescent,20,Agriculture,21
-5000,initial,29,Barsaman Tribe,Fertile Crescent,3,Archery,21
-5000,initial,29,Barsaman Tribe,Fertile Crescent,6,Calendar,21
-5000,initial,29,Barsaman Tribe,Fertile Crescent,10,Irrigation,21
-5000,initial,30,Old esheshkalar Tribe,Fertile Crescent,100,Cordage and Knots,21
-5000,initial,30,Old esheshkalar Tribe,Fertile Crescent,101,Hide Working and Tailored Clothing,21
-5000,initial,30,Old esheshkalar Tribe,Fertile Crescent,102,Hafted Stone Tools,21
-5000,initial,30,Old esheshkalar Tribe,Fertile Crescent,105,Food Preservation,21
-5000,initial,30,Old esheshkalar Tribe,Fertile Crescent,106,Storage Pits and Containers,21
-5000,initial,30,Old esheshkalar Tribe,Fertile Crescent,107,Seasonal Aggregation Camps,21
-5000,initial,30,Old esheshkalar Tribe,Fertile Crescent,110,Dog Domestication,21
-5000,initial,30,Old esheshkalar Tribe,Fertile Crescent,111,Grinding Stones,21
-5000,initial,30,Old esheshkalar Tribe,Fertile Crescent,112,Proto-cultivation,21
-5000,initial,30,Old esheshkalar Tribe,Fertile Crescent,113,Sedentism,21
-5000,initial,30,Old esheshkalar Tribe,Fertile Crescent,114,Enclosures and Herd Management,21
-5000,initial,30,Old esheshkalar Tribe,Fertile Crescent,115,Counting Tokens and Tallies,21
-5000,initial,30,Old esheshkalar Tribe,Fertile Crescent,116,Charcoal Firing,21
-5000,initial,30,Old esheshkalar Tribe,Fertile Crescent,1,Pottery,21
-5000,initial,30,Old esheshkalar Tribe,Fertile Crescent,119,Native Copper Working,21
-5000,initial,30,Old esheshkalar Tribe,Fertile Crescent,2,Animal Husbandry,21
-5000,initial,30,Old esheshkalar Tribe,Fertile Crescent,4,Mining,21
-5000,initial,30,Old esheshkalar Tribe,Fertile Crescent,20,Agriculture,21
-5000,initial,30,Old esheshkalar Tribe,Fertile Crescent,3,Archery,21
-5000,initial,30,Old esheshkalar Tribe,Fertile Crescent,6,Calendar,21
-5000,initial,30,Old esheshkalar Tribe,Fertile Crescent,10,Irrigation,21
-5000,initial,31,North eshashsamar Tribe,Fertile Crescent,100,Cordage and Knots,21
-5000,initial,31,North eshashsamar Tribe,Fertile Crescent,101,Hide Working and Tailored Clothing,21
-5000,initial,31,North eshashsamar Tribe,Fertile Crescent,102,Hafted Stone Tools,21
-5000,initial,31,North eshashsamar Tribe,Fertile Crescent,105,Food Preservation,21
-5000,initial,31,North eshashsamar Tribe,Fertile Crescent,106,Storage Pits and Containers,21
-5000,initial,31,North eshashsamar Tribe,Fertile Crescent,107,Seasonal Aggregation Camps,21
-5000,initial,31,North eshashsamar Tribe,Fertile Crescent,110,Dog Domestication,21
-5000,initial,31,North eshashsamar Tribe,Fertile Crescent,111,Grinding Stones,21
-5000,initial,31,North eshashsamar Tribe,Fertile Crescent,112,Proto-cultivation,21
-5000,initial,31,North eshashsamar Tribe,Fertile Crescent,113,Sedentism,21
-5000,initial,31,North eshashsamar Tribe,Fertile Crescent,114,Enclosures and Herd Management,21
-5000,initial,31,North eshashsamar Tribe,Fertile Crescent,115,Counting Tokens and Tallies,21
-5000,initial,31,North eshashsamar Tribe,Fertile Crescent,116,Charcoal Firing,21
-5000,initial,31,North eshashsamar Tribe,Fertile Crescent,1,Pottery,21
-5000,initial,31,North eshashsamar Tribe,Fertile Crescent,119,Native Copper Working,21
-5000,initial,31,North eshashsamar Tribe,Fertile Crescent,2,Animal Husbandry,21
-5000,initial,31,North eshashsamar Tribe,Fertile Crescent,4,Mining,21
-5000,initial,31,North eshashsamar Tribe,Fertile Crescent,20,Agriculture,21
-5000,initial,31,North eshashsamar Tribe,Fertile Crescent,3,Archery,21
-5000,initial,31,North eshashsamar Tribe,Fertile Crescent,6,Calendar,21
-5000,initial,31,North eshashsamar Tribe,Fertile Crescent,10,Irrigation,21
-5000,initial,32,Nintamashan Tribe,Fertile Crescent,100,Cordage and Knots,21
-5000,initial,32,Nintamashan Tribe,Fertile Crescent,101,Hide Working and Tailored Clothing,21
-5000,initial,32,Nintamashan Tribe,Fertile Crescent,102,Hafted Stone Tools,21
-5000,initial,32,Nintamashan Tribe,Fertile Crescent,105,Food Preservation,21
-5000,initial,32,Nintamashan Tribe,Fertile Crescent,106,Storage Pits and Containers,21
-5000,initial,32,Nintamashan Tribe,Fertile Crescent,107,Seasonal Aggregation Camps,21
-5000,initial,32,Nintamashan Tribe,Fertile Crescent,110,Dog Domestication,21
-5000,initial,32,Nintamashan Tribe,Fertile Crescent,111,Grinding Stones,21
-5000,initial,32,Nintamashan Tribe,Fertile Crescent,112,Proto-cultivation,21
-5000,initial,32,Nintamashan Tribe,Fertile Crescent,113,Sedentism,21
-5000,initial,32,Nintamashan Tribe,Fertile Crescent,114,Enclosures and Herd Management,21
-5000,initial,32,Nintamashan Tribe,Fertile Crescent,115,Counting Tokens and Tallies,21
-5000,initial,32,Nintamashan Tribe,Fertile Crescent,116,Charcoal Firing,21
-5000,initial,32,Nintamashan Tribe,Fertile Crescent,1,Pottery,21
-5000,initial,32,Nintamashan Tribe,Fertile Crescent,119,Native Copper Working,21
-5000,initial,32,Nintamashan Tribe,Fertile Crescent,2,Animal Husbandry,21
-5000,initial,32,Nintamashan Tribe,Fertile Crescent,4,Mining,21
-5000,initial,32,Nintamashan Tribe,Fertile Crescent,20,Agriculture,21
-5000,initial,32,Nintamashan Tribe,Fertile Crescent,3,Archery,21
-5000,initial,32,Nintamashan Tribe,Fertile Crescent,6,Calendar,21
-5000,initial,32,Nintamashan Tribe,Fertile Crescent,10,Irrigation,21
-5000,initial,33,Samnintamum Tribe,Fertile Crescent,100,Cordage and Knots,21
-5000,initial,33,Samnintamum Tribe,Fertile Crescent,101,Hide Working and Tailored Clothing,21
-5000,initial,33,Samnintamum Tribe,Fertile Crescent,102,Hafted Stone Tools,21
-5000,initial,33,Samnintamum Tribe,Fertile Crescent,105,Food Preservation,21
-5000,initial,33,Samnintamum Tribe,Fertile Crescent,106,Storage Pits and Containers,21
-5000,initial,33,Samnintamum Tribe,Fertile Crescent,107,Seasonal Aggregation Camps,21
-5000,initial,33,Samnintamum Tribe,Fertile Crescent,110,Dog Domestication,21
-5000,initial,33,Samnintamum Tribe,Fertile Crescent,111,Grinding Stones,21
-5000,initial,33,Samnintamum Tribe,Fertile Crescent,112,Proto-cultivation,21
-5000,initial,33,Samnintamum Tribe,Fertile Crescent,113,Sedentism,21
-5000,initial,33,Samnintamum Tribe,Fertile Crescent,114,Enclosures and Herd Management,21
-5000,initial,33,Samnintamum Tribe,Fertile Crescent,115,Counting Tokens and Tallies,21
-5000,initial,33,Samnintamum Tribe,Fertile Crescent,116,Charcoal Firing,21
-5000,initial,33,Samnintamum Tribe,Fertile Crescent,1,Pottery,21
-5000,initial,33,Samnintamum Tribe,Fertile Crescent,119,Native Copper Working,21
-5000,initial,33,Samnintamum Tribe,Fertile Crescent,2,Animal Husbandry,21
-5000,initial,33,Samnintamum Tribe,Fertile Crescent,4,Mining,21
-5000,initial,33,Samnintamum Tribe,Fertile Crescent,20,Agriculture,21
-5000,initial,33,Samnintamum Tribe,Fertile Crescent,3,Archery,21
-5000,initial,33,Samnintamum Tribe,Fertile Crescent,6,Calendar,21
-5000,initial,33,Samnintamum Tribe,Fertile Crescent,10,Irrigation,21
-5000,initial,34,South kalbelkalan Tribe,Fertile Crescent,100,Cordage and Knots,21
-5000,initial,34,South kalbelkalan Tribe,Fertile Crescent,101,Hide Working and Tailored Clothing,21
-5000,initial,34,South kalbelkalan Tribe,Fertile Crescent,102,Hafted Stone Tools,21
-5000,initial,34,South kalbelkalan Tribe,Fertile Crescent,105,Food Preservation,21
-5000,initial,34,South kalbelkalan Tribe,Fertile Crescent,106,Storage Pits and Containers,21
-5000,initial,34,South kalbelkalan Tribe,Fertile Crescent,107,Seasonal Aggregation Camps,21
-5000,initial,34,South kalbelkalan Tribe,Fertile Crescent,110,Dog Domestication,21
-5000,initial,34,South kalbelkalan Tribe,Fertile Crescent,111,Grinding Stones,21
-5000,initial,34,South kalbelkalan Tribe,Fertile Crescent,112,Proto-cultivation,21
-5000,initial,34,South kalbelkalan Tribe,Fertile Crescent,113,Sedentism,21
-5000,initial,34,South kalbelkalan Tribe,Fertile Crescent,114,Enclosures and Herd Management,21
-5000,initial,34,South kalbelkalan Tribe,Fertile Crescent,115,Counting Tokens and Tallies,21
-5000,initial,34,South kalbelkalan Tribe,Fertile Crescent,116,Charcoal Firing,21
-5000,initial,34,South kalbelkalan Tribe,Fertile Crescent,1,Pottery,21
-5000,initial,34,South kalbelkalan Tribe,Fertile Crescent,119,Native Copper Working,21
-5000,initial,34,South kalbelkalan Tribe,Fertile Crescent,2,Animal Husbandry,21
-5000,initial,34,South kalbelkalan Tribe,Fertile Crescent,4,Mining,21
-5000,initial,34,South kalbelkalan Tribe,Fertile Crescent,20,Agriculture,21
-5000,initial,34,South kalbelkalan Tribe,Fertile Crescent,3,Archery,21
-5000,initial,34,South kalbelkalan Tribe,Fertile Crescent,6,Calendar,21
-5000,initial,34,South kalbelkalan Tribe,Fertile Crescent,10,Irrigation,21
-5000,initial,35,New kalbelad Tribe,Fertile Crescent,100,Cordage and Knots,21
-5000,initial,35,New kalbelad Tribe,Fertile Crescent,101,Hide Working and Tailored Clothing,21
-5000,initial,35,New kalbelad Tribe,Fertile Crescent,102,Hafted Stone Tools,21
-5000,initial,35,New kalbelad Tribe,Fertile Crescent,105,Food Preservation,21
-5000,initial,35,New kalbelad Tribe,Fertile Crescent,106,Storage Pits and Containers,21
-5000,initial,35,New kalbelad Tribe,Fertile Crescent,107,Seasonal Aggregation Camps,21
-5000,initial,35,New kalbelad Tribe,Fertile Crescent,110,Dog Domestication,21
-5000,initial,35,New kalbelad Tribe,Fertile Crescent,111,Grinding Stones,21
-5000,initial,35,New kalbelad Tribe,Fertile Crescent,112,Proto-cultivation,21
-5000,initial,35,New kalbelad Tribe,Fertile Crescent,113,Sedentism,21
-5000,initial,35,New kalbelad Tribe,Fertile Crescent,114,Enclosures and Herd Management,21
-5000,initial,35,New kalbelad Tribe,Fertile Crescent,115,Counting Tokens and Tallies,21
-5000,initial,35,New kalbelad Tribe,Fertile Crescent,116,Charcoal Firing,21
-5000,initial,35,New kalbelad Tribe,Fertile Crescent,1,Pottery,21
-5000,initial,35,New kalbelad Tribe,Fertile Crescent,119,Native Copper Working,21
-5000,initial,35,New kalbelad Tribe,Fertile Crescent,2,Animal Husbandry,21
-5000,initial,35,New kalbelad Tribe,Fertile Crescent,4,Mining,21
-5000,initial,35,New kalbelad Tribe,Fertile Crescent,20,Agriculture,21
-5000,initial,35,New kalbelad Tribe,Fertile Crescent,3,Archery,21
-5000,initial,35,New kalbelad Tribe,Fertile Crescent,6,Calendar,21
-5000,initial,35,New kalbelad Tribe,Fertile Crescent,10,Irrigation,21
-5000,initial,36,Old beltam Tribe,Fertile Crescent,100,Cordage and Knots,21
-5000,initial,36,Old beltam Tribe,Fertile Crescent,101,Hide Working and Tailored Clothing,21
-5000,initial,36,Old beltam Tribe,Fertile Crescent,102,Hafted Stone Tools,21
-5000,initial,36,Old beltam Tribe,Fertile Crescent,105,Food Preservation,21
-5000,initial,36,Old beltam Tribe,Fertile Crescent,106,Storage Pits and Containers,21
-5000,initial,36,Old beltam Tribe,Fertile Crescent,107,Seasonal Aggregation Camps,21
-5000,initial,36,Old beltam Tribe,Fertile Crescent,110,Dog Domestication,21
-5000,initial,36,Old beltam Tribe,Fertile Crescent,111,Grinding Stones,21
-5000,initial,36,Old beltam Tribe,Fertile Crescent,112,Proto-cultivation,21
-5000,initial,36,Old beltam Tribe,Fertile Crescent,113,Sedentism,21
-5000,initial,36,Old beltam Tribe,Fertile Crescent,114,Enclosures and Herd Management,21
-5000,initial,36,Old beltam Tribe,Fertile Crescent,115,Counting Tokens and Tallies,21
-5000,initial,36,Old beltam Tribe,Fertile Crescent,116,Charcoal Firing,21
-5000,initial,36,Old beltam Tribe,Fertile Crescent,1,Pottery,21
-5000,initial,36,Old beltam Tribe,Fertile Crescent,119,Native Copper Working,21
-5000,initial,36,Old beltam Tribe,Fertile Crescent,2,Animal Husbandry,21
-5000,initial,36,Old beltam Tribe,Fertile Crescent,4,Mining,21
-5000,initial,36,Old beltam Tribe,Fertile Crescent,20,Agriculture,21
-5000,initial,36,Old beltam Tribe,Fertile Crescent,3,Archery,21
-5000,initial,36,Old beltam Tribe,Fertile Crescent,6,Calendar,21
-5000,initial,36,Old beltam Tribe,Fertile Crescent,10,Irrigation,21
-5000,initial,37,New samsamum Tribe,Fertile Crescent,100,Cordage and Knots,21
-5000,initial,37,New samsamum Tribe,Fertile Crescent,101,Hide Working and Tailored Clothing,21
-5000,initial,37,New samsamum Tribe,Fertile Crescent,102,Hafted Stone Tools,21
-5000,initial,37,New samsamum Tribe,Fertile Crescent,105,Food Preservation,21
-5000,initial,37,New samsamum Tribe,Fertile Crescent,106,Storage Pits and Containers,21
-5000,initial,37,New samsamum Tribe,Fertile Crescent,107,Seasonal Aggregation Camps,21
-5000,initial,37,New samsamum Tribe,Fertile Crescent,110,Dog Domestication,21
-5000,initial,37,New samsamum Tribe,Fertile Crescent,111,Grinding Stones,21
-5000,initial,37,New samsamum Tribe,Fertile Crescent,112,Proto-cultivation,21
-5000,initial,37,New samsamum Tribe,Fertile Crescent,113,Sedentism,21
-5000,initial,37,New samsamum Tribe,Fertile Crescent,114,Enclosures and Herd Management,21
-5000,initial,37,New samsamum Tribe,Fertile Crescent,115,Counting Tokens and Tallies,21
-5000,initial,37,New samsamum Tribe,Fertile Crescent,116,Charcoal Firing,21
-5000,initial,37,New samsamum Tribe,Fertile Crescent,1,Pottery,21
-5000,initial,37,New samsamum Tribe,Fertile Crescent,119,Native Copper Working,21
-5000,initial,37,New samsamum Tribe,Fertile Crescent,2,Animal Husbandry,21
-5000,initial,37,New samsamum Tribe,Fertile Crescent,4,Mining,21
-5000,initial,37,New samsamum Tribe,Fertile Crescent,20,Agriculture,21
-5000,initial,37,New samsamum Tribe,Fertile Crescent,3,Archery,21
-5000,initial,37,New samsamum Tribe,Fertile Crescent,6,Calendar,21
-5000,initial,37,New samsamum Tribe,Fertile Crescent,10,Irrigation,21
-5000,initial,38,South ninbaran Tribe,Fertile Crescent,100,Cordage and Knots,21
-5000,initial,38,South ninbaran Tribe,Fertile Crescent,101,Hide Working and Tailored Clothing,21
-5000,initial,38,South ninbaran Tribe,Fertile Crescent,102,Hafted Stone Tools,21
-5000,initial,38,South ninbaran Tribe,Fertile Crescent,105,Food Preservation,21
-5000,initial,38,South ninbaran Tribe,Fertile Crescent,106,Storage Pits and Containers,21
-5000,initial,38,South ninbaran Tribe,Fertile Crescent,107,Seasonal Aggregation Camps,21
-5000,initial,38,South ninbaran Tribe,Fertile Crescent,110,Dog Domestication,21
-5000,initial,38,South ninbaran Tribe,Fertile Crescent,111,Grinding Stones,21
-5000,initial,38,South ninbaran Tribe,Fertile Crescent,112,Proto-cultivation,21
-5000,initial,38,South ninbaran Tribe,Fertile Crescent,113,Sedentism,21
-5000,initial,38,South ninbaran Tribe,Fertile Crescent,114,Enclosures and Herd Management,21
-5000,initial,38,South ninbaran Tribe,Fertile Crescent,115,Counting Tokens and Tallies,21
-5000,initial,38,South ninbaran Tribe,Fertile Crescent,116,Charcoal Firing,21
-5000,initial,38,South ninbaran Tribe,Fertile Crescent,1,Pottery,21
-5000,initial,38,South ninbaran Tribe,Fertile Crescent,119,Native Copper Working,21
-5000,initial,38,South ninbaran Tribe,Fertile Crescent,2,Animal Husbandry,21
-5000,initial,38,South ninbaran Tribe,Fertile Crescent,4,Mining,21
-5000,initial,38,South ninbaran Tribe,Fertile Crescent,20,Agriculture,21
-5000,initial,38,South ninbaran Tribe,Fertile Crescent,3,Archery,21
-5000,initial,38,South ninbaran Tribe,Fertile Crescent,6,Calendar,21
-5000,initial,38,South ninbaran Tribe,Fertile Crescent,10,Irrigation,21
-5000,initial,39,Old ranzenstan Tribe,Monsoon Coastal,100,Cordage and Knots,20
-5000,initial,39,Old ranzenstan Tribe,Monsoon Coastal,101,Hide Working and Tailored Clothing,20
-5000,initial,39,Old ranzenstan Tribe,Monsoon Coastal,102,Hafted Stone Tools,20
-5000,initial,39,Old ranzenstan Tribe,Monsoon Coastal,104,Fishing Technology,20
-5000,initial,39,Old ranzenstan Tribe,Monsoon Coastal,105,Food Preservation,20
-5000,initial,39,Old ranzenstan Tribe,Monsoon Coastal,106,Storage Pits and Containers,20
-5000,initial,39,Old ranzenstan Tribe,Monsoon Coastal,107,Seasonal Aggregation Camps,20
-5000,initial,39,Old ranzenstan Tribe,Monsoon Coastal,108,Watercraft,20
-5000,initial,39,Old ranzenstan Tribe,Monsoon Coastal,110,Dog Domestication,20
-5000,initial,39,Old ranzenstan Tribe,Monsoon Coastal,111,Grinding Stones,20
-5000,initial,39,Old ranzenstan Tribe,Monsoon Coastal,112,Proto-cultivation,20
-5000,initial,39,Old ranzenstan Tribe,Monsoon Coastal,113,Sedentism,20
-5000,initial,39,Old ranzenstan Tribe,Monsoon Coastal,114,Enclosures and Herd Management,20
-5000,initial,39,Old ranzenstan Tribe,Monsoon Coastal,116,Charcoal Firing,20
-5000,initial,39,Old ranzenstan Tribe,Monsoon Coastal,1,Pottery,20
-5000,initial,39,Old ranzenstan Tribe,Monsoon Coastal,2,Animal Husbandry,20
-5000,initial,39,Old ranzenstan Tribe,Monsoon Coastal,20,Agriculture,20
-5000,initial,39,Old ranzenstan Tribe,Monsoon Coastal,3,Archery,20
-5000,initial,39,Old ranzenstan Tribe,Monsoon Coastal,5,Sailing,20
-5000,initial,39,Old ranzenstan Tribe,Monsoon Coastal,6,Calendar,20
-5000,initial,40,North viaromzenstan Tribe,Monsoon Coastal,100,Cordage and Knots,20
-5000,initial,40,North viaromzenstan Tribe,Monsoon Coastal,101,Hide Working and Tailored Clothing,20
-5000,initial,40,North viaromzenstan Tribe,Monsoon Coastal,102,Hafted Stone Tools,20
-5000,initial,40,North viaromzenstan Tribe,Monsoon Coastal,104,Fishing Technology,20
-5000,initial,40,North viaromzenstan Tribe,Monsoon Coastal,105,Food Preservation,20
-5000,initial,40,North viaromzenstan Tribe,Monsoon Coastal,106,Storage Pits and Containers,20
-5000,initial,40,North viaromzenstan Tribe,Monsoon Coastal,107,Seasonal Aggregation Camps,20
-5000,initial,40,North viaromzenstan Tribe,Monsoon Coastal,108,Watercraft,20
-5000,initial,40,North viaromzenstan Tribe,Monsoon Coastal,110,Dog Domestication,20
-5000,initial,40,North viaromzenstan Tribe,Monsoon Coastal,111,Grinding Stones,20
-5000,initial,40,North viaromzenstan Tribe,Monsoon Coastal,112,Proto-cultivation,20
-5000,initial,40,North viaromzenstan Tribe,Monsoon Coastal,113,Sedentism,20
-5000,initial,40,North viaromzenstan Tribe,Monsoon Coastal,114,Enclosures and Herd Management,20
-5000,initial,40,North viaromzenstan Tribe,Monsoon Coastal,116,Charcoal Firing,20
-5000,initial,40,North viaromzenstan Tribe,Monsoon Coastal,1,Pottery,20
-5000,initial,40,North viaromzenstan Tribe,Monsoon Coastal,2,Animal Husbandry,20
-5000,initial,40,North viaromzenstan Tribe,Monsoon Coastal,20,Agriculture,20
-5000,initial,40,North viaromzenstan Tribe,Monsoon Coastal,3,Archery,20
-5000,initial,40,North viaromzenstan Tribe,Monsoon Coastal,5,Sailing,20
-5000,initial,40,North viaromzenstan Tribe,Monsoon Coastal,6,Calendar,20
-5000,initial,41,South marduslinstan Tribe,Monsoon Coastal,100,Cordage and Knots,20
-5000,initial,41,South marduslinstan Tribe,Monsoon Coastal,101,Hide Working and Tailored Clothing,20
-5000,initial,41,South marduslinstan Tribe,Monsoon Coastal,102,Hafted Stone Tools,20
-5000,initial,41,South marduslinstan Tribe,Monsoon Coastal,104,Fishing Technology,20
-5000,initial,41,South marduslinstan Tribe,Monsoon Coastal,105,Food Preservation,20
-5000,initial,41,South marduslinstan Tribe,Monsoon Coastal,106,Storage Pits and Containers,20
-5000,initial,41,South marduslinstan Tribe,Monsoon Coastal,107,Seasonal Aggregation Camps,20
-5000,initial,41,South marduslinstan Tribe,Monsoon Coastal,108,Watercraft,20
-5000,initial,41,South marduslinstan Tribe,Monsoon Coastal,110,Dog Domestication,20
-5000,initial,41,South marduslinstan Tribe,Monsoon Coastal,111,Grinding Stones,20
-5000,initial,41,South marduslinstan Tribe,Monsoon Coastal,112,Proto-cultivation,20
-5000,initial,41,South marduslinstan Tribe,Monsoon Coastal,113,Sedentism,20
-5000,initial,41,South marduslinstan Tribe,Monsoon Coastal,114,Enclosures and Herd Management,20
-5000,initial,41,South marduslinstan Tribe,Monsoon Coastal,116,Charcoal Firing,20
-5000,initial,41,South marduslinstan Tribe,Monsoon Coastal,1,Pottery,20
-5000,initial,41,South marduslinstan Tribe,Monsoon Coastal,2,Animal Husbandry,20
-5000,initial,41,South marduslinstan Tribe,Monsoon Coastal,20,Agriculture,20
-5000,initial,41,South marduslinstan Tribe,Monsoon Coastal,3,Archery,20
-5000,initial,41,South marduslinstan Tribe,Monsoon Coastal,5,Sailing,20
-5000,initial,41,South marduslinstan Tribe,Monsoon Coastal,6,Calendar,20
-5000,initial,42,Lorromzenia Tribe,Monsoon Coastal,100,Cordage and Knots,20
-5000,initial,42,Lorromzenia Tribe,Monsoon Coastal,101,Hide Working and Tailored Clothing,20
-5000,initial,42,Lorromzenia Tribe,Monsoon Coastal,102,Hafted Stone Tools,20
-5000,initial,42,Lorromzenia Tribe,Monsoon Coastal,104,Fishing Technology,20
-5000,initial,42,Lorromzenia Tribe,Monsoon Coastal,105,Food Preservation,20
-5000,initial,42,Lorromzenia Tribe,Monsoon Coastal,106,Storage Pits and Containers,20
-5000,initial,42,Lorromzenia Tribe,Monsoon Coastal,107,Seasonal Aggregation Camps,20
-5000,initial,42,Lorromzenia Tribe,Monsoon Coastal,108,Watercraft,20
-5000,initial,42,Lorromzenia Tribe,Monsoon Coastal,110,Dog Domestication,20
-5000,initial,42,Lorromzenia Tribe,Monsoon Coastal,111,Grinding Stones,20
-5000,initial,42,Lorromzenia Tribe,Monsoon Coastal,112,Proto-cultivation,20
-5000,initial,42,Lorromzenia Tribe,Monsoon Coastal,113,Sedentism,20
-5000,initial,42,Lorromzenia Tribe,Monsoon Coastal,114,Enclosures and Herd Management,20
-5000,initial,42,Lorromzenia Tribe,Monsoon Coastal,116,Charcoal Firing,20
-5000,initial,42,Lorromzenia Tribe,Monsoon Coastal,1,Pottery,20
-5000,initial,42,Lorromzenia Tribe,Monsoon Coastal,2,Animal Husbandry,20
-5000,initial,42,Lorromzenia Tribe,Monsoon Coastal,20,Agriculture,20
-5000,initial,42,Lorromzenia Tribe,Monsoon Coastal,3,Archery,20
-5000,initial,42,Lorromzenia Tribe,Monsoon Coastal,5,Sailing,20
-5000,initial,42,Lorromzenia Tribe,Monsoon Coastal,6,Calendar,20
-5000,initial,43,Great linkinstan Tribe,Monsoon Coastal,100,Cordage and Knots,20
-5000,initial,43,Great linkinstan Tribe,Monsoon Coastal,101,Hide Working and Tailored Clothing,20
-5000,initial,43,Great linkinstan Tribe,Monsoon Coastal,102,Hafted Stone Tools,20
-5000,initial,43,Great linkinstan Tribe,Monsoon Coastal,104,Fishing Technology,20
-5000,initial,43,Great linkinstan Tribe,Monsoon Coastal,105,Food Preservation,20
-5000,initial,43,Great linkinstan Tribe,Monsoon Coastal,106,Storage Pits and Containers,20
-5000,initial,43,Great linkinstan Tribe,Monsoon Coastal,107,Seasonal Aggregation Camps,20
-5000,initial,43,Great linkinstan Tribe,Monsoon Coastal,108,Watercraft,20
-5000,initial,43,Great linkinstan Tribe,Monsoon Coastal,110,Dog Domestication,20
-5000,initial,43,Great linkinstan Tribe,Monsoon Coastal,111,Grinding Stones,20
-5000,initial,43,Great linkinstan Tribe,Monsoon Coastal,112,Proto-cultivation,20
-5000,initial,43,Great linkinstan Tribe,Monsoon Coastal,113,Sedentism,20
-5000,initial,43,Great linkinstan Tribe,Monsoon Coastal,114,Enclosures and Herd Management,20
-5000,initial,43,Great linkinstan Tribe,Monsoon Coastal,116,Charcoal Firing,20
-5000,initial,43,Great linkinstan Tribe,Monsoon Coastal,1,Pottery,20
-5000,initial,43,Great linkinstan Tribe,Monsoon Coastal,2,Animal Husbandry,20
-5000,initial,43,Great linkinstan Tribe,Monsoon Coastal,20,Agriculture,20
-5000,initial,43,Great linkinstan Tribe,Monsoon Coastal,3,Archery,20
-5000,initial,43,Great linkinstan Tribe,Monsoon Coastal,5,Sailing,20
-5000,initial,43,Great linkinstan Tribe,Monsoon Coastal,6,Calendar,20
-5000,initial,44,Great belsolzenia Tribe,Monsoon Coastal,100,Cordage and Knots,20
-5000,initial,44,Great belsolzenia Tribe,Monsoon Coastal,101,Hide Working and Tailored Clothing,20
-5000,initial,44,Great belsolzenia Tribe,Monsoon Coastal,102,Hafted Stone Tools,20
-5000,initial,44,Great belsolzenia Tribe,Monsoon Coastal,104,Fishing Technology,20
-5000,initial,44,Great belsolzenia Tribe,Monsoon Coastal,105,Food Preservation,20
-5000,initial,44,Great belsolzenia Tribe,Monsoon Coastal,106,Storage Pits and Containers,20
-5000,initial,44,Great belsolzenia Tribe,Monsoon Coastal,107,Seasonal Aggregation Camps,20
-5000,initial,44,Great belsolzenia Tribe,Monsoon Coastal,108,Watercraft,20
-5000,initial,44,Great belsolzenia Tribe,Monsoon Coastal,110,Dog Domestication,20
-5000,initial,44,Great belsolzenia Tribe,Monsoon Coastal,111,Grinding Stones,20
-5000,initial,44,Great belsolzenia Tribe,Monsoon Coastal,112,Proto-cultivation,20
-5000,initial,44,Great belsolzenia Tribe,Monsoon Coastal,113,Sedentism,20
-5000,initial,44,Great belsolzenia Tribe,Monsoon Coastal,114,Enclosures and Herd Management,20
-5000,initial,44,Great belsolzenia Tribe,Monsoon Coastal,116,Charcoal Firing,20
-5000,initial,44,Great belsolzenia Tribe,Monsoon Coastal,1,Pottery,20
-5000,initial,44,Great belsolzenia Tribe,Monsoon Coastal,2,Animal Husbandry,20
-5000,initial,44,Great belsolzenia Tribe,Monsoon Coastal,20,Agriculture,20
-5000,initial,44,Great belsolzenia Tribe,Monsoon Coastal,3,Archery,20
-5000,initial,44,Great belsolzenia Tribe,Monsoon Coastal,5,Sailing,20
-5000,initial,44,Great belsolzenia Tribe,Monsoon Coastal,6,Calendar,20
-5000,initial,45,Solromkin Tribe,Steppe Nomadic,100,Cordage and Knots,14
-5000,initial,45,Solromkin Tribe,Steppe Nomadic,101,Hide Working and Tailored Clothing,14
-5000,initial,45,Solromkin Tribe,Steppe Nomadic,102,Hafted Stone Tools,14
-5000,initial,45,Solromkin Tribe,Steppe Nomadic,105,Food Preservation,14
-5000,initial,45,Solromkin Tribe,Steppe Nomadic,106,Storage Pits and Containers,14
-5000,initial,45,Solromkin Tribe,Steppe Nomadic,107,Seasonal Aggregation Camps,14
-5000,initial,45,Solromkin Tribe,Steppe Nomadic,110,Dog Domestication,14
-5000,initial,45,Solromkin Tribe,Steppe Nomadic,111,Grinding Stones,14
-5000,initial,45,Solromkin Tribe,Steppe Nomadic,113,Sedentism,14
-5000,initial,45,Solromkin Tribe,Steppe Nomadic,114,Enclosures and Herd Management,14
-5000,initial,45,Solromkin Tribe,Steppe Nomadic,2,Animal Husbandry,14
-5000,initial,45,Solromkin Tribe,Steppe Nomadic,4,Mining,14
-5000,initial,45,Solromkin Tribe,Steppe Nomadic,3,Archery,14
-5000,initial,45,Solromkin Tribe,Steppe Nomadic,6,Calendar,14
-5000,initial,46,Great gargarland Tribe,Steppe Nomadic,100,Cordage and Knots,14
-5000,initial,46,Great gargarland Tribe,Steppe Nomadic,101,Hide Working and Tailored Clothing,14
-5000,initial,46,Great gargarland Tribe,Steppe Nomadic,102,Hafted Stone Tools,14
-5000,initial,46,Great gargarland Tribe,Steppe Nomadic,105,Food Preservation,14
-5000,initial,46,Great gargarland Tribe,Steppe Nomadic,106,Storage Pits and Containers,14
-5000,initial,46,Great gargarland Tribe,Steppe Nomadic,107,Seasonal Aggregation Camps,14
-5000,initial,46,Great gargarland Tribe,Steppe Nomadic,110,Dog Domestication,14
-5000,initial,46,Great gargarland Tribe,Steppe Nomadic,111,Grinding Stones,14
-5000,initial,46,Great gargarland Tribe,Steppe Nomadic,113,Sedentism,14
-5000,initial,46,Great gargarland Tribe,Steppe Nomadic,114,Enclosures and Herd Management,14
-5000,initial,46,Great gargarland Tribe,Steppe Nomadic,2,Animal Husbandry,14
-5000,initial,46,Great gargarland Tribe,Steppe Nomadic,4,Mining,14
-5000,initial,46,Great gargarland Tribe,Steppe Nomadic,3,Archery,14
-5000,initial,46,Great gargarland Tribe,Steppe Nomadic,6,Calendar,14
-5000,initial,47,New ranrangrad Tribe,Steppe Nomadic,100,Cordage and Knots,14
-5000,initial,47,New ranrangrad Tribe,Steppe Nomadic,101,Hide Working and Tailored Clothing,14
-5000,initial,47,New ranrangrad Tribe,Steppe Nomadic,102,Hafted Stone Tools,14
-5000,initial,47,New ranrangrad Tribe,Steppe Nomadic,105,Food Preservation,14
-5000,initial,47,New ranrangrad Tribe,Steppe Nomadic,106,Storage Pits and Containers,14
-5000,initial,47,New ranrangrad Tribe,Steppe Nomadic,107,Seasonal Aggregation Camps,14
-5000,initial,47,New ranrangrad Tribe,Steppe Nomadic,110,Dog Domestication,14
-5000,initial,47,New ranrangrad Tribe,Steppe Nomadic,111,Grinding Stones,14
-5000,initial,47,New ranrangrad Tribe,Steppe Nomadic,113,Sedentism,14
-5000,initial,47,New ranrangrad Tribe,Steppe Nomadic,114,Enclosures and Herd Management,14
-5000,initial,47,New ranrangrad Tribe,Steppe Nomadic,2,Animal Husbandry,14
-5000,initial,47,New ranrangrad Tribe,Steppe Nomadic,4,Mining,14
-5000,initial,47,New ranrangrad Tribe,Steppe Nomadic,3,Archery,14
-5000,initial,47,New ranrangrad Tribe,Steppe Nomadic,6,Calendar,14
-5000,initial,48,North ngotansea Tribe,Nile Floodplain,100,Cordage and Knots,19
-5000,initial,48,North ngotansea Tribe,Nile Floodplain,101,Hide Working and Tailored Clothing,19
-5000,initial,48,North ngotansea Tribe,Nile Floodplain,102,Hafted Stone Tools,19
-5000,initial,48,North ngotansea Tribe,Nile Floodplain,105,Food Preservation,19
-5000,initial,48,North ngotansea Tribe,Nile Floodplain,106,Storage Pits and Containers,19
-5000,initial,48,North ngotansea Tribe,Nile Floodplain,107,Seasonal Aggregation Camps,19
-5000,initial,48,North ngotansea Tribe,Nile Floodplain,110,Dog Domestication,19
-5000,initial,48,North ngotansea Tribe,Nile Floodplain,111,Grinding Stones,19
-5000,initial,48,North ngotansea Tribe,Nile Floodplain,112,Proto-cultivation,19
-5000,initial,48,North ngotansea Tribe,Nile Floodplain,113,Sedentism,19
-5000,initial,48,North ngotansea Tribe,Nile Floodplain,114,Enclosures and Herd Management,19
-5000,initial,48,North ngotansea Tribe,Nile Floodplain,115,Counting Tokens and Tallies,19
-5000,initial,48,North ngotansea Tribe,Nile Floodplain,116,Charcoal Firing,19
-5000,initial,48,North ngotansea Tribe,Nile Floodplain,1,Pottery,19
-5000,initial,48,North ngotansea Tribe,Nile Floodplain,2,Animal Husbandry,19
-5000,initial,48,North ngotansea Tribe,Nile Floodplain,20,Agriculture,19
-5000,initial,48,North ngotansea Tribe,Nile Floodplain,3,Archery,19
-5000,initial,48,North ngotansea Tribe,Nile Floodplain,6,Calendar,19
-5000,initial,48,North ngotansea Tribe,Nile Floodplain,10,Irrigation,19
-5000,initial,49,Great barmau Tribe,Nile Floodplain,100,Cordage and Knots,19
-5000,initial,49,Great barmau Tribe,Nile Floodplain,101,Hide Working and Tailored Clothing,19
-5000,initial,49,Great barmau Tribe,Nile Floodplain,102,Hafted Stone Tools,19
-5000,initial,49,Great barmau Tribe,Nile Floodplain,105,Food Preservation,19
-5000,initial,49,Great barmau Tribe,Nile Floodplain,106,Storage Pits and Containers,19
-5000,initial,49,Great barmau Tribe,Nile Floodplain,107,Seasonal Aggregation Camps,19
-5000,initial,49,Great barmau Tribe,Nile Floodplain,110,Dog Domestication,19
-5000,initial,49,Great barmau Tribe,Nile Floodplain,111,Grinding Stones,19
-5000,initial,49,Great barmau Tribe,Nile Floodplain,112,Proto-cultivation,19
-5000,initial,49,Great barmau Tribe,Nile Floodplain,113,Sedentism,19
-5000,initial,49,Great barmau Tribe,Nile Floodplain,114,Enclosures and Herd Management,19
-5000,initial,49,Great barmau Tribe,Nile Floodplain,115,Counting Tokens and Tallies,19
-5000,initial,49,Great barmau Tribe,Nile Floodplain,116,Charcoal Firing,19
-5000,initial,49,Great barmau Tribe,Nile Floodplain,1,Pottery,19
-5000,initial,49,Great barmau Tribe,Nile Floodplain,2,Animal Husbandry,19
-5000,initial,49,Great barmau Tribe,Nile Floodplain,20,Agriculture,19
-5000,initial,49,Great barmau Tribe,Nile Floodplain,3,Archery,19
-5000,initial,49,Great barmau Tribe,Nile Floodplain,6,Calendar,19
-5000,initial,49,Great barmau Tribe,Nile Floodplain,10,Irrigation,19
-5000,initial,50,Great barma Tribe,North Saharan,100,Cordage and Knots,19
-5000,initial,50,Great barma Tribe,North Saharan,101,Hide Working and Tailored Clothing,19
-5000,initial,50,Great barma Tribe,North Saharan,102,Hafted Stone Tools,19
-5000,initial,50,Great barma Tribe,North Saharan,105,Food Preservation,19
-5000,initial,50,Great barma Tribe,North Saharan,106,Storage Pits and Containers,19
-5000,initial,50,Great barma Tribe,North Saharan,107,Seasonal Aggregation Camps,19
-5000,initial,50,Great barma Tribe,North Saharan,110,Dog Domestication,19
-5000,initial,50,Great barma Tribe,North Saharan,111,Grinding Stones,19
-5000,initial,50,Great barma Tribe,North Saharan,112,Proto-cultivation,19
-5000,initial,50,Great barma Tribe,North Saharan,113,Sedentism,19
-5000,initial,50,Great barma Tribe,North Saharan,114,Enclosures and Herd Management,19
-5000,initial,50,Great barma Tribe,North Saharan,115,Counting Tokens and Tallies,19
-5000,initial,50,Great barma Tribe,North Saharan,116,Charcoal Firing,19
-5000,initial,50,Great barma Tribe,North Saharan,1,Pottery,19
-5000,initial,50,Great barma Tribe,North Saharan,2,Animal Husbandry,19
-5000,initial,50,Great barma Tribe,North Saharan,4,Mining,19
-5000,initial,50,Great barma Tribe,North Saharan,20,Agriculture,19
-5000,initial,50,Great barma Tribe,North Saharan,3,Archery,19
-5000,initial,50,Great barma Tribe,North Saharan,6,Calendar,19
-5000,initial,51,South chilamu Tribe,West Sahel,100,Cordage and Knots,15
-5000,initial,51,South chilamu Tribe,West Sahel,101,Hide Working and Tailored Clothing,15
-5000,initial,51,South chilamu Tribe,West Sahel,102,Hafted Stone Tools,15
-5000,initial,51,South chilamu Tribe,West Sahel,105,Food Preservation,15
-5000,initial,51,South chilamu Tribe,West Sahel,106,Storage Pits and Containers,15
-5000,initial,51,South chilamu Tribe,West Sahel,107,Seasonal Aggregation Camps,15
-5000,initial,51,South chilamu Tribe,West Sahel,111,Grinding Stones,15
-5000,initial,51,South chilamu Tribe,West Sahel,112,Proto-cultivation,15
-5000,initial,51,South chilamu Tribe,West Sahel,113,Sedentism,15
-5000,initial,51,South chilamu Tribe,West Sahel,116,Charcoal Firing,15
-5000,initial,51,South chilamu Tribe,West Sahel,1,Pottery,15
-5000,initial,51,South chilamu Tribe,West Sahel,4,Mining,15
-5000,initial,51,South chilamu Tribe,West Sahel,20,Agriculture,15
-5000,initial,51,South chilamu Tribe,West Sahel,3,Archery,15
-5000,initial,51,South chilamu Tribe,West Sahel,6,Calendar,15
-5000,initial,52,Chibarngo Tribe,West Sahel,100,Cordage and Knots,15
-5000,initial,52,Chibarngo Tribe,West Sahel,101,Hide Working and Tailored Clothing,15
-5000,initial,52,Chibarngo Tribe,West Sahel,102,Hafted Stone Tools,15
-5000,initial,52,Chibarngo Tribe,West Sahel,105,Food Preservation,15
-5000,initial,52,Chibarngo Tribe,West Sahel,106,Storage Pits and Containers,15
-5000,initial,52,Chibarngo Tribe,West Sahel,107,Seasonal Aggregation Camps,15
-5000,initial,52,Chibarngo Tribe,West Sahel,111,Grinding Stones,15
-5000,initial,52,Chibarngo Tribe,West Sahel,112,Proto-cultivation,15
-5000,initial,52,Chibarngo Tribe,West Sahel,113,Sedentism,15
-5000,initial,52,Chibarngo Tribe,West Sahel,116,Charcoal Firing,15
-5000,initial,52,Chibarngo Tribe,West Sahel,1,Pottery,15
-5000,initial,52,Chibarngo Tribe,West Sahel,4,Mining,15
-5000,initial,52,Chibarngo Tribe,West Sahel,20,Agriculture,15
-5000,initial,52,Chibarngo Tribe,West Sahel,3,Archery,15
-5000,initial,52,Chibarngo Tribe,West Sahel,6,Calendar,15
-5000,initial,53,New tanofiu Tribe,East Horn,100,Cordage and Knots,15
-5000,initial,53,New tanofiu Tribe,East Horn,101,Hide Working and Tailored Clothing,15
-5000,initial,53,New tanofiu Tribe,East Horn,102,Hafted Stone Tools,15
-5000,initial,53,New tanofiu Tribe,East Horn,105,Food Preservation,15
-5000,initial,53,New tanofiu Tribe,East Horn,106,Storage Pits and Containers,15
-5000,initial,53,New tanofiu Tribe,East Horn,107,Seasonal Aggregation Camps,15
-5000,initial,53,New tanofiu Tribe,East Horn,111,Grinding Stones,15
-5000,initial,53,New tanofiu Tribe,East Horn,112,Proto-cultivation,15
-5000,initial,53,New tanofiu Tribe,East Horn,113,Sedentism,15
-5000,initial,53,New tanofiu Tribe,East Horn,116,Charcoal Firing,15
-5000,initial,53,New tanofiu Tribe,East Horn,1,Pottery,15
-5000,initial,53,New tanofiu Tribe,East Horn,4,Mining,15
-5000,initial,53,New tanofiu Tribe,East Horn,20,Agriculture,15
-5000,initial,53,New tanofiu Tribe,East Horn,3,Archery,15
-5000,initial,53,New tanofiu Tribe,East Horn,6,Calendar,15
-5000,initial,54,New chilama Tribe,East Horn,100,Cordage and Knots,15
-5000,initial,54,New chilama Tribe,East Horn,101,Hide Working and Tailored Clothing,15
-5000,initial,54,New chilama Tribe,East Horn,102,Hafted Stone Tools,15
-5000,initial,54,New chilama Tribe,East Horn,105,Food Preservation,15
-5000,initial,54,New chilama Tribe,East Horn,106,Storage Pits and Containers,15
-5000,initial,54,New chilama Tribe,East Horn,107,Seasonal Aggregation Camps,15
-5000,initial,54,New chilama Tribe,East Horn,111,Grinding Stones,15
-5000,initial,54,New chilama Tribe,East Horn,112,Proto-cultivation,15
-5000,initial,54,New chilama Tribe,East Horn,113,Sedentism,15
-5000,initial,54,New chilama Tribe,East Horn,116,Charcoal Firing,15
-5000,initial,54,New chilama Tribe,East Horn,1,Pottery,15
-5000,initial,54,New chilama Tribe,East Horn,4,Mining,15
-5000,initial,54,New chilama Tribe,East Horn,20,Agriculture,15
-5000,initial,54,New chilama Tribe,East Horn,3,Archery,15
-5000,initial,54,New chilama Tribe,East Horn,6,Calendar,15
-5000,initial,55,Great selamu Tribe,Central Forest,100,Cordage and Knots,13
-5000,initial,55,Great selamu Tribe,Central Forest,101,Hide Working and Tailored Clothing,13
-5000,initial,55,Great selamu Tribe,Central Forest,102,Hafted Stone Tools,13
-5000,initial,55,Great selamu Tribe,Central Forest,105,Food Preservation,13
-5000,initial,55,Great selamu Tribe,Central Forest,106,Storage Pits and Containers,13
-5000,initial,55,Great selamu Tribe,Central Forest,107,Seasonal Aggregation Camps,13
-5000,initial,55,Great selamu Tribe,Central Forest,111,Grinding Stones,13
-5000,initial,55,Great selamu Tribe,Central Forest,113,Sedentism,13
-5000,initial,55,Great selamu Tribe,Central Forest,116,Charcoal Firing,13
-5000,initial,55,Great selamu Tribe,Central Forest,1,Pottery,13
-5000,initial,55,Great selamu Tribe,Central Forest,4,Mining,13
-5000,initial,55,Great selamu Tribe,Central Forest,3,Archery,13
-5000,initial,55,Great selamu Tribe,Central Forest,6,Calendar,13
-5000,initial,56,Old tarlenbelum Tribe,Mediterranean Highland,100,Cordage and Knots,20
-5000,initial,56,Old tarlenbelum Tribe,Mediterranean Highland,101,Hide Working and Tailored Clothing,20
-5000,initial,56,Old tarlenbelum Tribe,Mediterranean Highland,102,Hafted Stone Tools,20
-5000,initial,56,Old tarlenbelum Tribe,Mediterranean Highland,105,Food Preservation,20
-5000,initial,56,Old tarlenbelum Tribe,Mediterranean Highland,106,Storage Pits and Containers,20
-5000,initial,56,Old tarlenbelum Tribe,Mediterranean Highland,107,Seasonal Aggregation Camps,20
-5000,initial,56,Old tarlenbelum Tribe,Mediterranean Highland,110,Dog Domestication,20
-5000,initial,56,Old tarlenbelum Tribe,Mediterranean Highland,111,Grinding Stones,20
-5000,initial,56,Old tarlenbelum Tribe,Mediterranean Highland,112,Proto-cultivation,20
-5000,initial,56,Old tarlenbelum Tribe,Mediterranean Highland,113,Sedentism,20
-5000,initial,56,Old tarlenbelum Tribe,Mediterranean Highland,114,Enclosures and Herd Management,20
-5000,initial,56,Old tarlenbelum Tribe,Mediterranean Highland,115,Counting Tokens and Tallies,20
-5000,initial,56,Old tarlenbelum Tribe,Mediterranean Highland,116,Charcoal Firing,20
-5000,initial,56,Old tarlenbelum Tribe,Mediterranean Highland,1,Pottery,20
-5000,initial,56,Old tarlenbelum Tribe,Mediterranean Highland,119,Native Copper Working,20
-5000,initial,56,Old tarlenbelum Tribe,Mediterranean Highland,2,Animal Husbandry,20
-5000,initial,56,Old tarlenbelum Tribe,Mediterranean Highland,4,Mining,20
-5000,initial,56,Old tarlenbelum Tribe,Mediterranean Highland,20,Agriculture,20
-5000,initial,56,Old tarlenbelum Tribe,Mediterranean Highland,3,Archery,20
-5000,initial,56,Old tarlenbelum Tribe,Mediterranean Highland,6,Calendar,20
-5000,initial,57,New altarland Tribe,Mediterranean Highland,100,Cordage and Knots,20
-5000,initial,57,New altarland Tribe,Mediterranean Highland,101,Hide Working and Tailored Clothing,20
-5000,initial,57,New altarland Tribe,Mediterranean Highland,102,Hafted Stone Tools,20
-5000,initial,57,New altarland Tribe,Mediterranean Highland,105,Food Preservation,20
-5000,initial,57,New altarland Tribe,Mediterranean Highland,106,Storage Pits and Containers,20
-5000,initial,57,New altarland Tribe,Mediterranean Highland,107,Seasonal Aggregation Camps,20
-5000,initial,57,New altarland Tribe,Mediterranean Highland,110,Dog Domestication,20
-5000,initial,57,New altarland Tribe,Mediterranean Highland,111,Grinding Stones,20
-5000,initial,57,New altarland Tribe,Mediterranean Highland,112,Proto-cultivation,20
-5000,initial,57,New altarland Tribe,Mediterranean Highland,113,Sedentism,20
-5000,initial,57,New altarland Tribe,Mediterranean Highland,114,Enclosures and Herd Management,20
-5000,initial,57,New altarland Tribe,Mediterranean Highland,115,Counting Tokens and Tallies,20
-5000,initial,57,New altarland Tribe,Mediterranean Highland,116,Charcoal Firing,20
-5000,initial,57,New altarland Tribe,Mediterranean Highland,1,Pottery,20
-5000,initial,57,New altarland Tribe,Mediterranean Highland,119,Native Copper Working,20
-5000,initial,57,New altarland Tribe,Mediterranean Highland,2,Animal Husbandry,20
-5000,initial,57,New altarland Tribe,Mediterranean Highland,4,Mining,20
-5000,initial,57,New altarland Tribe,Mediterranean Highland,20,Agriculture,20
-5000,initial,57,New altarland Tribe,Mediterranean Highland,3,Archery,20
-5000,initial,57,New altarland Tribe,Mediterranean Highland,6,Calendar,20
-5000,initial,58,Old venbelum Tribe,Mediterranean Urban,100,Cordage and Knots,22
-5000,initial,58,Old venbelum Tribe,Mediterranean Urban,101,Hide Working and Tailored Clothing,22
-5000,initial,58,Old venbelum Tribe,Mediterranean Urban,102,Hafted Stone Tools,22
-5000,initial,58,Old venbelum Tribe,Mediterranean Urban,104,Fishing Technology,22
-5000,initial,58,Old venbelum Tribe,Mediterranean Urban,105,Food Preservation,22
-5000,initial,58,Old venbelum Tribe,Mediterranean Urban,106,Storage Pits and Containers,22
-5000,initial,58,Old venbelum Tribe,Mediterranean Urban,107,Seasonal Aggregation Camps,22
-5000,initial,58,Old venbelum Tribe,Mediterranean Urban,108,Watercraft,22
-5000,initial,58,Old venbelum Tribe,Mediterranean Urban,110,Dog Domestication,22
-5000,initial,58,Old venbelum Tribe,Mediterranean Urban,111,Grinding Stones,22
-5000,initial,58,Old venbelum Tribe,Mediterranean Urban,112,Proto-cultivation,22
-5000,initial,58,Old venbelum Tribe,Mediterranean Urban,113,Sedentism,22
-5000,initial,58,Old venbelum Tribe,Mediterranean Urban,114,Enclosures and Herd Management,22
-5000,initial,58,Old venbelum Tribe,Mediterranean Urban,115,Counting Tokens and Tallies,22
-5000,initial,58,Old venbelum Tribe,Mediterranean Urban,116,Charcoal Firing,22
-5000,initial,58,Old venbelum Tribe,Mediterranean Urban,1,Pottery,22
-5000,initial,58,Old venbelum Tribe,Mediterranean Urban,2,Animal Husbandry,22
-5000,initial,58,Old venbelum Tribe,Mediterranean Urban,4,Mining,22
-5000,initial,58,Old venbelum Tribe,Mediterranean Urban,20,Agriculture,22
-5000,initial,58,Old venbelum Tribe,Mediterranean Urban,3,Archery,22
-5000,initial,58,Old venbelum Tribe,Mediterranean Urban,5,Sailing,22
-5000,initial,58,Old venbelum Tribe,Mediterranean Urban,6,Calendar,22
-5000,initial,59,North dorselkarum Tribe,Mediterranean Urban,100,Cordage and Knots,22
-5000,initial,59,North dorselkarum Tribe,Mediterranean Urban,101,Hide Working and Tailored Clothing,22
-5000,initial,59,North dorselkarum Tribe,Mediterranean Urban,102,Hafted Stone Tools,22
-5000,initial,59,North dorselkarum Tribe,Mediterranean Urban,104,Fishing Technology,22
-5000,initial,59,North dorselkarum Tribe,Mediterranean Urban,105,Food Preservation,22
-5000,initial,59,North dorselkarum Tribe,Mediterranean Urban,106,Storage Pits and Containers,22
-5000,initial,59,North dorselkarum Tribe,Mediterranean Urban,107,Seasonal Aggregation Camps,22
-5000,initial,59,North dorselkarum Tribe,Mediterranean Urban,108,Watercraft,22
-5000,initial,59,North dorselkarum Tribe,Mediterranean Urban,110,Dog Domestication,22
-5000,initial,59,North dorselkarum Tribe,Mediterranean Urban,111,Grinding Stones,22
-5000,initial,59,North dorselkarum Tribe,Mediterranean Urban,112,Proto-cultivation,22
-5000,initial,59,North dorselkarum Tribe,Mediterranean Urban,113,Sedentism,22
-5000,initial,59,North dorselkarum Tribe,Mediterranean Urban,114,Enclosures and Herd Management,22
-5000,initial,59,North dorselkarum Tribe,Mediterranean Urban,115,Counting Tokens and Tallies,22
-5000,initial,59,North dorselkarum Tribe,Mediterranean Urban,116,Charcoal Firing,22
-5000,initial,59,North dorselkarum Tribe,Mediterranean Urban,1,Pottery,22
-5000,initial,59,North dorselkarum Tribe,Mediterranean Urban,2,Animal Husbandry,22
-5000,initial,59,North dorselkarum Tribe,Mediterranean Urban,4,Mining,22
-5000,initial,59,North dorselkarum Tribe,Mediterranean Urban,20,Agriculture,22
-5000,initial,59,North dorselkarum Tribe,Mediterranean Urban,3,Archery,22
-5000,initial,59,North dorselkarum Tribe,Mediterranean Urban,5,Sailing,22
-5000,initial,59,North dorselkarum Tribe,Mediterranean Urban,6,Calendar,22
-5000,initial,60,Great selselromburg Tribe,Central Plain,100,Cordage and Knots,18
-5000,initial,60,Great selselromburg Tribe,Central Plain,101,Hide Working and Tailored Clothing,18
-5000,initial,60,Great selselromburg Tribe,Central Plain,102,Hafted Stone Tools,18
-5000,initial,60,Great selselromburg Tribe,Central Plain,105,Food Preservation,18
-5000,initial,60,Great selselromburg Tribe,Central Plain,106,Storage Pits and Containers,18
-5000,initial,60,Great selselromburg Tribe,Central Plain,107,Seasonal Aggregation Camps,18
-5000,initial,60,Great selselromburg Tribe,Central Plain,110,Dog Domestication,18
-5000,initial,60,Great selselromburg Tribe,Central Plain,111,Grinding Stones,18
-5000,initial,60,Great selselromburg Tribe,Central Plain,112,Proto-cultivation,18
-5000,initial,60,Great selselromburg Tribe,Central Plain,113,Sedentism,18
-5000,initial,60,Great selselromburg Tribe,Central Plain,114,Enclosures and Herd Management,18
-5000,initial,60,Great selselromburg Tribe,Central Plain,116,Charcoal Firing,18
-5000,initial,60,Great selselromburg Tribe,Central Plain,1,Pottery,18
-5000,initial,60,Great selselromburg Tribe,Central Plain,2,Animal Husbandry,18
-5000,initial,60,Great selselromburg Tribe,Central Plain,4,Mining,18
-5000,initial,60,Great selselromburg Tribe,Central Plain,20,Agriculture,18
-5000,initial,60,Great selselromburg Tribe,Central Plain,3,Archery,18
-5000,initial,60,Great selselromburg Tribe,Central Plain,6,Calendar,18
-5000,initial,61,South tardorbel Tribe,Central Plain,100,Cordage and Knots,18
-5000,initial,61,South tardorbel Tribe,Central Plain,101,Hide Working and Tailored Clothing,18
-5000,initial,61,South tardorbel Tribe,Central Plain,102,Hafted Stone Tools,18
-5000,initial,61,South tardorbel Tribe,Central Plain,105,Food Preservation,18
-5000,initial,61,South tardorbel Tribe,Central Plain,106,Storage Pits and Containers,18
-5000,initial,61,South tardorbel Tribe,Central Plain,107,Seasonal Aggregation Camps,18
-5000,initial,61,South tardorbel Tribe,Central Plain,110,Dog Domestication,18
-5000,initial,61,South tardorbel Tribe,Central Plain,111,Grinding Stones,18
-5000,initial,61,South tardorbel Tribe,Central Plain,112,Proto-cultivation,18
-5000,initial,61,South tardorbel Tribe,Central Plain,113,Sedentism,18
-5000,initial,61,South tardorbel Tribe,Central Plain,114,Enclosures and Herd Management,18
-5000,initial,61,South tardorbel Tribe,Central Plain,116,Charcoal Firing,18
-5000,initial,61,South tardorbel Tribe,Central Plain,1,Pottery,18
-5000,initial,61,South tardorbel Tribe,Central Plain,2,Animal Husbandry,18
-5000,initial,61,South tardorbel Tribe,Central Plain,4,Mining,18
-5000,initial,61,South tardorbel Tribe,Central Plain,20,Agriculture,18
-5000,initial,61,South tardorbel Tribe,Central Plain,3,Archery,18
-5000,initial,61,South tardorbel Tribe,Central Plain,6,Calendar,18
-5000,initial,62,New vennordor Tribe,Atlantic Fringe,100,Cordage and Knots,15
-5000,initial,62,New vennordor Tribe,Atlantic Fringe,101,Hide Working and Tailored Clothing,15
-5000,initial,62,New vennordor Tribe,Atlantic Fringe,102,Hafted Stone Tools,15
-5000,initial,62,New vennordor Tribe,Atlantic Fringe,105,Food Preservation,15
-5000,initial,62,New vennordor Tribe,Atlantic Fringe,106,Storage Pits and Containers,15
-5000,initial,62,New vennordor Tribe,Atlantic Fringe,107,Seasonal Aggregation Camps,15
-5000,initial,62,New vennordor Tribe,Atlantic Fringe,111,Grinding Stones,15
-5000,initial,62,New vennordor Tribe,Atlantic Fringe,112,Proto-cultivation,15
-5000,initial,62,New vennordor Tribe,Atlantic Fringe,113,Sedentism,15
-5000,initial,62,New vennordor Tribe,Atlantic Fringe,116,Charcoal Firing,15
-5000,initial,62,New vennordor Tribe,Atlantic Fringe,1,Pottery,15
-5000,initial,62,New vennordor Tribe,Atlantic Fringe,4,Mining,15
-5000,initial,62,New vennordor Tribe,Atlantic Fringe,20,Agriculture,15
-5000,initial,62,New vennordor Tribe,Atlantic Fringe,3,Archery,15
-5000,initial,62,New vennordor Tribe,Atlantic Fringe,6,Calendar,15
-5000,initial,63,Old albel Tribe,Atlantic Fringe,100,Cordage and Knots,15
-5000,initial,63,Old albel Tribe,Atlantic Fringe,101,Hide Working and Tailored Clothing,15
-5000,initial,63,Old albel Tribe,Atlantic Fringe,102,Hafted Stone Tools,15
-5000,initial,63,Old albel Tribe,Atlantic Fringe,105,Food Preservation,15
-5000,initial,63,Old albel Tribe,Atlantic Fringe,106,Storage Pits and Containers,15
-5000,initial,63,Old albel Tribe,Atlantic Fringe,107,Seasonal Aggregation Camps,15
-5000,initial,63,Old albel Tribe,Atlantic Fringe,111,Grinding Stones,15
-5000,initial,63,Old albel Tribe,Atlantic Fringe,112,Proto-cultivation,15
-5000,initial,63,Old albel Tribe,Atlantic Fringe,113,Sedentism,15
-5000,initial,63,Old albel Tribe,Atlantic Fringe,116,Charcoal Firing,15
-5000,initial,63,Old albel Tribe,Atlantic Fringe,1,Pottery,15
-5000,initial,63,Old albel Tribe,Atlantic Fringe,4,Mining,15
-5000,initial,63,Old albel Tribe,Atlantic Fringe,20,Agriculture,15
-5000,initial,63,Old albel Tribe,Atlantic Fringe,3,Archery,15
-5000,initial,63,Old albel Tribe,Atlantic Fringe,6,Calendar,15
-5000,initial,64,North lenromland Tribe,Northern Maritime,100,Cordage and Knots,11
-5000,initial,64,North lenromland Tribe,Northern Maritime,101,Hide Working and Tailored Clothing,11
-5000,initial,64,North lenromland Tribe,Northern Maritime,102,Hafted Stone Tools,11
-5000,initial,64,North lenromland Tribe,Northern Maritime,105,Food Preservation,11
-5000,initial,64,North lenromland Tribe,Northern Maritime,106,Storage Pits and Containers,11
-5000,initial,64,North lenromland Tribe,Northern Maritime,107,Seasonal Aggregation Camps,11
-5000,initial,64,North lenromland Tribe,Northern Maritime,111,Grinding Stones,11
-5000,initial,64,North lenromland Tribe,Northern Maritime,113,Sedentism,11
-5000,initial,64,North lenromland Tribe,Northern Maritime,4,Mining,11
-5000,initial,64,North lenromland Tribe,Northern Maritime,3,Archery,11
-5000,initial,64,North lenromland Tribe,Northern Maritime,6,Calendar,11
-5000,initial,65,New mixteonahco Tribe,Mesoamerican,100,Cordage and Knots,14
-5000,initial,65,New mixteonahco Tribe,Mesoamerican,101,Hide Working and Tailored Clothing,14
-5000,initial,65,New mixteonahco Tribe,Mesoamerican,102,Hafted Stone Tools,14
-5000,initial,65,New mixteonahco Tribe,Mesoamerican,105,Food Preservation,14
-5000,initial,65,New mixteonahco Tribe,Mesoamerican,106,Storage Pits and Containers,14
-5000,initial,65,New mixteonahco Tribe,Mesoamerican,107,Seasonal Aggregation Camps,14
-5000,initial,65,New mixteonahco Tribe,Mesoamerican,111,Grinding Stones,14
-5000,initial,65,New mixteonahco Tribe,Mesoamerican,112,Proto-cultivation,14
-5000,initial,65,New mixteonahco Tribe,Mesoamerican,113,Sedentism,14
-5000,initial,65,New mixteonahco Tribe,Mesoamerican,116,Charcoal Firing,14
-5000,initial,65,New mixteonahco Tribe,Mesoamerican,1,Pottery,14
-5000,initial,65,New mixteonahco Tribe,Mesoamerican,20,Agriculture,14
-5000,initial,65,New mixteonahco Tribe,Mesoamerican,3,Archery,14
-5000,initial,65,New mixteonahco Tribe,Mesoamerican,6,Calendar,14
-5000,initial,66,South mixyucchipan Tribe,Mesoamerican,100,Cordage and Knots,14
-5000,initial,66,South mixyucchipan Tribe,Mesoamerican,101,Hide Working and Tailored Clothing,14
-5000,initial,66,South mixyucchipan Tribe,Mesoamerican,102,Hafted Stone Tools,14
-5000,initial,66,South mixyucchipan Tribe,Mesoamerican,105,Food Preservation,14
-5000,initial,66,South mixyucchipan Tribe,Mesoamerican,106,Storage Pits and Containers,14
-5000,initial,66,South mixyucchipan Tribe,Mesoamerican,107,Seasonal Aggregation Camps,14
-5000,initial,66,South mixyucchipan Tribe,Mesoamerican,111,Grinding Stones,14
-5000,initial,66,South mixyucchipan Tribe,Mesoamerican,112,Proto-cultivation,14
-5000,initial,66,South mixyucchipan Tribe,Mesoamerican,113,Sedentism,14
-5000,initial,66,South mixyucchipan Tribe,Mesoamerican,116,Charcoal Firing,14
-5000,initial,66,South mixyucchipan Tribe,Mesoamerican,1,Pottery,14
-5000,initial,66,South mixyucchipan Tribe,Mesoamerican,20,Agriculture,14
-5000,initial,66,South mixyucchipan Tribe,Mesoamerican,3,Archery,14
-5000,initial,66,South mixyucchipan Tribe,Mesoamerican,6,Calendar,14
-5000,initial,67,Nahcaltan Tribe,Mesoamerican,100,Cordage and Knots,14
-5000,initial,67,Nahcaltan Tribe,Mesoamerican,101,Hide Working and Tailored Clothing,14
-5000,initial,67,Nahcaltan Tribe,Mesoamerican,102,Hafted Stone Tools,14
-5000,initial,67,Nahcaltan Tribe,Mesoamerican,105,Food Preservation,14
-5000,initial,67,Nahcaltan Tribe,Mesoamerican,106,Storage Pits and Containers,14
-5000,initial,67,Nahcaltan Tribe,Mesoamerican,107,Seasonal Aggregation Camps,14
-5000,initial,67,Nahcaltan Tribe,Mesoamerican,111,Grinding Stones,14
-5000,initial,67,Nahcaltan Tribe,Mesoamerican,112,Proto-cultivation,14
-5000,initial,67,Nahcaltan Tribe,Mesoamerican,113,Sedentism,14
-5000,initial,67,Nahcaltan Tribe,Mesoamerican,116,Charcoal Firing,14
-5000,initial,67,Nahcaltan Tribe,Mesoamerican,1,Pottery,14
-5000,initial,67,Nahcaltan Tribe,Mesoamerican,20,Agriculture,14
-5000,initial,67,Nahcaltan Tribe,Mesoamerican,3,Archery,14
-5000,initial,67,Nahcaltan Tribe,Mesoamerican,6,Calendar,14
-5000,initial,68,Nahtolpan Tribe,Mesoamerican,100,Cordage and Knots,14
-5000,initial,68,Nahtolpan Tribe,Mesoamerican,101,Hide Working and Tailored Clothing,14
-5000,initial,68,Nahtolpan Tribe,Mesoamerican,102,Hafted Stone Tools,14
-5000,initial,68,Nahtolpan Tribe,Mesoamerican,105,Food Preservation,14
-5000,initial,68,Nahtolpan Tribe,Mesoamerican,106,Storage Pits and Containers,14
-5000,initial,68,Nahtolpan Tribe,Mesoamerican,107,Seasonal Aggregation Camps,14
-5000,initial,68,Nahtolpan Tribe,Mesoamerican,111,Grinding Stones,14
-5000,initial,68,Nahtolpan Tribe,Mesoamerican,112,Proto-cultivation,14
-5000,initial,68,Nahtolpan Tribe,Mesoamerican,113,Sedentism,14
-5000,initial,68,Nahtolpan Tribe,Mesoamerican,116,Charcoal Firing,14
-5000,initial,68,Nahtolpan Tribe,Mesoamerican,1,Pottery,14
-5000,initial,68,Nahtolpan Tribe,Mesoamerican,20,Agriculture,14
-5000,initial,68,Nahtolpan Tribe,Mesoamerican,3,Archery,14
-5000,initial,68,Nahtolpan Tribe,Mesoamerican,6,Calendar,14
-5000,initial,69,South mixtolan Tribe,Mesoamerican,100,Cordage and Knots,14
-5000,initial,69,South mixtolan Tribe,Mesoamerican,101,Hide Working and Tailored Clothing,14
-5000,initial,69,South mixtolan Tribe,Mesoamerican,102,Hafted Stone Tools,14
-5000,initial,69,South mixtolan Tribe,Mesoamerican,105,Food Preservation,14
-5000,initial,69,South mixtolan Tribe,Mesoamerican,106,Storage Pits and Containers,14
-5000,initial,69,South mixtolan Tribe,Mesoamerican,107,Seasonal Aggregation Camps,14
-5000,initial,69,South mixtolan Tribe,Mesoamerican,111,Grinding Stones,14
-5000,initial,69,South mixtolan Tribe,Mesoamerican,112,Proto-cultivation,14
-5000,initial,69,South mixtolan Tribe,Mesoamerican,113,Sedentism,14
-5000,initial,69,South mixtolan Tribe,Mesoamerican,116,Charcoal Firing,14
-5000,initial,69,South mixtolan Tribe,Mesoamerican,1,Pottery,14
-5000,initial,69,South mixtolan Tribe,Mesoamerican,20,Agriculture,14
-5000,initial,69,South mixtolan Tribe,Mesoamerican,3,Archery,14
-5000,initial,69,South mixtolan Tribe,Mesoamerican,6,Calendar,14
-5000,initial,70,South teomixchi Tribe,Mesoamerican,100,Cordage and Knots,14
-5000,initial,70,South teomixchi Tribe,Mesoamerican,101,Hide Working and Tailored Clothing,14
-5000,initial,70,South teomixchi Tribe,Mesoamerican,102,Hafted Stone Tools,14
-5000,initial,70,South teomixchi Tribe,Mesoamerican,105,Food Preservation,14
-5000,initial,70,South teomixchi Tribe,Mesoamerican,106,Storage Pits and Containers,14
-5000,initial,70,South teomixchi Tribe,Mesoamerican,107,Seasonal Aggregation Camps,14
-5000,initial,70,South teomixchi Tribe,Mesoamerican,111,Grinding Stones,14
-5000,initial,70,South teomixchi Tribe,Mesoamerican,112,Proto-cultivation,14
-5000,initial,70,South teomixchi Tribe,Mesoamerican,113,Sedentism,14
-5000,initial,70,South teomixchi Tribe,Mesoamerican,116,Charcoal Firing,14
-5000,initial,70,South teomixchi Tribe,Mesoamerican,1,Pottery,14
-5000,initial,70,South teomixchi Tribe,Mesoamerican,20,Agriculture,14
-5000,initial,70,South teomixchi Tribe,Mesoamerican,3,Archery,14
-5000,initial,70,South teomixchi Tribe,Mesoamerican,6,Calendar,14
-5000,initial,71,Great xocmixteman Tribe,Mesoamerican,100,Cordage and Knots,14
-5000,initial,71,Great xocmixteman Tribe,Mesoamerican,101,Hide Working and Tailored Clothing,14
-5000,initial,71,Great xocmixteman Tribe,Mesoamerican,102,Hafted Stone Tools,14
-5000,initial,71,Great xocmixteman Tribe,Mesoamerican,105,Food Preservation,14
-5000,initial,71,Great xocmixteman Tribe,Mesoamerican,106,Storage Pits and Containers,14
-5000,initial,71,Great xocmixteman Tribe,Mesoamerican,107,Seasonal Aggregation Camps,14
-5000,initial,71,Great xocmixteman Tribe,Mesoamerican,111,Grinding Stones,14
-5000,initial,71,Great xocmixteman Tribe,Mesoamerican,112,Proto-cultivation,14
-5000,initial,71,Great xocmixteman Tribe,Mesoamerican,113,Sedentism,14
-5000,initial,71,Great xocmixteman Tribe,Mesoamerican,116,Charcoal Firing,14
-5000,initial,71,Great xocmixteman Tribe,Mesoamerican,1,Pottery,14
-5000,initial,71,Great xocmixteman Tribe,Mesoamerican,20,Agriculture,14
-5000,initial,71,Great xocmixteman Tribe,Mesoamerican,3,Archery,14
-5000,initial,71,Great xocmixteman Tribe,Mesoamerican,6,Calendar,14
-5000,initial,72,Chichimixtan Tribe,Mesoamerican,100,Cordage and Knots,14
-5000,initial,72,Chichimixtan Tribe,Mesoamerican,101,Hide Working and Tailored Clothing,14
-5000,initial,72,Chichimixtan Tribe,Mesoamerican,102,Hafted Stone Tools,14
-5000,initial,72,Chichimixtan Tribe,Mesoamerican,105,Food Preservation,14
-5000,initial,72,Chichimixtan Tribe,Mesoamerican,106,Storage Pits and Containers,14
-5000,initial,72,Chichimixtan Tribe,Mesoamerican,107,Seasonal Aggregation Camps,14
-5000,initial,72,Chichimixtan Tribe,Mesoamerican,111,Grinding Stones,14
-5000,initial,72,Chichimixtan Tribe,Mesoamerican,112,Proto-cultivation,14
-5000,initial,72,Chichimixtan Tribe,Mesoamerican,113,Sedentism,14
-5000,initial,72,Chichimixtan Tribe,Mesoamerican,116,Charcoal Firing,14
-5000,initial,72,Chichimixtan Tribe,Mesoamerican,1,Pottery,14
-5000,initial,72,Chichimixtan Tribe,Mesoamerican,20,Agriculture,14
-5000,initial,72,Chichimixtan Tribe,Mesoamerican,3,Archery,14
-5000,initial,72,Chichimixtan Tribe,Mesoamerican,6,Calendar,14
-5000,initial,73,Teoxocpan Tribe,Mesoamerican,100,Cordage and Knots,14
-5000,initial,73,Teoxocpan Tribe,Mesoamerican,101,Hide Working and Tailored Clothing,14
-5000,initial,73,Teoxocpan Tribe,Mesoamerican,102,Hafted Stone Tools,14
-5000,initial,73,Teoxocpan Tribe,Mesoamerican,105,Food Preservation,14
-5000,initial,73,Teoxocpan Tribe,Mesoamerican,106,Storage Pits and Containers,14
-5000,initial,73,Teoxocpan Tribe,Mesoamerican,107,Seasonal Aggregation Camps,14
-5000,initial,73,Teoxocpan Tribe,Mesoamerican,111,Grinding Stones,14
-5000,initial,73,Teoxocpan Tribe,Mesoamerican,112,Proto-cultivation,14
-5000,initial,73,Teoxocpan Tribe,Mesoamerican,113,Sedentism,14
-5000,initial,73,Teoxocpan Tribe,Mesoamerican,116,Charcoal Firing,14
-5000,initial,73,Teoxocpan Tribe,Mesoamerican,1,Pottery,14
-5000,initial,73,Teoxocpan Tribe,Mesoamerican,20,Agriculture,14
-5000,initial,73,Teoxocpan Tribe,Mesoamerican,3,Archery,14
-5000,initial,73,Teoxocpan Tribe,Mesoamerican,6,Calendar,14
-5000,initial,74,Great xocmixco Tribe,Mesoamerican,100,Cordage and Knots,14
-5000,initial,74,Great xocmixco Tribe,Mesoamerican,101,Hide Working and Tailored Clothing,14
-5000,initial,74,Great xocmixco Tribe,Mesoamerican,102,Hafted Stone Tools,14
-5000,initial,74,Great xocmixco Tribe,Mesoamerican,105,Food Preservation,14
-5000,initial,74,Great xocmixco Tribe,Mesoamerican,106,Storage Pits and Containers,14
-5000,initial,74,Great xocmixco Tribe,Mesoamerican,107,Seasonal Aggregation Camps,14
-5000,initial,74,Great xocmixco Tribe,Mesoamerican,111,Grinding Stones,14
-5000,initial,74,Great xocmixco Tribe,Mesoamerican,112,Proto-cultivation,14
-5000,initial,74,Great xocmixco Tribe,Mesoamerican,113,Sedentism,14
-5000,initial,74,Great xocmixco Tribe,Mesoamerican,116,Charcoal Firing,14
-5000,initial,74,Great xocmixco Tribe,Mesoamerican,1,Pottery,14
-5000,initial,74,Great xocmixco Tribe,Mesoamerican,20,Agriculture,14
-5000,initial,74,Great xocmixco Tribe,Mesoamerican,3,Archery,14
-5000,initial,74,Great xocmixco Tribe,Mesoamerican,6,Calendar,14
-5000,initial,75,Llaqqoriqorimarca Tribe,Andean Highland,100,Cordage and Knots,15
-5000,initial,75,Llaqqoriqorimarca Tribe,Andean Highland,101,Hide Working and Tailored Clothing,15
-5000,initial,75,Llaqqoriqorimarca Tribe,Andean Highland,102,Hafted Stone Tools,15
-5000,initial,75,Llaqqoriqorimarca Tribe,Andean Highland,105,Food Preservation,15
-5000,initial,75,Llaqqoriqorimarca Tribe,Andean Highland,106,Storage Pits and Containers,15
-5000,initial,75,Llaqqoriqorimarca Tribe,Andean Highland,107,Seasonal Aggregation Camps,15
-5000,initial,75,Llaqqoriqorimarca Tribe,Andean Highland,111,Grinding Stones,15
-5000,initial,75,Llaqqoriqorimarca Tribe,Andean Highland,112,Proto-cultivation,15
-5000,initial,75,Llaqqoriqorimarca Tribe,Andean Highland,113,Sedentism,15
-5000,initial,75,Llaqqoriqorimarca Tribe,Andean Highland,116,Charcoal Firing,15
-5000,initial,75,Llaqqoriqorimarca Tribe,Andean Highland,1,Pottery,15
-5000,initial,75,Llaqqoriqorimarca Tribe,Andean Highland,4,Mining,15
-5000,initial,75,Llaqqoriqorimarca Tribe,Andean Highland,20,Agriculture,15
-5000,initial,75,Llaqqoriqorimarca Tribe,Andean Highland,3,Archery,15
-5000,initial,75,Llaqqoriqorimarca Tribe,Andean Highland,6,Calendar,15
-5000,initial,76,Tupsuyuayana Tribe,Andean Highland,100,Cordage and Knots,15
-5000,initial,76,Tupsuyuayana Tribe,Andean Highland,101,Hide Working and Tailored Clothing,15
-5000,initial,76,Tupsuyuayana Tribe,Andean Highland,102,Hafted Stone Tools,15
-5000,initial,76,Tupsuyuayana Tribe,Andean Highland,105,Food Preservation,15
-5000,initial,76,Tupsuyuayana Tribe,Andean Highland,106,Storage Pits and Containers,15
-5000,initial,76,Tupsuyuayana Tribe,Andean Highland,107,Seasonal Aggregation Camps,15
-5000,initial,76,Tupsuyuayana Tribe,Andean Highland,111,Grinding Stones,15
-5000,initial,76,Tupsuyuayana Tribe,Andean Highland,112,Proto-cultivation,15
-5000,initial,76,Tupsuyuayana Tribe,Andean Highland,113,Sedentism,15
-5000,initial,76,Tupsuyuayana Tribe,Andean Highland,116,Charcoal Firing,15
-5000,initial,76,Tupsuyuayana Tribe,Andean Highland,1,Pottery,15
-5000,initial,76,Tupsuyuayana Tribe,Andean Highland,4,Mining,15
-5000,initial,76,Tupsuyuayana Tribe,Andean Highland,20,Agriculture,15
-5000,initial,76,Tupsuyuayana Tribe,Andean Highland,3,Archery,15
-5000,initial,76,Tupsuyuayana Tribe,Andean Highland,6,Calendar,15
-5000,initial,77,Rumayayu Tribe,Andean Highland,100,Cordage and Knots,15
-5000,initial,77,Rumayayu Tribe,Andean Highland,101,Hide Working and Tailored Clothing,15
-5000,initial,77,Rumayayu Tribe,Andean Highland,102,Hafted Stone Tools,15
-5000,initial,77,Rumayayu Tribe,Andean Highland,105,Food Preservation,15
-5000,initial,77,Rumayayu Tribe,Andean Highland,106,Storage Pits and Containers,15
-5000,initial,77,Rumayayu Tribe,Andean Highland,107,Seasonal Aggregation Camps,15
-5000,initial,77,Rumayayu Tribe,Andean Highland,111,Grinding Stones,15
-5000,initial,77,Rumayayu Tribe,Andean Highland,112,Proto-cultivation,15
-5000,initial,77,Rumayayu Tribe,Andean Highland,113,Sedentism,15
-5000,initial,77,Rumayayu Tribe,Andean Highland,116,Charcoal Firing,15
-5000,initial,77,Rumayayu Tribe,Andean Highland,1,Pottery,15
-5000,initial,77,Rumayayu Tribe,Andean Highland,4,Mining,15
-5000,initial,77,Rumayayu Tribe,Andean Highland,20,Agriculture,15
-5000,initial,77,Rumayayu Tribe,Andean Highland,3,Archery,15
-5000,initial,77,Rumayayu Tribe,Andean Highland,6,Calendar,15
-5000,initial,78,Old kuskusayaa Tribe,Andean Highland,100,Cordage and Knots,15
-5000,initial,78,Old kuskusayaa Tribe,Andean Highland,101,Hide Working and Tailored Clothing,15
-5000,initial,78,Old kuskusayaa Tribe,Andean Highland,102,Hafted Stone Tools,15
-5000,initial,78,Old kuskusayaa Tribe,Andean Highland,105,Food Preservation,15
-5000,initial,78,Old kuskusayaa Tribe,Andean Highland,106,Storage Pits and Containers,15
-5000,initial,78,Old kuskusayaa Tribe,Andean Highland,107,Seasonal Aggregation Camps,15
-5000,initial,78,Old kuskusayaa Tribe,Andean Highland,111,Grinding Stones,15
-5000,initial,78,Old kuskusayaa Tribe,Andean Highland,112,Proto-cultivation,15
-5000,initial,78,Old kuskusayaa Tribe,Andean Highland,113,Sedentism,15
-5000,initial,78,Old kuskusayaa Tribe,Andean Highland,116,Charcoal Firing,15
-5000,initial,78,Old kuskusayaa Tribe,Andean Highland,1,Pottery,15
-5000,initial,78,Old kuskusayaa Tribe,Andean Highland,4,Mining,15
-5000,initial,78,Old kuskusayaa Tribe,Andean Highland,20,Agriculture,15
-5000,initial,78,Old kuskusayaa Tribe,Andean Highland,3,Archery,15
-5000,initial,78,Old kuskusayaa Tribe,Andean Highland,6,Calendar,15
-5000,initial,79,Suyusum Tribe,Andean Highland,100,Cordage and Knots,15
-5000,initial,79,Suyusum Tribe,Andean Highland,101,Hide Working and Tailored Clothing,15
-5000,initial,79,Suyusum Tribe,Andean Highland,102,Hafted Stone Tools,15
-5000,initial,79,Suyusum Tribe,Andean Highland,105,Food Preservation,15
-5000,initial,79,Suyusum Tribe,Andean Highland,106,Storage Pits and Containers,15
-5000,initial,79,Suyusum Tribe,Andean Highland,107,Seasonal Aggregation Camps,15
-5000,initial,79,Suyusum Tribe,Andean Highland,111,Grinding Stones,15
-5000,initial,79,Suyusum Tribe,Andean Highland,112,Proto-cultivation,15
-5000,initial,79,Suyusum Tribe,Andean Highland,113,Sedentism,15
-5000,initial,79,Suyusum Tribe,Andean Highland,116,Charcoal Firing,15
-5000,initial,79,Suyusum Tribe,Andean Highland,1,Pottery,15
-5000,initial,79,Suyusum Tribe,Andean Highland,4,Mining,15
-5000,initial,79,Suyusum Tribe,Andean Highland,20,Agriculture,15
-5000,initial,79,Suyusum Tribe,Andean Highland,3,Archery,15
-5000,initial,79,Suyusum Tribe,Andean Highland,6,Calendar,15
-5000,initial,80,Llaqqorina Tribe,Andean Highland,100,Cordage and Knots,15
-5000,initial,80,Llaqqorina Tribe,Andean Highland,101,Hide Working and Tailored Clothing,15
-5000,initial,80,Llaqqorina Tribe,Andean Highland,102,Hafted Stone Tools,15
-5000,initial,80,Llaqqorina Tribe,Andean Highland,105,Food Preservation,15
-5000,initial,80,Llaqqorina Tribe,Andean Highland,106,Storage Pits and Containers,15
-5000,initial,80,Llaqqorina Tribe,Andean Highland,107,Seasonal Aggregation Camps,15
-5000,initial,80,Llaqqorina Tribe,Andean Highland,111,Grinding Stones,15
-5000,initial,80,Llaqqorina Tribe,Andean Highland,112,Proto-cultivation,15
-5000,initial,80,Llaqqorina Tribe,Andean Highland,113,Sedentism,15
-5000,initial,80,Llaqqorina Tribe,Andean Highland,116,Charcoal Firing,15
-5000,initial,80,Llaqqorina Tribe,Andean Highland,1,Pottery,15
-5000,initial,80,Llaqqorina Tribe,Andean Highland,4,Mining,15
-5000,initial,80,Llaqqorina Tribe,Andean Highland,20,Agriculture,15
-5000,initial,80,Llaqqorina Tribe,Andean Highland,3,Archery,15
-5000,initial,80,Llaqqorina Tribe,Andean Highland,6,Calendar,15
-5000,initial,81,New kussuma Tribe,Andean Highland,100,Cordage and Knots,15
-5000,initial,81,New kussuma Tribe,Andean Highland,101,Hide Working and Tailored Clothing,15
-5000,initial,81,New kussuma Tribe,Andean Highland,102,Hafted Stone Tools,15
-5000,initial,81,New kussuma Tribe,Andean Highland,105,Food Preservation,15
-5000,initial,81,New kussuma Tribe,Andean Highland,106,Storage Pits and Containers,15
-5000,initial,81,New kussuma Tribe,Andean Highland,107,Seasonal Aggregation Camps,15
-5000,initial,81,New kussuma Tribe,Andean Highland,111,Grinding Stones,15
-5000,initial,81,New kussuma Tribe,Andean Highland,112,Proto-cultivation,15
-5000,initial,81,New kussuma Tribe,Andean Highland,113,Sedentism,15
-5000,initial,81,New kussuma Tribe,Andean Highland,116,Charcoal Firing,15
-5000,initial,81,New kussuma Tribe,Andean Highland,1,Pottery,15
-5000,initial,81,New kussuma Tribe,Andean Highland,4,Mining,15
-5000,initial,81,New kussuma Tribe,Andean Highland,20,Agriculture,15
-5000,initial,81,New kussuma Tribe,Andean Highland,3,Archery,15
-5000,initial,81,New kussuma Tribe,Andean Highland,6,Calendar,15
-5000,initial,82,Viaterstan Tribe,Eastern Woodland,100,Cordage and Knots,11
-5000,initial,82,Viaterstan Tribe,Eastern Woodland,101,Hide Working and Tailored Clothing,11
-5000,initial,82,Viaterstan Tribe,Eastern Woodland,102,Hafted Stone Tools,11
-5000,initial,82,Viaterstan Tribe,Eastern Woodland,105,Food Preservation,11
-5000,initial,82,Viaterstan Tribe,Eastern Woodland,106,Storage Pits and Containers,11
-5000,initial,82,Viaterstan Tribe,Eastern Woodland,107,Seasonal Aggregation Camps,11
-5000,initial,82,Viaterstan Tribe,Eastern Woodland,111,Grinding Stones,11
-5000,initial,82,Viaterstan Tribe,Eastern Woodland,113,Sedentism,11
-5000,initial,82,Viaterstan Tribe,Eastern Woodland,4,Mining,11
-5000,initial,82,Viaterstan Tribe,Eastern Woodland,3,Archery,11
-5000,initial,82,Viaterstan Tribe,Eastern Woodland,6,Calendar,11
-5000,initial,83,New viarom Tribe,Eastern Woodland,100,Cordage and Knots,11
-5000,initial,83,New viarom Tribe,Eastern Woodland,101,Hide Working and Tailored Clothing,11
-5000,initial,83,New viarom Tribe,Eastern Woodland,102,Hafted Stone Tools,11
-5000,initial,83,New viarom Tribe,Eastern Woodland,105,Food Preservation,11
-5000,initial,83,New viarom Tribe,Eastern Woodland,106,Storage Pits and Containers,11
-5000,initial,83,New viarom Tribe,Eastern Woodland,107,Seasonal Aggregation Camps,11
-5000,initial,83,New viarom Tribe,Eastern Woodland,111,Grinding Stones,11
-5000,initial,83,New viarom Tribe,Eastern Woodland,113,Sedentism,11
-5000,initial,83,New viarom Tribe,Eastern Woodland,4,Mining,11
-5000,initial,83,New viarom Tribe,Eastern Woodland,3,Archery,11
-5000,initial,83,New viarom Tribe,Eastern Woodland,6,Calendar,11
-5000,initial,84,North marnaland Tribe,Eastern Woodland,100,Cordage and Knots,11
-5000,initial,84,North marnaland Tribe,Eastern Woodland,101,Hide Working and Tailored Clothing,11
-5000,initial,84,North marnaland Tribe,Eastern Woodland,102,Hafted Stone Tools,11
-5000,initial,84,North marnaland Tribe,Eastern Woodland,105,Food Preservation,11
-5000,initial,84,North marnaland Tribe,Eastern Woodland,106,Storage Pits and Containers,11
-5000,initial,84,North marnaland Tribe,Eastern Woodland,107,Seasonal Aggregation Camps,11
-5000,initial,84,North marnaland Tribe,Eastern Woodland,111,Grinding Stones,11
-5000,initial,84,North marnaland Tribe,Eastern Woodland,113,Sedentism,11
-5000,initial,84,North marnaland Tribe,Eastern Woodland,4,Mining,11
-5000,initial,84,North marnaland Tribe,Eastern Woodland,3,Archery,11
-5000,initial,84,North marnaland Tribe,Eastern Woodland,6,Calendar,11
-5000,initial,85,New randus Tribe,Eastern Woodland,100,Cordage and Knots,11
-5000,initial,85,New randus Tribe,Eastern Woodland,101,Hide Working and Tailored Clothing,11
-5000,initial,85,New randus Tribe,Eastern Woodland,102,Hafted Stone Tools,11
-5000,initial,85,New randus Tribe,Eastern Woodland,105,Food Preservation,11
-5000,initial,85,New randus Tribe,Eastern Woodland,106,Storage Pits and Containers,11
-5000,initial,85,New randus Tribe,Eastern Woodland,107,Seasonal Aggregation Camps,11
-5000,initial,85,New randus Tribe,Eastern Woodland,111,Grinding Stones,11
-5000,initial,85,New randus Tribe,Eastern Woodland,113,Sedentism,11
-5000,initial,85,New randus Tribe,Eastern Woodland,4,Mining,11
-5000,initial,85,New randus Tribe,Eastern Woodland,3,Archery,11
-5000,initial,85,New randus Tribe,Eastern Woodland,6,Calendar,11
-5000,initial,86,South zenbelteria Tribe,Eastern Woodland,100,Cordage and Knots,11
-5000,initial,86,South zenbelteria Tribe,Eastern Woodland,101,Hide Working and Tailored Clothing,11
-5000,initial,86,South zenbelteria Tribe,Eastern Woodland,102,Hafted Stone Tools,11
-5000,initial,86,South zenbelteria Tribe,Eastern Woodland,105,Food Preservation,11
-5000,initial,86,South zenbelteria Tribe,Eastern Woodland,106,Storage Pits and Containers,11
-5000,initial,86,South zenbelteria Tribe,Eastern Woodland,107,Seasonal Aggregation Camps,11
-5000,initial,86,South zenbelteria Tribe,Eastern Woodland,111,Grinding Stones,11
-5000,initial,86,South zenbelteria Tribe,Eastern Woodland,113,Sedentism,11
-5000,initial,86,South zenbelteria Tribe,Eastern Woodland,4,Mining,11
-5000,initial,86,South zenbelteria Tribe,Eastern Woodland,3,Archery,11
-5000,initial,86,South zenbelteria Tribe,Eastern Woodland,6,Calendar,11
-5000,initial,87,North terkinia Tribe,Eastern Woodland,100,Cordage and Knots,11
-5000,initial,87,North terkinia Tribe,Eastern Woodland,101,Hide Working and Tailored Clothing,11
-5000,initial,87,North terkinia Tribe,Eastern Woodland,102,Hafted Stone Tools,11
-5000,initial,87,North terkinia Tribe,Eastern Woodland,105,Food Preservation,11
-5000,initial,87,North terkinia Tribe,Eastern Woodland,106,Storage Pits and Containers,11
-5000,initial,87,North terkinia Tribe,Eastern Woodland,107,Seasonal Aggregation Camps,11
-5000,initial,87,North terkinia Tribe,Eastern Woodland,111,Grinding Stones,11
-5000,initial,87,North terkinia Tribe,Eastern Woodland,113,Sedentism,11
-5000,initial,87,North terkinia Tribe,Eastern Woodland,4,Mining,11
-5000,initial,87,North terkinia Tribe,Eastern Woodland,3,Archery,11
-5000,initial,87,North terkinia Tribe,Eastern Woodland,6,Calendar,11
-5000,initial,88,Solkin Tribe,Eastern Woodland,100,Cordage and Knots,11
-5000,initial,88,Solkin Tribe,Eastern Woodland,101,Hide Working and Tailored Clothing,11
-5000,initial,88,Solkin Tribe,Eastern Woodland,102,Hafted Stone Tools,11
-5000,initial,88,Solkin Tribe,Eastern Woodland,105,Food Preservation,11
-5000,initial,88,Solkin Tribe,Eastern Woodland,106,Storage Pits and Containers,11
-5000,initial,88,Solkin Tribe,Eastern Woodland,107,Seasonal Aggregation Camps,11
-5000,initial,88,Solkin Tribe,Eastern Woodland,111,Grinding Stones,11
-5000,initial,88,Solkin Tribe,Eastern Woodland,113,Sedentism,11
-5000,initial,88,Solkin Tribe,Eastern Woodland,4,Mining,11
-5000,initial,88,Solkin Tribe,Eastern Woodland,3,Archery,11
-5000,initial,88,Solkin Tribe,Eastern Woodland,6,Calendar,11
-5000,initial,89,Ranviaranstan Tribe,Western Plains,100,Cordage and Knots,11
-5000,initial,89,Ranviaranstan Tribe,Western Plains,101,Hide Working and Tailored Clothing,11
-5000,initial,89,Ranviaranstan Tribe,Western Plains,102,Hafted Stone Tools,11
-5000,initial,89,Ranviaranstan Tribe,Western Plains,105,Food Preservation,11
-5000,initial,89,Ranviaranstan Tribe,Western Plains,106,Storage Pits and Containers,11
-5000,initial,89,Ranviaranstan Tribe,Western Plains,107,Seasonal Aggregation Camps,11
-5000,initial,89,Ranviaranstan Tribe,Western Plains,111,Grinding Stones,11
-5000,initial,89,Ranviaranstan Tribe,Western Plains,113,Sedentism,11
-5000,initial,89,Ranviaranstan Tribe,Western Plains,4,Mining,11
-5000,initial,89,Ranviaranstan Tribe,Western Plains,3,Archery,11
-5000,initial,89,Ranviaranstan Tribe,Western Plains,6,Calendar,11
-5000,initial,90,South viadusmarland Tribe,Western Plains,100,Cordage and Knots,11
-5000,initial,90,South viadusmarland Tribe,Western Plains,101,Hide Working and Tailored Clothing,11
-5000,initial,90,South viadusmarland Tribe,Western Plains,102,Hafted Stone Tools,11
-5000,initial,90,South viadusmarland Tribe,Western Plains,105,Food Preservation,11
-5000,initial,90,South viadusmarland Tribe,Western Plains,106,Storage Pits and Containers,11
-5000,initial,90,South viadusmarland Tribe,Western Plains,107,Seasonal Aggregation Camps,11
-5000,initial,90,South viadusmarland Tribe,Western Plains,111,Grinding Stones,11
-5000,initial,90,South viadusmarland Tribe,Western Plains,113,Sedentism,11
-5000,initial,90,South viadusmarland Tribe,Western Plains,4,Mining,11
-5000,initial,90,South viadusmarland Tribe,Western Plains,3,Archery,11
-5000,initial,90,South viadusmarland Tribe,Western Plains,6,Calendar,11
-5000,initial,91,North garkinlin Tribe,Western Plains,100,Cordage and Knots,11
-5000,initial,91,North garkinlin Tribe,Western Plains,101,Hide Working and Tailored Clothing,11
-5000,initial,91,North garkinlin Tribe,Western Plains,102,Hafted Stone Tools,11
-5000,initial,91,North garkinlin Tribe,Western Plains,105,Food Preservation,11
-5000,initial,91,North garkinlin Tribe,Western Plains,106,Storage Pits and Containers,11
-5000,initial,91,North garkinlin Tribe,Western Plains,107,Seasonal Aggregation Camps,11
-5000,initial,91,North garkinlin Tribe,Western Plains,111,Grinding Stones,11
-5000,initial,91,North garkinlin Tribe,Western Plains,113,Sedentism,11
-5000,initial,91,North garkinlin Tribe,Western Plains,4,Mining,11
-5000,initial,91,North garkinlin Tribe,Western Plains,3,Archery,11
-5000,initial,91,North garkinlin Tribe,Western Plains,6,Calendar,11
-5000,initial,92,Old marbellorgrad Tribe,Western Plains,100,Cordage and Knots,11
-5000,initial,92,Old marbellorgrad Tribe,Western Plains,101,Hide Working and Tailored Clothing,11
-5000,initial,92,Old marbellorgrad Tribe,Western Plains,102,Hafted Stone Tools,11
-5000,initial,92,Old marbellorgrad Tribe,Western Plains,105,Food Preservation,11
-5000,initial,92,Old marbellorgrad Tribe,Western Plains,106,Storage Pits and Containers,11
-5000,initial,92,Old marbellorgrad Tribe,Western Plains,107,Seasonal Aggregation Camps,11
-5000,initial,92,Old marbellorgrad Tribe,Western Plains,111,Grinding Stones,11
-5000,initial,92,Old marbellorgrad Tribe,Western Plains,113,Sedentism,11
-5000,initial,92,Old marbellorgrad Tribe,Western Plains,4,Mining,11
-5000,initial,92,Old marbellorgrad Tribe,Western Plains,3,Archery,11
-5000,initial,92,Old marbellorgrad Tribe,Western Plains,6,Calendar,11
-5000,initial,93,New kinsolbelia Tribe,Western Plains,100,Cordage and Knots,11
-5000,initial,93,New kinsolbelia Tribe,Western Plains,101,Hide Working and Tailored Clothing,11
-5000,initial,93,New kinsolbelia Tribe,Western Plains,102,Hafted Stone Tools,11
-5000,initial,93,New kinsolbelia Tribe,Western Plains,105,Food Preservation,11
-5000,initial,93,New kinsolbelia Tribe,Western Plains,106,Storage Pits and Containers,11
-5000,initial,93,New kinsolbelia Tribe,Western Plains,107,Seasonal Aggregation Camps,11
-5000,initial,93,New kinsolbelia Tribe,Western Plains,111,Grinding Stones,11
-5000,initial,93,New kinsolbelia Tribe,Western Plains,113,Sedentism,11
-5000,initial,93,New kinsolbelia Tribe,Western Plains,4,Mining,11
-5000,initial,93,New kinsolbelia Tribe,Western Plains,3,Archery,11
-5000,initial,93,New kinsolbelia Tribe,Western Plains,6,Calendar,11
-5000,initial,94,Great quikinzenstan Tribe,Western Plains,100,Cordage and Knots,11
-5000,initial,94,Great quikinzenstan Tribe,Western Plains,101,Hide Working and Tailored Clothing,11
-5000,initial,94,Great quikinzenstan Tribe,Western Plains,102,Hafted Stone Tools,11
-5000,initial,94,Great quikinzenstan Tribe,Western Plains,105,Food Preservation,11
-5000,initial,94,Great quikinzenstan Tribe,Western Plains,106,Storage Pits and Containers,11
-5000,initial,94,Great quikinzenstan Tribe,Western Plains,107,Seasonal Aggregation Camps,11
-5000,initial,94,Great quikinzenstan Tribe,Western Plains,111,Grinding Stones,11
-5000,initial,94,Great quikinzenstan Tribe,Western Plains,113,Sedentism,11
-5000,initial,94,Great quikinzenstan Tribe,Western Plains,4,Mining,11
-5000,initial,94,Great quikinzenstan Tribe,Western Plains,3,Archery,11
-5000,initial,94,Great quikinzenstan Tribe,Western Plains,6,Calendar,11
-5000,initial,95,New duslorland Tribe,Western Plains,100,Cordage and Knots,11
-5000,initial,95,New duslorland Tribe,Western Plains,101,Hide Working and Tailored Clothing,11
-5000,initial,95,New duslorland Tribe,Western Plains,102,Hafted Stone Tools,11
-5000,initial,95,New duslorland Tribe,Western Plains,105,Food Preservation,11
-5000,initial,95,New duslorland Tribe,Western Plains,106,Storage Pits and Containers,11
-5000,initial,95,New duslorland Tribe,Western Plains,107,Seasonal Aggregation Camps,11
-5000,initial,95,New duslorland Tribe,Western Plains,111,Grinding Stones,11
-5000,initial,95,New duslorland Tribe,Western Plains,113,Sedentism,11
-5000,initial,95,New duslorland Tribe,Western Plains,4,Mining,11
-5000,initial,95,New duslorland Tribe,Western Plains,3,Archery,11
-5000,initial,95,New duslorland Tribe,Western Plains,6,Calendar,11
-5000,initial,96,New marviamaria Tribe,Western Plains,100,Cordage and Knots,11
-5000,initial,96,New marviamaria Tribe,Western Plains,101,Hide Working and Tailored Clothing,11
-5000,initial,96,New marviamaria Tribe,Western Plains,102,Hafted Stone Tools,11
-5000,initial,96,New marviamaria Tribe,Western Plains,105,Food Preservation,11
-5000,initial,96,New marviamaria Tribe,Western Plains,106,Storage Pits and Containers,11
-5000,initial,96,New marviamaria Tribe,Western Plains,107,Seasonal Aggregation Camps,11
-5000,initial,96,New marviamaria Tribe,Western Plains,111,Grinding Stones,11
-5000,initial,96,New marviamaria Tribe,Western Plains,113,Sedentism,11
-5000,initial,96,New marviamaria Tribe,Western Plains,4,Mining,11
-5000,initial,96,New marviamaria Tribe,Western Plains,3,Archery,11
-5000,initial,96,New marviamaria Tribe,Western Plains,6,Calendar,11
-5000,initial,97,Great kinzenbelland Tribe,Caribbean Seafaring,100,Cordage and Knots,12
-5000,initial,97,Great kinzenbelland Tribe,Caribbean Seafaring,101,Hide Working and Tailored Clothing,12
-5000,initial,97,Great kinzenbelland Tribe,Caribbean Seafaring,102,Hafted Stone Tools,12
-5000,initial,97,Great kinzenbelland Tribe,Caribbean Seafaring,104,Fishing Technology,12
-5000,initial,97,Great kinzenbelland Tribe,Caribbean Seafaring,105,Food Preservation,12
-5000,initial,97,Great kinzenbelland Tribe,Caribbean Seafaring,106,Storage Pits and Containers,12
-5000,initial,97,Great kinzenbelland Tribe,Caribbean Seafaring,107,Seasonal Aggregation Camps,12
-5000,initial,97,Great kinzenbelland Tribe,Caribbean Seafaring,108,Watercraft,12
-5000,initial,97,Great kinzenbelland Tribe,Caribbean Seafaring,113,Sedentism,12
-5000,initial,97,Great kinzenbelland Tribe,Caribbean Seafaring,3,Archery,12
-5000,initial,97,Great kinzenbelland Tribe,Caribbean Seafaring,5,Sailing,12
-5000,initial,97,Great kinzenbelland Tribe,Caribbean Seafaring,6,Calendar,12
-5000,initial,98,North nuimorangiua Tribe,Oceanic Navigators,100,Cordage and Knots,12
-5000,initial,98,North nuimorangiua Tribe,Oceanic Navigators,101,Hide Working and Tailored Clothing,12
-5000,initial,98,North nuimorangiua Tribe,Oceanic Navigators,102,Hafted Stone Tools,12
-5000,initial,98,North nuimorangiua Tribe,Oceanic Navigators,104,Fishing Technology,12
-5000,initial,98,North nuimorangiua Tribe,Oceanic Navigators,105,Food Preservation,12
-5000,initial,98,North nuimorangiua Tribe,Oceanic Navigators,106,Storage Pits and Containers,12
-5000,initial,98,North nuimorangiua Tribe,Oceanic Navigators,107,Seasonal Aggregation Camps,12
-5000,initial,98,North nuimorangiua Tribe,Oceanic Navigators,108,Watercraft,12
-5000,initial,98,North nuimorangiua Tribe,Oceanic Navigators,113,Sedentism,12
-5000,initial,98,North nuimorangiua Tribe,Oceanic Navigators,3,Archery,12
-5000,initial,98,North nuimorangiua Tribe,Oceanic Navigators,5,Sailing,12
-5000,initial,98,North nuimorangiua Tribe,Oceanic Navigators,6,Calendar,12
-5000,initial,99,Great kirirangihanamoa Tribe,Oceanic Navigators,100,Cordage and Knots,12
-5000,initial,99,Great kirirangihanamoa Tribe,Oceanic Navigators,101,Hide Working and Tailored Clothing,12
-5000,initial,99,Great kirirangihanamoa Tribe,Oceanic Navigators,102,Hafted Stone Tools,12
-5000,initial,99,Great kirirangihanamoa Tribe,Oceanic Navigators,104,Fishing Technology,12
-5000,initial,99,Great kirirangihanamoa Tribe,Oceanic Navigators,105,Food Preservation,12
-5000,initial,99,Great kirirangihanamoa Tribe,Oceanic Navigators,106,Storage Pits and Containers,12
-5000,initial,99,Great kirirangihanamoa Tribe,Oceanic Navigators,107,Seasonal Aggregation Camps,12
-5000,initial,99,Great kirirangihanamoa Tribe,Oceanic Navigators,108,Watercraft,12
-5000,initial,99,Great kirirangihanamoa Tribe,Oceanic Navigators,113,Sedentism,12
-5000,initial,99,Great kirirangihanamoa Tribe,Oceanic Navigators,3,Archery,12
-5000,initial,99,Great kirirangihanamoa Tribe,Oceanic Navigators,5,Sailing,12
-5000,initial,99,Great kirirangihanamoa Tribe,Oceanic Navigators,6,Calendar,12
-4980,initial,100,South viaquiqui Tribe,Caribbean Seafaring,100,Cordage and Knots,7
-4980,initial,100,South viaquiqui Tribe,Caribbean Seafaring,101,Hide Working and Tailored Clothing,7
-4980,initial,100,South viaquiqui Tribe,Caribbean Seafaring,102,Hafted Stone Tools,7
-4980,initial,100,South viaquiqui Tribe,Caribbean Seafaring,105,Food Preservation,7
-4980,initial,100,South viaquiqui Tribe,Caribbean Seafaring,106,Storage Pits and Containers,7
-4980,initial,100,South viaquiqui Tribe,Caribbean Seafaring,107,Seasonal Aggregation Camps,7
-4980,initial,100,South viaquiqui Tribe,Caribbean Seafaring,3,Archery,7
-4970,initial,101,Weiminzholing Tribe,East Riverine,100,Cordage and Knots,10
-4970,initial,101,Weiminzholing Tribe,East Riverine,101,Hide Working and Tailored Clothing,10
-4970,initial,101,Weiminzholing Tribe,East Riverine,102,Hafted Stone Tools,10
-4970,initial,101,Weiminzholing Tribe,East Riverine,105,Food Preservation,10
-4970,initial,101,Weiminzholing Tribe,East Riverine,106,Storage Pits and Containers,10
-4970,initial,101,Weiminzholing Tribe,East Riverine,107,Seasonal Aggregation Camps,10
-4970,initial,101,Weiminzholing Tribe,East Riverine,110,Dog Domestication,10
-4970,initial,101,Weiminzholing Tribe,East Riverine,111,Grinding Stones,10
-4970,initial,101,Weiminzholing Tribe,East Riverine,116,Charcoal Firing,10
-4970,initial,101,Weiminzholing Tribe,East Riverine,3,Archery,10
-4965,initial,102,Great lintersolland Tribe,Western Plains,100,Cordage and Knots,8
-4965,initial,102,Great lintersolland Tribe,Western Plains,101,Hide Working and Tailored Clothing,8
-4965,initial,102,Great lintersolland Tribe,Western Plains,102,Hafted Stone Tools,8
-4965,initial,102,Great lintersolland Tribe,Western Plains,105,Food Preservation,8
-4965,initial,102,Great lintersolland Tribe,Western Plains,106,Storage Pits and Containers,8
-4965,initial,102,Great lintersolland Tribe,Western Plains,107,Seasonal Aggregation Camps,8
-4965,initial,102,Great lintersolland Tribe,Western Plains,111,Grinding Stones,8
-4965,initial,102,Great lintersolland Tribe,Western Plains,3,Archery,8
-4965,initial,103,Nortaria Tribe,Atlantic Fringe,100,Cordage and Knots,10
-4965,initial,103,Nortaria Tribe,Atlantic Fringe,101,Hide Working and Tailored Clothing,10
-4965,initial,103,Nortaria Tribe,Atlantic Fringe,102,Hafted Stone Tools,10
-4965,initial,103,Nortaria Tribe,Atlantic Fringe,105,Food Preservation,10
-4965,initial,103,Nortaria Tribe,Atlantic Fringe,106,Storage Pits and Containers,10
-4965,initial,103,Nortaria Tribe,Atlantic Fringe,107,Seasonal Aggregation Camps,10
-4965,initial,103,Nortaria Tribe,Atlantic Fringe,111,Grinding Stones,10
-4965,initial,103,Nortaria Tribe,Atlantic Fringe,116,Charcoal Firing,10
-4965,initial,103,Nortaria Tribe,Atlantic Fringe,4,Mining,10
-4965,initial,103,Nortaria Tribe,Atlantic Fringe,3,Archery,10
-4965,initial,104,Old linkinia Tribe,Steppe Nomadic,100,Cordage and Knots,9
-4965,initial,104,Old linkinia Tribe,Steppe Nomadic,101,Hide Working and Tailored Clothing,9
-4965,initial,104,Old linkinia Tribe,Steppe Nomadic,102,Hafted Stone Tools,9
-4965,initial,104,Old linkinia Tribe,Steppe Nomadic,105,Food Preservation,9
-4965,initial,104,Old linkinia Tribe,Steppe Nomadic,106,Storage Pits and Containers,9
-4965,initial,104,Old linkinia Tribe,Steppe Nomadic,107,Seasonal Aggregation Camps,9
-4965,initial,104,Old linkinia Tribe,Steppe Nomadic,110,Dog Domestication,9
-4965,initial,104,Old linkinia Tribe,Steppe Nomadic,111,Grinding Stones,9
-4965,initial,104,Old linkinia Tribe,Steppe Nomadic,3,Archery,9
-4955,initial,105,Old samninad Tribe,Fertile Crescent,100,Cordage and Knots,10
-4955,initial,105,Old samninad Tribe,Fertile Crescent,101,Hide Working and Tailored Clothing,10
-4955,initial,105,Old samninad Tribe,Fertile Crescent,102,Hafted Stone Tools,10
-4955,initial,105,Old samninad Tribe,Fertile Crescent,105,Food Preservation,10
-4955,initial,105,Old samninad Tribe,Fertile Crescent,106,Storage Pits and Containers,10
-4955,initial,105,Old samninad Tribe,Fertile Crescent,107,Seasonal Aggregation Camps,10
-4955,initial,105,Old samninad Tribe,Fertile Crescent,110,Dog Domestication,10
-4955,initial,105,Old samninad Tribe,Fertile Crescent,111,Grinding Stones,10
-4955,initial,105,Old samninad Tribe,Fertile Crescent,116,Charcoal Firing,10
-4955,initial,105,Old samninad Tribe,Fertile Crescent,3,Archery,10
-4925,initial,106,South taihanqinzhou Tribe,East Riverine,100,Cordage and Knots,10
-4925,initial,106,South taihanqinzhou Tribe,East Riverine,101,Hide Working and Tailored Clothing,10
-4925,initial,106,South taihanqinzhou Tribe,East Riverine,102,Hafted Stone Tools,10
-4925,initial,106,South taihanqinzhou Tribe,East Riverine,105,Food Preservation,10
-4925,initial,106,South taihanqinzhou Tribe,East Riverine,106,Storage Pits and Containers,10
-4925,initial,106,South taihanqinzhou Tribe,East Riverine,107,Seasonal Aggregation Camps,10
-4925,initial,106,South taihanqinzhou Tribe,East Riverine,110,Dog Domestication,10
-4925,initial,106,South taihanqinzhou Tribe,East Riverine,111,Grinding Stones,10
-4925,initial,106,South taihanqinzhou Tribe,East Riverine,116,Charcoal Firing,10
-4925,initial,106,South taihanqinzhou Tribe,East Riverine,3,Archery,10
-4925,initial,107,South shakana Tribe,Indic Riverine,100,Cordage and Knots,17
-4925,initial,107,South shakana Tribe,Indic Riverine,101,Hide Working and Tailored Clothing,17
-4925,initial,107,South shakana Tribe,Indic Riverine,102,Hafted Stone Tools,17
-4925,initial,107,South shakana Tribe,Indic Riverine,105,Food Preservation,17
-4925,initial,107,South shakana Tribe,Indic Riverine,106,Storage Pits and Containers,17
-4925,initial,107,South shakana Tribe,Indic Riverine,107,Seasonal Aggregation Camps,17
-4925,initial,107,South shakana Tribe,Indic Riverine,110,Dog Domestication,17
-4925,initial,107,South shakana Tribe,Indic Riverine,111,Grinding Stones,17
-4925,initial,107,South shakana Tribe,Indic Riverine,112,Proto-cultivation,17
-4925,initial,107,South shakana Tribe,Indic Riverine,113,Sedentism,17
-4925,initial,107,South shakana Tribe,Indic Riverine,114,Enclosures and Herd Management,17
-4925,initial,107,South shakana Tribe,Indic Riverine,115,Counting Tokens and Tallies,17
-4925,initial,107,South shakana Tribe,Indic Riverine,116,Charcoal Firing,17
-4925,initial,107,South shakana Tribe,Indic Riverine,1,Pottery,17
-4925,initial,107,South shakana Tribe,Indic Riverine,20,Agriculture,17
-4925,initial,107,South shakana Tribe,Indic Riverine,3,Archery,17
-4925,initial,107,South shakana Tribe,Indic Riverine,6,Calendar,17
-4920,initial,108,Old quikindusia Tribe,Western Plains,100,Cordage and Knots,9
-4920,initial,108,Old quikindusia Tribe,Western Plains,101,Hide Working and Tailored Clothing,9
-4920,initial,108,Old quikindusia Tribe,Western Plains,102,Hafted Stone Tools,9
-4920,initial,108,Old quikindusia Tribe,Western Plains,105,Food Preservation,9
-4920,initial,108,Old quikindusia Tribe,Western Plains,106,Storage Pits and Containers,9
-4920,initial,108,Old quikindusia Tribe,Western Plains,107,Seasonal Aggregation Camps,9
-4920,initial,108,Old quikindusia Tribe,Western Plains,111,Grinding Stones,9
-4920,initial,108,Old quikindusia Tribe,Western Plains,4,Mining,9
-4920,initial,108,Old quikindusia Tribe,Western Plains,3,Archery,9
-4905,initial,109,New surdranagar Tribe,Indic Riverine,100,Cordage and Knots,11
-4905,initial,109,New surdranagar Tribe,Indic Riverine,101,Hide Working and Tailored Clothing,11
-4905,initial,109,New surdranagar Tribe,Indic Riverine,102,Hafted Stone Tools,11
-4905,initial,109,New surdranagar Tribe,Indic Riverine,105,Food Preservation,11
-4905,initial,109,New surdranagar Tribe,Indic Riverine,106,Storage Pits and Containers,11
-4905,initial,109,New surdranagar Tribe,Indic Riverine,107,Seasonal Aggregation Camps,11
-4905,initial,109,New surdranagar Tribe,Indic Riverine,110,Dog Domestication,11
-4905,initial,109,New surdranagar Tribe,Indic Riverine,111,Grinding Stones,11
-4905,initial,109,New surdranagar Tribe,Indic Riverine,116,Charcoal Firing,11
-4905,initial,109,New surdranagar Tribe,Indic Riverine,4,Mining,11
-4905,initial,109,New surdranagar Tribe,Indic Riverine,3,Archery,11
-4890,initial,110,North rumrumqoriyu Tribe,Andean Highland,100,Cordage and Knots,10
-4890,initial,110,North rumrumqoriyu Tribe,Andean Highland,101,Hide Working and Tailored Clothing,10
-4890,initial,110,North rumrumqoriyu Tribe,Andean Highland,102,Hafted Stone Tools,10
-4890,initial,110,North rumrumqoriyu Tribe,Andean Highland,105,Food Preservation,10
-4890,initial,110,North rumrumqoriyu Tribe,Andean Highland,106,Storage Pits and Containers,10
-4890,initial,110,North rumrumqoriyu Tribe,Andean Highland,107,Seasonal Aggregation Camps,10
-4890,initial,110,North rumrumqoriyu Tribe,Andean Highland,111,Grinding Stones,10
-4890,initial,110,North rumrumqoriyu Tribe,Andean Highland,116,Charcoal Firing,10
-4890,initial,110,North rumrumqoriyu Tribe,Andean Highland,4,Mining,10
-4890,initial,110,North rumrumqoriyu Tribe,Andean Highland,3,Archery,10
-4885,initial,111,Old chitanchiene Tribe,Central Forest,100,Cordage and Knots,9
-4885,initial,111,Old chitanchiene Tribe,Central Forest,101,Hide Working and Tailored Clothing,9
-4885,initial,111,Old chitanchiene Tribe,Central Forest,102,Hafted Stone Tools,9
-4885,initial,111,Old chitanchiene Tribe,Central Forest,105,Food Preservation,9
-4885,initial,111,Old chitanchiene Tribe,Central Forest,106,Storage Pits and Containers,9
-4885,initial,111,Old chitanchiene Tribe,Central Forest,107,Seasonal Aggregation Camps,9
-4885,initial,111,Old chitanchiene Tribe,Central Forest,111,Grinding Stones,9
-4885,initial,111,Old chitanchiene Tribe,Central Forest,116,Charcoal Firing,9
-4885,initial,111,Old chitanchiene Tribe,Central Forest,3,Archery,9
-4875,initial,112,Xiataishan Tribe,East Riverine,100,Cordage and Knots,10
-4875,initial,112,Xiataishan Tribe,East Riverine,101,Hide Working and Tailored Clothing,10
-4875,initial,112,Xiataishan Tribe,East Riverine,102,Hafted Stone Tools,10
-4875,initial,112,Xiataishan Tribe,East Riverine,105,Food Preservation,10
-4875,initial,112,Xiataishan Tribe,East Riverine,106,Storage Pits and Containers,10
-4875,initial,112,Xiataishan Tribe,East Riverine,107,Seasonal Aggregation Camps,10
-4875,initial,112,Xiataishan Tribe,East Riverine,110,Dog Domestication,10
-4875,initial,112,Xiataishan Tribe,East Riverine,111,Grinding Stones,10
-4875,initial,112,Xiataishan Tribe,East Riverine,116,Charcoal Firing,10
-4875,initial,112,Xiataishan Tribe,East Riverine,3,Archery,10
-4825,initial,113,North renliling Tribe,East Riverine,100,Cordage and Knots,10
-4825,initial,113,North renliling Tribe,East Riverine,101,Hide Working and Tailored Clothing,10
-4825,initial,113,North renliling Tribe,East Riverine,102,Hafted Stone Tools,10
-4825,initial,113,North renliling Tribe,East Riverine,105,Food Preservation,10
-4825,initial,113,North renliling Tribe,East Riverine,106,Storage Pits and Containers,10
-4825,initial,113,North renliling Tribe,East Riverine,107,Seasonal Aggregation Camps,10
-4825,initial,113,North renliling Tribe,East Riverine,110,Dog Domestication,10
-4825,initial,113,North renliling Tribe,East Riverine,111,Grinding Stones,10
-4825,initial,113,North renliling Tribe,East Riverine,116,Charcoal Firing,10
-4825,initial,113,North renliling Tribe,East Riverine,3,Archery,10
-4775,initial,114,Solromranstan Tribe,Western Plains,100,Cordage and Knots,8
-4775,initial,114,Solromranstan Tribe,Western Plains,101,Hide Working and Tailored Clothing,8
-4775,initial,114,Solromranstan Tribe,Western Plains,102,Hafted Stone Tools,8
-4775,initial,114,Solromranstan Tribe,Western Plains,105,Food Preservation,8
-4775,initial,114,Solromranstan Tribe,Western Plains,106,Storage Pits and Containers,8
-4775,initial,114,Solromranstan Tribe,Western Plains,107,Seasonal Aggregation Camps,8
-4775,initial,114,Solromranstan Tribe,Western Plains,111,Grinding Stones,8
-4775,initial,114,Solromranstan Tribe,Western Plains,3,Archery,8
-4770,initial,115,Old kuskusna Tribe,Andean Highland,100,Cordage and Knots,10
-4770,initial,115,Old kuskusna Tribe,Andean Highland,101,Hide Working and Tailored Clothing,10
-4770,initial,115,Old kuskusna Tribe,Andean Highland,102,Hafted Stone Tools,10
-4770,initial,115,Old kuskusna Tribe,Andean Highland,105,Food Preservation,10
-4770,initial,115,Old kuskusna Tribe,Andean Highland,106,Storage Pits and Containers,10
-4770,initial,115,Old kuskusna Tribe,Andean Highland,107,Seasonal Aggregation Camps,10
-4770,initial,115,Old kuskusna Tribe,Andean Highland,111,Grinding Stones,10
-4770,initial,115,Old kuskusna Tribe,Andean Highland,116,Charcoal Firing,10
-4770,initial,115,Old kuskusna Tribe,Andean Highland,4,Mining,10
-4770,initial,115,Old kuskusna Tribe,Andean Highland,3,Archery,10
-4755,initial,116,South vikandesh Tribe,Indic Riverine,100,Cordage and Knots,10
-4755,initial,116,South vikandesh Tribe,Indic Riverine,101,Hide Working and Tailored Clothing,10
-4755,initial,116,South vikandesh Tribe,Indic Riverine,102,Hafted Stone Tools,10
-4755,initial,116,South vikandesh Tribe,Indic Riverine,105,Food Preservation,10
-4755,initial,116,South vikandesh Tribe,Indic Riverine,106,Storage Pits and Containers,10
-4755,initial,116,South vikandesh Tribe,Indic Riverine,107,Seasonal Aggregation Camps,10
-4755,initial,116,South vikandesh Tribe,Indic Riverine,110,Dog Domestication,10
-4755,initial,116,South vikandesh Tribe,Indic Riverine,111,Grinding Stones,10
-4755,initial,116,South vikandesh Tribe,Indic Riverine,116,Charcoal Firing,10
-4755,initial,116,South vikandesh Tribe,Indic Riverine,3,Archery,10
-4750,initial,117,New viabelstan Tribe,Eastern Woodland,100,Cordage and Knots,9
-4750,initial,117,New viabelstan Tribe,Eastern Woodland,101,Hide Working and Tailored Clothing,9
-4750,initial,117,New viabelstan Tribe,Eastern Woodland,102,Hafted Stone Tools,9
-4750,initial,117,New viabelstan Tribe,Eastern Woodland,105,Food Preservation,9
-4750,initial,117,New viabelstan Tribe,Eastern Woodland,106,Storage Pits and Containers,9
-4750,initial,117,New viabelstan Tribe,Eastern Woodland,107,Seasonal Aggregation Camps,9
-4750,initial,117,New viabelstan Tribe,Eastern Woodland,111,Grinding Stones,9
-4750,initial,117,New viabelstan Tribe,Eastern Woodland,4,Mining,9
-4750,initial,117,New viabelstan Tribe,Eastern Woodland,3,Archery,9
-4750,initial,118,Great calnahan Tribe,Mesoamerican,100,Cordage and Knots,13
-4750,initial,118,Great calnahan Tribe,Mesoamerican,101,Hide Working and Tailored Clothing,13
-4750,initial,118,Great calnahan Tribe,Mesoamerican,102,Hafted Stone Tools,13
-4750,initial,118,Great calnahan Tribe,Mesoamerican,105,Food Preservation,13
-4750,initial,118,Great calnahan Tribe,Mesoamerican,106,Storage Pits and Containers,13
-4750,initial,118,Great calnahan Tribe,Mesoamerican,107,Seasonal Aggregation Camps,13
-4750,initial,118,Great calnahan Tribe,Mesoamerican,111,Grinding Stones,13
-4750,initial,118,Great calnahan Tribe,Mesoamerican,112,Proto-cultivation,13
-4750,initial,118,Great calnahan Tribe,Mesoamerican,113,Sedentism,13
-4750,initial,118,Great calnahan Tribe,Mesoamerican,116,Charcoal Firing,13
-4750,initial,118,Great calnahan Tribe,Mesoamerican,1,Pottery,13
-4750,initial,118,Great calnahan Tribe,Mesoamerican,3,Archery,13
-4750,initial,118,Great calnahan Tribe,Mesoamerican,6,Calendar,13
-4695,initial,119,New ranquiland Kingdom,Steppe Nomadic,100,Cordage and Knots,9
-4695,initial,119,New ranquiland Kingdom,Steppe Nomadic,101,Hide Working and Tailored Clothing,9
-4695,initial,119,New ranquiland Kingdom,Steppe Nomadic,102,Hafted Stone Tools,9
-4695,initial,119,New ranquiland Kingdom,Steppe Nomadic,105,Food Preservation,9
-4695,initial,119,New ranquiland Kingdom,Steppe Nomadic,106,Storage Pits and Containers,9
-4695,initial,119,New ranquiland Kingdom,Steppe Nomadic,107,Seasonal Aggregation Camps,9
-4695,initial,119,New ranquiland Kingdom,Steppe Nomadic,110,Dog Domestication,9
-4695,initial,119,New ranquiland Kingdom,Steppe Nomadic,111,Grinding Stones,9
-4695,initial,119,New ranquiland Kingdom,Steppe Nomadic,3,Archery,9
-4675,initial,120,Norlennorland Tribe,Mediterranean Urban,100,Cordage and Knots,10
-4675,initial,120,Norlennorland Tribe,Mediterranean Urban,101,Hide Working and Tailored Clothing,10
-4675,initial,120,Norlennorland Tribe,Mediterranean Urban,102,Hafted Stone Tools,10
-4675,initial,120,Norlennorland Tribe,Mediterranean Urban,105,Food Preservation,10
-4675,initial,120,Norlennorland Tribe,Mediterranean Urban,106,Storage Pits and Containers,10
-4675,initial,120,Norlennorland Tribe,Mediterranean Urban,107,Seasonal Aggregation Camps,10
-4675,initial,120,Norlennorland Tribe,Mediterranean Urban,110,Dog Domestication,10
-4675,initial,120,Norlennorland Tribe,Mediterranean Urban,111,Grinding Stones,10
-4675,initial,120,Norlennorland Tribe,Mediterranean Urban,116,Charcoal Firing,10
-4675,initial,120,Norlennorland Tribe,Mediterranean Urban,3,Archery,10
-4670,initial,121,Great seldornorburg Kingdom,Mediterranean Highland,100,Cordage and Knots,12
-4670,initial,121,Great seldornorburg Kingdom,Mediterranean Highland,101,Hide Working and Tailored Clothing,12
-4670,initial,121,Great seldornorburg Kingdom,Mediterranean Highland,102,Hafted Stone Tools,12
-4670,initial,121,Great seldornorburg Kingdom,Mediterranean Highland,105,Food Preservation,12
-4670,initial,121,Great seldornorburg Kingdom,Mediterranean Highland,106,Storage Pits and Containers,12
-4670,initial,121,Great seldornorburg Kingdom,Mediterranean Highland,107,Seasonal Aggregation Camps,12
-4670,initial,121,Great seldornorburg Kingdom,Mediterranean Highland,110,Dog Domestication,12
-4670,initial,121,Great seldornorburg Kingdom,Mediterranean Highland,111,Grinding Stones,12
-4670,initial,121,Great seldornorburg Kingdom,Mediterranean Highland,116,Charcoal Firing,12
-4670,initial,121,Great seldornorburg Kingdom,Mediterranean Highland,119,Native Copper Working,12
-4670,initial,121,Great seldornorburg Kingdom,Mediterranean Highland,4,Mining,12
-4670,initial,121,Great seldornorburg Kingdom,Mediterranean Highland,3,Archery,12
-4660,initial,122,Old karselland Tribe,Atlantic Fringe,100,Cordage and Knots,9
-4660,initial,122,Old karselland Tribe,Atlantic Fringe,101,Hide Working and Tailored Clothing,9
-4660,initial,122,Old karselland Tribe,Atlantic Fringe,102,Hafted Stone Tools,9
-4660,initial,122,Old karselland Tribe,Atlantic Fringe,105,Food Preservation,9
-4660,initial,122,Old karselland Tribe,Atlantic Fringe,106,Storage Pits and Containers,9
-4660,initial,122,Old karselland Tribe,Atlantic Fringe,107,Seasonal Aggregation Camps,9
-4660,initial,122,Old karselland Tribe,Atlantic Fringe,111,Grinding Stones,9
-4660,initial,122,Old karselland Tribe,Atlantic Fringe,116,Charcoal Firing,9
-4660,initial,122,Old karselland Tribe,Atlantic Fringe,3,Archery,9
-4625,initial,123,Great dusvialor Tribe,Western Plains,100,Cordage and Knots,8
-4625,initial,123,Great dusvialor Tribe,Western Plains,101,Hide Working and Tailored Clothing,8
-4625,initial,123,Great dusvialor Tribe,Western Plains,102,Hafted Stone Tools,8
-4625,initial,123,Great dusvialor Tribe,Western Plains,105,Food Preservation,8
-4625,initial,123,Great dusvialor Tribe,Western Plains,106,Storage Pits and Containers,8
-4625,initial,123,Great dusvialor Tribe,Western Plains,107,Seasonal Aggregation Camps,8
-4625,initial,123,Great dusvialor Tribe,Western Plains,111,Grinding Stones,8
-4625,initial,123,Great dusvialor Tribe,Western Plains,3,Archery,8
-4605,initial,124,Great hanzholin Kingdom,East Riverine,100,Cordage and Knots,10
-4605,initial,124,Great hanzholin Kingdom,East Riverine,101,Hide Working and Tailored Clothing,10
-4605,initial,124,Great hanzholin Kingdom,East Riverine,102,Hafted Stone Tools,10
-4605,initial,124,Great hanzholin Kingdom,East Riverine,105,Food Preservation,10
-4605,initial,124,Great hanzholin Kingdom,East Riverine,106,Storage Pits and Containers,10
-4605,initial,124,Great hanzholin Kingdom,East Riverine,107,Seasonal Aggregation Camps,10
-4605,initial,124,Great hanzholin Kingdom,East Riverine,110,Dog Domestication,10
-4605,initial,124,Great hanzholin Kingdom,East Riverine,111,Grinding Stones,10
-4605,initial,124,Great hanzholin Kingdom,East Riverine,116,Charcoal Firing,10
-4605,initial,124,Great hanzholin Kingdom,East Riverine,3,Archery,10
-4585,initial,125,Great xiahanlinguo Tribe,East Riverine,100,Cordage and Knots,11
-4585,initial,125,Great xiahanlinguo Tribe,East Riverine,101,Hide Working and Tailored Clothing,11
-4585,initial,125,Great xiahanlinguo Tribe,East Riverine,102,Hafted Stone Tools,11
-4585,initial,125,Great xiahanlinguo Tribe,East Riverine,105,Food Preservation,11
-4585,initial,125,Great xiahanlinguo Tribe,East Riverine,106,Storage Pits and Containers,11
-4585,initial,125,Great xiahanlinguo Tribe,East Riverine,107,Seasonal Aggregation Camps,11
-4585,initial,125,Great xiahanlinguo Tribe,East Riverine,110,Dog Domestication,11
-4585,initial,125,Great xiahanlinguo Tribe,East Riverine,111,Grinding Stones,11
-4585,initial,125,Great xiahanlinguo Tribe,East Riverine,116,Charcoal Firing,11
-4585,initial,125,Great xiahanlinguo Tribe,East Riverine,4,Mining,11
-4585,initial,125,Great xiahanlinguo Tribe,East Riverine,3,Archery,11
-4530,initial,126,New tanshapur Kingdom,Indic Riverine,100,Cordage and Knots,11
-4530,initial,126,New tanshapur Kingdom,Indic Riverine,101,Hide Working and Tailored Clothing,11
-4530,initial,126,New tanshapur Kingdom,Indic Riverine,102,Hafted Stone Tools,11
-4530,initial,126,New tanshapur Kingdom,Indic Riverine,105,Food Preservation,11
-4530,initial,126,New tanshapur Kingdom,Indic Riverine,106,Storage Pits and Containers,11
-4530,initial,126,New tanshapur Kingdom,Indic Riverine,107,Seasonal Aggregation Camps,11
-4530,initial,126,New tanshapur Kingdom,Indic Riverine,110,Dog Domestication,11
-4530,initial,126,New tanshapur Kingdom,Indic Riverine,111,Grinding Stones,11
-4530,initial,126,New tanshapur Kingdom,Indic Riverine,116,Charcoal Firing,11
-4530,initial,126,New tanshapur Kingdom,Indic Riverine,4,Mining,11
-4530,initial,126,New tanshapur Kingdom,Indic Riverine,3,Archery,11
-4475,initial,127,New zenkinnagrad Kingdom,Steppe Nomadic,100,Cordage and Knots,9
-4475,initial,127,New zenkinnagrad Kingdom,Steppe Nomadic,101,Hide Working and Tailored Clothing,9
-4475,initial,127,New zenkinnagrad Kingdom,Steppe Nomadic,102,Hafted Stone Tools,9
-4475,initial,127,New zenkinnagrad Kingdom,Steppe Nomadic,105,Food Preservation,9
-4475,initial,127,New zenkinnagrad Kingdom,Steppe Nomadic,106,Storage Pits and Containers,9
-4475,initial,127,New zenkinnagrad Kingdom,Steppe Nomadic,107,Seasonal Aggregation Camps,9
-4475,initial,127,New zenkinnagrad Kingdom,Steppe Nomadic,110,Dog Domestication,9
-4475,initial,127,New zenkinnagrad Kingdom,Steppe Nomadic,111,Grinding Stones,9
-4475,initial,127,New zenkinnagrad Kingdom,Steppe Nomadic,3,Archery,9
-4450,initial,128,North romtarum Kingdom,Mediterranean Highland,100,Cordage and Knots,12
-4450,initial,128,North romtarum Kingdom,Mediterranean Highland,101,Hide Working and Tailored Clothing,12
-4450,initial,128,North romtarum Kingdom,Mediterranean Highland,102,Hafted Stone Tools,12
-4450,initial,128,North romtarum Kingdom,Mediterranean Highland,105,Food Preservation,12
-4450,initial,128,North romtarum Kingdom,Mediterranean Highland,106,Storage Pits and Containers,12
-4450,initial,128,North romtarum Kingdom,Mediterranean Highland,107,Seasonal Aggregation Camps,12
-4450,initial,128,North romtarum Kingdom,Mediterranean Highland,110,Dog Domestication,12
-4450,initial,128,North romtarum Kingdom,Mediterranean Highland,111,Grinding Stones,12
-4450,initial,128,North romtarum Kingdom,Mediterranean Highland,116,Charcoal Firing,12
-4450,initial,128,North romtarum Kingdom,Mediterranean Highland,119,Native Copper Working,12
-4450,initial,128,North romtarum Kingdom,Mediterranean Highland,4,Mining,12
-4450,initial,128,North romtarum Kingdom,Mediterranean Highland,3,Archery,12
-4430,initial,129,Great dusranstan Tribe,Western Plains,100,Cordage and Knots,8
-4430,initial,129,Great dusranstan Tribe,Western Plains,101,Hide Working and Tailored Clothing,8
-4430,initial,129,Great dusranstan Tribe,Western Plains,102,Hafted Stone Tools,8
-4430,initial,129,Great dusranstan Tribe,Western Plains,105,Food Preservation,8
-4430,initial,129,Great dusranstan Tribe,Western Plains,106,Storage Pits and Containers,8
-4430,initial,129,Great dusranstan Tribe,Western Plains,107,Seasonal Aggregation Camps,8
-4430,initial,129,Great dusranstan Tribe,Western Plains,111,Grinding Stones,8
-4430,initial,129,Great dusranstan Tribe,Western Plains,3,Archery,8
-4415,initial,130,New arninad Tribe,Fertile Crescent,100,Cordage and Knots,10
-4415,initial,130,New arninad Tribe,Fertile Crescent,101,Hide Working and Tailored Clothing,10
-4415,initial,130,New arninad Tribe,Fertile Crescent,102,Hafted Stone Tools,10
-4415,initial,130,New arninad Tribe,Fertile Crescent,105,Food Preservation,10
-4415,initial,130,New arninad Tribe,Fertile Crescent,106,Storage Pits and Containers,10
-4415,initial,130,New arninad Tribe,Fertile Crescent,107,Seasonal Aggregation Camps,10
-4415,initial,130,New arninad Tribe,Fertile Crescent,110,Dog Domestication,10
-4415,initial,130,New arninad Tribe,Fertile Crescent,111,Grinding Stones,10
-4415,initial,130,New arninad Tribe,Fertile Crescent,116,Charcoal Firing,10
-4415,initial,130,New arninad Tribe,Fertile Crescent,3,Archery,10
-4340,initial,131,North linhanzhou Tribe,East Riverine,100,Cordage and Knots,10
-4340,initial,131,North linhanzhou Tribe,East Riverine,101,Hide Working and Tailored Clothing,10
-4340,initial,131,North linhanzhou Tribe,East Riverine,102,Hafted Stone Tools,10
-4340,initial,131,North linhanzhou Tribe,East Riverine,105,Food Preservation,10
-4340,initial,131,North linhanzhou Tribe,East Riverine,106,Storage Pits and Containers,10
-4340,initial,131,North linhanzhou Tribe,East Riverine,107,Seasonal Aggregation Camps,10
-4340,initial,131,North linhanzhou Tribe,East Riverine,110,Dog Domestication,10
-4340,initial,131,North linhanzhou Tribe,East Riverine,111,Grinding Stones,10
-4340,initial,131,North linhanzhou Tribe,East Riverine,116,Charcoal Firing,10
-4340,initial,131,North linhanzhou Tribe,East Riverine,3,Archery,10
-4295,initial,132,New linqin Tribe,East Riverine,100,Cordage and Knots,10
-4295,initial,132,New linqin Tribe,East Riverine,101,Hide Working and Tailored Clothing,10
-4295,initial,132,New linqin Tribe,East Riverine,102,Hafted Stone Tools,10
-4295,initial,132,New linqin Tribe,East Riverine,105,Food Preservation,10
-4295,initial,132,New linqin Tribe,East Riverine,106,Storage Pits and Containers,10
-4295,initial,132,New linqin Tribe,East Riverine,107,Seasonal Aggregation Camps,10
-4295,initial,132,New linqin Tribe,East Riverine,110,Dog Domestication,10
-4295,initial,132,New linqin Tribe,East Riverine,111,Grinding Stones,10
-4295,initial,132,New linqin Tribe,East Riverine,116,Charcoal Firing,10
-4295,initial,132,New linqin Tribe,East Riverine,3,Archery,10
-4250,initial,133,New nalrashapur Tribe,Indic Riverine,100,Cordage and Knots,11
-4250,initial,133,New nalrashapur Tribe,Indic Riverine,101,Hide Working and Tailored Clothing,11
-4250,initial,133,New nalrashapur Tribe,Indic Riverine,102,Hafted Stone Tools,11
-4250,initial,133,New nalrashapur Tribe,Indic Riverine,105,Food Preservation,11
-4250,initial,133,New nalrashapur Tribe,Indic Riverine,106,Storage Pits and Containers,11
-4250,initial,133,New nalrashapur Tribe,Indic Riverine,107,Seasonal Aggregation Camps,11
-4250,initial,133,New nalrashapur Tribe,Indic Riverine,110,Dog Domestication,11
-4250,initial,133,New nalrashapur Tribe,Indic Riverine,111,Grinding Stones,11
-4250,initial,133,New nalrashapur Tribe,Indic Riverine,116,Charcoal Firing,11
-4250,initial,133,New nalrashapur Tribe,Indic Riverine,4,Mining,11
-4250,initial,133,New nalrashapur Tribe,Indic Riverine,3,Archery,11
-4165,initial,134,Dorvenburg Kingdom,Atlantic Fringe,100,Cordage and Knots,9
-4165,initial,134,Dorvenburg Kingdom,Atlantic Fringe,101,Hide Working and Tailored Clothing,9
-4165,initial,134,Dorvenburg Kingdom,Atlantic Fringe,102,Hafted Stone Tools,9
-4165,initial,134,Dorvenburg Kingdom,Atlantic Fringe,105,Food Preservation,9
-4165,initial,134,Dorvenburg Kingdom,Atlantic Fringe,106,Storage Pits and Containers,9
-4165,initial,134,Dorvenburg Kingdom,Atlantic Fringe,107,Seasonal Aggregation Camps,9
-4165,initial,134,Dorvenburg Kingdom,Atlantic Fringe,111,Grinding Stones,9
-4165,initial,134,Dorvenburg Kingdom,Atlantic Fringe,116,Charcoal Firing,9
-4165,initial,134,Dorvenburg Kingdom,Atlantic Fringe,3,Archery,9
-4140,initial,135,North lintaihanling Kingdom,East Riverine,100,Cordage and Knots,10
-4140,initial,135,North lintaihanling Kingdom,East Riverine,101,Hide Working and Tailored Clothing,10
-4140,initial,135,North lintaihanling Kingdom,East Riverine,102,Hafted Stone Tools,10
-4140,initial,135,North lintaihanling Kingdom,East Riverine,105,Food Preservation,10
-4140,initial,135,North lintaihanling Kingdom,East Riverine,106,Storage Pits and Containers,10
-4140,initial,135,North lintaihanling Kingdom,East Riverine,107,Seasonal Aggregation Camps,10
-4140,initial,135,North lintaihanling Kingdom,East Riverine,110,Dog Domestication,10
-4140,initial,135,North lintaihanling Kingdom,East Riverine,111,Grinding Stones,10
-4140,initial,135,North lintaihanling Kingdom,East Riverine,116,Charcoal Firing,10
-4140,initial,135,North lintaihanling Kingdom,East Riverine,3,Archery,10
-4100,initial,136,North kalurtamad Tribe,Fertile Crescent,100,Cordage and Knots,12
-4100,initial,136,North kalurtamad Tribe,Fertile Crescent,101,Hide Working and Tailored Clothing,12
-4100,initial,136,North kalurtamad Tribe,Fertile Crescent,102,Hafted Stone Tools,12
-4100,initial,136,North kalurtamad Tribe,Fertile Crescent,105,Food Preservation,12
-4100,initial,136,North kalurtamad Tribe,Fertile Crescent,106,Storage Pits and Containers,12
-4100,initial,136,North kalurtamad Tribe,Fertile Crescent,107,Seasonal Aggregation Camps,12
-4100,initial,136,North kalurtamad Tribe,Fertile Crescent,110,Dog Domestication,12
-4100,initial,136,North kalurtamad Tribe,Fertile Crescent,111,Grinding Stones,12
-4100,initial,136,North kalurtamad Tribe,Fertile Crescent,116,Charcoal Firing,12
-4100,initial,136,North kalurtamad Tribe,Fertile Crescent,119,Native Copper Working,12
-4100,initial,136,North kalurtamad Tribe,Fertile Crescent,4,Mining,12
-4100,initial,136,North kalurtamad Tribe,Fertile Crescent,3,Archery,12
-4089,unlock,0,South vinalmitdesh Tribe,Indic Riverine,103,Bone and Antler Tools,18
-4065,initial,137,South ashbelar Kingdom,Fertile Crescent,100,Cordage and Knots,10
-4065,initial,137,South ashbelar Kingdom,Fertile Crescent,101,Hide Working and Tailored Clothing,10
-4065,initial,137,South ashbelar Kingdom,Fertile Crescent,102,Hafted Stone Tools,10
-4065,initial,137,South ashbelar Kingdom,Fertile Crescent,105,Food Preservation,10
-4065,initial,137,South ashbelar Kingdom,Fertile Crescent,106,Storage Pits and Containers,10
-4065,initial,137,South ashbelar Kingdom,Fertile Crescent,107,Seasonal Aggregation Camps,10
-4065,initial,137,South ashbelar Kingdom,Fertile Crescent,110,Dog Domestication,10
-4065,initial,137,South ashbelar Kingdom,Fertile Crescent,111,Grinding Stones,10
-4065,initial,137,South ashbelar Kingdom,Fertile Crescent,116,Charcoal Firing,10
-4065,initial,137,South ashbelar Kingdom,Fertile Crescent,3,Archery,10
-3975,initial,138,Great linnalingrad Kingdom,Western Plains,100,Cordage and Knots,8
-3975,initial,138,Great linnalingrad Kingdom,Western Plains,101,Hide Working and Tailored Clothing,8
-3975,initial,138,Great linnalingrad Kingdom,Western Plains,102,Hafted Stone Tools,8
-3975,initial,138,Great linnalingrad Kingdom,Western Plains,105,Food Preservation,8
-3975,initial,138,Great linnalingrad Kingdom,Western Plains,106,Storage Pits and Containers,8
-3975,initial,138,Great linnalingrad Kingdom,Western Plains,107,Seasonal Aggregation Camps,8
-3975,initial,138,Great linnalingrad Kingdom,Western Plains,111,Grinding Stones,8
-3975,initial,138,Great linnalingrad Kingdom,Western Plains,3,Archery,8
-3875,initial,139,South suyuqorisuma Tribe,Andean Highland,100,Cordage and Knots,10
-3875,initial,139,South suyuqorisuma Tribe,Andean Highland,101,Hide Working and Tailored Clothing,10
-3875,initial,139,South suyuqorisuma Tribe,Andean Highland,102,Hafted Stone Tools,10
-3875,initial,139,South suyuqorisuma Tribe,Andean Highland,105,Food Preservation,10
-3875,initial,139,South suyuqorisuma Tribe,Andean Highland,106,Storage Pits and Containers,10
-3875,initial,139,South suyuqorisuma Tribe,Andean Highland,107,Seasonal Aggregation Camps,10
-3875,initial,139,South suyuqorisuma Tribe,Andean Highland,111,Grinding Stones,10
-3875,initial,139,South suyuqorisuma Tribe,Andean Highland,116,Charcoal Firing,10
-3875,initial,139,South suyuqorisuma Tribe,Andean Highland,4,Mining,10
-3875,initial,139,South suyuqorisuma Tribe,Andean Highland,3,Archery,10
-3845,initial,140,New ayaintimarca Kingdom,Andean Highland,100,Cordage and Knots,10
-3845,initial,140,New ayaintimarca Kingdom,Andean Highland,101,Hide Working and Tailored Clothing,10
-3845,initial,140,New ayaintimarca Kingdom,Andean Highland,102,Hafted Stone Tools,10
-3845,initial,140,New ayaintimarca Kingdom,Andean Highland,105,Food Preservation,10
-3845,initial,140,New ayaintimarca Kingdom,Andean Highland,106,Storage Pits and Containers,10
-3845,initial,140,New ayaintimarca Kingdom,Andean Highland,107,Seasonal Aggregation Camps,10
-3845,initial,140,New ayaintimarca Kingdom,Andean Highland,111,Grinding Stones,10
-3845,initial,140,New ayaintimarca Kingdom,Andean Highland,116,Charcoal Firing,10
-3845,initial,140,New ayaintimarca Kingdom,Andean Highland,4,Mining,10
-3845,initial,140,New ayaintimarca Kingdom,Andean Highland,3,Archery,10
-3820,initial,141,Old zhohanzho Kingdom,East Riverine,100,Cordage and Knots,10
-3820,initial,141,Old zhohanzho Kingdom,East Riverine,101,Hide Working and Tailored Clothing,10
-3820,initial,141,Old zhohanzho Kingdom,East Riverine,102,Hafted Stone Tools,10
-3820,initial,141,Old zhohanzho Kingdom,East Riverine,105,Food Preservation,10
-3820,initial,141,Old zhohanzho Kingdom,East Riverine,106,Storage Pits and Containers,10
-3820,initial,141,Old zhohanzho Kingdom,East Riverine,107,Seasonal Aggregation Camps,10
-3820,initial,141,Old zhohanzho Kingdom,East Riverine,110,Dog Domestication,10
-3820,initial,141,Old zhohanzho Kingdom,East Riverine,111,Grinding Stones,10
-3820,initial,141,Old zhohanzho Kingdom,East Riverine,116,Charcoal Firing,10
-3820,initial,141,Old zhohanzho Kingdom,East Riverine,3,Archery,10
-3774,unlock,0,South vinalmitdesh Tribe,Indic Riverine,104,Fishing Technology,18
-3710,initial,142,North rasurkanpur Tribe,Indic Riverine,100,Cordage and Knots,11
-3710,initial,142,North rasurkanpur Tribe,Indic Riverine,101,Hide Working and Tailored Clothing,11
-3710,initial,142,North rasurkanpur Tribe,Indic Riverine,102,Hafted Stone Tools,11
-3710,initial,142,North rasurkanpur Tribe,Indic Riverine,105,Food Preservation,11
-3710,initial,142,North rasurkanpur Tribe,Indic Riverine,106,Storage Pits and Containers,11
-3710,initial,142,North rasurkanpur Tribe,Indic Riverine,107,Seasonal Aggregation Camps,11
-3710,initial,142,North rasurkanpur Tribe,Indic Riverine,110,Dog Domestication,11
-3710,initial,142,North rasurkanpur Tribe,Indic Riverine,111,Grinding Stones,11
-3710,initial,142,North rasurkanpur Tribe,Indic Riverine,116,Charcoal Firing,11
-3710,initial,142,North rasurkanpur Tribe,Indic Riverine,4,Mining,11
-3710,initial,142,North rasurkanpur Tribe,Indic Riverine,3,Archery,11
-3699,unlock,0,South vinalmitdesh Tribe,Indic Riverine,117,Proto-writing and Administrative Notation,19
-3693,unlock,0,South vinalmitdesh Tribe,Indic Riverine,7,Wheel,20
-3690,initial,143,Tantanka Tribe,North Saharan,100,Cordage and Knots,10
-3690,initial,143,Tantanka Tribe,North Saharan,101,Hide Working and Tailored Clothing,10
-3690,initial,143,Tantanka Tribe,North Saharan,102,Hafted Stone Tools,10
-3690,initial,143,Tantanka Tribe,North Saharan,105,Food Preservation,10
-3690,initial,143,Tantanka Tribe,North Saharan,106,Storage Pits and Containers,10
-3690,initial,143,Tantanka Tribe,North Saharan,107,Seasonal Aggregation Camps,10
-3690,initial,143,Tantanka Tribe,North Saharan,110,Dog Domestication,10
-3690,initial,143,Tantanka Tribe,North Saharan,111,Grinding Stones,10
-3690,initial,143,Tantanka Tribe,North Saharan,116,Charcoal Firing,10
-3690,initial,143,Tantanka Tribe,North Saharan,3,Archery,10
-3680,initial,144,Old vinaltan Tribe,Indic Riverine,100,Cordage and Knots,10
-3680,initial,144,Old vinaltan Tribe,Indic Riverine,101,Hide Working and Tailored Clothing,10
-3680,initial,144,Old vinaltan Tribe,Indic Riverine,102,Hafted Stone Tools,10
-3680,initial,144,Old vinaltan Tribe,Indic Riverine,105,Food Preservation,10
-3680,initial,144,Old vinaltan Tribe,Indic Riverine,106,Storage Pits and Containers,10
-3680,initial,144,Old vinaltan Tribe,Indic Riverine,107,Seasonal Aggregation Camps,10
-3680,initial,144,Old vinaltan Tribe,Indic Riverine,110,Dog Domestication,10
-3680,initial,144,Old vinaltan Tribe,Indic Riverine,111,Grinding Stones,10
-3680,initial,144,Old vinaltan Tribe,Indic Riverine,116,Charcoal Firing,10
-3680,initial,144,Old vinaltan Tribe,Indic Riverine,3,Archery,10
-3644,unlock,69,Kingdom of Great calteotan,Mesoamerican,103,Bone and Antler Tools,14
-3625,initial,145,North romnoria Kingdom,Mediterranean Highland,100,Cordage and Knots,10
-3625,initial,145,North romnoria Kingdom,Mediterranean Highland,101,Hide Working and Tailored Clothing,10
-3625,initial,145,North romnoria Kingdom,Mediterranean Highland,102,Hafted Stone Tools,10
-3625,initial,145,North romnoria Kingdom,Mediterranean Highland,105,Food Preservation,10
-3625,initial,145,North romnoria Kingdom,Mediterranean Highland,106,Storage Pits and Containers,10
-3625,initial,145,North romnoria Kingdom,Mediterranean Highland,107,Seasonal Aggregation Camps,10
-3625,initial,145,North romnoria Kingdom,Mediterranean Highland,110,Dog Domestication,10
-3625,initial,145,North romnoria Kingdom,Mediterranean Highland,111,Grinding Stones,10
-3625,initial,145,North romnoria Kingdom,Mediterranean Highland,116,Charcoal Firing,10
-3625,initial,145,North romnoria Kingdom,Mediterranean Highland,3,Archery,10
-3621,unlock,67,Nahcaltan Tribe,Mesoamerican,104,Fishing Technology,14
-3602,unlock,0,South vinalmitdesh Tribe,Indic Riverine,108,Watercraft,21
-3584,unlock,67,Nahcaltan Tribe,Mesoamerican,114,Enclosures and Herd Management,15
-3572,unlock,67,Nahcaltan Tribe,Mesoamerican,103,Bone and Antler Tools,16
-3565,initial,146,North solromlingrad Tribe,Steppe Nomadic,100,Cordage and Knots,9
-3565,initial,146,North solromlingrad Tribe,Steppe Nomadic,101,Hide Working and Tailored Clothing,9
-3565,initial,146,North solromlingrad Tribe,Steppe Nomadic,102,Hafted Stone Tools,9
-3565,initial,146,North solromlingrad Tribe,Steppe Nomadic,105,Food Preservation,9
-3565,initial,146,North solromlingrad Tribe,Steppe Nomadic,106,Storage Pits and Containers,9
-3565,initial,146,North solromlingrad Tribe,Steppe Nomadic,107,Seasonal Aggregation Camps,9
-3565,initial,146,North solromlingrad Tribe,Steppe Nomadic,110,Dog Domestication,9
-3565,initial,146,North solromlingrad Tribe,Steppe Nomadic,111,Grinding Stones,9
-3565,initial,146,North solromlingrad Tribe,Steppe Nomadic,3,Archery,9
-3540,initial,147,Romtermargrad Tribe,Western Plains,100,Cordage and Knots,8
-3540,initial,147,Romtermargrad Tribe,Western Plains,101,Hide Working and Tailored Clothing,8
-3540,initial,147,Romtermargrad Tribe,Western Plains,102,Hafted Stone Tools,8
-3540,initial,147,Romtermargrad Tribe,Western Plains,105,Food Preservation,8
-3540,initial,147,Romtermargrad Tribe,Western Plains,106,Storage Pits and Containers,8
-3540,initial,147,Romtermargrad Tribe,Western Plains,107,Seasonal Aggregation Camps,8
-3540,initial,147,Romtermargrad Tribe,Western Plains,111,Grinding Stones,8
-3540,initial,147,Romtermargrad Tribe,Western Plains,3,Archery,8
-3535,initial,148,Great suyullaqmarca Tribe,Andean Highland,100,Cordage and Knots,10
-3535,initial,148,Great suyullaqmarca Tribe,Andean Highland,101,Hide Working and Tailored Clothing,10
-3535,initial,148,Great suyullaqmarca Tribe,Andean Highland,102,Hafted Stone Tools,10
-3535,initial,148,Great suyullaqmarca Tribe,Andean Highland,105,Food Preservation,10
-3535,initial,148,Great suyullaqmarca Tribe,Andean Highland,106,Storage Pits and Containers,10
-3535,initial,148,Great suyullaqmarca Tribe,Andean Highland,107,Seasonal Aggregation Camps,10
-3535,initial,148,Great suyullaqmarca Tribe,Andean Highland,111,Grinding Stones,10
-3535,initial,148,Great suyullaqmarca Tribe,Andean Highland,116,Charcoal Firing,10
-3535,initial,148,Great suyullaqmarca Tribe,Andean Highland,4,Mining,10
-3535,initial,148,Great suyullaqmarca Tribe,Andean Highland,3,Archery,10
-3527,unlock,0,South vinalmitdesh Tribe,Indic Riverine,5,Sailing,22
-3520,initial,149,South urasharar Kingdom,Fertile Crescent,100,Cordage and Knots,10
-3520,initial,149,South urasharar Kingdom,Fertile Crescent,101,Hide Working and Tailored Clothing,10
-3520,initial,149,South urasharar Kingdom,Fertile Crescent,102,Hafted Stone Tools,10
-3520,initial,149,South urasharar Kingdom,Fertile Crescent,105,Food Preservation,10
-3520,initial,149,South urasharar Kingdom,Fertile Crescent,106,Storage Pits and Containers,10
-3520,initial,149,South urasharar Kingdom,Fertile Crescent,107,Seasonal Aggregation Camps,10
-3520,initial,149,South urasharar Kingdom,Fertile Crescent,110,Dog Domestication,10
-3520,initial,149,South urasharar Kingdom,Fertile Crescent,111,Grinding Stones,10
-3520,initial,149,South urasharar Kingdom,Fertile Crescent,116,Charcoal Firing,10
-3520,initial,149,South urasharar Kingdom,Fertile Crescent,3,Archery,10
-3515,initial,150,Old nuiramo Tribe,Oceanic Navigators,100,Cordage and Knots,7
-3515,initial,150,Old nuiramo Tribe,Oceanic Navigators,101,Hide Working and Tailored Clothing,7
-3515,initial,150,Old nuiramo Tribe,Oceanic Navigators,102,Hafted Stone Tools,7
-3515,initial,150,Old nuiramo Tribe,Oceanic Navigators,105,Food Preservation,7
-3515,initial,150,Old nuiramo Tribe,Oceanic Navigators,106,Storage Pits and Containers,7
-3515,initial,150,Old nuiramo Tribe,Oceanic Navigators,107,Seasonal Aggregation Camps,7
-3515,initial,150,Old nuiramo Tribe,Oceanic Navigators,3,Archery,7
-3508,unlock,0,South vinalmitdesh Tribe,Indic Riverine,11,Writing,23
-3477,unlock,0,South vinalmitdesh Tribe,Indic Riverine,109,Long-distance Exchange Networks,24
-3469,unlock,67,Nahcaltan Tribe,Mesoamerican,108,Watercraft,17
-3445,unlock,67,Nahcaltan Tribe,Mesoamerican,110,Dog Domestication,18
-3445,unlock,69,Kingdom of Great calteotan,Mesoamerican,110,Dog Domestication,15
-3434,unlock,0,South vinalmitdesh Tribe,Indic Riverine,12,Shipbuilding,25
-3419,unlock,0,South vinalmitdesh Tribe,Indic Riverine,19,Alphabet,26
-3419,unlock,40,Kingdom of South terzenia,Monsoon Coastal,7,Wheel,19
-3394,unlock,67,Nahcaltan Tribe,Mesoamerican,5,Sailing,19
-3393,unlock,67,Nahcaltan Tribe,Mesoamerican,10,Irrigation,20
-3385,initial,151,South barkau Tribe,Nile Floodplain,100,Cordage and Knots,17
-3385,initial,151,South barkau Tribe,Nile Floodplain,101,Hide Working and Tailored Clothing,17
-3385,initial,151,South barkau Tribe,Nile Floodplain,102,Hafted Stone Tools,17
-3385,initial,151,South barkau Tribe,Nile Floodplain,105,Food Preservation,17
-3385,initial,151,South barkau Tribe,Nile Floodplain,106,Storage Pits and Containers,17
-3385,initial,151,South barkau Tribe,Nile Floodplain,107,Seasonal Aggregation Camps,17
-3385,initial,151,South barkau Tribe,Nile Floodplain,110,Dog Domestication,17
-3385,initial,151,South barkau Tribe,Nile Floodplain,111,Grinding Stones,17
-3385,initial,151,South barkau Tribe,Nile Floodplain,112,Proto-cultivation,17
-3385,initial,151,South barkau Tribe,Nile Floodplain,113,Sedentism,17
-3385,initial,151,South barkau Tribe,Nile Floodplain,114,Enclosures and Herd Management,17
-3385,initial,151,South barkau Tribe,Nile Floodplain,115,Counting Tokens and Tallies,17
-3385,initial,151,South barkau Tribe,Nile Floodplain,116,Charcoal Firing,17
-3385,initial,151,South barkau Tribe,Nile Floodplain,20,Agriculture,17
-3385,initial,151,South barkau Tribe,Nile Floodplain,3,Archery,17
-3385,initial,151,South barkau Tribe,Nile Floodplain,6,Calendar,17
-3385,initial,151,South barkau Tribe,Nile Floodplain,10,Irrigation,17
-3383,unlock,65,Kingdom of Great temitzco,Mesoamerican,103,Bone and Antler Tools,14
-3367,unlock,67,Nahcaltan Tribe,Mesoamerican,7,Wheel,21
-3365,initial,152,New hanarangihanaua Tribe,Oceanic Navigators,100,Cordage and Knots,7
-3365,initial,152,New hanarangihanaua Tribe,Oceanic Navigators,101,Hide Working and Tailored Clothing,7
-3365,initial,152,New hanarangihanaua Tribe,Oceanic Navigators,102,Hafted Stone Tools,7
-3365,initial,152,New hanarangihanaua Tribe,Oceanic Navigators,105,Food Preservation,7
-3365,initial,152,New hanarangihanaua Tribe,Oceanic Navigators,106,Storage Pits and Containers,7
-3365,initial,152,New hanarangihanaua Tribe,Oceanic Navigators,107,Seasonal Aggregation Camps,7
-3365,initial,152,New hanarangihanaua Tribe,Oceanic Navigators,3,Archery,7
-3361,unlock,65,Kingdom of Great temitzco,Mesoamerican,10,Irrigation,15
-3356,unlock,0,South vinalmitdesh Tribe,Indic Riverine,10,Irrigation,27
-3354,unlock,69,Kingdom of Great calteotan,Mesoamerican,10,Irrigation,16
-3349,unlock,71,Kingdom of North itzcaltan,Mesoamerican,103,Bone and Antler Tools,14
-3346,unlock,67,Nahcaltan Tribe,Mesoamerican,109,Long-distance Exchange Networks,22
-3346,unlock,72,Chichimixtan Tribe,Mesoamerican,103,Bone and Antler Tools,14
-3331,unlock,54,Kingdom of Great ofitanmaara,East Horn,103,Bone and Antler Tools,14
-3330,unlock,0,South vinalmitdesh Tribe,Indic Riverine,17,Roads,28
-3325,initial,153,South mintailing Tribe,East Riverine,100,Cordage and Knots,10
-3325,initial,153,South mintailing Tribe,East Riverine,101,Hide Working and Tailored Clothing,10
-3325,initial,153,South mintailing Tribe,East Riverine,102,Hafted Stone Tools,10
-3325,initial,153,South mintailing Tribe,East Riverine,105,Food Preservation,10
-3325,initial,153,South mintailing Tribe,East Riverine,106,Storage Pits and Containers,10
-3325,initial,153,South mintailing Tribe,East Riverine,107,Seasonal Aggregation Camps,10
-3325,initial,153,South mintailing Tribe,East Riverine,110,Dog Domestication,10
-3325,initial,153,South mintailing Tribe,East Riverine,111,Grinding Stones,10
-3325,initial,153,South mintailing Tribe,East Riverine,116,Charcoal Firing,10
-3325,initial,153,South mintailing Tribe,East Riverine,3,Archery,10
-3323,unlock,69,Kingdom of Great calteotan,Mesoamerican,104,Fishing Technology,17
-3307,unlock,67,Kingdom of North nahteoxocpan,Mesoamerican,12,Shipbuilding,23
-3305,unlock,0,South vinalmitdesh Tribe,Indic Riverine,118,Numeracy and Measurement,29
-3257,unlock,71,Kingdom of North itzcaltan,Mesoamerican,10,Irrigation,15
-3255,initial,154,Old ninbel Kingdom,Fertile Crescent,100,Cordage and Knots,10
-3255,initial,154,Old ninbel Kingdom,Fertile Crescent,101,Hide Working and Tailored Clothing,10
-3255,initial,154,Old ninbel Kingdom,Fertile Crescent,102,Hafted Stone Tools,10
-3255,initial,154,Old ninbel Kingdom,Fertile Crescent,105,Food Preservation,10
-3255,initial,154,Old ninbel Kingdom,Fertile Crescent,106,Storage Pits and Containers,10
-3255,initial,154,Old ninbel Kingdom,Fertile Crescent,107,Seasonal Aggregation Camps,10
-3255,initial,154,Old ninbel Kingdom,Fertile Crescent,110,Dog Domestication,10
-3255,initial,154,Old ninbel Kingdom,Fertile Crescent,111,Grinding Stones,10
-3255,initial,154,Old ninbel Kingdom,Fertile Crescent,116,Charcoal Firing,10
-3255,initial,154,Old ninbel Kingdom,Fertile Crescent,3,Archery,10
-3251,unlock,0,South vinalmitdesh Tribe,Indic Riverine,14,Formal Mathematics,30
-3228,unlock,0,South vinalmitdesh Tribe,Indic Riverine,22,Philosophy,31
-3219,unlock,77,Rumayayu Tribe,Andean Highland,110,Dog Domestication,14
-3208,unlock,73,Kingdom of South mixnahpan,Mesoamerican,104,Fishing Technology,14
-3202,unlock,71,Kingdom of North itzcaltan,Mesoamerican,114,Enclosures and Herd Management,16
-3192,unlock,118,Great calnahan Tribe,Mesoamerican,20,Agriculture,13
-3175,unlock,68,Nahtolpan Tribe,Mesoamerican,103,Bone and Antler Tools,14
-3168,unlock,72,Chichimixtan Tribe,Mesoamerican,10,Irrigation,15
-3143,unlock,54,Kingdom of Great ofitanmaara,East Horn,115,Counting Tokens and Tallies,15
-3135,unlock,43,Great linkinstan Tribe,Monsoon Coastal,7,Wheel,17
-3133,unlock,77,Rumayayu Tribe,Andean Highland,103,Bone and Antler Tools,15
-3130,unlock,73,Kingdom of South mixnahpan,Mesoamerican,115,Counting Tokens and Tallies,15
-3123,unlock,0,South vinalmitdesh Tribe,Indic Riverine,15,Currency,32
-3122,unlock,49,Great barmau Tribe,Nile Floodplain,103,Bone and Antler Tools,18
-3120,unlock,0,South vinalmitdesh Tribe,Indic Riverine,21,Drama and Poetry,33
-3119,unlock,51,Empire of South barzukau,West Sahel,104,Fishing Technology,14
-3115,unlock,48,North ngotansea Tribe,Nile Floodplain,7,Wheel,18
-3113,unlock,66,South mixyucchipan Tribe,Mesoamerican,104,Fishing Technology,14
-3112,unlock,65,Kingdom of Great temitzco,Mesoamerican,110,Dog Domestication,16
-3112,unlock,67,Kingdom of North nahteoxocpan,Mesoamerican,17,Roads,24
-3105,initial,155,New urartamar Kingdom,Fertile Crescent,100,Cordage and Knots,10
-3105,initial,155,New urartamar Kingdom,Fertile Crescent,101,Hide Working and Tailored Clothing,10
-3105,initial,155,New urartamar Kingdom,Fertile Crescent,102,Hafted Stone Tools,10
-3105,initial,155,New urartamar Kingdom,Fertile Crescent,105,Food Preservation,10
-3105,initial,155,New urartamar Kingdom,Fertile Crescent,106,Storage Pits and Containers,10
-3105,initial,155,New urartamar Kingdom,Fertile Crescent,107,Seasonal Aggregation Camps,10
-3105,initial,155,New urartamar Kingdom,Fertile Crescent,110,Dog Domestication,10
-3105,initial,155,New urartamar Kingdom,Fertile Crescent,111,Grinding Stones,10
-3105,initial,155,New urartamar Kingdom,Fertile Crescent,116,Charcoal Firing,10
-3105,initial,155,New urartamar Kingdom,Fertile Crescent,3,Archery,10
-3102,unlock,67,Kingdom of North nahteoxocpan,Mesoamerican,115,Counting Tokens and Tallies,25
-3097,unlock,42,Lorromzenia Tribe,Monsoon Coastal,7,Wheel,19
-3092,unlock,29,Kingdom of South urbarad,Fertile Crescent,103,Bone and Antler Tools,11
-3088,unlock,72,Chichimixtan Tribe,Mesoamerican,104,Fishing Technology,16
-3084,unlock,72,Chichimixtan Tribe,Mesoamerican,110,Dog Domestication,17
-3082,unlock,42,Lorromzenia Tribe,Monsoon Coastal,12,Shipbuilding,20
-3077,unlock,65,Kingdom of Great temitzco,Mesoamerican,115,Counting Tokens and Tallies,17
-3076,unlock,41,South marduslinstan Tribe,Monsoon Coastal,7,Wheel,19
-3062,unlock,40,Kingdom of South terzenia,Monsoon Coastal,109,Long-distance Exchange Networks,20
-3062,unlock,69,Kingdom of Great calteotan,Mesoamerican,115,Counting Tokens and Tallies,18
-3060,unlock,77,Rumayayu Tribe,Andean Highland,115,Counting Tokens and Tallies,16
-3059,unlock,49,Great barmau Tribe,Nile Floodplain,104,Fishing Technology,19
-3059,unlock,65,Kingdom of Great temitzco,Mesoamerican,114,Enclosures and Herd Management,18
-3056,unlock,40,Kingdom of South terzenia,Monsoon Coastal,12,Shipbuilding,21
-3056,unlock,41,South marduslinstan Tribe,Monsoon Coastal,103,Bone and Antler Tools,20
-3055,unlock,68,Nahtolpan Tribe,Mesoamerican,104,Fishing Technology,15
-3051,unlock,43,Great linkinstan Tribe,Monsoon Coastal,10,Irrigation,18
-3045,unlock,52,Empire of Old bartanene,West Sahel,103,Bone and Antler Tools,14
-3041,unlock,52,Empire of Old bartanene,West Sahel,10,Irrigation,15
-3041,unlock,54,Kingdom of Great ofitanmaara,East Horn,10,Irrigation,16
-3037,unlock,66,South mixyucchipan Tribe,Mesoamerican,10,Irrigation,15
-3035,initial,156,New beleshninad Kingdom,Fertile Crescent,100,Cordage and Knots,10
-3035,initial,156,New beleshninad Kingdom,Fertile Crescent,101,Hide Working and Tailored Clothing,10
-3035,initial,156,New beleshninad Kingdom,Fertile Crescent,102,Hafted Stone Tools,10
-3035,initial,156,New beleshninad Kingdom,Fertile Crescent,105,Food Preservation,10
-3035,initial,156,New beleshninad Kingdom,Fertile Crescent,106,Storage Pits and Containers,10
-3035,initial,156,New beleshninad Kingdom,Fertile Crescent,107,Seasonal Aggregation Camps,10
-3035,initial,156,New beleshninad Kingdom,Fertile Crescent,110,Dog Domestication,10
-3035,initial,156,New beleshninad Kingdom,Fertile Crescent,111,Grinding Stones,10
-3035,initial,156,New beleshninad Kingdom,Fertile Crescent,116,Charcoal Firing,10
-3035,initial,156,New beleshninad Kingdom,Fertile Crescent,3,Archery,10
-3033,unlock,71,Kingdom of North itzcaltan,Mesoamerican,110,Dog Domestication,17
-3032,unlock,0,South vinalmitdesh Tribe,Indic Riverine,23,Engineering,34
-3031,unlock,49,Great barmau Tribe,Nile Floodplain,117,Proto-writing and Administrative Notation,20
-3025,unlock,52,Empire of Old bartanene,West Sahel,110,Dog Domestication,16
-3021,unlock,118,Great calnahan Tribe,Mesoamerican,103,Bone and Antler Tools,14
-3018,unlock,71,Kingdom of North itzcaltan,Mesoamerican,7,Wheel,18
-3017,unlock,49,Great barmau Tribe,Nile Floodplain,7,Wheel,21
-3017,unlock,72,Chichimixtan Tribe,Mesoamerican,114,Enclosures and Herd Management,18
-3009,unlock,68,Nahtolpan Tribe,Mesoamerican,10,Irrigation,16
-3002,unlock,118,Great calnahan Tribe,Mesoamerican,110,Dog Domestication,15
-2971,unlock,39,Kingdom of Kindusgrad,Monsoon Coastal,7,Wheel,19
-2967,unlock,118,Great calnahan Tribe,Mesoamerican,114,Enclosures and Herd Management,16
-2962,unlock,54,Kingdom of Great ofitanmaara,East Horn,117,Proto-writing and Administrative Notation,17
-2956,unlock,65,Kingdom of Great temitzco,Mesoamerican,7,Wheel,19
-2940,unlock,69,Kingdom of Great calteotan,Mesoamerican,108,Watercraft,19
-2937,unlock,41,South marduslinstan Tribe,Monsoon Coastal,10,Irrigation,21
-2933,unlock,0,South vinalmitdesh Tribe,Indic Riverine,24,Optics,35
-2933,unlock,71,Kingdom of North itzcaltan,Mesoamerican,104,Fishing Technology,19
-2929,unlock,72,Chichimixtan Tribe,Mesoamerican,115,Counting Tokens and Tallies,19
-2925,unlock,54,Kingdom of Great ofitanmaara,East Horn,114,Enclosures and Herd Management,17
-2920,initial,157,Great lenaldorland Kingdom,Atlantic Fringe,100,Cordage and Knots,9
-2920,initial,157,Great lenaldorland Kingdom,Atlantic Fringe,101,Hide Working and Tailored Clothing,9
-2920,initial,157,Great lenaldorland Kingdom,Atlantic Fringe,102,Hafted Stone Tools,9
-2920,initial,157,Great lenaldorland Kingdom,Atlantic Fringe,105,Food Preservation,9
-2920,initial,157,Great lenaldorland Kingdom,Atlantic Fringe,106,Storage Pits and Containers,9
-2920,initial,157,Great lenaldorland Kingdom,Atlantic Fringe,107,Seasonal Aggregation Camps,9
-2920,initial,157,Great lenaldorland Kingdom,Atlantic Fringe,111,Grinding Stones,9
-2920,initial,157,Great lenaldorland Kingdom,Atlantic Fringe,116,Charcoal Firing,9
-2920,initial,157,Great lenaldorland Kingdom,Atlantic Fringe,3,Archery,9
-2919,unlock,2,Kingdom of Surmitnagar,Indic Riverine,103,Bone and Antler Tools,17
-2918,unlock,118,Great calnahan Tribe,Mesoamerican,10,Irrigation,17
-2910,unlock,73,Kingdom of South mixnahpan,Mesoamerican,110,Dog Domestication,16
-2908,unlock,2,Kingdom of Surmitnagar,Indic Riverine,7,Wheel,18
-2907,unlock,0,South vinalmitdesh Tribe,Indic Riverine,29,Machinery,36
-2903,unlock,69,Kingdom of Great calteotan,Mesoamerican,114,Enclosures and Herd Management,20
-2896,unlock,43,Great linkinstan Tribe,Monsoon Coastal,17,Roads,19
-2896,unlock,118,Great calnahan Tribe,Mesoamerican,104,Fishing Technology,18
-2885,initial,158,Great kalsamsaman Kingdom,Fertile Crescent,100,Cordage and Knots,10
-2885,initial,158,Great kalsamsaman Kingdom,Fertile Crescent,101,Hide Working and Tailored Clothing,10
-2885,initial,158,Great kalsamsaman Kingdom,Fertile Crescent,102,Hafted Stone Tools,10
-2885,initial,158,Great kalsamsaman Kingdom,Fertile Crescent,105,Food Preservation,10
-2885,initial,158,Great kalsamsaman Kingdom,Fertile Crescent,106,Storage Pits and Containers,10
-2885,initial,158,Great kalsamsaman Kingdom,Fertile Crescent,107,Seasonal Aggregation Camps,10
-2885,initial,158,Great kalsamsaman Kingdom,Fertile Crescent,110,Dog Domestication,10
-2885,initial,158,Great kalsamsaman Kingdom,Fertile Crescent,111,Grinding Stones,10
-2885,initial,158,Great kalsamsaman Kingdom,Fertile Crescent,116,Charcoal Firing,10
-2885,initial,158,Great kalsamsaman Kingdom,Fertile Crescent,3,Archery,10
-2875,initial,159,Suyullaqa Tribe,Andean Highland,100,Cordage and Knots,16
-2875,initial,159,Suyullaqa Tribe,Andean Highland,101,Hide Working and Tailored Clothing,16
-2875,initial,159,Suyullaqa Tribe,Andean Highland,102,Hafted Stone Tools,16
-2875,initial,159,Suyullaqa Tribe,Andean Highland,103,Bone and Antler Tools,16
-2875,initial,159,Suyullaqa Tribe,Andean Highland,105,Food Preservation,16
-2875,initial,159,Suyullaqa Tribe,Andean Highland,106,Storage Pits and Containers,16
-2875,initial,159,Suyullaqa Tribe,Andean Highland,107,Seasonal Aggregation Camps,16
-2875,initial,159,Suyullaqa Tribe,Andean Highland,110,Dog Domestication,16
-2875,initial,159,Suyullaqa Tribe,Andean Highland,111,Grinding Stones,16
-2875,initial,159,Suyullaqa Tribe,Andean Highland,112,Proto-cultivation,16
-2875,initial,159,Suyullaqa Tribe,Andean Highland,113,Sedentism,16
-2875,initial,159,Suyullaqa Tribe,Andean Highland,115,Counting Tokens and Tallies,16
-2875,initial,159,Suyullaqa Tribe,Andean Highland,116,Charcoal Firing,16
-2875,initial,159,Suyullaqa Tribe,Andean Highland,20,Agriculture,16
-2875,initial,159,Suyullaqa Tribe,Andean Highland,3,Archery,16
-2875,initial,159,Suyullaqa Tribe,Andean Highland,6,Calendar,16
-2871,unlock,72,Chichimixtan Tribe,Mesoamerican,108,Watercraft,20
-2867,unlock,118,Great calnahan Tribe,Mesoamerican,115,Counting Tokens and Tallies,19
-2862,unlock,66,South mixyucchipan Tribe,Mesoamerican,108,Watercraft,16
-2845,unlock,118,Great calnahan Tribe,Mesoamerican,7,Wheel,20
-2842,unlock,54,Kingdom of Great ofitanmaara,East Horn,7,Wheel,18
-2838,unlock,43,Great linkinstan Tribe,Monsoon Coastal,103,Bone and Antler Tools,20
-2834,unlock,40,Kingdom of South terzenia,Monsoon Coastal,17,Roads,22
-2827,unlock,52,Empire of Old bartanene,West Sahel,104,Fishing Technology,17
-2825,unlock,2,Kingdom of Surmitnagar,Indic Riverine,117,Proto-writing and Administrative Notation,19
-2825,unlock,51,Empire of South barzukau,West Sahel,110,Dog Domestication,15
-2824,unlock,73,Kingdom of South mixnahpan,Mesoamerican,10,Irrigation,17
-2822,unlock,73,Kingdom of South mixnahpan,Mesoamerican,108,Watercraft,18
-2820,initial,160,Great lorquibelstan Tribe,Steppe Nomadic,100,Cordage and Knots,9
-2820,initial,160,Great lorquibelstan Tribe,Steppe Nomadic,101,Hide Working and Tailored Clothing,9
-2820,initial,160,Great lorquibelstan Tribe,Steppe Nomadic,102,Hafted Stone Tools,9
-2820,initial,160,Great lorquibelstan Tribe,Steppe Nomadic,105,Food Preservation,9
-2820,initial,160,Great lorquibelstan Tribe,Steppe Nomadic,106,Storage Pits and Containers,9
-2820,initial,160,Great lorquibelstan Tribe,Steppe Nomadic,107,Seasonal Aggregation Camps,9
-2820,initial,160,Great lorquibelstan Tribe,Steppe Nomadic,110,Dog Domestication,9
-2820,initial,160,Great lorquibelstan Tribe,Steppe Nomadic,111,Grinding Stones,9
-2820,initial,160,Great lorquibelstan Tribe,Steppe Nomadic,3,Archery,9
-2815,unlock,69,Kingdom of Great calteotan,Mesoamerican,7,Wheel,21
-2815,initial,161,New urbelninad Kingdom,Fertile Crescent,100,Cordage and Knots,10
-2815,initial,161,New urbelninad Kingdom,Fertile Crescent,101,Hide Working and Tailored Clothing,10
-2815,initial,161,New urbelninad Kingdom,Fertile Crescent,102,Hafted Stone Tools,10
-2815,initial,161,New urbelninad Kingdom,Fertile Crescent,105,Food Preservation,10
-2815,initial,161,New urbelninad Kingdom,Fertile Crescent,106,Storage Pits and Containers,10
-2815,initial,161,New urbelninad Kingdom,Fertile Crescent,107,Seasonal Aggregation Camps,10
-2815,initial,161,New urbelninad Kingdom,Fertile Crescent,110,Dog Domestication,10
-2815,initial,161,New urbelninad Kingdom,Fertile Crescent,111,Grinding Stones,10
-2815,initial,161,New urbelninad Kingdom,Fertile Crescent,116,Charcoal Firing,10
-2815,initial,161,New urbelninad Kingdom,Fertile Crescent,3,Archery,10
-2812,unlock,42,Lorromzenia Tribe,Monsoon Coastal,103,Bone and Antler Tools,21
-2804,unlock,68,Nahtolpan Tribe,Mesoamerican,115,Counting Tokens and Tallies,17
-2794,unlock,49,Great barmau Tribe,Nile Floodplain,118,Numeracy and Measurement,22
-2787,unlock,68,Nahtolpan Tribe,Mesoamerican,108,Watercraft,18
-2783,unlock,54,Kingdom of Great ofitanmaara,East Horn,104,Fishing Technology,19
-2781,unlock,49,Great barmau Tribe,Nile Floodplain,15,Currency,23
-2781,unlock,69,Kingdom of Great calteotan,Mesoamerican,5,Sailing,22
-2767,unlock,42,Lorromzenia Tribe,Monsoon Coastal,109,Long-distance Exchange Networks,22
-2765,initial,162,New barlamchiu Kingdom,Nile Floodplain,100,Cordage and Knots,17
-2765,initial,162,New barlamchiu Kingdom,Nile Floodplain,101,Hide Working and Tailored Clothing,17
-2765,initial,162,New barlamchiu Kingdom,Nile Floodplain,102,Hafted Stone Tools,17
-2765,initial,162,New barlamchiu Kingdom,Nile Floodplain,105,Food Preservation,17
-2765,initial,162,New barlamchiu Kingdom,Nile Floodplain,106,Storage Pits and Containers,17
-2765,initial,162,New barlamchiu Kingdom,Nile Floodplain,107,Seasonal Aggregation Camps,17
-2765,initial,162,New barlamchiu Kingdom,Nile Floodplain,110,Dog Domestication,17
-2765,initial,162,New barlamchiu Kingdom,Nile Floodplain,111,Grinding Stones,17
-2765,initial,162,New barlamchiu Kingdom,Nile Floodplain,112,Proto-cultivation,17
-2765,initial,162,New barlamchiu Kingdom,Nile Floodplain,113,Sedentism,17
-2765,initial,162,New barlamchiu Kingdom,Nile Floodplain,114,Enclosures and Herd Management,17
-2765,initial,162,New barlamchiu Kingdom,Nile Floodplain,115,Counting Tokens and Tallies,17
-2765,initial,162,New barlamchiu Kingdom,Nile Floodplain,116,Charcoal Firing,17
-2765,initial,162,New barlamchiu Kingdom,Nile Floodplain,20,Agriculture,17
-2765,initial,162,New barlamchiu Kingdom,Nile Floodplain,3,Archery,17
-2765,initial,162,New barlamchiu Kingdom,Nile Floodplain,6,Calendar,17
-2765,initial,162,New barlamchiu Kingdom,Nile Floodplain,10,Irrigation,17
-2760,unlock,42,Lorromzenia Tribe,Monsoon Coastal,10,Irrigation,23
-2759,unlock,41,South marduslinstan Tribe,Monsoon Coastal,109,Long-distance Exchange Networks,22
-2751,unlock,5,Kingdom of South vartanvarpur,Indic Riverine,7,Wheel,17
-2750,unlock,41,South marduslinstan Tribe,Monsoon Coastal,12,Shipbuilding,23
-2743,unlock,72,Chichimixtan Tribe,Mesoamerican,5,Sailing,21
-2742,unlock,54,Kingdom of Great ofitanmaara,East Horn,17,Roads,20
-2741,unlock,49,Great barmau Tribe,Nile Floodplain,108,Watercraft,24
-2733,unlock,51,Empire of South barzukau,West Sahel,103,Bone and Antler Tools,16
-2731,unlock,71,Kingdom of North itzcaltan,Mesoamerican,115,Counting Tokens and Tallies,20
-2728,unlock,43,Kingdom of South linquigarland,Monsoon Coastal,109,Long-distance Exchange Networks,23
-2728,unlock,66,South mixyucchipan Tribe,Mesoamerican,5,Sailing,17
-2723,unlock,6,Kingdom of North nalsurvara,Indic Riverine,103,Bone and Antler Tools,11
-2720,unlock,34,South kalbelkalan Tribe,Fertile Crescent,103,Bone and Antler Tools,13
-2710,unlock,68,Nahtolpan Tribe,Mesoamerican,114,Enclosures and Herd Management,19
-2708,unlock,51,Empire of South barzukau,West Sahel,108,Watercraft,17
-2699,unlock,49,Great barmau Tribe,Nile Floodplain,5,Sailing,25
-2692,unlock,12,Great dratanshanagar Tribe,Indic Riverine,103,Bone and Antler Tools,18
-2692,unlock,12,Great dratanshanagar Tribe,Indic Riverine,7,Wheel,18
-2690,unlock,43,Kingdom of South linquigarland,Monsoon Coastal,12,Shipbuilding,24
-2683,unlock,65,Kingdom of Great temitzco,Mesoamerican,17,Roads,20
-2682,unlock,40,Kingdom of South terzenia,Monsoon Coastal,115,Counting Tokens and Tallies,23
-2682,unlock,65,Kingdom of Great temitzco,Mesoamerican,104,Fishing Technology,21
-2681,unlock,5,Kingdom of South vartanvarpur,Indic Riverine,103,Bone and Antler Tools,19
-2681,unlock,5,Kingdom of South vartanvarpur,Indic Riverine,104,Fishing Technology,19
-2679,unlock,39,Kingdom of Kindusgrad,Monsoon Coastal,17,Roads,20
-2676,unlock,69,Kingdom of Great calteotan,Mesoamerican,17,Roads,23
-2675,unlock,71,Kingdom of North itzcaltan,Mesoamerican,17,Roads,21
-2667,unlock,49,Great barmau Tribe,Nile Floodplain,109,Long-distance Exchange Networks,26
-2665,unlock,12,Great dratanshanagar Tribe,Indic Riverine,104,Fishing Technology,19
-2665,initial,163,New arkalum Kingdom,Fertile Crescent,100,Cordage and Knots,10
-2665,initial,163,New arkalum Kingdom,Fertile Crescent,101,Hide Working and Tailored Clothing,10
-2665,initial,163,New arkalum Kingdom,Fertile Crescent,102,Hafted Stone Tools,10
-2665,initial,163,New arkalum Kingdom,Fertile Crescent,105,Food Preservation,10
-2665,initial,163,New arkalum Kingdom,Fertile Crescent,106,Storage Pits and Containers,10
-2665,initial,163,New arkalum Kingdom,Fertile Crescent,107,Seasonal Aggregation Camps,10
-2665,initial,163,New arkalum Kingdom,Fertile Crescent,110,Dog Domestication,10
-2665,initial,163,New arkalum Kingdom,Fertile Crescent,111,Grinding Stones,10
-2665,initial,163,New arkalum Kingdom,Fertile Crescent,116,Charcoal Firing,10
-2665,initial,163,New arkalum Kingdom,Fertile Crescent,3,Archery,10
-2660,unlock,73,Kingdom of Old nahtolpan,Mesoamerican,114,Enclosures and Herd Management,19
-2656,unlock,73,Kingdom of Old nahtolpan,Mesoamerican,5,Sailing,20
-2651,unlock,2,Kingdom of Surmitnagar,Indic Riverine,104,Fishing Technology,20
-2646,unlock,54,Kingdom of Great ofitanmaara,East Horn,108,Watercraft,21
-2644,unlock,41,South marduslinstan Tribe,Monsoon Coastal,115,Counting Tokens and Tallies,24
-2637,unlock,71,Kingdom of North itzcaltan,Mesoamerican,108,Watercraft,22
-2634,unlock,66,South mixyucchipan Tribe,Mesoamerican,109,Long-distance Exchange Networks,18
-2631,unlock,12,Great dratanshanagar Tribe,Indic Riverine,10,Irrigation,20
-2629,unlock,39,Kingdom of Kindusgrad,Monsoon Coastal,109,Long-distance Exchange Networks,21
-2628,unlock,39,Kingdom of Kindusgrad,Monsoon Coastal,115,Counting Tokens and Tallies,22
-2628,unlock,51,Empire of New lamzua,West Sahel,5,Sailing,18
-2627,unlock,5,Kingdom of South vartanvarpur,Indic Riverine,117,Proto-writing and Administrative Notation,20
-2626,unlock,66,South mixyucchipan Tribe,Mesoamerican,103,Bone and Antler Tools,19
-2626,unlock,68,Nahtolpan Tribe,Mesoamerican,5,Sailing,20
-2619,unlock,39,Kingdom of Kindusgrad,Monsoon Coastal,10,Irrigation,23
-2615,unlock,53,Kingdom of South zuofi,East Horn,104,Fishing Technology,14
-2611,unlock,39,Kingdom of Kindusgrad,Monsoon Coastal,103,Bone and Antler Tools,24
-2604,unlock,5,Kingdom of South vartanvarpur,Indic Riverine,10,Irrigation,21
-2595,unlock,51,Empire of New lamzua,West Sahel,115,Counting Tokens and Tallies,19
-2594,unlock,40,Kingdom of South terzenia,Monsoon Coastal,103,Bone and Antler Tools,24
-2574,unlock,54,Kingdom of Great ofitanmaara,East Horn,110,Dog Domestication,22
-2569,unlock,118,Great calnahan Tribe,Mesoamerican,17,Roads,21
-2566,unlock,2,Kingdom of Surmitnagar,Indic Riverine,10,Irrigation,21
-2564,unlock,72,Chichimixtan Tribe,Mesoamerican,12,Shipbuilding,22
-2550,unlock,112,New weiqin,East Riverine,103,Bone and Antler Tools,11
-2549,unlock,51,Empire of New lamzua,West Sahel,10,Irrigation,20
-2548,unlock,51,Empire of New lamzua,West Sahel,12,Shipbuilding,21
-2548,unlock,68,Nahtolpan Tribe,Mesoamerican,7,Wheel,21
-2541,unlock,66,South mixyucchipan Tribe,Mesoamerican,114,Enclosures and Herd Management,20
-2539,unlock,66,South mixyucchipan Tribe,Mesoamerican,12,Shipbuilding,21
-2535,unlock,49,Great barmau Tribe,Nile Floodplain,12,Shipbuilding,27
-2531,unlock,65,Kingdom of Great temitzco,Mesoamerican,108,Watercraft,22
-2519,unlock,73,Kingdom of Old nahtolpan,Mesoamerican,7,Wheel,21
-2518,unlock,68,Nahtolpan Tribe,Mesoamerican,109,Long-distance Exchange Networks,22
-2512,unlock,48,North ngotansea Tribe,Nile Floodplain,104,Fishing Technology,19
-2506,unlock,21,Kingdom of New weimin,East Riverine,103,Bone and Antler Tools,11
-2495,unlock,40,Kingdom of South terzenia,Monsoon Coastal,10,Irrigation,25
-2477,unlock,77,Empire of South qoripachmarca,Andean Highland,117,Proto-writing and Administrative Notation,17
-2470,unlock,53,Kingdom of South zuofi,East Horn,115,Counting Tokens and Tallies,15
-2466,unlock,12,Great dratanshanagar Tribe,Indic Riverine,17,Roads,21
-2462,unlock,42,Kingdom of Mardus,Monsoon Coastal,115,Counting Tokens and Tallies,24
-2461,unlock,71,Kingdom of North itzcaltan,Mesoamerican,5,Sailing,23
-2454,unlock,32,Kingdom of Tamkalbelad,Fertile Crescent,103,Bone and Antler Tools,11
-2450,unlock,73,Kingdom of Old nahtolpan,Mesoamerican,12,Shipbuilding,22
-2447,unlock,39,Kingdom of Kindusgrad,Monsoon Coastal,12,Shipbuilding,25
-2444,unlock,34,South kalbelkalan Tribe,Fertile Crescent,8,Masonry,14
-2443,unlock,65,Kingdom of Great temitzco,Mesoamerican,5,Sailing,23
-2441,unlock,41,South marduslinstan Tribe,Monsoon Coastal,17,Roads,25
-2429,unlock,5,Kingdom of South vartanvarpur,Indic Riverine,17,Roads,21
-2425,initial,164,Great calnahpan Tribe,Mesoamerican,100,Cordage and Knots,9
-2425,initial,164,Great calnahpan Tribe,Mesoamerican,101,Hide Working and Tailored Clothing,9
-2425,initial,164,Great calnahpan Tribe,Mesoamerican,102,Hafted Stone Tools,9
-2425,initial,164,Great calnahpan Tribe,Mesoamerican,105,Food Preservation,9
-2425,initial,164,Great calnahpan Tribe,Mesoamerican,106,Storage Pits and Containers,9
-2425,initial,164,Great calnahpan Tribe,Mesoamerican,107,Seasonal Aggregation Camps,9
-2425,initial,164,Great calnahpan Tribe,Mesoamerican,111,Grinding Stones,9
-2425,initial,164,Great calnahpan Tribe,Mesoamerican,116,Charcoal Firing,9
-2425,initial,164,Great calnahpan Tribe,Mesoamerican,3,Archery,9
-2424,unlock,49,Great barmau Tribe,Nile Floodplain,17,Roads,28
-2423,unlock,72,Chichimixtan Tribe,Mesoamerican,7,Wheel,23
-2419,unlock,68,Nahtolpan Tribe,Mesoamerican,12,Shipbuilding,23
-2411,unlock,2,Kingdom of Surmitnagar,Indic Riverine,17,Roads,22
-2408,unlock,66,South mixyucchipan Tribe,Mesoamerican,7,Wheel,22
-2398,unlock,72,Chichimixtan Tribe,Mesoamerican,109,Long-distance Exchange Networks,24
-2398,unlock,73,Kingdom of Old nahtolpan,Mesoamerican,109,Long-distance Exchange Networks,23
-2395,unlock,49,Great barmau Tribe,Nile Floodplain,11,Writing,29
-2392,unlock,12,Great dratanshanagar Tribe,Indic Riverine,108,Watercraft,22
-2382,unlock,65,Kingdom of Great temitzco,Mesoamerican,109,Long-distance Exchange Networks,24
-2375,initial,165,Great dorromselburg Tribe,Mediterranean Highland,100,Cordage and Knots,10
-2375,initial,165,Great dorromselburg Tribe,Mediterranean Highland,101,Hide Working and Tailored Clothing,10
-2375,initial,165,Great dorromselburg Tribe,Mediterranean Highland,102,Hafted Stone Tools,10
-2375,initial,165,Great dorromselburg Tribe,Mediterranean Highland,105,Food Preservation,10
-2375,initial,165,Great dorromselburg Tribe,Mediterranean Highland,106,Storage Pits and Containers,10
-2375,initial,165,Great dorromselburg Tribe,Mediterranean Highland,107,Seasonal Aggregation Camps,10
-2375,initial,165,Great dorromselburg Tribe,Mediterranean Highland,110,Dog Domestication,10
-2375,initial,165,Great dorromselburg Tribe,Mediterranean Highland,111,Grinding Stones,10
-2375,initial,165,Great dorromselburg Tribe,Mediterranean Highland,116,Charcoal Firing,10
-2375,initial,165,Great dorromselburg Tribe,Mediterranean Highland,3,Archery,10
-2374,unlock,43,Kingdom of South linquigarland,Monsoon Coastal,115,Counting Tokens and Tallies,25
-2374,unlock,49,Great barmau Tribe,Nile Floodplain,19,Alphabet,30
-2370,unlock,48,North ngotansea Tribe,Nile Floodplain,103,Bone and Antler Tools,20
-2362,unlock,52,Empire of Old bartanene,West Sahel,115,Counting Tokens and Tallies,18
-2360,unlock,54,Kingdom of Great ofitanmaara,East Horn,5,Sailing,23
-2355,unlock,52,Empire of Old bartanene,West Sahel,114,Enclosures and Herd Management,19
-2351,unlock,2,Kingdom of Surmitnagar,Indic Riverine,108,Watercraft,23
-2351,unlock,49,Great barmau Tribe,Nile Floodplain,22,Philosophy,31
-2347,unlock,68,Nahtolpan Tribe,Mesoamerican,17,Roads,24
-2344,unlock,55,Kingdom of South ofilamkaa,Central Forest,103,Bone and Antler Tools,10
-2343,unlock,49,Great barmau Tribe,Nile Floodplain,21,Drama and Poetry,32
-2342,unlock,68,Nahtolpan Tribe,Mesoamerican,110,Dog Domestication,25
-2341,unlock,69,Kingdom of Great calteotan,Mesoamerican,12,Shipbuilding,24
-2340,initial,166,Ninninurum Kingdom,Fertile Crescent,100,Cordage and Knots,10
-2340,initial,166,Ninninurum Kingdom,Fertile Crescent,101,Hide Working and Tailored Clothing,10
-2340,initial,166,Ninninurum Kingdom,Fertile Crescent,102,Hafted Stone Tools,10
-2340,initial,166,Ninninurum Kingdom,Fertile Crescent,105,Food Preservation,10
-2340,initial,166,Ninninurum Kingdom,Fertile Crescent,106,Storage Pits and Containers,10
-2340,initial,166,Ninninurum Kingdom,Fertile Crescent,107,Seasonal Aggregation Camps,10
-2340,initial,166,Ninninurum Kingdom,Fertile Crescent,110,Dog Domestication,10
-2340,initial,166,Ninninurum Kingdom,Fertile Crescent,111,Grinding Stones,10
-2340,initial,166,Ninninurum Kingdom,Fertile Crescent,116,Charcoal Firing,10
-2340,initial,166,Ninninurum Kingdom,Fertile Crescent,3,Archery,10
-2330,unlock,54,Kingdom of Great ofitanmaara,East Horn,109,Long-distance Exchange Networks,24
-2330,initial,167,New hanamomoa Kingdom,Oceanic Navigators,100,Cordage and Knots,7
-2330,initial,167,New hanamomoa Kingdom,Oceanic Navigators,101,Hide Working and Tailored Clothing,7
-2330,initial,167,New hanamomoa Kingdom,Oceanic Navigators,102,Hafted Stone Tools,7
-2330,initial,167,New hanamomoa Kingdom,Oceanic Navigators,105,Food Preservation,7
-2330,initial,167,New hanamomoa Kingdom,Oceanic Navigators,106,Storage Pits and Containers,7
-2330,initial,167,New hanamomoa Kingdom,Oceanic Navigators,107,Seasonal Aggregation Camps,7
-2330,initial,167,New hanamomoa Kingdom,Oceanic Navigators,3,Archery,7
-2330,initial,168,North llaqrumayayu Kingdom,Andean Highland,100,Cordage and Knots,10
-2330,initial,168,North llaqrumayayu Kingdom,Andean Highland,101,Hide Working and Tailored Clothing,10
-2330,initial,168,North llaqrumayayu Kingdom,Andean Highland,102,Hafted Stone Tools,10
-2330,initial,168,North llaqrumayayu Kingdom,Andean Highland,105,Food Preservation,10
-2330,initial,168,North llaqrumayayu Kingdom,Andean Highland,106,Storage Pits and Containers,10
-2330,initial,168,North llaqrumayayu Kingdom,Andean Highland,107,Seasonal Aggregation Camps,10
-2330,initial,168,North llaqrumayayu Kingdom,Andean Highland,111,Grinding Stones,10
-2330,initial,168,North llaqrumayayu Kingdom,Andean Highland,116,Charcoal Firing,10
-2330,initial,168,North llaqrumayayu Kingdom,Andean Highland,4,Mining,10
-2330,initial,168,North llaqrumayayu Kingdom,Andean Highland,3,Archery,10
-2330,initial,169,Old solrankinia Tribe,Eastern Woodland,100,Cordage and Knots,9
-2330,initial,169,Old solrankinia Tribe,Eastern Woodland,101,Hide Working and Tailored Clothing,9
-2330,initial,169,Old solrankinia Tribe,Eastern Woodland,102,Hafted Stone Tools,9
-2330,initial,169,Old solrankinia Tribe,Eastern Woodland,105,Food Preservation,9
-2330,initial,169,Old solrankinia Tribe,Eastern Woodland,106,Storage Pits and Containers,9
-2330,initial,169,Old solrankinia Tribe,Eastern Woodland,107,Seasonal Aggregation Camps,9
-2330,initial,169,Old solrankinia Tribe,Eastern Woodland,111,Grinding Stones,9
-2330,initial,169,Old solrankinia Tribe,Eastern Woodland,4,Mining,9
-2330,initial,169,Old solrankinia Tribe,Eastern Woodland,3,Archery,9
-2325,unlock,65,Kingdom of Great temitzco,Mesoamerican,12,Shipbuilding,25
-2315,unlock,77,Empire of South qoripachmarca,Andean Highland,114,Enclosures and Herd Management,18
-2315,initial,170,Great linbelland Tribe,Monsoon Coastal,100,Cordage and Knots,24
-2315,initial,170,Great linbelland Tribe,Monsoon Coastal,101,Hide Working and Tailored Clothing,24
-2315,initial,170,Great linbelland Tribe,Monsoon Coastal,102,Hafted Stone Tools,24
-2315,initial,170,Great linbelland Tribe,Monsoon Coastal,103,Bone and Antler Tools,24
-2315,initial,170,Great linbelland Tribe,Monsoon Coastal,104,Fishing Technology,24
-2315,initial,170,Great linbelland Tribe,Monsoon Coastal,105,Food Preservation,24
-2315,initial,170,Great linbelland Tribe,Monsoon Coastal,106,Storage Pits and Containers,24
-2315,initial,170,Great linbelland Tribe,Monsoon Coastal,107,Seasonal Aggregation Camps,24
-2315,initial,170,Great linbelland Tribe,Monsoon Coastal,108,Watercraft,24
-2315,initial,170,Great linbelland Tribe,Monsoon Coastal,109,Long-distance Exchange Networks,24
-2315,initial,170,Great linbelland Tribe,Monsoon Coastal,110,Dog Domestication,24
-2315,initial,170,Great linbelland Tribe,Monsoon Coastal,111,Grinding Stones,24
-2315,initial,170,Great linbelland Tribe,Monsoon Coastal,112,Proto-cultivation,24
-2315,initial,170,Great linbelland Tribe,Monsoon Coastal,113,Sedentism,24
-2315,initial,170,Great linbelland Tribe,Monsoon Coastal,114,Enclosures and Herd Management,24
-2315,initial,170,Great linbelland Tribe,Monsoon Coastal,115,Counting Tokens and Tallies,24
-2315,initial,170,Great linbelland Tribe,Monsoon Coastal,116,Charcoal Firing,24
-2315,initial,170,Great linbelland Tribe,Monsoon Coastal,20,Agriculture,24
-2315,initial,170,Great linbelland Tribe,Monsoon Coastal,3,Archery,24
-2315,initial,170,Great linbelland Tribe,Monsoon Coastal,5,Sailing,24
-2315,initial,170,Great linbelland Tribe,Monsoon Coastal,6,Calendar,24
-2315,initial,170,Great linbelland Tribe,Monsoon Coastal,7,Wheel,24
-2315,initial,170,Great linbelland Tribe,Monsoon Coastal,10,Irrigation,24
-2315,initial,170,Great linbelland Tribe,Monsoon Coastal,12,Shipbuilding,24
-2311,unlock,53,Kingdom of South zuofi,East Horn,103,Bone and Antler Tools,16
-2308,unlock,49,Great barmau Tribe,Nile Floodplain,27,Democracy,32
-2306,unlock,71,Kingdom of North itzcaltan,Mesoamerican,109,Long-distance Exchange Networks,24
-2300,unlock,98,North nuimorangiua Tribe,Oceanic Navigators,103,Bone and Antler Tools,8
-2280,initial,171,Romviavialand Kingdom,Western Plains,100,Cordage and Knots,8
-2280,initial,171,Romviavialand Kingdom,Western Plains,101,Hide Working and Tailored Clothing,8
-2280,initial,171,Romviavialand Kingdom,Western Plains,102,Hafted Stone Tools,8
-2280,initial,171,Romviavialand Kingdom,Western Plains,105,Food Preservation,8
-2280,initial,171,Romviavialand Kingdom,Western Plains,106,Storage Pits and Containers,8
-2280,initial,171,Romviavialand Kingdom,Western Plains,107,Seasonal Aggregation Camps,8
-2280,initial,171,Romviavialand Kingdom,Western Plains,111,Grinding Stones,8
-2280,initial,171,Romviavialand Kingdom,Western Plains,3,Archery,8
-2260,unlock,72,Chichimixtan Tribe,Mesoamerican,17,Roads,25
-2247,unlock,40,Kingdom of South terzenia,Monsoon Coastal,117,Proto-writing and Administrative Notation,26
-2243,unlock,77,Empire of South qoripachmarca,Andean Highland,104,Fishing Technology,19
-2242,unlock,12,Great dratanshanagar Tribe,Indic Riverine,5,Sailing,23
-2242,unlock,69,Kingdom of Great calteotan,Mesoamerican,109,Long-distance Exchange Networks,25
-2241,unlock,71,Kingdom of North itzcaltan,Mesoamerican,12,Shipbuilding,25
-2240,initial,172,Old shadramita Tribe,Indic Riverine,100,Cordage and Knots,10
-2240,initial,172,Old shadramita Tribe,Indic Riverine,101,Hide Working and Tailored Clothing,10
-2240,initial,172,Old shadramita Tribe,Indic Riverine,102,Hafted Stone Tools,10
-2240,initial,172,Old shadramita Tribe,Indic Riverine,105,Food Preservation,10
-2240,initial,172,Old shadramita Tribe,Indic Riverine,106,Storage Pits and Containers,10
-2240,initial,172,Old shadramita Tribe,Indic Riverine,107,Seasonal Aggregation Camps,10
-2240,initial,172,Old shadramita Tribe,Indic Riverine,110,Dog Domestication,10
-2240,initial,172,Old shadramita Tribe,Indic Riverine,111,Grinding Stones,10
-2240,initial,172,Old shadramita Tribe,Indic Riverine,116,Charcoal Firing,10
-2240,initial,172,Old shadramita Tribe,Indic Riverine,3,Archery,10
-2226,unlock,2,Kingdom of Surmitnagar,Indic Riverine,118,Numeracy and Measurement,24
-2220,initial,173,South dussolquigrad Kingdom,Western Plains,100,Cordage and Knots,8
-2220,initial,173,South dussolquigrad Kingdom,Western Plains,101,Hide Working and Tailored Clothing,8
-2220,initial,173,South dussolquigrad Kingdom,Western Plains,102,Hafted Stone Tools,8
-2220,initial,173,South dussolquigrad Kingdom,Western Plains,105,Food Preservation,8
-2220,initial,173,South dussolquigrad Kingdom,Western Plains,106,Storage Pits and Containers,8
-2220,initial,173,South dussolquigrad Kingdom,Western Plains,107,Seasonal Aggregation Camps,8
-2220,initial,173,South dussolquigrad Kingdom,Western Plains,111,Grinding Stones,8
-2220,initial,173,South dussolquigrad Kingdom,Western Plains,3,Archery,8
-2217,unlock,66,South mixyucchipan Tribe,Mesoamerican,17,Roads,23
-2215,unlock,5,Kingdom of South vartanvarpur,Indic Riverine,108,Watercraft,22
-2213,unlock,5,Kingdom of South vartanvarpur,Indic Riverine,29,Machinery,23
-2212,unlock,12,Great dratanshanagar Tribe,Indic Riverine,23,Engineering,24
-2184,unlock,54,Kingdom of Great ofitanmaara,East Horn,12,Shipbuilding,26
-2180,initial,174,Kalkalbar Kingdom,Fertile Crescent,100,Cordage and Knots,10
-2180,initial,174,Kalkalbar Kingdom,Fertile Crescent,101,Hide Working and Tailored Clothing,10
-2180,initial,174,Kalkalbar Kingdom,Fertile Crescent,102,Hafted Stone Tools,10
-2180,initial,174,Kalkalbar Kingdom,Fertile Crescent,105,Food Preservation,10
-2180,initial,174,Kalkalbar Kingdom,Fertile Crescent,106,Storage Pits and Containers,10
-2180,initial,174,Kalkalbar Kingdom,Fertile Crescent,107,Seasonal Aggregation Camps,10
-2180,initial,174,Kalkalbar Kingdom,Fertile Crescent,110,Dog Domestication,10
-2180,initial,174,Kalkalbar Kingdom,Fertile Crescent,111,Grinding Stones,10
-2180,initial,174,Kalkalbar Kingdom,Fertile Crescent,116,Charcoal Firing,10
-2180,initial,174,Kalkalbar Kingdom,Fertile Crescent,3,Archery,10
-2179,unlock,53,Kingdom of South zuofi,East Horn,10,Irrigation,17
-2176,unlock,2,Kingdom of Surmitnagar,Indic Riverine,5,Sailing,26
-2176,unlock,2,Kingdom of Surmitnagar,Indic Riverine,15,Currency,26
-2159,unlock,81,Empire of Old ayaayayu,Andean Highland,110,Dog Domestication,10
-2157,unlock,62,Kingdom of New tardor,Atlantic Fringe,8,Masonry,11
-2145,unlock,66,South mixyucchipan Tribe,Mesoamerican,115,Counting Tokens and Tallies,24
-2133,unlock,73,Kingdom of Mixitzyucan,Mesoamerican,17,Roads,24
-2132,unlock,30,Kingdom of South samninan,Fertile Crescent,8,Masonry,13
-2124,unlock,86,Kingdom of South romquinaland,Eastern Woodland,116,Charcoal Firing,10
-2119,unlock,2,Kingdom of Surmitnagar,Indic Riverine,29,Machinery,27
-2117,unlock,12,Great dratanshanagar Tribe,Indic Riverine,109,Long-distance Exchange Networks,25
-2110,initial,175,North llaqkusa Kingdom,Andean Highland,100,Cordage and Knots,10
-2110,initial,175,North llaqkusa Kingdom,Andean Highland,101,Hide Working and Tailored Clothing,10
-2110,initial,175,North llaqkusa Kingdom,Andean Highland,102,Hafted Stone Tools,10
-2110,initial,175,North llaqkusa Kingdom,Andean Highland,105,Food Preservation,10
-2110,initial,175,North llaqkusa Kingdom,Andean Highland,106,Storage Pits and Containers,10
-2110,initial,175,North llaqkusa Kingdom,Andean Highland,107,Seasonal Aggregation Camps,10
-2110,initial,175,North llaqkusa Kingdom,Andean Highland,111,Grinding Stones,10
-2110,initial,175,North llaqkusa Kingdom,Andean Highland,116,Charcoal Firing,10
-2110,initial,175,North llaqkusa Kingdom,Andean Highland,4,Mining,10
-2110,initial,175,North llaqkusa Kingdom,Andean Highland,3,Archery,10
-2109,unlock,122,Kingdom of North dorromburg,Atlantic Fringe,4,Mining,10
-2107,unlock,77,Empire of South qoripachmarca,Andean Highland,7,Wheel,20
-2100,initial,176,South kusllaqsuyu Tribe,Andean Highland,100,Cordage and Knots,10
-2100,initial,176,South kusllaqsuyu Tribe,Andean Highland,101,Hide Working and Tailored Clothing,10
-2100,initial,176,South kusllaqsuyu Tribe,Andean Highland,102,Hafted Stone Tools,10
-2100,initial,176,South kusllaqsuyu Tribe,Andean Highland,105,Food Preservation,10
-2100,initial,176,South kusllaqsuyu Tribe,Andean Highland,106,Storage Pits and Containers,10
-2100,initial,176,South kusllaqsuyu Tribe,Andean Highland,107,Seasonal Aggregation Camps,10
-2100,initial,176,South kusllaqsuyu Tribe,Andean Highland,110,Dog Domestication,10
-2100,initial,176,South kusllaqsuyu Tribe,Andean Highland,111,Grinding Stones,10
-2100,initial,176,South kusllaqsuyu Tribe,Andean Highland,116,Charcoal Firing,10
-2100,initial,176,South kusllaqsuyu Tribe,Andean Highland,3,Archery,10
-2085,initial,177,South ngobarchia Tribe,East Horn,100,Cordage and Knots,22
-2085,initial,177,South ngobarchia Tribe,East Horn,101,Hide Working and Tailored Clothing,22
-2085,initial,177,South ngobarchia Tribe,East Horn,102,Hafted Stone Tools,22
-2085,initial,177,South ngobarchia Tribe,East Horn,103,Bone and Antler Tools,22
-2085,initial,177,South ngobarchia Tribe,East Horn,104,Fishing Technology,22
-2085,initial,177,South ngobarchia Tribe,East Horn,105,Food Preservation,22
-2085,initial,177,South ngobarchia Tribe,East Horn,106,Storage Pits and Containers,22
-2085,initial,177,South ngobarchia Tribe,East Horn,107,Seasonal Aggregation Camps,22
-2085,initial,177,South ngobarchia Tribe,East Horn,110,Dog Domestication,22
-2085,initial,177,South ngobarchia Tribe,East Horn,111,Grinding Stones,22
-2085,initial,177,South ngobarchia Tribe,East Horn,112,Proto-cultivation,22
-2085,initial,177,South ngobarchia Tribe,East Horn,113,Sedentism,22
-2085,initial,177,South ngobarchia Tribe,East Horn,114,Enclosures and Herd Management,22
-2085,initial,177,South ngobarchia Tribe,East Horn,115,Counting Tokens and Tallies,22
-2085,initial,177,South ngobarchia Tribe,East Horn,116,Charcoal Firing,22
-2085,initial,177,South ngobarchia Tribe,East Horn,117,Proto-writing and Administrative Notation,22
-2085,initial,177,South ngobarchia Tribe,East Horn,20,Agriculture,22
-2085,initial,177,South ngobarchia Tribe,East Horn,3,Archery,22
-2085,initial,177,South ngobarchia Tribe,East Horn,6,Calendar,22
-2085,initial,177,South ngobarchia Tribe,East Horn,7,Wheel,22
-2085,initial,177,South ngobarchia Tribe,East Horn,10,Irrigation,22
-2085,initial,177,South ngobarchia Tribe,East Horn,17,Roads,22
-2085,initial,178,Old selallenum Kingdom,Mediterranean Highland,100,Cordage and Knots,10
-2085,initial,178,Old selallenum Kingdom,Mediterranean Highland,101,Hide Working and Tailored Clothing,10
-2085,initial,178,Old selallenum Kingdom,Mediterranean Highland,102,Hafted Stone Tools,10
-2085,initial,178,Old selallenum Kingdom,Mediterranean Highland,105,Food Preservation,10
-2085,initial,178,Old selallenum Kingdom,Mediterranean Highland,106,Storage Pits and Containers,10
-2085,initial,178,Old selallenum Kingdom,Mediterranean Highland,107,Seasonal Aggregation Camps,10
-2085,initial,178,Old selallenum Kingdom,Mediterranean Highland,110,Dog Domestication,10
-2085,initial,178,Old selallenum Kingdom,Mediterranean Highland,111,Grinding Stones,10
-2085,initial,178,Old selallenum Kingdom,Mediterranean Highland,116,Charcoal Firing,10
-2085,initial,178,Old selallenum Kingdom,Mediterranean Highland,3,Archery,10
-2084,unlock,52,Empire of Old bartanene,West Sahel,7,Wheel,20
-2077,unlock,15,Kingdom of North linqinqinshan,East Riverine,103,Bone and Antler Tools,12
-2065,initial,179,Arurbarad Kingdom,Fertile Crescent,100,Cordage and Knots,10
-2065,initial,179,Arurbarad Kingdom,Fertile Crescent,101,Hide Working and Tailored Clothing,10
-2065,initial,179,Arurbarad Kingdom,Fertile Crescent,102,Hafted Stone Tools,10
-2065,initial,179,Arurbarad Kingdom,Fertile Crescent,105,Food Preservation,10
-2065,initial,179,Arurbarad Kingdom,Fertile Crescent,106,Storage Pits and Containers,10
-2065,initial,179,Arurbarad Kingdom,Fertile Crescent,107,Seasonal Aggregation Camps,10
-2065,initial,179,Arurbarad Kingdom,Fertile Crescent,110,Dog Domestication,10
-2065,initial,179,Arurbarad Kingdom,Fertile Crescent,111,Grinding Stones,10
-2065,initial,179,Arurbarad Kingdom,Fertile Crescent,116,Charcoal Firing,10
-2065,initial,179,Arurbarad Kingdom,Fertile Crescent,3,Archery,10
-2061,unlock,2,Kingdom of Surmitnagar,Indic Riverine,109,Long-distance Exchange Networks,28
-2061,unlock,5,Kingdom of South vartanvarpur,Indic Riverine,5,Sailing,24
-2060,initial,180,New tanofiara Kingdom,North Saharan,100,Cordage and Knots,10
-2060,initial,180,New tanofiara Kingdom,North Saharan,101,Hide Working and Tailored Clothing,10
-2060,initial,180,New tanofiara Kingdom,North Saharan,102,Hafted Stone Tools,10
-2060,initial,180,New tanofiara Kingdom,North Saharan,105,Food Preservation,10
-2060,initial,180,New tanofiara Kingdom,North Saharan,106,Storage Pits and Containers,10
-2060,initial,180,New tanofiara Kingdom,North Saharan,107,Seasonal Aggregation Camps,10
-2060,initial,180,New tanofiara Kingdom,North Saharan,110,Dog Domestication,10
-2060,initial,180,New tanofiara Kingdom,North Saharan,111,Grinding Stones,10
-2060,initial,180,New tanofiara Kingdom,North Saharan,116,Charcoal Firing,10
-2060,initial,180,New tanofiara Kingdom,North Saharan,3,Archery,10
-2050,initial,181,Old lamlamse Tribe,Nile Floodplain,100,Cordage and Knots,20
-2050,initial,181,Old lamlamse Tribe,Nile Floodplain,101,Hide Working and Tailored Clothing,20
-2050,initial,181,Old lamlamse Tribe,Nile Floodplain,102,Hafted Stone Tools,20
-2050,initial,181,Old lamlamse Tribe,Nile Floodplain,103,Bone and Antler Tools,20
-2050,initial,181,Old lamlamse Tribe,Nile Floodplain,104,Fishing Technology,20
-2050,initial,181,Old lamlamse Tribe,Nile Floodplain,105,Food Preservation,20
-2050,initial,181,Old lamlamse Tribe,Nile Floodplain,106,Storage Pits and Containers,20
-2050,initial,181,Old lamlamse Tribe,Nile Floodplain,107,Seasonal Aggregation Camps,20
-2050,initial,181,Old lamlamse Tribe,Nile Floodplain,110,Dog Domestication,20
-2050,initial,181,Old lamlamse Tribe,Nile Floodplain,111,Grinding Stones,20
-2050,initial,181,Old lamlamse Tribe,Nile Floodplain,112,Proto-cultivation,20
-2050,initial,181,Old lamlamse Tribe,Nile Floodplain,113,Sedentism,20
-2050,initial,181,Old lamlamse Tribe,Nile Floodplain,114,Enclosures and Herd Management,20
-2050,initial,181,Old lamlamse Tribe,Nile Floodplain,115,Counting Tokens and Tallies,20
-2050,initial,181,Old lamlamse Tribe,Nile Floodplain,116,Charcoal Firing,20
-2050,initial,181,Old lamlamse Tribe,Nile Floodplain,20,Agriculture,20
-2050,initial,181,Old lamlamse Tribe,Nile Floodplain,3,Archery,20
-2050,initial,181,Old lamlamse Tribe,Nile Floodplain,6,Calendar,20
-2050,initial,181,Old lamlamse Tribe,Nile Floodplain,7,Wheel,20
-2050,initial,181,Old lamlamse Tribe,Nile Floodplain,10,Irrigation,20
-2049,unlock,130,New arninad Tribe,Fertile Crescent,103,Bone and Antler Tools,11
-2038,unlock,85,Kingdom of Great dusterstan,Eastern Woodland,103,Bone and Antler Tools,9
-2035,initial,182,Zentersolgrad Kingdom,Steppe Nomadic,100,Cordage and Knots,9
-2035,initial,182,Zentersolgrad Kingdom,Steppe Nomadic,101,Hide Working and Tailored Clothing,9
-2035,initial,182,Zentersolgrad Kingdom,Steppe Nomadic,102,Hafted Stone Tools,9
-2035,initial,182,Zentersolgrad Kingdom,Steppe Nomadic,105,Food Preservation,9
-2035,initial,182,Zentersolgrad Kingdom,Steppe Nomadic,106,Storage Pits and Containers,9
-2035,initial,182,Zentersolgrad Kingdom,Steppe Nomadic,107,Seasonal Aggregation Camps,9
-2035,initial,182,Zentersolgrad Kingdom,Steppe Nomadic,110,Dog Domestication,9
-2035,initial,182,Zentersolgrad Kingdom,Steppe Nomadic,111,Grinding Stones,9
-2035,initial,182,Zentersolgrad Kingdom,Steppe Nomadic,3,Archery,9
-2032,unlock,73,Kingdom of Mixitzyucan,Mesoamerican,103,Bone and Antler Tools,25
-2030,initial,183,New ashsamar Kingdom,Fertile Crescent,100,Cordage and Knots,10
-2030,initial,183,New ashsamar Kingdom,Fertile Crescent,101,Hide Working and Tailored Clothing,10
-2030,initial,183,New ashsamar Kingdom,Fertile Crescent,102,Hafted Stone Tools,10
-2030,initial,183,New ashsamar Kingdom,Fertile Crescent,105,Food Preservation,10
-2030,initial,183,New ashsamar Kingdom,Fertile Crescent,106,Storage Pits and Containers,10
-2030,initial,183,New ashsamar Kingdom,Fertile Crescent,107,Seasonal Aggregation Camps,10
-2030,initial,183,New ashsamar Kingdom,Fertile Crescent,110,Dog Domestication,10
-2030,initial,183,New ashsamar Kingdom,Fertile Crescent,111,Grinding Stones,10
-2030,initial,183,New ashsamar Kingdom,Fertile Crescent,116,Charcoal Firing,10
-2030,initial,183,New ashsamar Kingdom,Fertile Crescent,3,Archery,10
-2020,unlock,54,Empire of North ofichiofiara,East Horn,23,Engineering,22
-2016,unlock,47,Kingdom of Great quiviakinland,Steppe Nomadic,103,Bone and Antler Tools,10
-2007,unlock,12,Great dratanshanagar Tribe,Indic Riverine,12,Shipbuilding,26
-2003,unlock,66,South mixyucchipan Tribe,Mesoamerican,110,Dog Domestication,25
-1998,unlock,62,Kingdom of New tardor,Atlantic Fringe,103,Bone and Antler Tools,12
-1993,unlock,12,Great dratanshanagar Tribe,Indic Riverine,29,Machinery,27
-1992,unlock,128,Kingdom of Doralvenburg,Mediterranean Highland,103,Bone and Antler Tools,11
-1985,initial,184,North zhohanzhou Kingdom,East Riverine,100,Cordage and Knots,10
-1985,initial,184,North zhohanzhou Kingdom,East Riverine,101,Hide Working and Tailored Clothing,10
-1985,initial,184,North zhohanzhou Kingdom,East Riverine,102,Hafted Stone Tools,10
-1985,initial,184,North zhohanzhou Kingdom,East Riverine,105,Food Preservation,10
-1985,initial,184,North zhohanzhou Kingdom,East Riverine,106,Storage Pits and Containers,10
-1985,initial,184,North zhohanzhou Kingdom,East Riverine,107,Seasonal Aggregation Camps,10
-1985,initial,184,North zhohanzhou Kingdom,East Riverine,110,Dog Domestication,10
-1985,initial,184,North zhohanzhou Kingdom,East Riverine,111,Grinding Stones,10
-1985,initial,184,North zhohanzhou Kingdom,East Riverine,116,Charcoal Firing,10
-1985,initial,184,North zhohanzhou Kingdom,East Riverine,3,Archery,10
-1983,unlock,42,Kingdom of Mardus,Monsoon Coastal,17,Roads,25
-1980,unlock,31,Kingdom of New sameshum,Fertile Crescent,103,Bone and Antler Tools,11
-1975,unlock,16,South qinrenlinshan Tribe,East Riverine,103,Bone and Antler Tools,11
-1963,unlock,54,Empire of North ofichiofiara,East Horn,29,Machinery,23
-1962,unlock,51,Empire of New lamzua,West Sahel,114,Enclosures and Herd Management,19
-1960,initial,185,South samtam Kingdom,Fertile Crescent,100,Cordage and Knots,10
-1960,initial,185,South samtam Kingdom,Fertile Crescent,101,Hide Working and Tailored Clothing,10
-1960,initial,185,South samtam Kingdom,Fertile Crescent,102,Hafted Stone Tools,10
-1960,initial,185,South samtam Kingdom,Fertile Crescent,105,Food Preservation,10
-1960,initial,185,South samtam Kingdom,Fertile Crescent,106,Storage Pits and Containers,10
-1960,initial,185,South samtam Kingdom,Fertile Crescent,107,Seasonal Aggregation Camps,10
-1960,initial,185,South samtam Kingdom,Fertile Crescent,110,Dog Domestication,10
-1960,initial,185,South samtam Kingdom,Fertile Crescent,111,Grinding Stones,10
-1960,initial,185,South samtam Kingdom,Fertile Crescent,116,Charcoal Firing,10
-1960,initial,185,South samtam Kingdom,Fertile Crescent,3,Archery,10
-1940,unlock,2,Kingdom of Surmitnagar,Indic Riverine,12,Shipbuilding,29
-1934,unlock,37,New samsamum Tribe,Fertile Crescent,103,Bone and Antler Tools,11
-1933,unlock,77,Empire of South qoripachmarca,Andean Highland,108,Watercraft,21
-1921,unlock,15,Kingdom of North linqinqinshan,East Riverine,8,Masonry,13
-1891,unlock,35,New kalbelad Tribe,Fertile Crescent,103,Bone and Antler Tools,13
-1889,unlock,134,Kingdom of South karbeldor,Atlantic Fringe,103,Bone and Antler Tools,10
-1875,initial,186,North romzenquistan Tribe,Western Plains,100,Cordage and Knots,9
-1875,initial,186,North romzenquistan Tribe,Western Plains,101,Hide Working and Tailored Clothing,9
-1875,initial,186,North romzenquistan Tribe,Western Plains,102,Hafted Stone Tools,9
-1875,initial,186,North romzenquistan Tribe,Western Plains,105,Food Preservation,9
-1875,initial,186,North romzenquistan Tribe,Western Plains,106,Storage Pits and Containers,9
-1875,initial,186,North romzenquistan Tribe,Western Plains,107,Seasonal Aggregation Camps,9
-1875,initial,186,North romzenquistan Tribe,Western Plains,111,Grinding Stones,9
-1875,initial,186,North romzenquistan Tribe,Western Plains,4,Mining,9
-1875,initial,186,North romzenquistan Tribe,Western Plains,3,Archery,9
-1865,initial,187,New ngoofi Tribe,West Sahel,100,Cordage and Knots,20
-1865,initial,187,New ngoofi Tribe,West Sahel,101,Hide Working and Tailored Clothing,20
-1865,initial,187,New ngoofi Tribe,West Sahel,102,Hafted Stone Tools,20
-1865,initial,187,New ngoofi Tribe,West Sahel,103,Bone and Antler Tools,20
-1865,initial,187,New ngoofi Tribe,West Sahel,104,Fishing Technology,20
-1865,initial,187,New ngoofi Tribe,West Sahel,105,Food Preservation,20
-1865,initial,187,New ngoofi Tribe,West Sahel,106,Storage Pits and Containers,20
-1865,initial,187,New ngoofi Tribe,West Sahel,107,Seasonal Aggregation Camps,20
-1865,initial,187,New ngoofi Tribe,West Sahel,110,Dog Domestication,20
-1865,initial,187,New ngoofi Tribe,West Sahel,111,Grinding Stones,20
-1865,initial,187,New ngoofi Tribe,West Sahel,112,Proto-cultivation,20
-1865,initial,187,New ngoofi Tribe,West Sahel,113,Sedentism,20
-1865,initial,187,New ngoofi Tribe,West Sahel,114,Enclosures and Herd Management,20
-1865,initial,187,New ngoofi Tribe,West Sahel,115,Counting Tokens and Tallies,20
-1865,initial,187,New ngoofi Tribe,West Sahel,116,Charcoal Firing,20
-1865,initial,187,New ngoofi Tribe,West Sahel,20,Agriculture,20
-1865,initial,187,New ngoofi Tribe,West Sahel,3,Archery,20
-1865,initial,187,New ngoofi Tribe,West Sahel,6,Calendar,20
-1865,initial,187,New ngoofi Tribe,West Sahel,7,Wheel,20
-1865,initial,187,New ngoofi Tribe,West Sahel,10,Irrigation,20
-1864,unlock,77,Empire of South qoripachmarca,Andean Highland,17,Roads,22
-1863,unlock,72,Kingdom of Old mixcalteoco,Mesoamerican,117,Proto-writing and Administrative Notation,26
-1840,initial,188,South tanzukau Kingdom,North Saharan,100,Cordage and Knots,10
-1840,initial,188,South tanzukau Kingdom,North Saharan,101,Hide Working and Tailored Clothing,10
-1840,initial,188,South tanzukau Kingdom,North Saharan,102,Hafted Stone Tools,10
-1840,initial,188,South tanzukau Kingdom,North Saharan,105,Food Preservation,10
-1840,initial,188,South tanzukau Kingdom,North Saharan,106,Storage Pits and Containers,10
-1840,initial,188,South tanzukau Kingdom,North Saharan,107,Seasonal Aggregation Camps,10
-1840,initial,188,South tanzukau Kingdom,North Saharan,110,Dog Domestication,10
-1840,initial,188,South tanzukau Kingdom,North Saharan,111,Grinding Stones,10
-1840,initial,188,South tanzukau Kingdom,North Saharan,116,Charcoal Firing,10
-1840,initial,188,South tanzukau Kingdom,North Saharan,3,Archery,10
-1838,unlock,5,Kingdom of South vartanvarpur,Indic Riverine,12,Shipbuilding,25
-1830,initial,189,Great chima Tribe,Nile Floodplain,100,Cordage and Knots,20
-1830,initial,189,Great chima Tribe,Nile Floodplain,101,Hide Working and Tailored Clothing,20
-1830,initial,189,Great chima Tribe,Nile Floodplain,102,Hafted Stone Tools,20
-1830,initial,189,Great chima Tribe,Nile Floodplain,103,Bone and Antler Tools,20
-1830,initial,189,Great chima Tribe,Nile Floodplain,104,Fishing Technology,20
-1830,initial,189,Great chima Tribe,Nile Floodplain,105,Food Preservation,20
-1830,initial,189,Great chima Tribe,Nile Floodplain,106,Storage Pits and Containers,20
-1830,initial,189,Great chima Tribe,Nile Floodplain,107,Seasonal Aggregation Camps,20
-1830,initial,189,Great chima Tribe,Nile Floodplain,110,Dog Domestication,20
-1830,initial,189,Great chima Tribe,Nile Floodplain,111,Grinding Stones,20
-1830,initial,189,Great chima Tribe,Nile Floodplain,112,Proto-cultivation,20
-1830,initial,189,Great chima Tribe,Nile Floodplain,113,Sedentism,20
-1830,initial,189,Great chima Tribe,Nile Floodplain,114,Enclosures and Herd Management,20
-1830,initial,189,Great chima Tribe,Nile Floodplain,115,Counting Tokens and Tallies,20
-1830,initial,189,Great chima Tribe,Nile Floodplain,116,Charcoal Firing,20
-1830,initial,189,Great chima Tribe,Nile Floodplain,20,Agriculture,20
-1830,initial,189,Great chima Tribe,Nile Floodplain,3,Archery,20
-1830,initial,189,Great chima Tribe,Nile Floodplain,6,Calendar,20
-1830,initial,189,Great chima Tribe,Nile Floodplain,7,Wheel,20
-1830,initial,189,Great chima Tribe,Nile Floodplain,10,Irrigation,20
-1830,initial,190,Old barse Kingdom,Nile Floodplain,100,Cordage and Knots,20
-1830,initial,190,Old barse Kingdom,Nile Floodplain,101,Hide Working and Tailored Clothing,20
-1830,initial,190,Old barse Kingdom,Nile Floodplain,102,Hafted Stone Tools,20
-1830,initial,190,Old barse Kingdom,Nile Floodplain,103,Bone and Antler Tools,20
-1830,initial,190,Old barse Kingdom,Nile Floodplain,104,Fishing Technology,20
-1830,initial,190,Old barse Kingdom,Nile Floodplain,105,Food Preservation,20
-1830,initial,190,Old barse Kingdom,Nile Floodplain,106,Storage Pits and Containers,20
-1830,initial,190,Old barse Kingdom,Nile Floodplain,107,Seasonal Aggregation Camps,20
-1830,initial,190,Old barse Kingdom,Nile Floodplain,110,Dog Domestication,20
-1830,initial,190,Old barse Kingdom,Nile Floodplain,111,Grinding Stones,20
-1830,initial,190,Old barse Kingdom,Nile Floodplain,112,Proto-cultivation,20
-1830,initial,190,Old barse Kingdom,Nile Floodplain,113,Sedentism,20
-1830,initial,190,Old barse Kingdom,Nile Floodplain,114,Enclosures and Herd Management,20
-1830,initial,190,Old barse Kingdom,Nile Floodplain,115,Counting Tokens and Tallies,20
-1830,initial,190,Old barse Kingdom,Nile Floodplain,116,Charcoal Firing,20
-1830,initial,190,Old barse Kingdom,Nile Floodplain,20,Agriculture,20
-1830,initial,190,Old barse Kingdom,Nile Floodplain,3,Archery,20
-1830,initial,190,Old barse Kingdom,Nile Floodplain,6,Calendar,20
-1830,initial,190,Old barse Kingdom,Nile Floodplain,7,Wheel,20
-1830,initial,190,Old barse Kingdom,Nile Floodplain,10,Irrigation,20
-1824,unlock,53,Kingdom of South zuofi,East Horn,110,Dog Domestication,18
-1818,unlock,79,Suyusum Tribe,Andean Highland,103,Bone and Antler Tools,11
-1808,unlock,53,Kingdom of South zuofi,East Horn,114,Enclosures and Herd Management,19
-1801,unlock,118,Great calnahan Tribe,Mesoamerican,108,Watercraft,22
-1792,unlock,81,Empire of Old ayaayayu,Andean Highland,103,Bone and Antler Tools,11
-1789,unlock,51,Empire of New lamzua,West Sahel,7,Wheel,22
-1778,unlock,77,Empire of South qoripachmarca,Andean Highland,10,Irrigation,23
-1770,unlock,51,Empire of New lamzua,West Sahel,109,Long-distance Exchange Networks,23
-1763,unlock,62,Kingdom of New tardor,Atlantic Fringe,110,Dog Domestication,13
-1762,unlock,150,Kingdom of Great nuitataneua,Oceanic Navigators,103,Bone and Antler Tools,8
-1761,unlock,104,Viakinstan,Steppe Nomadic,103,Bone and Antler Tools,10
-1759,unlock,3,Kingdom of New varsur,Indic Riverine,103,Bone and Antler Tools,11
-1755,initial,191,South kalaran Kingdom,Fertile Crescent,100,Cordage and Knots,10
-1755,initial,191,South kalaran Kingdom,Fertile Crescent,101,Hide Working and Tailored Clothing,10
-1755,initial,191,South kalaran Kingdom,Fertile Crescent,102,Hafted Stone Tools,10
-1755,initial,191,South kalaran Kingdom,Fertile Crescent,105,Food Preservation,10
-1755,initial,191,South kalaran Kingdom,Fertile Crescent,106,Storage Pits and Containers,10
-1755,initial,191,South kalaran Kingdom,Fertile Crescent,107,Seasonal Aggregation Camps,10
-1755,initial,191,South kalaran Kingdom,Fertile Crescent,110,Dog Domestication,10
-1755,initial,191,South kalaran Kingdom,Fertile Crescent,111,Grinding Stones,10
-1755,initial,191,South kalaran Kingdom,Fertile Crescent,116,Charcoal Firing,10
-1755,initial,191,South kalaran Kingdom,Fertile Crescent,3,Archery,10
-1746,unlock,17,Empire of Liweiminzhou,East Riverine,103,Bone and Antler Tools,11
-1746,unlock,38,Kingdom of New bartameshan,Fertile Crescent,103,Bone and Antler Tools,13
-1740,initial,192,Belkalkalar Kingdom,Fertile Crescent,100,Cordage and Knots,10
-1740,initial,192,Belkalkalar Kingdom,Fertile Crescent,101,Hide Working and Tailored Clothing,10
-1740,initial,192,Belkalkalar Kingdom,Fertile Crescent,102,Hafted Stone Tools,10
-1740,initial,192,Belkalkalar Kingdom,Fertile Crescent,105,Food Preservation,10
-1740,initial,192,Belkalkalar Kingdom,Fertile Crescent,106,Storage Pits and Containers,10
-1740,initial,192,Belkalkalar Kingdom,Fertile Crescent,107,Seasonal Aggregation Camps,10
-1740,initial,192,Belkalkalar Kingdom,Fertile Crescent,110,Dog Domestication,10
-1740,initial,192,Belkalkalar Kingdom,Fertile Crescent,111,Grinding Stones,10
-1740,initial,192,Belkalkalar Kingdom,Fertile Crescent,116,Charcoal Firing,10
-1740,initial,192,Belkalkalar Kingdom,Fertile Crescent,3,Archery,10
-1724,unlock,23,Lixialing Tribe,East Riverine,103,Bone and Antler Tools,12
-1715,initial,193,New minhanzhou Tribe,East Riverine,100,Cordage and Knots,11
-1715,initial,193,New minhanzhou Tribe,East Riverine,101,Hide Working and Tailored Clothing,11
-1715,initial,193,New minhanzhou Tribe,East Riverine,102,Hafted Stone Tools,11
-1715,initial,193,New minhanzhou Tribe,East Riverine,103,Bone and Antler Tools,11
-1715,initial,193,New minhanzhou Tribe,East Riverine,105,Food Preservation,11
-1715,initial,193,New minhanzhou Tribe,East Riverine,106,Storage Pits and Containers,11
-1715,initial,193,New minhanzhou Tribe,East Riverine,107,Seasonal Aggregation Camps,11
-1715,initial,193,New minhanzhou Tribe,East Riverine,110,Dog Domestication,11
-1715,initial,193,New minhanzhou Tribe,East Riverine,111,Grinding Stones,11
-1715,initial,193,New minhanzhou Tribe,East Riverine,116,Charcoal Firing,11
-1715,initial,193,New minhanzhou Tribe,East Riverine,3,Archery,11
-1712,unlock,123,Great dusvialor Tribe,Western Plains,103,Bone and Antler Tools,9
-1710,unlock,52,Empire of Old bartanene,West Sahel,17,Roads,21
-1702,unlock,118,Kingdom of Great tolnahtemco,Mesoamerican,5,Sailing,23
-1685,initial,194,North ruminti Kingdom,Andean Highland,100,Cordage and Knots,10
-1685,initial,194,North ruminti Kingdom,Andean Highland,101,Hide Working and Tailored Clothing,10
-1685,initial,194,North ruminti Kingdom,Andean Highland,102,Hafted Stone Tools,10
-1685,initial,194,North ruminti Kingdom,Andean Highland,105,Food Preservation,10
-1685,initial,194,North ruminti Kingdom,Andean Highland,106,Storage Pits and Containers,10
-1685,initial,194,North ruminti Kingdom,Andean Highland,107,Seasonal Aggregation Camps,10
-1685,initial,194,North ruminti Kingdom,Andean Highland,111,Grinding Stones,10
-1685,initial,194,North ruminti Kingdom,Andean Highland,116,Charcoal Firing,10
-1685,initial,194,North ruminti Kingdom,Andean Highland,4,Mining,10
-1685,initial,194,North ruminti Kingdom,Andean Highland,3,Archery,10
-1666,unlock,12,Great dratanshanagar Tribe,Indic Riverine,117,Proto-writing and Administrative Notation,28
-1655,initial,195,Llaqpacha Kingdom,Andean Highland,100,Cordage and Knots,10
-1655,initial,195,Llaqpacha Kingdom,Andean Highland,101,Hide Working and Tailored Clothing,10
-1655,initial,195,Llaqpacha Kingdom,Andean Highland,102,Hafted Stone Tools,10
-1655,initial,195,Llaqpacha Kingdom,Andean Highland,105,Food Preservation,10
-1655,initial,195,Llaqpacha Kingdom,Andean Highland,106,Storage Pits and Containers,10
-1655,initial,195,Llaqpacha Kingdom,Andean Highland,107,Seasonal Aggregation Camps,10
-1655,initial,195,Llaqpacha Kingdom,Andean Highland,111,Grinding Stones,10
-1655,initial,195,Llaqpacha Kingdom,Andean Highland,116,Charcoal Firing,10
-1655,initial,195,Llaqpacha Kingdom,Andean Highland,4,Mining,10
-1655,initial,195,Llaqpacha Kingdom,Andean Highland,3,Archery,10
-1650,initial,196,Sumllaqna Kingdom,Andean Highland,100,Cordage and Knots,11
-1650,initial,196,Sumllaqna Kingdom,Andean Highland,101,Hide Working and Tailored Clothing,11
-1650,initial,196,Sumllaqna Kingdom,Andean Highland,102,Hafted Stone Tools,11
-1650,initial,196,Sumllaqna Kingdom,Andean Highland,103,Bone and Antler Tools,11
-1650,initial,196,Sumllaqna Kingdom,Andean Highland,105,Food Preservation,11
-1650,initial,196,Sumllaqna Kingdom,Andean Highland,106,Storage Pits and Containers,11
-1650,initial,196,Sumllaqna Kingdom,Andean Highland,107,Seasonal Aggregation Camps,11
-1650,initial,196,Sumllaqna Kingdom,Andean Highland,111,Grinding Stones,11
-1650,initial,196,Sumllaqna Kingdom,Andean Highland,116,Charcoal Firing,11
-1650,initial,196,Sumllaqna Kingdom,Andean Highland,4,Mining,11
-1650,initial,196,Sumllaqna Kingdom,Andean Highland,3,Archery,11
-1644,unlock,77,Empire of South qoripachmarca,Andean Highland,109,Long-distance Exchange Networks,24
-1636,unlock,59,Kingdom of South nortarnorland,Mediterranean Urban,8,Masonry,12
-1635,initial,197,Great calmixtolan Kingdom,Mesoamerican,100,Cordage and Knots,9
-1635,initial,197,Great calmixtolan Kingdom,Mesoamerican,101,Hide Working and Tailored Clothing,9
-1635,initial,197,Great calmixtolan Kingdom,Mesoamerican,102,Hafted Stone Tools,9
-1635,initial,197,Great calmixtolan Kingdom,Mesoamerican,105,Food Preservation,9
-1635,initial,197,Great calmixtolan Kingdom,Mesoamerican,106,Storage Pits and Containers,9
-1635,initial,197,Great calmixtolan Kingdom,Mesoamerican,107,Seasonal Aggregation Camps,9
-1635,initial,197,Great calmixtolan Kingdom,Mesoamerican,111,Grinding Stones,9
-1635,initial,197,Great calmixtolan Kingdom,Mesoamerican,116,Charcoal Firing,9
-1635,initial,197,Great calmixtolan Kingdom,Mesoamerican,3,Archery,9
-1631,unlock,53,Kingdom of South zuofi,East Horn,7,Wheel,20
-1627,unlock,11,Kingdom of Great tanshanagar,Indic Riverine,103,Bone and Antler Tools,11
-1620,initial,198,Great ofibarlam Kingdom,North Saharan,100,Cordage and Knots,10
-1620,initial,198,Great ofibarlam Kingdom,North Saharan,101,Hide Working and Tailored Clothing,10
-1620,initial,198,Great ofibarlam Kingdom,North Saharan,102,Hafted Stone Tools,10
-1620,initial,198,Great ofibarlam Kingdom,North Saharan,105,Food Preservation,10
-1620,initial,198,Great ofibarlam Kingdom,North Saharan,106,Storage Pits and Containers,10
-1620,initial,198,Great ofibarlam Kingdom,North Saharan,107,Seasonal Aggregation Camps,10
-1620,initial,198,Great ofibarlam Kingdom,North Saharan,110,Dog Domestication,10
-1620,initial,198,Great ofibarlam Kingdom,North Saharan,111,Grinding Stones,10
-1620,initial,198,Great ofibarlam Kingdom,North Saharan,116,Charcoal Firing,10
-1620,initial,198,Great ofibarlam Kingdom,North Saharan,3,Archery,10
-1620,initial,199,New ofingou Kingdom,North Saharan,100,Cordage and Knots,10
-1620,initial,199,New ofingou Kingdom,North Saharan,101,Hide Working and Tailored Clothing,10
-1620,initial,199,New ofingou Kingdom,North Saharan,102,Hafted Stone Tools,10
-1620,initial,199,New ofingou Kingdom,North Saharan,105,Food Preservation,10
-1620,initial,199,New ofingou Kingdom,North Saharan,106,Storage Pits and Containers,10
-1620,initial,199,New ofingou Kingdom,North Saharan,107,Seasonal Aggregation Camps,10
-1620,initial,199,New ofingou Kingdom,North Saharan,110,Dog Domestication,10
-1620,initial,199,New ofingou Kingdom,North Saharan,111,Grinding Stones,10
-1620,initial,199,New ofingou Kingdom,North Saharan,116,Charcoal Firing,10
-1620,initial,199,New ofingou Kingdom,North Saharan,3,Archery,10
-1616,unlock,98,North nuimorangiua Tribe,Oceanic Navigators,110,Dog Domestication,9
-1610,initial,200,North barzuu Kingdom,Nile Floodplain,100,Cordage and Knots,20
-1610,initial,200,North barzuu Kingdom,Nile Floodplain,101,Hide Working and Tailored Clothing,20
-1610,initial,200,North barzuu Kingdom,Nile Floodplain,102,Hafted Stone Tools,20
-1610,initial,200,North barzuu Kingdom,Nile Floodplain,103,Bone and Antler Tools,20
-1610,initial,200,North barzuu Kingdom,Nile Floodplain,104,Fishing Technology,20
-1610,initial,200,North barzuu Kingdom,Nile Floodplain,105,Food Preservation,20
-1610,initial,200,North barzuu Kingdom,Nile Floodplain,106,Storage Pits and Containers,20
-1610,initial,200,North barzuu Kingdom,Nile Floodplain,107,Seasonal Aggregation Camps,20
-1610,initial,200,North barzuu Kingdom,Nile Floodplain,110,Dog Domestication,20
-1610,initial,200,North barzuu Kingdom,Nile Floodplain,111,Grinding Stones,20
-1610,initial,200,North barzuu Kingdom,Nile Floodplain,112,Proto-cultivation,20
-1610,initial,200,North barzuu Kingdom,Nile Floodplain,113,Sedentism,20
-1610,initial,200,North barzuu Kingdom,Nile Floodplain,114,Enclosures and Herd Management,20
-1610,initial,200,North barzuu Kingdom,Nile Floodplain,115,Counting Tokens and Tallies,20
-1610,initial,200,North barzuu Kingdom,Nile Floodplain,116,Charcoal Firing,20
-1610,initial,200,North barzuu Kingdom,Nile Floodplain,20,Agriculture,20
-1610,initial,200,North barzuu Kingdom,Nile Floodplain,3,Archery,20
-1610,initial,200,North barzuu Kingdom,Nile Floodplain,6,Calendar,20
-1610,initial,200,North barzuu Kingdom,Nile Floodplain,7,Wheel,20
-1610,initial,200,North barzuu Kingdom,Nile Floodplain,10,Irrigation,20
-1600,unlock,33,Kingdom of North belkalan,Fertile Crescent,103,Bone and Antler Tools,13
-1593,unlock,48,Kingdom of Old mamamaara,Nile Floodplain,117,Proto-writing and Administrative Notation,21
-1592,unlock,5,Kingdom of South vartanvarpur,Indic Riverine,23,Engineering,27
-1580,initial,201,North chiofiofiene Kingdom,North Saharan,100,Cordage and Knots,10
-1580,initial,201,North chiofiofiene Kingdom,North Saharan,101,Hide Working and Tailored Clothing,10
-1580,initial,201,North chiofiofiene Kingdom,North Saharan,102,Hafted Stone Tools,10
-1580,initial,201,North chiofiofiene Kingdom,North Saharan,105,Food Preservation,10
-1580,initial,201,North chiofiofiene Kingdom,North Saharan,106,Storage Pits and Containers,10
-1580,initial,201,North chiofiofiene Kingdom,North Saharan,107,Seasonal Aggregation Camps,10
-1580,initial,201,North chiofiofiene Kingdom,North Saharan,110,Dog Domestication,10
-1580,initial,201,North chiofiofiene Kingdom,North Saharan,111,Grinding Stones,10
-1580,initial,201,North chiofiofiene Kingdom,North Saharan,116,Charcoal Firing,10
-1580,initial,201,North chiofiofiene Kingdom,North Saharan,3,Archery,10
-1577,unlock,118,Kingdom of Great tolnahtemco,Mesoamerican,12,Shipbuilding,24
-1565,initial,202,Lamchizu Kingdom,East Horn,100,Cordage and Knots,27
-1565,initial,202,Lamchizu Kingdom,East Horn,101,Hide Working and Tailored Clothing,27
-1565,initial,202,Lamchizu Kingdom,East Horn,102,Hafted Stone Tools,27
-1565,initial,202,Lamchizu Kingdom,East Horn,103,Bone and Antler Tools,27
-1565,initial,202,Lamchizu Kingdom,East Horn,104,Fishing Technology,27
-1565,initial,202,Lamchizu Kingdom,East Horn,105,Food Preservation,27
-1565,initial,202,Lamchizu Kingdom,East Horn,106,Storage Pits and Containers,27
-1565,initial,202,Lamchizu Kingdom,East Horn,107,Seasonal Aggregation Camps,27
-1565,initial,202,Lamchizu Kingdom,East Horn,108,Watercraft,27
-1565,initial,202,Lamchizu Kingdom,East Horn,109,Long-distance Exchange Networks,27
-1565,initial,202,Lamchizu Kingdom,East Horn,110,Dog Domestication,27
-1565,initial,202,Lamchizu Kingdom,East Horn,111,Grinding Stones,27
-1565,initial,202,Lamchizu Kingdom,East Horn,112,Proto-cultivation,27
-1565,initial,202,Lamchizu Kingdom,East Horn,113,Sedentism,27
-1565,initial,202,Lamchizu Kingdom,East Horn,114,Enclosures and Herd Management,27
-1565,initial,202,Lamchizu Kingdom,East Horn,115,Counting Tokens and Tallies,27
-1565,initial,202,Lamchizu Kingdom,East Horn,116,Charcoal Firing,27
-1565,initial,202,Lamchizu Kingdom,East Horn,20,Agriculture,27
-1565,initial,202,Lamchizu Kingdom,East Horn,3,Archery,27
-1565,initial,202,Lamchizu Kingdom,East Horn,5,Sailing,27
-1565,initial,202,Lamchizu Kingdom,East Horn,6,Calendar,27
-1565,initial,202,Lamchizu Kingdom,East Horn,7,Wheel,27
-1565,initial,202,Lamchizu Kingdom,East Horn,10,Irrigation,27
-1565,initial,202,Lamchizu Kingdom,East Horn,12,Shipbuilding,27
-1565,initial,202,Lamchizu Kingdom,East Horn,17,Roads,27
-1565,initial,202,Lamchizu Kingdom,East Horn,23,Engineering,27
-1565,initial,202,Lamchizu Kingdom,East Horn,29,Machinery,27
-1560,initial,203,Old lorlinia Kingdom,Western Plains,100,Cordage and Knots,8
-1560,initial,203,Old lorlinia Kingdom,Western Plains,101,Hide Working and Tailored Clothing,8
-1560,initial,203,Old lorlinia Kingdom,Western Plains,102,Hafted Stone Tools,8
-1560,initial,203,Old lorlinia Kingdom,Western Plains,105,Food Preservation,8
-1560,initial,203,Old lorlinia Kingdom,Western Plains,106,Storage Pits and Containers,8
-1560,initial,203,Old lorlinia Kingdom,Western Plains,107,Seasonal Aggregation Camps,8
-1560,initial,203,Old lorlinia Kingdom,Western Plains,111,Grinding Stones,8
-1560,initial,203,Old lorlinia Kingdom,Western Plains,3,Archery,8
-1557,unlock,51,Empire of New lamzua,West Sahel,17,Roads,25
-1557,unlock,118,Kingdom of Great tolnahtemco,Mesoamerican,109,Long-distance Exchange Networks,25
-1554,unlock,170,Great linbelland Tribe,Monsoon Coastal,17,Roads,25
-1549,unlock,2,Kingdom of Surmitnagar,Indic Riverine,23,Engineering,30
-1545,initial,204,Rumayaintia Kingdom,Andean Highland,100,Cordage and Knots,11
-1545,initial,204,Rumayaintia Kingdom,Andean Highland,101,Hide Working and Tailored Clothing,11
-1545,initial,204,Rumayaintia Kingdom,Andean Highland,102,Hafted Stone Tools,11
-1545,initial,204,Rumayaintia Kingdom,Andean Highland,103,Bone and Antler Tools,11
-1545,initial,204,Rumayaintia Kingdom,Andean Highland,105,Food Preservation,11
-1545,initial,204,Rumayaintia Kingdom,Andean Highland,106,Storage Pits and Containers,11
-1545,initial,204,Rumayaintia Kingdom,Andean Highland,107,Seasonal Aggregation Camps,11
-1545,initial,204,Rumayaintia Kingdom,Andean Highland,110,Dog Domestication,11
-1545,initial,204,Rumayaintia Kingdom,Andean Highland,111,Grinding Stones,11
-1545,initial,204,Rumayaintia Kingdom,Andean Highland,116,Charcoal Firing,11
-1545,initial,204,Rumayaintia Kingdom,Andean Highland,3,Archery,11
-1545,initial,205,Great suyupachsumna Kingdom,Andean Highland,100,Cordage and Knots,10
-1545,initial,205,Great suyupachsumna Kingdom,Andean Highland,101,Hide Working and Tailored Clothing,10
-1545,initial,205,Great suyupachsumna Kingdom,Andean Highland,102,Hafted Stone Tools,10
-1545,initial,205,Great suyupachsumna Kingdom,Andean Highland,105,Food Preservation,10
-1545,initial,205,Great suyupachsumna Kingdom,Andean Highland,106,Storage Pits and Containers,10
-1545,initial,205,Great suyupachsumna Kingdom,Andean Highland,107,Seasonal Aggregation Camps,10
-1545,initial,205,Great suyupachsumna Kingdom,Andean Highland,110,Dog Domestication,10
-1545,initial,205,Great suyupachsumna Kingdom,Andean Highland,111,Grinding Stones,10
-1545,initial,205,Great suyupachsumna Kingdom,Andean Highland,116,Charcoal Firing,10
-1545,initial,205,Great suyupachsumna Kingdom,Andean Highland,3,Archery,10
-1542,unlock,159,Suyullaqa Tribe,Andean Highland,104,Fishing Technology,17
-1535,initial,206,South zumaa Kingdom,Nile Floodplain,100,Cordage and Knots,20
-1535,initial,206,South zumaa Kingdom,Nile Floodplain,101,Hide Working and Tailored Clothing,20
-1535,initial,206,South zumaa Kingdom,Nile Floodplain,102,Hafted Stone Tools,20
-1535,initial,206,South zumaa Kingdom,Nile Floodplain,103,Bone and Antler Tools,20
-1535,initial,206,South zumaa Kingdom,Nile Floodplain,104,Fishing Technology,20
-1535,initial,206,South zumaa Kingdom,Nile Floodplain,105,Food Preservation,20
-1535,initial,206,South zumaa Kingdom,Nile Floodplain,106,Storage Pits and Containers,20
-1535,initial,206,South zumaa Kingdom,Nile Floodplain,107,Seasonal Aggregation Camps,20
-1535,initial,206,South zumaa Kingdom,Nile Floodplain,110,Dog Domestication,20
-1535,initial,206,South zumaa Kingdom,Nile Floodplain,111,Grinding Stones,20
-1535,initial,206,South zumaa Kingdom,Nile Floodplain,112,Proto-cultivation,20
-1535,initial,206,South zumaa Kingdom,Nile Floodplain,113,Sedentism,20
-1535,initial,206,South zumaa Kingdom,Nile Floodplain,114,Enclosures and Herd Management,20
-1535,initial,206,South zumaa Kingdom,Nile Floodplain,115,Counting Tokens and Tallies,20
-1535,initial,206,South zumaa Kingdom,Nile Floodplain,116,Charcoal Firing,20
-1535,initial,206,South zumaa Kingdom,Nile Floodplain,20,Agriculture,20
-1535,initial,206,South zumaa Kingdom,Nile Floodplain,3,Archery,20
-1535,initial,206,South zumaa Kingdom,Nile Floodplain,6,Calendar,20
-1535,initial,206,South zumaa Kingdom,Nile Floodplain,7,Wheel,20
-1535,initial,206,South zumaa Kingdom,Nile Floodplain,10,Irrigation,20
-1535,initial,207,Old ninbarkal Kingdom,Fertile Crescent,100,Cordage and Knots,10
-1535,initial,207,Old ninbarkal Kingdom,Fertile Crescent,101,Hide Working and Tailored Clothing,10
-1535,initial,207,Old ninbarkal Kingdom,Fertile Crescent,102,Hafted Stone Tools,10
-1535,initial,207,Old ninbarkal Kingdom,Fertile Crescent,105,Food Preservation,10
-1535,initial,207,Old ninbarkal Kingdom,Fertile Crescent,106,Storage Pits and Containers,10
-1535,initial,207,Old ninbarkal Kingdom,Fertile Crescent,107,Seasonal Aggregation Camps,10
-1535,initial,207,Old ninbarkal Kingdom,Fertile Crescent,110,Dog Domestication,10
-1535,initial,207,Old ninbarkal Kingdom,Fertile Crescent,111,Grinding Stones,10
-1535,initial,207,Old ninbarkal Kingdom,Fertile Crescent,116,Charcoal Firing,10
-1535,initial,207,Old ninbarkal Kingdom,Fertile Crescent,3,Archery,10
-1528,unlock,110,Kingdom of South suyullaqa,Andean Highland,103,Bone and Antler Tools,11
-1520,initial,208,Old beltam Kingdom,Fertile Crescent,100,Cordage and Knots,10
-1520,initial,208,Old beltam Kingdom,Fertile Crescent,101,Hide Working and Tailored Clothing,10
-1520,initial,208,Old beltam Kingdom,Fertile Crescent,102,Hafted Stone Tools,10
-1520,initial,208,Old beltam Kingdom,Fertile Crescent,105,Food Preservation,10
-1520,initial,208,Old beltam Kingdom,Fertile Crescent,106,Storage Pits and Containers,10
-1520,initial,208,Old beltam Kingdom,Fertile Crescent,107,Seasonal Aggregation Camps,10
-1520,initial,208,Old beltam Kingdom,Fertile Crescent,110,Dog Domestication,10
-1520,initial,208,Old beltam Kingdom,Fertile Crescent,111,Grinding Stones,10
-1520,initial,208,Old beltam Kingdom,Fertile Crescent,116,Charcoal Firing,10
-1520,initial,208,Old beltam Kingdom,Fertile Crescent,3,Archery,10
-1469,unlock,86,Kingdom of North linzenland,Eastern Woodland,110,Dog Domestication,11
-1445,initial,209,Great linterkinstan Kingdom,Western Plains,100,Cordage and Knots,9
-1445,initial,209,Great linterkinstan Kingdom,Western Plains,101,Hide Working and Tailored Clothing,9
-1445,initial,209,Great linterkinstan Kingdom,Western Plains,102,Hafted Stone Tools,9
-1445,initial,209,Great linterkinstan Kingdom,Western Plains,105,Food Preservation,9
-1445,initial,209,Great linterkinstan Kingdom,Western Plains,106,Storage Pits and Containers,9
-1445,initial,209,Great linterkinstan Kingdom,Western Plains,107,Seasonal Aggregation Camps,9
-1445,initial,209,Great linterkinstan Kingdom,Western Plains,111,Grinding Stones,9
-1445,initial,209,Great linterkinstan Kingdom,Western Plains,4,Mining,9
-1445,initial,209,Great linterkinstan Kingdom,Western Plains,3,Archery,9
-1434,unlock,159,Suyullaqa Tribe,Andean Highland,114,Enclosures and Herd Management,18
-1409,unlock,9,South dravisur Tribe,Indic Riverine,119,Native Copper Working,12
-1405,initial,210,Old intisuyuyu Kingdom,Andean Highland,100,Cordage and Knots,9
-1405,initial,210,Old intisuyuyu Kingdom,Andean Highland,101,Hide Working and Tailored Clothing,9
-1405,initial,210,Old intisuyuyu Kingdom,Andean Highland,102,Hafted Stone Tools,9
-1405,initial,210,Old intisuyuyu Kingdom,Andean Highland,105,Food Preservation,9
-1405,initial,210,Old intisuyuyu Kingdom,Andean Highland,106,Storage Pits and Containers,9
-1405,initial,210,Old intisuyuyu Kingdom,Andean Highland,107,Seasonal Aggregation Camps,9
-1405,initial,210,Old intisuyuyu Kingdom,Andean Highland,111,Grinding Stones,9
-1405,initial,210,Old intisuyuyu Kingdom,Andean Highland,116,Charcoal Firing,9
-1405,initial,210,Old intisuyuyu Kingdom,Andean Highland,3,Archery,9
-1403,unlock,115,Kingdom of New intiayatup,Andean Highland,110,Dog Domestication,11
-1400,initial,211,Great semaene Kingdom,North Saharan,100,Cordage and Knots,10
-1400,initial,211,Great semaene Kingdom,North Saharan,101,Hide Working and Tailored Clothing,10
-1400,initial,211,Great semaene Kingdom,North Saharan,102,Hafted Stone Tools,10
-1400,initial,211,Great semaene Kingdom,North Saharan,105,Food Preservation,10
-1400,initial,211,Great semaene Kingdom,North Saharan,106,Storage Pits and Containers,10
-1400,initial,211,Great semaene Kingdom,North Saharan,107,Seasonal Aggregation Camps,10
-1400,initial,211,Great semaene Kingdom,North Saharan,110,Dog Domestication,10
-1400,initial,211,Great semaene Kingdom,North Saharan,111,Grinding Stones,10
-1400,initial,211,Great semaene Kingdom,North Saharan,116,Charcoal Firing,10
-1400,initial,211,Great semaene Kingdom,North Saharan,3,Archery,10
-1399,unlock,53,Kingdom of South zuofi,East Horn,17,Roads,21
-1392,unlock,13,Kingdom of South kantantannagar,Indic Riverine,103,Bone and Antler Tools,11
-1390,initial,212,Zubarseara Kingdom,Nile Floodplain,100,Cordage and Knots,20
-1390,initial,212,Zubarseara Kingdom,Nile Floodplain,101,Hide Working and Tailored Clothing,20
-1390,initial,212,Zubarseara Kingdom,Nile Floodplain,102,Hafted Stone Tools,20
-1390,initial,212,Zubarseara Kingdom,Nile Floodplain,103,Bone and Antler Tools,20
-1390,initial,212,Zubarseara Kingdom,Nile Floodplain,104,Fishing Technology,20
-1390,initial,212,Zubarseara Kingdom,Nile Floodplain,105,Food Preservation,20
-1390,initial,212,Zubarseara Kingdom,Nile Floodplain,106,Storage Pits and Containers,20
-1390,initial,212,Zubarseara Kingdom,Nile Floodplain,107,Seasonal Aggregation Camps,20
-1390,initial,212,Zubarseara Kingdom,Nile Floodplain,110,Dog Domestication,20
-1390,initial,212,Zubarseara Kingdom,Nile Floodplain,111,Grinding Stones,20
-1390,initial,212,Zubarseara Kingdom,Nile Floodplain,112,Proto-cultivation,20
-1390,initial,212,Zubarseara Kingdom,Nile Floodplain,113,Sedentism,20
-1390,initial,212,Zubarseara Kingdom,Nile Floodplain,114,Enclosures and Herd Management,20
-1390,initial,212,Zubarseara Kingdom,Nile Floodplain,115,Counting Tokens and Tallies,20
-1390,initial,212,Zubarseara Kingdom,Nile Floodplain,116,Charcoal Firing,20
-1390,initial,212,Zubarseara Kingdom,Nile Floodplain,20,Agriculture,20
-1390,initial,212,Zubarseara Kingdom,Nile Floodplain,3,Archery,20
-1390,initial,212,Zubarseara Kingdom,Nile Floodplain,6,Calendar,20
-1390,initial,212,Zubarseara Kingdom,Nile Floodplain,7,Wheel,20
-1390,initial,212,Zubarseara Kingdom,Nile Floodplain,10,Irrigation,20
-1385,unlock,19,New taiweizhoshan Tribe,East Riverine,103,Bone and Antler Tools,11
-1385,unlock,122,Kingdom of North dorromburg,Atlantic Fringe,8,Masonry,11
-1370,initial,213,New ngochi Kingdom,Nile Floodplain,100,Cordage and Knots,20
-1370,initial,213,New ngochi Kingdom,Nile Floodplain,101,Hide Working and Tailored Clothing,20
-1370,initial,213,New ngochi Kingdom,Nile Floodplain,102,Hafted Stone Tools,20
-1370,initial,213,New ngochi Kingdom,Nile Floodplain,103,Bone and Antler Tools,20
-1370,initial,213,New ngochi Kingdom,Nile Floodplain,104,Fishing Technology,20
-1370,initial,213,New ngochi Kingdom,Nile Floodplain,105,Food Preservation,20
-1370,initial,213,New ngochi Kingdom,Nile Floodplain,106,Storage Pits and Containers,20
-1370,initial,213,New ngochi Kingdom,Nile Floodplain,107,Seasonal Aggregation Camps,20
-1370,initial,213,New ngochi Kingdom,Nile Floodplain,110,Dog Domestication,20
-1370,initial,213,New ngochi Kingdom,Nile Floodplain,111,Grinding Stones,20
-1370,initial,213,New ngochi Kingdom,Nile Floodplain,112,Proto-cultivation,20
-1370,initial,213,New ngochi Kingdom,Nile Floodplain,113,Sedentism,20
-1370,initial,213,New ngochi Kingdom,Nile Floodplain,114,Enclosures and Herd Management,20
-1370,initial,213,New ngochi Kingdom,Nile Floodplain,115,Counting Tokens and Tallies,20
-1370,initial,213,New ngochi Kingdom,Nile Floodplain,116,Charcoal Firing,20
-1370,initial,213,New ngochi Kingdom,Nile Floodplain,20,Agriculture,20
-1370,initial,213,New ngochi Kingdom,Nile Floodplain,3,Archery,20
-1370,initial,213,New ngochi Kingdom,Nile Floodplain,6,Calendar,20
-1370,initial,213,New ngochi Kingdom,Nile Floodplain,7,Wheel,20
-1370,initial,213,New ngochi Kingdom,Nile Floodplain,10,Irrigation,20
-1365,initial,214,North areshurar Tribe,Fertile Crescent,100,Cordage and Knots,11
-1365,initial,214,North areshurar Tribe,Fertile Crescent,101,Hide Working and Tailored Clothing,11
-1365,initial,214,North areshurar Tribe,Fertile Crescent,102,Hafted Stone Tools,11
-1365,initial,214,North areshurar Tribe,Fertile Crescent,103,Bone and Antler Tools,11
-1365,initial,214,North areshurar Tribe,Fertile Crescent,105,Food Preservation,11
-1365,initial,214,North areshurar Tribe,Fertile Crescent,106,Storage Pits and Containers,11
-1365,initial,214,North areshurar Tribe,Fertile Crescent,107,Seasonal Aggregation Camps,11
-1365,initial,214,North areshurar Tribe,Fertile Crescent,110,Dog Domestication,11
-1365,initial,214,North areshurar Tribe,Fertile Crescent,111,Grinding Stones,11
-1365,initial,214,North areshurar Tribe,Fertile Crescent,116,Charcoal Firing,11
-1365,initial,214,North areshurar Tribe,Fertile Crescent,3,Archery,11
-1360,initial,215,New zuzulamara Kingdom,North Saharan,100,Cordage and Knots,10
-1360,initial,215,New zuzulamara Kingdom,North Saharan,101,Hide Working and Tailored Clothing,10
-1360,initial,215,New zuzulamara Kingdom,North Saharan,102,Hafted Stone Tools,10
-1360,initial,215,New zuzulamara Kingdom,North Saharan,105,Food Preservation,10
-1360,initial,215,New zuzulamara Kingdom,North Saharan,106,Storage Pits and Containers,10
-1360,initial,215,New zuzulamara Kingdom,North Saharan,107,Seasonal Aggregation Camps,10
-1360,initial,215,New zuzulamara Kingdom,North Saharan,110,Dog Domestication,10
-1360,initial,215,New zuzulamara Kingdom,North Saharan,111,Grinding Stones,10
-1360,initial,215,New zuzulamara Kingdom,North Saharan,116,Charcoal Firing,10
-1360,initial,215,New zuzulamara Kingdom,North Saharan,3,Archery,10
-1352,unlock,162,New barlamchiu Kingdom,Nile Floodplain,7,Wheel,18
-1350,unlock,5,Kingdom of South vartanvarpur,Indic Riverine,109,Long-distance Exchange Networks,27
-1350,unlock,15,Kingdom of North linqinqinshan,East Riverine,119,Native Copper Working,14
-1347,unlock,35,New kalbelad Tribe,Fertile Crescent,8,Masonry,14
-1345,initial,216,North ngomazua Kingdom,East Horn,100,Cordage and Knots,26
-1345,initial,216,North ngomazua Kingdom,East Horn,101,Hide Working and Tailored Clothing,26
-1345,initial,216,North ngomazua Kingdom,East Horn,102,Hafted Stone Tools,26
-1345,initial,216,North ngomazua Kingdom,East Horn,103,Bone and Antler Tools,26
-1345,initial,216,North ngomazua Kingdom,East Horn,104,Fishing Technology,26
-1345,initial,216,North ngomazua Kingdom,East Horn,105,Food Preservation,26
-1345,initial,216,North ngomazua Kingdom,East Horn,106,Storage Pits and Containers,26
-1345,initial,216,North ngomazua Kingdom,East Horn,107,Seasonal Aggregation Camps,26
-1345,initial,216,North ngomazua Kingdom,East Horn,108,Watercraft,26
-1345,initial,216,North ngomazua Kingdom,East Horn,109,Long-distance Exchange Networks,26
-1345,initial,216,North ngomazua Kingdom,East Horn,110,Dog Domestication,26
-1345,initial,216,North ngomazua Kingdom,East Horn,111,Grinding Stones,26
-1345,initial,216,North ngomazua Kingdom,East Horn,112,Proto-cultivation,26
-1345,initial,216,North ngomazua Kingdom,East Horn,113,Sedentism,26
-1345,initial,216,North ngomazua Kingdom,East Horn,114,Enclosures and Herd Management,26
-1345,initial,216,North ngomazua Kingdom,East Horn,115,Counting Tokens and Tallies,26
-1345,initial,216,North ngomazua Kingdom,East Horn,116,Charcoal Firing,26
-1345,initial,216,North ngomazua Kingdom,East Horn,20,Agriculture,26
-1345,initial,216,North ngomazua Kingdom,East Horn,3,Archery,26
-1345,initial,216,North ngomazua Kingdom,East Horn,5,Sailing,26
-1345,initial,216,North ngomazua Kingdom,East Horn,6,Calendar,26
-1345,initial,216,North ngomazua Kingdom,East Horn,7,Wheel,26
-1345,initial,216,North ngomazua Kingdom,East Horn,10,Irrigation,26
-1345,initial,216,North ngomazua Kingdom,East Horn,12,Shipbuilding,26
-1345,initial,216,North ngomazua Kingdom,East Horn,17,Roads,26
-1345,initial,216,North ngomazua Kingdom,East Horn,29,Machinery,26
-1345,initial,217,North belninar Kingdom,Fertile Crescent,100,Cordage and Knots,10
-1345,initial,217,North belninar Kingdom,Fertile Crescent,101,Hide Working and Tailored Clothing,10
-1345,initial,217,North belninar Kingdom,Fertile Crescent,102,Hafted Stone Tools,10
-1345,initial,217,North belninar Kingdom,Fertile Crescent,105,Food Preservation,10
-1345,initial,217,North belninar Kingdom,Fertile Crescent,106,Storage Pits and Containers,10
-1345,initial,217,North belninar Kingdom,Fertile Crescent,107,Seasonal Aggregation Camps,10
-1345,initial,217,North belninar Kingdom,Fertile Crescent,110,Dog Domestication,10
-1345,initial,217,North belninar Kingdom,Fertile Crescent,111,Grinding Stones,10
-1345,initial,217,North belninar Kingdom,Fertile Crescent,116,Charcoal Firing,10
-1345,initial,217,North belninar Kingdom,Fertile Crescent,3,Archery,10
-1342,unlock,48,Kingdom of Old mamamaara,Nile Floodplain,17,Roads,22
-1336,unlock,126,Kingdom of New nalsurmitdesh,Indic Riverine,103,Bone and Antler Tools,12
-1332,unlock,119,Marran,Steppe Nomadic,103,Bone and Antler Tools,10
-1331,unlock,52,Empire of South zumaara,West Sahel,117,Proto-writing and Administrative Notation,22
-1325,unlock,53,Kingdom of South zuofi,East Horn,29,Machinery,22
-1320,initial,218,New urtamsamad Kingdom,Fertile Crescent,100,Cordage and Knots,10
-1320,initial,218,New urtamsamad Kingdom,Fertile Crescent,101,Hide Working and Tailored Clothing,10
-1320,initial,218,New urtamsamad Kingdom,Fertile Crescent,102,Hafted Stone Tools,10
-1320,initial,218,New urtamsamad Kingdom,Fertile Crescent,105,Food Preservation,10
-1320,initial,218,New urtamsamad Kingdom,Fertile Crescent,106,Storage Pits and Containers,10
-1320,initial,218,New urtamsamad Kingdom,Fertile Crescent,107,Seasonal Aggregation Camps,10
-1320,initial,218,New urtamsamad Kingdom,Fertile Crescent,110,Dog Domestication,10
-1320,initial,218,New urtamsamad Kingdom,Fertile Crescent,111,Grinding Stones,10
-1320,initial,218,New urtamsamad Kingdom,Fertile Crescent,116,Charcoal Firing,10
-1320,initial,218,New urtamsamad Kingdom,Fertile Crescent,3,Archery,10
-1315,unlock,55,Kingdom of South ofilamkaa,Central Forest,110,Dog Domestication,11
-1315,initial,219,Old belarash Kingdom,Fertile Crescent,100,Cordage and Knots,10
-1315,initial,219,Old belarash Kingdom,Fertile Crescent,101,Hide Working and Tailored Clothing,10
-1315,initial,219,Old belarash Kingdom,Fertile Crescent,102,Hafted Stone Tools,10
-1315,initial,219,Old belarash Kingdom,Fertile Crescent,105,Food Preservation,10
-1315,initial,219,Old belarash Kingdom,Fertile Crescent,106,Storage Pits and Containers,10
-1315,initial,219,Old belarash Kingdom,Fertile Crescent,107,Seasonal Aggregation Camps,10
-1315,initial,219,Old belarash Kingdom,Fertile Crescent,110,Dog Domestication,10
-1315,initial,219,Old belarash Kingdom,Fertile Crescent,111,Grinding Stones,10
-1315,initial,219,Old belarash Kingdom,Fertile Crescent,116,Charcoal Firing,10
-1315,initial,219,Old belarash Kingdom,Fertile Crescent,3,Archery,10
-1303,unlock,60,Kingdom of South kardor,Central Plain,8,Masonry,12
-1289,unlock,1,Kingdom of Great surmitdesh,Indic Riverine,103,Bone and Antler Tools,11
-1285,initial,220,Old ngosezu Kingdom,West Sahel,100,Cordage and Knots,23
-1285,initial,220,Old ngosezu Kingdom,West Sahel,101,Hide Working and Tailored Clothing,23
-1285,initial,220,Old ngosezu Kingdom,West Sahel,102,Hafted Stone Tools,23
-1285,initial,220,Old ngosezu Kingdom,West Sahel,103,Bone and Antler Tools,23
-1285,initial,220,Old ngosezu Kingdom,West Sahel,104,Fishing Technology,23
-1285,initial,220,Old ngosezu Kingdom,West Sahel,105,Food Preservation,23
-1285,initial,220,Old ngosezu Kingdom,West Sahel,106,Storage Pits and Containers,23
-1285,initial,220,Old ngosezu Kingdom,West Sahel,107,Seasonal Aggregation Camps,23
-1285,initial,220,Old ngosezu Kingdom,West Sahel,108,Watercraft,23
-1285,initial,220,Old ngosezu Kingdom,West Sahel,109,Long-distance Exchange Networks,23
-1285,initial,220,Old ngosezu Kingdom,West Sahel,110,Dog Domestication,23
-1285,initial,220,Old ngosezu Kingdom,West Sahel,111,Grinding Stones,23
-1285,initial,220,Old ngosezu Kingdom,West Sahel,112,Proto-cultivation,23
-1285,initial,220,Old ngosezu Kingdom,West Sahel,113,Sedentism,23
-1285,initial,220,Old ngosezu Kingdom,West Sahel,114,Enclosures and Herd Management,23
-1285,initial,220,Old ngosezu Kingdom,West Sahel,115,Counting Tokens and Tallies,23
-1285,initial,220,Old ngosezu Kingdom,West Sahel,116,Charcoal Firing,23
-1285,initial,220,Old ngosezu Kingdom,West Sahel,3,Archery,23
-1285,initial,220,Old ngosezu Kingdom,West Sahel,5,Sailing,23
-1285,initial,220,Old ngosezu Kingdom,West Sahel,6,Calendar,23
-1285,initial,220,Old ngosezu Kingdom,West Sahel,7,Wheel,23
-1285,initial,220,Old ngosezu Kingdom,West Sahel,12,Shipbuilding,23
-1285,initial,220,Old ngosezu Kingdom,West Sahel,17,Roads,23
-1274,unlock,159,Suyullaqa Tribe,Andean Highland,7,Wheel,19
-1267,unlock,53,Kingdom of South zuofi,East Horn,108,Watercraft,23
-1258,unlock,88,Kingdom of North duslorvialand,Eastern Woodland,103,Bone and Antler Tools,9
-1250,initial,221,Great tankakau Kingdom,North Saharan,100,Cordage and Knots,10
-1250,initial,221,Great tankakau Kingdom,North Saharan,101,Hide Working and Tailored Clothing,10
-1250,initial,221,Great tankakau Kingdom,North Saharan,102,Hafted Stone Tools,10
-1250,initial,221,Great tankakau Kingdom,North Saharan,105,Food Preservation,10
-1250,initial,221,Great tankakau Kingdom,North Saharan,106,Storage Pits and Containers,10
-1250,initial,221,Great tankakau Kingdom,North Saharan,107,Seasonal Aggregation Camps,10
-1250,initial,221,Great tankakau Kingdom,North Saharan,110,Dog Domestication,10
-1250,initial,221,Great tankakau Kingdom,North Saharan,111,Grinding Stones,10
-1250,initial,221,Great tankakau Kingdom,North Saharan,116,Charcoal Firing,10
-1250,initial,221,Great tankakau Kingdom,North Saharan,3,Archery,10
-1235,unlock,53,Kingdom of South zuofi,East Horn,23,Engineering,24
-1221,unlock,87,Kingdom of South belquilorland,Eastern Woodland,103,Bone and Antler Tools,10
-1214,unlock,59,Kingdom of South nortarnorland,Mediterranean Urban,119,Native Copper Working,13
-1211,unlock,159,Suyullaqa Tribe,Andean Highland,10,Irrigation,20
-1188,unlock,159,Suyullaqa Tribe,Andean Highland,108,Watercraft,21
-1183,unlock,52,Empire of South zumaara Kingdom,West Sahel,108,Watercraft,23
-1180,initial,222,North ngoofibara Kingdom,North Saharan,100,Cordage and Knots,10
-1180,initial,222,North ngoofibara Kingdom,North Saharan,101,Hide Working and Tailored Clothing,10
-1180,initial,222,North ngoofibara Kingdom,North Saharan,102,Hafted Stone Tools,10
-1180,initial,222,North ngoofibara Kingdom,North Saharan,105,Food Preservation,10
-1180,initial,222,North ngoofibara Kingdom,North Saharan,106,Storage Pits and Containers,10
-1180,initial,222,North ngoofibara Kingdom,North Saharan,107,Seasonal Aggregation Camps,10
-1180,initial,222,North ngoofibara Kingdom,North Saharan,110,Dog Domestication,10
-1180,initial,222,North ngoofibara Kingdom,North Saharan,111,Grinding Stones,10
-1180,initial,222,North ngoofibara Kingdom,North Saharan,116,Charcoal Firing,10
-1180,initial,222,North ngoofibara Kingdom,North Saharan,3,Archery,10
-1170,initial,223,South kinzennastan Kingdom,Western Plains,100,Cordage and Knots,8
-1170,initial,223,South kinzennastan Kingdom,Western Plains,101,Hide Working and Tailored Clothing,8
-1170,initial,223,South kinzennastan Kingdom,Western Plains,102,Hafted Stone Tools,8
-1170,initial,223,South kinzennastan Kingdom,Western Plains,105,Food Preservation,8
-1170,initial,223,South kinzennastan Kingdom,Western Plains,106,Storage Pits and Containers,8
-1170,initial,223,South kinzennastan Kingdom,Western Plains,107,Seasonal Aggregation Camps,8
-1170,initial,223,South kinzennastan Kingdom,Western Plains,111,Grinding Stones,8
-1170,initial,223,South kinzennastan Kingdom,Western Plains,3,Archery,8
-1165,unlock,52,Empire of South zumaara Kingdom,West Sahel,23,Engineering,24
-1154,unlock,52,Empire of South zumaara Kingdom,West Sahel,5,Sailing,25
-1150,unlock,86,Kingdom of North linzenland,Eastern Woodland,8,Masonry,12
-1146,unlock,181,Old lamlamse Tribe,Nile Floodplain,17,Roads,21
-1135,unlock,52,Empire of South zumaara Kingdom,West Sahel,109,Long-distance Exchange Networks,26
-1130,unlock,189,Great chima Tribe,Nile Floodplain,17,Roads,21
-1126,unlock,77,Empire of South qoripachmarca,Andean Highland,5,Sailing,25
-1125,unlock,20,Old taizhoshan Tribe,East Riverine,103,Bone and Antler Tools,11
-1125,initial,224,North kalbarkalan Kingdom,Fertile Crescent,100,Cordage and Knots,10
-1125,initial,224,North kalbarkalan Kingdom,Fertile Crescent,101,Hide Working and Tailored Clothing,10
-1125,initial,224,North kalbarkalan Kingdom,Fertile Crescent,102,Hafted Stone Tools,10
-1125,initial,224,North kalbarkalan Kingdom,Fertile Crescent,105,Food Preservation,10
-1125,initial,224,North kalbarkalan Kingdom,Fertile Crescent,106,Storage Pits and Containers,10
-1125,initial,224,North kalbarkalan Kingdom,Fertile Crescent,107,Seasonal Aggregation Camps,10
-1125,initial,224,North kalbarkalan Kingdom,Fertile Crescent,110,Dog Domestication,10
-1125,initial,224,North kalbarkalan Kingdom,Fertile Crescent,111,Grinding Stones,10
-1125,initial,224,North kalbarkalan Kingdom,Fertile Crescent,116,Charcoal Firing,10
-1125,initial,224,North kalbarkalan Kingdom,Fertile Crescent,3,Archery,10
-1116,unlock,52,Empire of South zumaara Kingdom,West Sahel,12,Shipbuilding,27
-1108,unlock,26,Kingdom of Great minliqin,East Riverine,103,Bone and Antler Tools,11
-1104,unlock,122,Kingdom of North dorromburg,Atlantic Fringe,110,Dog Domestication,12
-1100,initial,225,North eshbarashum Kingdom,Fertile Crescent,100,Cordage and Knots,10
-1100,initial,225,North eshbarashum Kingdom,Fertile Crescent,101,Hide Working and Tailored Clothing,10
-1100,initial,225,North eshbarashum Kingdom,Fertile Crescent,102,Hafted Stone Tools,10
-1100,initial,225,North eshbarashum Kingdom,Fertile Crescent,105,Food Preservation,10
-1100,initial,225,North eshbarashum Kingdom,Fertile Crescent,106,Storage Pits and Containers,10
-1100,initial,225,North eshbarashum Kingdom,Fertile Crescent,107,Seasonal Aggregation Camps,10
-1100,initial,225,North eshbarashum Kingdom,Fertile Crescent,110,Dog Domestication,10
-1100,initial,225,North eshbarashum Kingdom,Fertile Crescent,111,Grinding Stones,10
-1100,initial,225,North eshbarashum Kingdom,Fertile Crescent,116,Charcoal Firing,10
-1100,initial,225,North eshbarashum Kingdom,Fertile Crescent,3,Archery,10
-1099,unlock,23,Lixialing Tribe,East Riverine,119,Native Copper Working,13
-1099,unlock,159,Suyullaqa Tribe,Andean Highland,17,Roads,22
-1066,unlock,70,Kingdom of Xocteochi,Mesoamerican,4,Mining,10
-1065,initial,226,Sengoara Kingdom,West Sahel,100,Cordage and Knots,23
-1065,initial,226,Sengoara Kingdom,West Sahel,101,Hide Working and Tailored Clothing,23
-1065,initial,226,Sengoara Kingdom,West Sahel,102,Hafted Stone Tools,23
-1065,initial,226,Sengoara Kingdom,West Sahel,103,Bone and Antler Tools,23
-1065,initial,226,Sengoara Kingdom,West Sahel,104,Fishing Technology,23
-1065,initial,226,Sengoara Kingdom,West Sahel,105,Food Preservation,23
-1065,initial,226,Sengoara Kingdom,West Sahel,106,Storage Pits and Containers,23
-1065,initial,226,Sengoara Kingdom,West Sahel,107,Seasonal Aggregation Camps,23
-1065,initial,226,Sengoara Kingdom,West Sahel,108,Watercraft,23
-1065,initial,226,Sengoara Kingdom,West Sahel,109,Long-distance Exchange Networks,23
-1065,initial,226,Sengoara Kingdom,West Sahel,110,Dog Domestication,23
-1065,initial,226,Sengoara Kingdom,West Sahel,111,Grinding Stones,23
-1065,initial,226,Sengoara Kingdom,West Sahel,112,Proto-cultivation,23
-1065,initial,226,Sengoara Kingdom,West Sahel,113,Sedentism,23
-1065,initial,226,Sengoara Kingdom,West Sahel,114,Enclosures and Herd Management,23
-1065,initial,226,Sengoara Kingdom,West Sahel,115,Counting Tokens and Tallies,23
-1065,initial,226,Sengoara Kingdom,West Sahel,116,Charcoal Firing,23
-1065,initial,226,Sengoara Kingdom,West Sahel,3,Archery,23
-1065,initial,226,Sengoara Kingdom,West Sahel,5,Sailing,23
-1065,initial,226,Sengoara Kingdom,West Sahel,6,Calendar,23
-1065,initial,226,Sengoara Kingdom,West Sahel,7,Wheel,23
-1065,initial,226,Sengoara Kingdom,West Sahel,12,Shipbuilding,23
-1065,initial,226,Sengoara Kingdom,West Sahel,17,Roads,23
-1065,initial,227,Great samtamum Kingdom,Fertile Crescent,100,Cordage and Knots,10
-1065,initial,227,Great samtamum Kingdom,Fertile Crescent,101,Hide Working and Tailored Clothing,10
-1065,initial,227,Great samtamum Kingdom,Fertile Crescent,102,Hafted Stone Tools,10
-1065,initial,227,Great samtamum Kingdom,Fertile Crescent,105,Food Preservation,10
-1065,initial,227,Great samtamum Kingdom,Fertile Crescent,106,Storage Pits and Containers,10
-1065,initial,227,Great samtamum Kingdom,Fertile Crescent,107,Seasonal Aggregation Camps,10
-1065,initial,227,Great samtamum Kingdom,Fertile Crescent,110,Dog Domestication,10
-1065,initial,227,Great samtamum Kingdom,Fertile Crescent,111,Grinding Stones,10
-1065,initial,227,Great samtamum Kingdom,Fertile Crescent,116,Charcoal Firing,10
-1065,initial,227,Great samtamum Kingdom,Fertile Crescent,3,Archery,10
-1064,unlock,159,Suyullaqa Tribe,Andean Highland,5,Sailing,23
-1061,unlock,109,New surdranagar Tribe,Indic Riverine,119,Native Copper Working,12
-1055,initial,228,Great barururan Kingdom,Fertile Crescent,100,Cordage and Knots,10
-1055,initial,228,Great barururan Kingdom,Fertile Crescent,101,Hide Working and Tailored Clothing,10
-1055,initial,228,Great barururan Kingdom,Fertile Crescent,102,Hafted Stone Tools,10
-1055,initial,228,Great barururan Kingdom,Fertile Crescent,105,Food Preservation,10
-1055,initial,228,Great barururan Kingdom,Fertile Crescent,106,Storage Pits and Containers,10
-1055,initial,228,Great barururan Kingdom,Fertile Crescent,107,Seasonal Aggregation Camps,10
-1055,initial,228,Great barururan Kingdom,Fertile Crescent,110,Dog Domestication,10
-1055,initial,228,Great barururan Kingdom,Fertile Crescent,111,Grinding Stones,10
-1055,initial,228,Great barururan Kingdom,Fertile Crescent,116,Charcoal Firing,10
-1055,initial,228,Great barururan Kingdom,Fertile Crescent,3,Archery,10
-1052,unlock,52,Empire of South zumaara Kingdom,West Sahel,29,Machinery,28
-1036,unlock,80,Llaqqorina Tribe,Andean Highland,110,Dog Domestication,11
-1035,unlock,111,Kingdom of Sebarkaa,Central Forest,110,Dog Domestication,10
-1030,initial,229,Great lammango Kingdom,North Saharan,100,Cordage and Knots,10
-1030,initial,229,Great lammango Kingdom,North Saharan,101,Hide Working and Tailored Clothing,10
-1030,initial,229,Great lammango Kingdom,North Saharan,102,Hafted Stone Tools,10
-1030,initial,229,Great lammango Kingdom,North Saharan,105,Food Preservation,10
-1030,initial,229,Great lammango Kingdom,North Saharan,106,Storage Pits and Containers,10
-1030,initial,229,Great lammango Kingdom,North Saharan,107,Seasonal Aggregation Camps,10
-1030,initial,229,Great lammango Kingdom,North Saharan,110,Dog Domestication,10
-1030,initial,229,Great lammango Kingdom,North Saharan,111,Grinding Stones,10
-1030,initial,229,Great lammango Kingdom,North Saharan,116,Charcoal Firing,10
-1030,initial,229,Great lammango Kingdom,North Saharan,3,Archery,10
-1030,initial,230,Selamkaa Kingdom,North Saharan,100,Cordage and Knots,10
-1030,initial,230,Selamkaa Kingdom,North Saharan,101,Hide Working and Tailored Clothing,10
-1030,initial,230,Selamkaa Kingdom,North Saharan,102,Hafted Stone Tools,10
-1030,initial,230,Selamkaa Kingdom,North Saharan,105,Food Preservation,10
-1030,initial,230,Selamkaa Kingdom,North Saharan,106,Storage Pits and Containers,10
-1030,initial,230,Selamkaa Kingdom,North Saharan,107,Seasonal Aggregation Camps,10
-1030,initial,230,Selamkaa Kingdom,North Saharan,110,Dog Domestication,10
-1030,initial,230,Selamkaa Kingdom,North Saharan,111,Grinding Stones,10
-1030,initial,230,Selamkaa Kingdom,North Saharan,116,Charcoal Firing,10
-1030,initial,230,Selamkaa Kingdom,North Saharan,3,Archery,10
-1025,unlock,53,Kingdom of South zuofi,East Horn,5,Sailing,25
-1020,unlock,74,Kingdom of Old caltemchico,Mesoamerican,110,Dog Domestication,10
-1005,unlock,53,Kingdom of South zuofi,East Horn,109,Long-distance Exchange Networks,26
-1005,initial,231,North chichiu Tribe,North Saharan,100,Cordage and Knots,10
-1005,initial,231,North chichiu Tribe,North Saharan,101,Hide Working and Tailored Clothing,10
-1005,initial,231,North chichiu Tribe,North Saharan,102,Hafted Stone Tools,10
-1005,initial,231,North chichiu Tribe,North Saharan,105,Food Preservation,10
-1005,initial,231,North chichiu Tribe,North Saharan,106,Storage Pits and Containers,10
-1005,initial,231,North chichiu Tribe,North Saharan,107,Seasonal Aggregation Camps,10
-1005,initial,231,North chichiu Tribe,North Saharan,110,Dog Domestication,10
-1005,initial,231,North chichiu Tribe,North Saharan,111,Grinding Stones,10
-1005,initial,231,North chichiu Tribe,North Saharan,116,Charcoal Firing,10
-1005,initial,231,North chichiu Tribe,North Saharan,3,Archery,10
-985,initial,232,Zulam Kingdom,Nile Floodplain,100,Cordage and Knots,11
-985,initial,232,Zulam Kingdom,Nile Floodplain,101,Hide Working and Tailored Clothing,11
-985,initial,232,Zulam Kingdom,Nile Floodplain,102,Hafted Stone Tools,11
-985,initial,232,Zulam Kingdom,Nile Floodplain,103,Bone and Antler Tools,11
-985,initial,232,Zulam Kingdom,Nile Floodplain,105,Food Preservation,11
-985,initial,232,Zulam Kingdom,Nile Floodplain,106,Storage Pits and Containers,11
-985,initial,232,Zulam Kingdom,Nile Floodplain,107,Seasonal Aggregation Camps,11
-985,initial,232,Zulam Kingdom,Nile Floodplain,110,Dog Domestication,11
-985,initial,232,Zulam Kingdom,Nile Floodplain,111,Grinding Stones,11
-985,initial,232,Zulam Kingdom,Nile Floodplain,116,Charcoal Firing,11
-985,initial,232,Zulam Kingdom,Nile Floodplain,3,Archery,11
-978,unlock,159,Suyullaqa Tribe,Andean Highland,109,Long-distance Exchange Networks,24
-970,unlock,150,Kingdom of Great nuitataneua,Oceanic Navigators,111,Grinding Stones,9
-940,unlock,33,Kingdom of North belkalan,Fertile Crescent,8,Masonry,14
-940,initial,233,South hivahana Kingdom,Oceanic Navigators,100,Cordage and Knots,7
-940,initial,233,South hivahana Kingdom,Oceanic Navigators,101,Hide Working and Tailored Clothing,7
-940,initial,233,South hivahana Kingdom,Oceanic Navigators,102,Hafted Stone Tools,7
-940,initial,233,South hivahana Kingdom,Oceanic Navigators,105,Food Preservation,7
-940,initial,233,South hivahana Kingdom,Oceanic Navigators,106,Storage Pits and Containers,7
-940,initial,233,South hivahana Kingdom,Oceanic Navigators,107,Seasonal Aggregation Camps,7
-940,initial,233,South hivahana Kingdom,Oceanic Navigators,3,Archery,7
-939,unlock,77,Empire of South qoripachmarca,Andean Highland,12,Shipbuilding,26
-939,unlock,162,New barlamchiu Kingdom,Nile Floodplain,104,Fishing Technology,19
-905,unlock,140,Kingdom of South qoriayallaq,Andean Highland,103,Bone and Antler Tools,11
-905,initial,234,South kaleshar Kingdom,Fertile Crescent,100,Cordage and Knots,10
-905,initial,234,South kaleshar Kingdom,Fertile Crescent,101,Hide Working and Tailored Clothing,10
-905,initial,234,South kaleshar Kingdom,Fertile Crescent,102,Hafted Stone Tools,10
-905,initial,234,South kaleshar Kingdom,Fertile Crescent,105,Food Preservation,10
-905,initial,234,South kaleshar Kingdom,Fertile Crescent,106,Storage Pits and Containers,10
-905,initial,234,South kaleshar Kingdom,Fertile Crescent,107,Seasonal Aggregation Camps,10
-905,initial,234,South kaleshar Kingdom,Fertile Crescent,110,Dog Domestication,10
-905,initial,234,South kaleshar Kingdom,Fertile Crescent,111,Grinding Stones,10
-905,initial,234,South kaleshar Kingdom,Fertile Crescent,116,Charcoal Firing,10
-905,initial,234,South kaleshar Kingdom,Fertile Crescent,3,Archery,10
-902,unlock,80,Llaqqorina Tribe,Andean Highland,103,Bone and Antler Tools,12
-899,unlock,125,Great xiahanlinguo Tribe,East Riverine,119,Native Copper Working,12
-845,unlock,53,Kingdom of New lamseara,East Horn,12,Shipbuilding,27
-845,initial,235,Great tanbaru Kingdom,West Sahel,100,Cordage and Knots,23
-845,initial,235,Great tanbaru Kingdom,West Sahel,101,Hide Working and Tailored Clothing,23
-845,initial,235,Great tanbaru Kingdom,West Sahel,102,Hafted Stone Tools,23
-845,initial,235,Great tanbaru Kingdom,West Sahel,103,Bone and Antler Tools,23
-845,initial,235,Great tanbaru Kingdom,West Sahel,104,Fishing Technology,23
-845,initial,235,Great tanbaru Kingdom,West Sahel,105,Food Preservation,23
-845,initial,235,Great tanbaru Kingdom,West Sahel,106,Storage Pits and Containers,23
-845,initial,235,Great tanbaru Kingdom,West Sahel,107,Seasonal Aggregation Camps,23
-845,initial,235,Great tanbaru Kingdom,West Sahel,108,Watercraft,23
-845,initial,235,Great tanbaru Kingdom,West Sahel,109,Long-distance Exchange Networks,23
-845,initial,235,Great tanbaru Kingdom,West Sahel,110,Dog Domestication,23
-845,initial,235,Great tanbaru Kingdom,West Sahel,111,Grinding Stones,23
-845,initial,235,Great tanbaru Kingdom,West Sahel,112,Proto-cultivation,23
-845,initial,235,Great tanbaru Kingdom,West Sahel,113,Sedentism,23
-845,initial,235,Great tanbaru Kingdom,West Sahel,114,Enclosures and Herd Management,23
-845,initial,235,Great tanbaru Kingdom,West Sahel,115,Counting Tokens and Tallies,23
-845,initial,235,Great tanbaru Kingdom,West Sahel,116,Charcoal Firing,23
-845,initial,235,Great tanbaru Kingdom,West Sahel,3,Archery,23
-845,initial,235,Great tanbaru Kingdom,West Sahel,5,Sailing,23
-845,initial,235,Great tanbaru Kingdom,West Sahel,6,Calendar,23
-845,initial,235,Great tanbaru Kingdom,West Sahel,7,Wheel,23
-845,initial,235,Great tanbaru Kingdom,West Sahel,12,Shipbuilding,23
-845,initial,235,Great tanbaru Kingdom,West Sahel,17,Roads,23
-845,initial,236,South tankabarara Kingdom,West Sahel,100,Cordage and Knots,23
-845,initial,236,South tankabarara Kingdom,West Sahel,101,Hide Working and Tailored Clothing,23
-845,initial,236,South tankabarara Kingdom,West Sahel,102,Hafted Stone Tools,23
-845,initial,236,South tankabarara Kingdom,West Sahel,103,Bone and Antler Tools,23
-845,initial,236,South tankabarara Kingdom,West Sahel,104,Fishing Technology,23
-845,initial,236,South tankabarara Kingdom,West Sahel,105,Food Preservation,23
-845,initial,236,South tankabarara Kingdom,West Sahel,106,Storage Pits and Containers,23
-845,initial,236,South tankabarara Kingdom,West Sahel,107,Seasonal Aggregation Camps,23
-845,initial,236,South tankabarara Kingdom,West Sahel,108,Watercraft,23
-845,initial,236,South tankabarara Kingdom,West Sahel,109,Long-distance Exchange Networks,23
-845,initial,236,South tankabarara Kingdom,West Sahel,110,Dog Domestication,23
-845,initial,236,South tankabarara Kingdom,West Sahel,111,Grinding Stones,23
-845,initial,236,South tankabarara Kingdom,West Sahel,112,Proto-cultivation,23
-845,initial,236,South tankabarara Kingdom,West Sahel,113,Sedentism,23
-845,initial,236,South tankabarara Kingdom,West Sahel,114,Enclosures and Herd Management,23
-845,initial,236,South tankabarara Kingdom,West Sahel,115,Counting Tokens and Tallies,23
-845,initial,236,South tankabarara Kingdom,West Sahel,116,Charcoal Firing,23
-845,initial,236,South tankabarara Kingdom,West Sahel,3,Archery,23
-845,initial,236,South tankabarara Kingdom,West Sahel,5,Sailing,23
-845,initial,236,South tankabarara Kingdom,West Sahel,6,Calendar,23
-845,initial,236,South tankabarara Kingdom,West Sahel,7,Wheel,23
-845,initial,236,South tankabarara Kingdom,West Sahel,12,Shipbuilding,23
-845,initial,236,South tankabarara Kingdom,West Sahel,17,Roads,23
-841,unlock,123,Great dusvialor Tribe,Western Plains,116,Charcoal Firing,10
-840,unlock,162,New barlamchiu Kingdom,Nile Floodplain,103,Bone and Antler Tools,20
-839,unlock,15,Kingdom of South qinzhoshan,East Riverine,120,Copper Smelting,15
-835,unlock,8,Kingdom of Old raranal,Indic Riverine,103,Bone and Antler Tools,11
-835,initial,237,Old samurar Kingdom,Fertile Crescent,100,Cordage and Knots,10
-835,initial,237,Old samurar Kingdom,Fertile Crescent,101,Hide Working and Tailored Clothing,10
-835,initial,237,Old samurar Kingdom,Fertile Crescent,102,Hafted Stone Tools,10
-835,initial,237,Old samurar Kingdom,Fertile Crescent,105,Food Preservation,10
-835,initial,237,Old samurar Kingdom,Fertile Crescent,106,Storage Pits and Containers,10
-835,initial,237,Old samurar Kingdom,Fertile Crescent,107,Seasonal Aggregation Camps,10
-835,initial,237,Old samurar Kingdom,Fertile Crescent,110,Dog Domestication,10
-835,initial,237,Old samurar Kingdom,Fertile Crescent,111,Grinding Stones,10
-835,initial,237,Old samurar Kingdom,Fertile Crescent,116,Charcoal Firing,10
-835,initial,237,Old samurar Kingdom,Fertile Crescent,3,Archery,10
-827,unlock,87,Kingdom of Garsolstan,Eastern Woodland,8,Masonry,11
-827,unlock,111,Kingdom of Sebarkaa,Central Forest,103,Bone and Antler Tools,11
-824,unlock,52,Empire of South zumaara Kingdom,West Sahel,118,Numeracy and Measurement,29
-815,unlock,52,Empire of South zumaara Kingdom,West Sahel,15,Currency,30
-801,unlock,9,South dravisur Tribe,Indic Riverine,103,Bone and Antler Tools,13
-800,initial,238,New ninarkalum Kingdom,Fertile Crescent,100,Cordage and Knots,10
-800,initial,238,New ninarkalum Kingdom,Fertile Crescent,101,Hide Working and Tailored Clothing,10
-800,initial,238,New ninarkalum Kingdom,Fertile Crescent,102,Hafted Stone Tools,10
-800,initial,238,New ninarkalum Kingdom,Fertile Crescent,105,Food Preservation,10
-800,initial,238,New ninarkalum Kingdom,Fertile Crescent,106,Storage Pits and Containers,10
-800,initial,238,New ninarkalum Kingdom,Fertile Crescent,107,Seasonal Aggregation Camps,10
-800,initial,238,New ninarkalum Kingdom,Fertile Crescent,110,Dog Domestication,10
-800,initial,238,New ninarkalum Kingdom,Fertile Crescent,111,Grinding Stones,10
-800,initial,238,New ninarkalum Kingdom,Fertile Crescent,116,Charcoal Firing,10
-800,initial,238,New ninarkalum Kingdom,Fertile Crescent,3,Archery,10
-785,initial,239,New ngolamzuu Kingdom,North Saharan,100,Cordage and Knots,10
-785,initial,239,New ngolamzuu Kingdom,North Saharan,101,Hide Working and Tailored Clothing,10
-785,initial,239,New ngolamzuu Kingdom,North Saharan,102,Hafted Stone Tools,10
-785,initial,239,New ngolamzuu Kingdom,North Saharan,105,Food Preservation,10
-785,initial,239,New ngolamzuu Kingdom,North Saharan,106,Storage Pits and Containers,10
-785,initial,239,New ngolamzuu Kingdom,North Saharan,107,Seasonal Aggregation Camps,10
-785,initial,239,New ngolamzuu Kingdom,North Saharan,110,Dog Domestication,10
-785,initial,239,New ngolamzuu Kingdom,North Saharan,111,Grinding Stones,10
-785,initial,239,New ngolamzuu Kingdom,North Saharan,116,Charcoal Firing,10
-785,initial,239,New ngolamzuu Kingdom,North Saharan,3,Archery,10
-784,unlock,181,Kingdom of North chibarngoara,Nile Floodplain,117,Proto-writing and Administrative Notation,22
-765,initial,240,Seofiara Kingdom,Nile Floodplain,100,Cordage and Knots,11
-765,initial,240,Seofiara Kingdom,Nile Floodplain,101,Hide Working and Tailored Clothing,11
-765,initial,240,Seofiara Kingdom,Nile Floodplain,102,Hafted Stone Tools,11
-765,initial,240,Seofiara Kingdom,Nile Floodplain,103,Bone and Antler Tools,11
-765,initial,240,Seofiara Kingdom,Nile Floodplain,105,Food Preservation,11
-765,initial,240,Seofiara Kingdom,Nile Floodplain,106,Storage Pits and Containers,11
-765,initial,240,Seofiara Kingdom,Nile Floodplain,107,Seasonal Aggregation Camps,11
-765,initial,240,Seofiara Kingdom,Nile Floodplain,110,Dog Domestication,11
-765,initial,240,Seofiara Kingdom,Nile Floodplain,111,Grinding Stones,11
-765,initial,240,Seofiara Kingdom,Nile Floodplain,116,Charcoal Firing,11
-765,initial,240,Seofiara Kingdom,Nile Floodplain,3,Archery,11
-761,unlock,150,Kingdom of Great nuitataneua,Oceanic Navigators,110,Dog Domestication,10
-750,unlock,36,North tamtamum,Fertile Crescent,8,Masonry,13
-745,unlock,59,Kingdom of South nortarnorland,Mediterranean Urban,103,Bone and Antler Tools,14
-733,unlock,77,Empire of South qoripachmarca,Andean Highland,23,Engineering,27
-731,unlock,56,Kingdom of South venlenia,Mediterranean Highland,103,Bone and Antler Tools,11
-730,unlock,140,Kingdom of South qoriayallaq,Andean Highland,8,Masonry,12
-706,unlock,127,Old marviaterstan,Steppe Nomadic,103,Bone and Antler Tools,10
-704,unlock,9,South dravisur Tribe,Indic Riverine,120,Copper Smelting,14
-692,unlock,149,Kingdom of North ashurbaran,Fertile Crescent,103,Bone and Antler Tools,11
-691,unlock,212,Zubarseara Kingdom,Nile Floodplain,108,Watercraft,21
-665,initial,241,Great machi Kingdom,East Horn,100,Cordage and Knots,26
-665,initial,241,Great machi Kingdom,East Horn,101,Hide Working and Tailored Clothing,26
-665,initial,241,Great machi Kingdom,East Horn,102,Hafted Stone Tools,26
-665,initial,241,Great machi Kingdom,East Horn,103,Bone and Antler Tools,26
-665,initial,241,Great machi Kingdom,East Horn,104,Fishing Technology,26
-665,initial,241,Great machi Kingdom,East Horn,105,Food Preservation,26
-665,initial,241,Great machi Kingdom,East Horn,106,Storage Pits and Containers,26
-665,initial,241,Great machi Kingdom,East Horn,107,Seasonal Aggregation Camps,26
-665,initial,241,Great machi Kingdom,East Horn,108,Watercraft,26
-665,initial,241,Great machi Kingdom,East Horn,109,Long-distance Exchange Networks,26
-665,initial,241,Great machi Kingdom,East Horn,110,Dog Domestication,26
-665,initial,241,Great machi Kingdom,East Horn,111,Grinding Stones,26
-665,initial,241,Great machi Kingdom,East Horn,112,Proto-cultivation,26
-665,initial,241,Great machi Kingdom,East Horn,113,Sedentism,26
-665,initial,241,Great machi Kingdom,East Horn,114,Enclosures and Herd Management,26
-665,initial,241,Great machi Kingdom,East Horn,115,Counting Tokens and Tallies,26
-665,initial,241,Great machi Kingdom,East Horn,116,Charcoal Firing,26
-665,initial,241,Great machi Kingdom,East Horn,20,Agriculture,26
-665,initial,241,Great machi Kingdom,East Horn,3,Archery,26
-665,initial,241,Great machi Kingdom,East Horn,5,Sailing,26
-665,initial,241,Great machi Kingdom,East Horn,6,Calendar,26
-665,initial,241,Great machi Kingdom,East Horn,7,Wheel,26
-665,initial,241,Great machi Kingdom,East Horn,10,Irrigation,26
-665,initial,241,Great machi Kingdom,East Horn,12,Shipbuilding,26
-665,initial,241,Great machi Kingdom,East Horn,17,Roads,26
-665,initial,241,Great machi Kingdom,East Horn,29,Machinery,26
-635,unlock,139,South suyuqorisuma Tribe,Andean Highland,103,Bone and Antler Tools,10
-635,initial,242,New sumllaqkus Kingdom,Andean Highland,100,Cordage and Knots,9
-635,initial,242,New sumllaqkus Kingdom,Andean Highland,101,Hide Working and Tailored Clothing,9
-635,initial,242,New sumllaqkus Kingdom,Andean Highland,102,Hafted Stone Tools,9
-635,initial,242,New sumllaqkus Kingdom,Andean Highland,105,Food Preservation,9
-635,initial,242,New sumllaqkus Kingdom,Andean Highland,106,Storage Pits and Containers,9
-635,initial,242,New sumllaqkus Kingdom,Andean Highland,107,Seasonal Aggregation Camps,9
-635,initial,242,New sumllaqkus Kingdom,Andean Highland,111,Grinding Stones,9
-635,initial,242,New sumllaqkus Kingdom,Andean Highland,116,Charcoal Firing,9
-635,initial,242,New sumllaqkus Kingdom,Andean Highland,3,Archery,9
-618,unlock,79,Suyusum Tribe,Andean Highland,110,Dog Domestication,12
-615,initial,243,South samtaman Kingdom,Fertile Crescent,100,Cordage and Knots,10
-615,initial,243,South samtaman Kingdom,Fertile Crescent,101,Hide Working and Tailored Clothing,10
-615,initial,243,South samtaman Kingdom,Fertile Crescent,102,Hafted Stone Tools,10
-615,initial,243,South samtaman Kingdom,Fertile Crescent,105,Food Preservation,10
-615,initial,243,South samtaman Kingdom,Fertile Crescent,106,Storage Pits and Containers,10
-615,initial,243,South samtaman Kingdom,Fertile Crescent,107,Seasonal Aggregation Camps,10
-615,initial,243,South samtaman Kingdom,Fertile Crescent,110,Dog Domestication,10
-615,initial,243,South samtaman Kingdom,Fertile Crescent,111,Grinding Stones,10
-615,initial,243,South samtaman Kingdom,Fertile Crescent,116,Charcoal Firing,10
-615,initial,243,South samtaman Kingdom,Fertile Crescent,3,Archery,10
-604,unlock,74,Kingdom of Calcalchi,Mesoamerican,103,Bone and Antler Tools,11
-580,initial,244,Chibarkau Kingdom,North Saharan,100,Cordage and Knots,10
-580,initial,244,Chibarkau Kingdom,North Saharan,101,Hide Working and Tailored Clothing,10
-580,initial,244,Chibarkau Kingdom,North Saharan,102,Hafted Stone Tools,10
-580,initial,244,Chibarkau Kingdom,North Saharan,105,Food Preservation,10
-580,initial,244,Chibarkau Kingdom,North Saharan,106,Storage Pits and Containers,10
-580,initial,244,Chibarkau Kingdom,North Saharan,107,Seasonal Aggregation Camps,10
-580,initial,244,Chibarkau Kingdom,North Saharan,110,Dog Domestication,10
-580,initial,244,Chibarkau Kingdom,North Saharan,111,Grinding Stones,10
-580,initial,244,Chibarkau Kingdom,North Saharan,116,Charcoal Firing,10
-580,initial,244,Chibarkau Kingdom,North Saharan,3,Archery,10
-576,unlock,22,Kingdom of Qinhanzhou,East Riverine,103,Bone and Antler Tools,11
-571,unlock,59,Kingdom of South nortarnorland,Mediterranean Urban,120,Copper Smelting,15
-565,initial,245,Old zukabara Kingdom,North Saharan,100,Cordage and Knots,10
-565,initial,245,Old zukabara Kingdom,North Saharan,101,Hide Working and Tailored Clothing,10
-565,initial,245,Old zukabara Kingdom,North Saharan,102,Hafted Stone Tools,10
-565,initial,245,Old zukabara Kingdom,North Saharan,105,Food Preservation,10
-565,initial,245,Old zukabara Kingdom,North Saharan,106,Storage Pits and Containers,10
-565,initial,245,Old zukabara Kingdom,North Saharan,107,Seasonal Aggregation Camps,10
-565,initial,245,Old zukabara Kingdom,North Saharan,110,Dog Domestication,10
-565,initial,245,Old zukabara Kingdom,North Saharan,111,Grinding Stones,10
-565,initial,245,Old zukabara Kingdom,North Saharan,116,Charcoal Firing,10
-565,initial,245,Old zukabara Kingdom,North Saharan,3,Archery,10
-550,unlock,35,New kalbelad Tribe,Fertile Crescent,120,Copper Smelting,15
-548,unlock,109,New surdranagar Tribe,Indic Riverine,8,Masonry,13
-545,initial,246,Barlambarene Kingdom,Nile Floodplain,100,Cordage and Knots,11
-545,initial,246,Barlambarene Kingdom,Nile Floodplain,101,Hide Working and Tailored Clothing,11
-545,initial,246,Barlambarene Kingdom,Nile Floodplain,102,Hafted Stone Tools,11
-545,initial,246,Barlambarene Kingdom,Nile Floodplain,103,Bone and Antler Tools,11
-545,initial,246,Barlambarene Kingdom,Nile Floodplain,105,Food Preservation,11
-545,initial,246,Barlambarene Kingdom,Nile Floodplain,106,Storage Pits and Containers,11
-545,initial,246,Barlambarene Kingdom,Nile Floodplain,107,Seasonal Aggregation Camps,11
-545,initial,246,Barlambarene Kingdom,Nile Floodplain,110,Dog Domestication,11
-545,initial,246,Barlambarene Kingdom,Nile Floodplain,111,Grinding Stones,11
-545,initial,246,Barlambarene Kingdom,Nile Floodplain,116,Charcoal Firing,11
-545,initial,246,Barlambarene Kingdom,Nile Floodplain,3,Archery,11
-540,unlock,109,New surdranagar Tribe,Indic Riverine,120,Copper Smelting,14
-536,unlock,86,Kingdom of North linzenland,Eastern Woodland,16,Construction,13
-527,unlock,145,Kingdom of New belselbelia,Mediterranean Highland,103,Bone and Antler Tools,11
-520,unlock,212,Zubarseara Kingdom,Nile Floodplain,117,Proto-writing and Administrative Notation,22
-510,initial,247,South makaene Kingdom,West Sahel,100,Cordage and Knots,19
-510,initial,247,South makaene Kingdom,West Sahel,101,Hide Working and Tailored Clothing,19
-510,initial,247,South makaene Kingdom,West Sahel,102,Hafted Stone Tools,19
-510,initial,247,South makaene Kingdom,West Sahel,103,Bone and Antler Tools,19
-510,initial,247,South makaene Kingdom,West Sahel,104,Fishing Technology,19
-510,initial,247,South makaene Kingdom,West Sahel,105,Food Preservation,19
-510,initial,247,South makaene Kingdom,West Sahel,106,Storage Pits and Containers,19
-510,initial,247,South makaene Kingdom,West Sahel,107,Seasonal Aggregation Camps,19
-510,initial,247,South makaene Kingdom,West Sahel,110,Dog Domestication,19
-510,initial,247,South makaene Kingdom,West Sahel,111,Grinding Stones,19
-510,initial,247,South makaene Kingdom,West Sahel,112,Proto-cultivation,19
-510,initial,247,South makaene Kingdom,West Sahel,113,Sedentism,19
-510,initial,247,South makaene Kingdom,West Sahel,114,Enclosures and Herd Management,19
-510,initial,247,South makaene Kingdom,West Sahel,115,Counting Tokens and Tallies,19
-510,initial,247,South makaene Kingdom,West Sahel,116,Charcoal Firing,19
-510,initial,247,South makaene Kingdom,West Sahel,3,Archery,19
-510,initial,247,South makaene Kingdom,West Sahel,6,Calendar,19
-510,initial,247,South makaene Kingdom,West Sahel,7,Wheel,19
-510,initial,247,South makaene Kingdom,West Sahel,17,Roads,19
-474,unlock,80,Llaqqorina Tribe,Andean Highland,119,Native Copper Working,13
-467,unlock,212,Zubarseara Kingdom,Nile Floodplain,17,Roads,23
-450,initial,248,South belsamum Kingdom,Fertile Crescent,100,Cordage and Knots,10
-450,initial,248,South belsamum Kingdom,Fertile Crescent,101,Hide Working and Tailored Clothing,10
-450,initial,248,South belsamum Kingdom,Fertile Crescent,102,Hafted Stone Tools,10
-450,initial,248,South belsamum Kingdom,Fertile Crescent,105,Food Preservation,10
-450,initial,248,South belsamum Kingdom,Fertile Crescent,106,Storage Pits and Containers,10
-450,initial,248,South belsamum Kingdom,Fertile Crescent,107,Seasonal Aggregation Camps,10
-450,initial,248,South belsamum Kingdom,Fertile Crescent,110,Dog Domestication,10
-450,initial,248,South belsamum Kingdom,Fertile Crescent,111,Grinding Stones,10
-450,initial,248,South belsamum Kingdom,Fertile Crescent,116,Charcoal Firing,10
-450,initial,248,South belsamum Kingdom,Fertile Crescent,3,Archery,10
-449,unlock,9,South dravisur Tribe,Indic Riverine,8,Masonry,15
-446,unlock,126,Kingdom of New nalsurmitdesh,Indic Riverine,8,Masonry,13
-443,unlock,87,Kingdom of Garsolstan,Eastern Woodland,110,Dog Domestication,12
-431,unlock,117,Kingdom of New kinviamarland,Eastern Woodland,110,Dog Domestication,9
-426,unlock,114,Kingdom of Great terlin,Western Plains,110,Dog Domestication,9
-421,unlock,117,Kingdom of New kinviamarland,Eastern Woodland,103,Bone and Antler Tools,10
-419,unlock,126,Kingdom of New nalsurmitdesh,Indic Riverine,119,Native Copper Working,14
-418,unlock,212,Zubarseara Kingdom,Nile Floodplain,109,Long-distance Exchange Networks,24
-417,unlock,85,Kingdom of Old lorlinviagrad,Eastern Woodland,110,Dog Domestication,10
-415,initial,249,South solsolgrad Kingdom,Steppe Nomadic,100,Cordage and Knots,9
-415,initial,249,South solsolgrad Kingdom,Steppe Nomadic,101,Hide Working and Tailored Clothing,9
-415,initial,249,South solsolgrad Kingdom,Steppe Nomadic,102,Hafted Stone Tools,9
-415,initial,249,South solsolgrad Kingdom,Steppe Nomadic,105,Food Preservation,9
-415,initial,249,South solsolgrad Kingdom,Steppe Nomadic,106,Storage Pits and Containers,9
-415,initial,249,South solsolgrad Kingdom,Steppe Nomadic,107,Seasonal Aggregation Camps,9
-415,initial,249,South solsolgrad Kingdom,Steppe Nomadic,110,Dog Domestication,9
-415,initial,249,South solsolgrad Kingdom,Steppe Nomadic,111,Grinding Stones,9
-415,initial,249,South solsolgrad Kingdom,Steppe Nomadic,3,Archery,9
-413,unlock,159,Suyullaqa Tribe,Andean Highland,12,Shipbuilding,25
-405,initial,250,New rannanagrad Kingdom,Western Plains,100,Cordage and Knots,8
-405,initial,250,New rannanagrad Kingdom,Western Plains,101,Hide Working and Tailored Clothing,8
-405,initial,250,New rannanagrad Kingdom,Western Plains,102,Hafted Stone Tools,8
-405,initial,250,New rannanagrad Kingdom,Western Plains,105,Food Preservation,8
-405,initial,250,New rannanagrad Kingdom,Western Plains,106,Storage Pits and Containers,8
-405,initial,250,New rannanagrad Kingdom,Western Plains,107,Seasonal Aggregation Camps,8
-405,initial,250,New rannanagrad Kingdom,Western Plains,111,Grinding Stones,8
-405,initial,250,New rannanagrad Kingdom,Western Plains,3,Archery,8
-401,unlock,23,Lixialing Tribe,East Riverine,120,Copper Smelting,14
-379,unlock,110,Kingdom of South suyullaqa,Andean Highland,110,Dog Domestication,12
-377,unlock,169,Kingdom of Old lorgaria,Eastern Woodland,103,Bone and Antler Tools,9
-375,initial,251,Great kusayaayana Kingdom,Andean Highland,100,Cordage and Knots,11
-375,initial,251,Great kusayaayana Kingdom,Andean Highland,101,Hide Working and Tailored Clothing,11
-375,initial,251,Great kusayaayana Kingdom,Andean Highland,102,Hafted Stone Tools,11
-375,initial,251,Great kusayaayana Kingdom,Andean Highland,103,Bone and Antler Tools,11
-375,initial,251,Great kusayaayana Kingdom,Andean Highland,105,Food Preservation,11
-375,initial,251,Great kusayaayana Kingdom,Andean Highland,106,Storage Pits and Containers,11
-375,initial,251,Great kusayaayana Kingdom,Andean Highland,107,Seasonal Aggregation Camps,11
-375,initial,251,Great kusayaayana Kingdom,Andean Highland,110,Dog Domestication,11
-375,initial,251,Great kusayaayana Kingdom,Andean Highland,111,Grinding Stones,11
-375,initial,251,Great kusayaayana Kingdom,Andean Highland,116,Charcoal Firing,11
-375,initial,251,Great kusayaayana Kingdom,Andean Highland,3,Archery,11
-368,unlock,119,Marran,Steppe Nomadic,116,Charcoal Firing,11
-360,initial,252,Great urninbarad Kingdom,Fertile Crescent,100,Cordage and Knots,10
-360,initial,252,Great urninbarad Kingdom,Fertile Crescent,101,Hide Working and Tailored Clothing,10
-360,initial,252,Great urninbarad Kingdom,Fertile Crescent,102,Hafted Stone Tools,10
-360,initial,252,Great urninbarad Kingdom,Fertile Crescent,105,Food Preservation,10
-360,initial,252,Great urninbarad Kingdom,Fertile Crescent,106,Storage Pits and Containers,10
-360,initial,252,Great urninbarad Kingdom,Fertile Crescent,107,Seasonal Aggregation Camps,10
-360,initial,252,Great urninbarad Kingdom,Fertile Crescent,110,Dog Domestication,10
-360,initial,252,Great urninbarad Kingdom,Fertile Crescent,111,Grinding Stones,10
-360,initial,252,Great urninbarad Kingdom,Fertile Crescent,116,Charcoal Firing,10
-360,initial,252,Great urninbarad Kingdom,Fertile Crescent,3,Archery,10
-360,initial,253,North kaltaman Kingdom,Fertile Crescent,100,Cordage and Knots,10
-360,initial,253,North kaltaman Kingdom,Fertile Crescent,101,Hide Working and Tailored Clothing,10
-360,initial,253,North kaltaman Kingdom,Fertile Crescent,102,Hafted Stone Tools,10
-360,initial,253,North kaltaman Kingdom,Fertile Crescent,105,Food Preservation,10
-360,initial,253,North kaltaman Kingdom,Fertile Crescent,106,Storage Pits and Containers,10
-360,initial,253,North kaltaman Kingdom,Fertile Crescent,107,Seasonal Aggregation Camps,10
-360,initial,253,North kaltaman Kingdom,Fertile Crescent,110,Dog Domestication,10
-360,initial,253,North kaltaman Kingdom,Fertile Crescent,111,Grinding Stones,10
-360,initial,253,North kaltaman Kingdom,Fertile Crescent,116,Charcoal Firing,10
-360,initial,253,North kaltaman Kingdom,Fertile Crescent,3,Archery,10
-359,unlock,169,Kingdom of Old lorgaria,Eastern Woodland,116,Charcoal Firing,10
-359,unlock,206,Kingdom of Old maseu,Nile Floodplain,17,Roads,21
-350,unlock,151,Empire of South ngosetan,Nile Floodplain,7,Wheel,18
-344,unlock,28,Kingdom of South urbelad,Fertile Crescent,8,Masonry,13
-343,unlock,122,Kingdom of North dorromburg,Atlantic Fringe,103,Bone and Antler Tools,13
-342,unlock,122,Kingdom of North dorromburg,Atlantic Fringe,16,Construction,14
-341,unlock,15,Kingdom of South qinzhoshan,East Riverine,9,Bronze Alloying,16
-332,unlock,38,Kingdom of New bartameshan,Fertile Crescent,8,Masonry,14
-325,initial,254,New zuzuofiu Kingdom,Nile Floodplain,100,Cordage and Knots,11
-325,initial,254,New zuzuofiu Kingdom,Nile Floodplain,101,Hide Working and Tailored Clothing,11
-325,initial,254,New zuzuofiu Kingdom,Nile Floodplain,102,Hafted Stone Tools,11
-325,initial,254,New zuzuofiu Kingdom,Nile Floodplain,103,Bone and Antler Tools,11
-325,initial,254,New zuzuofiu Kingdom,Nile Floodplain,105,Food Preservation,11
-325,initial,254,New zuzuofiu Kingdom,Nile Floodplain,106,Storage Pits and Containers,11
-325,initial,254,New zuzuofiu Kingdom,Nile Floodplain,107,Seasonal Aggregation Camps,11
-325,initial,254,New zuzuofiu Kingdom,Nile Floodplain,110,Dog Domestication,11
-325,initial,254,New zuzuofiu Kingdom,Nile Floodplain,111,Grinding Stones,11
-325,initial,254,New zuzuofiu Kingdom,Nile Floodplain,116,Charcoal Firing,11
-325,initial,254,New zuzuofiu Kingdom,Nile Floodplain,3,Archery,11
-310,unlock,69,Kingdom of South caltemmixco,Mesoamerican,29,Machinery,26
-300,unlock,9,South dravisur Tribe,Indic Riverine,9,Bronze Alloying,16
-299,unlock,80,Llaqqorina Tribe,Andean Highland,8,Masonry,14
-295,unlock,109,New surdranagar Tribe,Indic Riverine,103,Bone and Antler Tools,15
-290,initial,255,North tanchiu Kingdom,West Sahel,100,Cordage and Knots,19
-290,initial,255,North tanchiu Kingdom,West Sahel,101,Hide Working and Tailored Clothing,19
-290,initial,255,North tanchiu Kingdom,West Sahel,102,Hafted Stone Tools,19
-290,initial,255,North tanchiu Kingdom,West Sahel,103,Bone and Antler Tools,19
-290,initial,255,North tanchiu Kingdom,West Sahel,104,Fishing Technology,19
-290,initial,255,North tanchiu Kingdom,West Sahel,105,Food Preservation,19
-290,initial,255,North tanchiu Kingdom,West Sahel,106,Storage Pits and Containers,19
-290,initial,255,North tanchiu Kingdom,West Sahel,107,Seasonal Aggregation Camps,19
-290,initial,255,North tanchiu Kingdom,West Sahel,110,Dog Domestication,19
-290,initial,255,North tanchiu Kingdom,West Sahel,111,Grinding Stones,19
-290,initial,255,North tanchiu Kingdom,West Sahel,112,Proto-cultivation,19
-290,initial,255,North tanchiu Kingdom,West Sahel,113,Sedentism,19
-290,initial,255,North tanchiu Kingdom,West Sahel,114,Enclosures and Herd Management,19
-290,initial,255,North tanchiu Kingdom,West Sahel,115,Counting Tokens and Tallies,19
-290,initial,255,North tanchiu Kingdom,West Sahel,116,Charcoal Firing,19
-290,initial,255,North tanchiu Kingdom,West Sahel,3,Archery,19
-290,initial,255,North tanchiu Kingdom,West Sahel,6,Calendar,19
-290,initial,255,North tanchiu Kingdom,West Sahel,7,Wheel,19
-290,initial,255,North tanchiu Kingdom,West Sahel,17,Roads,19
-274,unlock,69,Kingdom of South caltemmixco,Mesoamerican,23,Engineering,27
-255,unlock,0,Empire of Great kanmita,Indic Riverine,38,Mechanical Clock,31
-230,initial,256,North kalbarurad Kingdom,Fertile Crescent,100,Cordage and Knots,10
-230,initial,256,North kalbarurad Kingdom,Fertile Crescent,101,Hide Working and Tailored Clothing,10
-230,initial,256,North kalbarurad Kingdom,Fertile Crescent,102,Hafted Stone Tools,10
-230,initial,256,North kalbarurad Kingdom,Fertile Crescent,105,Food Preservation,10
-230,initial,256,North kalbarurad Kingdom,Fertile Crescent,106,Storage Pits and Containers,10
-230,initial,256,North kalbarurad Kingdom,Fertile Crescent,107,Seasonal Aggregation Camps,10
-230,initial,256,North kalbarurad Kingdom,Fertile Crescent,110,Dog Domestication,10
-230,initial,256,North kalbarurad Kingdom,Fertile Crescent,111,Grinding Stones,10
-230,initial,256,North kalbarurad Kingdom,Fertile Crescent,116,Charcoal Firing,10
-230,initial,256,North kalbarurad Kingdom,Fertile Crescent,3,Archery,10
-220,initial,257,North eshururar Kingdom,Fertile Crescent,100,Cordage and Knots,10
-220,initial,257,North eshururar Kingdom,Fertile Crescent,101,Hide Working and Tailored Clothing,10
-220,initial,257,North eshururar Kingdom,Fertile Crescent,102,Hafted Stone Tools,10
-220,initial,257,North eshururar Kingdom,Fertile Crescent,105,Food Preservation,10
-220,initial,257,North eshururar Kingdom,Fertile Crescent,106,Storage Pits and Containers,10
-220,initial,257,North eshururar Kingdom,Fertile Crescent,107,Seasonal Aggregation Camps,10
-220,initial,257,North eshururar Kingdom,Fertile Crescent,110,Dog Domestication,10
-220,initial,257,North eshururar Kingdom,Fertile Crescent,111,Grinding Stones,10
-220,initial,257,North eshururar Kingdom,Fertile Crescent,116,Charcoal Firing,10
-220,initial,257,North eshururar Kingdom,Fertile Crescent,3,Archery,10
-196,unlock,102,Kingdom of South solrom,Western Plains,103,Bone and Antler Tools,9
-194,unlock,162,New barlamchiu Kingdom,Nile Floodplain,17,Roads,21
-193,unlock,84,Kingdom of South viaromland,Eastern Woodland,110,Dog Domestication,9
-187,unlock,181,Kingdom of Old ngotanara,Nile Floodplain,29,Machinery,23
-180,initial,258,North namarquigrad Kingdom,Western Plains,100,Cordage and Knots,8
-180,initial,258,North namarquigrad Kingdom,Western Plains,101,Hide Working and Tailored Clothing,8
-180,initial,258,North namarquigrad Kingdom,Western Plains,102,Hafted Stone Tools,8
-180,initial,258,North namarquigrad Kingdom,Western Plains,105,Food Preservation,8
-180,initial,258,North namarquigrad Kingdom,Western Plains,106,Storage Pits and Containers,8
-180,initial,258,North namarquigrad Kingdom,Western Plains,107,Seasonal Aggregation Camps,8
-180,initial,258,North namarquigrad Kingdom,Western Plains,111,Grinding Stones,8
-180,initial,258,North namarquigrad Kingdom,Western Plains,3,Archery,8
-179,unlock,59,Kingdom of South nortarnorland,Mediterranean Urban,9,Bronze Alloying,16
-175,unlock,140,Kingdom of South qoriayallaq,Andean Highland,119,Native Copper Working,13
-171,unlock,106,Minhanzhou,East Riverine,103,Bone and Antler Tools,11
-164,unlock,84,Kingdom of South viaromland,Eastern Woodland,116,Charcoal Firing,10
-155,initial,259,Old kusllaqtupyu Kingdom,Andean Highland,100,Cordage and Knots,11
-155,initial,259,Old kusllaqtupyu Kingdom,Andean Highland,101,Hide Working and Tailored Clothing,11
-155,initial,259,Old kusllaqtupyu Kingdom,Andean Highland,102,Hafted Stone Tools,11
-155,initial,259,Old kusllaqtupyu Kingdom,Andean Highland,103,Bone and Antler Tools,11
-155,initial,259,Old kusllaqtupyu Kingdom,Andean Highland,105,Food Preservation,11
-155,initial,259,Old kusllaqtupyu Kingdom,Andean Highland,106,Storage Pits and Containers,11
-155,initial,259,Old kusllaqtupyu Kingdom,Andean Highland,107,Seasonal Aggregation Camps,11
-155,initial,259,Old kusllaqtupyu Kingdom,Andean Highland,110,Dog Domestication,11
-155,initial,259,Old kusllaqtupyu Kingdom,Andean Highland,111,Grinding Stones,11
-155,initial,259,Old kusllaqtupyu Kingdom,Andean Highland,116,Charcoal Firing,11
-155,initial,259,Old kusllaqtupyu Kingdom,Andean Highland,3,Archery,11
-150,unlock,109,New surdranagar Tribe,Indic Riverine,9,Bronze Alloying,16
-150,unlock,212,Zubarseara Kingdom,Nile Floodplain,5,Sailing,25
-150,initial,260,South suyullaqsuyu Kingdom,Andean Highland,100,Cordage and Knots,10
-150,initial,260,South suyullaqsuyu Kingdom,Andean Highland,101,Hide Working and Tailored Clothing,10
-150,initial,260,South suyullaqsuyu Kingdom,Andean Highland,102,Hafted Stone Tools,10
-150,initial,260,South suyullaqsuyu Kingdom,Andean Highland,105,Food Preservation,10
-150,initial,260,South suyullaqsuyu Kingdom,Andean Highland,106,Storage Pits and Containers,10
-150,initial,260,South suyullaqsuyu Kingdom,Andean Highland,107,Seasonal Aggregation Camps,10
-150,initial,260,South suyullaqsuyu Kingdom,Andean Highland,111,Grinding Stones,10
-150,initial,260,South suyullaqsuyu Kingdom,Andean Highland,116,Charcoal Firing,10
-150,initial,260,South suyullaqsuyu Kingdom,Andean Highland,4,Mining,10
-150,initial,260,South suyullaqsuyu Kingdom,Andean Highland,3,Archery,10
-140,initial,261,New arbarum Kingdom,Fertile Crescent,100,Cordage and Knots,10
-140,initial,261,New arbarum Kingdom,Fertile Crescent,101,Hide Working and Tailored Clothing,10
-140,initial,261,New arbarum Kingdom,Fertile Crescent,102,Hafted Stone Tools,10
-140,initial,261,New arbarum Kingdom,Fertile Crescent,105,Food Preservation,10
-140,initial,261,New arbarum Kingdom,Fertile Crescent,106,Storage Pits and Containers,10
-140,initial,261,New arbarum Kingdom,Fertile Crescent,107,Seasonal Aggregation Camps,10
-140,initial,261,New arbarum Kingdom,Fertile Crescent,110,Dog Domestication,10
-140,initial,261,New arbarum Kingdom,Fertile Crescent,111,Grinding Stones,10
-140,initial,261,New arbarum Kingdom,Fertile Crescent,116,Charcoal Firing,10
-140,initial,261,New arbarum Kingdom,Fertile Crescent,3,Archery,10
-131,unlock,113,Kingdom of North xialili,East Riverine,4,Mining,11
-123,unlock,197,Great calmixtolan Kingdom,Mesoamerican,4,Mining,10
-117,unlock,146,North solromlingrad Tribe,Steppe Nomadic,4,Mining,10
-113,unlock,140,Kingdom of South qoriayallaq,Andean Highland,110,Dog Domestication,14
-110,unlock,133,Kingdom of New mitvinalnagar,Indic Riverine,103,Bone and Antler Tools,11
-105,unlock,212,Zubarseara Kingdom,Nile Floodplain,29,Machinery,26
-105,initial,262,North kazuma Kingdom,Nile Floodplain,100,Cordage and Knots,11
-105,initial,262,North kazuma Kingdom,Nile Floodplain,101,Hide Working and Tailored Clothing,11
-105,initial,262,North kazuma Kingdom,Nile Floodplain,102,Hafted Stone Tools,11
-105,initial,262,North kazuma Kingdom,Nile Floodplain,103,Bone and Antler Tools,11
-105,initial,262,North kazuma Kingdom,Nile Floodplain,105,Food Preservation,11
-105,initial,262,North kazuma Kingdom,Nile Floodplain,106,Storage Pits and Containers,11
-105,initial,262,North kazuma Kingdom,Nile Floodplain,107,Seasonal Aggregation Camps,11
-105,initial,262,North kazuma Kingdom,Nile Floodplain,110,Dog Domestication,11
-105,initial,262,North kazuma Kingdom,Nile Floodplain,111,Grinding Stones,11
-105,initial,262,North kazuma Kingdom,Nile Floodplain,116,Charcoal Firing,11
-105,initial,262,North kazuma Kingdom,Nile Floodplain,3,Archery,11
-96,unlock,60,Kingdom of New romkarkaria,Central Plain,103,Bone and Antler Tools,13
-82,unlock,115,Kingdom of New intiayatup,Andean Highland,103,Bone and Antler Tools,12
-69,unlock,114,Kingdom of Great terlin,Western Plains,116,Charcoal Firing,10
-65,unlock,72,Kingdom of Old mixcalteoco,Mesoamerican,29,Machinery,27
-58,unlock,18,North linqinzhoshan,East Riverine,103,Bone and Antler Tools,11
-55,unlock,72,Kingdom of Old mixcalteoco,Mesoamerican,23,Engineering,28
-55,initial,263,New qorillaq Kingdom,Andean Highland,100,Cordage and Knots,11
-55,initial,263,New qorillaq Kingdom,Andean Highland,101,Hide Working and Tailored Clothing,11
-55,initial,263,New qorillaq Kingdom,Andean Highland,102,Hafted Stone Tools,11
-55,initial,263,New qorillaq Kingdom,Andean Highland,103,Bone and Antler Tools,11
-55,initial,263,New qorillaq Kingdom,Andean Highland,105,Food Preservation,11
-55,initial,263,New qorillaq Kingdom,Andean Highland,106,Storage Pits and Containers,11
-55,initial,263,New qorillaq Kingdom,Andean Highland,107,Seasonal Aggregation Camps,11
-55,initial,263,New qorillaq Kingdom,Andean Highland,110,Dog Domestication,11
-55,initial,263,New qorillaq Kingdom,Andean Highland,111,Grinding Stones,11
-55,initial,263,New qorillaq Kingdom,Andean Highland,116,Charcoal Firing,11
-55,initial,263,New qorillaq Kingdom,Andean Highland,3,Archery,11
-50,initial,264,South sumsuyua Kingdom,Andean Highland,100,Cordage and Knots,10
-50,initial,264,South sumsuyua Kingdom,Andean Highland,101,Hide Working and Tailored Clothing,10
-50,initial,264,South sumsuyua Kingdom,Andean Highland,102,Hafted Stone Tools,10
-50,initial,264,South sumsuyua Kingdom,Andean Highland,105,Food Preservation,10
-50,initial,264,South sumsuyua Kingdom,Andean Highland,106,Storage Pits and Containers,10
-50,initial,264,South sumsuyua Kingdom,Andean Highland,107,Seasonal Aggregation Camps,10
-50,initial,264,South sumsuyua Kingdom,Andean Highland,111,Grinding Stones,10
-50,initial,264,South sumsuyua Kingdom,Andean Highland,116,Charcoal Firing,10
-50,initial,264,South sumsuyua Kingdom,Andean Highland,4,Mining,10
-50,initial,264,South sumsuyua Kingdom,Andean Highland,3,Archery,10
-40,initial,265,Hivakirinuimoa Kingdom,Oceanic Navigators,100,Cordage and Knots,7
-40,initial,265,Hivakirinuimoa Kingdom,Oceanic Navigators,101,Hide Working and Tailored Clothing,7
-40,initial,265,Hivakirinuimoa Kingdom,Oceanic Navigators,102,Hafted Stone Tools,7
-40,initial,265,Hivakirinuimoa Kingdom,Oceanic Navigators,105,Food Preservation,7
-40,initial,265,Hivakirinuimoa Kingdom,Oceanic Navigators,106,Storage Pits and Containers,7
-40,initial,265,Hivakirinuimoa Kingdom,Oceanic Navigators,107,Seasonal Aggregation Camps,7
-40,initial,265,Hivakirinuimoa Kingdom,Oceanic Navigators,3,Archery,7
-36,unlock,0,Empire of Great kanmita,Indic Riverine,49,Scientific Method,32
-20,initial,266,South ashninum Tribe,Fertile Crescent,100,Cordage and Knots,14
-20,initial,266,South ashninum Tribe,Fertile Crescent,101,Hide Working and Tailored Clothing,14
-20,initial,266,South ashninum Tribe,Fertile Crescent,102,Hafted Stone Tools,14
-20,initial,266,South ashninum Tribe,Fertile Crescent,103,Bone and Antler Tools,14
-20,initial,266,South ashninum Tribe,Fertile Crescent,105,Food Preservation,14
-20,initial,266,South ashninum Tribe,Fertile Crescent,106,Storage Pits and Containers,14
-20,initial,266,South ashninum Tribe,Fertile Crescent,107,Seasonal Aggregation Camps,14
-20,initial,266,South ashninum Tribe,Fertile Crescent,110,Dog Domestication,14
-20,initial,266,South ashninum Tribe,Fertile Crescent,111,Grinding Stones,14
-20,initial,266,South ashninum Tribe,Fertile Crescent,116,Charcoal Firing,14
-20,initial,266,South ashninum Tribe,Fertile Crescent,119,Native Copper Working,14
-20,initial,266,South ashninum Tribe,Fertile Crescent,4,Mining,14
-20,initial,266,South ashninum Tribe,Fertile Crescent,3,Archery,14
-20,initial,266,South ashninum Tribe,Fertile Crescent,8,Masonry,14
8,unlock,123,Kingdom of Great garlorland,Western Plains,110,Dog Domestication,11
10,initial,267,New garterstan Kingdom,Western Plains,100,Cordage and Knots,8
10,initial,267,New garterstan Kingdom,Western Plains,101,Hide Working and Tailored Clothing,8
10,initial,267,New garterstan Kingdom,Western Plains,102,Hafted Stone Tools,8
10,initial,267,New garterstan Kingdom,Western Plains,105,Food Preservation,8
10,initial,267,New garterstan Kingdom,Western Plains,106,Storage Pits and Containers,8
10,initial,267,New garterstan Kingdom,Western Plains,107,Seasonal Aggregation Camps,8
10,initial,267,New garterstan Kingdom,Western Plains,111,Grinding Stones,8
10,initial,267,New garterstan Kingdom,Western Plains,3,Archery,8
16,unlock,17,Empire of Liweiminzhou,East Riverine,23,Engineering,12
21,unlock,65,Kingdom of Great temitzco,Mesoamerican,23,Engineering,26
27,unlock,9,Kingdom of Great tantan,Indic Riverine,42,Metallurgy,17
31,unlock,33,Kingdom of North belkalan,Fertile Crescent,16,Construction,15
31,unlock,212,Zubarseara Kingdom,Nile Floodplain,12,Shipbuilding,27
39,unlock,35,New kalbelad Tribe,Fertile Crescent,16,Construction,16
46,unlock,141,North xiaminzhoshan Tribe,East Riverine,103,Bone and Antler Tools,11
47,unlock,151,Empire of South ngosetan,Nile Floodplain,117,Proto-writing and Administrative Notation,19
56,unlock,24,Kingdom of New xiarenshan,East Riverine,8,Masonry,12
57,unlock,157,Kingdom of North norromburg,Atlantic Fringe,4,Mining,10
63,unlock,65,Kingdom of Great temitzco,Mesoamerican,29,Machinery,27
65,initial,268,Pachrumna Kingdom,Andean Highland,100,Cordage and Knots,11
65,initial,268,Pachrumna Kingdom,Andean Highland,101,Hide Working and Tailored Clothing,11
65,initial,268,Pachrumna Kingdom,Andean Highland,102,Hafted Stone Tools,11
65,initial,268,Pachrumna Kingdom,Andean Highland,103,Bone and Antler Tools,11
65,initial,268,Pachrumna Kingdom,Andean Highland,105,Food Preservation,11
65,initial,268,Pachrumna Kingdom,Andean Highland,106,Storage Pits and Containers,11
65,initial,268,Pachrumna Kingdom,Andean Highland,107,Seasonal Aggregation Camps,11
65,initial,268,Pachrumna Kingdom,Andean Highland,110,Dog Domestication,11
65,initial,268,Pachrumna Kingdom,Andean Highland,111,Grinding Stones,11
65,initial,268,Pachrumna Kingdom,Andean Highland,116,Charcoal Firing,11
65,initial,268,Pachrumna Kingdom,Andean Highland,3,Archery,11
65,initial,269,New qorisuyusuyua Kingdom,Andean Highland,100,Cordage and Knots,11
65,initial,269,New qorisuyusuyua Kingdom,Andean Highland,101,Hide Working and Tailored Clothing,11
65,initial,269,New qorisuyusuyua Kingdom,Andean Highland,102,Hafted Stone Tools,11
65,initial,269,New qorisuyusuyua Kingdom,Andean Highland,103,Bone and Antler Tools,11
65,initial,269,New qorisuyusuyua Kingdom,Andean Highland,105,Food Preservation,11
65,initial,269,New qorisuyusuyua Kingdom,Andean Highland,106,Storage Pits and Containers,11
65,initial,269,New qorisuyusuyua Kingdom,Andean Highland,107,Seasonal Aggregation Camps,11
65,initial,269,New qorisuyusuyua Kingdom,Andean Highland,110,Dog Domestication,11
65,initial,269,New qorisuyusuyua Kingdom,Andean Highland,111,Grinding Stones,11
65,initial,269,New qorisuyusuyua Kingdom,Andean Highland,116,Charcoal Firing,11
65,initial,269,New qorisuyusuyua Kingdom,Andean Highland,3,Archery,11
68,unlock,151,Empire of South ngosetan Kingdom,Nile Floodplain,104,Fishing Technology,20
85,unlock,9,Kingdom of Great tantan,Indic Riverine,16,Construction,18
95,unlock,125,Great xiahanlinguo Tribe,East Riverine,120,Copper Smelting,13
100,unlock,206,Kingdom of South tanmamau,Nile Floodplain,117,Proto-writing and Administrative Notation,22
100,initial,270,Great ranlinteria Kingdom,Western Plains,100,Cordage and Knots,8
100,initial,270,Great ranlinteria Kingdom,Western Plains,101,Hide Working and Tailored Clothing,8
100,initial,270,Great ranlinteria Kingdom,Western Plains,102,Hafted Stone Tools,8
100,initial,270,Great ranlinteria Kingdom,Western Plains,105,Food Preservation,8
100,initial,270,Great ranlinteria Kingdom,Western Plains,106,Storage Pits and Containers,8
100,initial,270,Great ranlinteria Kingdom,Western Plains,107,Seasonal Aggregation Camps,8
100,initial,270,Great ranlinteria Kingdom,Western Plains,111,Grinding Stones,8
100,initial,270,Great ranlinteria Kingdom,Western Plains,3,Archery,8
101,unlock,159,Suyullaqa Tribe,Andean Highland,23,Engineering,26
104,unlock,134,Kingdom of South karbeldor,Atlantic Fringe,110,Dog Domestication,11
107,unlock,131,Kingdom of Great zhozho,East Riverine,103,Bone and Antler Tools,11
115,initial,271,Great machiu Kingdom,Nile Floodplain,100,Cordage and Knots,11
115,initial,271,Great machiu Kingdom,Nile Floodplain,101,Hide Working and Tailored Clothing,11
115,initial,271,Great machiu Kingdom,Nile Floodplain,102,Hafted Stone Tools,11
115,initial,271,Great machiu Kingdom,Nile Floodplain,103,Bone and Antler Tools,11
115,initial,271,Great machiu Kingdom,Nile Floodplain,105,Food Preservation,11
115,initial,271,Great machiu Kingdom,Nile Floodplain,106,Storage Pits and Containers,11
115,initial,271,Great machiu Kingdom,Nile Floodplain,107,Seasonal Aggregation Camps,11
115,initial,271,Great machiu Kingdom,Nile Floodplain,110,Dog Domestication,11
115,initial,271,Great machiu Kingdom,Nile Floodplain,111,Grinding Stones,11
115,initial,271,Great machiu Kingdom,Nile Floodplain,116,Charcoal Firing,11
115,initial,271,Great machiu Kingdom,Nile Floodplain,3,Archery,11
119,unlock,75,Kingdom of Pachintina,Andean Highland,8,Masonry,11
119,unlock,140,Kingdom of South qoriayallaq,Andean Highland,16,Construction,15
131,unlock,151,Empire of South ngosetan Kingdom,Nile Floodplain,103,Bone and Antler Tools,21
136,unlock,200,Kingdom of Ngozumau,Nile Floodplain,17,Roads,21
139,unlock,78,Kingdom of Qoriayatup,Andean Highland,103,Bone and Antler Tools,11
155,initial,272,Great tamurad Kingdom,Fertile Crescent,100,Cordage and Knots,10
155,initial,272,Great tamurad Kingdom,Fertile Crescent,101,Hide Working and Tailored Clothing,10
155,initial,272,Great tamurad Kingdom,Fertile Crescent,102,Hafted Stone Tools,10
155,initial,272,Great tamurad Kingdom,Fertile Crescent,105,Food Preservation,10
155,initial,272,Great tamurad Kingdom,Fertile Crescent,106,Storage Pits and Containers,10
155,initial,272,Great tamurad Kingdom,Fertile Crescent,107,Seasonal Aggregation Camps,10
155,initial,272,Great tamurad Kingdom,Fertile Crescent,110,Dog Domestication,10
155,initial,272,Great tamurad Kingdom,Fertile Crescent,111,Grinding Stones,10
155,initial,272,Great tamurad Kingdom,Fertile Crescent,116,Charcoal Firing,10
155,initial,272,Great tamurad Kingdom,Fertile Crescent,3,Archery,10
165,initial,273,Kuskusna Kingdom,Andean Highland,100,Cordage and Knots,11
165,initial,273,Kuskusna Kingdom,Andean Highland,101,Hide Working and Tailored Clothing,11
165,initial,273,Kuskusna Kingdom,Andean Highland,102,Hafted Stone Tools,11
165,initial,273,Kuskusna Kingdom,Andean Highland,103,Bone and Antler Tools,11
165,initial,273,Kuskusna Kingdom,Andean Highland,105,Food Preservation,11
165,initial,273,Kuskusna Kingdom,Andean Highland,106,Storage Pits and Containers,11
165,initial,273,Kuskusna Kingdom,Andean Highland,107,Seasonal Aggregation Camps,11
165,initial,273,Kuskusna Kingdom,Andean Highland,110,Dog Domestication,11
165,initial,273,Kuskusna Kingdom,Andean Highland,111,Grinding Stones,11
165,initial,273,Kuskusna Kingdom,Andean Highland,116,Charcoal Firing,11
165,initial,273,Kuskusna Kingdom,Andean Highland,3,Archery,11
165,initial,274,North ofilama Kingdom,Nile Floodplain,100,Cordage and Knots,20
165,initial,274,North ofilama Kingdom,Nile Floodplain,101,Hide Working and Tailored Clothing,20
165,initial,274,North ofilama Kingdom,Nile Floodplain,102,Hafted Stone Tools,20
165,initial,274,North ofilama Kingdom,Nile Floodplain,103,Bone and Antler Tools,20
165,initial,274,North ofilama Kingdom,Nile Floodplain,104,Fishing Technology,20
165,initial,274,North ofilama Kingdom,Nile Floodplain,105,Food Preservation,20
165,initial,274,North ofilama Kingdom,Nile Floodplain,106,Storage Pits and Containers,20
165,initial,274,North ofilama Kingdom,Nile Floodplain,107,Seasonal Aggregation Camps,20
165,initial,274,North ofilama Kingdom,Nile Floodplain,110,Dog Domestication,20
165,initial,274,North ofilama Kingdom,Nile Floodplain,111,Grinding Stones,20
165,initial,274,North ofilama Kingdom,Nile Floodplain,112,Proto-cultivation,20
165,initial,274,North ofilama Kingdom,Nile Floodplain,113,Sedentism,20
165,initial,274,North ofilama Kingdom,Nile Floodplain,114,Enclosures and Herd Management,20
165,initial,274,North ofilama Kingdom,Nile Floodplain,115,Counting Tokens and Tallies,20
165,initial,274,North ofilama Kingdom,Nile Floodplain,116,Charcoal Firing,20
165,initial,274,North ofilama Kingdom,Nile Floodplain,20,Agriculture,20
165,initial,274,North ofilama Kingdom,Nile Floodplain,3,Archery,20
165,initial,274,North ofilama Kingdom,Nile Floodplain,6,Calendar,20
165,initial,274,North ofilama Kingdom,Nile Floodplain,7,Wheel,20
165,initial,274,North ofilama Kingdom,Nile Floodplain,10,Irrigation,20
165,initial,275,South solvialand Kingdom,Western Plains,100,Cordage and Knots,8
165,initial,275,South solvialand Kingdom,Western Plains,101,Hide Working and Tailored Clothing,8
165,initial,275,South solvialand Kingdom,Western Plains,102,Hafted Stone Tools,8
165,initial,275,South solvialand Kingdom,Western Plains,105,Food Preservation,8
165,initial,275,South solvialand Kingdom,Western Plains,106,Storage Pits and Containers,8
165,initial,275,South solvialand Kingdom,Western Plains,107,Seasonal Aggregation Camps,8
165,initial,275,South solvialand Kingdom,Western Plains,111,Grinding Stones,8
165,initial,275,South solvialand Kingdom,Western Plains,3,Archery,8
178,unlock,9,Kingdom of Great tantan,Indic Riverine,13,Iron Working,19
178,unlock,15,Kingdom of South qinzhoshan,East Riverine,13,Iron Working,17
182,unlock,61,Kingdom of Old beltaria,Central Plain,8,Masonry,12
198,unlock,190,Old barse Kingdom,Nile Floodplain,17,Roads,21
200,unlock,126,Kingdom of New nalsurmitdesh,Indic Riverine,120,Copper Smelting,15
205,unlock,26,Kingdom of Great minliqin,East Riverine,23,Engineering,12
205,unlock,38,Kingdom of New bartameshan,Fertile Crescent,16,Construction,15
209,unlock,137,Kingdom of South ashsamad,Fertile Crescent,103,Bone and Antler Tools,11
213,unlock,5,Kingdom of New mitsura,Indic Riverine,38,Mechanical Clock,28
213,unlock,12,Kingdom of Great tanmitvara,Indic Riverine,38,Mechanical Clock,29
219,unlock,48,Kingdom of New ofibarara,Nile Floodplain,29,Machinery,23
223,unlock,157,Kingdom of North norromburg,Atlantic Fringe,103,Bone and Antler Tools,11
242,unlock,75,Kingdom of Great tupsuyullaqmarca,Andean Highland,103,Bone and Antler Tools,12
242,unlock,109,New surdranagar Tribe,Indic Riverine,13,Iron Working,17
242,unlock,151,Empire of South ngosetan Kingdom,Nile Floodplain,17,Roads,22
247,unlock,59,Kingdom of South nortarnorland,Mediterranean Urban,13,Iron Working,17
250,unlock,2,Kingdom of Surmitnagar,Indic Riverine,38,Mechanical Clock,31
254,unlock,23,Lixialing Tribe,East Riverine,9,Bronze Alloying,15
259,unlock,206,Kingdom of South tanmamau,Nile Floodplain,29,Machinery,23
268,unlock,117,Kingdom of New kinviamarland,Eastern Woodland,116,Charcoal Firing,11
275,initial,276,South dussol Kingdom,Western Plains,100,Cordage and Knots,8
275,initial,276,South dussol Kingdom,Western Plains,101,Hide Working and Tailored Clothing,8
275,initial,276,South dussol Kingdom,Western Plains,102,Hafted Stone Tools,8
275,initial,276,South dussol Kingdom,Western Plains,105,Food Preservation,8
275,initial,276,South dussol Kingdom,Western Plains,106,Storage Pits and Containers,8
275,initial,276,South dussol Kingdom,Western Plains,107,Seasonal Aggregation Camps,8
275,initial,276,South dussol Kingdom,Western Plains,111,Grinding Stones,8
275,initial,276,South dussol Kingdom,Western Plains,3,Archery,8
280,unlock,67,Kingdom of Great xocmixyuctan,Mesoamerican,29,Machinery,26
285,initial,277,South tupsumtup Kingdom,Andean Highland,100,Cordage and Knots,11
285,initial,277,South tupsumtup Kingdom,Andean Highland,101,Hide Working and Tailored Clothing,11
285,initial,277,South tupsumtup Kingdom,Andean Highland,102,Hafted Stone Tools,11
285,initial,277,South tupsumtup Kingdom,Andean Highland,103,Bone and Antler Tools,11
285,initial,277,South tupsumtup Kingdom,Andean Highland,105,Food Preservation,11
285,initial,277,South tupsumtup Kingdom,Andean Highland,106,Storage Pits and Containers,11
285,initial,277,South tupsumtup Kingdom,Andean Highland,107,Seasonal Aggregation Camps,11
285,initial,277,South tupsumtup Kingdom,Andean Highland,110,Dog Domestication,11
285,initial,277,South tupsumtup Kingdom,Andean Highland,111,Grinding Stones,11
285,initial,277,South tupsumtup Kingdom,Andean Highland,116,Charcoal Firing,11
285,initial,277,South tupsumtup Kingdom,Andean Highland,3,Archery,11
285,initial,278,New llaqayamarca Kingdom,Andean Highland,100,Cordage and Knots,11
285,initial,278,New llaqayamarca Kingdom,Andean Highland,101,Hide Working and Tailored Clothing,11
285,initial,278,New llaqayamarca Kingdom,Andean Highland,102,Hafted Stone Tools,11
285,initial,278,New llaqayamarca Kingdom,Andean Highland,103,Bone and Antler Tools,11
285,initial,278,New llaqayamarca Kingdom,Andean Highland,105,Food Preservation,11
285,initial,278,New llaqayamarca Kingdom,Andean Highland,106,Storage Pits and Containers,11
285,initial,278,New llaqayamarca Kingdom,Andean Highland,107,Seasonal Aggregation Camps,11
285,initial,278,New llaqayamarca Kingdom,Andean Highland,110,Dog Domestication,11
285,initial,278,New llaqayamarca Kingdom,Andean Highland,111,Grinding Stones,11
285,initial,278,New llaqayamarca Kingdom,Andean Highland,116,Charcoal Firing,11
285,initial,278,New llaqayamarca Kingdom,Andean Highland,3,Archery,11
292,unlock,86,Kingdom of North linzenland,Eastern Woodland,103,Bone and Antler Tools,14
300,unlock,14,Kingdom of New minminguo,East Riverine,103,Bone and Antler Tools,11
312,unlock,17,Empire of Liweiminzhou,East Riverine,29,Machinery,13
316,unlock,159,Suyullaqa Tribe,Andean Highland,29,Machinery,27
317,unlock,60,Kingdom of New romkarkaria,Central Plain,119,Native Copper Working,14
320,initial,279,Old viamarstan Tribe,Western Plains,100,Cordage and Knots,8
320,initial,279,Old viamarstan Tribe,Western Plains,101,Hide Working and Tailored Clothing,8
320,initial,279,Old viamarstan Tribe,Western Plains,102,Hafted Stone Tools,8
320,initial,279,Old viamarstan Tribe,Western Plains,105,Food Preservation,8
320,initial,279,Old viamarstan Tribe,Western Plains,106,Storage Pits and Containers,8
320,initial,279,Old viamarstan Tribe,Western Plains,107,Seasonal Aggregation Camps,8
320,initial,279,Old viamarstan Tribe,Western Plains,111,Grinding Stones,8
320,initial,279,Old viamarstan Tribe,Western Plains,3,Archery,8
324,unlock,100,Nalorstan,Caribbean Seafaring,103,Bone and Antler Tools,8
329,unlock,110,Kingdom of Old pachllaqna,Andean Highland,119,Native Copper Working,13
344,unlock,68,Kingdom of New calcal,Mesoamerican,29,Machinery,26
346,unlock,23,Lixialing Tribe,East Riverine,8,Masonry,16
362,unlock,68,Kingdom of New calcal,Mesoamerican,23,Engineering,27
362,unlock,75,Kingdom of Great tupsuyullaqmarca,Andean Highland,110,Dog Domestication,13
368,unlock,98,Kingdom of Old nuihanahivaua,Oceanic Navigators,111,Grinding Stones,10
373,unlock,105,Kingdom of Ashuran,Fertile Crescent,103,Bone and Antler Tools,11
375,unlock,126,Kingdom of New nalsurmitdesh,Indic Riverine,16,Construction,16
376,unlock,16,Kingdom of Old lililing,East Riverine,23,Engineering,12
379,unlock,44,Kingdom of South marzengarstan,Monsoon Coastal,12,Shipbuilding,14
381,unlock,118,Kingdom of Great tolnahtemco,Mesoamerican,29,Machinery,26
385,initial,280,Sumintillaqmarca Kingdom,Andean Highland,100,Cordage and Knots,11
385,initial,280,Sumintillaqmarca Kingdom,Andean Highland,101,Hide Working and Tailored Clothing,11
385,initial,280,Sumintillaqmarca Kingdom,Andean Highland,102,Hafted Stone Tools,11
385,initial,280,Sumintillaqmarca Kingdom,Andean Highland,103,Bone and Antler Tools,11
385,initial,280,Sumintillaqmarca Kingdom,Andean Highland,105,Food Preservation,11
385,initial,280,Sumintillaqmarca Kingdom,Andean Highland,106,Storage Pits and Containers,11
385,initial,280,Sumintillaqmarca Kingdom,Andean Highland,107,Seasonal Aggregation Camps,11
385,initial,280,Sumintillaqmarca Kingdom,Andean Highland,110,Dog Domestication,11
385,initial,280,Sumintillaqmarca Kingdom,Andean Highland,111,Grinding Stones,11
385,initial,280,Sumintillaqmarca Kingdom,Andean Highland,116,Charcoal Firing,11
385,initial,280,Sumintillaqmarca Kingdom,Andean Highland,3,Archery,11
388,unlock,102,Kingdom of South solrom,Western Plains,116,Charcoal Firing,10
397,unlock,66,Kingdom of Tolyuc,Mesoamerican,29,Machinery,26
402,unlock,125,Great xiahanlinguo Tribe,East Riverine,8,Masonry,14
403,unlock,156,Kingdom of Old ashkaltamad,Fertile Crescent,103,Bone and Antler Tools,11
405,initial,281,Old ayaayana Kingdom,Andean Highland,100,Cordage and Knots,10
405,initial,281,Old ayaayana Kingdom,Andean Highland,101,Hide Working and Tailored Clothing,10
405,initial,281,Old ayaayana Kingdom,Andean Highland,102,Hafted Stone Tools,10
405,initial,281,Old ayaayana Kingdom,Andean Highland,105,Food Preservation,10
405,initial,281,Old ayaayana Kingdom,Andean Highland,106,Storage Pits and Containers,10
405,initial,281,Old ayaayana Kingdom,Andean Highland,107,Seasonal Aggregation Camps,10
405,initial,281,Old ayaayana Kingdom,Andean Highland,110,Dog Domestication,10
405,initial,281,Old ayaayana Kingdom,Andean Highland,111,Grinding Stones,10
405,initial,281,Old ayaayana Kingdom,Andean Highland,116,Charcoal Firing,10
405,initial,281,Old ayaayana Kingdom,Andean Highland,3,Archery,10
428,unlock,59,Kingdom of Old belromum,Mediterranean Urban,16,Construction,18
429,unlock,129,Kingdom of South soldus,Western Plains,110,Dog Domestication,9
430,unlock,87,Kingdom of Marlinlorland,Eastern Woodland,116,Charcoal Firing,13
437,unlock,115,Kingdom of New intiayatup,Andean Highland,8,Masonry,13
444,unlock,113,Kingdom of North xialili,East Riverine,8,Masonry,12
450,unlock,126,Kingdom of New nalsurmitdesh,Indic Riverine,9,Bronze Alloying,17
454,unlock,139,Kingdom of Old tuprum,Andean Highland,110,Dog Domestication,12
464,unlock,118,Kingdom of Great tolnahtemco,Mesoamerican,23,Engineering,27
474,unlock,2,Kingdom of Surmitnagar,Indic Riverine,49,Scientific Method,32
475,unlock,15,Kingdom of South qinzhoshan,East Riverine,16,Construction,18
484,unlock,5,Kingdom of New mitsura,Indic Riverine,49,Scientific Method,29
491,unlock,190,Kingdom of South chisebarara,Nile Floodplain,117,Proto-writing and Administrative Notation,22
495,initial,282,Great narommargrad Kingdom,Western Plains,100,Cordage and Knots,8
495,initial,282,Great narommargrad Kingdom,Western Plains,101,Hide Working and Tailored Clothing,8
495,initial,282,Great narommargrad Kingdom,Western Plains,102,Hafted Stone Tools,8
495,initial,282,Great narommargrad Kingdom,Western Plains,105,Food Preservation,8
495,initial,282,Great narommargrad Kingdom,Western Plains,106,Storage Pits and Containers,8
495,initial,282,Great narommargrad Kingdom,Western Plains,107,Seasonal Aggregation Camps,8
495,initial,282,Great narommargrad Kingdom,Western Plains,111,Grinding Stones,8
495,initial,282,Great narommargrad Kingdom,Western Plains,3,Archery,8
507,unlock,12,Kingdom of Great tanmitvara,Indic Riverine,49,Scientific Method,30
513,unlock,15,Kingdom of South qinzhoshan,East Riverine,51,Steam Engine,19
513,unlock,71,Kingdom of North itzcaltan,Mesoamerican,29,Machinery,26
516,unlock,18,Liweiqinguo,East Riverine,23,Engineering,12
520,unlock,52,Empire of South zumaara Kingdom,West Sahel,38,Mechanical Clock,29
526,unlock,196,Kingdom of Great kuskusmarca,Andean Highland,119,Native Copper Working,12
528,unlock,34,Kingdom of Great urninar,Fertile Crescent,16,Construction,15
544,unlock,195,Llaqpacha Kingdom,Andean Highland,8,Masonry,11
545,unlock,61,Kingdom of Venromnorum,Central Plain,119,Native Copper Working,13
546,unlock,109,New surdranagar Tribe,Indic Riverine,16,Construction,18
548,unlock,13,Kingdom of South kantantannagar,Indic Riverine,29,Machinery,12
550,unlock,62,Kingdom of Dorselum,Atlantic Fringe,119,Native Copper Working,14
565,unlock,120,Kingdom of North venromrom,Mediterranean Urban,103,Bone and Antler Tools,11
592,unlock,9,Kingdom of Great tantan,Indic Riverine,25,Metal Casting,20
593,unlock,78,Kingdom of Old sumllaqsumna,Andean Highland,119,Native Copper Working,12
615,unlock,78,Kingdom of Old sumllaqsumna,Andean Highland,8,Masonry,13
623,unlock,274,North ofilama Kingdom,Nile Floodplain,17,Roads,21
627,unlock,70,Kingdom of Xocteochi,Mesoamerican,103,Bone and Antler Tools,11
629,unlock,151,Empire of South ngosetan Kingdom,Nile Floodplain,118,Numeracy and Measurement,23
630,initial,283,North suyusuyuayamarca Kingdom,Andean Highland,100,Cordage and Knots,11
630,initial,283,North suyusuyuayamarca Kingdom,Andean Highland,101,Hide Working and Tailored Clothing,11
630,initial,283,North suyusuyuayamarca Kingdom,Andean Highland,102,Hafted Stone Tools,11
630,initial,283,North suyusuyuayamarca Kingdom,Andean Highland,103,Bone and Antler Tools,11
630,initial,283,North suyusuyuayamarca Kingdom,Andean Highland,105,Food Preservation,11
630,initial,283,North suyusuyuayamarca Kingdom,Andean Highland,106,Storage Pits and Containers,11
630,initial,283,North suyusuyuayamarca Kingdom,Andean Highland,107,Seasonal Aggregation Camps,11
630,initial,283,North suyusuyuayamarca Kingdom,Andean Highland,110,Dog Domestication,11
630,initial,283,North suyusuyuayamarca Kingdom,Andean Highland,111,Grinding Stones,11
630,initial,283,North suyusuyuayamarca Kingdom,Andean Highland,116,Charcoal Firing,11
630,initial,283,North suyusuyuayamarca Kingdom,Andean Highland,3,Archery,11
643,unlock,28,Kingdom of Great tambelan,Fertile Crescent,16,Construction,14
643,unlock,79,Suyusum Tribe,Andean Highland,119,Native Copper Working,13
651,unlock,88,Kingdom of Old garromdus,Eastern Woodland,110,Dog Domestication,10
660,initial,284,Nuitanui Kingdom,Oceanic Navigators,100,Cordage and Knots,7
660,initial,284,Nuitanui Kingdom,Oceanic Navigators,101,Hide Working and Tailored Clothing,7
660,initial,284,Nuitanui Kingdom,Oceanic Navigators,102,Hafted Stone Tools,7
660,initial,284,Nuitanui Kingdom,Oceanic Navigators,105,Food Preservation,7
660,initial,284,Nuitanui Kingdom,Oceanic Navigators,106,Storage Pits and Containers,7
660,initial,284,Nuitanui Kingdom,Oceanic Navigators,107,Seasonal Aggregation Camps,7
660,initial,284,Nuitanui Kingdom,Oceanic Navigators,3,Archery,7
672,unlock,66,Kingdom of Tolyuc,Mesoamerican,23,Engineering,27
674,unlock,99,Kingdom of South kaitakirinui,Oceanic Navigators,110,Dog Domestication,8
689,unlock,113,Kingdom of North xialili,East Riverine,119,Native Copper Working,13
690,unlock,68,Kingdom of New calcal,Mesoamerican,38,Mechanical Clock,28
691,unlock,169,Kingdom of Old lorgaria,Eastern Woodland,110,Dog Domestication,11
693,unlock,79,Suyusum Tribe,Andean Highland,8,Masonry,14
700,unlock,146,North solromlingrad Tribe,Steppe Nomadic,103,Bone and Antler Tools,11
709,unlock,236,South tankabarara Kingdom,West Sahel,20,Agriculture,24
710,unlock,36,North tamtamum,Fertile Crescent,16,Construction,14
710,initial,285,Old quimar Kingdom,Western Plains,100,Cordage and Knots,8
710,initial,285,Old quimar Kingdom,Western Plains,101,Hide Working and Tailored Clothing,8
710,initial,285,Old quimar Kingdom,Western Plains,102,Hafted Stone Tools,8
710,initial,285,Old quimar Kingdom,Western Plains,105,Food Preservation,8
710,initial,285,Old quimar Kingdom,Western Plains,106,Storage Pits and Containers,8
710,initial,285,Old quimar Kingdom,Western Plains,107,Seasonal Aggregation Camps,8
710,initial,285,Old quimar Kingdom,Western Plains,111,Grinding Stones,8
710,initial,285,Old quimar Kingdom,Western Plains,3,Archery,8
713,unlock,59,Kingdom of Old belromum,Mediterranean Urban,25,Metal Casting,19
714,unlock,23,Lixialing Tribe,East Riverine,13,Iron Working,17
721,unlock,88,Kingdom of Old garromdus,Eastern Woodland,116,Charcoal Firing,11
721,unlock,210,Kingdom of Ayaqorimarca,Andean Highland,4,Mining,10
722,unlock,15,Kingdom of South qinzhoshan,East Riverine,25,Metal Casting,20
728,unlock,100,Nalorstan,Caribbean Seafaring,110,Dog Domestication,9
728,unlock,109,New surdranagar Tribe,Indic Riverine,25,Metal Casting,19
729,unlock,126,Kingdom of New nalsurmitdesh,Indic Riverine,13,Iron Working,18
731,unlock,127,Old marviaterstan,Steppe Nomadic,116,Charcoal Firing,11
732,unlock,31,Kingdom of Great tameshashum,Fertile Crescent,23,Engineering,12
733,unlock,122,Kingdom of North dorromburg,Atlantic Fringe,119,Native Copper Working,15
737,unlock,15,Kingdom of South qinzhoshan,East Riverine,23,Engineering,21
749,unlock,129,Kingdom of South soldus,Western Plains,103,Bone and Antler Tools,10
759,unlock,101,Old xiatai,East Riverine,103,Bone and Antler Tools,11
763,unlock,17,Empire of South zhozhoxia,East Riverine,51,Steam Engine,14
763,unlock,146,North solromlingrad Tribe,Steppe Nomadic,8,Masonry,12
765,initial,286,Great ofisema Tribe,Nile Floodplain,100,Cordage and Knots,22
765,initial,286,Great ofisema Tribe,Nile Floodplain,101,Hide Working and Tailored Clothing,22
765,initial,286,Great ofisema Tribe,Nile Floodplain,102,Hafted Stone Tools,22
765,initial,286,Great ofisema Tribe,Nile Floodplain,103,Bone and Antler Tools,22
765,initial,286,Great ofisema Tribe,Nile Floodplain,104,Fishing Technology,22
765,initial,286,Great ofisema Tribe,Nile Floodplain,105,Food Preservation,22
765,initial,286,Great ofisema Tribe,Nile Floodplain,106,Storage Pits and Containers,22
765,initial,286,Great ofisema Tribe,Nile Floodplain,107,Seasonal Aggregation Camps,22
765,initial,286,Great ofisema Tribe,Nile Floodplain,110,Dog Domestication,22
765,initial,286,Great ofisema Tribe,Nile Floodplain,111,Grinding Stones,22
765,initial,286,Great ofisema Tribe,Nile Floodplain,112,Proto-cultivation,22
765,initial,286,Great ofisema Tribe,Nile Floodplain,113,Sedentism,22
765,initial,286,Great ofisema Tribe,Nile Floodplain,114,Enclosures and Herd Management,22
765,initial,286,Great ofisema Tribe,Nile Floodplain,115,Counting Tokens and Tallies,22
765,initial,286,Great ofisema Tribe,Nile Floodplain,116,Charcoal Firing,22
765,initial,286,Great ofisema Tribe,Nile Floodplain,117,Proto-writing and Administrative Notation,22
765,initial,286,Great ofisema Tribe,Nile Floodplain,20,Agriculture,22
765,initial,286,Great ofisema Tribe,Nile Floodplain,3,Archery,22
765,initial,286,Great ofisema Tribe,Nile Floodplain,6,Calendar,22
765,initial,286,Great ofisema Tribe,Nile Floodplain,7,Wheel,22
765,initial,286,Great ofisema Tribe,Nile Floodplain,10,Irrigation,22
765,initial,286,Great ofisema Tribe,Nile Floodplain,17,Roads,22
765,initial,287,Qorikusna Kingdom,Andean Highland,100,Cordage and Knots,10
765,initial,287,Qorikusna Kingdom,Andean Highland,101,Hide Working and Tailored Clothing,10
765,initial,287,Qorikusna Kingdom,Andean Highland,102,Hafted Stone Tools,10
765,initial,287,Qorikusna Kingdom,Andean Highland,105,Food Preservation,10
765,initial,287,Qorikusna Kingdom,Andean Highland,106,Storage Pits and Containers,10
765,initial,287,Qorikusna Kingdom,Andean Highland,107,Seasonal Aggregation Camps,10
765,initial,287,Qorikusna Kingdom,Andean Highland,111,Grinding Stones,10
765,initial,287,Qorikusna Kingdom,Andean Highland,116,Charcoal Firing,10
765,initial,287,Qorikusna Kingdom,Andean Highland,4,Mining,10
765,initial,287,Qorikusna Kingdom,Andean Highland,3,Archery,10
766,unlock,47,Kingdom of Great quiviakinland,Steppe Nomadic,23,Engineering,11
767,unlock,17,Empire of South zhozhoxia,East Riverine,52,Industrialization,15
782,unlock,59,Kingdom of Old belromum,Mediterranean Urban,42,Metallurgy,20
785,unlock,157,Kingdom of North norromburg,Atlantic Fringe,8,Masonry,12
790,unlock,23,Lixialing Tribe,East Riverine,16,Construction,18
796,unlock,62,Kingdom of South venromalia,Atlantic Fringe,16,Construction,15
798,unlock,186,North romzenquistan Tribe,Western Plains,116,Charcoal Firing,10
799,unlock,125,Great xiahanlinguo Tribe,East Riverine,9,Bronze Alloying,15
800,unlock,15,Kingdom of South qinzhoshan,East Riverine,29,Machinery,22
801,unlock,236,South tankabarara Kingdom,West Sahel,117,Proto-writing and Administrative Notation,25
804,unlock,168,Kingdom of Great ayallaqtupa,Andean Highland,110,Dog Domestication,10
807,unlock,23,Lixialing Tribe,East Riverine,42,Metallurgy,19
809,unlock,24,Kingdom of South renweirenzhou,East Riverine,16,Construction,13
811,unlock,208,Old beltam Kingdom,Fertile Crescent,113,Sedentism,11
815,unlock,115,Kingdom of New intiayatup,Andean Highland,16,Construction,14
817,unlock,215,New zuzulamara Kingdom,North Saharan,113,Sedentism,11
820,initial,288,Belnalor Kingdom,Caribbean Seafaring,100,Cordage and Knots,7
820,initial,288,Belnalor Kingdom,Caribbean Seafaring,101,Hide Working and Tailored Clothing,7
820,initial,288,Belnalor Kingdom,Caribbean Seafaring,102,Hafted Stone Tools,7
820,initial,288,Belnalor Kingdom,Caribbean Seafaring,105,Food Preservation,7
820,initial,288,Belnalor Kingdom,Caribbean Seafaring,106,Storage Pits and Containers,7
820,initial,288,Belnalor Kingdom,Caribbean Seafaring,107,Seasonal Aggregation Camps,7
820,initial,288,Belnalor Kingdom,Caribbean Seafaring,3,Archery,7
823,unlock,151,Kingdom of North kachilama Kingdom,Nile Floodplain,15,Currency,23
827,unlock,215,New zuzulamara Kingdom,North Saharan,112,Proto-cultivation,12
832,unlock,15,Kingdom of South qinzhoshan,East Riverine,52,Industrialization,23
834,unlock,236,South tankabarara Kingdom,West Sahel,10,Irrigation,25
846,unlock,75,Kingdom of Great tupsuyullaqmarca,Andean Highland,16,Construction,14
848,unlock,65,Kingdom of Great temitzco,Mesoamerican,38,Mechanical Clock,28
858,unlock,80,Llaqqorina Tribe,Andean Highland,120,Copper Smelting,15
862,unlock,206,Kingdom of South tanmamau,Nile Floodplain,118,Numeracy and Measurement,24
863,unlock,236,South tankabarara Kingdom,West Sahel,29,Machinery,26
866,unlock,15,Kingdom of South qinzhoshan,East Riverine,60,Combustion,24
871,unlock,235,Empire of South barofilamene,West Sahel,20,Agriculture,24
874,unlock,48,Kingdom of New ofibarara,Nile Floodplain,49,Scientific Method,24
880,initial,289,Ayaintipacha Kingdom,Andean Highland,100,Cordage and Knots,11
880,initial,289,Ayaintipacha Kingdom,Andean Highland,101,Hide Working and Tailored Clothing,11
880,initial,289,Ayaintipacha Kingdom,Andean Highland,102,Hafted Stone Tools,11
880,initial,289,Ayaintipacha Kingdom,Andean Highland,103,Bone and Antler Tools,11
880,initial,289,Ayaintipacha Kingdom,Andean Highland,105,Food Preservation,11
880,initial,289,Ayaintipacha Kingdom,Andean Highland,106,Storage Pits and Containers,11
880,initial,289,Ayaintipacha Kingdom,Andean Highland,107,Seasonal Aggregation Camps,11
880,initial,289,Ayaintipacha Kingdom,Andean Highland,110,Dog Domestication,11
880,initial,289,Ayaintipacha Kingdom,Andean Highland,111,Grinding Stones,11
880,initial,289,Ayaintipacha Kingdom,Andean Highland,116,Charcoal Firing,11
880,initial,289,Ayaintipacha Kingdom,Andean Highland,3,Archery,11
888,unlock,9,Kingdom of Great tantan,Indic Riverine,28,Steel,21
890,initial,290,Sollingrad Kingdom,Western Plains,100,Cordage and Knots,8
890,initial,290,Sollingrad Kingdom,Western Plains,101,Hide Working and Tailored Clothing,8
890,initial,290,Sollingrad Kingdom,Western Plains,102,Hafted Stone Tools,8
890,initial,290,Sollingrad Kingdom,Western Plains,105,Food Preservation,8
890,initial,290,Sollingrad Kingdom,Western Plains,106,Storage Pits and Containers,8
890,initial,290,Sollingrad Kingdom,Western Plains,107,Seasonal Aggregation Camps,8
890,initial,290,Sollingrad Kingdom,Western Plains,111,Grinding Stones,8
890,initial,290,Sollingrad Kingdom,Western Plains,3,Archery,8
892,unlock,8,Kingdom of Virakandesh,Indic Riverine,23,Engineering,12
892,unlock,215,New zuzulamara Kingdom,North Saharan,104,Fishing Technology,13
900,initial,291,North urtam Kingdom,Fertile Crescent,100,Cordage and Knots,10
900,initial,291,North urtam Kingdom,Fertile Crescent,101,Hide Working and Tailored Clothing,10
900,initial,291,North urtam Kingdom,Fertile Crescent,102,Hafted Stone Tools,10
900,initial,291,North urtam Kingdom,Fertile Crescent,105,Food Preservation,10
900,initial,291,North urtam Kingdom,Fertile Crescent,106,Storage Pits and Containers,10
900,initial,291,North urtam Kingdom,Fertile Crescent,107,Seasonal Aggregation Camps,10
900,initial,291,North urtam Kingdom,Fertile Crescent,110,Dog Domestication,10
900,initial,291,North urtam Kingdom,Fertile Crescent,111,Grinding Stones,10
900,initial,291,North urtam Kingdom,Fertile Crescent,116,Charcoal Firing,10
900,initial,291,North urtam Kingdom,Fertile Crescent,3,Archery,10
901,unlock,206,Kingdom of South tanmamau,Nile Floodplain,15,Currency,25
907,unlock,102,Kingdom of South solrom,Western Plains,110,Dog Domestication,11
912,unlock,196,Kingdom of South intisuyuna,Andean Highland,110,Dog Domestication,13
915,unlock,109,New surdranagar Tribe,Indic Riverine,42,Metallurgy,20
917,unlock,67,Kingdom of Great xocmixyuctan,Mesoamerican,38,Mechanical Clock,27
923,unlock,38,Kingdom of New bartameshan,Fertile Crescent,120,Copper Smelting,16
932,unlock,104,New solromrom,Steppe Nomadic,116,Charcoal Firing,11
936,unlock,121,Kingdom of New tarnornorland,Mediterranean Highland,120,Copper Smelting,13
938,unlock,146,North solromlingrad Tribe,Steppe Nomadic,116,Charcoal Firing,13
944,unlock,235,Empire of Ofilamu,West Sahel,117,Proto-writing and Administrative Notation,25
948,unlock,15,Kingdom of South qinzhoshan,East Riverine,28,Steel,25
948,unlock,71,Kingdom of North itzcaltan,Mesoamerican,38,Mechanical Clock,27
966,unlock,85,Kingdom of Old lorlinviagrad,Eastern Woodland,116,Charcoal Firing,11
968,unlock,186,North romzenquistan Tribe,Western Plains,8,Masonry,11
970,unlock,274,North ofilama Kingdom,Nile Floodplain,29,Machinery,22
971,unlock,236,Empire of South barchiene,West Sahel,23,Engineering,27
975,initial,292,Old naterstan Kingdom,Western Plains,100,Cordage and Knots,8
975,initial,292,Old naterstan Kingdom,Western Plains,101,Hide Working and Tailored Clothing,8
975,initial,292,Old naterstan Kingdom,Western Plains,102,Hafted Stone Tools,8
975,initial,292,Old naterstan Kingdom,Western Plains,105,Food Preservation,8
975,initial,292,Old naterstan Kingdom,Western Plains,106,Storage Pits and Containers,8
975,initial,292,Old naterstan Kingdom,Western Plains,107,Seasonal Aggregation Camps,8
975,initial,292,Old naterstan Kingdom,Western Plains,111,Grinding Stones,8
975,initial,292,Old naterstan Kingdom,Western Plains,3,Archery,8
978,unlock,150,Kingdom of Great nuitataneua,Oceanic Navigators,116,Charcoal Firing,11
981,unlock,35,New kalbelad Tribe,Fertile Crescent,9,Bronze Alloying,17
987,unlock,235,Empire of Ofilamu,West Sahel,10,Irrigation,26
991,unlock,87,Kingdom of Marlinlorland,Eastern Woodland,16,Construction,14
999,unlock,195,Llaqpacha Kingdom,Andean Highland,119,Native Copper Working,12
1002,unlock,9,Kingdom of Great tantan,Indic Riverine,23,Engineering,22
1004,unlock,236,Empire of South barchiene,West Sahel,38,Mechanical Clock,28
1006,unlock,24,Kingdom of South renweirenzhou,East Riverine,23,Engineering,14
1006,unlock,126,Kingdom of New nalsurmitdesh,Indic Riverine,42,Metallurgy,19
1007,unlock,113,Kingdom of North xialili,East Riverine,16,Construction,14
1012,unlock,242,Kingdom of North qorisumtupmarca,Andean Highland,4,Mining,10
1017,unlock,59,Kingdom of Old belromum,Mediterranean Urban,28,Steel,21
1022,unlock,62,Kingdom of South venromalia,Atlantic Fringe,23,Engineering,16
1025,unlock,79,Suyusum Tribe,Andean Highland,16,Construction,15
1026,unlock,160,Kingdom of Great vialorloria,Steppe Nomadic,103,Bone and Antler Tools,10
1029,unlock,13,Kingdom of South kantantannagar,Indic Riverine,38,Mechanical Clock,13
1036,unlock,9,Kingdom of Great tantan,Indic Riverine,41,Chemistry,23
1040,unlock,17,Empire of South zhozhoxia,East Riverine,60,Combustion,16
1040,initial,293,North ranloria Kingdom,Caribbean Seafaring,100,Cordage and Knots,7
1040,initial,293,North ranloria Kingdom,Caribbean Seafaring,101,Hide Working and Tailored Clothing,7
1040,initial,293,North ranloria Kingdom,Caribbean Seafaring,102,Hafted Stone Tools,7
1040,initial,293,North ranloria Kingdom,Caribbean Seafaring,105,Food Preservation,7
1040,initial,293,North ranloria Kingdom,Caribbean Seafaring,106,Storage Pits and Containers,7
1040,initial,293,North ranloria Kingdom,Caribbean Seafaring,107,Seasonal Aggregation Camps,7
1040,initial,293,North ranloria Kingdom,Caribbean Seafaring,3,Archery,7
1046,unlock,181,Kingdom of Old ngotanara,Nile Floodplain,49,Scientific Method,24
1046,unlock,235,Empire of Ofilamu,West Sahel,23,Engineering,27
1049,unlock,87,Kingdom of Marlinlorland,Eastern Woodland,119,Native Copper Working,15
1055,unlock,18,Liweiqinguo,East Riverine,29,Machinery,13
1058,unlock,33,Kingdom of North belkalan,Fertile Crescent,120,Copper Smelting,16
1075,unlock,36,North tamtamum,Fertile Crescent,120,Copper Smelting,15
1088,unlock,75,Kingdom of Great tupsuyullaqmarca,Andean Highland,119,Native Copper Working,15
1100,initial,294,Great rumkusyu Kingdom,Andean Highland,100,Cordage and Knots,11
1100,initial,294,Great rumkusyu Kingdom,Andean Highland,101,Hide Working and Tailored Clothing,11
1100,initial,294,Great rumkusyu Kingdom,Andean Highland,102,Hafted Stone Tools,11
1100,initial,294,Great rumkusyu Kingdom,Andean Highland,103,Bone and Antler Tools,11
1100,initial,294,Great rumkusyu Kingdom,Andean Highland,105,Food Preservation,11
1100,initial,294,Great rumkusyu Kingdom,Andean Highland,106,Storage Pits and Containers,11
1100,initial,294,Great rumkusyu Kingdom,Andean Highland,107,Seasonal Aggregation Camps,11
1100,initial,294,Great rumkusyu Kingdom,Andean Highland,110,Dog Domestication,11
1100,initial,294,Great rumkusyu Kingdom,Andean Highland,111,Grinding Stones,11
1100,initial,294,Great rumkusyu Kingdom,Andean Highland,116,Charcoal Firing,11
1100,initial,294,Great rumkusyu Kingdom,Andean Highland,3,Archery,11
1102,unlock,78,Kingdom of Old sumllaqsumna,Andean Highland,120,Copper Smelting,14
1105,initial,295,South rumtupmarca Kingdom,Andean Highland,100,Cordage and Knots,11
1105,initial,295,South rumtupmarca Kingdom,Andean Highland,101,Hide Working and Tailored Clothing,11
1105,initial,295,South rumtupmarca Kingdom,Andean Highland,102,Hafted Stone Tools,11
1105,initial,295,South rumtupmarca Kingdom,Andean Highland,103,Bone and Antler Tools,11
1105,initial,295,South rumtupmarca Kingdom,Andean Highland,105,Food Preservation,11
1105,initial,295,South rumtupmarca Kingdom,Andean Highland,106,Storage Pits and Containers,11
1105,initial,295,South rumtupmarca Kingdom,Andean Highland,107,Seasonal Aggregation Camps,11
1105,initial,295,South rumtupmarca Kingdom,Andean Highland,110,Dog Domestication,11
1105,initial,295,South rumtupmarca Kingdom,Andean Highland,111,Grinding Stones,11
1105,initial,295,South rumtupmarca Kingdom,Andean Highland,116,Charcoal Firing,11
1105,initial,295,South rumtupmarca Kingdom,Andean Highland,3,Archery,11
1106,unlock,53,Kingdom of Old barbara,East Horn,38,Mechanical Clock,28
1108,unlock,76,Kingdom of New sumayarummarca,Andean Highland,103,Bone and Antler Tools,11
1109,unlock,106,Minhanzhou,East Riverine,23,Engineering,12
1110,unlock,208,Old beltam Kingdom,Fertile Crescent,103,Bone and Antler Tools,12
1111,unlock,257,North eshururar Kingdom,Fertile Crescent,103,Bone and Antler Tools,11
1114,unlock,61,Kingdom of Venromnorum,Central Plain,120,Copper Smelting,14
1117,unlock,226,Empire of Chitana,West Sahel,20,Agriculture,20
1128,unlock,78,Kingdom of Old sumllaqsumna,Andean Highland,110,Dog Domestication,15
1128,unlock,227,Great samtamum Kingdom,Fertile Crescent,103,Bone and Antler Tools,11
1134,unlock,24,Kingdom of New lilinhanzhou,East Riverine,119,Native Copper Working,15
1147,unlock,35,New kalbelad Tribe,Fertile Crescent,23,Engineering,18
1154,unlock,208,Old beltam Kingdom,Fertile Crescent,112,Proto-cultivation,13
1158,unlock,23,Lixialing Tribe,East Riverine,23,Engineering,20
1158,unlock,78,Kingdom of Old sumllaqsumna,Andean Highland,16,Construction,16
1170,initial,296,New solsolranstan Kingdom,Steppe Nomadic,100,Cordage and Knots,9
1170,initial,296,New solsolranstan Kingdom,Steppe Nomadic,101,Hide Working and Tailored Clothing,9
1170,initial,296,New solsolranstan Kingdom,Steppe Nomadic,102,Hafted Stone Tools,9
1170,initial,296,New solsolranstan Kingdom,Steppe Nomadic,105,Food Preservation,9
1170,initial,296,New solsolranstan Kingdom,Steppe Nomadic,106,Storage Pits and Containers,9
1170,initial,296,New solsolranstan Kingdom,Steppe Nomadic,107,Seasonal Aggregation Camps,9
1170,initial,296,New solsolranstan Kingdom,Steppe Nomadic,110,Dog Domestication,9
1170,initial,296,New solsolranstan Kingdom,Steppe Nomadic,111,Grinding Stones,9
1170,initial,296,New solsolranstan Kingdom,Steppe Nomadic,3,Archery,9
1172,unlock,125,Great xiahanlinguo Tribe,East Riverine,13,Iron Working,16
1173,unlock,125,Great xiahanlinguo Tribe,East Riverine,42,Metallurgy,17
1179,unlock,69,Kingdom of South caltemmixco,Mesoamerican,38,Mechanical Clock,28
1182,unlock,24,Kingdom of New lilinhanzhou,East Riverine,60,Combustion,16
1198,unlock,200,Kingdom of North mabarzu,Nile Floodplain,117,Proto-writing and Administrative Notation,22
1202,unlock,126,Kingdom of New nalsurmitdesh,Indic Riverine,25,Metal Casting,20
1217,unlock,125,Great xiahanlinguo Tribe,East Riverine,16,Construction,18
1218,unlock,141,Taiweizhou,East Riverine,23,Engineering,12
1221,unlock,190,Kingdom of South chisebarara Kingdom,Nile Floodplain,108,Watercraft,23
1221,unlock,200,Kingdom of North mabarzu,Nile Floodplain,29,Machinery,23
1227,unlock,257,North eshururar Kingdom,Fertile Crescent,113,Sedentism,12
1233,unlock,181,Kingdom of Old ngotanara,Nile Floodplain,38,Mechanical Clock,25
1240,unlock,11,Kingdom of Great tanshanagar,Indic Riverine,23,Engineering,12
1240,initial,297,South marzendus Tribe,Western Plains,100,Cordage and Knots,8
1240,initial,297,South marzendus Tribe,Western Plains,101,Hide Working and Tailored Clothing,8
1240,initial,297,South marzendus Tribe,Western Plains,102,Hafted Stone Tools,8
1240,initial,297,South marzendus Tribe,Western Plains,105,Food Preservation,8
1240,initial,297,South marzendus Tribe,Western Plains,106,Storage Pits and Containers,8
1240,initial,297,South marzendus Tribe,Western Plains,107,Seasonal Aggregation Camps,8
1240,initial,297,South marzendus Tribe,Western Plains,111,Grinding Stones,8
1240,initial,297,South marzendus Tribe,Western Plains,3,Archery,8
1243,unlock,110,Kingdom of Old pachllaqna,Andean Highland,8,Masonry,14
1253,unlock,121,Kingdom of New tarnornorland,Mediterranean Highland,9,Bronze Alloying,14
1260,initial,298,South nater Kingdom,Caribbean Seafaring,100,Cordage and Knots,7
1260,initial,298,South nater Kingdom,Caribbean Seafaring,101,Hide Working and Tailored Clothing,7
1260,initial,298,South nater Kingdom,Caribbean Seafaring,102,Hafted Stone Tools,7
1260,initial,298,South nater Kingdom,Caribbean Seafaring,105,Food Preservation,7
1260,initial,298,South nater Kingdom,Caribbean Seafaring,106,Storage Pits and Containers,7
1260,initial,298,South nater Kingdom,Caribbean Seafaring,107,Seasonal Aggregation Camps,7
1260,initial,298,South nater Kingdom,Caribbean Seafaring,3,Archery,7
1261,unlock,215,New zuzulamara Kingdom,North Saharan,6,Calendar,14
1266,unlock,109,Kingdom of North ramitmita,Indic Riverine,41,Chemistry,21
1268,unlock,15,Kingdom of South qinzhoshan,East Riverine,42,Metallurgy,26
1269,unlock,38,Kingdom of New belninarar,Fertile Crescent,9,Bronze Alloying,17
1274,unlock,215,New zuzulamara Kingdom,North Saharan,20,Agriculture,15
1276,unlock,82,Kingdom of South solkinkinia,Eastern Woodland,103,Bone and Antler Tools,9
1279,unlock,48,Kingdom of New ofibarara,Nile Floodplain,38,Mechanical Clock,25
1282,unlock,226,Empire of Chitana,West Sahel,10,Irrigation,21
1283,unlock,26,Kingdom of Great minliqin,East Riverine,29,Machinery,13
1283,unlock,157,Kingdom of North norromburg,Atlantic Fringe,16,Construction,13
1284,unlock,37,New samsamum Tribe,Fertile Crescent,23,Engineering,12
1285,unlock,208,Old beltam Kingdom,Fertile Crescent,6,Calendar,14
1286,unlock,28,Kingdom of Great tambelan,Fertile Crescent,23,Engineering,15
1299,unlock,226,Empire of Chitana,West Sahel,29,Machinery,22
1300,unlock,110,Kingdom of Old pachllaqna,Andean Highland,120,Copper Smelting,15
1302,unlock,87,Kingdom of Marlinlorland,Eastern Woodland,23,Engineering,16
1305,unlock,215,New zuzulamara Kingdom,North Saharan,115,Counting Tokens and Tallies,16
1306,unlock,264,South sumsuyua Kingdom,Andean Highland,8,Masonry,11
1311,unlock,249,South solsolgrad Kingdom,Steppe Nomadic,4,Mining,10
1317,unlock,80,Kingdom of Old intiqoritupna,Andean Highland,16,Construction,16
1320,unlock,257,North eshururar Kingdom,Fertile Crescent,104,Fishing Technology,13
1324,unlock,121,Kingdom of New tarnornorland,Mediterranean Highland,8,Masonry,15
1330,unlock,24,Kingdom of New lilinhanzhou,East Riverine,52,Industrialization,17
1333,unlock,109,Kingdom of North ramitmita,Indic Riverine,60,Combustion,22
1335,initial,299,New pachayaa Kingdom,Andean Highland,100,Cordage and Knots,11
1335,initial,299,New pachayaa Kingdom,Andean Highland,101,Hide Working and Tailored Clothing,11
1335,initial,299,New pachayaa Kingdom,Andean Highland,102,Hafted Stone Tools,11
1335,initial,299,New pachayaa Kingdom,Andean Highland,103,Bone and Antler Tools,11
1335,initial,299,New pachayaa Kingdom,Andean Highland,105,Food Preservation,11
1335,initial,299,New pachayaa Kingdom,Andean Highland,106,Storage Pits and Containers,11
1335,initial,299,New pachayaa Kingdom,Andean Highland,107,Seasonal Aggregation Camps,11
1335,initial,299,New pachayaa Kingdom,Andean Highland,110,Dog Domestication,11
1335,initial,299,New pachayaa Kingdom,Andean Highland,111,Grinding Stones,11
1335,initial,299,New pachayaa Kingdom,Andean Highland,116,Charcoal Firing,11
1335,initial,299,New pachayaa Kingdom,Andean Highland,3,Archery,11
1340,unlock,215,New zuzulamara Kingdom,North Saharan,114,Enclosures and Herd Management,17
1341,unlock,72,Kingdom of Old mixcalteoco,Mesoamerican,38,Mechanical Clock,29
1351,unlock,118,Kingdom of Great tolnahtemco,Mesoamerican,38,Mechanical Clock,28
1351,unlock,129,Kingdom of South soldus,Western Plains,116,Charcoal Firing,11
1351,unlock,215,New zuzulamara Kingdom,North Saharan,103,Bone and Antler Tools,18
1354,unlock,257,North eshururar Kingdom,Fertile Crescent,112,Proto-cultivation,14
1355,unlock,75,Kingdom of Great tupsuyullaqmarca,Andean Highland,120,Copper Smelting,16
1360,unlock,61,Kingdom of Venromnorum,Central Plain,9,Bronze Alloying,15
1362,unlock,23,Lixialing Tribe,East Riverine,25,Metal Casting,21
1366,unlock,208,Old beltam Kingdom,Fertile Crescent,115,Counting Tokens and Tallies,15
1367,unlock,76,Republic of North kuskus,Andean Highland,8,Masonry,12
1370,unlock,66,Kingdom of Mixcalan,Mesoamerican,38,Mechanical Clock,28
1374,unlock,126,Kingdom of New nalsurmitdesh,Indic Riverine,28,Steel,21
1393,unlock,226,Empire of Chitana,West Sahel,23,Engineering,23
1394,unlock,86,Kingdom of Marzenstan,Eastern Woodland,23,Engineering,15
1396,unlock,215,New zuzulamara Kingdom,North Saharan,29,Machinery,19
1398,unlock,235,Empire of Ofilamu,West Sahel,29,Machinery,27
1401,unlock,70,Kingdom of Xocteochi,Mesoamerican,110,Dog Domestication,12
1401,unlock,215,New zuzulamara Kingdom,North Saharan,10,Irrigation,20
1403,unlock,78,Kingdom of Old sumllaqsumna,Andean Highland,9,Bronze Alloying,17
1405,unlock,158,Great kalsamsaman Kingdom,Fertile Crescent,103,Bone and Antler Tools,11
1411,unlock,247,Empire of Old ngochichiu,West Sahel,117,Proto-writing and Administrative Notation,20
1412,unlock,210,Kingdom of Ayallaqyu,Andean Highland,8,Masonry,11
1428,unlock,121,Kingdom of New tarnornorland,Mediterranean Highland,42,Metallurgy,16
1428,unlock,215,New zuzulamara Kingdom,North Saharan,7,Wheel,21
1430,initial,300,Great kirikirinui Kingdom,Oceanic Navigators,100,Cordage and Knots,7
1430,initial,300,Great kirikirinui Kingdom,Oceanic Navigators,101,Hide Working and Tailored Clothing,7
1430,initial,300,Great kirikirinui Kingdom,Oceanic Navigators,102,Hafted Stone Tools,7
1430,initial,300,Great kirikirinui Kingdom,Oceanic Navigators,105,Food Preservation,7
1430,initial,300,Great kirikirinui Kingdom,Oceanic Navigators,106,Storage Pits and Containers,7
1430,initial,300,Great kirikirinui Kingdom,Oceanic Navigators,107,Seasonal Aggregation Camps,7
1430,initial,300,Great kirikirinui Kingdom,Oceanic Navigators,3,Archery,7
1440,unlock,210,Kingdom of Ayallaqyu,Andean Highland,103,Bone and Antler Tools,12
1445,unlock,215,New zuzulamara Kingdom,North Saharan,38,Mechanical Clock,22
1452,unlock,23,Lixialing Tribe,East Riverine,51,Steam Engine,22
1460,initial,301,Old rangihivaua Kingdom,Oceanic Navigators,100,Cordage and Knots,10
1460,initial,301,Old rangihivaua Kingdom,Oceanic Navigators,101,Hide Working and Tailored Clothing,10
1460,initial,301,Old rangihivaua Kingdom,Oceanic Navigators,102,Hafted Stone Tools,10
1460,initial,301,Old rangihivaua Kingdom,Oceanic Navigators,103,Bone and Antler Tools,10
1460,initial,301,Old rangihivaua Kingdom,Oceanic Navigators,105,Food Preservation,10
1460,initial,301,Old rangihivaua Kingdom,Oceanic Navigators,106,Storage Pits and Containers,10
1460,initial,301,Old rangihivaua Kingdom,Oceanic Navigators,107,Seasonal Aggregation Camps,10
1460,initial,301,Old rangihivaua Kingdom,Oceanic Navigators,110,Dog Domestication,10
1460,initial,301,Old rangihivaua Kingdom,Oceanic Navigators,111,Grinding Stones,10
1460,initial,301,Old rangihivaua Kingdom,Oceanic Navigators,3,Archery,10
1467,unlock,6,Kingdom of South nalraradesh,Indic Riverine,23,Engineering,12
1467,unlock,159,Suyullaqa Tribe,Andean Highland,38,Mechanical Clock,28
1471,unlock,23,Lixialing Tribe,East Riverine,52,Industrialization,23
1475,unlock,13,Kingdom of South kantantannagar,Indic Riverine,23,Engineering,14
1477,unlock,79,Suyusum Tribe,Andean Highland,120,Copper Smelting,16
1479,unlock,23,Lixialing Tribe,East Riverine,60,Combustion,24
1488,unlock,208,Old beltam Kingdom,Fertile Crescent,20,Agriculture,16
1489,unlock,11,Kingdom of Great tanshanagar,Indic Riverine,41,Chemistry,13
1491,unlock,208,Old beltam Kingdom,Fertile Crescent,114,Enclosures and Herd Management,17
1499,unlock,14,Kingdom of Old qinqin,East Riverine,23,Engineering,12
1501,unlock,105,Kingdom of Ashuran,Fertile Crescent,23,Engineering,12
1502,unlock,238,New ninarkalum Kingdom,Fertile Crescent,103,Bone and Antler Tools,11
1504,unlock,24,Kingdom of New lilinhanzhou,East Riverine,51,Steam Engine,18
1505,unlock,23,Lixialing Tribe,East Riverine,29,Machinery,25
1506,unlock,8,Kingdom of Virakandesh,Indic Riverine,29,Machinery,13
1510,unlock,226,Empire of Chitana,West Sahel,38,Mechanical Clock,24
1522,unlock,110,Kingdom of Old pachllaqna,Andean Highland,9,Bronze Alloying,16
1525,unlock,139,Republic of Old pachrumtupa,Andean Highland,8,Masonry,13
1528,unlock,35,New kalbelad Tribe,Fertile Crescent,13,Iron Working,19
1535,initial,302,New romlorland Kingdom,Western Plains,100,Cordage and Knots,8
1535,initial,302,New romlorland Kingdom,Western Plains,101,Hide Working and Tailored Clothing,8
1535,initial,302,New romlorland Kingdom,Western Plains,102,Hafted Stone Tools,8
1535,initial,302,New romlorland Kingdom,Western Plains,105,Food Preservation,8
1535,initial,302,New romlorland Kingdom,Western Plains,106,Storage Pits and Containers,8
1535,initial,302,New romlorland Kingdom,Western Plains,107,Seasonal Aggregation Camps,8
1535,initial,302,New romlorland Kingdom,Western Plains,111,Grinding Stones,8
1535,initial,302,New romlorland Kingdom,Western Plains,3,Archery,8
1536,unlock,33,Kingdom of North belkalan,Fertile Crescent,9,Bronze Alloying,17
1537,unlock,16,Kingdom of Old lililing,East Riverine,51,Steam Engine,13
1537,unlock,141,Taiweizhou,East Riverine,29,Machinery,13
1545,unlock,61,Kingdom of Venromnorum,Central Plain,16,Construction,16
1545,unlock,195,Kingdom of Pachqorikusa,Andean Highland,16,Construction,13
1546,unlock,215,New zuzulamara Kingdom,North Saharan,17,Roads,23
1550,initial,303,Kussuyupachyu Kingdom,Andean Highland,100,Cordage and Knots,10
1550,initial,303,Kussuyupachyu Kingdom,Andean Highland,101,Hide Working and Tailored Clothing,10
1550,initial,303,Kussuyupachyu Kingdom,Andean Highland,102,Hafted Stone Tools,10
1550,initial,303,Kussuyupachyu Kingdom,Andean Highland,105,Food Preservation,10
1550,initial,303,Kussuyupachyu Kingdom,Andean Highland,106,Storage Pits and Containers,10
1550,initial,303,Kussuyupachyu Kingdom,Andean Highland,107,Seasonal Aggregation Camps,10
1550,initial,303,Kussuyupachyu Kingdom,Andean Highland,110,Dog Domestication,10
1550,initial,303,Kussuyupachyu Kingdom,Andean Highland,111,Grinding Stones,10
1550,initial,303,Kussuyupachyu Kingdom,Andean Highland,116,Charcoal Firing,10
1550,initial,303,Kussuyupachyu Kingdom,Andean Highland,3,Archery,10
1555,unlock,62,Kingdom of Old selromum,Atlantic Fringe,120,Copper Smelting,17
1556,unlock,121,Kingdom of New tarnornorland,Mediterranean Highland,13,Iron Working,17
1559,unlock,126,Kingdom of North dradra,Indic Riverine,41,Chemistry,22
1562,unlock,264,South sumsuyua Kingdom,Andean Highland,119,Native Copper Working,12
1571,unlock,75,Kingdom of Great tupsuyullaqmarca,Andean Highland,9,Bronze Alloying,17
1571,unlock,255,North tanchiu Kingdom,West Sahel,20,Agriculture,20
1573,unlock,208,Old beltam Kingdom,Fertile Crescent,7,Wheel,18
1574,unlock,71,Kingdom of Itzxocnahtan,Mesoamerican,23,Engineering,28
1574,unlock,269,New qorisuyusuyua Kingdom,Andean Highland,113,Sedentism,12
1578,unlock,61,Kingdom of Venromnorum,Central Plain,42,Metallurgy,17
1580,unlock,146,North solromlingrad Tribe,Steppe Nomadic,119,Native Copper Working,14
1585,initial,304,Old ngosebaru Kingdom,North Saharan,100,Cordage and Knots,10
1585,initial,304,Old ngosebaru Kingdom,North Saharan,101,Hide Working and Tailored Clothing,10
1585,initial,304,Old ngosebaru Kingdom,North Saharan,102,Hafted Stone Tools,10
1585,initial,304,Old ngosebaru Kingdom,North Saharan,105,Food Preservation,10
1585,initial,304,Old ngosebaru Kingdom,North Saharan,106,Storage Pits and Containers,10
1585,initial,304,Old ngosebaru Kingdom,North Saharan,107,Seasonal Aggregation Camps,10
1585,initial,304,Old ngosebaru Kingdom,North Saharan,110,Dog Domestication,10
1585,initial,304,Old ngosebaru Kingdom,North Saharan,111,Grinding Stones,10
1585,initial,304,Old ngosebaru Kingdom,North Saharan,116,Charcoal Firing,10
1585,initial,304,Old ngosebaru Kingdom,North Saharan,3,Archery,10
1587,unlock,257,Kingdom of Old eshsamum,Fertile Crescent,6,Calendar,15
1588,unlock,17,Empire of South zhozhoxia,East Riverine,63,Mass Production,17
1591,unlock,60,Kingdom of South romventarland,Central Plain,16,Construction,15
1591,unlock,126,Kingdom of North dradra,Indic Riverine,60,Combustion,23
1594,unlock,109,Kingdom of North ramitmita,Indic Riverine,28,Steel,23
1596,unlock,208,Old beltam Kingdom,Fertile Crescent,104,Fishing Technology,19
1597,unlock,208,Old beltam Kingdom,Fertile Crescent,10,Irrigation,20
1598,unlock,46,Kingdom of New gargaria,Steppe Nomadic,103,Bone and Antler Tools,10
1599,unlock,202,Empire of Old lamngobara,East Horn,38,Mechanical Clock,28
1600,initial,305,Momokainui Kingdom,Oceanic Navigators,100,Cordage and Knots,7
1600,initial,305,Momokainui Kingdom,Oceanic Navigators,101,Hide Working and Tailored Clothing,7
1600,initial,305,Momokainui Kingdom,Oceanic Navigators,102,Hafted Stone Tools,7
1600,initial,305,Momokainui Kingdom,Oceanic Navigators,105,Food Preservation,7
1600,initial,305,Momokainui Kingdom,Oceanic Navigators,106,Storage Pits and Containers,7
1600,initial,305,Momokainui Kingdom,Oceanic Navigators,107,Seasonal Aggregation Camps,7
1600,initial,305,Momokainui Kingdom,Oceanic Navigators,3,Archery,7
1607,unlock,82,Kingdom of South solkinkinia,Eastern Woodland,110,Dog Domestication,10
1608,unlock,74,Kingdom of South yucmixtan,Mesoamerican,29,Machinery,12
1611,unlock,266,South ashninum Tribe,Fertile Crescent,16,Construction,15
1625,unlock,62,Kingdom of Old selromum,Atlantic Fringe,52,Industrialization,18
1641,unlock,16,Kingdom of Old lililing,East Riverine,52,Industrialization,14
1647,unlock,62,Kingdom of Old selromum,Atlantic Fringe,51,Steam Engine,19
1653,unlock,109,Kingdom of North ramitmita,Indic Riverine,52,Industrialization,24
1655,unlock,74,Kingdom of South yucmixtan,Mesoamerican,23,Engineering,13
1655,unlock,274,North ofilama Kingdom,Nile Floodplain,23,Engineering,23
1657,unlock,208,Old beltam Kingdom,Fertile Crescent,17,Roads,21
1666,unlock,60,Kingdom of South romventarland,Central Plain,51,Steam Engine,16
1666,unlock,121,Kingdom of New tarnornorland,Mediterranean Highland,16,Construction,18
1667,unlock,16,Kingdom of Old lililing,East Riverine,60,Combustion,15
1667,unlock,20,Great renmin,East Riverine,23,Engineering,12
1670,unlock,23,Kingdom of New renhanhanguo,East Riverine,28,Steel,26
1671,unlock,61,Kingdom of Venromnorum,Central Plain,13,Iron Working,18
1671,unlock,110,Kingdom of Old pachllaqna,Andean Highland,16,Construction,17
1671,unlock,147,Kingdom of Old nalorstan,Western Plains,110,Dog Domestication,9
1680,unlock,157,Kingdom of North norromburg,Atlantic Fringe,119,Native Copper Working,14
1680,initial,306,Qoripach Kingdom,Andean Highland,100,Cordage and Knots,11
1680,initial,306,Qoripach Kingdom,Andean Highland,101,Hide Working and Tailored Clothing,11
1680,initial,306,Qoripach Kingdom,Andean Highland,102,Hafted Stone Tools,11
1680,initial,306,Qoripach Kingdom,Andean Highland,103,Bone and Antler Tools,11
1680,initial,306,Qoripach Kingdom,Andean Highland,105,Food Preservation,11
1680,initial,306,Qoripach Kingdom,Andean Highland,106,Storage Pits and Containers,11
1680,initial,306,Qoripach Kingdom,Andean Highland,107,Seasonal Aggregation Camps,11
1680,initial,306,Qoripach Kingdom,Andean Highland,110,Dog Domestication,11
1680,initial,306,Qoripach Kingdom,Andean Highland,111,Grinding Stones,11
1680,initial,306,Qoripach Kingdom,Andean Highland,116,Charcoal Firing,11
1680,initial,306,Qoripach Kingdom,Andean Highland,3,Archery,11
1688,unlock,125,Great xiahanlinguo Tribe,East Riverine,60,Combustion,19
1689,unlock,46,Republic of South garkinsol,Steppe Nomadic,116,Charcoal Firing,11
1690,initial,307,Ranmarstan Kingdom,Steppe Nomadic,100,Cordage and Knots,9
1690,initial,307,Ranmarstan Kingdom,Steppe Nomadic,101,Hide Working and Tailored Clothing,9
1690,initial,307,Ranmarstan Kingdom,Steppe Nomadic,102,Hafted Stone Tools,9
1690,initial,307,Ranmarstan Kingdom,Steppe Nomadic,105,Food Preservation,9
1690,initial,307,Ranmarstan Kingdom,Steppe Nomadic,106,Storage Pits and Containers,9
1690,initial,307,Ranmarstan Kingdom,Steppe Nomadic,107,Seasonal Aggregation Camps,9
1690,initial,307,Ranmarstan Kingdom,Steppe Nomadic,110,Dog Domestication,9
1690,initial,307,Ranmarstan Kingdom,Steppe Nomadic,111,Grinding Stones,9
1690,initial,307,Ranmarstan Kingdom,Steppe Nomadic,3,Archery,9
1691,unlock,60,Kingdom of South romventarland,Central Plain,23,Engineering,17
1702,unlock,208,Old beltam Kingdom,Fertile Crescent,108,Watercraft,22
1703,unlock,195,Kingdom of Pachqorikusa,Andean Highland,120,Copper Smelting,14
1706,unlock,144,Kingdom of Survia,Indic Riverine,103,Bone and Antler Tools,11
1708,unlock,87,Kingdom of South romgarranland,Eastern Woodland,29,Machinery,17
1710,unlock,247,Empire of North kakabarene,West Sahel,20,Agriculture,21
1711,unlock,203,Kingdom of Great belquibelgrad,Western Plains,103,Bone and Antler Tools,9
1715,unlock,257,Kingdom of Old eshsamum,Fertile Crescent,20,Agriculture,16
1723,unlock,255,North tanchiu Kingdom,West Sahel,10,Irrigation,21
1724,unlock,87,Kingdom of South romgarranland,Eastern Woodland,51,Steam Engine,18
1724,unlock,206,Kingdom of South tanmamau,Nile Floodplain,38,Mechanical Clock,26
1726,unlock,140,Kingdom of Old tuprumaya,Andean Highland,120,Copper Smelting,16
1730,unlock,36,North tamtamum,Fertile Crescent,9,Bronze Alloying,16
1730,unlock,60,Kingdom of South romventarland,Central Plain,52,Industrialization,18
1730,unlock,121,Kingdom of New tarnornorland,Mediterranean Highland,23,Engineering,19
1732,unlock,95,New duslorland Tribe,Western Plains,110,Dog Domestication,9
1732,unlock,126,Kingdom of North dradra,Indic Riverine,52,Industrialization,24
1738,unlock,15,Kingdom of South qinzhoshan,East Riverine,41,Chemistry,27
1738,unlock,60,Kingdom of South romventarland,Central Plain,60,Combustion,19
1740,unlock,242,Republic of Great pachsumyu,Andean Highland,8,Masonry,11
1741,unlock,146,North solromlingrad Tribe,Steppe Nomadic,16,Construction,15
1745,unlock,28,Kingdom of Great tambelan,Fertile Crescent,42,Metallurgy,16
1746,unlock,29,Kingdom of Eshurar,Fertile Crescent,23,Engineering,12
1749,unlock,62,Kingdom of Old selromum,Atlantic Fringe,9,Bronze Alloying,20
1749,unlock,165,Kingdom of Old romkarvenburg,Mediterranean Highland,103,Bone and Antler Tools,11
1754,unlock,35,New kalbelad Tribe,Fertile Crescent,51,Steam Engine,20
1757,unlock,200,Kingdom of New tanbaru,Nile Floodplain,38,Mechanical Clock,24
1758,unlock,62,Kingdom of Old selromum,Atlantic Fringe,60,Combustion,21
1760,initial,308,New mohivamoa Kingdom,Oceanic Navigators,100,Cordage and Knots,7
1760,initial,308,New mohivamoa Kingdom,Oceanic Navigators,101,Hide Working and Tailored Clothing,7
1760,initial,308,New mohivamoa Kingdom,Oceanic Navigators,102,Hafted Stone Tools,7
1760,initial,308,New mohivamoa Kingdom,Oceanic Navigators,105,Food Preservation,7
1760,initial,308,New mohivamoa Kingdom,Oceanic Navigators,106,Storage Pits and Containers,7
1760,initial,308,New mohivamoa Kingdom,Oceanic Navigators,107,Seasonal Aggregation Camps,7
1760,initial,308,New mohivamoa Kingdom,Oceanic Navigators,3,Archery,7
1761,unlock,208,Old beltam Kingdom,Fertile Crescent,5,Sailing,23
1766,unlock,255,North tanchiu Kingdom,West Sahel,117,Proto-writing and Administrative Notation,22
1769,unlock,17,Empire of South zhozhoxia,East Riverine,54,Electricity,18
1769,unlock,62,Kingdom of Old selromum,Atlantic Fringe,42,Metallurgy,22
1772,unlock,148,Kingdom of South sumrumintiyu,Andean Highland,110,Dog Domestication,11
1773,unlock,190,Kingdom of South chisebarara Kingdom,Nile Floodplain,5,Sailing,24
1773,unlock,235,Empire of Ngotanara,West Sahel,38,Mechanical Clock,28
1776,unlock,24,Kingdom of New lilinhanzhou,East Riverine,29,Machinery,19
1778,unlock,61,Kingdom of Venromnorum,Central Plain,52,Industrialization,19
1785,unlock,61,Kingdom of Venromnorum,Central Plain,60,Combustion,20
1787,unlock,255,North tanchiu Kingdom,West Sahel,29,Machinery,23
1788,unlock,78,Kingdom of Old sumllaqsumna,Andean Highland,13,Iron Working,18
1794,unlock,160,Kingdom of New dusbellor,Steppe Nomadic,23,Engineering,11
1795,initial,309,Great tanngoofi Kingdom,North Saharan,100,Cordage and Knots,10
1795,initial,309,Great tanngoofi Kingdom,North Saharan,101,Hide Working and Tailored Clothing,10
1795,initial,309,Great tanngoofi Kingdom,North Saharan,102,Hafted Stone Tools,10
1795,initial,309,Great tanngoofi Kingdom,North Saharan,105,Food Preservation,10
1795,initial,309,Great tanngoofi Kingdom,North Saharan,106,Storage Pits and Containers,10
1795,initial,309,Great tanngoofi Kingdom,North Saharan,107,Seasonal Aggregation Camps,10
1795,initial,309,Great tanngoofi Kingdom,North Saharan,110,Dog Domestication,10
1795,initial,309,Great tanngoofi Kingdom,North Saharan,111,Grinding Stones,10
1795,initial,309,Great tanngoofi Kingdom,North Saharan,116,Charcoal Firing,10
1795,initial,309,Great tanngoofi Kingdom,North Saharan,3,Archery,10
1798,unlock,34,Kingdom of Great urninar,Fertile Crescent,51,Steam Engine,16
1798,unlock,281,Old ayaayana Kingdom,Andean Highland,104,Fishing Technology,11
1799,unlock,86,Kingdom of Marzenstan,Eastern Woodland,29,Machinery,16
1801,unlock,257,Kingdom of Old eshsamum,Fertile Crescent,114,Enclosures and Herd Management,17
1803,unlock,6,Kingdom of South nalraradesh,Indic Riverine,60,Combustion,13
1807,unlock,6,Kingdom of South nalraradesh,Indic Riverine,52,Industrialization,14
1812,unlock,1,Kingdom of North sharavardesh,Indic Riverine,23,Engineering,12
1816,unlock,6,Kingdom of South nalraradesh,Indic Riverine,51,Steam Engine,15
1816,unlock,130,Kingdom of Belurar,Fertile Crescent,23,Engineering,12
1819,unlock,6,Kingdom of South nalraradesh,Indic Riverine,54,Electricity,16
1819,unlock,95,New duslorland Tribe,Western Plains,116,Charcoal Firing,10
1820,unlock,34,Kingdom of Great urninar,Fertile Crescent,60,Combustion,17
1823,unlock,16,Kingdom of Old lililing,East Riverine,29,Machinery,16
1824,unlock,34,Kingdom of Great urninar,Fertile Crescent,52,Industrialization,18
1827,unlock,113,Kingdom of North xialili,East Riverine,23,Engineering,15
1829,unlock,257,Kingdom of Old eshsamum,Fertile Crescent,10,Irrigation,18
1834,unlock,147,Kingdom of Old nalorstan,Western Plains,103,Bone and Antler Tools,11
1834,unlock,147,Kingdom of Old nalorstan,Western Plains,116,Charcoal Firing,11
1836,unlock,95,New duslorland Tribe,Western Plains,103,Bone and Antler Tools,11
1838,unlock,34,Kingdom of Great urninar,Fertile Crescent,69,Computers,19
1840,unlock,208,Old beltam Kingdom,Fertile Crescent,12,Shipbuilding,24
1841,unlock,34,Kingdom of Great urninar,Fertile Crescent,23,Engineering,20
1841,unlock,80,Kingdom of Great sumllaqmarca,Andean Highland,9,Bronze Alloying,17
1842,unlock,6,Kingdom of South nalraradesh,Indic Riverine,64,Electronics,17
1842,unlock,203,Kingdom of Great belquibelgrad,Western Plains,110,Dog Domestication,10
1845,unlock,112,New renxiaguo,East Riverine,23,Engineering,12
1847,unlock,6,Kingdom of South nalraradesh,Indic Riverine,63,Mass Production,18
1848,unlock,6,Kingdom of South nalraradesh,Indic Riverine,69,Computers,19
1848,unlock,125,Great xiahanlinguo Tribe,East Riverine,52,Industrialization,20
1849,unlock,33,Kingdom of North belkalan,Fertile Crescent,42,Metallurgy,18
1853,unlock,34,Kingdom of Great urninar,Fertile Crescent,64,Electronics,21
1857,unlock,61,Kingdom of Venromnorum,Central Plain,51,Steam Engine,21
1861,unlock,148,Kingdom of South sumrumintiyu,Andean Highland,119,Native Copper Working,12
1863,unlock,75,Kingdom of Great tupsuyullaqmarca,Andean Highland,13,Iron Working,18
1864,unlock,34,Kingdom of Great urninar,Fertile Crescent,76,Integrated Circuit,22
1865,unlock,6,Kingdom of South nalraradesh,Indic Riverine,79,Internet,20
1865,unlock,34,Kingdom of Great urninar,Fertile Crescent,70,Transistors,23
1866,unlock,281,Old ayaayana Kingdom,Andean Highland,103,Bone and Antler Tools,12
1867,unlock,215,New zuzulamara Kingdom,North Saharan,23,Engineering,24
1869,unlock,247,Empire of North kakabarene,West Sahel,10,Irrigation,21
1871,unlock,210,Kingdom of Ayallaqyu,Andean Highland,16,Construction,13
1872,unlock,208,Old beltam Kingdom,Fertile Crescent,109,Long-distance Exchange Networks,25
1874,unlock,35,New kalbelad Tribe,Fertile Crescent,25,Metal Casting,21
1875,initial,310,Great ayasumtupyu Kingdom,Andean Highland,100,Cordage and Knots,11
1875,initial,310,Great ayasumtupyu Kingdom,Andean Highland,101,Hide Working and Tailored Clothing,11
1875,initial,310,Great ayasumtupyu Kingdom,Andean Highland,102,Hafted Stone Tools,11
1875,initial,310,Great ayasumtupyu Kingdom,Andean Highland,103,Bone and Antler Tools,11
1875,initial,310,Great ayasumtupyu Kingdom,Andean Highland,105,Food Preservation,11
1875,initial,310,Great ayasumtupyu Kingdom,Andean Highland,106,Storage Pits and Containers,11
1875,initial,310,Great ayasumtupyu Kingdom,Andean Highland,107,Seasonal Aggregation Camps,11
1875,initial,310,Great ayasumtupyu Kingdom,Andean Highland,110,Dog Domestication,11
1875,initial,310,Great ayasumtupyu Kingdom,Andean Highland,111,Grinding Stones,11
1875,initial,310,Great ayasumtupyu Kingdom,Andean Highland,116,Charcoal Firing,11
1875,initial,310,Great ayasumtupyu Kingdom,Andean Highland,3,Archery,11
1876,unlock,126,Kingdom of North dradra,Indic Riverine,51,Steam Engine,25
1877,unlock,82,Kingdom of South solkinkinia,Eastern Woodland,116,Charcoal Firing,11
1885,unlock,34,Kingdom of Great urninar,Fertile Crescent,79,Internet,25
1885,unlock,34,Kingdom of Great urninar,Fertile Crescent,85,Artificial Intelligence,25
1886,unlock,35,New kalbelad Tribe,Fertile Crescent,52,Industrialization,22
1888,unlock,17,Empire of South zhozhoxia,East Riverine,64,Electronics,19
1891,unlock,257,Kingdom of Old eshsamum,Fertile Crescent,7,Wheel,19
1892,unlock,17,Empire of South zhozhoxia,East Riverine,69,Computers,20
1894,unlock,210,Kingdom of Ayallaqyu,Andean Highland,110,Dog Domestication,14
1898,unlock,34,Kingdom of Great urninar,Fertile Crescent,29,Machinery,26
1900,unlock,34,Kingdom of Great urninar,Fertile Crescent,91,Quantum Computing,27
1901,unlock,87,Kingdom of South romgarranland,Eastern Woodland,52,Industrialization,19
1901,unlock,267,Kingdom of South bellinran,Western Plains,103,Bone and Antler Tools,9
1902,unlock,84,Kingdom of South viaromland,Eastern Woodland,103,Bone and Antler Tools,11
1903,unlock,17,Empire of South zhozhoxia,East Riverine,79,Internet,21
1903,unlock,61,Kingdom of Venromnorum,Central Plain,103,Bone and Antler Tools,22
1903,unlock,62,Kingdom of Old selromum,Atlantic Fringe,29,Machinery,23
1903,unlock,115,Kingdom of South qorikusna,Andean Highland,119,Native Copper Working,15
1903,unlock,152,Kingdom of New ratanui,Oceanic Navigators,110,Dog Domestication,8
1905,unlock,33,Kingdom of North belkalan,Fertile Crescent,13,Iron Working,19
1906,unlock,121,Kingdom of New tarnornorland,Mediterranean Highland,25,Metal Casting,20
1906,unlock,255,North tanchiu Kingdom,West Sahel,38,Mechanical Clock,24
1908,unlock,159,Empire of New qorisuma,Andean Highland,117,Proto-writing and Administrative Notation,29
1910,unlock,196,Kingdom of South intisuyuna,Andean Highland,8,Masonry,14
1911,unlock,203,Kingdom of Great belquibelgrad,Western Plains,116,Charcoal Firing,11
1918,unlock,19,Kingdom of Great minlinhanling,East Riverine,23,Engineering,12
1930,unlock,257,Kingdom of Old eshsamum,Fertile Crescent,115,Counting Tokens and Tallies,20
1933,unlock,32,Kingdom of Old kalar,Fertile Crescent,23,Engineering,12
1933,unlock,87,Kingdom of South romgarranland,Eastern Woodland,60,Combustion,20
1936,unlock,70,Kingdom of Xocteochi,Mesoamerican,8,Masonry,13
1936,unlock,195,Kingdom of Pachqorikusa,Andean Highland,110,Dog Domestication,15
1939,unlock,87,Kingdom of South romgarranland,Eastern Woodland,54,Electricity,21
1939,unlock,109,Kingdom of North ramitmita,Indic Riverine,23,Engineering,25
1941,unlock,59,Kingdom of North karromdor,Mediterranean Urban,41,Chemistry,22
1942,unlock,17,Empire of South zhozhoxia,East Riverine,70,Transistors,20
1942,unlock,36,North tamtamum,Fertile Crescent,13,Iron Working,17
1944,unlock,17,Empire of South zhozhoxia,East Riverine,76,Integrated Circuit,22
1948,unlock,17,Empire of South zhozhoxia,East Riverine,85,Artificial Intelligence,23
1952,unlock,267,Kingdom of South bellinran,Western Plains,110,Dog Domestication,10
1953,unlock,60,Kingdom of Great doralsel,Central Plain,29,Machinery,20
1954,unlock,6,Kingdom of South nalraradesh,Indic Riverine,29,Machinery,21
1954,unlock,17,Empire of South zhozhoxia,East Riverine,91,Quantum Computing,23
1954,unlock,269,Empire of Old pachpachsuyuna,Andean Highland,115,Counting Tokens and Tallies,13
1962,unlock,87,Kingdom of South romgarranland,Eastern Woodland,63,Mass Production,22
1967,unlock,272,Great tamurad Kingdom,Fertile Crescent,4,Mining,11
1969,unlock,61,Kingdom of Venromnorum,Central Plain,25,Metal Casting,23
1972,unlock,114,Kingdom of Great terlin,Western Plains,103,Bone and Antler Tools,11
1974,unlock,87,Kingdom of South romgarranland,Eastern Woodland,64,Electronics,22
1976,unlock,22,Kingdom of North lilinzho,East Riverine,23,Engineering,12
1978,unlock,87,Kingdom of South romgarranland,Eastern Woodland,69,Computers,23
1982,unlock,62,Kingdom of Old selromum,Atlantic Fringe,13,Iron Working,24
1983,unlock,6,Kingdom of South nalraradesh,Indic Riverine,70,Transistors,22
1983,unlock,259,Old kusllaqtupyu Kingdom,Andean Highland,104,Fishing Technology,12
1985,unlock,257,Kingdom of Old eshsamum,Fertile Crescent,17,Roads,21
1986,unlock,87,Kingdom of South romgarranland,Eastern Woodland,70,Transistors,24
1988,unlock,87,Kingdom of South romgarranland,Eastern Woodland,76,Integrated Circuit,25
1989,unlock,61,Kingdom of Venromnorum,Central Plain,23,Engineering,24
1991,unlock,36,North tamtamum,Fertile Crescent,23,Engineering,18
1992,unlock,6,Kingdom of South nalraradesh,Indic Riverine,76,Integrated Circuit,23
1992,unlock,28,Kingdom of Great tambelan,Fertile Crescent,52,Industrialization,17
1994,unlock,35,New kalbelad Tribe,Fertile Crescent,29,Machinery,23
1995,unlock,6,Kingdom of South nalraradesh,Indic Riverine,85,Artificial Intelligence,24
1997,unlock,113,Kingdom of North xialili,East Riverine,52,Industrialization,16
1999,unlock,6,Kingdom of South nalraradesh,Indic Riverine,91,Quantum Computing,25
1999,unlock,87,Kingdom of South romgarranland,Eastern Woodland,79,Internet,27
2000,unlock,87,Kingdom of South romgarranland,Eastern Woodland,85,Artificial Intelligence,28
2002,unlock,87,Kingdom of South romgarranland,Eastern Woodland,91,Quantum Computing,29
2003,unlock,75,Kingdom of Great tupsuyullaqmarca,Andean Highland,42,Metallurgy,19
2007,unlock,34,Kingdom of Great urninar,Fertile Crescent,63,Mass Production,28
2008,unlock,113,Kingdom of North xialili,East Riverine,51,Steam Engine,17
2013,unlock,247,Empire of North kakabarene,West Sahel,29,Machinery,22
2014,unlock,265,Kingdom of North hanahivamoa,Oceanic Navigators,103,Bone and Antler Tools,8
2024,unlock,28,Kingdom of Great tambelan,Fertile Crescent,51,Steam Engine,18
