{
  "violations": [
    {
      "id": "STORAGE_SMOOTHING_CHEAT",
      "severity": 99.90126172444445,
      "hardfail": false,
      "details": {
        "adequacy_var": 2.4684568888888718e-06,
        "loss_share": 0.020821637650261758
      }
    }
  ]
}