{
  "violations": [
    {
      "id": "STORAGE_SMOOTHING_CHEAT",
      "severity": 99.08180718666667,
      "hardfail": false,
      "details": {
        "adequacy_var": 2.2954820333333395e-05,
        "loss_share": 0.03138053358146527
      }
    }
  ]
}