{
  "violations": [
    {
      "id": "STORAGE_SMOOTHING_CHEAT",
      "severity": 99.20157398666667,
      "hardfail": false,
      "details": {
        "adequacy_var": 1.9960650333333215e-05,
        "loss_share": 0.03653034999392235
      }
    }
  ]
}