year,event_type,country_index,country_name,country_culture,tech_id,tech_name,total_unlocked_techs
-5000,initial,0,New tandranal Tribe,Indic Riverine,100,Cordage and Knots,19
-5000,initial,0,New tandranal Tribe,Indic Riverine,101,Hide Working and Tailored Clothing,19
-5000,initial,0,New tandranal Tribe,Indic Riverine,102,Hafted Stone Tools,19
-5000,initial,0,New tandranal Tribe,Indic Riverine,105,Food Preservation,19
-5000,initial,0,New tandranal Tribe,Indic Riverine,106,Storage Pits and Containers,19
-5000,initial,0,New tandranal Tribe,Indic Riverine,107,Seasonal Aggregation Camps,19
-5000,initial,0,New tandranal Tribe,Indic Riverine,110,Dog Domestication,19
-5000,initial,0,New tandranal Tribe,Indic Riverine,111,Grinding Stones,19
-5000,initial,0,New tandranal Tribe,Indic Riverine,112,Proto-cultivation,19
-5000,initial,0,New tandranal Tribe,Indic Riverine,113,Sedentism,19
-5000,initial,0,New tandranal Tribe,Indic Riverine,114,Enclosures and Herd Management,19
-5000,initial,0,New tandranal Tribe,Indic Riverine,115,Counting Tokens and Tallies,19
-5000,initial,0,New tandranal Tribe,Indic Riverine,116,Charcoal Firing,19
-5000,initial,0,New tandranal Tribe,Indic Riverine,1,Pottery,19
-5000,initial,0,New tandranal Tribe,Indic Riverine,2,Animal Husbandry,19
-5000,initial,0,New tandranal Tribe,Indic Riverine,4,Mining,19
-5000,initial,0,New tandranal Tribe,Indic Riverine,20,Agriculture,19
-5000,initial,0,New tandranal Tribe,Indic Riverine,3,Archery,19
-5000,initial,0,New tandranal Tribe,Indic Riverine,6,Calendar,19
-5000,initial,1,South shavi Tribe,Indic Riverine,100,Cordage and Knots,19
-5000,initial,1,South shavi Tribe,Indic Riverine,101,Hide Working and Tailored Clothing,19
-5000,initial,1,South shavi Tribe,Indic Riverine,102,Hafted Stone Tools,19
-5000,initial,1,South shavi Tribe,Indic Riverine,105,Food Preservation,19
-5000,initial,1,South shavi Tribe,Indic Riverine,106,Storage Pits and Containers,19
-5000,initial,1,South shavi Tribe,Indic Riverine,107,Seasonal Aggregation Camps,19
-5000,initial,1,South shavi Tribe,Indic Riverine,110,Dog Domestication,19
-5000,initial,1,South shavi Tribe,Indic Riverine,111,Grinding Stones,19
-5000,initial,1,South shavi Tribe,Indic Riverine,112,Proto-cultivation,19
-5000,initial,1,South shavi Tribe,Indic Riverine,113,Sedentism,19
-5000,initial,1,South shavi Tribe,Indic Riverine,114,Enclosures and Herd Management,19
-5000,initial,1,South shavi Tribe,Indic Riverine,115,Counting Tokens and Tallies,19
-5000,initial,1,South shavi Tribe,Indic Riverine,116,Charcoal Firing,19
-5000,initial,1,South shavi Tribe,Indic Riverine,1,Pottery,19
-5000,initial,1,South shavi Tribe,Indic Riverine,2,Animal Husbandry,19
-5000,initial,1,South shavi Tribe,Indic Riverine,4,Mining,19
-5000,initial,1,South shavi Tribe,Indic Riverine,20,Agriculture,19
-5000,initial,1,South shavi Tribe,Indic Riverine,3,Archery,19
-5000,initial,1,South shavi Tribe,Indic Riverine,6,Calendar,19
-5000,initial,2,Old shavipur Tribe,Indic Riverine,100,Cordage and Knots,19
-5000,initial,2,Old shavipur Tribe,Indic Riverine,101,Hide Working and Tailored Clothing,19
-5000,initial,2,Old shavipur Tribe,Indic Riverine,102,Hafted Stone Tools,19
-5000,initial,2,Old shavipur Tribe,Indic Riverine,105,Food Preservation,19
-5000,initial,2,Old shavipur Tribe,Indic Riverine,106,Storage Pits and Containers,19
-5000,initial,2,Old shavipur Tribe,Indic Riverine,107,Seasonal Aggregation Camps,19
-5000,initial,2,Old shavipur Tribe,Indic Riverine,110,Dog Domestication,19
-5000,initial,2,Old shavipur Tribe,Indic Riverine,111,Grinding Stones,19
-5000,initial,2,Old shavipur Tribe,Indic Riverine,112,Proto-cultivation,19
-5000,initial,2,Old shavipur Tribe,Indic Riverine,113,Sedentism,19
-5000,initial,2,Old shavipur Tribe,Indic Riverine,114,Enclosures and Herd Management,19
-5000,initial,2,Old shavipur Tribe,Indic Riverine,115,Counting Tokens and Tallies,19
-5000,initial,2,Old shavipur Tribe,Indic Riverine,116,Charcoal Firing,19
-5000,initial,2,Old shavipur Tribe,Indic Riverine,1,Pottery,19
-5000,initial,2,Old shavipur Tribe,Indic Riverine,2,Animal Husbandry,19
-5000,initial,2,Old shavipur Tribe,Indic Riverine,4,Mining,19
-5000,initial,2,Old shavipur Tribe,Indic Riverine,20,Agriculture,19
-5000,initial,2,Old shavipur Tribe,Indic Riverine,3,Archery,19
-5000,initial,2,Old shavipur Tribe,Indic Riverine,6,Calendar,19
-5000,initial,3,North tansurkandesh Tribe,Indic Riverine,100,Cordage and Knots,19
-5000,initial,3,North tansurkandesh Tribe,Indic Riverine,101,Hide Working and Tailored Clothing,19
-5000,initial,3,North tansurkandesh Tribe,Indic Riverine,102,Hafted Stone Tools,19
-5000,initial,3,North tansurkandesh Tribe,Indic Riverine,105,Food Preservation,19
-5000,initial,3,North tansurkandesh Tribe,Indic Riverine,106,Storage Pits and Containers,19
-5000,initial,3,North tansurkandesh Tribe,Indic Riverine,107,Seasonal Aggregation Camps,19
-5000,initial,3,North tansurkandesh Tribe,Indic Riverine,110,Dog Domestication,19
-5000,initial,3,North tansurkandesh Tribe,Indic Riverine,111,Grinding Stones,19
-5000,initial,3,North tansurkandesh Tribe,Indic Riverine,112,Proto-cultivation,19
-5000,initial,3,North tansurkandesh Tribe,Indic Riverine,113,Sedentism,19
-5000,initial,3,North tansurkandesh Tribe,Indic Riverine,114,Enclosures and Herd Management,19
-5000,initial,3,North tansurkandesh Tribe,Indic Riverine,115,Counting Tokens and Tallies,19
-5000,initial,3,North tansurkandesh Tribe,Indic Riverine,116,Charcoal Firing,19
-5000,initial,3,North tansurkandesh Tribe,Indic Riverine,1,Pottery,19
-5000,initial,3,North tansurkandesh Tribe,Indic Riverine,2,Animal Husbandry,19
-5000,initial,3,North tansurkandesh Tribe,Indic Riverine,4,Mining,19
-5000,initial,3,North tansurkandesh Tribe,Indic Riverine,20,Agriculture,19
-5000,initial,3,North tansurkandesh Tribe,Indic Riverine,3,Archery,19
-5000,initial,3,North tansurkandesh Tribe,Indic Riverine,6,Calendar,19
-5000,initial,4,New survia Tribe,Indic Riverine,100,Cordage and Knots,19
-5000,initial,4,New survia Tribe,Indic Riverine,101,Hide Working and Tailored Clothing,19
-5000,initial,4,New survia Tribe,Indic Riverine,102,Hafted Stone Tools,19
-5000,initial,4,New survia Tribe,Indic Riverine,105,Food Preservation,19
-5000,initial,4,New survia Tribe,Indic Riverine,106,Storage Pits and Containers,19
-5000,initial,4,New survia Tribe,Indic Riverine,107,Seasonal Aggregation Camps,19
-5000,initial,4,New survia Tribe,Indic Riverine,110,Dog Domestication,19
-5000,initial,4,New survia Tribe,Indic Riverine,111,Grinding Stones,19
-5000,initial,4,New survia Tribe,Indic Riverine,112,Proto-cultivation,19
-5000,initial,4,New survia Tribe,Indic Riverine,113,Sedentism,19
-5000,initial,4,New survia Tribe,Indic Riverine,114,Enclosures and Herd Management,19
-5000,initial,4,New survia Tribe,Indic Riverine,115,Counting Tokens and Tallies,19
-5000,initial,4,New survia Tribe,Indic Riverine,116,Charcoal Firing,19
-5000,initial,4,New survia Tribe,Indic Riverine,1,Pottery,19
-5000,initial,4,New survia Tribe,Indic Riverine,2,Animal Husbandry,19
-5000,initial,4,New survia Tribe,Indic Riverine,4,Mining,19
-5000,initial,4,New survia Tribe,Indic Riverine,20,Agriculture,19
-5000,initial,4,New survia Tribe,Indic Riverine,3,Archery,19
-5000,initial,4,New survia Tribe,Indic Riverine,6,Calendar,19
-5000,initial,5,South vimitrapur Tribe,Indic Riverine,100,Cordage and Knots,19
-5000,initial,5,South vimitrapur Tribe,Indic Riverine,101,Hide Working and Tailored Clothing,19
-5000,initial,5,South vimitrapur Tribe,Indic Riverine,102,Hafted Stone Tools,19
-5000,initial,5,South vimitrapur Tribe,Indic Riverine,105,Food Preservation,19
-5000,initial,5,South vimitrapur Tribe,Indic Riverine,106,Storage Pits and Containers,19
-5000,initial,5,South vimitrapur Tribe,Indic Riverine,107,Seasonal Aggregation Camps,19
-5000,initial,5,South vimitrapur Tribe,Indic Riverine,110,Dog Domestication,19
-5000,initial,5,South vimitrapur Tribe,Indic Riverine,111,Grinding Stones,19
-5000,initial,5,South vimitrapur Tribe,Indic Riverine,112,Proto-cultivation,19
-5000,initial,5,South vimitrapur Tribe,Indic Riverine,113,Sedentism,19
-5000,initial,5,South vimitrapur Tribe,Indic Riverine,114,Enclosures and Herd Management,19
-5000,initial,5,South vimitrapur Tribe,Indic Riverine,115,Counting Tokens and Tallies,19
-5000,initial,5,South vimitrapur Tribe,Indic Riverine,116,Charcoal Firing,19
-5000,initial,5,South vimitrapur Tribe,Indic Riverine,1,Pottery,19
-5000,initial,5,South vimitrapur Tribe,Indic Riverine,2,Animal Husbandry,19
-5000,initial,5,South vimitrapur Tribe,Indic Riverine,4,Mining,19
-5000,initial,5,South vimitrapur Tribe,Indic Riverine,20,Agriculture,19
-5000,initial,5,South vimitrapur Tribe,Indic Riverine,3,Archery,19
-5000,initial,5,South vimitrapur Tribe,Indic Riverine,6,Calendar,19
-5000,initial,6,Great kankana Tribe,Indic Riverine,100,Cordage and Knots,19
-5000,initial,6,Great kankana Tribe,Indic Riverine,101,Hide Working and Tailored Clothing,19
-5000,initial,6,Great kankana Tribe,Indic Riverine,102,Hafted Stone Tools,19
-5000,initial,6,Great kankana Tribe,Indic Riverine,105,Food Preservation,19
-5000,initial,6,Great kankana Tribe,Indic Riverine,106,Storage Pits and Containers,19
-5000,initial,6,Great kankana Tribe,Indic Riverine,107,Seasonal Aggregation Camps,19
-5000,initial,6,Great kankana Tribe,Indic Riverine,110,Dog Domestication,19
-5000,initial,6,Great kankana Tribe,Indic Riverine,111,Grinding Stones,19
-5000,initial,6,Great kankana Tribe,Indic Riverine,112,Proto-cultivation,19
-5000,initial,6,Great kankana Tribe,Indic Riverine,113,Sedentism,19
-5000,initial,6,Great kankana Tribe,Indic Riverine,114,Enclosures and Herd Management,19
-5000,initial,6,Great kankana Tribe,Indic Riverine,115,Counting Tokens and Tallies,19
-5000,initial,6,Great kankana Tribe,Indic Riverine,116,Charcoal Firing,19
-5000,initial,6,Great kankana Tribe,Indic Riverine,1,Pottery,19
-5000,initial,6,Great kankana Tribe,Indic Riverine,2,Animal Husbandry,19
-5000,initial,6,Great kankana Tribe,Indic Riverine,4,Mining,19
-5000,initial,6,Great kankana Tribe,Indic Riverine,20,Agriculture,19
-5000,initial,6,Great kankana Tribe,Indic Riverine,3,Archery,19
-5000,initial,6,Great kankana Tribe,Indic Riverine,6,Calendar,19
-5000,initial,7,Old shatandranagar Tribe,Indic Riverine,100,Cordage and Knots,19
-5000,initial,7,Old shatandranagar Tribe,Indic Riverine,101,Hide Working and Tailored Clothing,19
-5000,initial,7,Old shatandranagar Tribe,Indic Riverine,102,Hafted Stone Tools,19
-5000,initial,7,Old shatandranagar Tribe,Indic Riverine,105,Food Preservation,19
-5000,initial,7,Old shatandranagar Tribe,Indic Riverine,106,Storage Pits and Containers,19
-5000,initial,7,Old shatandranagar Tribe,Indic Riverine,107,Seasonal Aggregation Camps,19
-5000,initial,7,Old shatandranagar Tribe,Indic Riverine,110,Dog Domestication,19
-5000,initial,7,Old shatandranagar Tribe,Indic Riverine,111,Grinding Stones,19
-5000,initial,7,Old shatandranagar Tribe,Indic Riverine,112,Proto-cultivation,19
-5000,initial,7,Old shatandranagar Tribe,Indic Riverine,113,Sedentism,19
-5000,initial,7,Old shatandranagar Tribe,Indic Riverine,114,Enclosures and Herd Management,19
-5000,initial,7,Old shatandranagar Tribe,Indic Riverine,115,Counting Tokens and Tallies,19
-5000,initial,7,Old shatandranagar Tribe,Indic Riverine,116,Charcoal Firing,19
-5000,initial,7,Old shatandranagar Tribe,Indic Riverine,1,Pottery,19
-5000,initial,7,Old shatandranagar Tribe,Indic Riverine,2,Animal Husbandry,19
-5000,initial,7,Old shatandranagar Tribe,Indic Riverine,4,Mining,19
-5000,initial,7,Old shatandranagar Tribe,Indic Riverine,20,Agriculture,19
-5000,initial,7,Old shatandranagar Tribe,Indic Riverine,3,Archery,19
-5000,initial,7,Old shatandranagar Tribe,Indic Riverine,6,Calendar,19
-5000,initial,8,South shadraa Tribe,Indic Riverine,100,Cordage and Knots,19
-5000,initial,8,South shadraa Tribe,Indic Riverine,101,Hide Working and Tailored Clothing,19
-5000,initial,8,South shadraa Tribe,Indic Riverine,102,Hafted Stone Tools,19
-5000,initial,8,South shadraa Tribe,Indic Riverine,105,Food Preservation,19
-5000,initial,8,South shadraa Tribe,Indic Riverine,106,Storage Pits and Containers,19
-5000,initial,8,South shadraa Tribe,Indic Riverine,107,Seasonal Aggregation Camps,19
-5000,initial,8,South shadraa Tribe,Indic Riverine,110,Dog Domestication,19
-5000,initial,8,South shadraa Tribe,Indic Riverine,111,Grinding Stones,19
-5000,initial,8,South shadraa Tribe,Indic Riverine,112,Proto-cultivation,19
-5000,initial,8,South shadraa Tribe,Indic Riverine,113,Sedentism,19
-5000,initial,8,South shadraa Tribe,Indic Riverine,114,Enclosures and Herd Management,19
-5000,initial,8,South shadraa Tribe,Indic Riverine,115,Counting Tokens and Tallies,19
-5000,initial,8,South shadraa Tribe,Indic Riverine,116,Charcoal Firing,19
-5000,initial,8,South shadraa Tribe,Indic Riverine,1,Pottery,19
-5000,initial,8,South shadraa Tribe,Indic Riverine,2,Animal Husbandry,19
-5000,initial,8,South shadraa Tribe,Indic Riverine,4,Mining,19
-5000,initial,8,South shadraa Tribe,Indic Riverine,20,Agriculture,19
-5000,initial,8,South shadraa Tribe,Indic Riverine,3,Archery,19
-5000,initial,8,South shadraa Tribe,Indic Riverine,6,Calendar,19
-5000,initial,9,North shadravar Tribe,Indic Riverine,100,Cordage and Knots,19
-5000,initial,9,North shadravar Tribe,Indic Riverine,101,Hide Working and Tailored Clothing,19
-5000,initial,9,North shadravar Tribe,Indic Riverine,102,Hafted Stone Tools,19
-5000,initial,9,North shadravar Tribe,Indic Riverine,105,Food Preservation,19
-5000,initial,9,North shadravar Tribe,Indic Riverine,106,Storage Pits and Containers,19
-5000,initial,9,North shadravar Tribe,Indic Riverine,107,Seasonal Aggregation Camps,19
-5000,initial,9,North shadravar Tribe,Indic Riverine,110,Dog Domestication,19
-5000,initial,9,North shadravar Tribe,Indic Riverine,111,Grinding Stones,19
-5000,initial,9,North shadravar Tribe,Indic Riverine,112,Proto-cultivation,19
-5000,initial,9,North shadravar Tribe,Indic Riverine,113,Sedentism,19
-5000,initial,9,North shadravar Tribe,Indic Riverine,114,Enclosures and Herd Management,19
-5000,initial,9,North shadravar Tribe,Indic Riverine,115,Counting Tokens and Tallies,19
-5000,initial,9,North shadravar Tribe,Indic Riverine,116,Charcoal Firing,19
-5000,initial,9,North shadravar Tribe,Indic Riverine,1,Pottery,19
-5000,initial,9,North shadravar Tribe,Indic Riverine,2,Animal Husbandry,19
-5000,initial,9,North shadravar Tribe,Indic Riverine,4,Mining,19
-5000,initial,9,North shadravar Tribe,Indic Riverine,20,Agriculture,19
-5000,initial,9,North shadravar Tribe,Indic Riverine,3,Archery,19
-5000,initial,9,North shadravar Tribe,Indic Riverine,6,Calendar,19
-5000,initial,10,Great vikanvara Tribe,Indic Riverine,100,Cordage and Knots,19
-5000,initial,10,Great vikanvara Tribe,Indic Riverine,101,Hide Working and Tailored Clothing,19
-5000,initial,10,Great vikanvara Tribe,Indic Riverine,102,Hafted Stone Tools,19
-5000,initial,10,Great vikanvara Tribe,Indic Riverine,105,Food Preservation,19
-5000,initial,10,Great vikanvara Tribe,Indic Riverine,106,Storage Pits and Containers,19
-5000,initial,10,Great vikanvara Tribe,Indic Riverine,107,Seasonal Aggregation Camps,19
-5000,initial,10,Great vikanvara Tribe,Indic Riverine,110,Dog Domestication,19
-5000,initial,10,Great vikanvara Tribe,Indic Riverine,111,Grinding Stones,19
-5000,initial,10,Great vikanvara Tribe,Indic Riverine,112,Proto-cultivation,19
-5000,initial,10,Great vikanvara Tribe,Indic Riverine,113,Sedentism,19
-5000,initial,10,Great vikanvara Tribe,Indic Riverine,114,Enclosures and Herd Management,19
-5000,initial,10,Great vikanvara Tribe,Indic Riverine,115,Counting Tokens and Tallies,19
-5000,initial,10,Great vikanvara Tribe,Indic Riverine,116,Charcoal Firing,19
-5000,initial,10,Great vikanvara Tribe,Indic Riverine,1,Pottery,19
-5000,initial,10,Great vikanvara Tribe,Indic Riverine,2,Animal Husbandry,19
-5000,initial,10,Great vikanvara Tribe,Indic Riverine,4,Mining,19
-5000,initial,10,Great vikanvara Tribe,Indic Riverine,20,Agriculture,19
-5000,initial,10,Great vikanvara Tribe,Indic Riverine,3,Archery,19
-5000,initial,10,Great vikanvara Tribe,Indic Riverine,6,Calendar,19
-5000,initial,11,South naltankandesh Tribe,Indic Riverine,100,Cordage and Knots,19
-5000,initial,11,South naltankandesh Tribe,Indic Riverine,101,Hide Working and Tailored Clothing,19
-5000,initial,11,South naltankandesh Tribe,Indic Riverine,102,Hafted Stone Tools,19
-5000,initial,11,South naltankandesh Tribe,Indic Riverine,105,Food Preservation,19
-5000,initial,11,South naltankandesh Tribe,Indic Riverine,106,Storage Pits and Containers,19
-5000,initial,11,South naltankandesh Tribe,Indic Riverine,107,Seasonal Aggregation Camps,19
-5000,initial,11,South naltankandesh Tribe,Indic Riverine,110,Dog Domestication,19
-5000,initial,11,South naltankandesh Tribe,Indic Riverine,111,Grinding Stones,19
-5000,initial,11,South naltankandesh Tribe,Indic Riverine,112,Proto-cultivation,19
-5000,initial,11,South naltankandesh Tribe,Indic Riverine,113,Sedentism,19
-5000,initial,11,South naltankandesh Tribe,Indic Riverine,114,Enclosures and Herd Management,19
-5000,initial,11,South naltankandesh Tribe,Indic Riverine,115,Counting Tokens and Tallies,19
-5000,initial,11,South naltankandesh Tribe,Indic Riverine,116,Charcoal Firing,19
-5000,initial,11,South naltankandesh Tribe,Indic Riverine,1,Pottery,19
-5000,initial,11,South naltankandesh Tribe,Indic Riverine,2,Animal Husbandry,19
-5000,initial,11,South naltankandesh Tribe,Indic Riverine,4,Mining,19
-5000,initial,11,South naltankandesh Tribe,Indic Riverine,20,Agriculture,19
-5000,initial,11,South naltankandesh Tribe,Indic Riverine,3,Archery,19
-5000,initial,11,South naltankandesh Tribe,Indic Riverine,6,Calendar,19
-5000,initial,12,Vivarvipur Tribe,Indic Riverine,100,Cordage and Knots,19
-5000,initial,12,Vivarvipur Tribe,Indic Riverine,101,Hide Working and Tailored Clothing,19
-5000,initial,12,Vivarvipur Tribe,Indic Riverine,102,Hafted Stone Tools,19
-5000,initial,12,Vivarvipur Tribe,Indic Riverine,105,Food Preservation,19
-5000,initial,12,Vivarvipur Tribe,Indic Riverine,106,Storage Pits and Containers,19
-5000,initial,12,Vivarvipur Tribe,Indic Riverine,107,Seasonal Aggregation Camps,19
-5000,initial,12,Vivarvipur Tribe,Indic Riverine,110,Dog Domestication,19
-5000,initial,12,Vivarvipur Tribe,Indic Riverine,111,Grinding Stones,19
-5000,initial,12,Vivarvipur Tribe,Indic Riverine,112,Proto-cultivation,19
-5000,initial,12,Vivarvipur Tribe,Indic Riverine,113,Sedentism,19
-5000,initial,12,Vivarvipur Tribe,Indic Riverine,114,Enclosures and Herd Management,19
-5000,initial,12,Vivarvipur Tribe,Indic Riverine,115,Counting Tokens and Tallies,19
-5000,initial,12,Vivarvipur Tribe,Indic Riverine,116,Charcoal Firing,19
-5000,initial,12,Vivarvipur Tribe,Indic Riverine,1,Pottery,19
-5000,initial,12,Vivarvipur Tribe,Indic Riverine,2,Animal Husbandry,19
-5000,initial,12,Vivarvipur Tribe,Indic Riverine,4,Mining,19
-5000,initial,12,Vivarvipur Tribe,Indic Riverine,20,Agriculture,19
-5000,initial,12,Vivarvipur Tribe,Indic Riverine,3,Archery,19
-5000,initial,12,Vivarvipur Tribe,Indic Riverine,6,Calendar,19
-5000,initial,13,Varvarsurnagar Tribe,Indic Riverine,100,Cordage and Knots,19
-5000,initial,13,Varvarsurnagar Tribe,Indic Riverine,101,Hide Working and Tailored Clothing,19
-5000,initial,13,Varvarsurnagar Tribe,Indic Riverine,102,Hafted Stone Tools,19
-5000,initial,13,Varvarsurnagar Tribe,Indic Riverine,105,Food Preservation,19
-5000,initial,13,Varvarsurnagar Tribe,Indic Riverine,106,Storage Pits and Containers,19
-5000,initial,13,Varvarsurnagar Tribe,Indic Riverine,107,Seasonal Aggregation Camps,19
-5000,initial,13,Varvarsurnagar Tribe,Indic Riverine,110,Dog Domestication,19
-5000,initial,13,Varvarsurnagar Tribe,Indic Riverine,111,Grinding Stones,19
-5000,initial,13,Varvarsurnagar Tribe,Indic Riverine,112,Proto-cultivation,19
-5000,initial,13,Varvarsurnagar Tribe,Indic Riverine,113,Sedentism,19
-5000,initial,13,Varvarsurnagar Tribe,Indic Riverine,114,Enclosures and Herd Management,19
-5000,initial,13,Varvarsurnagar Tribe,Indic Riverine,115,Counting Tokens and Tallies,19
-5000,initial,13,Varvarsurnagar Tribe,Indic Riverine,116,Charcoal Firing,19
-5000,initial,13,Varvarsurnagar Tribe,Indic Riverine,1,Pottery,19
-5000,initial,13,Varvarsurnagar Tribe,Indic Riverine,2,Animal Husbandry,19
-5000,initial,13,Varvarsurnagar Tribe,Indic Riverine,4,Mining,19
-5000,initial,13,Varvarsurnagar Tribe,Indic Riverine,20,Agriculture,19
-5000,initial,13,Varvarsurnagar Tribe,Indic Riverine,3,Archery,19
-5000,initial,13,Varvarsurnagar Tribe,Indic Riverine,6,Calendar,19
-5000,initial,14,New renlizho Tribe,East Riverine,100,Cordage and Knots,19
-5000,initial,14,New renlizho Tribe,East Riverine,101,Hide Working and Tailored Clothing,19
-5000,initial,14,New renlizho Tribe,East Riverine,102,Hafted Stone Tools,19
-5000,initial,14,New renlizho Tribe,East Riverine,105,Food Preservation,19
-5000,initial,14,New renlizho Tribe,East Riverine,106,Storage Pits and Containers,19
-5000,initial,14,New renlizho Tribe,East Riverine,107,Seasonal Aggregation Camps,19
-5000,initial,14,New renlizho Tribe,East Riverine,110,Dog Domestication,19
-5000,initial,14,New renlizho Tribe,East Riverine,111,Grinding Stones,19
-5000,initial,14,New renlizho Tribe,East Riverine,112,Proto-cultivation,19
-5000,initial,14,New renlizho Tribe,East Riverine,113,Sedentism,19
-5000,initial,14,New renlizho Tribe,East Riverine,114,Enclosures and Herd Management,19
-5000,initial,14,New renlizho Tribe,East Riverine,115,Counting Tokens and Tallies,19
-5000,initial,14,New renlizho Tribe,East Riverine,116,Charcoal Firing,19
-5000,initial,14,New renlizho Tribe,East Riverine,1,Pottery,19
-5000,initial,14,New renlizho Tribe,East Riverine,2,Animal Husbandry,19
-5000,initial,14,New renlizho Tribe,East Riverine,4,Mining,19
-5000,initial,14,New renlizho Tribe,East Riverine,20,Agriculture,19
-5000,initial,14,New renlizho Tribe,East Riverine,3,Archery,19
-5000,initial,14,New renlizho Tribe,East Riverine,6,Calendar,19
-5000,initial,15,North zhoqinlinshan Tribe,East Riverine,100,Cordage and Knots,19
-5000,initial,15,North zhoqinlinshan Tribe,East Riverine,101,Hide Working and Tailored Clothing,19
-5000,initial,15,North zhoqinlinshan Tribe,East Riverine,102,Hafted Stone Tools,19
-5000,initial,15,North zhoqinlinshan Tribe,East Riverine,105,Food Preservation,19
-5000,initial,15,North zhoqinlinshan Tribe,East Riverine,106,Storage Pits and Containers,19
-5000,initial,15,North zhoqinlinshan Tribe,East Riverine,107,Seasonal Aggregation Camps,19
-5000,initial,15,North zhoqinlinshan Tribe,East Riverine,110,Dog Domestication,19
-5000,initial,15,North zhoqinlinshan Tribe,East Riverine,111,Grinding Stones,19
-5000,initial,15,North zhoqinlinshan Tribe,East Riverine,112,Proto-cultivation,19
-5000,initial,15,North zhoqinlinshan Tribe,East Riverine,113,Sedentism,19
-5000,initial,15,North zhoqinlinshan Tribe,East Riverine,114,Enclosures and Herd Management,19
-5000,initial,15,North zhoqinlinshan Tribe,East Riverine,115,Counting Tokens and Tallies,19
-5000,initial,15,North zhoqinlinshan Tribe,East Riverine,116,Charcoal Firing,19
-5000,initial,15,North zhoqinlinshan Tribe,East Riverine,1,Pottery,19
-5000,initial,15,North zhoqinlinshan Tribe,East Riverine,2,Animal Husbandry,19
-5000,initial,15,North zhoqinlinshan Tribe,East Riverine,4,Mining,19
-5000,initial,15,North zhoqinlinshan Tribe,East Riverine,20,Agriculture,19
-5000,initial,15,North zhoqinlinshan Tribe,East Riverine,3,Archery,19
-5000,initial,15,North zhoqinlinshan Tribe,East Riverine,6,Calendar,19
-5000,initial,16,New taiminhanguo Tribe,East Riverine,100,Cordage and Knots,19
-5000,initial,16,New taiminhanguo Tribe,East Riverine,101,Hide Working and Tailored Clothing,19
-5000,initial,16,New taiminhanguo Tribe,East Riverine,102,Hafted Stone Tools,19
-5000,initial,16,New taiminhanguo Tribe,East Riverine,105,Food Preservation,19
-5000,initial,16,New taiminhanguo Tribe,East Riverine,106,Storage Pits and Containers,19
-5000,initial,16,New taiminhanguo Tribe,East Riverine,107,Seasonal Aggregation Camps,19
-5000,initial,16,New taiminhanguo Tribe,East Riverine,110,Dog Domestication,19
-5000,initial,16,New taiminhanguo Tribe,East Riverine,111,Grinding Stones,19
-5000,initial,16,New taiminhanguo Tribe,East Riverine,112,Proto-cultivation,19
-5000,initial,16,New taiminhanguo Tribe,East Riverine,113,Sedentism,19
-5000,initial,16,New taiminhanguo Tribe,East Riverine,114,Enclosures and Herd Management,19
-5000,initial,16,New taiminhanguo Tribe,East Riverine,115,Counting Tokens and Tallies,19
-5000,initial,16,New taiminhanguo Tribe,East Riverine,116,Charcoal Firing,19
-5000,initial,16,New taiminhanguo Tribe,East Riverine,1,Pottery,19
-5000,initial,16,New taiminhanguo Tribe,East Riverine,2,Animal Husbandry,19
-5000,initial,16,New taiminhanguo Tribe,East Riverine,4,Mining,19
-5000,initial,16,New taiminhanguo Tribe,East Riverine,20,Agriculture,19
-5000,initial,16,New taiminhanguo Tribe,East Riverine,3,Archery,19
-5000,initial,16,New taiminhanguo Tribe,East Riverine,6,Calendar,19
-5000,initial,17,South qinhanminling Tribe,East Riverine,100,Cordage and Knots,19
-5000,initial,17,South qinhanminling Tribe,East Riverine,101,Hide Working and Tailored Clothing,19
-5000,initial,17,South qinhanminling Tribe,East Riverine,102,Hafted Stone Tools,19
-5000,initial,17,South qinhanminling Tribe,East Riverine,105,Food Preservation,19
-5000,initial,17,South qinhanminling Tribe,East Riverine,106,Storage Pits and Containers,19
-5000,initial,17,South qinhanminling Tribe,East Riverine,107,Seasonal Aggregation Camps,19
-5000,initial,17,South qinhanminling Tribe,East Riverine,110,Dog Domestication,19
-5000,initial,17,South qinhanminling Tribe,East Riverine,111,Grinding Stones,19
-5000,initial,17,South qinhanminling Tribe,East Riverine,112,Proto-cultivation,19
-5000,initial,17,South qinhanminling Tribe,East Riverine,113,Sedentism,19
-5000,initial,17,South qinhanminling Tribe,East Riverine,114,Enclosures and Herd Management,19
-5000,initial,17,South qinhanminling Tribe,East Riverine,115,Counting Tokens and Tallies,19
-5000,initial,17,South qinhanminling Tribe,East Riverine,116,Charcoal Firing,19
-5000,initial,17,South qinhanminling Tribe,East Riverine,1,Pottery,19
-5000,initial,17,South qinhanminling Tribe,East Riverine,2,Animal Husbandry,19
-5000,initial,17,South qinhanminling Tribe,East Riverine,4,Mining,19
-5000,initial,17,South qinhanminling Tribe,East Riverine,20,Agriculture,19
-5000,initial,17,South qinhanminling Tribe,East Riverine,3,Archery,19
-5000,initial,17,South qinhanminling Tribe,East Riverine,6,Calendar,19
-5000,initial,18,South hanrenlizhou Tribe,East Riverine,100,Cordage and Knots,19
-5000,initial,18,South hanrenlizhou Tribe,East Riverine,101,Hide Working and Tailored Clothing,19
-5000,initial,18,South hanrenlizhou Tribe,East Riverine,102,Hafted Stone Tools,19
-5000,initial,18,South hanrenlizhou Tribe,East Riverine,105,Food Preservation,19
-5000,initial,18,South hanrenlizhou Tribe,East Riverine,106,Storage Pits and Containers,19
-5000,initial,18,South hanrenlizhou Tribe,East Riverine,107,Seasonal Aggregation Camps,19
-5000,initial,18,South hanrenlizhou Tribe,East Riverine,110,Dog Domestication,19
-5000,initial,18,South hanrenlizhou Tribe,East Riverine,111,Grinding Stones,19
-5000,initial,18,South hanrenlizhou Tribe,East Riverine,112,Proto-cultivation,19
-5000,initial,18,South hanrenlizhou Tribe,East Riverine,113,Sedentism,19
-5000,initial,18,South hanrenlizhou Tribe,East Riverine,114,Enclosures and Herd Management,19
-5000,initial,18,South hanrenlizhou Tribe,East Riverine,115,Counting Tokens and Tallies,19
-5000,initial,18,South hanrenlizhou Tribe,East Riverine,116,Charcoal Firing,19
-5000,initial,18,South hanrenlizhou Tribe,East Riverine,1,Pottery,19
-5000,initial,18,South hanrenlizhou Tribe,East Riverine,2,Animal Husbandry,19
-5000,initial,18,South hanrenlizhou Tribe,East Riverine,4,Mining,19
-5000,initial,18,South hanrenlizhou Tribe,East Riverine,20,Agriculture,19
-5000,initial,18,South hanrenlizhou Tribe,East Riverine,3,Archery,19
-5000,initial,18,South hanrenlizhou Tribe,East Riverine,6,Calendar,19
-5000,initial,19,North weiqinxiazhou Tribe,East Riverine,100,Cordage and Knots,19
-5000,initial,19,North weiqinxiazhou Tribe,East Riverine,101,Hide Working and Tailored Clothing,19
-5000,initial,19,North weiqinxiazhou Tribe,East Riverine,102,Hafted Stone Tools,19
-5000,initial,19,North weiqinxiazhou Tribe,East Riverine,105,Food Preservation,19
-5000,initial,19,North weiqinxiazhou Tribe,East Riverine,106,Storage Pits and Containers,19
-5000,initial,19,North weiqinxiazhou Tribe,East Riverine,107,Seasonal Aggregation Camps,19
-5000,initial,19,North weiqinxiazhou Tribe,East Riverine,110,Dog Domestication,19
-5000,initial,19,North weiqinxiazhou Tribe,East Riverine,111,Grinding Stones,19
-5000,initial,19,North weiqinxiazhou Tribe,East Riverine,112,Proto-cultivation,19
-5000,initial,19,North weiqinxiazhou Tribe,East Riverine,113,Sedentism,19
-5000,initial,19,North weiqinxiazhou Tribe,East Riverine,114,Enclosures and Herd Management,19
-5000,initial,19,North weiqinxiazhou Tribe,East Riverine,115,Counting Tokens and Tallies,19
-5000,initial,19,North weiqinxiazhou Tribe,East Riverine,116,Charcoal Firing,19
-5000,initial,19,North weiqinxiazhou Tribe,East Riverine,1,Pottery,19
-5000,initial,19,North weiqinxiazhou Tribe,East Riverine,2,Animal Husbandry,19
-5000,initial,19,North weiqinxiazhou Tribe,East Riverine,4,Mining,19
-5000,initial,19,North weiqinxiazhou Tribe,East Riverine,20,Agriculture,19
-5000,initial,19,North weiqinxiazhou Tribe,East Riverine,3,Archery,19
-5000,initial,19,North weiqinxiazhou Tribe,East Riverine,6,Calendar,19
-5000,initial,20,Great minweishan Tribe,East Riverine,100,Cordage and Knots,19
-5000,initial,20,Great minweishan Tribe,East Riverine,101,Hide Working and Tailored Clothing,19
-5000,initial,20,Great minweishan Tribe,East Riverine,102,Hafted Stone Tools,19
-5000,initial,20,Great minweishan Tribe,East Riverine,105,Food Preservation,19
-5000,initial,20,Great minweishan Tribe,East Riverine,106,Storage Pits and Containers,19
-5000,initial,20,Great minweishan Tribe,East Riverine,107,Seasonal Aggregation Camps,19
-5000,initial,20,Great minweishan Tribe,East Riverine,110,Dog Domestication,19
-5000,initial,20,Great minweishan Tribe,East Riverine,111,Grinding Stones,19
-5000,initial,20,Great minweishan Tribe,East Riverine,112,Proto-cultivation,19
-5000,initial,20,Great minweishan Tribe,East Riverine,113,Sedentism,19
-5000,initial,20,Great minweishan Tribe,East Riverine,114,Enclosures and Herd Management,19
-5000,initial,20,Great minweishan Tribe,East Riverine,115,Counting Tokens and Tallies,19
-5000,initial,20,Great minweishan Tribe,East Riverine,116,Charcoal Firing,19
-5000,initial,20,Great minweishan Tribe,East Riverine,1,Pottery,19
-5000,initial,20,Great minweishan Tribe,East Riverine,2,Animal Husbandry,19
-5000,initial,20,Great minweishan Tribe,East Riverine,4,Mining,19
-5000,initial,20,Great minweishan Tribe,East Riverine,20,Agriculture,19
-5000,initial,20,Great minweishan Tribe,East Riverine,3,Archery,19
-5000,initial,20,Great minweishan Tribe,East Riverine,6,Calendar,19
-5000,initial,21,Qinlin Tribe,East Riverine,100,Cordage and Knots,19
-5000,initial,21,Qinlin Tribe,East Riverine,101,Hide Working and Tailored Clothing,19
-5000,initial,21,Qinlin Tribe,East Riverine,102,Hafted Stone Tools,19
-5000,initial,21,Qinlin Tribe,East Riverine,105,Food Preservation,19
-5000,initial,21,Qinlin Tribe,East Riverine,106,Storage Pits and Containers,19
-5000,initial,21,Qinlin Tribe,East Riverine,107,Seasonal Aggregation Camps,19
-5000,initial,21,Qinlin Tribe,East Riverine,110,Dog Domestication,19
-5000,initial,21,Qinlin Tribe,East Riverine,111,Grinding Stones,19
-5000,initial,21,Qinlin Tribe,East Riverine,112,Proto-cultivation,19
-5000,initial,21,Qinlin Tribe,East Riverine,113,Sedentism,19
-5000,initial,21,Qinlin Tribe,East Riverine,114,Enclosures and Herd Management,19
-5000,initial,21,Qinlin Tribe,East Riverine,115,Counting Tokens and Tallies,19
-5000,initial,21,Qinlin Tribe,East Riverine,116,Charcoal Firing,19
-5000,initial,21,Qinlin Tribe,East Riverine,1,Pottery,19
-5000,initial,21,Qinlin Tribe,East Riverine,2,Animal Husbandry,19
-5000,initial,21,Qinlin Tribe,East Riverine,4,Mining,19
-5000,initial,21,Qinlin Tribe,East Riverine,20,Agriculture,19
-5000,initial,21,Qinlin Tribe,East Riverine,3,Archery,19
-5000,initial,21,Qinlin Tribe,East Riverine,6,Calendar,19
-5000,initial,22,Linzhozhou Tribe,East Riverine,100,Cordage and Knots,19
-5000,initial,22,Linzhozhou Tribe,East Riverine,101,Hide Working and Tailored Clothing,19
-5000,initial,22,Linzhozhou Tribe,East Riverine,102,Hafted Stone Tools,19
-5000,initial,22,Linzhozhou Tribe,East Riverine,105,Food Preservation,19
-5000,initial,22,Linzhozhou Tribe,East Riverine,106,Storage Pits and Containers,19
-5000,initial,22,Linzhozhou Tribe,East Riverine,107,Seasonal Aggregation Camps,19
-5000,initial,22,Linzhozhou Tribe,East Riverine,110,Dog Domestication,19
-5000,initial,22,Linzhozhou Tribe,East Riverine,111,Grinding Stones,19
-5000,initial,22,Linzhozhou Tribe,East Riverine,112,Proto-cultivation,19
-5000,initial,22,Linzhozhou Tribe,East Riverine,113,Sedentism,19
-5000,initial,22,Linzhozhou Tribe,East Riverine,114,Enclosures and Herd Management,19
-5000,initial,22,Linzhozhou Tribe,East Riverine,115,Counting Tokens and Tallies,19
-5000,initial,22,Linzhozhou Tribe,East Riverine,116,Charcoal Firing,19
-5000,initial,22,Linzhozhou Tribe,East Riverine,1,Pottery,19
-5000,initial,22,Linzhozhou Tribe,East Riverine,2,Animal Husbandry,19
-5000,initial,22,Linzhozhou Tribe,East Riverine,4,Mining,19
-5000,initial,22,Linzhozhou Tribe,East Riverine,20,Agriculture,19
-5000,initial,22,Linzhozhou Tribe,East Riverine,3,Archery,19
-5000,initial,22,Linzhozhou Tribe,East Riverine,6,Calendar,19
-5000,initial,23,New zhohanlinzhou Tribe,East Riverine,100,Cordage and Knots,19
-5000,initial,23,New zhohanlinzhou Tribe,East Riverine,101,Hide Working and Tailored Clothing,19
-5000,initial,23,New zhohanlinzhou Tribe,East Riverine,102,Hafted Stone Tools,19
-5000,initial,23,New zhohanlinzhou Tribe,East Riverine,105,Food Preservation,19
-5000,initial,23,New zhohanlinzhou Tribe,East Riverine,106,Storage Pits and Containers,19
-5000,initial,23,New zhohanlinzhou Tribe,East Riverine,107,Seasonal Aggregation Camps,19
-5000,initial,23,New zhohanlinzhou Tribe,East Riverine,110,Dog Domestication,19
-5000,initial,23,New zhohanlinzhou Tribe,East Riverine,111,Grinding Stones,19
-5000,initial,23,New zhohanlinzhou Tribe,East Riverine,112,Proto-cultivation,19
-5000,initial,23,New zhohanlinzhou Tribe,East Riverine,113,Sedentism,19
-5000,initial,23,New zhohanlinzhou Tribe,East Riverine,114,Enclosures and Herd Management,19
-5000,initial,23,New zhohanlinzhou Tribe,East Riverine,115,Counting Tokens and Tallies,19
-5000,initial,23,New zhohanlinzhou Tribe,East Riverine,116,Charcoal Firing,19
-5000,initial,23,New zhohanlinzhou Tribe,East Riverine,1,Pottery,19
-5000,initial,23,New zhohanlinzhou Tribe,East Riverine,2,Animal Husbandry,19
-5000,initial,23,New zhohanlinzhou Tribe,East Riverine,4,Mining,19
-5000,initial,23,New zhohanlinzhou Tribe,East Riverine,20,Agriculture,19
-5000,initial,23,New zhohanlinzhou Tribe,East Riverine,3,Archery,19
-5000,initial,23,New zhohanlinzhou Tribe,East Riverine,6,Calendar,19
-5000,initial,24,North hanweihanshan Tribe,East Riverine,100,Cordage and Knots,19
-5000,initial,24,North hanweihanshan Tribe,East Riverine,101,Hide Working and Tailored Clothing,19
-5000,initial,24,North hanweihanshan Tribe,East Riverine,102,Hafted Stone Tools,19
-5000,initial,24,North hanweihanshan Tribe,East Riverine,105,Food Preservation,19
-5000,initial,24,North hanweihanshan Tribe,East Riverine,106,Storage Pits and Containers,19
-5000,initial,24,North hanweihanshan Tribe,East Riverine,107,Seasonal Aggregation Camps,19
-5000,initial,24,North hanweihanshan Tribe,East Riverine,110,Dog Domestication,19
-5000,initial,24,North hanweihanshan Tribe,East Riverine,111,Grinding Stones,19
-5000,initial,24,North hanweihanshan Tribe,East Riverine,112,Proto-cultivation,19
-5000,initial,24,North hanweihanshan Tribe,East Riverine,113,Sedentism,19
-5000,initial,24,North hanweihanshan Tribe,East Riverine,114,Enclosures and Herd Management,19
-5000,initial,24,North hanweihanshan Tribe,East Riverine,115,Counting Tokens and Tallies,19
-5000,initial,24,North hanweihanshan Tribe,East Riverine,116,Charcoal Firing,19
-5000,initial,24,North hanweihanshan Tribe,East Riverine,1,Pottery,19
-5000,initial,24,North hanweihanshan Tribe,East Riverine,2,Animal Husbandry,19
-5000,initial,24,North hanweihanshan Tribe,East Riverine,4,Mining,19
-5000,initial,24,North hanweihanshan Tribe,East Riverine,20,Agriculture,19
-5000,initial,24,North hanweihanshan Tribe,East Riverine,3,Archery,19
-5000,initial,24,North hanweihanshan Tribe,East Riverine,6,Calendar,19
-5000,initial,25,Great weilililing Tribe,East Riverine,100,Cordage and Knots,19
-5000,initial,25,Great weilililing Tribe,East Riverine,101,Hide Working and Tailored Clothing,19
-5000,initial,25,Great weilililing Tribe,East Riverine,102,Hafted Stone Tools,19
-5000,initial,25,Great weilililing Tribe,East Riverine,105,Food Preservation,19
-5000,initial,25,Great weilililing Tribe,East Riverine,106,Storage Pits and Containers,19
-5000,initial,25,Great weilililing Tribe,East Riverine,107,Seasonal Aggregation Camps,19
-5000,initial,25,Great weilililing Tribe,East Riverine,110,Dog Domestication,19
-5000,initial,25,Great weilililing Tribe,East Riverine,111,Grinding Stones,19
-5000,initial,25,Great weilililing Tribe,East Riverine,112,Proto-cultivation,19
-5000,initial,25,Great weilililing Tribe,East Riverine,113,Sedentism,19
-5000,initial,25,Great weilililing Tribe,East Riverine,114,Enclosures and Herd Management,19
-5000,initial,25,Great weilililing Tribe,East Riverine,115,Counting Tokens and Tallies,19
-5000,initial,25,Great weilililing Tribe,East Riverine,116,Charcoal Firing,19
-5000,initial,25,Great weilililing Tribe,East Riverine,1,Pottery,19
-5000,initial,25,Great weilililing Tribe,East Riverine,2,Animal Husbandry,19
-5000,initial,25,Great weilililing Tribe,East Riverine,4,Mining,19
-5000,initial,25,Great weilililing Tribe,East Riverine,20,Agriculture,19
-5000,initial,25,Great weilililing Tribe,East Riverine,3,Archery,19
-5000,initial,25,Great weilililing Tribe,East Riverine,6,Calendar,19
-5000,initial,26,Linminrenguo Tribe,East Riverine,100,Cordage and Knots,19
-5000,initial,26,Linminrenguo Tribe,East Riverine,101,Hide Working and Tailored Clothing,19
-5000,initial,26,Linminrenguo Tribe,East Riverine,102,Hafted Stone Tools,19
-5000,initial,26,Linminrenguo Tribe,East Riverine,105,Food Preservation,19
-5000,initial,26,Linminrenguo Tribe,East Riverine,106,Storage Pits and Containers,19
-5000,initial,26,Linminrenguo Tribe,East Riverine,107,Seasonal Aggregation Camps,19
-5000,initial,26,Linminrenguo Tribe,East Riverine,110,Dog Domestication,19
-5000,initial,26,Linminrenguo Tribe,East Riverine,111,Grinding Stones,19
-5000,initial,26,Linminrenguo Tribe,East Riverine,112,Proto-cultivation,19
-5000,initial,26,Linminrenguo Tribe,East Riverine,113,Sedentism,19
-5000,initial,26,Linminrenguo Tribe,East Riverine,114,Enclosures and Herd Management,19
-5000,initial,26,Linminrenguo Tribe,East Riverine,115,Counting Tokens and Tallies,19
-5000,initial,26,Linminrenguo Tribe,East Riverine,116,Charcoal Firing,19
-5000,initial,26,Linminrenguo Tribe,East Riverine,1,Pottery,19
-5000,initial,26,Linminrenguo Tribe,East Riverine,2,Animal Husbandry,19
-5000,initial,26,Linminrenguo Tribe,East Riverine,4,Mining,19
-5000,initial,26,Linminrenguo Tribe,East Riverine,20,Agriculture,19
-5000,initial,26,Linminrenguo Tribe,East Riverine,3,Archery,19
-5000,initial,26,Linminrenguo Tribe,East Riverine,6,Calendar,19
-5000,initial,28,New samsaman Tribe,Fertile Crescent,100,Cordage and Knots,21
-5000,initial,28,New samsaman Tribe,Fertile Crescent,101,Hide Working and Tailored Clothing,21
-5000,initial,28,New samsaman Tribe,Fertile Crescent,102,Hafted Stone Tools,21
-5000,initial,28,New samsaman Tribe,Fertile Crescent,105,Food Preservation,21
-5000,initial,28,New samsaman Tribe,Fertile Crescent,106,Storage Pits and Containers,21
-5000,initial,28,New samsaman Tribe,Fertile Crescent,107,Seasonal Aggregation Camps,21
-5000,initial,28,New samsaman Tribe,Fertile Crescent,110,Dog Domestication,21
-5000,initial,28,New samsaman Tribe,Fertile Crescent,111,Grinding Stones,21
-5000,initial,28,New samsaman Tribe,Fertile Crescent,112,Proto-cultivation,21
-5000,initial,28,New samsaman Tribe,Fertile Crescent,113,Sedentism,21
-5000,initial,28,New samsaman Tribe,Fertile Crescent,114,Enclosures and Herd Management,21
-5000,initial,28,New samsaman Tribe,Fertile Crescent,115,Counting Tokens and Tallies,21
-5000,initial,28,New samsaman Tribe,Fertile Crescent,116,Charcoal Firing,21
-5000,initial,28,New samsaman Tribe,Fertile Crescent,1,Pottery,21
-5000,initial,28,New samsaman Tribe,Fertile Crescent,119,Native Copper Working,21
-5000,initial,28,New samsaman Tribe,Fertile Crescent,2,Animal Husbandry,21
-5000,initial,28,New samsaman Tribe,Fertile Crescent,4,Mining,21
-5000,initial,28,New samsaman Tribe,Fertile Crescent,20,Agriculture,21
-5000,initial,28,New samsaman Tribe,Fertile Crescent,3,Archery,21
-5000,initial,28,New samsaman Tribe,Fertile Crescent,6,Calendar,21
-5000,initial,28,New samsaman Tribe,Fertile Crescent,10,Irrigation,21
-5000,initial,29,South belkal Tribe,Fertile Crescent,100,Cordage and Knots,21
-5000,initial,29,South belkal Tribe,Fertile Crescent,101,Hide Working and Tailored Clothing,21
-5000,initial,29,South belkal Tribe,Fertile Crescent,102,Hafted Stone Tools,21
-5000,initial,29,South belkal Tribe,Fertile Crescent,105,Food Preservation,21
-5000,initial,29,South belkal Tribe,Fertile Crescent,106,Storage Pits and Containers,21
-5000,initial,29,South belkal Tribe,Fertile Crescent,107,Seasonal Aggregation Camps,21
-5000,initial,29,South belkal Tribe,Fertile Crescent,110,Dog Domestication,21
-5000,initial,29,South belkal Tribe,Fertile Crescent,111,Grinding Stones,21
-5000,initial,29,South belkal Tribe,Fertile Crescent,112,Proto-cultivation,21
-5000,initial,29,South belkal Tribe,Fertile Crescent,113,Sedentism,21
-5000,initial,29,South belkal Tribe,Fertile Crescent,114,Enclosures and Herd Management,21
-5000,initial,29,South belkal Tribe,Fertile Crescent,115,Counting Tokens and Tallies,21
-5000,initial,29,South belkal Tribe,Fertile Crescent,116,Charcoal Firing,21
-5000,initial,29,South belkal Tribe,Fertile Crescent,1,Pottery,21
-5000,initial,29,South belkal Tribe,Fertile Crescent,119,Native Copper Working,21
-5000,initial,29,South belkal Tribe,Fertile Crescent,2,Animal Husbandry,21
-5000,initial,29,South belkal Tribe,Fertile Crescent,4,Mining,21
-5000,initial,29,South belkal Tribe,Fertile Crescent,20,Agriculture,21
-5000,initial,29,South belkal Tribe,Fertile Crescent,3,Archery,21
-5000,initial,29,South belkal Tribe,Fertile Crescent,6,Calendar,21
-5000,initial,29,South belkal Tribe,Fertile Crescent,10,Irrigation,21
-5000,initial,30,Areshan Tribe,Fertile Crescent,100,Cordage and Knots,21
-5000,initial,30,Areshan Tribe,Fertile Crescent,101,Hide Working and Tailored Clothing,21
-5000,initial,30,Areshan Tribe,Fertile Crescent,102,Hafted Stone Tools,21
-5000,initial,30,Areshan Tribe,Fertile Crescent,105,Food Preservation,21
-5000,initial,30,Areshan Tribe,Fertile Crescent,106,Storage Pits and Containers,21
-5000,initial,30,Areshan Tribe,Fertile Crescent,107,Seasonal Aggregation Camps,21
-5000,initial,30,Areshan Tribe,Fertile Crescent,110,Dog Domestication,21
-5000,initial,30,Areshan Tribe,Fertile Crescent,111,Grinding Stones,21
-5000,initial,30,Areshan Tribe,Fertile Crescent,112,Proto-cultivation,21
-5000,initial,30,Areshan Tribe,Fertile Crescent,113,Sedentism,21
-5000,initial,30,Areshan Tribe,Fertile Crescent,114,Enclosures and Herd Management,21
-5000,initial,30,Areshan Tribe,Fertile Crescent,115,Counting Tokens and Tallies,21
-5000,initial,30,Areshan Tribe,Fertile Crescent,116,Charcoal Firing,21
-5000,initial,30,Areshan Tribe,Fertile Crescent,1,Pottery,21
-5000,initial,30,Areshan Tribe,Fertile Crescent,119,Native Copper Working,21
-5000,initial,30,Areshan Tribe,Fertile Crescent,2,Animal Husbandry,21
-5000,initial,30,Areshan Tribe,Fertile Crescent,4,Mining,21
-5000,initial,30,Areshan Tribe,Fertile Crescent,20,Agriculture,21
-5000,initial,30,Areshan Tribe,Fertile Crescent,3,Archery,21
-5000,initial,30,Areshan Tribe,Fertile Crescent,6,Calendar,21
-5000,initial,30,Areshan Tribe,Fertile Crescent,10,Irrigation,21
-5000,initial,31,Belninar Tribe,Fertile Crescent,100,Cordage and Knots,21
-5000,initial,31,Belninar Tribe,Fertile Crescent,101,Hide Working and Tailored Clothing,21
-5000,initial,31,Belninar Tribe,Fertile Crescent,102,Hafted Stone Tools,21
-5000,initial,31,Belninar Tribe,Fertile Crescent,105,Food Preservation,21
-5000,initial,31,Belninar Tribe,Fertile Crescent,106,Storage Pits and Containers,21
-5000,initial,31,Belninar Tribe,Fertile Crescent,107,Seasonal Aggregation Camps,21
-5000,initial,31,Belninar Tribe,Fertile Crescent,110,Dog Domestication,21
-5000,initial,31,Belninar Tribe,Fertile Crescent,111,Grinding Stones,21
-5000,initial,31,Belninar Tribe,Fertile Crescent,112,Proto-cultivation,21
-5000,initial,31,Belninar Tribe,Fertile Crescent,113,Sedentism,21
-5000,initial,31,Belninar Tribe,Fertile Crescent,114,Enclosures and Herd Management,21
-5000,initial,31,Belninar Tribe,Fertile Crescent,115,Counting Tokens and Tallies,21
-5000,initial,31,Belninar Tribe,Fertile Crescent,116,Charcoal Firing,21
-5000,initial,31,Belninar Tribe,Fertile Crescent,1,Pottery,21
-5000,initial,31,Belninar Tribe,Fertile Crescent,119,Native Copper Working,21
-5000,initial,31,Belninar Tribe,Fertile Crescent,2,Animal Husbandry,21
-5000,initial,31,Belninar Tribe,Fertile Crescent,4,Mining,21
-5000,initial,31,Belninar Tribe,Fertile Crescent,20,Agriculture,21
-5000,initial,31,Belninar Tribe,Fertile Crescent,3,Archery,21
-5000,initial,31,Belninar Tribe,Fertile Crescent,6,Calendar,21
-5000,initial,31,Belninar Tribe,Fertile Crescent,10,Irrigation,21
-5000,initial,32,Great ashbarsamum Tribe,Fertile Crescent,100,Cordage and Knots,21
-5000,initial,32,Great ashbarsamum Tribe,Fertile Crescent,101,Hide Working and Tailored Clothing,21
-5000,initial,32,Great ashbarsamum Tribe,Fertile Crescent,102,Hafted Stone Tools,21
-5000,initial,32,Great ashbarsamum Tribe,Fertile Crescent,105,Food Preservation,21
-5000,initial,32,Great ashbarsamum Tribe,Fertile Crescent,106,Storage Pits and Containers,21
-5000,initial,32,Great ashbarsamum Tribe,Fertile Crescent,107,Seasonal Aggregation Camps,21
-5000,initial,32,Great ashbarsamum Tribe,Fertile Crescent,110,Dog Domestication,21
-5000,initial,32,Great ashbarsamum Tribe,Fertile Crescent,111,Grinding Stones,21
-5000,initial,32,Great ashbarsamum Tribe,Fertile Crescent,112,Proto-cultivation,21
-5000,initial,32,Great ashbarsamum Tribe,Fertile Crescent,113,Sedentism,21
-5000,initial,32,Great ashbarsamum Tribe,Fertile Crescent,114,Enclosures and Herd Management,21
-5000,initial,32,Great ashbarsamum Tribe,Fertile Crescent,115,Counting Tokens and Tallies,21
-5000,initial,32,Great ashbarsamum Tribe,Fertile Crescent,116,Charcoal Firing,21
-5000,initial,32,Great ashbarsamum Tribe,Fertile Crescent,1,Pottery,21
-5000,initial,32,Great ashbarsamum Tribe,Fertile Crescent,119,Native Copper Working,21
-5000,initial,32,Great ashbarsamum Tribe,Fertile Crescent,2,Animal Husbandry,21
-5000,initial,32,Great ashbarsamum Tribe,Fertile Crescent,4,Mining,21
-5000,initial,32,Great ashbarsamum Tribe,Fertile Crescent,20,Agriculture,21
-5000,initial,32,Great ashbarsamum Tribe,Fertile Crescent,3,Archery,21
-5000,initial,32,Great ashbarsamum Tribe,Fertile Crescent,6,Calendar,21
-5000,initial,32,Great ashbarsamum Tribe,Fertile Crescent,10,Irrigation,21
-5000,initial,33,Great eshurashar Tribe,Fertile Crescent,100,Cordage and Knots,21
-5000,initial,33,Great eshurashar Tribe,Fertile Crescent,101,Hide Working and Tailored Clothing,21
-5000,initial,33,Great eshurashar Tribe,Fertile Crescent,102,Hafted Stone Tools,21
-5000,initial,33,Great eshurashar Tribe,Fertile Crescent,105,Food Preservation,21
-5000,initial,33,Great eshurashar Tribe,Fertile Crescent,106,Storage Pits and Containers,21
-5000,initial,33,Great eshurashar Tribe,Fertile Crescent,107,Seasonal Aggregation Camps,21
-5000,initial,33,Great eshurashar Tribe,Fertile Crescent,110,Dog Domestication,21
-5000,initial,33,Great eshurashar Tribe,Fertile Crescent,111,Grinding Stones,21
-5000,initial,33,Great eshurashar Tribe,Fertile Crescent,112,Proto-cultivation,21
-5000,initial,33,Great eshurashar Tribe,Fertile Crescent,113,Sedentism,21
-5000,initial,33,Great eshurashar Tribe,Fertile Crescent,114,Enclosures and Herd Management,21
-5000,initial,33,Great eshurashar Tribe,Fertile Crescent,115,Counting Tokens and Tallies,21
-5000,initial,33,Great eshurashar Tribe,Fertile Crescent,116,Charcoal Firing,21
-5000,initial,33,Great eshurashar Tribe,Fertile Crescent,1,Pottery,21
-5000,initial,33,Great eshurashar Tribe,Fertile Crescent,119,Native Copper Working,21
-5000,initial,33,Great eshurashar Tribe,Fertile Crescent,2,Animal Husbandry,21
-5000,initial,33,Great eshurashar Tribe,Fertile Crescent,4,Mining,21
-5000,initial,33,Great eshurashar Tribe,Fertile Crescent,20,Agriculture,21
-5000,initial,33,Great eshurashar Tribe,Fertile Crescent,3,Archery,21
-5000,initial,33,Great eshurashar Tribe,Fertile Crescent,6,Calendar,21
-5000,initial,33,Great eshurashar Tribe,Fertile Crescent,10,Irrigation,21
-5000,initial,34,Great ashbarar Tribe,Fertile Crescent,100,Cordage and Knots,21
-5000,initial,34,Great ashbarar Tribe,Fertile Crescent,101,Hide Working and Tailored Clothing,21
-5000,initial,34,Great ashbarar Tribe,Fertile Crescent,102,Hafted Stone Tools,21
-5000,initial,34,Great ashbarar Tribe,Fertile Crescent,105,Food Preservation,21
-5000,initial,34,Great ashbarar Tribe,Fertile Crescent,106,Storage Pits and Containers,21
-5000,initial,34,Great ashbarar Tribe,Fertile Crescent,107,Seasonal Aggregation Camps,21
-5000,initial,34,Great ashbarar Tribe,Fertile Crescent,110,Dog Domestication,21
-5000,initial,34,Great ashbarar Tribe,Fertile Crescent,111,Grinding Stones,21
-5000,initial,34,Great ashbarar Tribe,Fertile Crescent,112,Proto-cultivation,21
-5000,initial,34,Great ashbarar Tribe,Fertile Crescent,113,Sedentism,21
-5000,initial,34,Great ashbarar Tribe,Fertile Crescent,114,Enclosures and Herd Management,21
-5000,initial,34,Great ashbarar Tribe,Fertile Crescent,115,Counting Tokens and Tallies,21
-5000,initial,34,Great ashbarar Tribe,Fertile Crescent,116,Charcoal Firing,21
-5000,initial,34,Great ashbarar Tribe,Fertile Crescent,1,Pottery,21
-5000,initial,34,Great ashbarar Tribe,Fertile Crescent,119,Native Copper Working,21
-5000,initial,34,Great ashbarar Tribe,Fertile Crescent,2,Animal Husbandry,21
-5000,initial,34,Great ashbarar Tribe,Fertile Crescent,4,Mining,21
-5000,initial,34,Great ashbarar Tribe,Fertile Crescent,20,Agriculture,21
-5000,initial,34,Great ashbarar Tribe,Fertile Crescent,3,Archery,21
-5000,initial,34,Great ashbarar Tribe,Fertile Crescent,6,Calendar,21
-5000,initial,34,Great ashbarar Tribe,Fertile Crescent,10,Irrigation,21
-5000,initial,35,North tamninninad Tribe,Fertile Crescent,100,Cordage and Knots,21
-5000,initial,35,North tamninninad Tribe,Fertile Crescent,101,Hide Working and Tailored Clothing,21
-5000,initial,35,North tamninninad Tribe,Fertile Crescent,102,Hafted Stone Tools,21
-5000,initial,35,North tamninninad Tribe,Fertile Crescent,105,Food Preservation,21
-5000,initial,35,North tamninninad Tribe,Fertile Crescent,106,Storage Pits and Containers,21
-5000,initial,35,North tamninninad Tribe,Fertile Crescent,107,Seasonal Aggregation Camps,21
-5000,initial,35,North tamninninad Tribe,Fertile Crescent,110,Dog Domestication,21
-5000,initial,35,North tamninninad Tribe,Fertile Crescent,111,Grinding Stones,21
-5000,initial,35,North tamninninad Tribe,Fertile Crescent,112,Proto-cultivation,21
-5000,initial,35,North tamninninad Tribe,Fertile Crescent,113,Sedentism,21
-5000,initial,35,North tamninninad Tribe,Fertile Crescent,114,Enclosures and Herd Management,21
-5000,initial,35,North tamninninad Tribe,Fertile Crescent,115,Counting Tokens and Tallies,21
-5000,initial,35,North tamninninad Tribe,Fertile Crescent,116,Charcoal Firing,21
-5000,initial,35,North tamninninad Tribe,Fertile Crescent,1,Pottery,21
-5000,initial,35,North tamninninad Tribe,Fertile Crescent,119,Native Copper Working,21
-5000,initial,35,North tamninninad Tribe,Fertile Crescent,2,Animal Husbandry,21
-5000,initial,35,North tamninninad Tribe,Fertile Crescent,4,Mining,21
-5000,initial,35,North tamninninad Tribe,Fertile Crescent,20,Agriculture,21
-5000,initial,35,North tamninninad Tribe,Fertile Crescent,3,Archery,21
-5000,initial,35,North tamninninad Tribe,Fertile Crescent,6,Calendar,21
-5000,initial,35,North tamninninad Tribe,Fertile Crescent,10,Irrigation,21
-5000,initial,36,Great ninbelsam Tribe,Fertile Crescent,100,Cordage and Knots,21
-5000,initial,36,Great ninbelsam Tribe,Fertile Crescent,101,Hide Working and Tailored Clothing,21
-5000,initial,36,Great ninbelsam Tribe,Fertile Crescent,102,Hafted Stone Tools,21
-5000,initial,36,Great ninbelsam Tribe,Fertile Crescent,105,Food Preservation,21
-5000,initial,36,Great ninbelsam Tribe,Fertile Crescent,106,Storage Pits and Containers,21
-5000,initial,36,Great ninbelsam Tribe,Fertile Crescent,107,Seasonal Aggregation Camps,21
-5000,initial,36,Great ninbelsam Tribe,Fertile Crescent,110,Dog Domestication,21
-5000,initial,36,Great ninbelsam Tribe,Fertile Crescent,111,Grinding Stones,21
-5000,initial,36,Great ninbelsam Tribe,Fertile Crescent,112,Proto-cultivation,21
-5000,initial,36,Great ninbelsam Tribe,Fertile Crescent,113,Sedentism,21
-5000,initial,36,Great ninbelsam Tribe,Fertile Crescent,114,Enclosures and Herd Management,21
-5000,initial,36,Great ninbelsam Tribe,Fertile Crescent,115,Counting Tokens and Tallies,21
-5000,initial,36,Great ninbelsam Tribe,Fertile Crescent,116,Charcoal Firing,21
-5000,initial,36,Great ninbelsam Tribe,Fertile Crescent,1,Pottery,21
-5000,initial,36,Great ninbelsam Tribe,Fertile Crescent,119,Native Copper Working,21
-5000,initial,36,Great ninbelsam Tribe,Fertile Crescent,2,Animal Husbandry,21
-5000,initial,36,Great ninbelsam Tribe,Fertile Crescent,4,Mining,21
-5000,initial,36,Great ninbelsam Tribe,Fertile Crescent,20,Agriculture,21
-5000,initial,36,Great ninbelsam Tribe,Fertile Crescent,3,Archery,21
-5000,initial,36,Great ninbelsam Tribe,Fertile Crescent,6,Calendar,21
-5000,initial,36,Great ninbelsam Tribe,Fertile Crescent,10,Irrigation,21
-5000,initial,38,Ashbelashar Tribe,Fertile Crescent,100,Cordage and Knots,21
-5000,initial,38,Ashbelashar Tribe,Fertile Crescent,101,Hide Working and Tailored Clothing,21
-5000,initial,38,Ashbelashar Tribe,Fertile Crescent,102,Hafted Stone Tools,21
-5000,initial,38,Ashbelashar Tribe,Fertile Crescent,105,Food Preservation,21
-5000,initial,38,Ashbelashar Tribe,Fertile Crescent,106,Storage Pits and Containers,21
-5000,initial,38,Ashbelashar Tribe,Fertile Crescent,107,Seasonal Aggregation Camps,21
-5000,initial,38,Ashbelashar Tribe,Fertile Crescent,110,Dog Domestication,21
-5000,initial,38,Ashbelashar Tribe,Fertile Crescent,111,Grinding Stones,21
-5000,initial,38,Ashbelashar Tribe,Fertile Crescent,112,Proto-cultivation,21
-5000,initial,38,Ashbelashar Tribe,Fertile Crescent,113,Sedentism,21
-5000,initial,38,Ashbelashar Tribe,Fertile Crescent,114,Enclosures and Herd Management,21
-5000,initial,38,Ashbelashar Tribe,Fertile Crescent,115,Counting Tokens and Tallies,21
-5000,initial,38,Ashbelashar Tribe,Fertile Crescent,116,Charcoal Firing,21
-5000,initial,38,Ashbelashar Tribe,Fertile Crescent,1,Pottery,21
-5000,initial,38,Ashbelashar Tribe,Fertile Crescent,119,Native Copper Working,21
-5000,initial,38,Ashbelashar Tribe,Fertile Crescent,2,Animal Husbandry,21
-5000,initial,38,Ashbelashar Tribe,Fertile Crescent,4,Mining,21
-5000,initial,38,Ashbelashar Tribe,Fertile Crescent,20,Agriculture,21
-5000,initial,38,Ashbelashar Tribe,Fertile Crescent,3,Archery,21
-5000,initial,38,Ashbelashar Tribe,Fertile Crescent,6,Calendar,21
-5000,initial,38,Ashbelashar Tribe,Fertile Crescent,10,Irrigation,21
-5000,initial,39,New quilorromland Tribe,Monsoon Coastal,100,Cordage and Knots,20
-5000,initial,39,New quilorromland Tribe,Monsoon Coastal,101,Hide Working and Tailored Clothing,20
-5000,initial,39,New quilorromland Tribe,Monsoon Coastal,102,Hafted Stone Tools,20
-5000,initial,39,New quilorromland Tribe,Monsoon Coastal,104,Fishing Technology,20
-5000,initial,39,New quilorromland Tribe,Monsoon Coastal,105,Food Preservation,20
-5000,initial,39,New quilorromland Tribe,Monsoon Coastal,106,Storage Pits and Containers,20
-5000,initial,39,New quilorromland Tribe,Monsoon Coastal,107,Seasonal Aggregation Camps,20
-5000,initial,39,New quilorromland Tribe,Monsoon Coastal,108,Watercraft,20
-5000,initial,39,New quilorromland Tribe,Monsoon Coastal,110,Dog Domestication,20
-5000,initial,39,New quilorromland Tribe,Monsoon Coastal,111,Grinding Stones,20
-5000,initial,39,New quilorromland Tribe,Monsoon Coastal,112,Proto-cultivation,20
-5000,initial,39,New quilorromland Tribe,Monsoon Coastal,113,Sedentism,20
-5000,initial,39,New quilorromland Tribe,Monsoon Coastal,114,Enclosures and Herd Management,20
-5000,initial,39,New quilorromland Tribe,Monsoon Coastal,116,Charcoal Firing,20
-5000,initial,39,New quilorromland Tribe,Monsoon Coastal,1,Pottery,20
-5000,initial,39,New quilorromland Tribe,Monsoon Coastal,2,Animal Husbandry,20
-5000,initial,39,New quilorromland Tribe,Monsoon Coastal,20,Agriculture,20
-5000,initial,39,New quilorromland Tribe,Monsoon Coastal,3,Archery,20
-5000,initial,39,New quilorromland Tribe,Monsoon Coastal,5,Sailing,20
-5000,initial,39,New quilorromland Tribe,Monsoon Coastal,6,Calendar,20
-5000,initial,40,Old solsolgrad Tribe,Monsoon Coastal,100,Cordage and Knots,20
-5000,initial,40,Old solsolgrad Tribe,Monsoon Coastal,101,Hide Working and Tailored Clothing,20
-5000,initial,40,Old solsolgrad Tribe,Monsoon Coastal,102,Hafted Stone Tools,20
-5000,initial,40,Old solsolgrad Tribe,Monsoon Coastal,104,Fishing Technology,20
-5000,initial,40,Old solsolgrad Tribe,Monsoon Coastal,105,Food Preservation,20
-5000,initial,40,Old solsolgrad Tribe,Monsoon Coastal,106,Storage Pits and Containers,20
-5000,initial,40,Old solsolgrad Tribe,Monsoon Coastal,107,Seasonal Aggregation Camps,20
-5000,initial,40,Old solsolgrad Tribe,Monsoon Coastal,108,Watercraft,20
-5000,initial,40,Old solsolgrad Tribe,Monsoon Coastal,110,Dog Domestication,20
-5000,initial,40,Old solsolgrad Tribe,Monsoon Coastal,111,Grinding Stones,20
-5000,initial,40,Old solsolgrad Tribe,Monsoon Coastal,112,Proto-cultivation,20
-5000,initial,40,Old solsolgrad Tribe,Monsoon Coastal,113,Sedentism,20
-5000,initial,40,Old solsolgrad Tribe,Monsoon Coastal,114,Enclosures and Herd Management,20
-5000,initial,40,Old solsolgrad Tribe,Monsoon Coastal,116,Charcoal Firing,20
-5000,initial,40,Old solsolgrad Tribe,Monsoon Coastal,1,Pottery,20
-5000,initial,40,Old solsolgrad Tribe,Monsoon Coastal,2,Animal Husbandry,20
-5000,initial,40,Old solsolgrad Tribe,Monsoon Coastal,20,Agriculture,20
-5000,initial,40,Old solsolgrad Tribe,Monsoon Coastal,3,Archery,20
-5000,initial,40,Old solsolgrad Tribe,Monsoon Coastal,5,Sailing,20
-5000,initial,40,Old solsolgrad Tribe,Monsoon Coastal,6,Calendar,20
-5000,initial,41,Lorkin Tribe,Monsoon Coastal,100,Cordage and Knots,20
-5000,initial,41,Lorkin Tribe,Monsoon Coastal,101,Hide Working and Tailored Clothing,20
-5000,initial,41,Lorkin Tribe,Monsoon Coastal,102,Hafted Stone Tools,20
-5000,initial,41,Lorkin Tribe,Monsoon Coastal,104,Fishing Technology,20
-5000,initial,41,Lorkin Tribe,Monsoon Coastal,105,Food Preservation,20
-5000,initial,41,Lorkin Tribe,Monsoon Coastal,106,Storage Pits and Containers,20
-5000,initial,41,Lorkin Tribe,Monsoon Coastal,107,Seasonal Aggregation Camps,20
-5000,initial,41,Lorkin Tribe,Monsoon Coastal,108,Watercraft,20
-5000,initial,41,Lorkin Tribe,Monsoon Coastal,110,Dog Domestication,20
-5000,initial,41,Lorkin Tribe,Monsoon Coastal,111,Grinding Stones,20
-5000,initial,41,Lorkin Tribe,Monsoon Coastal,112,Proto-cultivation,20
-5000,initial,41,Lorkin Tribe,Monsoon Coastal,113,Sedentism,20
-5000,initial,41,Lorkin Tribe,Monsoon Coastal,114,Enclosures and Herd Management,20
-5000,initial,41,Lorkin Tribe,Monsoon Coastal,116,Charcoal Firing,20
-5000,initial,41,Lorkin Tribe,Monsoon Coastal,1,Pottery,20
-5000,initial,41,Lorkin Tribe,Monsoon Coastal,2,Animal Husbandry,20
-5000,initial,41,Lorkin Tribe,Monsoon Coastal,20,Agriculture,20
-5000,initial,41,Lorkin Tribe,Monsoon Coastal,3,Archery,20
-5000,initial,41,Lorkin Tribe,Monsoon Coastal,5,Sailing,20
-5000,initial,41,Lorkin Tribe,Monsoon Coastal,6,Calendar,20
-5000,initial,42,Old romdusstan Tribe,Monsoon Coastal,100,Cordage and Knots,20
-5000,initial,42,Old romdusstan Tribe,Monsoon Coastal,101,Hide Working and Tailored Clothing,20
-5000,initial,42,Old romdusstan Tribe,Monsoon Coastal,102,Hafted Stone Tools,20
-5000,initial,42,Old romdusstan Tribe,Monsoon Coastal,104,Fishing Technology,20
-5000,initial,42,Old romdusstan Tribe,Monsoon Coastal,105,Food Preservation,20
-5000,initial,42,Old romdusstan Tribe,Monsoon Coastal,106,Storage Pits and Containers,20
-5000,initial,42,Old romdusstan Tribe,Monsoon Coastal,107,Seasonal Aggregation Camps,20
-5000,initial,42,Old romdusstan Tribe,Monsoon Coastal,108,Watercraft,20
-5000,initial,42,Old romdusstan Tribe,Monsoon Coastal,110,Dog Domestication,20
-5000,initial,42,Old romdusstan Tribe,Monsoon Coastal,111,Grinding Stones,20
-5000,initial,42,Old romdusstan Tribe,Monsoon Coastal,112,Proto-cultivation,20
-5000,initial,42,Old romdusstan Tribe,Monsoon Coastal,113,Sedentism,20
-5000,initial,42,Old romdusstan Tribe,Monsoon Coastal,114,Enclosures and Herd Management,20
-5000,initial,42,Old romdusstan Tribe,Monsoon Coastal,116,Charcoal Firing,20
-5000,initial,42,Old romdusstan Tribe,Monsoon Coastal,1,Pottery,20
-5000,initial,42,Old romdusstan Tribe,Monsoon Coastal,2,Animal Husbandry,20
-5000,initial,42,Old romdusstan Tribe,Monsoon Coastal,20,Agriculture,20
-5000,initial,42,Old romdusstan Tribe,Monsoon Coastal,3,Archery,20
-5000,initial,42,Old romdusstan Tribe,Monsoon Coastal,5,Sailing,20
-5000,initial,42,Old romdusstan Tribe,Monsoon Coastal,6,Calendar,20
-5000,initial,43,Old belterstan Tribe,Monsoon Coastal,100,Cordage and Knots,20
-5000,initial,43,Old belterstan Tribe,Monsoon Coastal,101,Hide Working and Tailored Clothing,20
-5000,initial,43,Old belterstan Tribe,Monsoon Coastal,102,Hafted Stone Tools,20
-5000,initial,43,Old belterstan Tribe,Monsoon Coastal,104,Fishing Technology,20
-5000,initial,43,Old belterstan Tribe,Monsoon Coastal,105,Food Preservation,20
-5000,initial,43,Old belterstan Tribe,Monsoon Coastal,106,Storage Pits and Containers,20
-5000,initial,43,Old belterstan Tribe,Monsoon Coastal,107,Seasonal Aggregation Camps,20
-5000,initial,43,Old belterstan Tribe,Monsoon Coastal,108,Watercraft,20
-5000,initial,43,Old belterstan Tribe,Monsoon Coastal,110,Dog Domestication,20
-5000,initial,43,Old belterstan Tribe,Monsoon Coastal,111,Grinding Stones,20
-5000,initial,43,Old belterstan Tribe,Monsoon Coastal,112,Proto-cultivation,20
-5000,initial,43,Old belterstan Tribe,Monsoon Coastal,113,Sedentism,20
-5000,initial,43,Old belterstan Tribe,Monsoon Coastal,114,Enclosures and Herd Management,20
-5000,initial,43,Old belterstan Tribe,Monsoon Coastal,116,Charcoal Firing,20
-5000,initial,43,Old belterstan Tribe,Monsoon Coastal,1,Pottery,20
-5000,initial,43,Old belterstan Tribe,Monsoon Coastal,2,Animal Husbandry,20
-5000,initial,43,Old belterstan Tribe,Monsoon Coastal,20,Agriculture,20
-5000,initial,43,Old belterstan Tribe,Monsoon Coastal,3,Archery,20
-5000,initial,43,Old belterstan Tribe,Monsoon Coastal,5,Sailing,20
-5000,initial,43,Old belterstan Tribe,Monsoon Coastal,6,Calendar,20
-5000,initial,44,South zenromstan Tribe,Monsoon Coastal,100,Cordage and Knots,20
-5000,initial,44,South zenromstan Tribe,Monsoon Coastal,101,Hide Working and Tailored Clothing,20
-5000,initial,44,South zenromstan Tribe,Monsoon Coastal,102,Hafted Stone Tools,20
-5000,initial,44,South zenromstan Tribe,Monsoon Coastal,104,Fishing Technology,20
-5000,initial,44,South zenromstan Tribe,Monsoon Coastal,105,Food Preservation,20
-5000,initial,44,South zenromstan Tribe,Monsoon Coastal,106,Storage Pits and Containers,20
-5000,initial,44,South zenromstan Tribe,Monsoon Coastal,107,Seasonal Aggregation Camps,20
-5000,initial,44,South zenromstan Tribe,Monsoon Coastal,108,Watercraft,20
-5000,initial,44,South zenromstan Tribe,Monsoon Coastal,110,Dog Domestication,20
-5000,initial,44,South zenromstan Tribe,Monsoon Coastal,111,Grinding Stones,20
-5000,initial,44,South zenromstan Tribe,Monsoon Coastal,112,Proto-cultivation,20
-5000,initial,44,South zenromstan Tribe,Monsoon Coastal,113,Sedentism,20
-5000,initial,44,South zenromstan Tribe,Monsoon Coastal,114,Enclosures and Herd Management,20
-5000,initial,44,South zenromstan Tribe,Monsoon Coastal,116,Charcoal Firing,20
-5000,initial,44,South zenromstan Tribe,Monsoon Coastal,1,Pottery,20
-5000,initial,44,South zenromstan Tribe,Monsoon Coastal,2,Animal Husbandry,20
-5000,initial,44,South zenromstan Tribe,Monsoon Coastal,20,Agriculture,20
-5000,initial,44,South zenromstan Tribe,Monsoon Coastal,3,Archery,20
-5000,initial,44,South zenromstan Tribe,Monsoon Coastal,5,Sailing,20
-5000,initial,44,South zenromstan Tribe,Monsoon Coastal,6,Calendar,20
-5000,initial,45,Markin Tribe,Steppe Nomadic,100,Cordage and Knots,14
-5000,initial,45,Markin Tribe,Steppe Nomadic,101,Hide Working and Tailored Clothing,14
-5000,initial,45,Markin Tribe,Steppe Nomadic,102,Hafted Stone Tools,14
-5000,initial,45,Markin Tribe,Steppe Nomadic,105,Food Preservation,14
-5000,initial,45,Markin Tribe,Steppe Nomadic,106,Storage Pits and Containers,14
-5000,initial,45,Markin Tribe,Steppe Nomadic,107,Seasonal Aggregation Camps,14
-5000,initial,45,Markin Tribe,Steppe Nomadic,110,Dog Domestication,14
-5000,initial,45,Markin Tribe,Steppe Nomadic,111,Grinding Stones,14
-5000,initial,45,Markin Tribe,Steppe Nomadic,113,Sedentism,14
-5000,initial,45,Markin Tribe,Steppe Nomadic,114,Enclosures and Herd Management,14
-5000,initial,45,Markin Tribe,Steppe Nomadic,2,Animal Husbandry,14
-5000,initial,45,Markin Tribe,Steppe Nomadic,4,Mining,14
-5000,initial,45,Markin Tribe,Steppe Nomadic,3,Archery,14
-5000,initial,45,Markin Tribe,Steppe Nomadic,6,Calendar,14
-5000,initial,46,Dusduslinia Tribe,Steppe Nomadic,100,Cordage and Knots,14
-5000,initial,46,Dusduslinia Tribe,Steppe Nomadic,101,Hide Working and Tailored Clothing,14
-5000,initial,46,Dusduslinia Tribe,Steppe Nomadic,102,Hafted Stone Tools,14
-5000,initial,46,Dusduslinia Tribe,Steppe Nomadic,105,Food Preservation,14
-5000,initial,46,Dusduslinia Tribe,Steppe Nomadic,106,Storage Pits and Containers,14
-5000,initial,46,Dusduslinia Tribe,Steppe Nomadic,107,Seasonal Aggregation Camps,14
-5000,initial,46,Dusduslinia Tribe,Steppe Nomadic,110,Dog Domestication,14
-5000,initial,46,Dusduslinia Tribe,Steppe Nomadic,111,Grinding Stones,14
-5000,initial,46,Dusduslinia Tribe,Steppe Nomadic,113,Sedentism,14
-5000,initial,46,Dusduslinia Tribe,Steppe Nomadic,114,Enclosures and Herd Management,14
-5000,initial,46,Dusduslinia Tribe,Steppe Nomadic,2,Animal Husbandry,14
-5000,initial,46,Dusduslinia Tribe,Steppe Nomadic,4,Mining,14
-5000,initial,46,Dusduslinia Tribe,Steppe Nomadic,3,Archery,14
-5000,initial,46,Dusduslinia Tribe,Steppe Nomadic,6,Calendar,14
-5000,initial,47,New naromna Tribe,Steppe Nomadic,100,Cordage and Knots,14
-5000,initial,47,New naromna Tribe,Steppe Nomadic,101,Hide Working and Tailored Clothing,14
-5000,initial,47,New naromna Tribe,Steppe Nomadic,102,Hafted Stone Tools,14
-5000,initial,47,New naromna Tribe,Steppe Nomadic,105,Food Preservation,14
-5000,initial,47,New naromna Tribe,Steppe Nomadic,106,Storage Pits and Containers,14
-5000,initial,47,New naromna Tribe,Steppe Nomadic,107,Seasonal Aggregation Camps,14
-5000,initial,47,New naromna Tribe,Steppe Nomadic,110,Dog Domestication,14
-5000,initial,47,New naromna Tribe,Steppe Nomadic,111,Grinding Stones,14
-5000,initial,47,New naromna Tribe,Steppe Nomadic,113,Sedentism,14
-5000,initial,47,New naromna Tribe,Steppe Nomadic,114,Enclosures and Herd Management,14
-5000,initial,47,New naromna Tribe,Steppe Nomadic,2,Animal Husbandry,14
-5000,initial,47,New naromna Tribe,Steppe Nomadic,4,Mining,14
-5000,initial,47,New naromna Tribe,Steppe Nomadic,3,Archery,14
-5000,initial,47,New naromna Tribe,Steppe Nomadic,6,Calendar,14
-5000,initial,48,Ofizua Tribe,Nile Floodplain,100,Cordage and Knots,19
-5000,initial,48,Ofizua Tribe,Nile Floodplain,101,Hide Working and Tailored Clothing,19
-5000,initial,48,Ofizua Tribe,Nile Floodplain,102,Hafted Stone Tools,19
-5000,initial,48,Ofizua Tribe,Nile Floodplain,105,Food Preservation,19
-5000,initial,48,Ofizua Tribe,Nile Floodplain,106,Storage Pits and Containers,19
-5000,initial,48,Ofizua Tribe,Nile Floodplain,107,Seasonal Aggregation Camps,19
-5000,initial,48,Ofizua Tribe,Nile Floodplain,110,Dog Domestication,19
-5000,initial,48,Ofizua Tribe,Nile Floodplain,111,Grinding Stones,19
-5000,initial,48,Ofizua Tribe,Nile Floodplain,112,Proto-cultivation,19
-5000,initial,48,Ofizua Tribe,Nile Floodplain,113,Sedentism,19
-5000,initial,48,Ofizua Tribe,Nile Floodplain,114,Enclosures and Herd Management,19
-5000,initial,48,Ofizua Tribe,Nile Floodplain,115,Counting Tokens and Tallies,19
-5000,initial,48,Ofizua Tribe,Nile Floodplain,116,Charcoal Firing,19
-5000,initial,48,Ofizua Tribe,Nile Floodplain,1,Pottery,19
-5000,initial,48,Ofizua Tribe,Nile Floodplain,2,Animal Husbandry,19
-5000,initial,48,Ofizua Tribe,Nile Floodplain,20,Agriculture,19
-5000,initial,48,Ofizua Tribe,Nile Floodplain,3,Archery,19
-5000,initial,48,Ofizua Tribe,Nile Floodplain,6,Calendar,19
-5000,initial,48,Ofizua Tribe,Nile Floodplain,10,Irrigation,19
-5000,initial,49,South barbarene Tribe,Nile Floodplain,100,Cordage and Knots,19
-5000,initial,49,South barbarene Tribe,Nile Floodplain,101,Hide Working and Tailored Clothing,19
-5000,initial,49,South barbarene Tribe,Nile Floodplain,102,Hafted Stone Tools,19
-5000,initial,49,South barbarene Tribe,Nile Floodplain,105,Food Preservation,19
-5000,initial,49,South barbarene Tribe,Nile Floodplain,106,Storage Pits and Containers,19
-5000,initial,49,South barbarene Tribe,Nile Floodplain,107,Seasonal Aggregation Camps,19
-5000,initial,49,South barbarene Tribe,Nile Floodplain,110,Dog Domestication,19
-5000,initial,49,South barbarene Tribe,Nile Floodplain,111,Grinding Stones,19
-5000,initial,49,South barbarene Tribe,Nile Floodplain,112,Proto-cultivation,19
-5000,initial,49,South barbarene Tribe,Nile Floodplain,113,Sedentism,19
-5000,initial,49,South barbarene Tribe,Nile Floodplain,114,Enclosures and Herd Management,19
-5000,initial,49,South barbarene Tribe,Nile Floodplain,115,Counting Tokens and Tallies,19
-5000,initial,49,South barbarene Tribe,Nile Floodplain,116,Charcoal Firing,19
-5000,initial,49,South barbarene Tribe,Nile Floodplain,1,Pottery,19
-5000,initial,49,South barbarene Tribe,Nile Floodplain,2,Animal Husbandry,19
-5000,initial,49,South barbarene Tribe,Nile Floodplain,20,Agriculture,19
-5000,initial,49,South barbarene Tribe,Nile Floodplain,3,Archery,19
-5000,initial,49,South barbarene Tribe,Nile Floodplain,6,Calendar,19
-5000,initial,49,South barbarene Tribe,Nile Floodplain,10,Irrigation,19
-5000,initial,50,Old sengoene Tribe,North Saharan,100,Cordage and Knots,19
-5000,initial,50,Old sengoene Tribe,North Saharan,101,Hide Working and Tailored Clothing,19
-5000,initial,50,Old sengoene Tribe,North Saharan,102,Hafted Stone Tools,19
-5000,initial,50,Old sengoene Tribe,North Saharan,105,Food Preservation,19
-5000,initial,50,Old sengoene Tribe,North Saharan,106,Storage Pits and Containers,19
-5000,initial,50,Old sengoene Tribe,North Saharan,107,Seasonal Aggregation Camps,19
-5000,initial,50,Old sengoene Tribe,North Saharan,110,Dog Domestication,19
-5000,initial,50,Old sengoene Tribe,North Saharan,111,Grinding Stones,19
-5000,initial,50,Old sengoene Tribe,North Saharan,112,Proto-cultivation,19
-5000,initial,50,Old sengoene Tribe,North Saharan,113,Sedentism,19
-5000,initial,50,Old sengoene Tribe,North Saharan,114,Enclosures and Herd Management,19
-5000,initial,50,Old sengoene Tribe,North Saharan,115,Counting Tokens and Tallies,19
-5000,initial,50,Old sengoene Tribe,North Saharan,116,Charcoal Firing,19
-5000,initial,50,Old sengoene Tribe,North Saharan,1,Pottery,19
-5000,initial,50,Old sengoene Tribe,North Saharan,2,Animal Husbandry,19
-5000,initial,50,Old sengoene Tribe,North Saharan,4,Mining,19
-5000,initial,50,Old sengoene Tribe,North Saharan,20,Agriculture,19
-5000,initial,50,Old sengoene Tribe,North Saharan,3,Archery,19
-5000,initial,50,Old sengoene Tribe,North Saharan,6,Calendar,19
-5000,initial,51,North ofiofiene Tribe,West Sahel,100,Cordage and Knots,15
-5000,initial,51,North ofiofiene Tribe,West Sahel,101,Hide Working and Tailored Clothing,15
-5000,initial,51,North ofiofiene Tribe,West Sahel,102,Hafted Stone Tools,15
-5000,initial,51,North ofiofiene Tribe,West Sahel,105,Food Preservation,15
-5000,initial,51,North ofiofiene Tribe,West Sahel,106,Storage Pits and Containers,15
-5000,initial,51,North ofiofiene Tribe,West Sahel,107,Seasonal Aggregation Camps,15
-5000,initial,51,North ofiofiene Tribe,West Sahel,111,Grinding Stones,15
-5000,initial,51,North ofiofiene Tribe,West Sahel,112,Proto-cultivation,15
-5000,initial,51,North ofiofiene Tribe,West Sahel,113,Sedentism,15
-5000,initial,51,North ofiofiene Tribe,West Sahel,116,Charcoal Firing,15
-5000,initial,51,North ofiofiene Tribe,West Sahel,1,Pottery,15
-5000,initial,51,North ofiofiene Tribe,West Sahel,4,Mining,15
-5000,initial,51,North ofiofiene Tribe,West Sahel,20,Agriculture,15
-5000,initial,51,North ofiofiene Tribe,West Sahel,3,Archery,15
-5000,initial,51,North ofiofiene Tribe,West Sahel,6,Calendar,15
-5000,initial,52,North kazuu Tribe,West Sahel,100,Cordage and Knots,15
-5000,initial,52,North kazuu Tribe,West Sahel,101,Hide Working and Tailored Clothing,15
-5000,initial,52,North kazuu Tribe,West Sahel,102,Hafted Stone Tools,15
-5000,initial,52,North kazuu Tribe,West Sahel,105,Food Preservation,15
-5000,initial,52,North kazuu Tribe,West Sahel,106,Storage Pits and Containers,15
-5000,initial,52,North kazuu Tribe,West Sahel,107,Seasonal Aggregation Camps,15
-5000,initial,52,North kazuu Tribe,West Sahel,111,Grinding Stones,15
-5000,initial,52,North kazuu Tribe,West Sahel,112,Proto-cultivation,15
-5000,initial,52,North kazuu Tribe,West Sahel,113,Sedentism,15
-5000,initial,52,North kazuu Tribe,West Sahel,116,Charcoal Firing,15
-5000,initial,52,North kazuu Tribe,West Sahel,1,Pottery,15
-5000,initial,52,North kazuu Tribe,West Sahel,4,Mining,15
-5000,initial,52,North kazuu Tribe,West Sahel,20,Agriculture,15
-5000,initial,52,North kazuu Tribe,West Sahel,3,Archery,15
-5000,initial,52,North kazuu Tribe,West Sahel,6,Calendar,15
-5000,initial,53,Old mazu Tribe,East Horn,100,Cordage and Knots,15
-5000,initial,53,Old mazu Tribe,East Horn,101,Hide Working and Tailored Clothing,15
-5000,initial,53,Old mazu Tribe,East Horn,102,Hafted Stone Tools,15
-5000,initial,53,Old mazu Tribe,East Horn,105,Food Preservation,15
-5000,initial,53,Old mazu Tribe,East Horn,106,Storage Pits and Containers,15
-5000,initial,53,Old mazu Tribe,East Horn,107,Seasonal Aggregation Camps,15
-5000,initial,53,Old mazu Tribe,East Horn,111,Grinding Stones,15
-5000,initial,53,Old mazu Tribe,East Horn,112,Proto-cultivation,15
-5000,initial,53,Old mazu Tribe,East Horn,113,Sedentism,15
-5000,initial,53,Old mazu Tribe,East Horn,116,Charcoal Firing,15
-5000,initial,53,Old mazu Tribe,East Horn,1,Pottery,15
-5000,initial,53,Old mazu Tribe,East Horn,4,Mining,15
-5000,initial,53,Old mazu Tribe,East Horn,20,Agriculture,15
-5000,initial,53,Old mazu Tribe,East Horn,3,Archery,15
-5000,initial,53,Old mazu Tribe,East Horn,6,Calendar,15
-5000,initial,54,Great zuofi Tribe,East Horn,100,Cordage and Knots,15
-5000,initial,54,Great zuofi Tribe,East Horn,101,Hide Working and Tailored Clothing,15
-5000,initial,54,Great zuofi Tribe,East Horn,102,Hafted Stone Tools,15
-5000,initial,54,Great zuofi Tribe,East Horn,105,Food Preservation,15
-5000,initial,54,Great zuofi Tribe,East Horn,106,Storage Pits and Containers,15
-5000,initial,54,Great zuofi Tribe,East Horn,107,Seasonal Aggregation Camps,15
-5000,initial,54,Great zuofi Tribe,East Horn,111,Grinding Stones,15
-5000,initial,54,Great zuofi Tribe,East Horn,112,Proto-cultivation,15
-5000,initial,54,Great zuofi Tribe,East Horn,113,Sedentism,15
-5000,initial,54,Great zuofi Tribe,East Horn,116,Charcoal Firing,15
-5000,initial,54,Great zuofi Tribe,East Horn,1,Pottery,15
-5000,initial,54,Great zuofi Tribe,East Horn,4,Mining,15
-5000,initial,54,Great zuofi Tribe,East Horn,20,Agriculture,15
-5000,initial,54,Great zuofi Tribe,East Horn,3,Archery,15
-5000,initial,54,Great zuofi Tribe,East Horn,6,Calendar,15
-5000,initial,55,New semalamara Tribe,Central Forest,100,Cordage and Knots,13
-5000,initial,55,New semalamara Tribe,Central Forest,101,Hide Working and Tailored Clothing,13
-5000,initial,55,New semalamara Tribe,Central Forest,102,Hafted Stone Tools,13
-5000,initial,55,New semalamara Tribe,Central Forest,105,Food Preservation,13
-5000,initial,55,New semalamara Tribe,Central Forest,106,Storage Pits and Containers,13
-5000,initial,55,New semalamara Tribe,Central Forest,107,Seasonal Aggregation Camps,13
-5000,initial,55,New semalamara Tribe,Central Forest,111,Grinding Stones,13
-5000,initial,55,New semalamara Tribe,Central Forest,113,Sedentism,13
-5000,initial,55,New semalamara Tribe,Central Forest,116,Charcoal Firing,13
-5000,initial,55,New semalamara Tribe,Central Forest,1,Pottery,13
-5000,initial,55,New semalamara Tribe,Central Forest,4,Mining,13
-5000,initial,55,New semalamara Tribe,Central Forest,3,Archery,13
-5000,initial,55,New semalamara Tribe,Central Forest,6,Calendar,13
-5000,initial,56,Great dortarum Tribe,Mediterranean Highland,100,Cordage and Knots,20
-5000,initial,56,Great dortarum Tribe,Mediterranean Highland,101,Hide Working and Tailored Clothing,20
-5000,initial,56,Great dortarum Tribe,Mediterranean Highland,102,Hafted Stone Tools,20
-5000,initial,56,Great dortarum Tribe,Mediterranean Highland,105,Food Preservation,20
-5000,initial,56,Great dortarum Tribe,Mediterranean Highland,106,Storage Pits and Containers,20
-5000,initial,56,Great dortarum Tribe,Mediterranean Highland,107,Seasonal Aggregation Camps,20
-5000,initial,56,Great dortarum Tribe,Mediterranean Highland,110,Dog Domestication,20
-5000,initial,56,Great dortarum Tribe,Mediterranean Highland,111,Grinding Stones,20
-5000,initial,56,Great dortarum Tribe,Mediterranean Highland,112,Proto-cultivation,20
-5000,initial,56,Great dortarum Tribe,Mediterranean Highland,113,Sedentism,20
-5000,initial,56,Great dortarum Tribe,Mediterranean Highland,114,Enclosures and Herd Management,20
-5000,initial,56,Great dortarum Tribe,Mediterranean Highland,115,Counting Tokens and Tallies,20
-5000,initial,56,Great dortarum Tribe,Mediterranean Highland,116,Charcoal Firing,20
-5000,initial,56,Great dortarum Tribe,Mediterranean Highland,1,Pottery,20
-5000,initial,56,Great dortarum Tribe,Mediterranean Highland,119,Native Copper Working,20
-5000,initial,56,Great dortarum Tribe,Mediterranean Highland,2,Animal Husbandry,20
-5000,initial,56,Great dortarum Tribe,Mediterranean Highland,4,Mining,20
-5000,initial,56,Great dortarum Tribe,Mediterranean Highland,20,Agriculture,20
-5000,initial,56,Great dortarum Tribe,Mediterranean Highland,3,Archery,20
-5000,initial,56,Great dortarum Tribe,Mediterranean Highland,6,Calendar,20
-5000,initial,57,North venalum Tribe,Mediterranean Highland,100,Cordage and Knots,20
-5000,initial,57,North venalum Tribe,Mediterranean Highland,101,Hide Working and Tailored Clothing,20
-5000,initial,57,North venalum Tribe,Mediterranean Highland,102,Hafted Stone Tools,20
-5000,initial,57,North venalum Tribe,Mediterranean Highland,105,Food Preservation,20
-5000,initial,57,North venalum Tribe,Mediterranean Highland,106,Storage Pits and Containers,20
-5000,initial,57,North venalum Tribe,Mediterranean Highland,107,Seasonal Aggregation Camps,20
-5000,initial,57,North venalum Tribe,Mediterranean Highland,110,Dog Domestication,20
-5000,initial,57,North venalum Tribe,Mediterranean Highland,111,Grinding Stones,20
-5000,initial,57,North venalum Tribe,Mediterranean Highland,112,Proto-cultivation,20
-5000,initial,57,North venalum Tribe,Mediterranean Highland,113,Sedentism,20
-5000,initial,57,North venalum Tribe,Mediterranean Highland,114,Enclosures and Herd Management,20
-5000,initial,57,North venalum Tribe,Mediterranean Highland,115,Counting Tokens and Tallies,20
-5000,initial,57,North venalum Tribe,Mediterranean Highland,116,Charcoal Firing,20
-5000,initial,57,North venalum Tribe,Mediterranean Highland,1,Pottery,20
-5000,initial,57,North venalum Tribe,Mediterranean Highland,119,Native Copper Working,20
-5000,initial,57,North venalum Tribe,Mediterranean Highland,2,Animal Husbandry,20
-5000,initial,57,North venalum Tribe,Mediterranean Highland,4,Mining,20
-5000,initial,57,North venalum Tribe,Mediterranean Highland,20,Agriculture,20
-5000,initial,57,North venalum Tribe,Mediterranean Highland,3,Archery,20
-5000,initial,57,North venalum Tribe,Mediterranean Highland,6,Calendar,20
-5000,initial,58,Kardorkarland Tribe,Mediterranean Urban,100,Cordage and Knots,22
-5000,initial,58,Kardorkarland Tribe,Mediterranean Urban,101,Hide Working and Tailored Clothing,22
-5000,initial,58,Kardorkarland Tribe,Mediterranean Urban,102,Hafted Stone Tools,22
-5000,initial,58,Kardorkarland Tribe,Mediterranean Urban,104,Fishing Technology,22
-5000,initial,58,Kardorkarland Tribe,Mediterranean Urban,105,Food Preservation,22
-5000,initial,58,Kardorkarland Tribe,Mediterranean Urban,106,Storage Pits and Containers,22
-5000,initial,58,Kardorkarland Tribe,Mediterranean Urban,107,Seasonal Aggregation Camps,22
-5000,initial,58,Kardorkarland Tribe,Mediterranean Urban,108,Watercraft,22
-5000,initial,58,Kardorkarland Tribe,Mediterranean Urban,110,Dog Domestication,22
-5000,initial,58,Kardorkarland Tribe,Mediterranean Urban,111,Grinding Stones,22
-5000,initial,58,Kardorkarland Tribe,Mediterranean Urban,112,Proto-cultivation,22
-5000,initial,58,Kardorkarland Tribe,Mediterranean Urban,113,Sedentism,22
-5000,initial,58,Kardorkarland Tribe,Mediterranean Urban,114,Enclosures and Herd Management,22
-5000,initial,58,Kardorkarland Tribe,Mediterranean Urban,115,Counting Tokens and Tallies,22
-5000,initial,58,Kardorkarland Tribe,Mediterranean Urban,116,Charcoal Firing,22
-5000,initial,58,Kardorkarland Tribe,Mediterranean Urban,1,Pottery,22
-5000,initial,58,Kardorkarland Tribe,Mediterranean Urban,2,Animal Husbandry,22
-5000,initial,58,Kardorkarland Tribe,Mediterranean Urban,4,Mining,22
-5000,initial,58,Kardorkarland Tribe,Mediterranean Urban,20,Agriculture,22
-5000,initial,58,Kardorkarland Tribe,Mediterranean Urban,3,Archery,22
-5000,initial,58,Kardorkarland Tribe,Mediterranean Urban,5,Sailing,22
-5000,initial,58,Kardorkarland Tribe,Mediterranean Urban,6,Calendar,22
-5000,initial,59,South norselia Tribe,Mediterranean Urban,100,Cordage and Knots,22
-5000,initial,59,South norselia Tribe,Mediterranean Urban,101,Hide Working and Tailored Clothing,22
-5000,initial,59,South norselia Tribe,Mediterranean Urban,102,Hafted Stone Tools,22
-5000,initial,59,South norselia Tribe,Mediterranean Urban,104,Fishing Technology,22
-5000,initial,59,South norselia Tribe,Mediterranean Urban,105,Food Preservation,22
-5000,initial,59,South norselia Tribe,Mediterranean Urban,106,Storage Pits and Containers,22
-5000,initial,59,South norselia Tribe,Mediterranean Urban,107,Seasonal Aggregation Camps,22
-5000,initial,59,South norselia Tribe,Mediterranean Urban,108,Watercraft,22
-5000,initial,59,South norselia Tribe,Mediterranean Urban,110,Dog Domestication,22
-5000,initial,59,South norselia Tribe,Mediterranean Urban,111,Grinding Stones,22
-5000,initial,59,South norselia Tribe,Mediterranean Urban,112,Proto-cultivation,22
-5000,initial,59,South norselia Tribe,Mediterranean Urban,113,Sedentism,22
-5000,initial,59,South norselia Tribe,Mediterranean Urban,114,Enclosures and Herd Management,22
-5000,initial,59,South norselia Tribe,Mediterranean Urban,115,Counting Tokens and Tallies,22
-5000,initial,59,South norselia Tribe,Mediterranean Urban,116,Charcoal Firing,22
-5000,initial,59,South norselia Tribe,Mediterranean Urban,1,Pottery,22
-5000,initial,59,South norselia Tribe,Mediterranean Urban,2,Animal Husbandry,22
-5000,initial,59,South norselia Tribe,Mediterranean Urban,4,Mining,22
-5000,initial,59,South norselia Tribe,Mediterranean Urban,20,Agriculture,22
-5000,initial,59,South norselia Tribe,Mediterranean Urban,3,Archery,22
-5000,initial,59,South norselia Tribe,Mediterranean Urban,5,Sailing,22
-5000,initial,59,South norselia Tribe,Mediterranean Urban,6,Calendar,22
-5000,initial,60,Ventarven Tribe,Central Plain,100,Cordage and Knots,18
-5000,initial,60,Ventarven Tribe,Central Plain,101,Hide Working and Tailored Clothing,18
-5000,initial,60,Ventarven Tribe,Central Plain,102,Hafted Stone Tools,18
-5000,initial,60,Ventarven Tribe,Central Plain,105,Food Preservation,18
-5000,initial,60,Ventarven Tribe,Central Plain,106,Storage Pits and Containers,18
-5000,initial,60,Ventarven Tribe,Central Plain,107,Seasonal Aggregation Camps,18
-5000,initial,60,Ventarven Tribe,Central Plain,110,Dog Domestication,18
-5000,initial,60,Ventarven Tribe,Central Plain,111,Grinding Stones,18
-5000,initial,60,Ventarven Tribe,Central Plain,112,Proto-cultivation,18
-5000,initial,60,Ventarven Tribe,Central Plain,113,Sedentism,18
-5000,initial,60,Ventarven Tribe,Central Plain,114,Enclosures and Herd Management,18
-5000,initial,60,Ventarven Tribe,Central Plain,116,Charcoal Firing,18
-5000,initial,60,Ventarven Tribe,Central Plain,1,Pottery,18
-5000,initial,60,Ventarven Tribe,Central Plain,2,Animal Husbandry,18
-5000,initial,60,Ventarven Tribe,Central Plain,4,Mining,18
-5000,initial,60,Ventarven Tribe,Central Plain,20,Agriculture,18
-5000,initial,60,Ventarven Tribe,Central Plain,3,Archery,18
-5000,initial,60,Ventarven Tribe,Central Plain,6,Calendar,18
-5000,initial,61,New selnordoria Tribe,Central Plain,100,Cordage and Knots,18
-5000,initial,61,New selnordoria Tribe,Central Plain,101,Hide Working and Tailored Clothing,18
-5000,initial,61,New selnordoria Tribe,Central Plain,102,Hafted Stone Tools,18
-5000,initial,61,New selnordoria Tribe,Central Plain,105,Food Preservation,18
-5000,initial,61,New selnordoria Tribe,Central Plain,106,Storage Pits and Containers,18
-5000,initial,61,New selnordoria Tribe,Central Plain,107,Seasonal Aggregation Camps,18
-5000,initial,61,New selnordoria Tribe,Central Plain,110,Dog Domestication,18
-5000,initial,61,New selnordoria Tribe,Central Plain,111,Grinding Stones,18
-5000,initial,61,New selnordoria Tribe,Central Plain,112,Proto-cultivation,18
-5000,initial,61,New selnordoria Tribe,Central Plain,113,Sedentism,18
-5000,initial,61,New selnordoria Tribe,Central Plain,114,Enclosures and Herd Management,18
-5000,initial,61,New selnordoria Tribe,Central Plain,116,Charcoal Firing,18
-5000,initial,61,New selnordoria Tribe,Central Plain,1,Pottery,18
-5000,initial,61,New selnordoria Tribe,Central Plain,2,Animal Husbandry,18
-5000,initial,61,New selnordoria Tribe,Central Plain,4,Mining,18
-5000,initial,61,New selnordoria Tribe,Central Plain,20,Agriculture,18
-5000,initial,61,New selnordoria Tribe,Central Plain,3,Archery,18
-5000,initial,61,New selnordoria Tribe,Central Plain,6,Calendar,18
-5000,initial,62,Allenselia Tribe,Atlantic Fringe,100,Cordage and Knots,15
-5000,initial,62,Allenselia Tribe,Atlantic Fringe,101,Hide Working and Tailored Clothing,15
-5000,initial,62,Allenselia Tribe,Atlantic Fringe,102,Hafted Stone Tools,15
-5000,initial,62,Allenselia Tribe,Atlantic Fringe,105,Food Preservation,15
-5000,initial,62,Allenselia Tribe,Atlantic Fringe,106,Storage Pits and Containers,15
-5000,initial,62,Allenselia Tribe,Atlantic Fringe,107,Seasonal Aggregation Camps,15
-5000,initial,62,Allenselia Tribe,Atlantic Fringe,111,Grinding Stones,15
-5000,initial,62,Allenselia Tribe,Atlantic Fringe,112,Proto-cultivation,15
-5000,initial,62,Allenselia Tribe,Atlantic Fringe,113,Sedentism,15
-5000,initial,62,Allenselia Tribe,Atlantic Fringe,116,Charcoal Firing,15
-5000,initial,62,Allenselia Tribe,Atlantic Fringe,1,Pottery,15
-5000,initial,62,Allenselia Tribe,Atlantic Fringe,4,Mining,15
-5000,initial,62,Allenselia Tribe,Atlantic Fringe,20,Agriculture,15
-5000,initial,62,Allenselia Tribe,Atlantic Fringe,3,Archery,15
-5000,initial,62,Allenselia Tribe,Atlantic Fringe,6,Calendar,15
-5000,initial,63,Tarvensel Tribe,Atlantic Fringe,100,Cordage and Knots,15
-5000,initial,63,Tarvensel Tribe,Atlantic Fringe,101,Hide Working and Tailored Clothing,15
-5000,initial,63,Tarvensel Tribe,Atlantic Fringe,102,Hafted Stone Tools,15
-5000,initial,63,Tarvensel Tribe,Atlantic Fringe,105,Food Preservation,15
-5000,initial,63,Tarvensel Tribe,Atlantic Fringe,106,Storage Pits and Containers,15
-5000,initial,63,Tarvensel Tribe,Atlantic Fringe,107,Seasonal Aggregation Camps,15
-5000,initial,63,Tarvensel Tribe,Atlantic Fringe,111,Grinding Stones,15
-5000,initial,63,Tarvensel Tribe,Atlantic Fringe,112,Proto-cultivation,15
-5000,initial,63,Tarvensel Tribe,Atlantic Fringe,113,Sedentism,15
-5000,initial,63,Tarvensel Tribe,Atlantic Fringe,116,Charcoal Firing,15
-5000,initial,63,Tarvensel Tribe,Atlantic Fringe,1,Pottery,15
-5000,initial,63,Tarvensel Tribe,Atlantic Fringe,4,Mining,15
-5000,initial,63,Tarvensel Tribe,Atlantic Fringe,20,Agriculture,15
-5000,initial,63,Tarvensel Tribe,Atlantic Fringe,3,Archery,15
-5000,initial,63,Tarvensel Tribe,Atlantic Fringe,6,Calendar,15
-5000,initial,64,South belbel Tribe,Northern Maritime,100,Cordage and Knots,11
-5000,initial,64,South belbel Tribe,Northern Maritime,101,Hide Working and Tailored Clothing,11
-5000,initial,64,South belbel Tribe,Northern Maritime,102,Hafted Stone Tools,11
-5000,initial,64,South belbel Tribe,Northern Maritime,105,Food Preservation,11
-5000,initial,64,South belbel Tribe,Northern Maritime,106,Storage Pits and Containers,11
-5000,initial,64,South belbel Tribe,Northern Maritime,107,Seasonal Aggregation Camps,11
-5000,initial,64,South belbel Tribe,Northern Maritime,111,Grinding Stones,11
-5000,initial,64,South belbel Tribe,Northern Maritime,113,Sedentism,11
-5000,initial,64,South belbel Tribe,Northern Maritime,4,Mining,11
-5000,initial,64,South belbel Tribe,Northern Maritime,3,Archery,11
-5000,initial,64,South belbel Tribe,Northern Maritime,6,Calendar,11
-5000,initial,65,Teoyuc Tribe,Mesoamerican,100,Cordage and Knots,14
-5000,initial,65,Teoyuc Tribe,Mesoamerican,101,Hide Working and Tailored Clothing,14
-5000,initial,65,Teoyuc Tribe,Mesoamerican,102,Hafted Stone Tools,14
-5000,initial,65,Teoyuc Tribe,Mesoamerican,105,Food Preservation,14
-5000,initial,65,Teoyuc Tribe,Mesoamerican,106,Storage Pits and Containers,14
-5000,initial,65,Teoyuc Tribe,Mesoamerican,107,Seasonal Aggregation Camps,14
-5000,initial,65,Teoyuc Tribe,Mesoamerican,111,Grinding Stones,14
-5000,initial,65,Teoyuc Tribe,Mesoamerican,112,Proto-cultivation,14
-5000,initial,65,Teoyuc Tribe,Mesoamerican,113,Sedentism,14
-5000,initial,65,Teoyuc Tribe,Mesoamerican,116,Charcoal Firing,14
-5000,initial,65,Teoyuc Tribe,Mesoamerican,1,Pottery,14
-5000,initial,65,Teoyuc Tribe,Mesoamerican,20,Agriculture,14
-5000,initial,65,Teoyuc Tribe,Mesoamerican,3,Archery,14
-5000,initial,65,Teoyuc Tribe,Mesoamerican,6,Calendar,14
-5000,initial,66,South temmixmixco Tribe,Mesoamerican,100,Cordage and Knots,14
-5000,initial,66,South temmixmixco Tribe,Mesoamerican,101,Hide Working and Tailored Clothing,14
-5000,initial,66,South temmixmixco Tribe,Mesoamerican,102,Hafted Stone Tools,14
-5000,initial,66,South temmixmixco Tribe,Mesoamerican,105,Food Preservation,14
-5000,initial,66,South temmixmixco Tribe,Mesoamerican,106,Storage Pits and Containers,14
-5000,initial,66,South temmixmixco Tribe,Mesoamerican,107,Seasonal Aggregation Camps,14
-5000,initial,66,South temmixmixco Tribe,Mesoamerican,111,Grinding Stones,14
-5000,initial,66,South temmixmixco Tribe,Mesoamerican,112,Proto-cultivation,14
-5000,initial,66,South temmixmixco Tribe,Mesoamerican,113,Sedentism,14
-5000,initial,66,South temmixmixco Tribe,Mesoamerican,116,Charcoal Firing,14
-5000,initial,66,South temmixmixco Tribe,Mesoamerican,1,Pottery,14
-5000,initial,66,South temmixmixco Tribe,Mesoamerican,20,Agriculture,14
-5000,initial,66,South temmixmixco Tribe,Mesoamerican,3,Archery,14
-5000,initial,66,South temmixmixco Tribe,Mesoamerican,6,Calendar,14
-5000,initial,67,New yucmixyuctan Tribe,Mesoamerican,100,Cordage and Knots,14
-5000,initial,67,New yucmixyuctan Tribe,Mesoamerican,101,Hide Working and Tailored Clothing,14
-5000,initial,67,New yucmixyuctan Tribe,Mesoamerican,102,Hafted Stone Tools,14
-5000,initial,67,New yucmixyuctan Tribe,Mesoamerican,105,Food Preservation,14
-5000,initial,67,New yucmixyuctan Tribe,Mesoamerican,106,Storage Pits and Containers,14
-5000,initial,67,New yucmixyuctan Tribe,Mesoamerican,107,Seasonal Aggregation Camps,14
-5000,initial,67,New yucmixyuctan Tribe,Mesoamerican,111,Grinding Stones,14
-5000,initial,67,New yucmixyuctan Tribe,Mesoamerican,112,Proto-cultivation,14
-5000,initial,67,New yucmixyuctan Tribe,Mesoamerican,113,Sedentism,14
-5000,initial,67,New yucmixyuctan Tribe,Mesoamerican,116,Charcoal Firing,14
-5000,initial,67,New yucmixyuctan Tribe,Mesoamerican,1,Pottery,14
-5000,initial,67,New yucmixyuctan Tribe,Mesoamerican,20,Agriculture,14
-5000,initial,67,New yucmixyuctan Tribe,Mesoamerican,3,Archery,14
-5000,initial,67,New yucmixyuctan Tribe,Mesoamerican,6,Calendar,14
-5000,initial,68,South xocmixan Tribe,Mesoamerican,100,Cordage and Knots,14
-5000,initial,68,South xocmixan Tribe,Mesoamerican,101,Hide Working and Tailored Clothing,14
-5000,initial,68,South xocmixan Tribe,Mesoamerican,102,Hafted Stone Tools,14
-5000,initial,68,South xocmixan Tribe,Mesoamerican,105,Food Preservation,14
-5000,initial,68,South xocmixan Tribe,Mesoamerican,106,Storage Pits and Containers,14
-5000,initial,68,South xocmixan Tribe,Mesoamerican,107,Seasonal Aggregation Camps,14
-5000,initial,68,South xocmixan Tribe,Mesoamerican,111,Grinding Stones,14
-5000,initial,68,South xocmixan Tribe,Mesoamerican,112,Proto-cultivation,14
-5000,initial,68,South xocmixan Tribe,Mesoamerican,113,Sedentism,14
-5000,initial,68,South xocmixan Tribe,Mesoamerican,116,Charcoal Firing,14
-5000,initial,68,South xocmixan Tribe,Mesoamerican,1,Pottery,14
-5000,initial,68,South xocmixan Tribe,Mesoamerican,20,Agriculture,14
-5000,initial,68,South xocmixan Tribe,Mesoamerican,3,Archery,14
-5000,initial,68,South xocmixan Tribe,Mesoamerican,6,Calendar,14
-5000,initial,69,Great teoxoctolpan Tribe,Mesoamerican,100,Cordage and Knots,14
-5000,initial,69,Great teoxoctolpan Tribe,Mesoamerican,101,Hide Working and Tailored Clothing,14
-5000,initial,69,Great teoxoctolpan Tribe,Mesoamerican,102,Hafted Stone Tools,14
-5000,initial,69,Great teoxoctolpan Tribe,Mesoamerican,105,Food Preservation,14
-5000,initial,69,Great teoxoctolpan Tribe,Mesoamerican,106,Storage Pits and Containers,14
-5000,initial,69,Great teoxoctolpan Tribe,Mesoamerican,107,Seasonal Aggregation Camps,14
-5000,initial,69,Great teoxoctolpan Tribe,Mesoamerican,111,Grinding Stones,14
-5000,initial,69,Great teoxoctolpan Tribe,Mesoamerican,112,Proto-cultivation,14
-5000,initial,69,Great teoxoctolpan Tribe,Mesoamerican,113,Sedentism,14
-5000,initial,69,Great teoxoctolpan Tribe,Mesoamerican,116,Charcoal Firing,14
-5000,initial,69,Great teoxoctolpan Tribe,Mesoamerican,1,Pottery,14
-5000,initial,69,Great teoxoctolpan Tribe,Mesoamerican,20,Agriculture,14
-5000,initial,69,Great teoxoctolpan Tribe,Mesoamerican,3,Archery,14
-5000,initial,69,Great teoxoctolpan Tribe,Mesoamerican,6,Calendar,14
-5000,initial,70,Great mixitztemco Tribe,Mesoamerican,100,Cordage and Knots,14
-5000,initial,70,Great mixitztemco Tribe,Mesoamerican,101,Hide Working and Tailored Clothing,14
-5000,initial,70,Great mixitztemco Tribe,Mesoamerican,102,Hafted Stone Tools,14
-5000,initial,70,Great mixitztemco Tribe,Mesoamerican,105,Food Preservation,14
-5000,initial,70,Great mixitztemco Tribe,Mesoamerican,106,Storage Pits and Containers,14
-5000,initial,70,Great mixitztemco Tribe,Mesoamerican,107,Seasonal Aggregation Camps,14
-5000,initial,70,Great mixitztemco Tribe,Mesoamerican,111,Grinding Stones,14
-5000,initial,70,Great mixitztemco Tribe,Mesoamerican,112,Proto-cultivation,14
-5000,initial,70,Great mixitztemco Tribe,Mesoamerican,113,Sedentism,14
-5000,initial,70,Great mixitztemco Tribe,Mesoamerican,116,Charcoal Firing,14
-5000,initial,70,Great mixitztemco Tribe,Mesoamerican,1,Pottery,14
-5000,initial,70,Great mixitztemco Tribe,Mesoamerican,20,Agriculture,14
-5000,initial,70,Great mixitztemco Tribe,Mesoamerican,3,Archery,14
-5000,initial,70,Great mixitztemco Tribe,Mesoamerican,6,Calendar,14
-5000,initial,72,South temcaltempan Tribe,Mesoamerican,100,Cordage and Knots,14
-5000,initial,72,South temcaltempan Tribe,Mesoamerican,101,Hide Working and Tailored Clothing,14
-5000,initial,72,South temcaltempan Tribe,Mesoamerican,102,Hafted Stone Tools,14
-5000,initial,72,South temcaltempan Tribe,Mesoamerican,105,Food Preservation,14
-5000,initial,72,South temcaltempan Tribe,Mesoamerican,106,Storage Pits and Containers,14
-5000,initial,72,South temcaltempan Tribe,Mesoamerican,107,Seasonal Aggregation Camps,14
-5000,initial,72,South temcaltempan Tribe,Mesoamerican,111,Grinding Stones,14
-5000,initial,72,South temcaltempan Tribe,Mesoamerican,112,Proto-cultivation,14
-5000,initial,72,South temcaltempan Tribe,Mesoamerican,113,Sedentism,14
-5000,initial,72,South temcaltempan Tribe,Mesoamerican,116,Charcoal Firing,14
-5000,initial,72,South temcaltempan Tribe,Mesoamerican,1,Pottery,14
-5000,initial,72,South temcaltempan Tribe,Mesoamerican,20,Agriculture,14
-5000,initial,72,South temcaltempan Tribe,Mesoamerican,3,Archery,14
-5000,initial,72,South temcaltempan Tribe,Mesoamerican,6,Calendar,14
-5000,initial,73,Itzxoctan Tribe,Mesoamerican,100,Cordage and Knots,14
-5000,initial,73,Itzxoctan Tribe,Mesoamerican,101,Hide Working and Tailored Clothing,14
-5000,initial,73,Itzxoctan Tribe,Mesoamerican,102,Hafted Stone Tools,14
-5000,initial,73,Itzxoctan Tribe,Mesoamerican,105,Food Preservation,14
-5000,initial,73,Itzxoctan Tribe,Mesoamerican,106,Storage Pits and Containers,14
-5000,initial,73,Itzxoctan Tribe,Mesoamerican,107,Seasonal Aggregation Camps,14
-5000,initial,73,Itzxoctan Tribe,Mesoamerican,111,Grinding Stones,14
-5000,initial,73,Itzxoctan Tribe,Mesoamerican,112,Proto-cultivation,14
-5000,initial,73,Itzxoctan Tribe,Mesoamerican,113,Sedentism,14
-5000,initial,73,Itzxoctan Tribe,Mesoamerican,116,Charcoal Firing,14
-5000,initial,73,Itzxoctan Tribe,Mesoamerican,1,Pottery,14
-5000,initial,73,Itzxoctan Tribe,Mesoamerican,20,Agriculture,14
-5000,initial,73,Itzxoctan Tribe,Mesoamerican,3,Archery,14
-5000,initial,73,Itzxoctan Tribe,Mesoamerican,6,Calendar,14
-5000,initial,74,Great xoccaltem Tribe,Mesoamerican,100,Cordage and Knots,14
-5000,initial,74,Great xoccaltem Tribe,Mesoamerican,101,Hide Working and Tailored Clothing,14
-5000,initial,74,Great xoccaltem Tribe,Mesoamerican,102,Hafted Stone Tools,14
-5000,initial,74,Great xoccaltem Tribe,Mesoamerican,105,Food Preservation,14
-5000,initial,74,Great xoccaltem Tribe,Mesoamerican,106,Storage Pits and Containers,14
-5000,initial,74,Great xoccaltem Tribe,Mesoamerican,107,Seasonal Aggregation Camps,14
-5000,initial,74,Great xoccaltem Tribe,Mesoamerican,111,Grinding Stones,14
-5000,initial,74,Great xoccaltem Tribe,Mesoamerican,112,Proto-cultivation,14
-5000,initial,74,Great xoccaltem Tribe,Mesoamerican,113,Sedentism,14
-5000,initial,74,Great xoccaltem Tribe,Mesoamerican,116,Charcoal Firing,14
-5000,initial,74,Great xoccaltem Tribe,Mesoamerican,1,Pottery,14
-5000,initial,74,Great xoccaltem Tribe,Mesoamerican,20,Agriculture,14
-5000,initial,74,Great xoccaltem Tribe,Mesoamerican,3,Archery,14
-5000,initial,74,Great xoccaltem Tribe,Mesoamerican,6,Calendar,14
-5000,initial,75,Great pachayarumyu Tribe,Andean Highland,100,Cordage and Knots,15
-5000,initial,75,Great pachayarumyu Tribe,Andean Highland,101,Hide Working and Tailored Clothing,15
-5000,initial,75,Great pachayarumyu Tribe,Andean Highland,102,Hafted Stone Tools,15
-5000,initial,75,Great pachayarumyu Tribe,Andean Highland,105,Food Preservation,15
-5000,initial,75,Great pachayarumyu Tribe,Andean Highland,106,Storage Pits and Containers,15
-5000,initial,75,Great pachayarumyu Tribe,Andean Highland,107,Seasonal Aggregation Camps,15
-5000,initial,75,Great pachayarumyu Tribe,Andean Highland,111,Grinding Stones,15
-5000,initial,75,Great pachayarumyu Tribe,Andean Highland,112,Proto-cultivation,15
-5000,initial,75,Great pachayarumyu Tribe,Andean Highland,113,Sedentism,15
-5000,initial,75,Great pachayarumyu Tribe,Andean Highland,116,Charcoal Firing,15
-5000,initial,75,Great pachayarumyu Tribe,Andean Highland,1,Pottery,15
-5000,initial,75,Great pachayarumyu Tribe,Andean Highland,4,Mining,15
-5000,initial,75,Great pachayarumyu Tribe,Andean Highland,20,Agriculture,15
-5000,initial,75,Great pachayarumyu Tribe,Andean Highland,3,Archery,15
-5000,initial,75,Great pachayarumyu Tribe,Andean Highland,6,Calendar,15
-5000,initial,76,Old suyuqorimarca Tribe,Andean Highland,100,Cordage and Knots,15
-5000,initial,76,Old suyuqorimarca Tribe,Andean Highland,101,Hide Working and Tailored Clothing,15
-5000,initial,76,Old suyuqorimarca Tribe,Andean Highland,102,Hafted Stone Tools,15
-5000,initial,76,Old suyuqorimarca Tribe,Andean Highland,105,Food Preservation,15
-5000,initial,76,Old suyuqorimarca Tribe,Andean Highland,106,Storage Pits and Containers,15
-5000,initial,76,Old suyuqorimarca Tribe,Andean Highland,107,Seasonal Aggregation Camps,15
-5000,initial,76,Old suyuqorimarca Tribe,Andean Highland,111,Grinding Stones,15
-5000,initial,76,Old suyuqorimarca Tribe,Andean Highland,112,Proto-cultivation,15
-5000,initial,76,Old suyuqorimarca Tribe,Andean Highland,113,Sedentism,15
-5000,initial,76,Old suyuqorimarca Tribe,Andean Highland,116,Charcoal Firing,15
-5000,initial,76,Old suyuqorimarca Tribe,Andean Highland,1,Pottery,15
-5000,initial,76,Old suyuqorimarca Tribe,Andean Highland,4,Mining,15
-5000,initial,76,Old suyuqorimarca Tribe,Andean Highland,20,Agriculture,15
-5000,initial,76,Old suyuqorimarca Tribe,Andean Highland,3,Archery,15
-5000,initial,76,Old suyuqorimarca Tribe,Andean Highland,6,Calendar,15
-5000,initial,77,South pachqoria Tribe,Andean Highland,100,Cordage and Knots,15
-5000,initial,77,South pachqoria Tribe,Andean Highland,101,Hide Working and Tailored Clothing,15
-5000,initial,77,South pachqoria Tribe,Andean Highland,102,Hafted Stone Tools,15
-5000,initial,77,South pachqoria Tribe,Andean Highland,105,Food Preservation,15
-5000,initial,77,South pachqoria Tribe,Andean Highland,106,Storage Pits and Containers,15
-5000,initial,77,South pachqoria Tribe,Andean Highland,107,Seasonal Aggregation Camps,15
-5000,initial,77,South pachqoria Tribe,Andean Highland,111,Grinding Stones,15
-5000,initial,77,South pachqoria Tribe,Andean Highland,112,Proto-cultivation,15
-5000,initial,77,South pachqoria Tribe,Andean Highland,113,Sedentism,15
-5000,initial,77,South pachqoria Tribe,Andean Highland,116,Charcoal Firing,15
-5000,initial,77,South pachqoria Tribe,Andean Highland,1,Pottery,15
-5000,initial,77,South pachqoria Tribe,Andean Highland,4,Mining,15
-5000,initial,77,South pachqoria Tribe,Andean Highland,20,Agriculture,15
-5000,initial,77,South pachqoria Tribe,Andean Highland,3,Archery,15
-5000,initial,77,South pachqoria Tribe,Andean Highland,6,Calendar,15
-5000,initial,78,Great qorillaqa Tribe,Andean Highland,100,Cordage and Knots,15
-5000,initial,78,Great qorillaqa Tribe,Andean Highland,101,Hide Working and Tailored Clothing,15
-5000,initial,78,Great qorillaqa Tribe,Andean Highland,102,Hafted Stone Tools,15
-5000,initial,78,Great qorillaqa Tribe,Andean Highland,105,Food Preservation,15
-5000,initial,78,Great qorillaqa Tribe,Andean Highland,106,Storage Pits and Containers,15
-5000,initial,78,Great qorillaqa Tribe,Andean Highland,107,Seasonal Aggregation Camps,15
-5000,initial,78,Great qorillaqa Tribe,Andean Highland,111,Grinding Stones,15
-5000,initial,78,Great qorillaqa Tribe,Andean Highland,112,Proto-cultivation,15
-5000,initial,78,Great qorillaqa Tribe,Andean Highland,113,Sedentism,15
-5000,initial,78,Great qorillaqa Tribe,Andean Highland,116,Charcoal Firing,15
-5000,initial,78,Great qorillaqa Tribe,Andean Highland,1,Pottery,15
-5000,initial,78,Great qorillaqa Tribe,Andean Highland,4,Mining,15
-5000,initial,78,Great qorillaqa Tribe,Andean Highland,20,Agriculture,15
-5000,initial,78,Great qorillaqa Tribe,Andean Highland,3,Archery,15
-5000,initial,78,Great qorillaqa Tribe,Andean Highland,6,Calendar,15
-5000,initial,79,New qoriqoriintina Tribe,Andean Highland,100,Cordage and Knots,15
-5000,initial,79,New qoriqoriintina Tribe,Andean Highland,101,Hide Working and Tailored Clothing,15
-5000,initial,79,New qoriqoriintina Tribe,Andean Highland,102,Hafted Stone Tools,15
-5000,initial,79,New qoriqoriintina Tribe,Andean Highland,105,Food Preservation,15
-5000,initial,79,New qoriqoriintina Tribe,Andean Highland,106,Storage Pits and Containers,15
-5000,initial,79,New qoriqoriintina Tribe,Andean Highland,107,Seasonal Aggregation Camps,15
-5000,initial,79,New qoriqoriintina Tribe,Andean Highland,111,Grinding Stones,15
-5000,initial,79,New qoriqoriintina Tribe,Andean Highland,112,Proto-cultivation,15
-5000,initial,79,New qoriqoriintina Tribe,Andean Highland,113,Sedentism,15
-5000,initial,79,New qoriqoriintina Tribe,Andean Highland,116,Charcoal Firing,15
-5000,initial,79,New qoriqoriintina Tribe,Andean Highland,1,Pottery,15
-5000,initial,79,New qoriqoriintina Tribe,Andean Highland,4,Mining,15
-5000,initial,79,New qoriqoriintina Tribe,Andean Highland,20,Agriculture,15
-5000,initial,79,New qoriqoriintina Tribe,Andean Highland,3,Archery,15
-5000,initial,79,New qoriqoriintina Tribe,Andean Highland,6,Calendar,15
-5000,initial,80,North tupllaqtupmarca Tribe,Andean Highland,100,Cordage and Knots,15
-5000,initial,80,North tupllaqtupmarca Tribe,Andean Highland,101,Hide Working and Tailored Clothing,15
-5000,initial,80,North tupllaqtupmarca Tribe,Andean Highland,102,Hafted Stone Tools,15
-5000,initial,80,North tupllaqtupmarca Tribe,Andean Highland,105,Food Preservation,15
-5000,initial,80,North tupllaqtupmarca Tribe,Andean Highland,106,Storage Pits and Containers,15
-5000,initial,80,North tupllaqtupmarca Tribe,Andean Highland,107,Seasonal Aggregation Camps,15
-5000,initial,80,North tupllaqtupmarca Tribe,Andean Highland,111,Grinding Stones,15
-5000,initial,80,North tupllaqtupmarca Tribe,Andean Highland,112,Proto-cultivation,15
-5000,initial,80,North tupllaqtupmarca Tribe,Andean Highland,113,Sedentism,15
-5000,initial,80,North tupllaqtupmarca Tribe,Andean Highland,116,Charcoal Firing,15
-5000,initial,80,North tupllaqtupmarca Tribe,Andean Highland,1,Pottery,15
-5000,initial,80,North tupllaqtupmarca Tribe,Andean Highland,4,Mining,15
-5000,initial,80,North tupllaqtupmarca Tribe,Andean Highland,20,Agriculture,15
-5000,initial,80,North tupllaqtupmarca Tribe,Andean Highland,3,Archery,15
-5000,initial,80,North tupllaqtupmarca Tribe,Andean Highland,6,Calendar,15
-5000,initial,81,North qoriqorillaq Tribe,Andean Highland,100,Cordage and Knots,15
-5000,initial,81,North qoriqorillaq Tribe,Andean Highland,101,Hide Working and Tailored Clothing,15
-5000,initial,81,North qoriqorillaq Tribe,Andean Highland,102,Hafted Stone Tools,15
-5000,initial,81,North qoriqorillaq Tribe,Andean Highland,105,Food Preservation,15
-5000,initial,81,North qoriqorillaq Tribe,Andean Highland,106,Storage Pits and Containers,15
-5000,initial,81,North qoriqorillaq Tribe,Andean Highland,107,Seasonal Aggregation Camps,15
-5000,initial,81,North qoriqorillaq Tribe,Andean Highland,111,Grinding Stones,15
-5000,initial,81,North qoriqorillaq Tribe,Andean Highland,112,Proto-cultivation,15
-5000,initial,81,North qoriqorillaq Tribe,Andean Highland,113,Sedentism,15
-5000,initial,81,North qoriqorillaq Tribe,Andean Highland,116,Charcoal Firing,15
-5000,initial,81,North qoriqorillaq Tribe,Andean Highland,1,Pottery,15
-5000,initial,81,North qoriqorillaq Tribe,Andean Highland,4,Mining,15
-5000,initial,81,North qoriqorillaq Tribe,Andean Highland,20,Agriculture,15
-5000,initial,81,North qoriqorillaq Tribe,Andean Highland,3,Archery,15
-5000,initial,81,North qoriqorillaq Tribe,Andean Highland,6,Calendar,15
-5000,initial,82,Quiranviaia Tribe,Eastern Woodland,100,Cordage and Knots,11
-5000,initial,82,Quiranviaia Tribe,Eastern Woodland,101,Hide Working and Tailored Clothing,11
-5000,initial,82,Quiranviaia Tribe,Eastern Woodland,102,Hafted Stone Tools,11
-5000,initial,82,Quiranviaia Tribe,Eastern Woodland,105,Food Preservation,11
-5000,initial,82,Quiranviaia Tribe,Eastern Woodland,106,Storage Pits and Containers,11
-5000,initial,82,Quiranviaia Tribe,Eastern Woodland,107,Seasonal Aggregation Camps,11
-5000,initial,82,Quiranviaia Tribe,Eastern Woodland,111,Grinding Stones,11
-5000,initial,82,Quiranviaia Tribe,Eastern Woodland,113,Sedentism,11
-5000,initial,82,Quiranviaia Tribe,Eastern Woodland,4,Mining,11
-5000,initial,82,Quiranviaia Tribe,Eastern Woodland,3,Archery,11
-5000,initial,82,Quiranviaia Tribe,Eastern Woodland,6,Calendar,11
-5000,initial,83,New rommarrangrad Tribe,Eastern Woodland,100,Cordage and Knots,11
-5000,initial,83,New rommarrangrad Tribe,Eastern Woodland,101,Hide Working and Tailored Clothing,11
-5000,initial,83,New rommarrangrad Tribe,Eastern Woodland,102,Hafted Stone Tools,11
-5000,initial,83,New rommarrangrad Tribe,Eastern Woodland,105,Food Preservation,11
-5000,initial,83,New rommarrangrad Tribe,Eastern Woodland,106,Storage Pits and Containers,11
-5000,initial,83,New rommarrangrad Tribe,Eastern Woodland,107,Seasonal Aggregation Camps,11
-5000,initial,83,New rommarrangrad Tribe,Eastern Woodland,111,Grinding Stones,11
-5000,initial,83,New rommarrangrad Tribe,Eastern Woodland,113,Sedentism,11
-5000,initial,83,New rommarrangrad Tribe,Eastern Woodland,4,Mining,11
-5000,initial,83,New rommarrangrad Tribe,Eastern Woodland,3,Archery,11
-5000,initial,83,New rommarrangrad Tribe,Eastern Woodland,6,Calendar,11
-5000,initial,84,Marzen Tribe,Eastern Woodland,100,Cordage and Knots,11
-5000,initial,84,Marzen Tribe,Eastern Woodland,101,Hide Working and Tailored Clothing,11
-5000,initial,84,Marzen Tribe,Eastern Woodland,102,Hafted Stone Tools,11
-5000,initial,84,Marzen Tribe,Eastern Woodland,105,Food Preservation,11
-5000,initial,84,Marzen Tribe,Eastern Woodland,106,Storage Pits and Containers,11
-5000,initial,84,Marzen Tribe,Eastern Woodland,107,Seasonal Aggregation Camps,11
-5000,initial,84,Marzen Tribe,Eastern Woodland,111,Grinding Stones,11
-5000,initial,84,Marzen Tribe,Eastern Woodland,113,Sedentism,11
-5000,initial,84,Marzen Tribe,Eastern Woodland,4,Mining,11
-5000,initial,84,Marzen Tribe,Eastern Woodland,3,Archery,11
-5000,initial,84,Marzen Tribe,Eastern Woodland,6,Calendar,11
-5000,initial,85,Linquiromland Tribe,Eastern Woodland,100,Cordage and Knots,11
-5000,initial,85,Linquiromland Tribe,Eastern Woodland,101,Hide Working and Tailored Clothing,11
-5000,initial,85,Linquiromland Tribe,Eastern Woodland,102,Hafted Stone Tools,11
-5000,initial,85,Linquiromland Tribe,Eastern Woodland,105,Food Preservation,11
-5000,initial,85,Linquiromland Tribe,Eastern Woodland,106,Storage Pits and Containers,11
-5000,initial,85,Linquiromland Tribe,Eastern Woodland,107,Seasonal Aggregation Camps,11
-5000,initial,85,Linquiromland Tribe,Eastern Woodland,111,Grinding Stones,11
-5000,initial,85,Linquiromland Tribe,Eastern Woodland,113,Sedentism,11
-5000,initial,85,Linquiromland Tribe,Eastern Woodland,4,Mining,11
-5000,initial,85,Linquiromland Tribe,Eastern Woodland,3,Archery,11
-5000,initial,85,Linquiromland Tribe,Eastern Woodland,6,Calendar,11
-5000,initial,86,North lorran Tribe,Eastern Woodland,100,Cordage and Knots,11
-5000,initial,86,North lorran Tribe,Eastern Woodland,101,Hide Working and Tailored Clothing,11
-5000,initial,86,North lorran Tribe,Eastern Woodland,102,Hafted Stone Tools,11
-5000,initial,86,North lorran Tribe,Eastern Woodland,105,Food Preservation,11
-5000,initial,86,North lorran Tribe,Eastern Woodland,106,Storage Pits and Containers,11
-5000,initial,86,North lorran Tribe,Eastern Woodland,107,Seasonal Aggregation Camps,11
-5000,initial,86,North lorran Tribe,Eastern Woodland,111,Grinding Stones,11
-5000,initial,86,North lorran Tribe,Eastern Woodland,113,Sedentism,11
-5000,initial,86,North lorran Tribe,Eastern Woodland,4,Mining,11
-5000,initial,86,North lorran Tribe,Eastern Woodland,3,Archery,11
-5000,initial,86,North lorran Tribe,Eastern Woodland,6,Calendar,11
-5000,initial,87,Great lorbelia Tribe,Eastern Woodland,100,Cordage and Knots,11
-5000,initial,87,Great lorbelia Tribe,Eastern Woodland,101,Hide Working and Tailored Clothing,11
-5000,initial,87,Great lorbelia Tribe,Eastern Woodland,102,Hafted Stone Tools,11
-5000,initial,87,Great lorbelia Tribe,Eastern Woodland,105,Food Preservation,11
-5000,initial,87,Great lorbelia Tribe,Eastern Woodland,106,Storage Pits and Containers,11
-5000,initial,87,Great lorbelia Tribe,Eastern Woodland,107,Seasonal Aggregation Camps,11
-5000,initial,87,Great lorbelia Tribe,Eastern Woodland,111,Grinding Stones,11
-5000,initial,87,Great lorbelia Tribe,Eastern Woodland,113,Sedentism,11
-5000,initial,87,Great lorbelia Tribe,Eastern Woodland,4,Mining,11
-5000,initial,87,Great lorbelia Tribe,Eastern Woodland,3,Archery,11
-5000,initial,87,Great lorbelia Tribe,Eastern Woodland,6,Calendar,11
-5000,initial,88,Great dusnaland Tribe,Eastern Woodland,100,Cordage and Knots,11
-5000,initial,88,Great dusnaland Tribe,Eastern Woodland,101,Hide Working and Tailored Clothing,11
-5000,initial,88,Great dusnaland Tribe,Eastern Woodland,102,Hafted Stone Tools,11
-5000,initial,88,Great dusnaland Tribe,Eastern Woodland,105,Food Preservation,11
-5000,initial,88,Great dusnaland Tribe,Eastern Woodland,106,Storage Pits and Containers,11
-5000,initial,88,Great dusnaland Tribe,Eastern Woodland,107,Seasonal Aggregation Camps,11
-5000,initial,88,Great dusnaland Tribe,Eastern Woodland,111,Grinding Stones,11
-5000,initial,88,Great dusnaland Tribe,Eastern Woodland,113,Sedentism,11
-5000,initial,88,Great dusnaland Tribe,Eastern Woodland,4,Mining,11
-5000,initial,88,Great dusnaland Tribe,Eastern Woodland,3,Archery,11
-5000,initial,88,Great dusnaland Tribe,Eastern Woodland,6,Calendar,11
-5000,initial,89,New quiviastan Tribe,Western Plains,100,Cordage and Knots,11
-5000,initial,89,New quiviastan Tribe,Western Plains,101,Hide Working and Tailored Clothing,11
-5000,initial,89,New quiviastan Tribe,Western Plains,102,Hafted Stone Tools,11
-5000,initial,89,New quiviastan Tribe,Western Plains,105,Food Preservation,11
-5000,initial,89,New quiviastan Tribe,Western Plains,106,Storage Pits and Containers,11
-5000,initial,89,New quiviastan Tribe,Western Plains,107,Seasonal Aggregation Camps,11
-5000,initial,89,New quiviastan Tribe,Western Plains,111,Grinding Stones,11
-5000,initial,89,New quiviastan Tribe,Western Plains,113,Sedentism,11
-5000,initial,89,New quiviastan Tribe,Western Plains,4,Mining,11
-5000,initial,89,New quiviastan Tribe,Western Plains,3,Archery,11
-5000,initial,89,New quiviastan Tribe,Western Plains,6,Calendar,11
-5000,initial,90,Lormaria Tribe,Western Plains,100,Cordage and Knots,11
-5000,initial,90,Lormaria Tribe,Western Plains,101,Hide Working and Tailored Clothing,11
-5000,initial,90,Lormaria Tribe,Western Plains,102,Hafted Stone Tools,11
-5000,initial,90,Lormaria Tribe,Western Plains,105,Food Preservation,11
-5000,initial,90,Lormaria Tribe,Western Plains,106,Storage Pits and Containers,11
-5000,initial,90,Lormaria Tribe,Western Plains,107,Seasonal Aggregation Camps,11
-5000,initial,90,Lormaria Tribe,Western Plains,111,Grinding Stones,11
-5000,initial,90,Lormaria Tribe,Western Plains,113,Sedentism,11
-5000,initial,90,Lormaria Tribe,Western Plains,4,Mining,11
-5000,initial,90,Lormaria Tribe,Western Plains,3,Archery,11
-5000,initial,90,Lormaria Tribe,Western Plains,6,Calendar,11
-5000,initial,91,North viabellorland Tribe,Western Plains,100,Cordage and Knots,11
-5000,initial,91,North viabellorland Tribe,Western Plains,101,Hide Working and Tailored Clothing,11
-5000,initial,91,North viabellorland Tribe,Western Plains,102,Hafted Stone Tools,11
-5000,initial,91,North viabellorland Tribe,Western Plains,105,Food Preservation,11
-5000,initial,91,North viabellorland Tribe,Western Plains,106,Storage Pits and Containers,11
-5000,initial,91,North viabellorland Tribe,Western Plains,107,Seasonal Aggregation Camps,11
-5000,initial,91,North viabellorland Tribe,Western Plains,111,Grinding Stones,11
-5000,initial,91,North viabellorland Tribe,Western Plains,113,Sedentism,11
-5000,initial,91,North viabellorland Tribe,Western Plains,4,Mining,11
-5000,initial,91,North viabellorland Tribe,Western Plains,3,Archery,11
-5000,initial,91,North viabellorland Tribe,Western Plains,6,Calendar,11
-5000,initial,92,Old quizen Tribe,Western Plains,100,Cordage and Knots,11
-5000,initial,92,Old quizen Tribe,Western Plains,101,Hide Working and Tailored Clothing,11
-5000,initial,92,Old quizen Tribe,Western Plains,102,Hafted Stone Tools,11
-5000,initial,92,Old quizen Tribe,Western Plains,105,Food Preservation,11
-5000,initial,92,Old quizen Tribe,Western Plains,106,Storage Pits and Containers,11
-5000,initial,92,Old quizen Tribe,Western Plains,107,Seasonal Aggregation Camps,11
-5000,initial,92,Old quizen Tribe,Western Plains,111,Grinding Stones,11
-5000,initial,92,Old quizen Tribe,Western Plains,113,Sedentism,11
-5000,initial,92,Old quizen Tribe,Western Plains,4,Mining,11
-5000,initial,92,Old quizen Tribe,Western Plains,3,Archery,11
-5000,initial,92,Old quizen Tribe,Western Plains,6,Calendar,11
-5000,initial,93,Gargarland Tribe,Western Plains,100,Cordage and Knots,11
-5000,initial,93,Gargarland Tribe,Western Plains,101,Hide Working and Tailored Clothing,11
-5000,initial,93,Gargarland Tribe,Western Plains,102,Hafted Stone Tools,11
-5000,initial,93,Gargarland Tribe,Western Plains,105,Food Preservation,11
-5000,initial,93,Gargarland Tribe,Western Plains,106,Storage Pits and Containers,11
-5000,initial,93,Gargarland Tribe,Western Plains,107,Seasonal Aggregation Camps,11
-5000,initial,93,Gargarland Tribe,Western Plains,111,Grinding Stones,11
-5000,initial,93,Gargarland Tribe,Western Plains,113,Sedentism,11
-5000,initial,93,Gargarland Tribe,Western Plains,4,Mining,11
-5000,initial,93,Gargarland Tribe,Western Plains,3,Archery,11
-5000,initial,93,Gargarland Tribe,Western Plains,6,Calendar,11
-5000,initial,94,Old marnastan Tribe,Western Plains,100,Cordage and Knots,11
-5000,initial,94,Old marnastan Tribe,Western Plains,101,Hide Working and Tailored Clothing,11
-5000,initial,94,Old marnastan Tribe,Western Plains,102,Hafted Stone Tools,11
-5000,initial,94,Old marnastan Tribe,Western Plains,105,Food Preservation,11
-5000,initial,94,Old marnastan Tribe,Western Plains,106,Storage Pits and Containers,11
-5000,initial,94,Old marnastan Tribe,Western Plains,107,Seasonal Aggregation Camps,11
-5000,initial,94,Old marnastan Tribe,Western Plains,111,Grinding Stones,11
-5000,initial,94,Old marnastan Tribe,Western Plains,113,Sedentism,11
-5000,initial,94,Old marnastan Tribe,Western Plains,4,Mining,11
-5000,initial,94,Old marnastan Tribe,Western Plains,3,Archery,11
-5000,initial,94,Old marnastan Tribe,Western Plains,6,Calendar,11
-5000,initial,95,North kinquistan Tribe,Western Plains,100,Cordage and Knots,11
-5000,initial,95,North kinquistan Tribe,Western Plains,101,Hide Working and Tailored Clothing,11
-5000,initial,95,North kinquistan Tribe,Western Plains,102,Hafted Stone Tools,11
-5000,initial,95,North kinquistan Tribe,Western Plains,105,Food Preservation,11
-5000,initial,95,North kinquistan Tribe,Western Plains,106,Storage Pits and Containers,11
-5000,initial,95,North kinquistan Tribe,Western Plains,107,Seasonal Aggregation Camps,11
-5000,initial,95,North kinquistan Tribe,Western Plains,111,Grinding Stones,11
-5000,initial,95,North kinquistan Tribe,Western Plains,113,Sedentism,11
-5000,initial,95,North kinquistan Tribe,Western Plains,4,Mining,11
-5000,initial,95,North kinquistan Tribe,Western Plains,3,Archery,11
-5000,initial,95,North kinquistan Tribe,Western Plains,6,Calendar,11
-5000,initial,96,Solnaran Tribe,Western Plains,100,Cordage and Knots,11
-5000,initial,96,Solnaran Tribe,Western Plains,101,Hide Working and Tailored Clothing,11
-5000,initial,96,Solnaran Tribe,Western Plains,102,Hafted Stone Tools,11
-5000,initial,96,Solnaran Tribe,Western Plains,105,Food Preservation,11
-5000,initial,96,Solnaran Tribe,Western Plains,106,Storage Pits and Containers,11
-5000,initial,96,Solnaran Tribe,Western Plains,107,Seasonal Aggregation Camps,11
-5000,initial,96,Solnaran Tribe,Western Plains,111,Grinding Stones,11
-5000,initial,96,Solnaran Tribe,Western Plains,113,Sedentism,11
-5000,initial,96,Solnaran Tribe,Western Plains,4,Mining,11
-5000,initial,96,Solnaran Tribe,Western Plains,3,Archery,11
-5000,initial,96,Solnaran Tribe,Western Plains,6,Calendar,11
-5000,initial,97,South dusgarquigrad Tribe,Caribbean Seafaring,100,Cordage and Knots,12
-5000,initial,97,South dusgarquigrad Tribe,Caribbean Seafaring,101,Hide Working and Tailored Clothing,12
-5000,initial,97,South dusgarquigrad Tribe,Caribbean Seafaring,102,Hafted Stone Tools,12
-5000,initial,97,South dusgarquigrad Tribe,Caribbean Seafaring,104,Fishing Technology,12
-5000,initial,97,South dusgarquigrad Tribe,Caribbean Seafaring,105,Food Preservation,12
-5000,initial,97,South dusgarquigrad Tribe,Caribbean Seafaring,106,Storage Pits and Containers,12
-5000,initial,97,South dusgarquigrad Tribe,Caribbean Seafaring,107,Seasonal Aggregation Camps,12
-5000,initial,97,South dusgarquigrad Tribe,Caribbean Seafaring,108,Watercraft,12
-5000,initial,97,South dusgarquigrad Tribe,Caribbean Seafaring,113,Sedentism,12
-5000,initial,97,South dusgarquigrad Tribe,Caribbean Seafaring,3,Archery,12
-5000,initial,97,South dusgarquigrad Tribe,Caribbean Seafaring,5,Sailing,12
-5000,initial,97,South dusgarquigrad Tribe,Caribbean Seafaring,6,Calendar,12
-5000,initial,98,Great tanehanakirimoa Tribe,Oceanic Navigators,100,Cordage and Knots,12
-5000,initial,98,Great tanehanakirimoa Tribe,Oceanic Navigators,101,Hide Working and Tailored Clothing,12
-5000,initial,98,Great tanehanakirimoa Tribe,Oceanic Navigators,102,Hafted Stone Tools,12
-5000,initial,98,Great tanehanakirimoa Tribe,Oceanic Navigators,104,Fishing Technology,12
-5000,initial,98,Great tanehanakirimoa Tribe,Oceanic Navigators,105,Food Preservation,12
-5000,initial,98,Great tanehanakirimoa Tribe,Oceanic Navigators,106,Storage Pits and Containers,12
-5000,initial,98,Great tanehanakirimoa Tribe,Oceanic Navigators,107,Seasonal Aggregation Camps,12
-5000,initial,98,Great tanehanakirimoa Tribe,Oceanic Navigators,108,Watercraft,12
-5000,initial,98,Great tanehanakirimoa Tribe,Oceanic Navigators,113,Sedentism,12
-5000,initial,98,Great tanehanakirimoa Tribe,Oceanic Navigators,3,Archery,12
-5000,initial,98,Great tanehanakirimoa Tribe,Oceanic Navigators,5,Sailing,12
-5000,initial,98,Great tanehanakirimoa Tribe,Oceanic Navigators,6,Calendar,12
-5000,initial,99,New motane Tribe,Oceanic Navigators,100,Cordage and Knots,12
-5000,initial,99,New motane Tribe,Oceanic Navigators,101,Hide Working and Tailored Clothing,12
-5000,initial,99,New motane Tribe,Oceanic Navigators,102,Hafted Stone Tools,12
-5000,initial,99,New motane Tribe,Oceanic Navigators,104,Fishing Technology,12
-5000,initial,99,New motane Tribe,Oceanic Navigators,105,Food Preservation,12
-5000,initial,99,New motane Tribe,Oceanic Navigators,106,Storage Pits and Containers,12
-5000,initial,99,New motane Tribe,Oceanic Navigators,107,Seasonal Aggregation Camps,12
-5000,initial,99,New motane Tribe,Oceanic Navigators,108,Watercraft,12
-5000,initial,99,New motane Tribe,Oceanic Navigators,113,Sedentism,12
-5000,initial,99,New motane Tribe,Oceanic Navigators,3,Archery,12
-5000,initial,99,New motane Tribe,Oceanic Navigators,5,Sailing,12
-5000,initial,99,New motane Tribe,Oceanic Navigators,6,Calendar,12
-4970,initial,100,South dorkar Tribe,Atlantic Fringe,100,Cordage and Knots,12
-4970,initial,100,South dorkar Tribe,Atlantic Fringe,101,Hide Working and Tailored Clothing,12
-4970,initial,100,South dorkar Tribe,Atlantic Fringe,102,Hafted Stone Tools,12
-4970,initial,100,South dorkar Tribe,Atlantic Fringe,105,Food Preservation,12
-4970,initial,100,South dorkar Tribe,Atlantic Fringe,106,Storage Pits and Containers,12
-4970,initial,100,South dorkar Tribe,Atlantic Fringe,107,Seasonal Aggregation Camps,12
-4970,initial,100,South dorkar Tribe,Atlantic Fringe,111,Grinding Stones,12
-4970,initial,100,South dorkar Tribe,Atlantic Fringe,116,Charcoal Firing,12
-4970,initial,100,South dorkar Tribe,Atlantic Fringe,1,Pottery,12
-4970,initial,100,South dorkar Tribe,Atlantic Fringe,4,Mining,12
-4970,initial,100,South dorkar Tribe,Atlantic Fringe,3,Archery,12
-4970,initial,100,South dorkar Tribe,Atlantic Fringe,6,Calendar,12
-4965,initial,101,New bareshan Tribe,Fertile Crescent,100,Cordage and Knots,12
-4965,initial,101,New bareshan Tribe,Fertile Crescent,101,Hide Working and Tailored Clothing,12
-4965,initial,101,New bareshan Tribe,Fertile Crescent,102,Hafted Stone Tools,12
-4965,initial,101,New bareshan Tribe,Fertile Crescent,105,Food Preservation,12
-4965,initial,101,New bareshan Tribe,Fertile Crescent,106,Storage Pits and Containers,12
-4965,initial,101,New bareshan Tribe,Fertile Crescent,107,Seasonal Aggregation Camps,12
-4965,initial,101,New bareshan Tribe,Fertile Crescent,110,Dog Domestication,12
-4965,initial,101,New bareshan Tribe,Fertile Crescent,111,Grinding Stones,12
-4965,initial,101,New bareshan Tribe,Fertile Crescent,116,Charcoal Firing,12
-4965,initial,101,New bareshan Tribe,Fertile Crescent,119,Native Copper Working,12
-4965,initial,101,New bareshan Tribe,Fertile Crescent,4,Mining,12
-4965,initial,101,New bareshan Tribe,Fertile Crescent,3,Archery,12
-4950,initial,102,South linromgrad Tribe,Steppe Nomadic,100,Cordage and Knots,10
-4950,initial,102,South linromgrad Tribe,Steppe Nomadic,101,Hide Working and Tailored Clothing,10
-4950,initial,102,South linromgrad Tribe,Steppe Nomadic,102,Hafted Stone Tools,10
-4950,initial,102,South linromgrad Tribe,Steppe Nomadic,105,Food Preservation,10
-4950,initial,102,South linromgrad Tribe,Steppe Nomadic,106,Storage Pits and Containers,10
-4950,initial,102,South linromgrad Tribe,Steppe Nomadic,107,Seasonal Aggregation Camps,10
-4950,initial,102,South linromgrad Tribe,Steppe Nomadic,110,Dog Domestication,10
-4950,initial,102,South linromgrad Tribe,Steppe Nomadic,111,Grinding Stones,10
-4950,initial,102,South linromgrad Tribe,Steppe Nomadic,4,Mining,10
-4950,initial,102,South linromgrad Tribe,Steppe Nomadic,3,Archery,10
-4945,initial,103,New sursurnagar Tribe,Indic Riverine,100,Cordage and Knots,11
-4945,initial,103,New sursurnagar Tribe,Indic Riverine,101,Hide Working and Tailored Clothing,11
-4945,initial,103,New sursurnagar Tribe,Indic Riverine,102,Hafted Stone Tools,11
-4945,initial,103,New sursurnagar Tribe,Indic Riverine,105,Food Preservation,11
-4945,initial,103,New sursurnagar Tribe,Indic Riverine,106,Storage Pits and Containers,11
-4945,initial,103,New sursurnagar Tribe,Indic Riverine,107,Seasonal Aggregation Camps,11
-4945,initial,103,New sursurnagar Tribe,Indic Riverine,110,Dog Domestication,11
-4945,initial,103,New sursurnagar Tribe,Indic Riverine,111,Grinding Stones,11
-4945,initial,103,New sursurnagar Tribe,Indic Riverine,116,Charcoal Firing,11
-4945,initial,103,New sursurnagar Tribe,Indic Riverine,4,Mining,11
-4945,initial,103,New sursurnagar Tribe,Indic Riverine,3,Archery,11
-4940,initial,104,Old dusbel Tribe,Eastern Woodland,100,Cordage and Knots,8
-4940,initial,104,Old dusbel Tribe,Eastern Woodland,101,Hide Working and Tailored Clothing,8
-4940,initial,104,Old dusbel Tribe,Eastern Woodland,102,Hafted Stone Tools,8
-4940,initial,104,Old dusbel Tribe,Eastern Woodland,105,Food Preservation,8
-4940,initial,104,Old dusbel Tribe,Eastern Woodland,106,Storage Pits and Containers,8
-4940,initial,104,Old dusbel Tribe,Eastern Woodland,107,Seasonal Aggregation Camps,8
-4940,initial,104,Old dusbel Tribe,Eastern Woodland,111,Grinding Stones,8
-4940,initial,104,Old dusbel Tribe,Eastern Woodland,3,Archery,8
-4895,initial,105,New minlizhou Tribe,East Riverine,100,Cordage and Knots,10
-4895,initial,105,New minlizhou Tribe,East Riverine,101,Hide Working and Tailored Clothing,10
-4895,initial,105,New minlizhou Tribe,East Riverine,102,Hafted Stone Tools,10
-4895,initial,105,New minlizhou Tribe,East Riverine,105,Food Preservation,10
-4895,initial,105,New minlizhou Tribe,East Riverine,106,Storage Pits and Containers,10
-4895,initial,105,New minlizhou Tribe,East Riverine,107,Seasonal Aggregation Camps,10
-4895,initial,105,New minlizhou Tribe,East Riverine,110,Dog Domestication,10
-4895,initial,105,New minlizhou Tribe,East Riverine,111,Grinding Stones,10
-4895,initial,105,New minlizhou Tribe,East Riverine,116,Charcoal Firing,10
-4895,initial,105,New minlizhou Tribe,East Riverine,3,Archery,10
-4835,initial,106,New rasura Tribe,Indic Riverine,100,Cordage and Knots,10
-4835,initial,106,New rasura Tribe,Indic Riverine,101,Hide Working and Tailored Clothing,10
-4835,initial,106,New rasura Tribe,Indic Riverine,102,Hafted Stone Tools,10
-4835,initial,106,New rasura Tribe,Indic Riverine,105,Food Preservation,10
-4835,initial,106,New rasura Tribe,Indic Riverine,106,Storage Pits and Containers,10
-4835,initial,106,New rasura Tribe,Indic Riverine,107,Seasonal Aggregation Camps,10
-4835,initial,106,New rasura Tribe,Indic Riverine,110,Dog Domestication,10
-4835,initial,106,New rasura Tribe,Indic Riverine,111,Grinding Stones,10
-4835,initial,106,New rasura Tribe,Indic Riverine,116,Charcoal Firing,10
-4835,initial,106,New rasura Tribe,Indic Riverine,3,Archery,10
-4830,initial,107,New taihanzhoguo Tribe,East Riverine,100,Cordage and Knots,10
-4830,initial,107,New taihanzhoguo Tribe,East Riverine,101,Hide Working and Tailored Clothing,10
-4830,initial,107,New taihanzhoguo Tribe,East Riverine,102,Hafted Stone Tools,10
-4830,initial,107,New taihanzhoguo Tribe,East Riverine,105,Food Preservation,10
-4830,initial,107,New taihanzhoguo Tribe,East Riverine,106,Storage Pits and Containers,10
-4830,initial,107,New taihanzhoguo Tribe,East Riverine,107,Seasonal Aggregation Camps,10
-4830,initial,107,New taihanzhoguo Tribe,East Riverine,110,Dog Domestication,10
-4830,initial,107,New taihanzhoguo Tribe,East Riverine,111,Grinding Stones,10
-4830,initial,107,New taihanzhoguo Tribe,East Riverine,116,Charcoal Firing,10
-4830,initial,107,New taihanzhoguo Tribe,East Riverine,3,Archery,10
-4825,initial,108,New ramitvia Tribe,Indic Riverine,100,Cordage and Knots,10
-4825,initial,108,New ramitvia Tribe,Indic Riverine,101,Hide Working and Tailored Clothing,10
-4825,initial,108,New ramitvia Tribe,Indic Riverine,102,Hafted Stone Tools,10
-4825,initial,108,New ramitvia Tribe,Indic Riverine,105,Food Preservation,10
-4825,initial,108,New ramitvia Tribe,Indic Riverine,106,Storage Pits and Containers,10
-4825,initial,108,New ramitvia Tribe,Indic Riverine,107,Seasonal Aggregation Camps,10
-4825,initial,108,New ramitvia Tribe,Indic Riverine,110,Dog Domestication,10
-4825,initial,108,New ramitvia Tribe,Indic Riverine,111,Grinding Stones,10
-4825,initial,108,New ramitvia Tribe,Indic Riverine,116,Charcoal Firing,10
-4825,initial,108,New ramitvia Tribe,Indic Riverine,3,Archery,10
-4810,initial,109,North markinzenia Tribe,Western Plains,100,Cordage and Knots,8
-4810,initial,109,North markinzenia Tribe,Western Plains,101,Hide Working and Tailored Clothing,8
-4810,initial,109,North markinzenia Tribe,Western Plains,102,Hafted Stone Tools,8
-4810,initial,109,North markinzenia Tribe,Western Plains,105,Food Preservation,8
-4810,initial,109,North markinzenia Tribe,Western Plains,106,Storage Pits and Containers,8
-4810,initial,109,North markinzenia Tribe,Western Plains,107,Seasonal Aggregation Camps,8
-4810,initial,109,North markinzenia Tribe,Western Plains,111,Grinding Stones,8
-4810,initial,109,North markinzenia Tribe,Western Plains,3,Archery,8
-4795,initial,110,Old surdraradesh Tribe,Indic Riverine,100,Cordage and Knots,11
-4795,initial,110,Old surdraradesh Tribe,Indic Riverine,101,Hide Working and Tailored Clothing,11
-4795,initial,110,Old surdraradesh Tribe,Indic Riverine,102,Hafted Stone Tools,11
-4795,initial,110,Old surdraradesh Tribe,Indic Riverine,105,Food Preservation,11
-4795,initial,110,Old surdraradesh Tribe,Indic Riverine,106,Storage Pits and Containers,11
-4795,initial,110,Old surdraradesh Tribe,Indic Riverine,107,Seasonal Aggregation Camps,11
-4795,initial,110,Old surdraradesh Tribe,Indic Riverine,110,Dog Domestication,11
-4795,initial,110,Old surdraradesh Tribe,Indic Riverine,111,Grinding Stones,11
-4795,initial,110,Old surdraradesh Tribe,Indic Riverine,116,Charcoal Firing,11
-4795,initial,110,Old surdraradesh Tribe,Indic Riverine,4,Mining,11
-4795,initial,110,Old surdraradesh Tribe,Indic Riverine,3,Archery,11
-4780,initial,111,Great rumintina Tribe,Andean Highland,100,Cordage and Knots,10
-4780,initial,111,Great rumintina Tribe,Andean Highland,101,Hide Working and Tailored Clothing,10
-4780,initial,111,Great rumintina Tribe,Andean Highland,102,Hafted Stone Tools,10
-4780,initial,111,Great rumintina Tribe,Andean Highland,105,Food Preservation,10
-4780,initial,111,Great rumintina Tribe,Andean Highland,106,Storage Pits and Containers,10
-4780,initial,111,Great rumintina Tribe,Andean Highland,107,Seasonal Aggregation Camps,10
-4780,initial,111,Great rumintina Tribe,Andean Highland,111,Grinding Stones,10
-4780,initial,111,Great rumintina Tribe,Andean Highland,116,Charcoal Firing,10
-4780,initial,111,Great rumintina Tribe,Andean Highland,4,Mining,10
-4780,initial,111,Great rumintina Tribe,Andean Highland,3,Archery,10
-4770,initial,112,Great alvenbelum Tribe,Atlantic Fringe,100,Cordage and Knots,10
-4770,initial,112,Great alvenbelum Tribe,Atlantic Fringe,101,Hide Working and Tailored Clothing,10
-4770,initial,112,Great alvenbelum Tribe,Atlantic Fringe,102,Hafted Stone Tools,10
-4770,initial,112,Great alvenbelum Tribe,Atlantic Fringe,105,Food Preservation,10
-4770,initial,112,Great alvenbelum Tribe,Atlantic Fringe,106,Storage Pits and Containers,10
-4770,initial,112,Great alvenbelum Tribe,Atlantic Fringe,107,Seasonal Aggregation Camps,10
-4770,initial,112,Great alvenbelum Tribe,Atlantic Fringe,111,Grinding Stones,10
-4770,initial,112,Great alvenbelum Tribe,Atlantic Fringe,116,Charcoal Firing,10
-4770,initial,112,Great alvenbelum Tribe,Atlantic Fringe,4,Mining,10
-4770,initial,112,Great alvenbelum Tribe,Atlantic Fringe,3,Archery,10
-4750,initial,113,North quigaria Tribe,Eastern Woodland,100,Cordage and Knots,8
-4750,initial,113,North quigaria Tribe,Eastern Woodland,101,Hide Working and Tailored Clothing,8
-4750,initial,113,North quigaria Tribe,Eastern Woodland,102,Hafted Stone Tools,8
-4750,initial,113,North quigaria Tribe,Eastern Woodland,105,Food Preservation,8
-4750,initial,113,North quigaria Tribe,Eastern Woodland,106,Storage Pits and Containers,8
-4750,initial,113,North quigaria Tribe,Eastern Woodland,107,Seasonal Aggregation Camps,8
-4750,initial,113,North quigaria Tribe,Eastern Woodland,111,Grinding Stones,8
-4750,initial,113,North quigaria Tribe,Eastern Woodland,3,Archery,8
-4720,initial,114,Zenviagarland Kingdom,Steppe Nomadic,100,Cordage and Knots,10
-4720,initial,114,Zenviagarland Kingdom,Steppe Nomadic,101,Hide Working and Tailored Clothing,10
-4720,initial,114,Zenviagarland Kingdom,Steppe Nomadic,102,Hafted Stone Tools,10
-4720,initial,114,Zenviagarland Kingdom,Steppe Nomadic,105,Food Preservation,10
-4720,initial,114,Zenviagarland Kingdom,Steppe Nomadic,106,Storage Pits and Containers,10
-4720,initial,114,Zenviagarland Kingdom,Steppe Nomadic,107,Seasonal Aggregation Camps,10
-4720,initial,114,Zenviagarland Kingdom,Steppe Nomadic,110,Dog Domestication,10
-4720,initial,114,Zenviagarland Kingdom,Steppe Nomadic,111,Grinding Stones,10
-4720,initial,114,Zenviagarland Kingdom,Steppe Nomadic,4,Mining,10
-4720,initial,114,Zenviagarland Kingdom,Steppe Nomadic,3,Archery,10
-4720,initial,115,Lenalbel Tribe,Mediterranean Urban,100,Cordage and Knots,11
-4720,initial,115,Lenalbel Tribe,Mediterranean Urban,101,Hide Working and Tailored Clothing,11
-4720,initial,115,Lenalbel Tribe,Mediterranean Urban,102,Hafted Stone Tools,11
-4720,initial,115,Lenalbel Tribe,Mediterranean Urban,105,Food Preservation,11
-4720,initial,115,Lenalbel Tribe,Mediterranean Urban,106,Storage Pits and Containers,11
-4720,initial,115,Lenalbel Tribe,Mediterranean Urban,107,Seasonal Aggregation Camps,11
-4720,initial,115,Lenalbel Tribe,Mediterranean Urban,110,Dog Domestication,11
-4720,initial,115,Lenalbel Tribe,Mediterranean Urban,111,Grinding Stones,11
-4720,initial,115,Lenalbel Tribe,Mediterranean Urban,116,Charcoal Firing,11
-4720,initial,115,Lenalbel Tribe,Mediterranean Urban,4,Mining,11
-4720,initial,115,Lenalbel Tribe,Mediterranean Urban,3,Archery,11
-4710,initial,116,Old bartamtamar Tribe,Fertile Crescent,100,Cordage and Knots,10
-4710,initial,116,Old bartamtamar Tribe,Fertile Crescent,101,Hide Working and Tailored Clothing,10
-4710,initial,116,Old bartamtamar Tribe,Fertile Crescent,102,Hafted Stone Tools,10
-4710,initial,116,Old bartamtamar Tribe,Fertile Crescent,105,Food Preservation,10
-4710,initial,116,Old bartamtamar Tribe,Fertile Crescent,106,Storage Pits and Containers,10
-4710,initial,116,Old bartamtamar Tribe,Fertile Crescent,107,Seasonal Aggregation Camps,10
-4710,initial,116,Old bartamtamar Tribe,Fertile Crescent,110,Dog Domestication,10
-4710,initial,116,Old bartamtamar Tribe,Fertile Crescent,111,Grinding Stones,10
-4710,initial,116,Old bartamtamar Tribe,Fertile Crescent,116,Charcoal Firing,10
-4710,initial,116,Old bartamtamar Tribe,Fertile Crescent,3,Archery,10
-4695,initial,117,South tameshninad Tribe,Fertile Crescent,100,Cordage and Knots,12
-4695,initial,117,South tameshninad Tribe,Fertile Crescent,101,Hide Working and Tailored Clothing,12
-4695,initial,117,South tameshninad Tribe,Fertile Crescent,102,Hafted Stone Tools,12
-4695,initial,117,South tameshninad Tribe,Fertile Crescent,105,Food Preservation,12
-4695,initial,117,South tameshninad Tribe,Fertile Crescent,106,Storage Pits and Containers,12
-4695,initial,117,South tameshninad Tribe,Fertile Crescent,107,Seasonal Aggregation Camps,12
-4695,initial,117,South tameshninad Tribe,Fertile Crescent,110,Dog Domestication,12
-4695,initial,117,South tameshninad Tribe,Fertile Crescent,111,Grinding Stones,12
-4695,initial,117,South tameshninad Tribe,Fertile Crescent,116,Charcoal Firing,12
-4695,initial,117,South tameshninad Tribe,Fertile Crescent,119,Native Copper Working,12
-4695,initial,117,South tameshninad Tribe,Fertile Crescent,4,Mining,12
-4695,initial,117,South tameshninad Tribe,Fertile Crescent,3,Archery,12
-4660,initial,118,North viaquiloria Tribe,Eastern Woodland,100,Cordage and Knots,9
-4660,initial,118,North viaquiloria Tribe,Eastern Woodland,101,Hide Working and Tailored Clothing,9
-4660,initial,118,North viaquiloria Tribe,Eastern Woodland,102,Hafted Stone Tools,9
-4660,initial,118,North viaquiloria Tribe,Eastern Woodland,105,Food Preservation,9
-4660,initial,118,North viaquiloria Tribe,Eastern Woodland,106,Storage Pits and Containers,9
-4660,initial,118,North viaquiloria Tribe,Eastern Woodland,107,Seasonal Aggregation Camps,9
-4660,initial,118,North viaquiloria Tribe,Eastern Woodland,111,Grinding Stones,9
-4660,initial,118,North viaquiloria Tribe,Eastern Woodland,4,Mining,9
-4660,initial,118,North viaquiloria Tribe,Eastern Woodland,3,Archery,9
-4615,initial,119,Old kuspachrummarca Tribe,Andean Highland,100,Cordage and Knots,9
-4615,initial,119,Old kuspachrummarca Tribe,Andean Highland,101,Hide Working and Tailored Clothing,9
-4615,initial,119,Old kuspachrummarca Tribe,Andean Highland,102,Hafted Stone Tools,9
-4615,initial,119,Old kuspachrummarca Tribe,Andean Highland,105,Food Preservation,9
-4615,initial,119,Old kuspachrummarca Tribe,Andean Highland,106,Storage Pits and Containers,9
-4615,initial,119,Old kuspachrummarca Tribe,Andean Highland,107,Seasonal Aggregation Camps,9
-4615,initial,119,Old kuspachrummarca Tribe,Andean Highland,111,Grinding Stones,9
-4615,initial,119,Old kuspachrummarca Tribe,Andean Highland,116,Charcoal Firing,9
-4615,initial,119,Old kuspachrummarca Tribe,Andean Highland,3,Archery,9
-4600,initial,120,Great quiterland Kingdom,Eastern Woodland,100,Cordage and Knots,8
-4600,initial,120,Great quiterland Kingdom,Eastern Woodland,101,Hide Working and Tailored Clothing,8
-4600,initial,120,Great quiterland Kingdom,Eastern Woodland,102,Hafted Stone Tools,8
-4600,initial,120,Great quiterland Kingdom,Eastern Woodland,105,Food Preservation,8
-4600,initial,120,Great quiterland Kingdom,Eastern Woodland,106,Storage Pits and Containers,8
-4600,initial,120,Great quiterland Kingdom,Eastern Woodland,107,Seasonal Aggregation Camps,8
-4600,initial,120,Great quiterland Kingdom,Eastern Woodland,111,Grinding Stones,8
-4600,initial,120,Great quiterland Kingdom,Eastern Woodland,3,Archery,8
-4580,initial,121,North taihanshan Tribe,East Riverine,100,Cordage and Knots,10
-4580,initial,121,North taihanshan Tribe,East Riverine,101,Hide Working and Tailored Clothing,10
-4580,initial,121,North taihanshan Tribe,East Riverine,102,Hafted Stone Tools,10
-4580,initial,121,North taihanshan Tribe,East Riverine,105,Food Preservation,10
-4580,initial,121,North taihanshan Tribe,East Riverine,106,Storage Pits and Containers,10
-4580,initial,121,North taihanshan Tribe,East Riverine,107,Seasonal Aggregation Camps,10
-4580,initial,121,North taihanshan Tribe,East Riverine,110,Dog Domestication,10
-4580,initial,121,North taihanshan Tribe,East Riverine,111,Grinding Stones,10
-4580,initial,121,North taihanshan Tribe,East Riverine,116,Charcoal Firing,10
-4580,initial,121,North taihanshan Tribe,East Riverine,3,Archery,10
