[2026-02-20 11:26:12] tick=1 sid=1771615570_126925900084928 chosen=<new run> selected=None runs=0 running=-
[2026-02-20 11:26:15] no_active_run tick=1 sid=1771615570_126925900084928 selector=<new run>
[2026-02-20 11:26:15] tick=2 sid=1771615570_126925900084928 chosen=<new run> selected=None runs=0 running=-
[2026-02-20 11:26:15] no_active_run tick=2 sid=1771615570_126925900084928 selector=<new run>
[2026-02-20 11:26:15] tick=3 sid=1771615570_126925900084928 chosen=<new run> selected=None runs=0 running=-
[2026-02-20 11:26:15] start_click tick=3 sid=1771615570_126925900084928 selector=<new run> selected=None
[2026-02-20 11:26:15] run_created tick=3 sid=1771615570_126925900084928 run_id=20260220_112615_75344 runs_requested=1 workers=1
[2026-02-20 11:26:15] tick=4 sid=1771615570_126925900084928 chosen=<new run> selected=20260220_112615_75344 runs=1 running=20260220_112615_75344
[2026-02-20 11:26:16] tick=5 sid=1771615570_126925900084928 chosen=<new run> selected=20260220_112615_75344 runs=1 running=20260220_112615_75344
[2026-02-20 11:26:17] tick=6 sid=1771615570_126925900084928 chosen=<new run> selected=20260220_112615_75344 runs=1 running=20260220_112615_75344
[2026-02-20 11:26:18] tick=7 sid=1771615570_126925900084928 chosen=<new run> selected=20260220_112615_75344 runs=1 running=20260220_112615_75344
[2026-02-20 11:26:18] tick=8 sid=1771615570_126925900084928 chosen=<new run> selected=20260220_112615_75344 runs=1 running=-
[2026-02-20 11:28:07] tick=1 sid=1771615687_17992 chosen=<new run> selected=None runs=0 running=-
[2026-02-20 11:28:07] no_active_run tick=1 sid=1771615687_17992 selector=<new run>
[2026-02-20 11:28:11] tick=2 sid=1771615687_17992 chosen=<new run> selected=None runs=0 running=-
[2026-02-20 11:28:11] start_click tick=2 sid=1771615687_17992 selector=<new run> selected=None
[2026-02-20 11:28:11] run_created tick=2 sid=1771615687_17992 run_id=20260220_112811_91044 runs_requested=1 workers=16
[2026-02-20 11:28:11] tick=3 sid=1771615687_17992 chosen=<new run> selected=20260220_112811_91044 runs=1 running=20260220_112811_91044
[2026-02-20 11:28:12] tick=4 sid=1771615687_17992 chosen=<new run> selected=20260220_112811_91044 runs=1 running=20260220_112811_91044
[2026-02-20 11:28:13] tick=5 sid=1771615687_17992 chosen=<new run> selected=20260220_112811_91044 runs=1 running=20260220_112811_91044
[2026-02-20 11:28:14] tick=6 sid=1771615687_17992 chosen=<new run> selected=20260220_112811_91044 runs=1 running=20260220_112811_91044
[2026-02-20 11:28:15] tick=7 sid=1771615687_17992 chosen=<new run> selected=20260220_112811_91044 runs=1 running=20260220_112811_91044
[2026-02-20 11:28:16] tick=8 sid=1771615687_17992 chosen=<new run> selected=20260220_112811_91044 runs=1 running=20260220_112811_91044
[2026-02-20 11:28:17] tick=9 sid=1771615687_17992 chosen=<new run> selected=20260220_112811_91044 runs=1 running=20260220_112811_91044
[2026-02-20 11:28:18] tick=10 sid=1771615687_17992 chosen=<new run> selected=20260220_112811_91044 runs=1 running=20260220_112811_91044
[2026-02-20 11:28:19] tick=11 sid=1771615687_17992 chosen=<new run> selected=20260220_112811_91044 runs=1 running=20260220_112811_91044
[2026-02-20 11:28:20] tick=12 sid=1771615687_17992 chosen=<new run> selected=20260220_112811_91044 runs=1 running=20260220_112811_91044
[2026-02-20 11:28:21] tick=13 sid=1771615687_17992 chosen=<new run> selected=20260220_112811_91044 runs=1 running=20260220_112811_91044
[2026-02-20 11:28:22] tick=14 sid=1771615687_17992 chosen=<new run> selected=20260220_112811_91044 runs=1 running=20260220_112811_91044
[2026-02-20 11:28:23] tick=15 sid=1771615687_17992 chosen=<new run> selected=20260220_112811_91044 runs=1 running=20260220_112811_91044
[2026-02-20 11:28:24] tick=16 sid=1771615687_17992 chosen=<new run> selected=20260220_112811_91044 runs=1 running=20260220_112811_91044
[2026-02-20 11:28:25] tick=17 sid=1771615687_17992 chosen=<new run> selected=20260220_112811_91044 runs=1 running=20260220_112811_91044
[2026-02-20 11:28:26] tick=18 sid=1771615687_17992 chosen=<new run> selected=20260220_112811_91044 runs=1 running=20260220_112811_91044
[2026-02-20 11:28:27] tick=19 sid=1771615687_17992 chosen=<new run> selected=20260220_112811_91044 runs=1 running=20260220_112811_91044
[2026-02-20 11:28:28] tick=20 sid=1771615687_17992 chosen=<new run> selected=20260220_112811_91044 runs=1 running=20260220_112811_91044
[2026-02-20 11:28:29] tick=21 sid=1771615687_17992 chosen=<new run> selected=20260220_112811_91044 runs=1 running=20260220_112811_91044
[2026-02-20 11:28:31] tick=22 sid=1771615687_17992 chosen=<new run> selected=20260220_112811_91044 runs=1 running=20260220_112811_91044
[2026-02-20 11:28:32] tick=23 sid=1771615687_17992 chosen=<new run> selected=20260220_112811_91044 runs=1 running=20260220_112811_91044
[2026-02-20 11:28:33] tick=24 sid=1771615687_17992 chosen=<new run> selected=20260220_112811_91044 runs=1 running=20260220_112811_91044
[2026-02-20 11:28:34] tick=25 sid=1771615687_17992 chosen=<new run> selected=20260220_112811_91044 runs=1 running=20260220_112811_91044
[2026-02-20 11:28:34] tick=26 sid=1771615687_17992 chosen=<new run> selected=20260220_112811_91044 runs=1 running=20260220_112811_91044
[2026-02-20 11:28:34] stop_click tick=26 sid=1771615687_17992 target=20260220_112811_91044
[2026-02-20 11:28:35] tick=27 sid=1771615687_17992 chosen=<new run> selected=20260220_112811_91044 runs=1 running=20260220_112811_91044
[2026-02-20 11:33:34] tick=1 sid=1771616011_134330778793664 chosen=<new run> selected=None runs=0 running=-
[2026-02-20 11:33:37] no_active_run tick=1 sid=1771616011_134330778793664 selector=<new run>
[2026-02-20 11:33:37] tick=2 sid=1771616011_134330778793664 chosen=<new run> selected=None runs=0 running=-
[2026-02-20 11:33:37] no_active_run tick=2 sid=1771616011_134330778793664 selector=<new run>
[2026-02-20 11:33:37] tick=3 sid=1771616011_134330778793664 chosen=<new run> selected=None runs=0 running=-
[2026-02-20 11:33:37] start_click tick=3 sid=1771616011_134330778793664 selector=<new run> selected=None
[2026-02-20 11:33:37] run_created tick=3 sid=1771616011_134330778793664 run_id=20260220_113337_17519 runs_requested=1 workers=1
[2026-02-20 11:33:37] tick=4 sid=1771616011_134330778793664 chosen=<new run> selected=20260220_113337_17519 runs=1 running=20260220_113337_17519
[2026-02-20 11:33:38] tick=5 sid=1771616011_134330778793664 chosen=<new run> selected=20260220_113337_17519 runs=1 running=20260220_113337_17519
[2026-02-20 11:33:39] tick=6 sid=1771616011_134330778793664 chosen=<new run> selected=20260220_113337_17519 runs=1 running=20260220_113337_17519
[2026-02-20 11:33:40] tick=7 sid=1771616011_134330778793664 chosen=<new run> selected=20260220_113337_17519 runs=1 running=20260220_113337_17519
[2026-02-20 11:33:53] tick=1 sid=1771616031_132078279653056 chosen=<new run> selected=None runs=0 running=-
[2026-02-20 11:33:56] no_active_run tick=1 sid=1771616031_132078279653056 selector=<new run>
[2026-02-20 11:33:56] tick=2 sid=1771616031_132078279653056 chosen=<new run> selected=None runs=0 running=-
[2026-02-20 11:33:56] no_active_run tick=2 sid=1771616031_132078279653056 selector=<new run>
[2026-02-20 11:33:56] tick=3 sid=1771616031_132078279653056 chosen=<new run> selected=None runs=0 running=-
[2026-02-20 11:33:56] start_click tick=3 sid=1771616031_132078279653056 selector=<new run> selected=None
[2026-02-20 11:33:56] run_created tick=3 sid=1771616031_132078279653056 run_id=20260220_113356_36708 runs_requested=1 workers=1
[2026-02-20 11:33:56] tick=4 sid=1771616031_132078279653056 chosen=<new run> selected=20260220_113356_36708 runs=1 running=20260220_113356_36708
[2026-02-20 11:33:57] tick=5 sid=1771616031_132078279653056 chosen=<new run> selected=20260220_113356_36708 runs=1 running=20260220_113356_36708
[2026-02-20 11:33:58] tick=6 sid=1771616031_132078279653056 chosen=<new run> selected=20260220_113356_36708 runs=1 running=20260220_113356_36708
[2026-02-20 11:34:00] tick=7 sid=1771616031_132078279653056 chosen=<new run> selected=20260220_113356_36708 runs=1 running=20260220_113356_36708
[2026-02-20 20:56:52] tick=1 sid=1771649812_61616 chosen=<new run> selected=None runs=0 running=-
[2026-02-20 20:56:52] no_active_run tick=1 sid=1771649812_61616 selector=<new run>
[2026-02-20 20:57:05] tick=2 sid=1771649812_61616 chosen=<new run> selected=None runs=0 running=-
[2026-02-20 20:57:05] start_click tick=2 sid=1771649812_61616 selector=<new run> selected=None
[2026-02-20 20:57:05] run_created tick=2 sid=1771649812_61616 run_id=20260220_205705_25314 runs_requested=1 workers=16
[2026-02-20 20:57:05] tick=3 sid=1771649812_61616 chosen=<new run> selected=20260220_205705_25314 runs=1 running=20260220_205705_25314
[2026-02-20 20:57:06] tick=4 sid=1771649812_61616 chosen=<new run> selected=20260220_205705_25314 runs=1 running=20260220_205705_25314
[2026-02-20 20:57:07] tick=5 sid=1771649812_61616 chosen=<new run> selected=20260220_205705_25314 runs=1 running=20260220_205705_25314
[2026-02-20 20:57:08] tick=6 sid=1771649812_61616 chosen=<new run> selected=20260220_205705_25314 runs=1 running=20260220_205705_25314
[2026-02-20 20:57:09] tick=7 sid=1771649812_61616 chosen=<new run> selected=20260220_205705_25314 runs=1 running=20260220_205705_25314
[2026-02-20 20:57:10] tick=8 sid=1771649812_61616 chosen=<new run> selected=20260220_205705_25314 runs=1 running=20260220_205705_25314
[2026-02-20 20:57:11] tick=9 sid=1771649812_61616 chosen=<new run> selected=20260220_205705_25314 runs=1 running=20260220_205705_25314
[2026-02-20 20:57:12] tick=10 sid=1771649812_61616 chosen=<new run> selected=20260220_205705_25314 runs=1 running=20260220_205705_25314
[2026-02-20 20:57:13] tick=11 sid=1771649812_61616 chosen=<new run> selected=20260220_205705_25314 runs=1 running=20260220_205705_25314
[2026-02-20 20:57:14] tick=12 sid=1771649812_61616 chosen=<new run> selected=20260220_205705_25314 runs=1 running=20260220_205705_25314
[2026-02-20 20:57:15] tick=13 sid=1771649812_61616 chosen=<new run> selected=20260220_205705_25314 runs=1 running=20260220_205705_25314
[2026-02-20 20:57:16] tick=14 sid=1771649812_61616 chosen=<new run> selected=20260220_205705_25314 runs=1 running=20260220_205705_25314
[2026-02-20 20:57:17] tick=15 sid=1771649812_61616 chosen=<new run> selected=20260220_205705_25314 runs=1 running=20260220_205705_25314
[2026-02-20 20:57:19] tick=16 sid=1771649812_61616 chosen=<new run> selected=20260220_205705_25314 runs=1 running=20260220_205705_25314
[2026-02-20 20:57:20] tick=17 sid=1771649812_61616 chosen=<new run> selected=20260220_205705_25314 runs=1 running=20260220_205705_25314
[2026-02-20 20:57:21] tick=18 sid=1771649812_61616 chosen=<new run> selected=20260220_205705_25314 runs=1 running=20260220_205705_25314
[2026-02-20 20:57:22] tick=19 sid=1771649812_61616 chosen=<new run> selected=20260220_205705_25314 runs=1 running=20260220_205705_25314
[2026-02-20 20:57:23] tick=20 sid=1771649812_61616 chosen=<new run> selected=20260220_205705_25314 runs=1 running=20260220_205705_25314
[2026-02-20 20:57:24] tick=21 sid=1771649812_61616 chosen=<new run> selected=20260220_205705_25314 runs=1 running=20260220_205705_25314
[2026-02-20 20:57:25] tick=22 sid=1771649812_61616 chosen=<new run> selected=20260220_205705_25314 runs=1 running=20260220_205705_25314
[2026-02-20 20:57:26] tick=23 sid=1771649812_61616 chosen=<new run> selected=20260220_205705_25314 runs=1 running=20260220_205705_25314
[2026-02-20 20:57:27] tick=24 sid=1771649812_61616 chosen=<new run> selected=20260220_205705_25314 runs=1 running=20260220_205705_25314
[2026-02-20 20:57:28] tick=25 sid=1771649812_61616 chosen=<new run> selected=20260220_205705_25314 runs=1 running=20260220_205705_25314
[2026-02-20 20:57:29] tick=26 sid=1771649812_61616 chosen=<new run> selected=20260220_205705_25314 runs=1 running=20260220_205705_25314
[2026-02-20 20:57:30] tick=27 sid=1771649812_61616 chosen=<new run> selected=20260220_205705_25314 runs=1 running=20260220_205705_25314
[2026-02-20 20:57:31] tick=28 sid=1771649812_61616 chosen=<new run> selected=20260220_205705_25314 runs=1 running=20260220_205705_25314
[2026-02-20 20:57:32] tick=29 sid=1771649812_61616 chosen=<new run> selected=20260220_205705_25314 runs=1 running=20260220_205705_25314
[2026-02-20 20:57:33] tick=30 sid=1771649812_61616 chosen=<new run> selected=20260220_205705_25314 runs=1 running=20260220_205705_25314
[2026-02-20 20:57:34] tick=31 sid=1771649812_61616 chosen=<new run> selected=20260220_205705_25314 runs=1 running=20260220_205705_25314
[2026-02-20 20:57:35] tick=32 sid=1771649812_61616 chosen=<new run> selected=20260220_205705_25314 runs=1 running=20260220_205705_25314
[2026-02-20 20:57:36] tick=33 sid=1771649812_61616 chosen=<new run> selected=20260220_205705_25314 runs=1 running=20260220_205705_25314
[2026-02-20 20:57:37] tick=34 sid=1771649812_61616 chosen=<new run> selected=20260220_205705_25314 runs=1 running=20260220_205705_25314
[2026-02-20 20:57:39] tick=35 sid=1771649812_61616 chosen=<new run> selected=20260220_205705_25314 runs=1 running=20260220_205705_25314
[2026-02-20 20:57:40] tick=36 sid=1771649812_61616 chosen=<new run> selected=20260220_205705_25314 runs=1 running=20260220_205705_25314
[2026-02-20 20:57:41] tick=37 sid=1771649812_61616 chosen=<new run> selected=20260220_205705_25314 runs=1 running=20260220_205705_25314
[2026-02-20 20:57:42] tick=38 sid=1771649812_61616 chosen=<new run> selected=20260220_205705_25314 runs=1 running=20260220_205705_25314
[2026-02-20 20:57:43] tick=39 sid=1771649812_61616 chosen=<new run> selected=20260220_205705_25314 runs=1 running=20260220_205705_25314
[2026-02-20 20:57:44] tick=40 sid=1771649812_61616 chosen=<new run> selected=20260220_205705_25314 runs=1 running=20260220_205705_25314
[2026-02-20 20:57:45] tick=41 sid=1771649812_61616 chosen=<new run> selected=20260220_205705_25314 runs=1 running=20260220_205705_25314
[2026-02-20 20:57:46] tick=42 sid=1771649812_61616 chosen=<new run> selected=20260220_205705_25314 runs=1 running=20260220_205705_25314
[2026-02-20 20:57:47] tick=43 sid=1771649812_61616 chosen=<new run> selected=20260220_205705_25314 runs=1 running=20260220_205705_25314
[2026-02-20 20:57:48] tick=44 sid=1771649812_61616 chosen=<new run> selected=20260220_205705_25314 runs=1 running=20260220_205705_25314
[2026-02-20 20:57:49] tick=45 sid=1771649812_61616 chosen=<new run> selected=20260220_205705_25314 runs=1 running=20260220_205705_25314
[2026-02-20 20:57:50] tick=46 sid=1771649812_61616 chosen=<new run> selected=20260220_205705_25314 runs=1 running=20260220_205705_25314
[2026-02-20 20:57:51] tick=47 sid=1771649812_61616 chosen=<new run> selected=20260220_205705_25314 runs=1 running=20260220_205705_25314
[2026-02-20 20:57:52] tick=48 sid=1771649812_61616 chosen=<new run> selected=20260220_205705_25314 runs=1 running=20260220_205705_25314
[2026-02-20 20:57:53] tick=49 sid=1771649812_61616 chosen=<new run> selected=20260220_205705_25314 runs=1 running=20260220_205705_25314
[2026-02-20 20:57:54] tick=50 sid=1771649812_61616 chosen=<new run> selected=20260220_205705_25314 runs=1 running=20260220_205705_25314
[2026-02-20 20:57:55] tick=51 sid=1771649812_61616 chosen=<new run> selected=20260220_205705_25314 runs=1 running=20260220_205705_25314
[2026-02-20 20:57:56] tick=52 sid=1771649812_61616 chosen=<new run> selected=20260220_205705_25314 runs=1 running=20260220_205705_25314
[2026-02-20 20:57:57] tick=53 sid=1771649812_61616 chosen=<new run> selected=20260220_205705_25314 runs=1 running=20260220_205705_25314
[2026-02-20 20:57:59] tick=54 sid=1771649812_61616 chosen=<new run> selected=20260220_205705_25314 runs=1 running=20260220_205705_25314
[2026-02-20 20:58:00] tick=55 sid=1771649812_61616 chosen=<new run> selected=20260220_205705_25314 runs=1 running=20260220_205705_25314
[2026-02-20 20:58:01] tick=56 sid=1771649812_61616 chosen=<new run> selected=20260220_205705_25314 runs=1 running=20260220_205705_25314
[2026-02-20 20:58:02] tick=57 sid=1771649812_61616 chosen=<new run> selected=20260220_205705_25314 runs=1 running=20260220_205705_25314
[2026-02-20 20:58:03] tick=58 sid=1771649812_61616 chosen=<new run> selected=20260220_205705_25314 runs=1 running=20260220_205705_25314
[2026-02-20 20:58:04] tick=59 sid=1771649812_61616 chosen=<new run> selected=20260220_205705_25314 runs=1 running=20260220_205705_25314
[2026-02-20 20:58:05] tick=60 sid=1771649812_61616 chosen=<new run> selected=20260220_205705_25314 runs=1 running=20260220_205705_25314
[2026-02-20 20:58:06] tick=61 sid=1771649812_61616 chosen=<new run> selected=20260220_205705_25314 runs=1 running=20260220_205705_25314
[2026-02-20 20:58:07] tick=62 sid=1771649812_61616 chosen=<new run> selected=20260220_205705_25314 runs=1 running=20260220_205705_25314
[2026-02-20 20:58:08] tick=63 sid=1771649812_61616 chosen=<new run> selected=20260220_205705_25314 runs=1 running=20260220_205705_25314
[2026-02-20 20:58:09] tick=64 sid=1771649812_61616 chosen=<new run> selected=20260220_205705_25314 runs=1 running=20260220_205705_25314
[2026-02-20 20:58:10] tick=65 sid=1771649812_61616 chosen=<new run> selected=20260220_205705_25314 runs=1 running=20260220_205705_25314
[2026-02-20 20:58:11] tick=66 sid=1771649812_61616 chosen=<new run> selected=20260220_205705_25314 runs=1 running=20260220_205705_25314
[2026-02-20 20:58:12] tick=67 sid=1771649812_61616 chosen=<new run> selected=20260220_205705_25314 runs=1 running=20260220_205705_25314
[2026-02-20 20:58:13] tick=68 sid=1771649812_61616 chosen=<new run> selected=20260220_205705_25314 runs=1 running=20260220_205705_25314
[2026-02-20 20:58:14] tick=69 sid=1771649812_61616 chosen=<new run> selected=20260220_205705_25314 runs=1 running=20260220_205705_25314
[2026-02-20 20:58:15] tick=70 sid=1771649812_61616 chosen=<new run> selected=20260220_205705_25314 runs=1 running=20260220_205705_25314
[2026-02-20 20:58:16] tick=71 sid=1771649812_61616 chosen=<new run> selected=20260220_205705_25314 runs=1 running=20260220_205705_25314
[2026-02-20 20:58:17] tick=72 sid=1771649812_61616 chosen=<new run> selected=20260220_205705_25314 runs=1 running=20260220_205705_25314
[2026-02-20 20:58:18] tick=73 sid=1771649812_61616 chosen=<new run> selected=20260220_205705_25314 runs=1 running=20260220_205705_25314
[2026-02-20 20:58:20] tick=74 sid=1771649812_61616 chosen=<new run> selected=20260220_205705_25314 runs=1 running=20260220_205705_25314
[2026-02-20 20:58:21] tick=75 sid=1771649812_61616 chosen=<new run> selected=20260220_205705_25314 runs=1 running=20260220_205705_25314
[2026-02-20 20:58:22] tick=76 sid=1771649812_61616 chosen=<new run> selected=20260220_205705_25314 runs=1 running=20260220_205705_25314
[2026-02-20 20:58:23] tick=77 sid=1771649812_61616 chosen=<new run> selected=20260220_205705_25314 runs=1 running=20260220_205705_25314
[2026-02-20 20:58:24] tick=78 sid=1771649812_61616 chosen=<new run> selected=20260220_205705_25314 runs=1 running=20260220_205705_25314
[2026-02-20 20:58:25] tick=79 sid=1771649812_61616 chosen=<new run> selected=20260220_205705_25314 runs=1 running=20260220_205705_25314
[2026-02-20 20:58:26] tick=80 sid=1771649812_61616 chosen=<new run> selected=20260220_205705_25314 runs=1 running=20260220_205705_25314
[2026-02-20 20:58:27] tick=81 sid=1771649812_61616 chosen=<new run> selected=20260220_205705_25314 runs=1 running=20260220_205705_25314
[2026-02-20 20:58:28] tick=82 sid=1771649812_61616 chosen=<new run> selected=20260220_205705_25314 runs=1 running=20260220_205705_25314
[2026-02-20 20:58:29] tick=83 sid=1771649812_61616 chosen=<new run> selected=20260220_205705_25314 runs=1 running=20260220_205705_25314
[2026-02-20 20:58:30] tick=84 sid=1771649812_61616 chosen=<new run> selected=20260220_205705_25314 runs=1 running=20260220_205705_25314
[2026-02-20 20:58:31] tick=85 sid=1771649812_61616 chosen=<new run> selected=20260220_205705_25314 runs=1 running=20260220_205705_25314
[2026-02-20 20:58:32] tick=86 sid=1771649812_61616 chosen=<new run> selected=20260220_205705_25314 runs=1 running=20260220_205705_25314
[2026-02-20 20:58:33] tick=87 sid=1771649812_61616 chosen=<new run> selected=20260220_205705_25314 runs=1 running=20260220_205705_25314
[2026-02-20 20:58:34] tick=88 sid=1771649812_61616 chosen=<new run> selected=20260220_205705_25314 runs=1 running=20260220_205705_25314
[2026-02-20 20:58:35] tick=89 sid=1771649812_61616 chosen=<new run> selected=20260220_205705_25314 runs=1 running=20260220_205705_25314
[2026-02-20 20:58:36] tick=90 sid=1771649812_61616 chosen=<new run> selected=20260220_205705_25314 runs=1 running=20260220_205705_25314
[2026-02-20 20:58:37] tick=91 sid=1771649812_61616 chosen=<new run> selected=20260220_205705_25314 runs=1 running=20260220_205705_25314
[2026-02-20 20:58:38] tick=92 sid=1771649812_61616 chosen=<new run> selected=20260220_205705_25314 runs=1 running=20260220_205705_25314
[2026-02-20 20:58:40] tick=93 sid=1771649812_61616 chosen=<new run> selected=20260220_205705_25314 runs=1 running=20260220_205705_25314
[2026-02-20 20:58:41] tick=94 sid=1771649812_61616 chosen=<new run> selected=20260220_205705_25314 runs=1 running=20260220_205705_25314
[2026-02-20 20:58:42] tick=95 sid=1771649812_61616 chosen=<new run> selected=20260220_205705_25314 runs=1 running=20260220_205705_25314
[2026-02-20 20:58:43] tick=96 sid=1771649812_61616 chosen=<new run> selected=20260220_205705_25314 runs=1 running=20260220_205705_25314
[2026-02-20 20:58:44] tick=97 sid=1771649812_61616 chosen=<new run> selected=20260220_205705_25314 runs=1 running=20260220_205705_25314
[2026-02-20 20:58:45] tick=98 sid=1771649812_61616 chosen=<new run> selected=20260220_205705_25314 runs=1 running=20260220_205705_25314
[2026-02-20 20:58:46] tick=99 sid=1771649812_61616 chosen=<new run> selected=20260220_205705_25314 runs=1 running=20260220_205705_25314
[2026-02-20 20:58:47] tick=100 sid=1771649812_61616 chosen=<new run> selected=20260220_205705_25314 runs=1 running=20260220_205705_25314
[2026-02-20 20:58:48] tick=101 sid=1771649812_61616 chosen=<new run> selected=20260220_205705_25314 runs=1 running=20260220_205705_25314
[2026-02-20 20:58:49] tick=102 sid=1771649812_61616 chosen=<new run> selected=20260220_205705_25314 runs=1 running=20260220_205705_25314
[2026-02-20 20:58:50] tick=103 sid=1771649812_61616 chosen=<new run> selected=20260220_205705_25314 runs=1 running=20260220_205705_25314
[2026-02-20 20:58:51] tick=104 sid=1771649812_61616 chosen=<new run> selected=20260220_205705_25314 runs=1 running=20260220_205705_25314
[2026-02-20 20:58:52] tick=105 sid=1771649812_61616 chosen=<new run> selected=20260220_205705_25314 runs=1 running=20260220_205705_25314
[2026-02-20 20:58:53] tick=106 sid=1771649812_61616 chosen=<new run> selected=20260220_205705_25314 runs=1 running=20260220_205705_25314
[2026-02-20 20:58:54] tick=107 sid=1771649812_61616 chosen=<new run> selected=20260220_205705_25314 runs=1 running=20260220_205705_25314
[2026-02-20 20:58:55] tick=108 sid=1771649812_61616 chosen=<new run> selected=20260220_205705_25314 runs=1 running=20260220_205705_25314
[2026-02-20 20:58:56] tick=109 sid=1771649812_61616 chosen=<new run> selected=20260220_205705_25314 runs=1 running=20260220_205705_25314
[2026-02-20 20:58:57] tick=110 sid=1771649812_61616 chosen=<new run> selected=20260220_205705_25314 runs=1 running=20260220_205705_25314
[2026-02-20 20:58:58] tick=111 sid=1771649812_61616 chosen=<new run> selected=20260220_205705_25314 runs=1 running=20260220_205705_25314
[2026-02-20 20:58:59] tick=112 sid=1771649812_61616 chosen=<new run> selected=20260220_205705_25314 runs=1 running=20260220_205705_25314
[2026-02-20 20:59:00] tick=113 sid=1771649812_61616 chosen=<new run> selected=20260220_205705_25314 runs=1 running=20260220_205705_25314
[2026-02-20 20:59:02] tick=114 sid=1771649812_61616 chosen=<new run> selected=20260220_205705_25314 runs=1 running=20260220_205705_25314
[2026-02-20 20:59:03] tick=115 sid=1771649812_61616 chosen=<new run> selected=20260220_205705_25314 runs=1 running=20260220_205705_25314
[2026-02-20 20:59:04] tick=116 sid=1771649812_61616 chosen=<new run> selected=20260220_205705_25314 runs=1 running=20260220_205705_25314
[2026-02-20 20:59:05] tick=117 sid=1771649812_61616 chosen=<new run> selected=20260220_205705_25314 runs=1 running=20260220_205705_25314
[2026-02-20 20:59:06] tick=118 sid=1771649812_61616 chosen=<new run> selected=20260220_205705_25314 runs=1 running=20260220_205705_25314
[2026-02-20 20:59:07] tick=119 sid=1771649812_61616 chosen=<new run> selected=20260220_205705_25314 runs=1 running=20260220_205705_25314
[2026-02-20 20:59:08] tick=120 sid=1771649812_61616 chosen=<new run> selected=20260220_205705_25314 runs=1 running=20260220_205705_25314
[2026-02-20 20:59:09] tick=121 sid=1771649812_61616 chosen=<new run> selected=20260220_205705_25314 runs=1 running=20260220_205705_25314
[2026-02-20 20:59:10] tick=122 sid=1771649812_61616 chosen=<new run> selected=20260220_205705_25314 runs=1 running=20260220_205705_25314
[2026-02-20 20:59:11] tick=123 sid=1771649812_61616 chosen=<new run> selected=20260220_205705_25314 runs=1 running=20260220_205705_25314
[2026-02-20 20:59:12] tick=124 sid=1771649812_61616 chosen=<new run> selected=20260220_205705_25314 runs=1 running=20260220_205705_25314
[2026-02-20 20:59:13] tick=125 sid=1771649812_61616 chosen=<new run> selected=20260220_205705_25314 runs=1 running=20260220_205705_25314
[2026-02-20 20:59:14] tick=126 sid=1771649812_61616 chosen=<new run> selected=20260220_205705_25314 runs=1 running=20260220_205705_25314
[2026-02-20 20:59:15] tick=127 sid=1771649812_61616 chosen=<new run> selected=20260220_205705_25314 runs=1 running=20260220_205705_25314
[2026-02-20 20:59:16] tick=128 sid=1771649812_61616 chosen=<new run> selected=20260220_205705_25314 runs=1 running=20260220_205705_25314
[2026-02-20 20:59:17] tick=129 sid=1771649812_61616 chosen=<new run> selected=20260220_205705_25314 runs=1 running=20260220_205705_25314
[2026-02-20 20:59:18] tick=130 sid=1771649812_61616 chosen=<new run> selected=20260220_205705_25314 runs=1 running=20260220_205705_25314
[2026-02-20 20:59:19] tick=131 sid=1771649812_61616 chosen=<new run> selected=20260220_205705_25314 runs=1 running=20260220_205705_25314
[2026-02-20 20:59:20] tick=132 sid=1771649812_61616 chosen=<new run> selected=20260220_205705_25314 runs=1 running=20260220_205705_25314
[2026-02-20 20:59:21] tick=133 sid=1771649812_61616 chosen=<new run> selected=20260220_205705_25314 runs=1 running=20260220_205705_25314
[2026-02-20 20:59:23] tick=134 sid=1771649812_61616 chosen=<new run> selected=20260220_205705_25314 runs=1 running=20260220_205705_25314
[2026-02-20 20:59:24] tick=135 sid=1771649812_61616 chosen=<new run> selected=20260220_205705_25314 runs=1 running=20260220_205705_25314
[2026-02-20 20:59:25] tick=136 sid=1771649812_61616 chosen=<new run> selected=20260220_205705_25314 runs=1 running=20260220_205705_25314
[2026-02-20 20:59:26] tick=137 sid=1771649812_61616 chosen=<new run> selected=20260220_205705_25314 runs=1 running=20260220_205705_25314
[2026-02-20 20:59:27] tick=138 sid=1771649812_61616 chosen=<new run> selected=20260220_205705_25314 runs=1 running=20260220_205705_25314
[2026-02-20 20:59:28] tick=139 sid=1771649812_61616 chosen=<new run> selected=20260220_205705_25314 runs=1 running=20260220_205705_25314
[2026-02-20 20:59:29] tick=140 sid=1771649812_61616 chosen=<new run> selected=20260220_205705_25314 runs=1 running=20260220_205705_25314
[2026-02-20 20:59:30] tick=141 sid=1771649812_61616 chosen=<new run> selected=20260220_205705_25314 runs=1 running=20260220_205705_25314
[2026-02-20 20:59:31] tick=142 sid=1771649812_61616 chosen=<new run> selected=20260220_205705_25314 runs=1 running=20260220_205705_25314
[2026-02-20 20:59:32] tick=143 sid=1771649812_61616 chosen=<new run> selected=20260220_205705_25314 runs=1 running=20260220_205705_25314
[2026-02-20 20:59:33] tick=144 sid=1771649812_61616 chosen=<new run> selected=20260220_205705_25314 runs=1 running=20260220_205705_25314
[2026-02-20 20:59:34] tick=145 sid=1771649812_61616 chosen=<new run> selected=20260220_205705_25314 runs=1 running=20260220_205705_25314
[2026-02-20 20:59:35] tick=146 sid=1771649812_61616 chosen=<new run> selected=20260220_205705_25314 runs=1 running=20260220_205705_25314
[2026-02-20 20:59:36] tick=147 sid=1771649812_61616 chosen=<new run> selected=20260220_205705_25314 runs=1 running=20260220_205705_25314
[2026-02-20 20:59:37] tick=148 sid=1771649812_61616 chosen=<new run> selected=20260220_205705_25314 runs=1 running=20260220_205705_25314
[2026-02-20 20:59:38] tick=149 sid=1771649812_61616 chosen=<new run> selected=20260220_205705_25314 runs=1 running=20260220_205705_25314
[2026-02-20 20:59:39] tick=150 sid=1771649812_61616 chosen=<new run> selected=20260220_205705_25314 runs=1 running=20260220_205705_25314
[2026-02-20 20:59:40] tick=151 sid=1771649812_61616 chosen=<new run> selected=20260220_205705_25314 runs=1 running=20260220_205705_25314
[2026-02-20 20:59:41] tick=152 sid=1771649812_61616 chosen=<new run> selected=20260220_205705_25314 runs=1 running=20260220_205705_25314
[2026-02-20 20:59:42] tick=153 sid=1771649812_61616 chosen=<new run> selected=20260220_205705_25314 runs=1 running=20260220_205705_25314
[2026-02-20 20:59:44] tick=154 sid=1771649812_61616 chosen=<new run> selected=20260220_205705_25314 runs=1 running=20260220_205705_25314
[2026-02-20 20:59:45] tick=155 sid=1771649812_61616 chosen=<new run> selected=20260220_205705_25314 runs=1 running=20260220_205705_25314
[2026-02-20 20:59:46] tick=156 sid=1771649812_61616 chosen=<new run> selected=20260220_205705_25314 runs=1 running=20260220_205705_25314
[2026-02-20 20:59:47] tick=157 sid=1771649812_61616 chosen=<new run> selected=20260220_205705_25314 runs=1 running=20260220_205705_25314
[2026-02-20 20:59:48] tick=158 sid=1771649812_61616 chosen=<new run> selected=20260220_205705_25314 runs=1 running=20260220_205705_25314
[2026-02-20 20:59:49] tick=159 sid=1771649812_61616 chosen=<new run> selected=20260220_205705_25314 runs=1 running=20260220_205705_25314
[2026-02-20 20:59:50] tick=160 sid=1771649812_61616 chosen=<new run> selected=20260220_205705_25314 runs=1 running=20260220_205705_25314
[2026-02-20 20:59:51] tick=161 sid=1771649812_61616 chosen=<new run> selected=20260220_205705_25314 runs=1 running=20260220_205705_25314
[2026-02-20 20:59:52] tick=162 sid=1771649812_61616 chosen=<new run> selected=20260220_205705_25314 runs=1 running=20260220_205705_25314
[2026-02-20 20:59:53] tick=163 sid=1771649812_61616 chosen=<new run> selected=20260220_205705_25314 runs=1 running=20260220_205705_25314
[2026-02-20 20:59:54] tick=164 sid=1771649812_61616 chosen=<new run> selected=20260220_205705_25314 runs=1 running=20260220_205705_25314
[2026-02-20 20:59:55] tick=165 sid=1771649812_61616 chosen=<new run> selected=20260220_205705_25314 runs=1 running=20260220_205705_25314
[2026-02-20 20:59:56] tick=166 sid=1771649812_61616 chosen=<new run> selected=20260220_205705_25314 runs=1 running=20260220_205705_25314
[2026-02-20 20:59:57] tick=167 sid=1771649812_61616 chosen=<new run> selected=20260220_205705_25314 runs=1 running=20260220_205705_25314
[2026-02-20 20:59:58] tick=168 sid=1771649812_61616 chosen=<new run> selected=20260220_205705_25314 runs=1 running=20260220_205705_25314
[2026-02-20 20:59:59] tick=169 sid=1771649812_61616 chosen=<new run> selected=20260220_205705_25314 runs=1 running=20260220_205705_25314
[2026-02-20 21:00:00] tick=170 sid=1771649812_61616 chosen=<new run> selected=20260220_205705_25314 runs=1 running=20260220_205705_25314
[2026-02-20 21:00:01] tick=171 sid=1771649812_61616 chosen=<new run> selected=20260220_205705_25314 runs=1 running=20260220_205705_25314
[2026-02-20 21:00:02] tick=172 sid=1771649812_61616 chosen=<new run> selected=20260220_205705_25314 runs=1 running=20260220_205705_25314
[2026-02-20 21:00:04] tick=173 sid=1771649812_61616 chosen=<new run> selected=20260220_205705_25314 runs=1 running=20260220_205705_25314
[2026-02-20 21:00:05] tick=174 sid=1771649812_61616 chosen=<new run> selected=20260220_205705_25314 runs=1 running=20260220_205705_25314
[2026-02-20 21:00:06] tick=175 sid=1771649812_61616 chosen=<new run> selected=20260220_205705_25314 runs=1 running=20260220_205705_25314
[2026-02-20 21:00:07] tick=176 sid=1771649812_61616 chosen=<new run> selected=20260220_205705_25314 runs=1 running=20260220_205705_25314
[2026-02-20 21:00:08] tick=177 sid=1771649812_61616 chosen=<new run> selected=20260220_205705_25314 runs=1 running=20260220_205705_25314
[2026-02-20 21:00:09] tick=178 sid=1771649812_61616 chosen=<new run> selected=20260220_205705_25314 runs=1 running=20260220_205705_25314
[2026-02-20 21:00:10] tick=179 sid=1771649812_61616 chosen=<new run> selected=20260220_205705_25314 runs=1 running=20260220_205705_25314
[2026-02-20 21:00:11] tick=180 sid=1771649812_61616 chosen=<new run> selected=20260220_205705_25314 runs=1 running=20260220_205705_25314
[2026-02-20 21:00:12] tick=181 sid=1771649812_61616 chosen=<new run> selected=20260220_205705_25314 runs=1 running=20260220_205705_25314
[2026-02-20 21:00:13] tick=182 sid=1771649812_61616 chosen=<new run> selected=20260220_205705_25314 runs=1 running=20260220_205705_25314
[2026-02-20 21:00:14] tick=183 sid=1771649812_61616 chosen=<new run> selected=20260220_205705_25314 runs=1 running=20260220_205705_25314
[2026-02-20 21:00:15] tick=184 sid=1771649812_61616 chosen=<new run> selected=20260220_205705_25314 runs=1 running=20260220_205705_25314
[2026-02-20 21:00:16] tick=185 sid=1771649812_61616 chosen=<new run> selected=20260220_205705_25314 runs=1 running=20260220_205705_25314
[2026-02-20 21:00:17] tick=186 sid=1771649812_61616 chosen=<new run> selected=20260220_205705_25314 runs=1 running=20260220_205705_25314
[2026-02-20 21:00:18] tick=187 sid=1771649812_61616 chosen=<new run> selected=20260220_205705_25314 runs=1 running=20260220_205705_25314
[2026-02-20 21:00:19] tick=188 sid=1771649812_61616 chosen=<new run> selected=20260220_205705_25314 runs=1 running=20260220_205705_25314
[2026-02-20 21:00:20] tick=189 sid=1771649812_61616 chosen=<new run> selected=20260220_205705_25314 runs=1 running=20260220_205705_25314
[2026-02-20 21:00:21] tick=190 sid=1771649812_61616 chosen=<new run> selected=20260220_205705_25314 runs=1 running=20260220_205705_25314
[2026-02-20 21:00:22] tick=191 sid=1771649812_61616 chosen=<new run> selected=20260220_205705_25314 runs=1 running=20260220_205705_25314
[2026-02-20 21:00:23] tick=192 sid=1771649812_61616 chosen=<new run> selected=20260220_205705_25314 runs=1 running=20260220_205705_25314
[2026-02-20 21:00:25] tick=193 sid=1771649812_61616 chosen=<new run> selected=20260220_205705_25314 runs=1 running=20260220_205705_25314
[2026-02-20 21:00:26] tick=194 sid=1771649812_61616 chosen=<new run> selected=20260220_205705_25314 runs=1 running=20260220_205705_25314
[2026-02-20 21:00:27] tick=195 sid=1771649812_61616 chosen=<new run> selected=20260220_205705_25314 runs=1 running=20260220_205705_25314
[2026-02-20 21:00:28] tick=196 sid=1771649812_61616 chosen=<new run> selected=20260220_205705_25314 runs=1 running=20260220_205705_25314
[2026-02-20 21:00:29] tick=197 sid=1771649812_61616 chosen=<new run> selected=20260220_205705_25314 runs=1 running=20260220_205705_25314
[2026-02-20 21:00:30] tick=198 sid=1771649812_61616 chosen=<new run> selected=20260220_205705_25314 runs=1 running=20260220_205705_25314
[2026-02-20 21:00:31] tick=199 sid=1771649812_61616 chosen=<new run> selected=20260220_205705_25314 runs=1 running=20260220_205705_25314
[2026-02-20 21:00:32] tick=200 sid=1771649812_61616 chosen=<new run> selected=20260220_205705_25314 runs=1 running=20260220_205705_25314
[2026-02-20 21:00:33] tick=201 sid=1771649812_61616 chosen=<new run> selected=20260220_205705_25314 runs=1 running=20260220_205705_25314
[2026-02-20 21:00:34] tick=202 sid=1771649812_61616 chosen=<new run> selected=20260220_205705_25314 runs=1 running=20260220_205705_25314
[2026-02-20 21:00:35] tick=203 sid=1771649812_61616 chosen=<new run> selected=20260220_205705_25314 runs=1 running=20260220_205705_25314
[2026-02-20 21:00:36] tick=204 sid=1771649812_61616 chosen=<new run> selected=20260220_205705_25314 runs=1 running=20260220_205705_25314
[2026-02-20 21:00:37] tick=205 sid=1771649812_61616 chosen=<new run> selected=20260220_205705_25314 runs=1 running=20260220_205705_25314
[2026-02-20 21:00:38] tick=206 sid=1771649812_61616 chosen=<new run> selected=20260220_205705_25314 runs=1 running=20260220_205705_25314
[2026-02-20 21:00:39] tick=207 sid=1771649812_61616 chosen=<new run> selected=20260220_205705_25314 runs=1 running=20260220_205705_25314
[2026-02-20 21:00:40] tick=208 sid=1771649812_61616 chosen=<new run> selected=20260220_205705_25314 runs=1 running=20260220_205705_25314
[2026-02-20 21:00:41] tick=209 sid=1771649812_61616 chosen=<new run> selected=20260220_205705_25314 runs=1 running=20260220_205705_25314
[2026-02-20 21:00:42] tick=210 sid=1771649812_61616 chosen=<new run> selected=20260220_205705_25314 runs=1 running=20260220_205705_25314
[2026-02-20 21:00:43] tick=211 sid=1771649812_61616 chosen=<new run> selected=20260220_205705_25314 runs=1 running=20260220_205705_25314
[2026-02-20 21:00:44] tick=212 sid=1771649812_61616 chosen=<new run> selected=20260220_205705_25314 runs=1 running=20260220_205705_25314
[2026-02-20 21:00:46] tick=213 sid=1771649812_61616 chosen=<new run> selected=20260220_205705_25314 runs=1 running=20260220_205705_25314
[2026-02-20 21:00:47] tick=214 sid=1771649812_61616 chosen=<new run> selected=20260220_205705_25314 runs=1 running=20260220_205705_25314
[2026-02-20 21:00:48] tick=215 sid=1771649812_61616 chosen=<new run> selected=20260220_205705_25314 runs=1 running=20260220_205705_25314
[2026-02-20 21:00:49] tick=216 sid=1771649812_61616 chosen=<new run> selected=20260220_205705_25314 runs=1 running=20260220_205705_25314
[2026-02-20 21:00:50] tick=217 sid=1771649812_61616 chosen=<new run> selected=20260220_205705_25314 runs=1 running=20260220_205705_25314
[2026-02-20 21:00:51] tick=218 sid=1771649812_61616 chosen=<new run> selected=20260220_205705_25314 runs=1 running=20260220_205705_25314
[2026-02-20 21:00:52] tick=219 sid=1771649812_61616 chosen=<new run> selected=20260220_205705_25314 runs=1 running=20260220_205705_25314
[2026-02-20 21:00:53] tick=220 sid=1771649812_61616 chosen=<new run> selected=20260220_205705_25314 runs=1 running=20260220_205705_25314
[2026-02-20 21:00:54] tick=221 sid=1771649812_61616 chosen=<new run> selected=20260220_205705_25314 runs=1 running=20260220_205705_25314
[2026-02-20 21:00:55] tick=222 sid=1771649812_61616 chosen=<new run> selected=20260220_205705_25314 runs=1 running=20260220_205705_25314
[2026-02-20 21:00:56] tick=223 sid=1771649812_61616 chosen=<new run> selected=20260220_205705_25314 runs=1 running=20260220_205705_25314
[2026-02-20 21:00:57] tick=224 sid=1771649812_61616 chosen=<new run> selected=20260220_205705_25314 runs=1 running=20260220_205705_25314
[2026-02-20 21:00:58] tick=225 sid=1771649812_61616 chosen=<new run> selected=20260220_205705_25314 runs=1 running=20260220_205705_25314
[2026-02-20 21:00:59] tick=226 sid=1771649812_61616 chosen=<new run> selected=20260220_205705_25314 runs=1 running=20260220_205705_25314
[2026-02-20 21:01:00] tick=227 sid=1771649812_61616 chosen=<new run> selected=20260220_205705_25314 runs=1 running=20260220_205705_25314
[2026-02-20 21:01:01] tick=228 sid=1771649812_61616 chosen=<new run> selected=20260220_205705_25314 runs=1 running=20260220_205705_25314
[2026-02-20 21:01:02] tick=229 sid=1771649812_61616 chosen=<new run> selected=20260220_205705_25314 runs=1 running=20260220_205705_25314
[2026-02-20 21:01:03] tick=230 sid=1771649812_61616 chosen=<new run> selected=20260220_205705_25314 runs=1 running=20260220_205705_25314
[2026-02-20 21:01:04] tick=231 sid=1771649812_61616 chosen=<new run> selected=20260220_205705_25314 runs=1 running=20260220_205705_25314
[2026-02-20 21:01:05] tick=232 sid=1771649812_61616 chosen=<new run> selected=20260220_205705_25314 runs=1 running=20260220_205705_25314
[2026-02-20 21:01:07] tick=233 sid=1771649812_61616 chosen=<new run> selected=20260220_205705_25314 runs=1 running=20260220_205705_25314
[2026-02-20 21:01:08] tick=234 sid=1771649812_61616 chosen=<new run> selected=20260220_205705_25314 runs=1 running=20260220_205705_25314
[2026-02-20 21:01:09] tick=235 sid=1771649812_61616 chosen=<new run> selected=20260220_205705_25314 runs=1 running=20260220_205705_25314
[2026-02-20 21:01:10] tick=236 sid=1771649812_61616 chosen=<new run> selected=20260220_205705_25314 runs=1 running=20260220_205705_25314
[2026-02-20 21:01:11] tick=237 sid=1771649812_61616 chosen=<new run> selected=20260220_205705_25314 runs=1 running=20260220_205705_25314
[2026-02-20 21:01:12] tick=238 sid=1771649812_61616 chosen=<new run> selected=20260220_205705_25314 runs=1 running=20260220_205705_25314
[2026-02-20 21:01:13] tick=239 sid=1771649812_61616 chosen=<new run> selected=20260220_205705_25314 runs=1 running=20260220_205705_25314
[2026-02-20 21:01:14] tick=240 sid=1771649812_61616 chosen=<new run> selected=20260220_205705_25314 runs=1 running=20260220_205705_25314
[2026-02-20 21:01:15] tick=241 sid=1771649812_61616 chosen=<new run> selected=20260220_205705_25314 runs=1 running=20260220_205705_25314
[2026-02-20 21:01:16] tick=242 sid=1771649812_61616 chosen=<new run> selected=20260220_205705_25314 runs=1 running=20260220_205705_25314
[2026-02-20 21:01:17] tick=243 sid=1771649812_61616 chosen=<new run> selected=20260220_205705_25314 runs=1 running=20260220_205705_25314
[2026-02-20 21:01:18] tick=244 sid=1771649812_61616 chosen=<new run> selected=20260220_205705_25314 runs=1 running=20260220_205705_25314
[2026-02-20 21:01:19] tick=245 sid=1771649812_61616 chosen=<new run> selected=20260220_205705_25314 runs=1 running=20260220_205705_25314
[2026-02-20 21:01:20] tick=246 sid=1771649812_61616 chosen=<new run> selected=20260220_205705_25314 runs=1 running=20260220_205705_25314
[2026-02-20 21:01:21] tick=247 sid=1771649812_61616 chosen=<new run> selected=20260220_205705_25314 runs=1 running=20260220_205705_25314
[2026-02-20 21:01:22] tick=248 sid=1771649812_61616 chosen=<new run> selected=20260220_205705_25314 runs=1 running=20260220_205705_25314
[2026-02-20 21:01:23] tick=249 sid=1771649812_61616 chosen=<new run> selected=20260220_205705_25314 runs=1 running=20260220_205705_25314
[2026-02-20 21:01:24] tick=250 sid=1771649812_61616 chosen=<new run> selected=20260220_205705_25314 runs=1 running=20260220_205705_25314
[2026-02-20 21:01:25] tick=251 sid=1771649812_61616 chosen=<new run> selected=20260220_205705_25314 runs=1 running=20260220_205705_25314
[2026-02-20 21:01:27] tick=252 sid=1771649812_61616 chosen=<new run> selected=20260220_205705_25314 runs=1 running=20260220_205705_25314
[2026-02-20 21:01:28] tick=253 sid=1771649812_61616 chosen=<new run> selected=20260220_205705_25314 runs=1 running=20260220_205705_25314
[2026-02-20 21:01:29] tick=254 sid=1771649812_61616 chosen=<new run> selected=20260220_205705_25314 runs=1 running=20260220_205705_25314
[2026-02-20 21:01:30] tick=255 sid=1771649812_61616 chosen=<new run> selected=20260220_205705_25314 runs=1 running=20260220_205705_25314
[2026-02-20 21:01:31] tick=256 sid=1771649812_61616 chosen=<new run> selected=20260220_205705_25314 runs=1 running=20260220_205705_25314
[2026-02-20 21:01:32] tick=257 sid=1771649812_61616 chosen=<new run> selected=20260220_205705_25314 runs=1 running=20260220_205705_25314
[2026-02-20 21:01:33] tick=258 sid=1771649812_61616 chosen=<new run> selected=20260220_205705_25314 runs=1 running=20260220_205705_25314
[2026-02-20 21:01:34] tick=259 sid=1771649812_61616 chosen=<new run> selected=20260220_205705_25314 runs=1 running=20260220_205705_25314
[2026-02-20 21:01:35] tick=260 sid=1771649812_61616 chosen=<new run> selected=20260220_205705_25314 runs=1 running=20260220_205705_25314
[2026-02-20 21:01:36] tick=261 sid=1771649812_61616 chosen=<new run> selected=20260220_205705_25314 runs=1 running=20260220_205705_25314
[2026-02-20 21:01:37] tick=262 sid=1771649812_61616 chosen=<new run> selected=20260220_205705_25314 runs=1 running=20260220_205705_25314
[2026-02-20 21:01:38] tick=263 sid=1771649812_61616 chosen=<new run> selected=20260220_205705_25314 runs=1 running=20260220_205705_25314
[2026-02-20 21:01:39] tick=264 sid=1771649812_61616 chosen=<new run> selected=20260220_205705_25314 runs=1 running=20260220_205705_25314
[2026-02-20 21:01:40] tick=265 sid=1771649812_61616 chosen=<new run> selected=20260220_205705_25314 runs=1 running=20260220_205705_25314
[2026-02-20 21:01:41] tick=266 sid=1771649812_61616 chosen=<new run> selected=20260220_205705_25314 runs=1 running=20260220_205705_25314
[2026-02-20 21:01:42] tick=267 sid=1771649812_61616 chosen=<new run> selected=20260220_205705_25314 runs=1 running=20260220_205705_25314
[2026-02-20 21:01:43] tick=268 sid=1771649812_61616 chosen=<new run> selected=20260220_205705_25314 runs=1 running=20260220_205705_25314
[2026-02-20 21:01:44] tick=269 sid=1771649812_61616 chosen=<new run> selected=20260220_205705_25314 runs=1 running=20260220_205705_25314
[2026-02-20 21:01:45] tick=270 sid=1771649812_61616 chosen=<new run> selected=20260220_205705_25314 runs=1 running=20260220_205705_25314
[2026-02-20 21:01:46] tick=271 sid=1771649812_61616 chosen=<new run> selected=20260220_205705_25314 runs=1 running=20260220_205705_25314
[2026-02-20 21:01:48] tick=272 sid=1771649812_61616 chosen=<new run> selected=20260220_205705_25314 runs=1 running=20260220_205705_25314
[2026-02-20 21:01:49] tick=273 sid=1771649812_61616 chosen=<new run> selected=20260220_205705_25314 runs=1 running=20260220_205705_25314
[2026-02-20 21:01:50] tick=274 sid=1771649812_61616 chosen=<new run> selected=20260220_205705_25314 runs=1 running=20260220_205705_25314
[2026-02-20 21:01:51] tick=275 sid=1771649812_61616 chosen=<new run> selected=20260220_205705_25314 runs=1 running=20260220_205705_25314
[2026-02-20 21:01:52] tick=276 sid=1771649812_61616 chosen=<new run> selected=20260220_205705_25314 runs=1 running=20260220_205705_25314
[2026-02-20 21:01:53] tick=277 sid=1771649812_61616 chosen=<new run> selected=20260220_205705_25314 runs=1 running=20260220_205705_25314
[2026-02-20 21:01:54] tick=278 sid=1771649812_61616 chosen=<new run> selected=20260220_205705_25314 runs=1 running=20260220_205705_25314
[2026-02-20 21:01:55] tick=279 sid=1771649812_61616 chosen=<new run> selected=20260220_205705_25314 runs=1 running=20260220_205705_25314
[2026-02-20 21:01:56] tick=280 sid=1771649812_61616 chosen=<new run> selected=20260220_205705_25314 runs=1 running=20260220_205705_25314
[2026-02-20 21:01:57] tick=281 sid=1771649812_61616 chosen=<new run> selected=20260220_205705_25314 runs=1 running=20260220_205705_25314
[2026-02-20 21:01:58] tick=282 sid=1771649812_61616 chosen=<new run> selected=20260220_205705_25314 runs=1 running=20260220_205705_25314
[2026-02-20 21:01:59] tick=283 sid=1771649812_61616 chosen=<new run> selected=20260220_205705_25314 runs=1 running=20260220_205705_25314
[2026-02-20 21:02:00] tick=284 sid=1771649812_61616 chosen=<new run> selected=20260220_205705_25314 runs=1 running=20260220_205705_25314
[2026-02-20 21:02:01] tick=285 sid=1771649812_61616 chosen=<new run> selected=20260220_205705_25314 runs=1 running=20260220_205705_25314
[2026-02-20 21:02:02] tick=286 sid=1771649812_61616 chosen=<new run> selected=20260220_205705_25314 runs=1 running=20260220_205705_25314
[2026-02-20 21:02:03] tick=287 sid=1771649812_61616 chosen=<new run> selected=20260220_205705_25314 runs=1 running=20260220_205705_25314
[2026-02-20 21:02:04] tick=288 sid=1771649812_61616 chosen=<new run> selected=20260220_205705_25314 runs=1 running=20260220_205705_25314
[2026-02-20 21:02:05] tick=289 sid=1771649812_61616 chosen=<new run> selected=20260220_205705_25314 runs=1 running=20260220_205705_25314
[2026-02-20 21:02:06] tick=290 sid=1771649812_61616 chosen=<new run> selected=20260220_205705_25314 runs=1 running=20260220_205705_25314
[2026-02-20 21:02:08] tick=291 sid=1771649812_61616 chosen=<new run> selected=20260220_205705_25314 runs=1 running=20260220_205705_25314
[2026-02-20 21:02:09] tick=292 sid=1771649812_61616 chosen=<new run> selected=20260220_205705_25314 runs=1 running=20260220_205705_25314
[2026-02-20 21:02:10] tick=293 sid=1771649812_61616 chosen=<new run> selected=20260220_205705_25314 runs=1 running=20260220_205705_25314
[2026-02-20 21:02:11] tick=294 sid=1771649812_61616 chosen=<new run> selected=20260220_205705_25314 runs=1 running=20260220_205705_25314
[2026-02-20 21:02:12] tick=295 sid=1771649812_61616 chosen=<new run> selected=20260220_205705_25314 runs=1 running=20260220_205705_25314
[2026-02-20 21:02:13] tick=296 sid=1771649812_61616 chosen=<new run> selected=20260220_205705_25314 runs=1 running=20260220_205705_25314
[2026-02-20 21:02:14] tick=297 sid=1771649812_61616 chosen=<new run> selected=20260220_205705_25314 runs=1 running=20260220_205705_25314
[2026-02-20 21:02:15] tick=298 sid=1771649812_61616 chosen=<new run> selected=20260220_205705_25314 runs=1 running=20260220_205705_25314
[2026-02-20 21:02:16] tick=299 sid=1771649812_61616 chosen=<new run> selected=20260220_205705_25314 runs=1 running=20260220_205705_25314
[2026-02-20 21:02:17] tick=300 sid=1771649812_61616 chosen=<new run> selected=20260220_205705_25314 runs=1 running=20260220_205705_25314
[2026-02-20 21:02:18] tick=301 sid=1771649812_61616 chosen=<new run> selected=20260220_205705_25314 runs=1 running=20260220_205705_25314
[2026-02-20 21:02:19] tick=302 sid=1771649812_61616 chosen=<new run> selected=20260220_205705_25314 runs=1 running=20260220_205705_25314
[2026-02-20 21:02:20] tick=303 sid=1771649812_61616 chosen=<new run> selected=20260220_205705_25314 runs=1 running=20260220_205705_25314
[2026-02-20 21:02:21] tick=304 sid=1771649812_61616 chosen=<new run> selected=20260220_205705_25314 runs=1 running=20260220_205705_25314
[2026-02-20 21:02:22] tick=305 sid=1771649812_61616 chosen=<new run> selected=20260220_205705_25314 runs=1 running=20260220_205705_25314
[2026-02-20 21:02:23] tick=306 sid=1771649812_61616 chosen=<new run> selected=20260220_205705_25314 runs=1 running=20260220_205705_25314
[2026-02-20 21:02:24] tick=307 sid=1771649812_61616 chosen=<new run> selected=20260220_205705_25314 runs=1 running=20260220_205705_25314
[2026-02-20 21:02:25] tick=308 sid=1771649812_61616 chosen=<new run> selected=20260220_205705_25314 runs=1 running=20260220_205705_25314
[2026-02-20 21:02:26] tick=309 sid=1771649812_61616 chosen=<new run> selected=20260220_205705_25314 runs=1 running=20260220_205705_25314
[2026-02-20 21:02:28] tick=310 sid=1771649812_61616 chosen=<new run> selected=20260220_205705_25314 runs=1 running=20260220_205705_25314
[2026-02-20 21:02:29] tick=311 sid=1771649812_61616 chosen=<new run> selected=20260220_205705_25314 runs=1 running=20260220_205705_25314
[2026-02-20 21:02:30] tick=312 sid=1771649812_61616 chosen=<new run> selected=20260220_205705_25314 runs=1 running=20260220_205705_25314
[2026-02-20 21:02:31] tick=313 sid=1771649812_61616 chosen=<new run> selected=20260220_205705_25314 runs=1 running=20260220_205705_25314
[2026-02-20 21:02:32] tick=314 sid=1771649812_61616 chosen=<new run> selected=20260220_205705_25314 runs=1 running=20260220_205705_25314
[2026-02-20 21:02:33] tick=315 sid=1771649812_61616 chosen=<new run> selected=20260220_205705_25314 runs=1 running=20260220_205705_25314
[2026-02-20 21:02:34] tick=316 sid=1771649812_61616 chosen=<new run> selected=20260220_205705_25314 runs=1 running=20260220_205705_25314
[2026-02-20 21:02:35] tick=317 sid=1771649812_61616 chosen=<new run> selected=20260220_205705_25314 runs=1 running=20260220_205705_25314
[2026-02-20 21:02:36] tick=318 sid=1771649812_61616 chosen=<new run> selected=20260220_205705_25314 runs=1 running=20260220_205705_25314
[2026-02-20 21:02:37] tick=319 sid=1771649812_61616 chosen=<new run> selected=20260220_205705_25314 runs=1 running=20260220_205705_25314
[2026-02-20 21:02:38] tick=320 sid=1771649812_61616 chosen=<new run> selected=20260220_205705_25314 runs=1 running=20260220_205705_25314
[2026-02-20 21:02:39] tick=321 sid=1771649812_61616 chosen=<new run> selected=20260220_205705_25314 runs=1 running=20260220_205705_25314
[2026-02-20 21:02:40] tick=322 sid=1771649812_61616 chosen=<new run> selected=20260220_205705_25314 runs=1 running=20260220_205705_25314
[2026-02-20 21:02:41] tick=323 sid=1771649812_61616 chosen=<new run> selected=20260220_205705_25314 runs=1 running=20260220_205705_25314
[2026-02-20 21:02:42] tick=324 sid=1771649812_61616 chosen=<new run> selected=20260220_205705_25314 runs=1 running=20260220_205705_25314
[2026-02-20 21:02:43] tick=325 sid=1771649812_61616 chosen=<new run> selected=20260220_205705_25314 runs=1 running=20260220_205705_25314
[2026-02-20 21:02:44] tick=326 sid=1771649812_61616 chosen=<new run> selected=20260220_205705_25314 runs=1 running=20260220_205705_25314
[2026-02-20 21:02:45] tick=327 sid=1771649812_61616 chosen=<new run> selected=20260220_205705_25314 runs=1 running=20260220_205705_25314
[2026-02-20 21:02:46] tick=328 sid=1771649812_61616 chosen=<new run> selected=20260220_205705_25314 runs=1 running=20260220_205705_25314
[2026-02-20 21:02:47] tick=329 sid=1771649812_61616 chosen=<new run> selected=20260220_205705_25314 runs=1 running=20260220_205705_25314
[2026-02-20 21:02:49] tick=330 sid=1771649812_61616 chosen=<new run> selected=20260220_205705_25314 runs=1 running=20260220_205705_25314
[2026-02-20 21:02:50] tick=331 sid=1771649812_61616 chosen=<new run> selected=20260220_205705_25314 runs=1 running=20260220_205705_25314
[2026-02-20 21:02:51] tick=332 sid=1771649812_61616 chosen=<new run> selected=20260220_205705_25314 runs=1 running=20260220_205705_25314
[2026-02-20 21:02:52] tick=333 sid=1771649812_61616 chosen=<new run> selected=20260220_205705_25314 runs=1 running=20260220_205705_25314
[2026-02-20 21:02:53] tick=334 sid=1771649812_61616 chosen=<new run> selected=20260220_205705_25314 runs=1 running=20260220_205705_25314
[2026-02-20 21:02:54] tick=335 sid=1771649812_61616 chosen=<new run> selected=20260220_205705_25314 runs=1 running=20260220_205705_25314
[2026-02-20 21:02:55] tick=336 sid=1771649812_61616 chosen=<new run> selected=20260220_205705_25314 runs=1 running=20260220_205705_25314
[2026-02-20 21:02:56] tick=337 sid=1771649812_61616 chosen=<new run> selected=20260220_205705_25314 runs=1 running=20260220_205705_25314
[2026-02-20 21:02:57] tick=338 sid=1771649812_61616 chosen=<new run> selected=20260220_205705_25314 runs=1 running=20260220_205705_25314
[2026-02-20 21:02:58] tick=339 sid=1771649812_61616 chosen=<new run> selected=20260220_205705_25314 runs=1 running=20260220_205705_25314
[2026-02-20 21:02:59] tick=340 sid=1771649812_61616 chosen=<new run> selected=20260220_205705_25314 runs=1 running=20260220_205705_25314
[2026-02-20 21:03:00] tick=341 sid=1771649812_61616 chosen=<new run> selected=20260220_205705_25314 runs=1 running=20260220_205705_25314
[2026-02-20 21:03:01] tick=342 sid=1771649812_61616 chosen=<new run> selected=20260220_205705_25314 runs=1 running=20260220_205705_25314
[2026-02-20 21:03:02] tick=343 sid=1771649812_61616 chosen=<new run> selected=20260220_205705_25314 runs=1 running=20260220_205705_25314
[2026-02-20 21:03:03] tick=344 sid=1771649812_61616 chosen=<new run> selected=20260220_205705_25314 runs=1 running=20260220_205705_25314
[2026-02-20 21:03:04] tick=345 sid=1771649812_61616 chosen=<new run> selected=20260220_205705_25314 runs=1 running=20260220_205705_25314
[2026-02-20 21:03:05] tick=346 sid=1771649812_61616 chosen=<new run> selected=20260220_205705_25314 runs=1 running=20260220_205705_25314
[2026-02-20 21:03:06] tick=347 sid=1771649812_61616 chosen=<new run> selected=20260220_205705_25314 runs=1 running=20260220_205705_25314
[2026-02-20 21:03:07] tick=348 sid=1771649812_61616 chosen=<new run> selected=20260220_205705_25314 runs=1 running=20260220_205705_25314
[2026-02-20 21:03:09] tick=349 sid=1771649812_61616 chosen=<new run> selected=20260220_205705_25314 runs=1 running=20260220_205705_25314
[2026-02-20 21:03:10] tick=350 sid=1771649812_61616 chosen=<new run> selected=20260220_205705_25314 runs=1 running=20260220_205705_25314
[2026-02-20 21:03:11] tick=351 sid=1771649812_61616 chosen=<new run> selected=20260220_205705_25314 runs=1 running=20260220_205705_25314
[2026-02-20 21:03:12] tick=352 sid=1771649812_61616 chosen=<new run> selected=20260220_205705_25314 runs=1 running=20260220_205705_25314
[2026-02-20 21:03:13] tick=353 sid=1771649812_61616 chosen=<new run> selected=20260220_205705_25314 runs=1 running=20260220_205705_25314
[2026-02-20 21:03:14] tick=354 sid=1771649812_61616 chosen=<new run> selected=20260220_205705_25314 runs=1 running=20260220_205705_25314
[2026-02-20 21:03:15] tick=355 sid=1771649812_61616 chosen=<new run> selected=20260220_205705_25314 runs=1 running=20260220_205705_25314
[2026-02-20 21:03:16] tick=356 sid=1771649812_61616 chosen=<new run> selected=20260220_205705_25314 runs=1 running=20260220_205705_25314
[2026-02-20 21:03:17] tick=357 sid=1771649812_61616 chosen=<new run> selected=20260220_205705_25314 runs=1 running=20260220_205705_25314
[2026-02-20 21:03:18] tick=358 sid=1771649812_61616 chosen=<new run> selected=20260220_205705_25314 runs=1 running=20260220_205705_25314
[2026-02-20 21:03:19] tick=359 sid=1771649812_61616 chosen=<new run> selected=20260220_205705_25314 runs=1 running=20260220_205705_25314
[2026-02-20 21:03:20] tick=360 sid=1771649812_61616 chosen=<new run> selected=20260220_205705_25314 runs=1 running=20260220_205705_25314
[2026-02-20 21:03:21] tick=361 sid=1771649812_61616 chosen=<new run> selected=20260220_205705_25314 runs=1 running=20260220_205705_25314
[2026-02-20 21:03:22] tick=362 sid=1771649812_61616 chosen=<new run> selected=20260220_205705_25314 runs=1 running=20260220_205705_25314
[2026-02-20 21:03:23] tick=363 sid=1771649812_61616 chosen=<new run> selected=20260220_205705_25314 runs=1 running=20260220_205705_25314
[2026-02-20 21:03:24] tick=364 sid=1771649812_61616 chosen=<new run> selected=20260220_205705_25314 runs=1 running=20260220_205705_25314
[2026-02-20 21:03:25] tick=365 sid=1771649812_61616 chosen=<new run> selected=20260220_205705_25314 runs=1 running=20260220_205705_25314
[2026-02-20 21:03:26] tick=366 sid=1771649812_61616 chosen=<new run> selected=20260220_205705_25314 runs=1 running=20260220_205705_25314
[2026-02-20 21:03:27] tick=367 sid=1771649812_61616 chosen=<new run> selected=20260220_205705_25314 runs=1 running=20260220_205705_25314
[2026-02-20 21:03:29] tick=368 sid=1771649812_61616 chosen=<new run> selected=20260220_205705_25314 runs=1 running=20260220_205705_25314
[2026-02-20 21:03:30] tick=369 sid=1771649812_61616 chosen=<new run> selected=20260220_205705_25314 runs=1 running=20260220_205705_25314
[2026-02-20 21:03:31] tick=370 sid=1771649812_61616 chosen=<new run> selected=20260220_205705_25314 runs=1 running=20260220_205705_25314
[2026-02-20 21:03:32] tick=371 sid=1771649812_61616 chosen=<new run> selected=20260220_205705_25314 runs=1 running=20260220_205705_25314
[2026-02-20 21:03:33] tick=372 sid=1771649812_61616 chosen=<new run> selected=20260220_205705_25314 runs=1 running=20260220_205705_25314
[2026-02-20 21:03:34] tick=373 sid=1771649812_61616 chosen=<new run> selected=20260220_205705_25314 runs=1 running=20260220_205705_25314
[2026-02-20 21:03:35] tick=374 sid=1771649812_61616 chosen=<new run> selected=20260220_205705_25314 runs=1 running=20260220_205705_25314
[2026-02-20 21:03:36] tick=375 sid=1771649812_61616 chosen=<new run> selected=20260220_205705_25314 runs=1 running=20260220_205705_25314
[2026-02-20 21:03:37] tick=376 sid=1771649812_61616 chosen=<new run> selected=20260220_205705_25314 runs=1 running=20260220_205705_25314
[2026-02-20 21:03:38] tick=377 sid=1771649812_61616 chosen=<new run> selected=20260220_205705_25314 runs=1 running=20260220_205705_25314
[2026-02-20 21:03:39] tick=378 sid=1771649812_61616 chosen=<new run> selected=20260220_205705_25314 runs=1 running=20260220_205705_25314
[2026-02-20 21:03:40] tick=379 sid=1771649812_61616 chosen=<new run> selected=20260220_205705_25314 runs=1 running=20260220_205705_25314
[2026-02-20 21:03:41] tick=380 sid=1771649812_61616 chosen=<new run> selected=20260220_205705_25314 runs=1 running=20260220_205705_25314
[2026-02-20 21:03:42] tick=381 sid=1771649812_61616 chosen=<new run> selected=20260220_205705_25314 runs=1 running=20260220_205705_25314
[2026-02-20 21:03:43] tick=382 sid=1771649812_61616 chosen=<new run> selected=20260220_205705_25314 runs=1 running=20260220_205705_25314
[2026-02-20 21:03:44] tick=383 sid=1771649812_61616 chosen=<new run> selected=20260220_205705_25314 runs=1 running=20260220_205705_25314
[2026-02-20 21:03:45] tick=384 sid=1771649812_61616 chosen=<new run> selected=20260220_205705_25314 runs=1 running=20260220_205705_25314
[2026-02-20 21:03:46] tick=385 sid=1771649812_61616 chosen=<new run> selected=20260220_205705_25314 runs=1 running=20260220_205705_25314
[2026-02-20 21:03:47] tick=386 sid=1771649812_61616 chosen=<new run> selected=20260220_205705_25314 runs=1 running=20260220_205705_25314
[2026-02-20 21:03:48] tick=387 sid=1771649812_61616 chosen=<new run> selected=20260220_205705_25314 runs=1 running=20260220_205705_25314
[2026-02-20 21:03:50] tick=388 sid=1771649812_61616 chosen=<new run> selected=20260220_205705_25314 runs=1 running=20260220_205705_25314
[2026-02-20 21:03:51] tick=389 sid=1771649812_61616 chosen=<new run> selected=20260220_205705_25314 runs=1 running=20260220_205705_25314
[2026-02-20 21:03:52] tick=390 sid=1771649812_61616 chosen=<new run> selected=20260220_205705_25314 runs=1 running=20260220_205705_25314
[2026-02-20 21:03:53] tick=391 sid=1771649812_61616 chosen=<new run> selected=20260220_205705_25314 runs=1 running=20260220_205705_25314
[2026-02-20 21:03:54] tick=392 sid=1771649812_61616 chosen=<new run> selected=20260220_205705_25314 runs=1 running=20260220_205705_25314
[2026-02-20 21:03:55] tick=393 sid=1771649812_61616 chosen=<new run> selected=20260220_205705_25314 runs=1 running=20260220_205705_25314
[2026-02-20 21:03:56] tick=394 sid=1771649812_61616 chosen=<new run> selected=20260220_205705_25314 runs=1 running=20260220_205705_25314
[2026-02-20 21:03:57] tick=395 sid=1771649812_61616 chosen=<new run> selected=20260220_205705_25314 runs=1 running=20260220_205705_25314
[2026-02-20 21:03:58] tick=396 sid=1771649812_61616 chosen=<new run> selected=20260220_205705_25314 runs=1 running=20260220_205705_25314
[2026-02-20 21:03:59] tick=397 sid=1771649812_61616 chosen=<new run> selected=20260220_205705_25314 runs=1 running=20260220_205705_25314
[2026-02-20 21:04:00] tick=398 sid=1771649812_61616 chosen=<new run> selected=20260220_205705_25314 runs=1 running=20260220_205705_25314
[2026-02-20 21:04:01] tick=399 sid=1771649812_61616 chosen=<new run> selected=20260220_205705_25314 runs=1 running=20260220_205705_25314
[2026-02-20 21:04:02] tick=400 sid=1771649812_61616 chosen=<new run> selected=20260220_205705_25314 runs=1 running=20260220_205705_25314
[2026-02-20 21:04:03] tick=401 sid=1771649812_61616 chosen=<new run> selected=20260220_205705_25314 runs=1 running=20260220_205705_25314
[2026-02-20 21:04:04] tick=402 sid=1771649812_61616 chosen=<new run> selected=20260220_205705_25314 runs=1 running=20260220_205705_25314
[2026-02-20 21:04:05] tick=403 sid=1771649812_61616 chosen=<new run> selected=20260220_205705_25314 runs=1 running=20260220_205705_25314
[2026-02-20 21:04:06] tick=404 sid=1771649812_61616 chosen=<new run> selected=20260220_205705_25314 runs=1 running=20260220_205705_25314
[2026-02-20 21:04:07] tick=405 sid=1771649812_61616 chosen=<new run> selected=20260220_205705_25314 runs=1 running=20260220_205705_25314
[2026-02-20 21:04:08] tick=406 sid=1771649812_61616 chosen=<new run> selected=20260220_205705_25314 runs=1 running=20260220_205705_25314
[2026-02-20 21:04:09] tick=407 sid=1771649812_61616 chosen=<new run> selected=20260220_205705_25314 runs=1 running=20260220_205705_25314
[2026-02-20 21:04:10] tick=408 sid=1771649812_61616 chosen=<new run> selected=20260220_205705_25314 runs=1 running=20260220_205705_25314
[2026-02-20 21:04:12] tick=409 sid=1771649812_61616 chosen=<new run> selected=20260220_205705_25314 runs=1 running=20260220_205705_25314
[2026-02-20 21:04:13] tick=410 sid=1771649812_61616 chosen=<new run> selected=20260220_205705_25314 runs=1 running=20260220_205705_25314
[2026-02-20 21:04:14] tick=411 sid=1771649812_61616 chosen=<new run> selected=20260220_205705_25314 runs=1 running=20260220_205705_25314
[2026-02-20 21:04:15] tick=412 sid=1771649812_61616 chosen=<new run> selected=20260220_205705_25314 runs=1 running=20260220_205705_25314
[2026-02-20 21:04:16] tick=413 sid=1771649812_61616 chosen=<new run> selected=20260220_205705_25314 runs=1 running=20260220_205705_25314
[2026-02-20 21:04:17] tick=414 sid=1771649812_61616 chosen=<new run> selected=20260220_205705_25314 runs=1 running=20260220_205705_25314
[2026-02-20 21:04:18] tick=415 sid=1771649812_61616 chosen=<new run> selected=20260220_205705_25314 runs=1 running=20260220_205705_25314
[2026-02-20 21:04:19] tick=416 sid=1771649812_61616 chosen=<new run> selected=20260220_205705_25314 runs=1 running=20260220_205705_25314
[2026-02-20 21:04:20] tick=417 sid=1771649812_61616 chosen=<new run> selected=20260220_205705_25314 runs=1 running=20260220_205705_25314
[2026-02-20 21:04:21] tick=418 sid=1771649812_61616 chosen=<new run> selected=20260220_205705_25314 runs=1 running=20260220_205705_25314
[2026-02-20 21:04:22] tick=419 sid=1771649812_61616 chosen=<new run> selected=20260220_205705_25314 runs=1 running=20260220_205705_25314
[2026-02-20 21:04:23] tick=420 sid=1771649812_61616 chosen=<new run> selected=20260220_205705_25314 runs=1 running=20260220_205705_25314
[2026-02-20 21:04:24] tick=421 sid=1771649812_61616 chosen=<new run> selected=20260220_205705_25314 runs=1 running=20260220_205705_25314
[2026-02-20 21:04:25] tick=422 sid=1771649812_61616 chosen=<new run> selected=20260220_205705_25314 runs=1 running=20260220_205705_25314
[2026-02-20 21:04:26] tick=423 sid=1771649812_61616 chosen=<new run> selected=20260220_205705_25314 runs=1 running=20260220_205705_25314
[2026-02-20 21:04:27] tick=424 sid=1771649812_61616 chosen=<new run> selected=20260220_205705_25314 runs=1 running=20260220_205705_25314
[2026-02-20 21:04:28] tick=425 sid=1771649812_61616 chosen=<new run> selected=20260220_205705_25314 runs=1 running=20260220_205705_25314
[2026-02-20 21:04:29] tick=426 sid=1771649812_61616 chosen=<new run> selected=20260220_205705_25314 runs=1 running=20260220_205705_25314
[2026-02-20 21:04:30] tick=427 sid=1771649812_61616 chosen=<new run> selected=20260220_205705_25314 runs=1 running=20260220_205705_25314
[2026-02-20 21:04:31] tick=428 sid=1771649812_61616 chosen=<new run> selected=20260220_205705_25314 runs=1 running=20260220_205705_25314
[2026-02-20 21:04:32] tick=429 sid=1771649812_61616 chosen=<new run> selected=20260220_205705_25314 runs=1 running=20260220_205705_25314
[2026-02-20 21:04:34] tick=430 sid=1771649812_61616 chosen=<new run> selected=20260220_205705_25314 runs=1 running=20260220_205705_25314
[2026-02-20 21:04:35] tick=431 sid=1771649812_61616 chosen=<new run> selected=20260220_205705_25314 runs=1 running=20260220_205705_25314
[2026-02-20 21:04:36] tick=432 sid=1771649812_61616 chosen=<new run> selected=20260220_205705_25314 runs=1 running=20260220_205705_25314
[2026-02-20 21:04:37] tick=433 sid=1771649812_61616 chosen=<new run> selected=20260220_205705_25314 runs=1 running=20260220_205705_25314
[2026-02-20 21:04:38] tick=434 sid=1771649812_61616 chosen=<new run> selected=20260220_205705_25314 runs=1 running=20260220_205705_25314
[2026-02-20 21:04:39] tick=435 sid=1771649812_61616 chosen=<new run> selected=20260220_205705_25314 runs=1 running=20260220_205705_25314
[2026-02-20 21:04:40] tick=436 sid=1771649812_61616 chosen=<new run> selected=20260220_205705_25314 runs=1 running=20260220_205705_25314
[2026-02-20 21:04:41] tick=437 sid=1771649812_61616 chosen=<new run> selected=20260220_205705_25314 runs=1 running=20260220_205705_25314
[2026-02-20 21:04:42] tick=438 sid=1771649812_61616 chosen=<new run> selected=20260220_205705_25314 runs=1 running=20260220_205705_25314
[2026-02-20 21:04:43] tick=439 sid=1771649812_61616 chosen=<new run> selected=20260220_205705_25314 runs=1 running=20260220_205705_25314
[2026-02-20 21:04:44] tick=440 sid=1771649812_61616 chosen=<new run> selected=20260220_205705_25314 runs=1 running=20260220_205705_25314
[2026-02-20 21:04:45] tick=441 sid=1771649812_61616 chosen=<new run> selected=20260220_205705_25314 runs=1 running=20260220_205705_25314
[2026-02-20 21:04:46] tick=442 sid=1771649812_61616 chosen=<new run> selected=20260220_205705_25314 runs=1 running=20260220_205705_25314
[2026-02-20 21:04:47] tick=443 sid=1771649812_61616 chosen=<new run> selected=20260220_205705_25314 runs=1 running=20260220_205705_25314
[2026-02-20 21:04:48] tick=444 sid=1771649812_61616 chosen=<new run> selected=20260220_205705_25314 runs=1 running=20260220_205705_25314
[2026-02-20 21:04:49] tick=445 sid=1771649812_61616 chosen=<new run> selected=20260220_205705_25314 runs=1 running=20260220_205705_25314
[2026-02-20 21:04:50] tick=446 sid=1771649812_61616 chosen=<new run> selected=20260220_205705_25314 runs=1 running=20260220_205705_25314
[2026-02-20 21:04:51] tick=447 sid=1771649812_61616 chosen=<new run> selected=20260220_205705_25314 runs=1 running=20260220_205705_25314
[2026-02-20 21:04:52] tick=448 sid=1771649812_61616 chosen=<new run> selected=20260220_205705_25314 runs=1 running=20260220_205705_25314
[2026-02-20 21:04:54] tick=449 sid=1771649812_61616 chosen=<new run> selected=20260220_205705_25314 runs=1 running=20260220_205705_25314
[2026-02-20 21:04:55] tick=450 sid=1771649812_61616 chosen=<new run> selected=20260220_205705_25314 runs=1 running=20260220_205705_25314
[2026-02-20 21:04:56] tick=451 sid=1771649812_61616 chosen=<new run> selected=20260220_205705_25314 runs=1 running=20260220_205705_25314
[2026-02-20 21:04:57] tick=452 sid=1771649812_61616 chosen=<new run> selected=20260220_205705_25314 runs=1 running=20260220_205705_25314
[2026-02-20 21:04:58] tick=453 sid=1771649812_61616 chosen=<new run> selected=20260220_205705_25314 runs=1 running=20260220_205705_25314
[2026-02-20 21:04:59] tick=454 sid=1771649812_61616 chosen=<new run> selected=20260220_205705_25314 runs=1 running=20260220_205705_25314
[2026-02-20 21:05:00] tick=455 sid=1771649812_61616 chosen=<new run> selected=20260220_205705_25314 runs=1 running=20260220_205705_25314
[2026-02-20 21:05:01] tick=456 sid=1771649812_61616 chosen=<new run> selected=20260220_205705_25314 runs=1 running=20260220_205705_25314
[2026-02-20 21:05:02] tick=457 sid=1771649812_61616 chosen=<new run> selected=20260220_205705_25314 runs=1 running=20260220_205705_25314
[2026-02-20 21:05:03] tick=458 sid=1771649812_61616 chosen=<new run> selected=20260220_205705_25314 runs=1 running=20260220_205705_25314
[2026-02-20 21:05:04] tick=459 sid=1771649812_61616 chosen=<new run> selected=20260220_205705_25314 runs=1 running=20260220_205705_25314
[2026-02-20 21:05:05] tick=460 sid=1771649812_61616 chosen=<new run> selected=20260220_205705_25314 runs=1 running=20260220_205705_25314
[2026-02-20 21:05:06] tick=461 sid=1771649812_61616 chosen=<new run> selected=20260220_205705_25314 runs=1 running=20260220_205705_25314
[2026-02-20 21:05:07] tick=462 sid=1771649812_61616 chosen=<new run> selected=20260220_205705_25314 runs=1 running=20260220_205705_25314
[2026-02-20 21:05:08] tick=463 sid=1771649812_61616 chosen=<new run> selected=20260220_205705_25314 runs=1 running=20260220_205705_25314
[2026-02-20 21:05:09] tick=464 sid=1771649812_61616 chosen=<new run> selected=20260220_205705_25314 runs=1 running=20260220_205705_25314
[2026-02-20 21:05:10] tick=465 sid=1771649812_61616 chosen=<new run> selected=20260220_205705_25314 runs=1 running=20260220_205705_25314
[2026-02-20 21:05:11] tick=466 sid=1771649812_61616 chosen=<new run> selected=20260220_205705_25314 runs=1 running=20260220_205705_25314
[2026-02-20 21:05:12] tick=467 sid=1771649812_61616 chosen=<new run> selected=20260220_205705_25314 runs=1 running=20260220_205705_25314
[2026-02-20 21:05:13] tick=468 sid=1771649812_61616 chosen=<new run> selected=20260220_205705_25314 runs=1 running=20260220_205705_25314
[2026-02-20 21:05:14] tick=469 sid=1771649812_61616 chosen=<new run> selected=20260220_205705_25314 runs=1 running=20260220_205705_25314
[2026-02-20 21:05:16] tick=470 sid=1771649812_61616 chosen=<new run> selected=20260220_205705_25314 runs=1 running=20260220_205705_25314
[2026-02-20 21:05:17] tick=471 sid=1771649812_61616 chosen=<new run> selected=20260220_205705_25314 runs=1 running=20260220_205705_25314
[2026-02-20 21:05:18] tick=472 sid=1771649812_61616 chosen=<new run> selected=20260220_205705_25314 runs=1 running=20260220_205705_25314
[2026-02-20 21:05:19] tick=473 sid=1771649812_61616 chosen=<new run> selected=20260220_205705_25314 runs=1 running=20260220_205705_25314
[2026-02-20 21:05:20] tick=474 sid=1771649812_61616 chosen=<new run> selected=20260220_205705_25314 runs=1 running=20260220_205705_25314
[2026-02-20 21:05:21] tick=475 sid=1771649812_61616 chosen=<new run> selected=20260220_205705_25314 runs=1 running=20260220_205705_25314
[2026-02-20 21:05:22] tick=476 sid=1771649812_61616 chosen=<new run> selected=20260220_205705_25314 runs=1 running=20260220_205705_25314
[2026-02-20 21:05:23] tick=477 sid=1771649812_61616 chosen=<new run> selected=20260220_205705_25314 runs=1 running=20260220_205705_25314
[2026-02-20 21:05:24] tick=478 sid=1771649812_61616 chosen=<new run> selected=20260220_205705_25314 runs=1 running=20260220_205705_25314
[2026-02-20 21:05:25] tick=479 sid=1771649812_61616 chosen=<new run> selected=20260220_205705_25314 runs=1 running=20260220_205705_25314
[2026-02-20 21:05:26] tick=480 sid=1771649812_61616 chosen=<new run> selected=20260220_205705_25314 runs=1 running=20260220_205705_25314
[2026-02-20 21:05:27] tick=481 sid=1771649812_61616 chosen=<new run> selected=20260220_205705_25314 runs=1 running=20260220_205705_25314
[2026-02-20 21:05:28] tick=482 sid=1771649812_61616 chosen=<new run> selected=20260220_205705_25314 runs=1 running=20260220_205705_25314
[2026-02-20 21:05:29] tick=483 sid=1771649812_61616 chosen=<new run> selected=20260220_205705_25314 runs=1 running=20260220_205705_25314
[2026-02-20 21:05:30] tick=484 sid=1771649812_61616 chosen=<new run> selected=20260220_205705_25314 runs=1 running=20260220_205705_25314
[2026-02-20 21:05:31] tick=485 sid=1771649812_61616 chosen=<new run> selected=20260220_205705_25314 runs=1 running=20260220_205705_25314
[2026-02-20 21:05:32] tick=486 sid=1771649812_61616 chosen=<new run> selected=20260220_205705_25314 runs=1 running=20260220_205705_25314
[2026-02-20 21:05:33] tick=487 sid=1771649812_61616 chosen=<new run> selected=20260220_205705_25314 runs=1 running=20260220_205705_25314
[2026-02-20 21:05:34] tick=488 sid=1771649812_61616 chosen=<new run> selected=20260220_205705_25314 runs=1 running=20260220_205705_25314
[2026-02-20 21:05:35] tick=489 sid=1771649812_61616 chosen=<new run> selected=20260220_205705_25314 runs=1 running=20260220_205705_25314
[2026-02-20 21:05:36] tick=490 sid=1771649812_61616 chosen=<new run> selected=20260220_205705_25314 runs=1 running=20260220_205705_25314
[2026-02-20 21:05:38] tick=491 sid=1771649812_61616 chosen=<new run> selected=20260220_205705_25314 runs=1 running=20260220_205705_25314
[2026-02-20 21:05:39] tick=492 sid=1771649812_61616 chosen=<new run> selected=20260220_205705_25314 runs=1 running=20260220_205705_25314
[2026-02-20 21:05:40] tick=493 sid=1771649812_61616 chosen=<new run> selected=20260220_205705_25314 runs=1 running=20260220_205705_25314
[2026-02-20 21:05:41] tick=494 sid=1771649812_61616 chosen=<new run> selected=20260220_205705_25314 runs=1 running=20260220_205705_25314
[2026-02-20 21:05:42] tick=495 sid=1771649812_61616 chosen=<new run> selected=20260220_205705_25314 runs=1 running=20260220_205705_25314
[2026-02-20 21:05:43] tick=496 sid=1771649812_61616 chosen=<new run> selected=20260220_205705_25314 runs=1 running=20260220_205705_25314
[2026-02-20 21:05:44] tick=497 sid=1771649812_61616 chosen=<new run> selected=20260220_205705_25314 runs=1 running=20260220_205705_25314
[2026-02-20 21:05:45] tick=498 sid=1771649812_61616 chosen=<new run> selected=20260220_205705_25314 runs=1 running=20260220_205705_25314
[2026-02-20 21:05:46] tick=499 sid=1771649812_61616 chosen=<new run> selected=20260220_205705_25314 runs=1 running=20260220_205705_25314
[2026-02-20 21:05:47] tick=500 sid=1771649812_61616 chosen=<new run> selected=20260220_205705_25314 runs=1 running=20260220_205705_25314
[2026-02-20 21:05:48] tick=501 sid=1771649812_61616 chosen=<new run> selected=20260220_205705_25314 runs=1 running=20260220_205705_25314
[2026-02-20 21:05:49] tick=502 sid=1771649812_61616 chosen=<new run> selected=20260220_205705_25314 runs=1 running=20260220_205705_25314
[2026-02-20 21:05:50] tick=503 sid=1771649812_61616 chosen=<new run> selected=20260220_205705_25314 runs=1 running=20260220_205705_25314
[2026-02-20 21:05:51] tick=504 sid=1771649812_61616 chosen=<new run> selected=20260220_205705_25314 runs=1 running=20260220_205705_25314
[2026-02-20 21:05:52] tick=505 sid=1771649812_61616 chosen=<new run> selected=20260220_205705_25314 runs=1 running=20260220_205705_25314
[2026-02-20 21:05:53] tick=506 sid=1771649812_61616 chosen=<new run> selected=20260220_205705_25314 runs=1 running=20260220_205705_25314
[2026-02-20 21:05:54] tick=507 sid=1771649812_61616 chosen=<new run> selected=20260220_205705_25314 runs=1 running=20260220_205705_25314
[2026-02-20 21:05:55] tick=508 sid=1771649812_61616 chosen=<new run> selected=20260220_205705_25314 runs=1 running=20260220_205705_25314
[2026-02-20 21:05:56] tick=509 sid=1771649812_61616 chosen=<new run> selected=20260220_205705_25314 runs=1 running=20260220_205705_25314
[2026-02-20 21:05:58] tick=510 sid=1771649812_61616 chosen=<new run> selected=20260220_205705_25314 runs=1 running=20260220_205705_25314
[2026-02-20 21:05:59] tick=511 sid=1771649812_61616 chosen=<new run> selected=20260220_205705_25314 runs=1 running=20260220_205705_25314
[2026-02-20 21:06:00] tick=512 sid=1771649812_61616 chosen=<new run> selected=20260220_205705_25314 runs=1 running=20260220_205705_25314
[2026-02-20 21:06:01] tick=513 sid=1771649812_61616 chosen=<new run> selected=20260220_205705_25314 runs=1 running=20260220_205705_25314
[2026-02-20 21:06:02] tick=514 sid=1771649812_61616 chosen=<new run> selected=20260220_205705_25314 runs=1 running=20260220_205705_25314
[2026-02-20 21:06:03] tick=515 sid=1771649812_61616 chosen=<new run> selected=20260220_205705_25314 runs=1 running=20260220_205705_25314
[2026-02-20 21:06:04] tick=516 sid=1771649812_61616 chosen=<new run> selected=20260220_205705_25314 runs=1 running=20260220_205705_25314
[2026-02-20 21:06:05] tick=517 sid=1771649812_61616 chosen=<new run> selected=20260220_205705_25314 runs=1 running=20260220_205705_25314
[2026-02-20 21:06:06] tick=518 sid=1771649812_61616 chosen=<new run> selected=20260220_205705_25314 runs=1 running=20260220_205705_25314
[2026-02-20 21:06:07] tick=519 sid=1771649812_61616 chosen=<new run> selected=20260220_205705_25314 runs=1 running=20260220_205705_25314
[2026-02-20 21:06:08] tick=520 sid=1771649812_61616 chosen=<new run> selected=20260220_205705_25314 runs=1 running=20260220_205705_25314
[2026-02-20 21:06:09] tick=521 sid=1771649812_61616 chosen=<new run> selected=20260220_205705_25314 runs=1 running=20260220_205705_25314
[2026-02-20 21:06:10] tick=522 sid=1771649812_61616 chosen=<new run> selected=20260220_205705_25314 runs=1 running=20260220_205705_25314
[2026-02-20 21:06:11] tick=523 sid=1771649812_61616 chosen=<new run> selected=20260220_205705_25314 runs=1 running=20260220_205705_25314
[2026-02-20 21:06:12] tick=524 sid=1771649812_61616 chosen=<new run> selected=20260220_205705_25314 runs=1 running=20260220_205705_25314
[2026-02-20 21:06:13] tick=525 sid=1771649812_61616 chosen=<new run> selected=20260220_205705_25314 runs=1 running=20260220_205705_25314
[2026-02-20 21:06:14] tick=526 sid=1771649812_61616 chosen=<new run> selected=20260220_205705_25314 runs=1 running=20260220_205705_25314
[2026-02-20 21:06:15] tick=527 sid=1771649812_61616 chosen=<new run> selected=20260220_205705_25314 runs=1 running=20260220_205705_25314
[2026-02-20 21:06:16] tick=528 sid=1771649812_61616 chosen=<new run> selected=20260220_205705_25314 runs=1 running=20260220_205705_25314
[2026-02-20 21:06:17] tick=529 sid=1771649812_61616 chosen=<new run> selected=20260220_205705_25314 runs=1 running=20260220_205705_25314
[2026-02-20 21:06:19] tick=530 sid=1771649812_61616 chosen=<new run> selected=20260220_205705_25314 runs=1 running=20260220_205705_25314
[2026-02-20 21:06:20] tick=531 sid=1771649812_61616 chosen=<new run> selected=20260220_205705_25314 runs=1 running=20260220_205705_25314
[2026-02-20 21:06:21] tick=532 sid=1771649812_61616 chosen=<new run> selected=20260220_205705_25314 runs=1 running=20260220_205705_25314
[2026-02-20 21:06:22] tick=533 sid=1771649812_61616 chosen=<new run> selected=20260220_205705_25314 runs=1 running=20260220_205705_25314
[2026-02-20 21:06:23] tick=534 sid=1771649812_61616 chosen=<new run> selected=20260220_205705_25314 runs=1 running=20260220_205705_25314
[2026-02-20 21:06:24] tick=535 sid=1771649812_61616 chosen=<new run> selected=20260220_205705_25314 runs=1 running=20260220_205705_25314
[2026-02-20 21:06:25] tick=536 sid=1771649812_61616 chosen=<new run> selected=20260220_205705_25314 runs=1 running=20260220_205705_25314
[2026-02-20 21:06:26] tick=537 sid=1771649812_61616 chosen=<new run> selected=20260220_205705_25314 runs=1 running=20260220_205705_25314
[2026-02-20 21:06:27] tick=538 sid=1771649812_61616 chosen=<new run> selected=20260220_205705_25314 runs=1 running=20260220_205705_25314
[2026-02-20 21:06:28] tick=539 sid=1771649812_61616 chosen=<new run> selected=20260220_205705_25314 runs=1 running=20260220_205705_25314
[2026-02-20 21:06:29] tick=540 sid=1771649812_61616 chosen=<new run> selected=20260220_205705_25314 runs=1 running=20260220_205705_25314
[2026-02-20 21:06:30] tick=541 sid=1771649812_61616 chosen=<new run> selected=20260220_205705_25314 runs=1 running=20260220_205705_25314
[2026-02-20 21:06:31] tick=542 sid=1771649812_61616 chosen=<new run> selected=20260220_205705_25314 runs=1 running=20260220_205705_25314
[2026-02-20 21:06:32] tick=543 sid=1771649812_61616 chosen=<new run> selected=20260220_205705_25314 runs=1 running=20260220_205705_25314
[2026-02-20 21:06:33] tick=544 sid=1771649812_61616 chosen=<new run> selected=20260220_205705_25314 runs=1 running=20260220_205705_25314
[2026-02-20 21:06:34] tick=545 sid=1771649812_61616 chosen=<new run> selected=20260220_205705_25314 runs=1 running=20260220_205705_25314
[2026-02-20 21:06:35] tick=546 sid=1771649812_61616 chosen=<new run> selected=20260220_205705_25314 runs=1 running=20260220_205705_25314
[2026-02-20 21:06:36] tick=547 sid=1771649812_61616 chosen=<new run> selected=20260220_205705_25314 runs=1 running=20260220_205705_25314
[2026-02-20 21:06:37] tick=548 sid=1771649812_61616 chosen=<new run> selected=20260220_205705_25314 runs=1 running=20260220_205705_25314
[2026-02-20 21:06:38] tick=549 sid=1771649812_61616 chosen=<new run> selected=20260220_205705_25314 runs=1 running=20260220_205705_25314
[2026-02-20 21:06:40] tick=550 sid=1771649812_61616 chosen=<new run> selected=20260220_205705_25314 runs=1 running=20260220_205705_25314
[2026-02-20 21:06:41] tick=551 sid=1771649812_61616 chosen=<new run> selected=20260220_205705_25314 runs=1 running=20260220_205705_25314
[2026-02-20 21:06:42] tick=552 sid=1771649812_61616 chosen=<new run> selected=20260220_205705_25314 runs=1 running=20260220_205705_25314
[2026-02-20 21:06:43] tick=553 sid=1771649812_61616 chosen=<new run> selected=20260220_205705_25314 runs=1 running=20260220_205705_25314
[2026-02-20 21:06:44] tick=554 sid=1771649812_61616 chosen=<new run> selected=20260220_205705_25314 runs=1 running=20260220_205705_25314
[2026-02-20 21:06:45] tick=555 sid=1771649812_61616 chosen=<new run> selected=20260220_205705_25314 runs=1 running=20260220_205705_25314
[2026-02-20 21:06:46] tick=556 sid=1771649812_61616 chosen=<new run> selected=20260220_205705_25314 runs=1 running=20260220_205705_25314
[2026-02-20 21:06:47] tick=557 sid=1771649812_61616 chosen=<new run> selected=20260220_205705_25314 runs=1 running=20260220_205705_25314
[2026-02-20 21:06:48] tick=558 sid=1771649812_61616 chosen=<new run> selected=20260220_205705_25314 runs=1 running=20260220_205705_25314
[2026-02-20 21:06:49] tick=559 sid=1771649812_61616 chosen=<new run> selected=20260220_205705_25314 runs=1 running=20260220_205705_25314
[2026-02-20 21:06:50] tick=560 sid=1771649812_61616 chosen=<new run> selected=20260220_205705_25314 runs=1 running=20260220_205705_25314
[2026-02-20 21:06:51] tick=561 sid=1771649812_61616 chosen=<new run> selected=20260220_205705_25314 runs=1 running=20260220_205705_25314
[2026-02-20 21:06:52] tick=562 sid=1771649812_61616 chosen=<new run> selected=20260220_205705_25314 runs=1 running=20260220_205705_25314
[2026-02-20 21:06:53] tick=563 sid=1771649812_61616 chosen=<new run> selected=20260220_205705_25314 runs=1 running=20260220_205705_25314
[2026-02-20 21:06:54] tick=564 sid=1771649812_61616 chosen=<new run> selected=20260220_205705_25314 runs=1 running=20260220_205705_25314
[2026-02-20 21:06:55] tick=565 sid=1771649812_61616 chosen=<new run> selected=20260220_205705_25314 runs=1 running=20260220_205705_25314
[2026-02-20 21:06:56] tick=566 sid=1771649812_61616 chosen=<new run> selected=20260220_205705_25314 runs=1 running=20260220_205705_25314
[2026-02-20 21:06:57] tick=567 sid=1771649812_61616 chosen=<new run> selected=20260220_205705_25314 runs=1 running=20260220_205705_25314
[2026-02-20 21:06:58] tick=568 sid=1771649812_61616 chosen=<new run> selected=20260220_205705_25314 runs=1 running=20260220_205705_25314
[2026-02-20 21:06:59] tick=569 sid=1771649812_61616 chosen=<new run> selected=20260220_205705_25314 runs=1 running=20260220_205705_25314
[2026-02-20 21:07:00] tick=570 sid=1771649812_61616 chosen=<new run> selected=20260220_205705_25314 runs=1 running=20260220_205705_25314
[2026-02-20 21:07:01] tick=571 sid=1771649812_61616 chosen=<new run> selected=20260220_205705_25314 runs=1 running=20260220_205705_25314
[2026-02-20 21:07:03] tick=572 sid=1771649812_61616 chosen=<new run> selected=20260220_205705_25314 runs=1 running=20260220_205705_25314
[2026-02-20 21:07:04] tick=573 sid=1771649812_61616 chosen=<new run> selected=20260220_205705_25314 runs=1 running=20260220_205705_25314
[2026-02-20 21:07:05] tick=574 sid=1771649812_61616 chosen=<new run> selected=20260220_205705_25314 runs=1 running=20260220_205705_25314
[2026-02-20 21:07:06] tick=575 sid=1771649812_61616 chosen=<new run> selected=20260220_205705_25314 runs=1 running=20260220_205705_25314
[2026-02-20 21:07:07] tick=576 sid=1771649812_61616 chosen=<new run> selected=20260220_205705_25314 runs=1 running=20260220_205705_25314
[2026-02-20 21:07:08] tick=577 sid=1771649812_61616 chosen=<new run> selected=20260220_205705_25314 runs=1 running=20260220_205705_25314
[2026-02-20 21:07:09] tick=578 sid=1771649812_61616 chosen=<new run> selected=20260220_205705_25314 runs=1 running=20260220_205705_25314
[2026-02-20 21:07:10] tick=579 sid=1771649812_61616 chosen=<new run> selected=20260220_205705_25314 runs=1 running=20260220_205705_25314
[2026-02-20 21:07:11] tick=580 sid=1771649812_61616 chosen=<new run> selected=20260220_205705_25314 runs=1 running=20260220_205705_25314
[2026-02-20 21:07:12] tick=581 sid=1771649812_61616 chosen=<new run> selected=20260220_205705_25314 runs=1 running=20260220_205705_25314
[2026-02-20 21:07:13] tick=582 sid=1771649812_61616 chosen=<new run> selected=20260220_205705_25314 runs=1 running=20260220_205705_25314
[2026-02-20 21:07:14] tick=583 sid=1771649812_61616 chosen=<new run> selected=20260220_205705_25314 runs=1 running=20260220_205705_25314
[2026-02-20 21:07:15] tick=584 sid=1771649812_61616 chosen=<new run> selected=20260220_205705_25314 runs=1 running=20260220_205705_25314
[2026-02-20 21:07:16] tick=585 sid=1771649812_61616 chosen=<new run> selected=20260220_205705_25314 runs=1 running=20260220_205705_25314
[2026-02-20 21:07:17] tick=586 sid=1771649812_61616 chosen=<new run> selected=20260220_205705_25314 runs=1 running=20260220_205705_25314
[2026-02-20 21:07:18] tick=587 sid=1771649812_61616 chosen=<new run> selected=20260220_205705_25314 runs=1 running=20260220_205705_25314
[2026-02-20 21:07:19] tick=588 sid=1771649812_61616 chosen=<new run> selected=20260220_205705_25314 runs=1 running=20260220_205705_25314
[2026-02-20 21:07:20] tick=589 sid=1771649812_61616 chosen=<new run> selected=20260220_205705_25314 runs=1 running=20260220_205705_25314
[2026-02-20 21:07:21] tick=590 sid=1771649812_61616 chosen=<new run> selected=20260220_205705_25314 runs=1 running=20260220_205705_25314
[2026-02-20 21:07:22] tick=591 sid=1771649812_61616 chosen=<new run> selected=20260220_205705_25314 runs=1 running=20260220_205705_25314
[2026-02-20 21:07:24] tick=592 sid=1771649812_61616 chosen=<new run> selected=20260220_205705_25314 runs=1 running=20260220_205705_25314
[2026-02-20 21:07:25] tick=593 sid=1771649812_61616 chosen=<new run> selected=20260220_205705_25314 runs=1 running=20260220_205705_25314
[2026-02-20 21:07:26] tick=594 sid=1771649812_61616 chosen=<new run> selected=20260220_205705_25314 runs=1 running=20260220_205705_25314
[2026-02-20 21:07:27] tick=595 sid=1771649812_61616 chosen=<new run> selected=20260220_205705_25314 runs=1 running=20260220_205705_25314
[2026-02-20 21:07:28] tick=596 sid=1771649812_61616 chosen=<new run> selected=20260220_205705_25314 runs=1 running=20260220_205705_25314
[2026-02-20 21:07:29] tick=597 sid=1771649812_61616 chosen=<new run> selected=20260220_205705_25314 runs=1 running=20260220_205705_25314
[2026-02-20 21:07:30] tick=598 sid=1771649812_61616 chosen=<new run> selected=20260220_205705_25314 runs=1 running=20260220_205705_25314
[2026-02-20 21:07:31] tick=599 sid=1771649812_61616 chosen=<new run> selected=20260220_205705_25314 runs=1 running=20260220_205705_25314
[2026-02-20 21:07:32] tick=600 sid=1771649812_61616 chosen=<new run> selected=20260220_205705_25314 runs=1 running=20260220_205705_25314
[2026-02-20 21:07:33] tick=601 sid=1771649812_61616 chosen=<new run> selected=20260220_205705_25314 runs=1 running=20260220_205705_25314
[2026-02-20 21:07:34] tick=602 sid=1771649812_61616 chosen=<new run> selected=20260220_205705_25314 runs=1 running=20260220_205705_25314
[2026-02-20 21:07:35] tick=603 sid=1771649812_61616 chosen=<new run> selected=20260220_205705_25314 runs=1 running=20260220_205705_25314
[2026-02-20 21:07:36] tick=604 sid=1771649812_61616 chosen=<new run> selected=20260220_205705_25314 runs=1 running=20260220_205705_25314
[2026-02-20 21:07:37] tick=605 sid=1771649812_61616 chosen=<new run> selected=20260220_205705_25314 runs=1 running=20260220_205705_25314
[2026-02-20 21:07:38] tick=606 sid=1771649812_61616 chosen=<new run> selected=20260220_205705_25314 runs=1 running=20260220_205705_25314
[2026-02-20 21:07:39] tick=607 sid=1771649812_61616 chosen=<new run> selected=20260220_205705_25314 runs=1 running=20260220_205705_25314
[2026-02-20 21:07:40] tick=608 sid=1771649812_61616 chosen=<new run> selected=20260220_205705_25314 runs=1 running=20260220_205705_25314
[2026-02-20 21:07:41] tick=609 sid=1771649812_61616 chosen=<new run> selected=20260220_205705_25314 runs=1 running=20260220_205705_25314
[2026-02-20 21:07:42] tick=610 sid=1771649812_61616 chosen=<new run> selected=20260220_205705_25314 runs=1 running=20260220_205705_25314
[2026-02-20 21:07:43] tick=611 sid=1771649812_61616 chosen=<new run> selected=20260220_205705_25314 runs=1 running=20260220_205705_25314
[2026-02-20 21:07:45] tick=612 sid=1771649812_61616 chosen=<new run> selected=20260220_205705_25314 runs=1 running=20260220_205705_25314
[2026-02-20 21:07:46] tick=613 sid=1771649812_61616 chosen=<new run> selected=20260220_205705_25314 runs=1 running=20260220_205705_25314
[2026-02-20 21:07:47] tick=614 sid=1771649812_61616 chosen=<new run> selected=20260220_205705_25314 runs=1 running=20260220_205705_25314
[2026-02-20 21:07:48] tick=615 sid=1771649812_61616 chosen=<new run> selected=20260220_205705_25314 runs=1 running=20260220_205705_25314
[2026-02-20 21:07:49] tick=616 sid=1771649812_61616 chosen=<new run> selected=20260220_205705_25314 runs=1 running=20260220_205705_25314
[2026-02-20 21:07:50] tick=617 sid=1771649812_61616 chosen=<new run> selected=20260220_205705_25314 runs=1 running=20260220_205705_25314
[2026-02-20 21:07:51] tick=618 sid=1771649812_61616 chosen=<new run> selected=20260220_205705_25314 runs=1 running=20260220_205705_25314
[2026-02-20 21:07:52] tick=619 sid=1771649812_61616 chosen=<new run> selected=20260220_205705_25314 runs=1 running=20260220_205705_25314
[2026-02-20 21:07:53] tick=620 sid=1771649812_61616 chosen=<new run> selected=20260220_205705_25314 runs=1 running=20260220_205705_25314
[2026-02-20 21:07:54] tick=621 sid=1771649812_61616 chosen=<new run> selected=20260220_205705_25314 runs=1 running=20260220_205705_25314
[2026-02-20 21:07:55] tick=622 sid=1771649812_61616 chosen=<new run> selected=20260220_205705_25314 runs=1 running=20260220_205705_25314
[2026-02-20 21:07:56] tick=623 sid=1771649812_61616 chosen=<new run> selected=20260220_205705_25314 runs=1 running=20260220_205705_25314
[2026-02-20 21:07:57] tick=624 sid=1771649812_61616 chosen=<new run> selected=20260220_205705_25314 runs=1 running=20260220_205705_25314
[2026-02-20 21:07:58] tick=625 sid=1771649812_61616 chosen=<new run> selected=20260220_205705_25314 runs=1 running=20260220_205705_25314
[2026-02-20 21:07:59] tick=626 sid=1771649812_61616 chosen=<new run> selected=20260220_205705_25314 runs=1 running=20260220_205705_25314
[2026-02-20 21:08:00] tick=627 sid=1771649812_61616 chosen=<new run> selected=20260220_205705_25314 runs=1 running=20260220_205705_25314
[2026-02-20 21:08:01] tick=628 sid=1771649812_61616 chosen=<new run> selected=20260220_205705_25314 runs=1 running=20260220_205705_25314
[2026-02-20 21:08:02] tick=629 sid=1771649812_61616 chosen=<new run> selected=20260220_205705_25314 runs=1 running=20260220_205705_25314
[2026-02-20 21:08:03] tick=630 sid=1771649812_61616 chosen=<new run> selected=20260220_205705_25314 runs=1 running=20260220_205705_25314
[2026-02-20 21:08:04] tick=631 sid=1771649812_61616 chosen=<new run> selected=20260220_205705_25314 runs=1 running=20260220_205705_25314
[2026-02-20 21:08:05] tick=632 sid=1771649812_61616 chosen=<new run> selected=20260220_205705_25314 runs=1 running=20260220_205705_25314
[2026-02-20 21:08:07] tick=633 sid=1771649812_61616 chosen=<new run> selected=20260220_205705_25314 runs=1 running=20260220_205705_25314
[2026-02-20 21:08:08] tick=634 sid=1771649812_61616 chosen=<new run> selected=20260220_205705_25314 runs=1 running=20260220_205705_25314
[2026-02-20 21:08:09] tick=635 sid=1771649812_61616 chosen=<new run> selected=20260220_205705_25314 runs=1 running=20260220_205705_25314
[2026-02-20 21:08:10] tick=636 sid=1771649812_61616 chosen=<new run> selected=20260220_205705_25314 runs=1 running=20260220_205705_25314
[2026-02-20 21:08:11] tick=637 sid=1771649812_61616 chosen=<new run> selected=20260220_205705_25314 runs=1 running=20260220_205705_25314
[2026-02-20 21:08:12] tick=638 sid=1771649812_61616 chosen=<new run> selected=20260220_205705_25314 runs=1 running=20260220_205705_25314
[2026-02-20 21:08:13] tick=639 sid=1771649812_61616 chosen=<new run> selected=20260220_205705_25314 runs=1 running=20260220_205705_25314
[2026-02-20 21:08:14] tick=640 sid=1771649812_61616 chosen=<new run> selected=20260220_205705_25314 runs=1 running=20260220_205705_25314
[2026-02-20 21:08:15] tick=641 sid=1771649812_61616 chosen=<new run> selected=20260220_205705_25314 runs=1 running=20260220_205705_25314
[2026-02-20 21:08:16] tick=642 sid=1771649812_61616 chosen=<new run> selected=20260220_205705_25314 runs=1 running=20260220_205705_25314
[2026-02-20 21:08:17] tick=643 sid=1771649812_61616 chosen=<new run> selected=20260220_205705_25314 runs=1 running=20260220_205705_25314
[2026-02-20 21:08:18] tick=644 sid=1771649812_61616 chosen=<new run> selected=20260220_205705_25314 runs=1 running=20260220_205705_25314
[2026-02-20 21:08:19] tick=645 sid=1771649812_61616 chosen=<new run> selected=20260220_205705_25314 runs=1 running=20260220_205705_25314
[2026-02-20 21:08:20] tick=646 sid=1771649812_61616 chosen=<new run> selected=20260220_205705_25314 runs=1 running=20260220_205705_25314
[2026-02-20 21:08:21] tick=647 sid=1771649812_61616 chosen=<new run> selected=20260220_205705_25314 runs=1 running=20260220_205705_25314
[2026-02-20 21:08:22] tick=648 sid=1771649812_61616 chosen=<new run> selected=20260220_205705_25314 runs=1 running=20260220_205705_25314
[2026-02-20 21:08:23] tick=649 sid=1771649812_61616 chosen=<new run> selected=20260220_205705_25314 runs=1 running=20260220_205705_25314
[2026-02-20 21:08:24] tick=650 sid=1771649812_61616 chosen=<new run> selected=20260220_205705_25314 runs=1 running=20260220_205705_25314
[2026-02-20 21:08:25] tick=651 sid=1771649812_61616 chosen=<new run> selected=20260220_205705_25314 runs=1 running=20260220_205705_25314
[2026-02-20 21:08:26] tick=652 sid=1771649812_61616 chosen=<new run> selected=20260220_205705_25314 runs=1 running=20260220_205705_25314
[2026-02-20 21:08:28] tick=653 sid=1771649812_61616 chosen=<new run> selected=20260220_205705_25314 runs=1 running=20260220_205705_25314
[2026-02-20 21:08:29] tick=654 sid=1771649812_61616 chosen=<new run> selected=20260220_205705_25314 runs=1 running=20260220_205705_25314
[2026-02-20 21:08:30] tick=655 sid=1771649812_61616 chosen=<new run> selected=20260220_205705_25314 runs=1 running=20260220_205705_25314
[2026-02-20 21:08:31] tick=656 sid=1771649812_61616 chosen=<new run> selected=20260220_205705_25314 runs=1 running=20260220_205705_25314
[2026-02-20 21:08:32] tick=657 sid=1771649812_61616 chosen=<new run> selected=20260220_205705_25314 runs=1 running=20260220_205705_25314
[2026-02-20 21:08:33] tick=658 sid=1771649812_61616 chosen=<new run> selected=20260220_205705_25314 runs=1 running=20260220_205705_25314
[2026-02-20 21:08:34] tick=659 sid=1771649812_61616 chosen=<new run> selected=20260220_205705_25314 runs=1 running=20260220_205705_25314
[2026-02-20 21:08:35] tick=660 sid=1771649812_61616 chosen=<new run> selected=20260220_205705_25314 runs=1 running=20260220_205705_25314
[2026-02-20 21:08:36] tick=661 sid=1771649812_61616 chosen=<new run> selected=20260220_205705_25314 runs=1 running=20260220_205705_25314
[2026-02-20 21:08:37] tick=662 sid=1771649812_61616 chosen=<new run> selected=20260220_205705_25314 runs=1 running=20260220_205705_25314
[2026-02-20 21:08:38] tick=663 sid=1771649812_61616 chosen=<new run> selected=20260220_205705_25314 runs=1 running=20260220_205705_25314
[2026-02-20 21:08:39] tick=664 sid=1771649812_61616 chosen=<new run> selected=20260220_205705_25314 runs=1 running=20260220_205705_25314
[2026-02-20 21:08:40] tick=665 sid=1771649812_61616 chosen=<new run> selected=20260220_205705_25314 runs=1 running=20260220_205705_25314
[2026-02-20 21:08:41] tick=666 sid=1771649812_61616 chosen=<new run> selected=20260220_205705_25314 runs=1 running=20260220_205705_25314
[2026-02-20 21:08:42] tick=667 sid=1771649812_61616 chosen=<new run> selected=20260220_205705_25314 runs=1 running=20260220_205705_25314
[2026-02-20 21:08:43] tick=668 sid=1771649812_61616 chosen=<new run> selected=20260220_205705_25314 runs=1 running=20260220_205705_25314
[2026-02-20 21:08:44] tick=669 sid=1771649812_61616 chosen=<new run> selected=20260220_205705_25314 runs=1 running=20260220_205705_25314
[2026-02-20 21:08:45] tick=670 sid=1771649812_61616 chosen=<new run> selected=20260220_205705_25314 runs=1 running=20260220_205705_25314
[2026-02-20 21:08:46] tick=671 sid=1771649812_61616 chosen=<new run> selected=20260220_205705_25314 runs=1 running=20260220_205705_25314
[2026-02-20 21:08:47] tick=672 sid=1771649812_61616 chosen=<new run> selected=20260220_205705_25314 runs=1 running=20260220_205705_25314
[2026-02-20 21:08:49] tick=673 sid=1771649812_61616 chosen=<new run> selected=20260220_205705_25314 runs=1 running=20260220_205705_25314
[2026-02-20 21:08:50] tick=674 sid=1771649812_61616 chosen=<new run> selected=20260220_205705_25314 runs=1 running=20260220_205705_25314
[2026-02-20 21:08:51] tick=675 sid=1771649812_61616 chosen=<new run> selected=20260220_205705_25314 runs=1 running=20260220_205705_25314
[2026-02-20 21:08:52] tick=676 sid=1771649812_61616 chosen=<new run> selected=20260220_205705_25314 runs=1 running=20260220_205705_25314
[2026-02-20 21:08:53] tick=677 sid=1771649812_61616 chosen=<new run> selected=20260220_205705_25314 runs=1 running=20260220_205705_25314
[2026-02-20 21:08:54] tick=678 sid=1771649812_61616 chosen=<new run> selected=20260220_205705_25314 runs=1 running=20260220_205705_25314
[2026-02-20 21:08:55] tick=679 sid=1771649812_61616 chosen=<new run> selected=20260220_205705_25314 runs=1 running=20260220_205705_25314
[2026-02-20 21:08:56] tick=680 sid=1771649812_61616 chosen=<new run> selected=20260220_205705_25314 runs=1 running=20260220_205705_25314
[2026-02-20 21:08:57] tick=681 sid=1771649812_61616 chosen=<new run> selected=20260220_205705_25314 runs=1 running=20260220_205705_25314
[2026-02-20 21:08:58] tick=682 sid=1771649812_61616 chosen=<new run> selected=20260220_205705_25314 runs=1 running=20260220_205705_25314
[2026-02-20 21:08:59] tick=683 sid=1771649812_61616 chosen=<new run> selected=20260220_205705_25314 runs=1 running=20260220_205705_25314
[2026-02-20 21:09:00] tick=684 sid=1771649812_61616 chosen=<new run> selected=20260220_205705_25314 runs=1 running=20260220_205705_25314
[2026-02-20 21:09:01] tick=685 sid=1771649812_61616 chosen=<new run> selected=20260220_205705_25314 runs=1 running=20260220_205705_25314
[2026-02-20 21:09:02] tick=686 sid=1771649812_61616 chosen=<new run> selected=20260220_205705_25314 runs=1 running=20260220_205705_25314
[2026-02-20 21:09:03] tick=687 sid=1771649812_61616 chosen=<new run> selected=20260220_205705_25314 runs=1 running=20260220_205705_25314
[2026-02-20 21:09:04] tick=688 sid=1771649812_61616 chosen=<new run> selected=20260220_205705_25314 runs=1 running=20260220_205705_25314
[2026-02-20 21:09:05] tick=689 sid=1771649812_61616 chosen=<new run> selected=20260220_205705_25314 runs=1 running=20260220_205705_25314
[2026-02-20 21:09:06] tick=690 sid=1771649812_61616 chosen=<new run> selected=20260220_205705_25314 runs=1 running=20260220_205705_25314
[2026-02-20 21:09:07] tick=691 sid=1771649812_61616 chosen=<new run> selected=20260220_205705_25314 runs=1 running=20260220_205705_25314
[2026-02-20 21:09:09] tick=692 sid=1771649812_61616 chosen=<new run> selected=20260220_205705_25314 runs=1 running=20260220_205705_25314
[2026-02-20 21:09:10] tick=693 sid=1771649812_61616 chosen=<new run> selected=20260220_205705_25314 runs=1 running=20260220_205705_25314
[2026-02-20 21:09:11] tick=694 sid=1771649812_61616 chosen=<new run> selected=20260220_205705_25314 runs=1 running=20260220_205705_25314
[2026-02-20 21:09:12] tick=695 sid=1771649812_61616 chosen=<new run> selected=20260220_205705_25314 runs=1 running=20260220_205705_25314
[2026-02-20 21:09:13] tick=696 sid=1771649812_61616 chosen=<new run> selected=20260220_205705_25314 runs=1 running=20260220_205705_25314
[2026-02-20 21:09:14] tick=697 sid=1771649812_61616 chosen=<new run> selected=20260220_205705_25314 runs=1 running=20260220_205705_25314
[2026-02-20 21:09:15] tick=698 sid=1771649812_61616 chosen=<new run> selected=20260220_205705_25314 runs=1 running=20260220_205705_25314
[2026-02-20 21:09:16] tick=699 sid=1771649812_61616 chosen=<new run> selected=20260220_205705_25314 runs=1 running=20260220_205705_25314
[2026-02-20 21:09:17] tick=700 sid=1771649812_61616 chosen=<new run> selected=20260220_205705_25314 runs=1 running=20260220_205705_25314
[2026-02-20 21:09:18] tick=701 sid=1771649812_61616 chosen=<new run> selected=20260220_205705_25314 runs=1 running=20260220_205705_25314
[2026-02-20 21:09:19] tick=702 sid=1771649812_61616 chosen=<new run> selected=20260220_205705_25314 runs=1 running=20260220_205705_25314
[2026-02-20 21:09:20] tick=703 sid=1771649812_61616 chosen=<new run> selected=20260220_205705_25314 runs=1 running=20260220_205705_25314
[2026-02-20 21:09:21] tick=704 sid=1771649812_61616 chosen=<new run> selected=20260220_205705_25314 runs=1 running=20260220_205705_25314
[2026-02-20 21:09:22] tick=705 sid=1771649812_61616 chosen=<new run> selected=20260220_205705_25314 runs=1 running=20260220_205705_25314
[2026-02-20 21:09:23] tick=706 sid=1771649812_61616 chosen=<new run> selected=20260220_205705_25314 runs=1 running=20260220_205705_25314
[2026-02-20 21:09:24] tick=707 sid=1771649812_61616 chosen=<new run> selected=20260220_205705_25314 runs=1 running=20260220_205705_25314
[2026-02-20 21:09:25] tick=708 sid=1771649812_61616 chosen=<new run> selected=20260220_205705_25314 runs=1 running=20260220_205705_25314
[2026-02-20 21:09:26] tick=709 sid=1771649812_61616 chosen=<new run> selected=20260220_205705_25314 runs=1 running=20260220_205705_25314
[2026-02-20 21:09:27] tick=710 sid=1771649812_61616 chosen=<new run> selected=20260220_205705_25314 runs=1 running=20260220_205705_25314
[2026-02-20 21:09:28] tick=711 sid=1771649812_61616 chosen=<new run> selected=20260220_205705_25314 runs=1 running=20260220_205705_25314
[2026-02-20 21:09:29] tick=712 sid=1771649812_61616 chosen=<new run> selected=20260220_205705_25314 runs=1 running=20260220_205705_25314
[2026-02-20 21:09:31] tick=713 sid=1771649812_61616 chosen=<new run> selected=20260220_205705_25314 runs=1 running=20260220_205705_25314
[2026-02-20 21:09:32] tick=714 sid=1771649812_61616 chosen=<new run> selected=20260220_205705_25314 runs=1 running=20260220_205705_25314
[2026-02-20 21:09:33] tick=715 sid=1771649812_61616 chosen=<new run> selected=20260220_205705_25314 runs=1 running=20260220_205705_25314
[2026-02-20 21:09:34] tick=716 sid=1771649812_61616 chosen=<new run> selected=20260220_205705_25314 runs=1 running=20260220_205705_25314
[2026-02-20 21:09:35] tick=717 sid=1771649812_61616 chosen=<new run> selected=20260220_205705_25314 runs=1 running=20260220_205705_25314
[2026-02-20 21:09:36] tick=718 sid=1771649812_61616 chosen=<new run> selected=20260220_205705_25314 runs=1 running=20260220_205705_25314
[2026-02-20 21:09:37] tick=719 sid=1771649812_61616 chosen=<new run> selected=20260220_205705_25314 runs=1 running=20260220_205705_25314
[2026-02-20 21:09:38] tick=720 sid=1771649812_61616 chosen=<new run> selected=20260220_205705_25314 runs=1 running=20260220_205705_25314
[2026-02-20 21:09:39] tick=721 sid=1771649812_61616 chosen=<new run> selected=20260220_205705_25314 runs=1 running=20260220_205705_25314
[2026-02-20 21:09:40] tick=722 sid=1771649812_61616 chosen=<new run> selected=20260220_205705_25314 runs=1 running=20260220_205705_25314
[2026-02-20 21:09:41] tick=723 sid=1771649812_61616 chosen=<new run> selected=20260220_205705_25314 runs=1 running=20260220_205705_25314
[2026-02-20 21:09:42] tick=724 sid=1771649812_61616 chosen=<new run> selected=20260220_205705_25314 runs=1 running=20260220_205705_25314
[2026-02-20 21:09:43] tick=725 sid=1771649812_61616 chosen=<new run> selected=20260220_205705_25314 runs=1 running=20260220_205705_25314
[2026-02-20 21:09:44] tick=726 sid=1771649812_61616 chosen=<new run> selected=20260220_205705_25314 runs=1 running=20260220_205705_25314
[2026-02-20 21:09:45] tick=727 sid=1771649812_61616 chosen=<new run> selected=20260220_205705_25314 runs=1 running=20260220_205705_25314
[2026-02-20 21:09:46] tick=728 sid=1771649812_61616 chosen=<new run> selected=20260220_205705_25314 runs=1 running=20260220_205705_25314
[2026-02-20 21:09:47] tick=729 sid=1771649812_61616 chosen=<new run> selected=20260220_205705_25314 runs=1 running=20260220_205705_25314
[2026-02-20 21:09:48] tick=730 sid=1771649812_61616 chosen=<new run> selected=20260220_205705_25314 runs=1 running=20260220_205705_25314
[2026-02-20 21:09:49] tick=731 sid=1771649812_61616 chosen=<new run> selected=20260220_205705_25314 runs=1 running=20260220_205705_25314
[2026-02-20 21:09:51] tick=732 sid=1771649812_61616 chosen=<new run> selected=20260220_205705_25314 runs=1 running=20260220_205705_25314
[2026-02-20 21:09:52] tick=733 sid=1771649812_61616 chosen=<new run> selected=20260220_205705_25314 runs=1 running=20260220_205705_25314
[2026-02-20 21:09:53] tick=734 sid=1771649812_61616 chosen=<new run> selected=20260220_205705_25314 runs=1 running=20260220_205705_25314
[2026-02-20 21:09:54] tick=735 sid=1771649812_61616 chosen=<new run> selected=20260220_205705_25314 runs=1 running=20260220_205705_25314
[2026-02-20 21:09:55] tick=736 sid=1771649812_61616 chosen=<new run> selected=20260220_205705_25314 runs=1 running=20260220_205705_25314
[2026-02-20 21:09:56] tick=737 sid=1771649812_61616 chosen=<new run> selected=20260220_205705_25314 runs=1 running=20260220_205705_25314
[2026-02-20 21:09:57] tick=738 sid=1771649812_61616 chosen=<new run> selected=20260220_205705_25314 runs=1 running=20260220_205705_25314
[2026-02-20 21:09:58] tick=739 sid=1771649812_61616 chosen=<new run> selected=20260220_205705_25314 runs=1 running=20260220_205705_25314
[2026-02-20 21:09:59] tick=740 sid=1771649812_61616 chosen=<new run> selected=20260220_205705_25314 runs=1 running=20260220_205705_25314
[2026-02-20 21:10:00] tick=741 sid=1771649812_61616 chosen=<new run> selected=20260220_205705_25314 runs=1 running=20260220_205705_25314
[2026-02-20 21:10:01] tick=742 sid=1771649812_61616 chosen=<new run> selected=20260220_205705_25314 runs=1 running=20260220_205705_25314
[2026-02-20 21:10:02] tick=743 sid=1771649812_61616 chosen=<new run> selected=20260220_205705_25314 runs=1 running=20260220_205705_25314
[2026-02-20 21:10:03] tick=744 sid=1771649812_61616 chosen=<new run> selected=20260220_205705_25314 runs=1 running=20260220_205705_25314
[2026-02-20 21:10:04] tick=745 sid=1771649812_61616 chosen=<new run> selected=20260220_205705_25314 runs=1 running=20260220_205705_25314
[2026-02-20 21:10:05] tick=746 sid=1771649812_61616 chosen=<new run> selected=20260220_205705_25314 runs=1 running=20260220_205705_25314
[2026-02-20 21:10:06] tick=747 sid=1771649812_61616 chosen=<new run> selected=20260220_205705_25314 runs=1 running=20260220_205705_25314
[2026-02-20 21:10:07] tick=748 sid=1771649812_61616 chosen=<new run> selected=20260220_205705_25314 runs=1 running=20260220_205705_25314
[2026-02-20 21:10:08] tick=749 sid=1771649812_61616 chosen=<new run> selected=20260220_205705_25314 runs=1 running=20260220_205705_25314
[2026-02-20 21:10:09] tick=750 sid=1771649812_61616 chosen=<new run> selected=20260220_205705_25314 runs=1 running=20260220_205705_25314
[2026-02-20 21:10:10] tick=751 sid=1771649812_61616 chosen=<new run> selected=20260220_205705_25314 runs=1 running=20260220_205705_25314
[2026-02-20 21:10:12] tick=752 sid=1771649812_61616 chosen=<new run> selected=20260220_205705_25314 runs=1 running=20260220_205705_25314
[2026-02-20 21:10:13] tick=753 sid=1771649812_61616 chosen=<new run> selected=20260220_205705_25314 runs=1 running=20260220_205705_25314
[2026-02-20 21:10:14] tick=754 sid=1771649812_61616 chosen=<new run> selected=20260220_205705_25314 runs=1 running=20260220_205705_25314
[2026-02-20 21:10:15] tick=755 sid=1771649812_61616 chosen=<new run> selected=20260220_205705_25314 runs=1 running=20260220_205705_25314
[2026-02-20 21:10:16] tick=756 sid=1771649812_61616 chosen=<new run> selected=20260220_205705_25314 runs=1 running=20260220_205705_25314
[2026-02-20 21:10:17] tick=757 sid=1771649812_61616 chosen=<new run> selected=20260220_205705_25314 runs=1 running=20260220_205705_25314
[2026-02-20 21:10:18] tick=758 sid=1771649812_61616 chosen=<new run> selected=20260220_205705_25314 runs=1 running=20260220_205705_25314
[2026-02-20 21:10:19] tick=759 sid=1771649812_61616 chosen=<new run> selected=20260220_205705_25314 runs=1 running=20260220_205705_25314
[2026-02-20 21:10:20] tick=760 sid=1771649812_61616 chosen=<new run> selected=20260220_205705_25314 runs=1 running=20260220_205705_25314
[2026-02-20 21:10:21] tick=761 sid=1771649812_61616 chosen=<new run> selected=20260220_205705_25314 runs=1 running=20260220_205705_25314
[2026-02-20 21:10:22] tick=762 sid=1771649812_61616 chosen=<new run> selected=20260220_205705_25314 runs=1 running=20260220_205705_25314
[2026-02-20 21:10:23] tick=763 sid=1771649812_61616 chosen=<new run> selected=20260220_205705_25314 runs=1 running=20260220_205705_25314
[2026-02-20 21:10:24] tick=764 sid=1771649812_61616 chosen=<new run> selected=20260220_205705_25314 runs=1 running=20260220_205705_25314
[2026-02-20 21:10:25] tick=765 sid=1771649812_61616 chosen=<new run> selected=20260220_205705_25314 runs=1 running=20260220_205705_25314
[2026-02-20 21:10:26] tick=766 sid=1771649812_61616 chosen=<new run> selected=20260220_205705_25314 runs=1 running=20260220_205705_25314
[2026-02-20 21:10:27] tick=767 sid=1771649812_61616 chosen=<new run> selected=20260220_205705_25314 runs=1 running=20260220_205705_25314
[2026-02-20 21:10:28] tick=768 sid=1771649812_61616 chosen=<new run> selected=20260220_205705_25314 runs=1 running=20260220_205705_25314
[2026-02-20 21:10:29] tick=769 sid=1771649812_61616 chosen=<new run> selected=20260220_205705_25314 runs=1 running=20260220_205705_25314
[2026-02-20 21:10:30] tick=770 sid=1771649812_61616 chosen=<new run> selected=20260220_205705_25314 runs=1 running=20260220_205705_25314
[2026-02-20 21:10:32] tick=771 sid=1771649812_61616 chosen=<new run> selected=20260220_205705_25314 runs=1 running=20260220_205705_25314
[2026-02-20 21:10:33] tick=772 sid=1771649812_61616 chosen=<new run> selected=20260220_205705_25314 runs=1 running=20260220_205705_25314
[2026-02-20 21:10:34] tick=773 sid=1771649812_61616 chosen=<new run> selected=20260220_205705_25314 runs=1 running=20260220_205705_25314
[2026-02-20 21:10:35] tick=774 sid=1771649812_61616 chosen=<new run> selected=20260220_205705_25314 runs=1 running=20260220_205705_25314
[2026-02-20 21:10:36] tick=775 sid=1771649812_61616 chosen=<new run> selected=20260220_205705_25314 runs=1 running=20260220_205705_25314
[2026-02-20 21:10:37] tick=776 sid=1771649812_61616 chosen=<new run> selected=20260220_205705_25314 runs=1 running=20260220_205705_25314
[2026-02-20 21:10:38] tick=777 sid=1771649812_61616 chosen=<new run> selected=20260220_205705_25314 runs=1 running=20260220_205705_25314
[2026-02-20 21:10:39] tick=778 sid=1771649812_61616 chosen=<new run> selected=20260220_205705_25314 runs=1 running=20260220_205705_25314
[2026-02-20 21:10:40] tick=779 sid=1771649812_61616 chosen=<new run> selected=20260220_205705_25314 runs=1 running=20260220_205705_25314
[2026-02-20 21:10:41] tick=780 sid=1771649812_61616 chosen=<new run> selected=20260220_205705_25314 runs=1 running=20260220_205705_25314
[2026-02-20 21:10:42] tick=781 sid=1771649812_61616 chosen=<new run> selected=20260220_205705_25314 runs=1 running=20260220_205705_25314
[2026-02-20 21:10:43] tick=782 sid=1771649812_61616 chosen=<new run> selected=20260220_205705_25314 runs=1 running=20260220_205705_25314
[2026-02-20 21:10:44] tick=783 sid=1771649812_61616 chosen=<new run> selected=20260220_205705_25314 runs=1 running=20260220_205705_25314
[2026-02-20 21:10:45] tick=784 sid=1771649812_61616 chosen=<new run> selected=20260220_205705_25314 runs=1 running=20260220_205705_25314
[2026-02-20 21:10:46] tick=785 sid=1771649812_61616 chosen=<new run> selected=20260220_205705_25314 runs=1 running=20260220_205705_25314
[2026-02-20 21:10:47] tick=786 sid=1771649812_61616 chosen=<new run> selected=20260220_205705_25314 runs=1 running=20260220_205705_25314
[2026-02-20 21:10:48] tick=787 sid=1771649812_61616 chosen=<new run> selected=20260220_205705_25314 runs=1 running=20260220_205705_25314
[2026-02-20 21:10:49] tick=788 sid=1771649812_61616 chosen=<new run> selected=20260220_205705_25314 runs=1 running=20260220_205705_25314
[2026-02-20 21:10:50] tick=789 sid=1771649812_61616 chosen=<new run> selected=20260220_205705_25314 runs=1 running=20260220_205705_25314
[2026-02-20 21:10:51] tick=790 sid=1771649812_61616 chosen=<new run> selected=20260220_205705_25314 runs=1 running=20260220_205705_25314
[2026-02-20 21:10:53] tick=791 sid=1771649812_61616 chosen=<new run> selected=20260220_205705_25314 runs=1 running=20260220_205705_25314
[2026-02-20 21:10:54] tick=792 sid=1771649812_61616 chosen=<new run> selected=20260220_205705_25314 runs=1 running=20260220_205705_25314
[2026-02-20 21:10:55] tick=793 sid=1771649812_61616 chosen=<new run> selected=20260220_205705_25314 runs=1 running=20260220_205705_25314
[2026-02-20 21:10:56] tick=794 sid=1771649812_61616 chosen=<new run> selected=20260220_205705_25314 runs=1 running=20260220_205705_25314
[2026-02-20 21:10:57] tick=795 sid=1771649812_61616 chosen=<new run> selected=20260220_205705_25314 runs=1 running=20260220_205705_25314
[2026-02-20 21:10:58] tick=796 sid=1771649812_61616 chosen=<new run> selected=20260220_205705_25314 runs=1 running=20260220_205705_25314
[2026-02-20 21:10:59] tick=797 sid=1771649812_61616 chosen=<new run> selected=20260220_205705_25314 runs=1 running=20260220_205705_25314
[2026-02-20 21:11:00] tick=798 sid=1771649812_61616 chosen=<new run> selected=20260220_205705_25314 runs=1 running=20260220_205705_25314
[2026-02-20 21:11:01] tick=799 sid=1771649812_61616 chosen=<new run> selected=20260220_205705_25314 runs=1 running=20260220_205705_25314
[2026-02-20 21:11:02] tick=800 sid=1771649812_61616 chosen=<new run> selected=20260220_205705_25314 runs=1 running=20260220_205705_25314
[2026-02-20 21:11:03] tick=801 sid=1771649812_61616 chosen=<new run> selected=20260220_205705_25314 runs=1 running=20260220_205705_25314
[2026-02-20 21:11:04] tick=802 sid=1771649812_61616 chosen=<new run> selected=20260220_205705_25314 runs=1 running=20260220_205705_25314
[2026-02-20 21:11:05] tick=803 sid=1771649812_61616 chosen=<new run> selected=20260220_205705_25314 runs=1 running=20260220_205705_25314
[2026-02-20 21:11:06] tick=804 sid=1771649812_61616 chosen=<new run> selected=20260220_205705_25314 runs=1 running=20260220_205705_25314
[2026-02-20 21:11:07] tick=805 sid=1771649812_61616 chosen=<new run> selected=20260220_205705_25314 runs=1 running=20260220_205705_25314
[2026-02-20 21:11:08] tick=806 sid=1771649812_61616 chosen=<new run> selected=20260220_205705_25314 runs=1 running=20260220_205705_25314
[2026-02-20 21:11:09] tick=807 sid=1771649812_61616 chosen=<new run> selected=20260220_205705_25314 runs=1 running=20260220_205705_25314
[2026-02-20 21:11:10] tick=808 sid=1771649812_61616 chosen=<new run> selected=20260220_205705_25314 runs=1 running=20260220_205705_25314
[2026-02-20 21:11:11] tick=809 sid=1771649812_61616 chosen=<new run> selected=20260220_205705_25314 runs=1 running=20260220_205705_25314
[2026-02-20 21:11:12] tick=810 sid=1771649812_61616 chosen=<new run> selected=20260220_205705_25314 runs=1 running=20260220_205705_25314
[2026-02-20 21:11:14] tick=811 sid=1771649812_61616 chosen=<new run> selected=20260220_205705_25314 runs=1 running=20260220_205705_25314
[2026-02-20 21:11:15] tick=812 sid=1771649812_61616 chosen=<new run> selected=20260220_205705_25314 runs=1 running=20260220_205705_25314
[2026-02-20 21:11:16] tick=813 sid=1771649812_61616 chosen=<new run> selected=20260220_205705_25314 runs=1 running=20260220_205705_25314
[2026-02-20 21:11:17] tick=814 sid=1771649812_61616 chosen=<new run> selected=20260220_205705_25314 runs=1 running=20260220_205705_25314
[2026-02-20 21:11:18] tick=815 sid=1771649812_61616 chosen=<new run> selected=20260220_205705_25314 runs=1 running=20260220_205705_25314
[2026-02-20 21:11:19] tick=816 sid=1771649812_61616 chosen=<new run> selected=20260220_205705_25314 runs=1 running=20260220_205705_25314
[2026-02-20 21:11:20] tick=817 sid=1771649812_61616 chosen=<new run> selected=20260220_205705_25314 runs=1 running=20260220_205705_25314
[2026-02-20 21:11:21] tick=818 sid=1771649812_61616 chosen=<new run> selected=20260220_205705_25314 runs=1 running=20260220_205705_25314
[2026-02-20 21:11:22] tick=819 sid=1771649812_61616 chosen=<new run> selected=20260220_205705_25314 runs=1 running=20260220_205705_25314
[2026-02-20 21:11:23] tick=820 sid=1771649812_61616 chosen=<new run> selected=20260220_205705_25314 runs=1 running=20260220_205705_25314
[2026-02-20 21:11:24] tick=821 sid=1771649812_61616 chosen=<new run> selected=20260220_205705_25314 runs=1 running=20260220_205705_25314
[2026-02-20 21:11:25] tick=822 sid=1771649812_61616 chosen=<new run> selected=20260220_205705_25314 runs=1 running=20260220_205705_25314
[2026-02-20 21:11:26] tick=823 sid=1771649812_61616 chosen=<new run> selected=20260220_205705_25314 runs=1 running=20260220_205705_25314
[2026-02-20 21:11:27] tick=824 sid=1771649812_61616 chosen=<new run> selected=20260220_205705_25314 runs=1 running=20260220_205705_25314
[2026-02-20 21:11:28] tick=825 sid=1771649812_61616 chosen=<new run> selected=20260220_205705_25314 runs=1 running=20260220_205705_25314
[2026-02-20 21:11:29] tick=826 sid=1771649812_61616 chosen=<new run> selected=20260220_205705_25314 runs=1 running=20260220_205705_25314
[2026-02-20 21:11:30] tick=827 sid=1771649812_61616 chosen=<new run> selected=20260220_205705_25314 runs=1 running=20260220_205705_25314
[2026-02-20 21:11:31] tick=828 sid=1771649812_61616 chosen=<new run> selected=20260220_205705_25314 runs=1 running=20260220_205705_25314
[2026-02-20 21:11:32] tick=829 sid=1771649812_61616 chosen=<new run> selected=20260220_205705_25314 runs=1 running=20260220_205705_25314
[2026-02-20 21:11:33] tick=830 sid=1771649812_61616 chosen=<new run> selected=20260220_205705_25314 runs=1 running=20260220_205705_25314
[2026-02-20 21:11:35] tick=831 sid=1771649812_61616 chosen=<new run> selected=20260220_205705_25314 runs=1 running=20260220_205705_25314
[2026-02-20 21:11:36] tick=832 sid=1771649812_61616 chosen=<new run> selected=20260220_205705_25314 runs=1 running=20260220_205705_25314
[2026-02-20 21:11:37] tick=833 sid=1771649812_61616 chosen=<new run> selected=20260220_205705_25314 runs=1 running=20260220_205705_25314
[2026-02-20 21:11:38] tick=834 sid=1771649812_61616 chosen=<new run> selected=20260220_205705_25314 runs=1 running=20260220_205705_25314
[2026-02-20 21:11:39] tick=835 sid=1771649812_61616 chosen=<new run> selected=20260220_205705_25314 runs=1 running=20260220_205705_25314
[2026-02-20 21:11:40] tick=836 sid=1771649812_61616 chosen=<new run> selected=20260220_205705_25314 runs=1 running=20260220_205705_25314
[2026-02-20 21:11:41] tick=837 sid=1771649812_61616 chosen=<new run> selected=20260220_205705_25314 runs=1 running=20260220_205705_25314
[2026-02-20 21:11:42] tick=838 sid=1771649812_61616 chosen=<new run> selected=20260220_205705_25314 runs=1 running=20260220_205705_25314
[2026-02-20 21:11:43] tick=839 sid=1771649812_61616 chosen=<new run> selected=20260220_205705_25314 runs=1 running=20260220_205705_25314
[2026-02-20 21:11:44] tick=840 sid=1771649812_61616 chosen=<new run> selected=20260220_205705_25314 runs=1 running=20260220_205705_25314
[2026-02-20 21:11:45] tick=841 sid=1771649812_61616 chosen=<new run> selected=20260220_205705_25314 runs=1 running=20260220_205705_25314
[2026-02-20 21:11:46] tick=842 sid=1771649812_61616 chosen=<new run> selected=20260220_205705_25314 runs=1 running=20260220_205705_25314
[2026-02-20 21:11:47] tick=843 sid=1771649812_61616 chosen=<new run> selected=20260220_205705_25314 runs=1 running=20260220_205705_25314
[2026-02-20 21:11:48] tick=844 sid=1771649812_61616 chosen=<new run> selected=20260220_205705_25314 runs=1 running=20260220_205705_25314
[2026-02-20 21:11:49] tick=845 sid=1771649812_61616 chosen=<new run> selected=20260220_205705_25314 runs=1 running=20260220_205705_25314
[2026-02-20 21:11:50] tick=846 sid=1771649812_61616 chosen=<new run> selected=20260220_205705_25314 runs=1 running=20260220_205705_25314
[2026-02-20 21:11:51] tick=847 sid=1771649812_61616 chosen=<new run> selected=20260220_205705_25314 runs=1 running=20260220_205705_25314
[2026-02-20 21:11:52] tick=848 sid=1771649812_61616 chosen=<new run> selected=20260220_205705_25314 runs=1 running=20260220_205705_25314
[2026-02-20 21:11:53] tick=849 sid=1771649812_61616 chosen=<new run> selected=20260220_205705_25314 runs=1 running=20260220_205705_25314
[2026-02-20 21:11:54] tick=850 sid=1771649812_61616 chosen=<new run> selected=20260220_205705_25314 runs=1 running=20260220_205705_25314
[2026-02-20 21:11:56] tick=851 sid=1771649812_61616 chosen=<new run> selected=20260220_205705_25314 runs=1 running=20260220_205705_25314
[2026-02-20 21:11:57] tick=852 sid=1771649812_61616 chosen=<new run> selected=20260220_205705_25314 runs=1 running=20260220_205705_25314
[2026-02-20 21:11:58] tick=853 sid=1771649812_61616 chosen=<new run> selected=20260220_205705_25314 runs=1 running=20260220_205705_25314
[2026-02-20 21:11:59] tick=854 sid=1771649812_61616 chosen=<new run> selected=20260220_205705_25314 runs=1 running=20260220_205705_25314
[2026-02-20 21:12:00] tick=855 sid=1771649812_61616 chosen=<new run> selected=20260220_205705_25314 runs=1 running=20260220_205705_25314
[2026-02-20 21:12:01] tick=856 sid=1771649812_61616 chosen=<new run> selected=20260220_205705_25314 runs=1 running=20260220_205705_25314
[2026-02-20 21:12:02] tick=857 sid=1771649812_61616 chosen=<new run> selected=20260220_205705_25314 runs=1 running=20260220_205705_25314
[2026-02-20 21:12:03] tick=858 sid=1771649812_61616 chosen=<new run> selected=20260220_205705_25314 runs=1 running=20260220_205705_25314
[2026-02-20 21:12:04] tick=859 sid=1771649812_61616 chosen=<new run> selected=20260220_205705_25314 runs=1 running=20260220_205705_25314
[2026-02-20 21:12:05] tick=860 sid=1771649812_61616 chosen=<new run> selected=20260220_205705_25314 runs=1 running=20260220_205705_25314
[2026-02-20 21:12:06] tick=861 sid=1771649812_61616 chosen=<new run> selected=20260220_205705_25314 runs=1 running=20260220_205705_25314
[2026-02-20 21:12:07] tick=862 sid=1771649812_61616 chosen=<new run> selected=20260220_205705_25314 runs=1 running=20260220_205705_25314
[2026-02-20 21:12:08] tick=863 sid=1771649812_61616 chosen=<new run> selected=20260220_205705_25314 runs=1 running=20260220_205705_25314
[2026-02-20 21:12:09] tick=864 sid=1771649812_61616 chosen=<new run> selected=20260220_205705_25314 runs=1 running=20260220_205705_25314
[2026-02-20 21:12:10] tick=865 sid=1771649812_61616 chosen=<new run> selected=20260220_205705_25314 runs=1 running=20260220_205705_25314
[2026-02-20 21:12:11] tick=866 sid=1771649812_61616 chosen=<new run> selected=20260220_205705_25314 runs=1 running=20260220_205705_25314
[2026-02-20 21:12:12] tick=867 sid=1771649812_61616 chosen=<new run> selected=20260220_205705_25314 runs=1 running=20260220_205705_25314
[2026-02-20 21:12:13] tick=868 sid=1771649812_61616 chosen=<new run> selected=20260220_205705_25314 runs=1 running=20260220_205705_25314
[2026-02-20 21:12:14] tick=869 sid=1771649812_61616 chosen=<new run> selected=20260220_205705_25314 runs=1 running=20260220_205705_25314
[2026-02-20 21:12:15] tick=870 sid=1771649812_61616 chosen=<new run> selected=20260220_205705_25314 runs=1 running=20260220_205705_25314
[2026-02-20 21:12:16] tick=871 sid=1771649812_61616 chosen=<new run> selected=20260220_205705_25314 runs=1 running=20260220_205705_25314
[2026-02-20 21:12:18] tick=872 sid=1771649812_61616 chosen=<new run> selected=20260220_205705_25314 runs=1 running=20260220_205705_25314
[2026-02-20 21:12:19] tick=873 sid=1771649812_61616 chosen=<new run> selected=20260220_205705_25314 runs=1 running=20260220_205705_25314
[2026-02-20 21:12:20] tick=874 sid=1771649812_61616 chosen=<new run> selected=20260220_205705_25314 runs=1 running=20260220_205705_25314
[2026-02-20 21:12:21] tick=875 sid=1771649812_61616 chosen=<new run> selected=20260220_205705_25314 runs=1 running=20260220_205705_25314
[2026-02-20 21:12:22] tick=876 sid=1771649812_61616 chosen=<new run> selected=20260220_205705_25314 runs=1 running=20260220_205705_25314
[2026-02-20 21:12:23] tick=877 sid=1771649812_61616 chosen=<new run> selected=20260220_205705_25314 runs=1 running=20260220_205705_25314
[2026-02-20 21:12:24] tick=878 sid=1771649812_61616 chosen=<new run> selected=20260220_205705_25314 runs=1 running=20260220_205705_25314
[2026-02-20 21:12:25] tick=879 sid=1771649812_61616 chosen=<new run> selected=20260220_205705_25314 runs=1 running=20260220_205705_25314
[2026-02-20 21:12:26] tick=880 sid=1771649812_61616 chosen=<new run> selected=20260220_205705_25314 runs=1 running=20260220_205705_25314
[2026-02-20 21:12:27] tick=881 sid=1771649812_61616 chosen=<new run> selected=20260220_205705_25314 runs=1 running=20260220_205705_25314
[2026-02-20 21:12:28] tick=882 sid=1771649812_61616 chosen=<new run> selected=20260220_205705_25314 runs=1 running=20260220_205705_25314
[2026-02-20 21:12:29] tick=883 sid=1771649812_61616 chosen=<new run> selected=20260220_205705_25314 runs=1 running=20260220_205705_25314
[2026-02-20 21:12:30] tick=884 sid=1771649812_61616 chosen=<new run> selected=20260220_205705_25314 runs=1 running=20260220_205705_25314
[2026-02-20 21:12:31] tick=885 sid=1771649812_61616 chosen=<new run> selected=20260220_205705_25314 runs=1 running=20260220_205705_25314
[2026-02-20 21:12:32] tick=886 sid=1771649812_61616 chosen=<new run> selected=20260220_205705_25314 runs=1 running=20260220_205705_25314
[2026-02-20 21:12:33] tick=887 sid=1771649812_61616 chosen=<new run> selected=20260220_205705_25314 runs=1 running=20260220_205705_25314
[2026-02-20 21:12:34] tick=888 sid=1771649812_61616 chosen=<new run> selected=20260220_205705_25314 runs=1 running=20260220_205705_25314
[2026-02-20 21:12:35] tick=889 sid=1771649812_61616 chosen=<new run> selected=20260220_205705_25314 runs=1 running=20260220_205705_25314
[2026-02-20 21:12:36] tick=890 sid=1771649812_61616 chosen=<new run> selected=20260220_205705_25314 runs=1 running=20260220_205705_25314
[2026-02-20 21:12:37] tick=891 sid=1771649812_61616 chosen=<new run> selected=20260220_205705_25314 runs=1 running=20260220_205705_25314
[2026-02-20 21:12:38] tick=892 sid=1771649812_61616 chosen=<new run> selected=20260220_205705_25314 runs=1 running=20260220_205705_25314
[2026-02-20 21:12:40] tick=893 sid=1771649812_61616 chosen=<new run> selected=20260220_205705_25314 runs=1 running=20260220_205705_25314
[2026-02-20 21:12:41] tick=894 sid=1771649812_61616 chosen=<new run> selected=20260220_205705_25314 runs=1 running=20260220_205705_25314
[2026-02-20 21:12:42] tick=895 sid=1771649812_61616 chosen=<new run> selected=20260220_205705_25314 runs=1 running=20260220_205705_25314
[2026-02-20 21:12:43] tick=896 sid=1771649812_61616 chosen=<new run> selected=20260220_205705_25314 runs=1 running=20260220_205705_25314
[2026-02-20 21:12:44] tick=897 sid=1771649812_61616 chosen=<new run> selected=20260220_205705_25314 runs=1 running=20260220_205705_25314
[2026-02-20 21:12:45] tick=898 sid=1771649812_61616 chosen=<new run> selected=20260220_205705_25314 runs=1 running=20260220_205705_25314
[2026-02-20 21:12:46] tick=899 sid=1771649812_61616 chosen=<new run> selected=20260220_205705_25314 runs=1 running=20260220_205705_25314
[2026-02-20 21:12:47] tick=900 sid=1771649812_61616 chosen=<new run> selected=20260220_205705_25314 runs=1 running=20260220_205705_25314
[2026-02-20 21:12:48] tick=901 sid=1771649812_61616 chosen=<new run> selected=20260220_205705_25314 runs=1 running=20260220_205705_25314
[2026-02-20 21:12:49] tick=902 sid=1771649812_61616 chosen=<new run> selected=20260220_205705_25314 runs=1 running=20260220_205705_25314
[2026-02-20 21:12:50] tick=903 sid=1771649812_61616 chosen=<new run> selected=20260220_205705_25314 runs=1 running=20260220_205705_25314
[2026-02-20 21:12:51] tick=904 sid=1771649812_61616 chosen=<new run> selected=20260220_205705_25314 runs=1 running=20260220_205705_25314
[2026-02-20 21:12:52] tick=905 sid=1771649812_61616 chosen=<new run> selected=20260220_205705_25314 runs=1 running=20260220_205705_25314
[2026-02-20 21:12:53] tick=906 sid=1771649812_61616 chosen=<new run> selected=20260220_205705_25314 runs=1 running=20260220_205705_25314
[2026-02-20 21:12:54] tick=907 sid=1771649812_61616 chosen=<new run> selected=20260220_205705_25314 runs=1 running=20260220_205705_25314
[2026-02-20 21:12:55] tick=908 sid=1771649812_61616 chosen=<new run> selected=20260220_205705_25314 runs=1 running=20260220_205705_25314
[2026-02-20 21:12:56] tick=909 sid=1771649812_61616 chosen=<new run> selected=20260220_205705_25314 runs=1 running=20260220_205705_25314
[2026-02-20 21:12:57] tick=910 sid=1771649812_61616 chosen=<new run> selected=20260220_205705_25314 runs=1 running=20260220_205705_25314
[2026-02-20 21:12:58] tick=911 sid=1771649812_61616 chosen=<new run> selected=20260220_205705_25314 runs=1 running=20260220_205705_25314
[2026-02-20 21:12:59] tick=912 sid=1771649812_61616 chosen=<new run> selected=20260220_205705_25314 runs=1 running=20260220_205705_25314
[2026-02-20 21:13:00] tick=913 sid=1771649812_61616 chosen=<new run> selected=20260220_205705_25314 runs=1 running=20260220_205705_25314
[2026-02-20 21:13:01] tick=914 sid=1771649812_61616 chosen=<new run> selected=20260220_205705_25314 runs=1 running=20260220_205705_25314
[2026-02-20 21:13:03] tick=915 sid=1771649812_61616 chosen=<new run> selected=20260220_205705_25314 runs=1 running=20260220_205705_25314
[2026-02-20 21:13:04] tick=916 sid=1771649812_61616 chosen=<new run> selected=20260220_205705_25314 runs=1 running=20260220_205705_25314
[2026-02-20 21:13:05] tick=917 sid=1771649812_61616 chosen=<new run> selected=20260220_205705_25314 runs=1 running=20260220_205705_25314
[2026-02-20 21:13:06] tick=918 sid=1771649812_61616 chosen=<new run> selected=20260220_205705_25314 runs=1 running=20260220_205705_25314
[2026-02-20 21:13:07] tick=919 sid=1771649812_61616 chosen=<new run> selected=20260220_205705_25314 runs=1 running=20260220_205705_25314
[2026-02-20 21:13:08] tick=920 sid=1771649812_61616 chosen=<new run> selected=20260220_205705_25314 runs=1 running=20260220_205705_25314
[2026-02-20 21:13:09] tick=921 sid=1771649812_61616 chosen=<new run> selected=20260220_205705_25314 runs=1 running=20260220_205705_25314
[2026-02-20 21:13:10] tick=922 sid=1771649812_61616 chosen=<new run> selected=20260220_205705_25314 runs=1 running=20260220_205705_25314
[2026-02-20 21:13:11] tick=923 sid=1771649812_61616 chosen=<new run> selected=20260220_205705_25314 runs=1 running=20260220_205705_25314
[2026-02-20 21:13:12] tick=924 sid=1771649812_61616 chosen=<new run> selected=20260220_205705_25314 runs=1 running=20260220_205705_25314
[2026-02-20 21:13:13] tick=925 sid=1771649812_61616 chosen=<new run> selected=20260220_205705_25314 runs=1 running=20260220_205705_25314
[2026-02-20 21:13:14] tick=926 sid=1771649812_61616 chosen=<new run> selected=20260220_205705_25314 runs=1 running=20260220_205705_25314
[2026-02-20 21:13:15] tick=927 sid=1771649812_61616 chosen=<new run> selected=20260220_205705_25314 runs=1 running=20260220_205705_25314
[2026-02-20 21:13:16] tick=928 sid=1771649812_61616 chosen=<new run> selected=20260220_205705_25314 runs=1 running=20260220_205705_25314
[2026-02-20 21:13:17] tick=929 sid=1771649812_61616 chosen=<new run> selected=20260220_205705_25314 runs=1 running=20260220_205705_25314
[2026-02-20 21:13:18] tick=930 sid=1771649812_61616 chosen=<new run> selected=20260220_205705_25314 runs=1 running=20260220_205705_25314
[2026-02-20 21:13:19] tick=931 sid=1771649812_61616 chosen=<new run> selected=20260220_205705_25314 runs=1 running=20260220_205705_25314
[2026-02-20 21:13:20] tick=932 sid=1771649812_61616 chosen=<new run> selected=20260220_205705_25314 runs=1 running=20260220_205705_25314
[2026-02-20 21:13:21] tick=933 sid=1771649812_61616 chosen=<new run> selected=20260220_205705_25314 runs=1 running=20260220_205705_25314
[2026-02-20 21:13:23] tick=934 sid=1771649812_61616 chosen=<new run> selected=20260220_205705_25314 runs=1 running=20260220_205705_25314
[2026-02-20 21:13:24] tick=935 sid=1771649812_61616 chosen=<new run> selected=20260220_205705_25314 runs=1 running=20260220_205705_25314
[2026-02-20 21:13:25] tick=936 sid=1771649812_61616 chosen=<new run> selected=20260220_205705_25314 runs=1 running=20260220_205705_25314
[2026-02-20 21:13:26] tick=937 sid=1771649812_61616 chosen=<new run> selected=20260220_205705_25314 runs=1 running=20260220_205705_25314
[2026-02-20 21:13:27] tick=938 sid=1771649812_61616 chosen=<new run> selected=20260220_205705_25314 runs=1 running=20260220_205705_25314
[2026-02-20 21:13:28] tick=939 sid=1771649812_61616 chosen=<new run> selected=20260220_205705_25314 runs=1 running=20260220_205705_25314
[2026-02-20 21:13:29] tick=940 sid=1771649812_61616 chosen=<new run> selected=20260220_205705_25314 runs=1 running=20260220_205705_25314
[2026-02-20 21:13:30] tick=941 sid=1771649812_61616 chosen=<new run> selected=20260220_205705_25314 runs=1 running=20260220_205705_25314
[2026-02-20 21:13:31] tick=942 sid=1771649812_61616 chosen=<new run> selected=20260220_205705_25314 runs=1 running=20260220_205705_25314
[2026-02-20 21:13:32] tick=943 sid=1771649812_61616 chosen=<new run> selected=20260220_205705_25314 runs=1 running=20260220_205705_25314
[2026-02-20 21:13:33] tick=944 sid=1771649812_61616 chosen=<new run> selected=20260220_205705_25314 runs=1 running=20260220_205705_25314
[2026-02-20 21:13:34] tick=945 sid=1771649812_61616 chosen=<new run> selected=20260220_205705_25314 runs=1 running=20260220_205705_25314
[2026-02-20 21:13:35] tick=946 sid=1771649812_61616 chosen=<new run> selected=20260220_205705_25314 runs=1 running=20260220_205705_25314
[2026-02-20 21:13:36] tick=947 sid=1771649812_61616 chosen=<new run> selected=20260220_205705_25314 runs=1 running=20260220_205705_25314
[2026-02-20 21:13:37] tick=948 sid=1771649812_61616 chosen=<new run> selected=20260220_205705_25314 runs=1 running=20260220_205705_25314
[2026-02-20 21:13:38] tick=949 sid=1771649812_61616 chosen=<new run> selected=20260220_205705_25314 runs=1 running=20260220_205705_25314
[2026-02-20 21:13:39] tick=950 sid=1771649812_61616 chosen=<new run> selected=20260220_205705_25314 runs=1 running=20260220_205705_25314
[2026-02-20 21:13:40] tick=951 sid=1771649812_61616 chosen=<new run> selected=20260220_205705_25314 runs=1 running=20260220_205705_25314
[2026-02-20 21:13:41] tick=952 sid=1771649812_61616 chosen=<new run> selected=20260220_205705_25314 runs=1 running=20260220_205705_25314
[2026-02-20 21:13:42] tick=953 sid=1771649812_61616 chosen=<new run> selected=20260220_205705_25314 runs=1 running=20260220_205705_25314
[2026-02-20 21:13:44] tick=954 sid=1771649812_61616 chosen=<new run> selected=20260220_205705_25314 runs=1 running=20260220_205705_25314
[2026-02-20 21:13:45] tick=955 sid=1771649812_61616 chosen=<new run> selected=20260220_205705_25314 runs=1 running=20260220_205705_25314
[2026-02-20 21:13:46] tick=956 sid=1771649812_61616 chosen=<new run> selected=20260220_205705_25314 runs=1 running=20260220_205705_25314
[2026-02-20 21:13:47] tick=957 sid=1771649812_61616 chosen=<new run> selected=20260220_205705_25314 runs=1 running=20260220_205705_25314
[2026-02-20 21:13:48] tick=958 sid=1771649812_61616 chosen=<new run> selected=20260220_205705_25314 runs=1 running=20260220_205705_25314
[2026-02-20 21:13:49] tick=959 sid=1771649812_61616 chosen=<new run> selected=20260220_205705_25314 runs=1 running=20260220_205705_25314
[2026-02-20 21:13:50] tick=960 sid=1771649812_61616 chosen=<new run> selected=20260220_205705_25314 runs=1 running=20260220_205705_25314
[2026-02-20 21:13:51] tick=961 sid=1771649812_61616 chosen=<new run> selected=20260220_205705_25314 runs=1 running=20260220_205705_25314
[2026-02-20 21:13:52] tick=962 sid=1771649812_61616 chosen=<new run> selected=20260220_205705_25314 runs=1 running=20260220_205705_25314
[2026-02-20 21:13:53] tick=963 sid=1771649812_61616 chosen=<new run> selected=20260220_205705_25314 runs=1 running=20260220_205705_25314
[2026-02-20 21:13:54] tick=964 sid=1771649812_61616 chosen=<new run> selected=20260220_205705_25314 runs=1 running=20260220_205705_25314
[2026-02-20 21:13:55] tick=965 sid=1771649812_61616 chosen=<new run> selected=20260220_205705_25314 runs=1 running=20260220_205705_25314
[2026-02-20 21:13:56] tick=966 sid=1771649812_61616 chosen=<new run> selected=20260220_205705_25314 runs=1 running=20260220_205705_25314
[2026-02-20 21:13:57] tick=967 sid=1771649812_61616 chosen=<new run> selected=20260220_205705_25314 runs=1 running=20260220_205705_25314
[2026-02-20 21:13:58] tick=968 sid=1771649812_61616 chosen=<new run> selected=20260220_205705_25314 runs=1 running=20260220_205705_25314
[2026-02-20 21:13:59] tick=969 sid=1771649812_61616 chosen=<new run> selected=20260220_205705_25314 runs=1 running=20260220_205705_25314
[2026-02-20 21:14:00] tick=970 sid=1771649812_61616 chosen=<new run> selected=20260220_205705_25314 runs=1 running=20260220_205705_25314
[2026-02-20 21:14:01] tick=971 sid=1771649812_61616 chosen=<new run> selected=20260220_205705_25314 runs=1 running=20260220_205705_25314
[2026-02-20 21:14:02] tick=972 sid=1771649812_61616 chosen=<new run> selected=20260220_205705_25314 runs=1 running=20260220_205705_25314
[2026-02-20 21:14:03] tick=973 sid=1771649812_61616 chosen=<new run> selected=20260220_205705_25314 runs=1 running=20260220_205705_25314
[2026-02-20 21:14:05] tick=974 sid=1771649812_61616 chosen=<new run> selected=20260220_205705_25314 runs=1 running=20260220_205705_25314
[2026-02-20 21:14:06] tick=975 sid=1771649812_61616 chosen=<new run> selected=20260220_205705_25314 runs=1 running=20260220_205705_25314
[2026-02-20 21:14:07] tick=976 sid=1771649812_61616 chosen=<new run> selected=20260220_205705_25314 runs=1 running=20260220_205705_25314
[2026-02-20 21:14:08] tick=977 sid=1771649812_61616 chosen=<new run> selected=20260220_205705_25314 runs=1 running=20260220_205705_25314
[2026-02-20 21:14:09] tick=978 sid=1771649812_61616 chosen=<new run> selected=20260220_205705_25314 runs=1 running=20260220_205705_25314
[2026-02-20 21:14:10] tick=979 sid=1771649812_61616 chosen=<new run> selected=20260220_205705_25314 runs=1 running=20260220_205705_25314
[2026-02-20 21:14:11] tick=980 sid=1771649812_61616 chosen=<new run> selected=20260220_205705_25314 runs=1 running=20260220_205705_25314
[2026-02-20 21:14:12] tick=981 sid=1771649812_61616 chosen=<new run> selected=20260220_205705_25314 runs=1 running=20260220_205705_25314
[2026-02-20 21:14:13] tick=982 sid=1771649812_61616 chosen=<new run> selected=20260220_205705_25314 runs=1 running=20260220_205705_25314
[2026-02-20 21:14:14] tick=983 sid=1771649812_61616 chosen=<new run> selected=20260220_205705_25314 runs=1 running=20260220_205705_25314
[2026-02-20 21:14:15] tick=984 sid=1771649812_61616 chosen=<new run> selected=20260220_205705_25314 runs=1 running=20260220_205705_25314
[2026-02-20 21:14:16] tick=985 sid=1771649812_61616 chosen=<new run> selected=20260220_205705_25314 runs=1 running=20260220_205705_25314
[2026-02-20 21:14:17] tick=986 sid=1771649812_61616 chosen=<new run> selected=20260220_205705_25314 runs=1 running=20260220_205705_25314
[2026-02-20 21:14:18] tick=987 sid=1771649812_61616 chosen=<new run> selected=20260220_205705_25314 runs=1 running=20260220_205705_25314
[2026-02-20 21:14:19] tick=988 sid=1771649812_61616 chosen=<new run> selected=20260220_205705_25314 runs=1 running=20260220_205705_25314
[2026-02-20 21:14:20] tick=989 sid=1771649812_61616 chosen=<new run> selected=20260220_205705_25314 runs=1 running=20260220_205705_25314
[2026-02-20 21:14:21] tick=990 sid=1771649812_61616 chosen=<new run> selected=20260220_205705_25314 runs=1 running=20260220_205705_25314
[2026-02-20 21:14:22] tick=991 sid=1771649812_61616 chosen=<new run> selected=20260220_205705_25314 runs=1 running=20260220_205705_25314
[2026-02-20 21:14:23] tick=992 sid=1771649812_61616 chosen=<new run> selected=20260220_205705_25314 runs=1 running=20260220_205705_25314
[2026-02-20 21:14:24] tick=993 sid=1771649812_61616 chosen=<new run> selected=20260220_205705_25314 runs=1 running=20260220_205705_25314
[2026-02-20 21:14:25] tick=994 sid=1771649812_61616 chosen=<new run> selected=20260220_205705_25314 runs=1 running=20260220_205705_25314
[2026-02-20 21:14:27] tick=995 sid=1771649812_61616 chosen=<new run> selected=20260220_205705_25314 runs=1 running=20260220_205705_25314
[2026-02-20 21:14:28] tick=996 sid=1771649812_61616 chosen=<new run> selected=20260220_205705_25314 runs=1 running=20260220_205705_25314
[2026-02-20 21:14:29] tick=997 sid=1771649812_61616 chosen=<new run> selected=20260220_205705_25314 runs=1 running=20260220_205705_25314
[2026-02-20 21:14:30] tick=998 sid=1771649812_61616 chosen=<new run> selected=20260220_205705_25314 runs=1 running=20260220_205705_25314
[2026-02-20 21:14:31] tick=999 sid=1771649812_61616 chosen=<new run> selected=20260220_205705_25314 runs=1 running=20260220_205705_25314
[2026-02-20 21:14:32] tick=1000 sid=1771649812_61616 chosen=<new run> selected=20260220_205705_25314 runs=1 running=20260220_205705_25314
[2026-02-20 21:14:33] tick=1001 sid=1771649812_61616 chosen=<new run> selected=20260220_205705_25314 runs=1 running=20260220_205705_25314
[2026-02-20 21:14:34] tick=1002 sid=1771649812_61616 chosen=<new run> selected=20260220_205705_25314 runs=1 running=20260220_205705_25314
[2026-02-20 21:14:35] tick=1003 sid=1771649812_61616 chosen=<new run> selected=20260220_205705_25314 runs=1 running=20260220_205705_25314
[2026-02-20 21:14:36] tick=1004 sid=1771649812_61616 chosen=<new run> selected=20260220_205705_25314 runs=1 running=20260220_205705_25314
[2026-02-20 21:14:37] tick=1005 sid=1771649812_61616 chosen=<new run> selected=20260220_205705_25314 runs=1 running=20260220_205705_25314
[2026-02-20 21:14:38] tick=1006 sid=1771649812_61616 chosen=<new run> selected=20260220_205705_25314 runs=1 running=20260220_205705_25314
[2026-02-20 21:14:39] tick=1007 sid=1771649812_61616 chosen=<new run> selected=20260220_205705_25314 runs=1 running=20260220_205705_25314
[2026-02-20 21:14:40] tick=1008 sid=1771649812_61616 chosen=<new run> selected=20260220_205705_25314 runs=1 running=20260220_205705_25314
[2026-02-20 21:14:41] tick=1009 sid=1771649812_61616 chosen=<new run> selected=20260220_205705_25314 runs=1 running=20260220_205705_25314
[2026-02-20 21:14:42] tick=1010 sid=1771649812_61616 chosen=<new run> selected=20260220_205705_25314 runs=1 running=20260220_205705_25314
[2026-02-20 21:14:43] tick=1011 sid=1771649812_61616 chosen=<new run> selected=20260220_205705_25314 runs=1 running=20260220_205705_25314
[2026-02-20 21:14:44] tick=1012 sid=1771649812_61616 chosen=<new run> selected=20260220_205705_25314 runs=1 running=20260220_205705_25314
[2026-02-20 21:14:46] tick=1013 sid=1771649812_61616 chosen=<new run> selected=20260220_205705_25314 runs=1 running=20260220_205705_25314
[2026-02-20 21:14:47] tick=1014 sid=1771649812_61616 chosen=<new run> selected=20260220_205705_25314 runs=1 running=20260220_205705_25314
[2026-02-20 21:14:48] tick=1015 sid=1771649812_61616 chosen=<new run> selected=20260220_205705_25314 runs=1 running=20260220_205705_25314
[2026-02-20 21:14:49] tick=1016 sid=1771649812_61616 chosen=<new run> selected=20260220_205705_25314 runs=1 running=20260220_205705_25314
[2026-02-20 21:14:50] tick=1017 sid=1771649812_61616 chosen=<new run> selected=20260220_205705_25314 runs=1 running=20260220_205705_25314
[2026-02-20 21:14:51] tick=1018 sid=1771649812_61616 chosen=<new run> selected=20260220_205705_25314 runs=1 running=20260220_205705_25314
[2026-02-20 21:14:52] tick=1019 sid=1771649812_61616 chosen=<new run> selected=20260220_205705_25314 runs=1 running=20260220_205705_25314
[2026-02-20 21:14:53] tick=1020 sid=1771649812_61616 chosen=<new run> selected=20260220_205705_25314 runs=1 running=20260220_205705_25314
[2026-02-20 21:14:54] tick=1021 sid=1771649812_61616 chosen=<new run> selected=20260220_205705_25314 runs=1 running=20260220_205705_25314
[2026-02-20 21:14:55] tick=1022 sid=1771649812_61616 chosen=<new run> selected=20260220_205705_25314 runs=1 running=20260220_205705_25314
[2026-02-20 21:14:56] tick=1023 sid=1771649812_61616 chosen=<new run> selected=20260220_205705_25314 runs=1 running=20260220_205705_25314
[2026-02-20 21:14:57] tick=1024 sid=1771649812_61616 chosen=<new run> selected=20260220_205705_25314 runs=1 running=20260220_205705_25314
[2026-02-20 21:14:58] tick=1025 sid=1771649812_61616 chosen=<new run> selected=20260220_205705_25314 runs=1 running=20260220_205705_25314
[2026-02-20 21:14:59] tick=1026 sid=1771649812_61616 chosen=<new run> selected=20260220_205705_25314 runs=1 running=20260220_205705_25314
[2026-02-20 21:15:00] tick=1027 sid=1771649812_61616 chosen=<new run> selected=20260220_205705_25314 runs=1 running=20260220_205705_25314
[2026-02-20 21:15:01] tick=1028 sid=1771649812_61616 chosen=<new run> selected=20260220_205705_25314 runs=1 running=20260220_205705_25314
[2026-02-20 21:15:02] tick=1029 sid=1771649812_61616 chosen=<new run> selected=20260220_205705_25314 runs=1 running=20260220_205705_25314
[2026-02-20 21:15:03] tick=1030 sid=1771649812_61616 chosen=<new run> selected=20260220_205705_25314 runs=1 running=20260220_205705_25314
[2026-02-20 21:15:04] tick=1031 sid=1771649812_61616 chosen=<new run> selected=20260220_205705_25314 runs=1 running=20260220_205705_25314
[2026-02-20 21:15:06] tick=1032 sid=1771649812_61616 chosen=<new run> selected=20260220_205705_25314 runs=1 running=20260220_205705_25314
[2026-02-20 21:15:07] tick=1033 sid=1771649812_61616 chosen=<new run> selected=20260220_205705_25314 runs=1 running=20260220_205705_25314
[2026-02-20 21:15:08] tick=1034 sid=1771649812_61616 chosen=<new run> selected=20260220_205705_25314 runs=1 running=20260220_205705_25314
[2026-02-21 01:39:23] tick=1 sid=1771666761_139127489705664 chosen=<new run> selected=None runs=0 running=-
[2026-02-21 01:39:28] no_active_run tick=1 sid=1771666761_139127489705664 selector=<new run>
