year,live_countries,stable_countries,low_stability_countries,low_legitimacy_countries,low_both_countries,critical_countries,pop_total,pop_low_stability,pop_low_legitimacy,pop_low_both,pop_critical,pop_low_stability_share,pop_low_legitimacy_share,pop_low_both_share,pop_critical_share,stability_mean,stability_p10,legitimacy_mean,legitimacy_p10,worst_stability_ids,worst_legitimacy_ids
-5000,99,58,0,0,0,0,25442799.000000,0.000000,0.000000,0.000000,0.000000,0.000000,0.000000,0.000000,0.000000,0.998092,0.997700,0.611630,0.567700,80:0.988;60:0.988;40:0.988;20:0.989;0:0.989,16:0.559;47:0.560;84:0.561;41:0.561;87:0.562
-4950,101,94,2,4,2,1,33752780.000000,33301.000000,135463.000000,33301.000000,75665.000000,0.000987,0.004013,0.000987,0.002242,0.970162,0.968600,0.941582,0.872800,101:0.377;100:0.385;64:0.432;76:0.497;46:0.756,64:0.135;76:0.255;101:0.297;100:0.321;46:0.417
-4900,108,99,4,5,4,1,38728498.000000,293320.000000,436285.000000,293320.000000,55658.000000,0.007574,0.011265,0.007574,0.001437,0.932842,0.689560,0.931273,0.802420,64:0.144;108:0.372;109:0.378;105:0.392;107:0.463,64:0.021;108:0.292;109:0.298;45:0.321;105:0.362
