{
  "violations": [
    {
      "id": "STORAGE_SMOOTHING_CHEAT",
      "severity": 99.63830300444445,
      "hardfail": false,
      "details": {
        "adequacy_var": 9.042424888888927e-06,
        "loss_share": 0.012800236526218672
      }
    }
  ]
}