year,live_countries,stable_countries,low_stability_countries,low_legitimacy_countries,low_both_countries,critical_countries,pop_total,pop_low_stability,pop_low_legitimacy,pop_low_both,pop_critical,pop_low_stability_share,pop_low_legitimacy_share,pop_low_both_share,pop_critical_share,stability_mean,stability_p10,legitimacy_mean,legitimacy_p10,worst_stability_ids,worst_legitimacy_ids
-5000,95,50,0,0,0,0,18688190.000000,0.000000,0.000000,0.000000,0.000000,0.000000,0.000000,0.000000,0.000000,0.998362,0.997880,0.607154,0.563900,80:0.989;20:0.989;40:0.989;0:0.989;10:0.997,46:0.549;7:0.552;57:0.559;66:0.559;68:0.560
-4990,95,87,0,1,0,0,20279346.000000,0.000000,106447.000000,0.000000,0.000000,0.000000,0.005249,0.000000,0.000000,0.996222,0.997540,0.652941,0.605260,64:0.891;98:0.942;37:0.944;55:0.951;50:0.980,64:0.375;98:0.470;55:0.486;37:0.540;50:0.547
-4980,95,83,0,4,0,1,21617788.000000,0.000000,570997.000000,0.000000,77258.000000,0.000000,0.026413,0.000000,0.003574,0.986271,0.965720,0.680876,0.554060,64:0.635;37:0.774;98:0.865;55:0.908;73:0.945,64:0.006;37:0.258;98:0.308;55:0.353;50:0.429
-4970,96,81,3,7,3,3,22770651.000000,196897.000000,668804.000000,196897.000000,299988.000000,0.008647,0.029371,0.008647,0.013174,0.966522,0.950550,0.705892,0.499800,64:0.344;37:0.345;100:0.367;98:0.696;12:0.817,64:0.004;98:0.132;37:0.180;12:0.244;50:0.253
-4960,97,75,6,11,6,6,23683657.000000,438901.000000,1146360.000000,438901.000000,498903.000000,0.018532,0.048403,0.018532,0.021065,0.939740,0.919560,0.703732,0.345320,64:0.090;37:0.219;98:0.305;50:0.345;102:0.392,64:0.006;37:0.011;12:0.016;98:0.044;55:0.150
-4950,100,69,8,16,8,10,24368702.000000,428096.000000,1268486.000000,428096.000000,990415.000000,0.017567,0.052054,0.017567,0.040643,0.902840,0.453390,0.685554,0.260800,64:0.005;37:0.107;98:0.117;50:0.140;12:0.314,98:0.004;50:0.005;64:0.006;37:0.009;12:0.013
