{
  "violations": [
    {
      "id": "STORAGE_SMOOTHING_CHEAT",
      "severity": 99.03800865333332,
      "hardfail": false,
      "details": {
        "adequacy_var": 2.4049783666666888e-05,
        "loss_share": 0.010975962312108591
      }
    }
  ]
}