{
  "n": 16,
  "agg": {
    "max_unlocked": {
      "mean": 35.1875,
      "min": 27.0,
      "max": 45.0,
      "stdev": 6.043785547982324
    },
    "top1_max": {
      "mean": 0.059798125,
      "min": 0.043656,
      "max": 0.08829,
      "stdev": 0.013420322210527398
    },
    "top1_final": {
      "mean": 0.0412356875,
      "min": 0.0196,
      "max": 0.07307,
      "stdev": 0.01396358964735944
    },
    "wars_active_max": {
      "mean": 4.4375,
      "min": 4.0,
      "max": 8.0,
      "stdev": 1.0588171466310885
    },
    "major_wars_final": {
      "mean": 0.039284375,
      "min": 0.026978,
      "max": 0.052576,
      "stdev": 0.0069532257970221995
    },
    "civil_conflict_max": {
      "mean": 11.3125,
      "min": 7.0,
      "max": 19.0,
      "stdev": 3.4043859578490805
    },
    "civil_conflict_final": {
      "mean": 0.0625,
      "min": 0.0,
      "max": 1.0,
      "stdev": 0.24206145913796356
    },
    "fragmentation_max": {
      "mean": 0.0,
      "min": 0.0,
      "max": 0.0,
      "stdev": 0.0
    },
    "fragmentation_final": {
      "mean": 0.0,
      "min": 0.0,
      "max": 0.0,
      "stdev": 0.0
    },
    "hab0_final": {
      "mean": 0.45472575,
      "min": 0.385251,
      "max": 0.522242,
      "stdev": 0.030329537122457045
    },
    "habs_final": {
      "mean": 0.3341805,
      "min": 0.27404,
      "max": 0.374747,
      "stdev": 0.022475989903116618
    },
    "founder_count_final": {
      "mean": 10.4375,
      "min": 4.0,
      "max": 15.0,
      "stdev": 3.408972535823661
    },
    "founder_share_final": {
      "mean": 0.0291055,
      "min": 0.011396,
      "max": 0.041322,
      "stdev": 0.00927453638329162
    },
    "median_state_age_final": {
      "mean": 1626.09375,
      "min": 1180.0,
      "max": 2237.5,
      "stdev": 305.59364454441373
    },
    "p90_state_age_final": {
      "mean": 5367.34375,
      "min": 4548.0,
      "max": 6125.0,
      "stdev": 561.4037294683189
    },
    "election_count_max": {
      "mean": 68.5,
      "min": 34.0,
      "max": 116.0,
      "stdev": 16.027320424824605
    },
    "election_count_final": {
      "mean": 31.5,
      "min": 8.0,
      "max": 53.0,
      "stdev": 9.076067430335673
    },
    "tech_cap_final": {
      "mean": 1.0,
      "min": 1.0,
      "max": 1.0,
      "stdev": 0.0
    },
    "tech_cap_p90_final": {
      "mean": 1.0,
      "min": 1.0,
      "max": 1.0,
      "stdev": 0.0
    }
  },
  "runs": [
    {
      "seed": 1,
      "max_unlocked": 44,
      "top1_max": 0.058627,
      "top1_final": 0.039746,
      "wars_active_max": 4.0,
      "major_wars_final": 0.040591,
      "civil_conflict_max": 12.0,
      "civil_conflict_final": 0.0,
      "fragmentation_max": 0.0,
      "fragmentation_final": 0.0,
      "hab0_final": 0.458605,
      "habs_final": 0.336273,
      "founder_count_final": 11.0,
      "founder_share_final": 0.030899,
      "median_state_age_final": 2130.0,
      "p90_state_age_final": 5687.5,
      "election_count_max": 54.0,
      "election_count_final": 23.0,
      "tech_cap_final": 1.0,
      "tech_cap_p90_final": 1.0
    },
    {
      "seed": 2,
      "max_unlocked": 39,
      "top1_max": 0.053422,
      "top1_final": 0.041543,
      "wars_active_max": 4.0,
      "major_wars_final": 0.041847,
      "civil_conflict_max": 15.0,
      "civil_conflict_final": 0.0,
      "fragmentation_max": 0.0,
      "fragmentation_final": 0.0,
      "hab0_final": 0.454448,
      "habs_final": 0.348854,
      "founder_count_final": 13.0,
      "founder_share_final": 0.037037,
      "median_state_age_final": 1840.0,
      "p90_state_age_final": 6050.0,
      "election_count_max": 34.0,
      "election_count_final": 8.0,
      "tech_cap_final": 1.0,
      "tech_cap_p90_final": 1.0
    },
    {
      "seed": 3,
      "max_unlocked": 32,
      "top1_max": 0.08829,
      "top1_final": 0.049706,
      "wars_active_max": 4.0,
      "major_wars_final": 0.029131,
      "civil_conflict_max": 9.0,
      "civil_conflict_final": 0.0,
      "fragmentation_max": 0.0,
      "fragmentation_final": 0.0,
      "hab0_final": 0.465401,
      "habs_final": 0.33324,
      "founder_count_final": 14.0,
      "founder_share_final": 0.039106,
      "median_state_age_final": 2237.5,
      "p90_state_age_final": 5840.0,
      "election_count_max": 73.0,
      "election_count_final": 32.0,
      "tech_cap_final": 1.0,
      "tech_cap_p90_final": 1.0
    },
    {
      "seed": 4,
      "max_unlocked": 28,
      "top1_max": 0.043656,
      "top1_final": 0.0196,
      "wars_active_max": 4.0,
      "major_wars_final": 0.026978,
      "civil_conflict_max": 9.0,
      "civil_conflict_final": 0.0,
      "fragmentation_max": 0.0,
      "fragmentation_final": 0.0,
      "hab0_final": 0.470962,
      "habs_final": 0.353291,
      "founder_count_final": 9.0,
      "founder_share_final": 0.02459,
      "median_state_age_final": 1565.0,
      "p90_state_age_final": 4642.5,
      "election_count_max": 74.0,
      "election_count_final": 41.0,
      "tech_cap_final": 1.0,
      "tech_cap_p90_final": 1.0
    },
    {
      "seed": 5,
      "max_unlocked": 38,
      "top1_max": 0.056762,
      "top1_final": 0.043634,
      "wars_active_max": 4.0,
      "major_wars_final": 0.043326,
      "civil_conflict_max": 11.0,
      "civil_conflict_final": 0.0,
      "fragmentation_max": 0.0,
      "fragmentation_final": 0.0,
      "hab0_final": 0.489047,
      "habs_final": 0.350202,
      "founder_count_final": 10.0,
      "founder_share_final": 0.027397,
      "median_state_age_final": 1985.0,
      "p90_state_age_final": 6096.0,
      "election_count_max": 72.0,
      "election_count_final": 31.0,
      "tech_cap_final": 1.0,
      "tech_cap_p90_final": 1.0
    },
    {
      "seed": 6,
      "max_unlocked": 37,
      "top1_max": 0.065144,
      "top1_final": 0.045275,
      "wars_active_max": 4.0,
      "major_wars_final": 0.038062,
      "civil_conflict_max": 7.0,
      "civil_conflict_final": 0.0,
      "fragmentation_max": 0.0,
      "fragmentation_final": 0.0,
      "hab0_final": 0.402101,
      "habs_final": 0.312402,
      "founder_count_final": 11.0,
      "founder_share_final": 0.030812,
      "median_state_age_final": 1240.0,
      "p90_state_age_final": 4548.0,
      "election_count_max": 62.0,
      "election_count_final": 30.0,
      "tech_cap_final": 1.0,
      "tech_cap_p90_final": 1.0
    },
    {
      "seed": 7,
      "max_unlocked": 36,
      "top1_max": 0.054531,
      "top1_final": 0.034539,
      "wars_active_max": 4.0,
      "major_wars_final": 0.031015,
      "civil_conflict_max": 17.0,
      "civil_conflict_final": 0.0,
      "fragmentation_max": 0.0,
      "fragmentation_final": 0.0,
      "hab0_final": 0.44035,
      "habs_final": 0.305718,
      "founder_count_final": 4.0,
      "founder_share_final": 0.011396,
      "median_state_age_final": 1570.0,
      "p90_state_age_final": 4855.0,
      "election_count_max": 64.0,
      "election_count_final": 26.0,
      "tech_cap_final": 1.0,
      "tech_cap_p90_final": 1.0
    },
    {
      "seed": 8,
      "max_unlocked": 28,
      "top1_max": 0.055251,
      "top1_final": 0.039197,
      "wars_active_max": 4.0,
      "major_wars_final": 0.044985,
      "civil_conflict_max": 9.0,
      "civil_conflict_final": 0.0,
      "fragmentation_max": 0.0,
      "fragmentation_final": 0.0,
      "hab0_final": 0.431869,
      "habs_final": 0.321725,
      "founder_count_final": 6.0,
      "founder_share_final": 0.01662,
      "median_state_age_final": 1265.0,
      "p90_state_age_final": 4655.0,
      "election_count_max": 116.0,
      "election_count_final": 53.0,
      "tech_cap_final": 1.0,
      "tech_cap_p90_final": 1.0
    },
    {
      "seed": 9,
      "max_unlocked": 28,
      "top1_max": 0.04457,
      "top1_final": 0.026437,
      "wars_active_max": 4.0,
      "major_wars_final": 0.048842,
      "civil_conflict_max": 12.0,
      "civil_conflict_final": 0.0,
      "fragmentation_max": 0.0,