{
  "violations": [
    {
      "id": "STORAGE_SMOOTHING_CHEAT",
      "severity": 99.73544113777778,
      "hardfail": false,
      "details": {
        "adequacy_var": 6.613971555555575e-06,
        "loss_share": 0.013353619184718463
      }
    }
  ]
}