{
  "tuning": {
    "score_median": 40.72434457106475,
    "stddev": 0.692396942893256,
    "hardfail_rate": 0.0,
    "variance_penalty": 0.0,
    "hardfail_penalty": 0.0,
    "objective": 40.72434457106475
  },
  "holdout": {
    "score_median": 38.7314233536814,
    "stddev": 0.3617917974257878,
    "hardfail_rate": 0.0,
    "variance_penalty": 0.0,
    "hardfail_penalty": 0.0,
    "objective": 38.7314233536814
  },
  "top3": [
    "STORAGE_SMOOTHING_CHEAT"
  ]
}