year,event_type,country_index,country_name,country_culture,tech_id,tech_name,total_unlocked_techs
-5000,initial,0,North mitshamit Tribe,Indic Riverine,100,Cordage and Knots,19
-5000,initial,0,North mitshamit Tribe,Indic Riverine,101,Hide Working and Tailored Clothing,19
-5000,initial,0,North mitshamit Tribe,Indic Riverine,102,Hafted Stone Tools,19
-5000,initial,0,North mitshamit Tribe,Indic Riverine,105,Food Preservation,19
-5000,initial,0,North mitshamit Tribe,Indic Riverine,106,Storage Pits and Containers,19
-5000,initial,0,North mitshamit Tribe,Indic Riverine,107,Seasonal Aggregation Camps,19
-5000,initial,0,North mitshamit Tribe,Indic Riverine,110,Dog Domestication,19
-5000,initial,0,North mitshamit Tribe,Indic Riverine,111,Grinding Stones,19
-5000,initial,0,North mitshamit Tribe,Indic Riverine,112,Proto-cultivation,19
-5000,initial,0,North mitshamit Tribe,Indic Riverine,113,Sedentism,19
-5000,initial,0,North mitshamit Tribe,Indic Riverine,114,Enclosures and Herd Management,19
-5000,initial,0,North mitshamit Tribe,Indic Riverine,115,Counting Tokens and Tallies,19
-5000,initial,0,North mitshamit Tribe,Indic Riverine,116,Charcoal Firing,19
-5000,initial,0,North mitshamit Tribe,Indic Riverine,1,Pottery,19
-5000,initial,0,North mitshamit Tribe,Indic Riverine,2,Animal Husbandry,19
-5000,initial,0,North mitshamit Tribe,Indic Riverine,4,Mining,19
-5000,initial,0,North mitshamit Tribe,Indic Riverine,20,Agriculture,19
-5000,initial,0,North mitshamit Tribe,Indic Riverine,3,Archery,19
-5000,initial,0,North mitshamit Tribe,Indic Riverine,6,Calendar,19
-5000,initial,1,South shatandrapur Tribe,Indic Riverine,100,Cordage and Knots,19
-5000,initial,1,South shatandrapur Tribe,Indic Riverine,101,Hide Working and Tailored Clothing,19
-5000,initial,1,South shatandrapur Tribe,Indic Riverine,102,Hafted Stone Tools,19
-5000,initial,1,South shatandrapur Tribe,Indic Riverine,105,Food Preservation,19
-5000,initial,1,South shatandrapur Tribe,Indic Riverine,106,Storage Pits and Containers,19
-5000,initial,1,South shatandrapur Tribe,Indic Riverine,107,Seasonal Aggregation Camps,19
-5000,initial,1,South shatandrapur Tribe,Indic Riverine,110,Dog Domestication,19
-5000,initial,1,South shatandrapur Tribe,Indic Riverine,111,Grinding Stones,19
-5000,initial,1,South shatandrapur Tribe,Indic Riverine,112,Proto-cultivation,19
-5000,initial,1,South shatandrapur Tribe,Indic Riverine,113,Sedentism,19
-5000,initial,1,South shatandrapur Tribe,Indic Riverine,114,Enclosures and Herd Management,19
-5000,initial,1,South shatandrapur Tribe,Indic Riverine,115,Counting Tokens and Tallies,19
-5000,initial,1,South shatandrapur Tribe,Indic Riverine,116,Charcoal Firing,19
-5000,initial,1,South shatandrapur Tribe,Indic Riverine,1,Pottery,19
-5000,initial,1,South shatandrapur Tribe,Indic Riverine,2,Animal Husbandry,19
-5000,initial,1,South shatandrapur Tribe,Indic Riverine,4,Mining,19
-5000,initial,1,South shatandrapur Tribe,Indic Riverine,20,Agriculture,19
-5000,initial,1,South shatandrapur Tribe,Indic Riverine,3,Archery,19
-5000,initial,1,South shatandrapur Tribe,Indic Riverine,6,Calendar,19
-5000,initial,2,Old mitnaldesh Tribe,Indic Riverine,100,Cordage and Knots,19
-5000,initial,2,Old mitnaldesh Tribe,Indic Riverine,101,Hide Working and Tailored Clothing,19
-5000,initial,2,Old mitnaldesh Tribe,Indic Riverine,102,Hafted Stone Tools,19
-5000,initial,2,Old mitnaldesh Tribe,Indic Riverine,105,Food Preservation,19
-5000,initial,2,Old mitnaldesh Tribe,Indic Riverine,106,Storage Pits and Containers,19
-5000,initial,2,Old mitnaldesh Tribe,Indic Riverine,107,Seasonal Aggregation Camps,19
-5000,initial,2,Old mitnaldesh Tribe,Indic Riverine,110,Dog Domestication,19
-5000,initial,2,Old mitnaldesh Tribe,Indic Riverine,111,Grinding Stones,19
-5000,initial,2,Old mitnaldesh Tribe,Indic Riverine,112,Proto-cultivation,19
-5000,initial,2,Old mitnaldesh Tribe,Indic Riverine,113,Sedentism,19
-5000,initial,2,Old mitnaldesh Tribe,Indic Riverine,114,Enclosures and Herd Management,19
-5000,initial,2,Old mitnaldesh Tribe,Indic Riverine,115,Counting Tokens and Tallies,19
-5000,initial,2,Old mitnaldesh Tribe,Indic Riverine,116,Charcoal Firing,19
-5000,initial,2,Old mitnaldesh Tribe,Indic Riverine,1,Pottery,19
-5000,initial,2,Old mitnaldesh Tribe,Indic Riverine,2,Animal Husbandry,19
-5000,initial,2,Old mitnaldesh Tribe,Indic Riverine,4,Mining,19
-5000,initial,2,Old mitnaldesh Tribe,Indic Riverine,20,Agriculture,19
-5000,initial,2,Old mitnaldesh Tribe,Indic Riverine,3,Archery,19
-5000,initial,2,Old mitnaldesh Tribe,Indic Riverine,6,Calendar,19
-5000,initial,3,Great kandranalnagar Tribe,Indic Riverine,100,Cordage and Knots,19
-5000,initial,3,Great kandranalnagar Tribe,Indic Riverine,101,Hide Working and Tailored Clothing,19
-5000,initial,3,Great kandranalnagar Tribe,Indic Riverine,102,Hafted Stone Tools,19
-5000,initial,3,Great kandranalnagar Tribe,Indic Riverine,105,Food Preservation,19
-5000,initial,3,Great kandranalnagar Tribe,Indic Riverine,106,Storage Pits and Containers,19
-5000,initial,3,Great kandranalnagar Tribe,Indic Riverine,107,Seasonal Aggregation Camps,19
-5000,initial,3,Great kandranalnagar Tribe,Indic Riverine,110,Dog Domestication,19
-5000,initial,3,Great kandranalnagar Tribe,Indic Riverine,111,Grinding Stones,19
-5000,initial,3,Great kandranalnagar Tribe,Indic Riverine,112,Proto-cultivation,19
-5000,initial,3,Great kandranalnagar Tribe,Indic Riverine,113,Sedentism,19
-5000,initial,3,Great kandranalnagar Tribe,Indic Riverine,114,Enclosures and Herd Management,19
-5000,initial,3,Great kandranalnagar Tribe,Indic Riverine,115,Counting Tokens and Tallies,19
-5000,initial,3,Great kandranalnagar Tribe,Indic Riverine,116,Charcoal Firing,19
-5000,initial,3,Great kandranalnagar Tribe,Indic Riverine,1,Pottery,19
-5000,initial,3,Great kandranalnagar Tribe,Indic Riverine,2,Animal Husbandry,19
-5000,initial,3,Great kandranalnagar Tribe,Indic Riverine,4,Mining,19
-5000,initial,3,Great kandranalnagar Tribe,Indic Riverine,20,Agriculture,19
-5000,initial,3,Great kandranalnagar Tribe,Indic Riverine,3,Archery,19
-5000,initial,3,Great kandranalnagar Tribe,Indic Riverine,6,Calendar,19
-5000,initial,4,Nalranalpur Tribe,Indic Riverine,100,Cordage and Knots,19
-5000,initial,4,Nalranalpur Tribe,Indic Riverine,101,Hide Working and Tailored Clothing,19
-5000,initial,4,Nalranalpur Tribe,Indic Riverine,102,Hafted Stone Tools,19
-5000,initial,4,Nalranalpur Tribe,Indic Riverine,105,Food Preservation,19
-5000,initial,4,Nalranalpur Tribe,Indic Riverine,106,Storage Pits and Containers,19
-5000,initial,4,Nalranalpur Tribe,Indic Riverine,107,Seasonal Aggregation Camps,19
-5000,initial,4,Nalranalpur Tribe,Indic Riverine,110,Dog Domestication,19
-5000,initial,4,Nalranalpur Tribe,Indic Riverine,111,Grinding Stones,19
-5000,initial,4,Nalranalpur Tribe,Indic Riverine,112,Proto-cultivation,19
-5000,initial,4,Nalranalpur Tribe,Indic Riverine,113,Sedentism,19
-5000,initial,4,Nalranalpur Tribe,Indic Riverine,114,Enclosures and Herd Management,19
-5000,initial,4,Nalranalpur Tribe,Indic Riverine,115,Counting Tokens and Tallies,19
-5000,initial,4,Nalranalpur Tribe,Indic Riverine,116,Charcoal Firing,19
-5000,initial,4,Nalranalpur Tribe,Indic Riverine,1,Pottery,19
-5000,initial,4,Nalranalpur Tribe,Indic Riverine,2,Animal Husbandry,19
-5000,initial,4,Nalranalpur Tribe,Indic Riverine,4,Mining,19
-5000,initial,4,Nalranalpur Tribe,Indic Riverine,20,Agriculture,19
-5000,initial,4,Nalranalpur Tribe,Indic Riverine,3,Archery,19
-5000,initial,4,Nalranalpur Tribe,Indic Riverine,6,Calendar,19
-5000,initial,5,New vitanvia Tribe,Indic Riverine,100,Cordage and Knots,19
-5000,initial,5,New vitanvia Tribe,Indic Riverine,101,Hide Working and Tailored Clothing,19
-5000,initial,5,New vitanvia Tribe,Indic Riverine,102,Hafted Stone Tools,19
-5000,initial,5,New vitanvia Tribe,Indic Riverine,105,Food Preservation,19
-5000,initial,5,New vitanvia Tribe,Indic Riverine,106,Storage Pits and Containers,19
-5000,initial,5,New vitanvia Tribe,Indic Riverine,107,Seasonal Aggregation Camps,19
-5000,initial,5,New vitanvia Tribe,Indic Riverine,110,Dog Domestication,19
-5000,initial,5,New vitanvia Tribe,Indic Riverine,111,Grinding Stones,19
-5000,initial,5,New vitanvia Tribe,Indic Riverine,112,Proto-cultivation,19
-5000,initial,5,New vitanvia Tribe,Indic Riverine,113,Sedentism,19
-5000,initial,5,New vitanvia Tribe,Indic Riverine,114,Enclosures and Herd Management,19
-5000,initial,5,New vitanvia Tribe,Indic Riverine,115,Counting Tokens and Tallies,19
-5000,initial,5,New vitanvia Tribe,Indic Riverine,116,Charcoal Firing,19
-5000,initial,5,New vitanvia Tribe,Indic Riverine,1,Pottery,19
-5000,initial,5,New vitanvia Tribe,Indic Riverine,2,Animal Husbandry,19
-5000,initial,5,New vitanvia Tribe,Indic Riverine,4,Mining,19
-5000,initial,5,New vitanvia Tribe,Indic Riverine,20,Agriculture,19
-5000,initial,5,New vitanvia Tribe,Indic Riverine,3,Archery,19
-5000,initial,5,New vitanvia Tribe,Indic Riverine,6,Calendar,19
-5000,initial,6,North nalvinagar Tribe,Indic Riverine,100,Cordage and Knots,19
-5000,initial,6,North nalvinagar Tribe,Indic Riverine,101,Hide Working and Tailored Clothing,19
-5000,initial,6,North nalvinagar Tribe,Indic Riverine,102,Hafted Stone Tools,19
-5000,initial,6,North nalvinagar Tribe,Indic Riverine,105,Food Preservation,19
-5000,initial,6,North nalvinagar Tribe,Indic Riverine,106,Storage Pits and Containers,19
-5000,initial,6,North nalvinagar Tribe,Indic Riverine,107,Seasonal Aggregation Camps,19
-5000,initial,6,North nalvinagar Tribe,Indic Riverine,110,Dog Domestication,19
-5000,initial,6,North nalvinagar Tribe,Indic Riverine,111,Grinding Stones,19
-5000,initial,6,North nalvinagar Tribe,Indic Riverine,112,Proto-cultivation,19
-5000,initial,6,North nalvinagar Tribe,Indic Riverine,113,Sedentism,19
-5000,initial,6,North nalvinagar Tribe,Indic Riverine,114,Enclosures and Herd Management,19
-5000,initial,6,North nalvinagar Tribe,Indic Riverine,115,Counting Tokens and Tallies,19
-5000,initial,6,North nalvinagar Tribe,Indic Riverine,116,Charcoal Firing,19
-5000,initial,6,North nalvinagar Tribe,Indic Riverine,1,Pottery,19
-5000,initial,6,North nalvinagar Tribe,Indic Riverine,2,Animal Husbandry,19
-5000,initial,6,North nalvinagar Tribe,Indic Riverine,4,Mining,19
-5000,initial,6,North nalvinagar Tribe,Indic Riverine,20,Agriculture,19
-5000,initial,6,North nalvinagar Tribe,Indic Riverine,3,Archery,19
-5000,initial,6,North nalvinagar Tribe,Indic Riverine,6,Calendar,19
-5000,initial,7,Great surtantannagar Tribe,Indic Riverine,100,Cordage and Knots,19
-5000,initial,7,Great surtantannagar Tribe,Indic Riverine,101,Hide Working and Tailored Clothing,19
-5000,initial,7,Great surtantannagar Tribe,Indic Riverine,102,Hafted Stone Tools,19
-5000,initial,7,Great surtantannagar Tribe,Indic Riverine,105,Food Preservation,19
-5000,initial,7,Great surtantannagar Tribe,Indic Riverine,106,Storage Pits and Containers,19
-5000,initial,7,Great surtantannagar Tribe,Indic Riverine,107,Seasonal Aggregation Camps,19
-5000,initial,7,Great surtantannagar Tribe,Indic Riverine,110,Dog Domestication,19
-5000,initial,7,Great surtantannagar Tribe,Indic Riverine,111,Grinding Stones,19
-5000,initial,7,Great surtantannagar Tribe,Indic Riverine,112,Proto-cultivation,19
-5000,initial,7,Great surtantannagar Tribe,Indic Riverine,113,Sedentism,19
-5000,initial,7,Great surtantannagar Tribe,Indic Riverine,114,Enclosures and Herd Management,19
-5000,initial,7,Great surtantannagar Tribe,Indic Riverine,115,Counting Tokens and Tallies,19
-5000,initial,7,Great surtantannagar Tribe,Indic Riverine,116,Charcoal Firing,19
-5000,initial,7,Great surtantannagar Tribe,Indic Riverine,1,Pottery,19
-5000,initial,7,Great surtantannagar Tribe,Indic Riverine,2,Animal Husbandry,19
-5000,initial,7,Great surtantannagar Tribe,Indic Riverine,4,Mining,19
-5000,initial,7,Great surtantannagar Tribe,Indic Riverine,20,Agriculture,19
-5000,initial,7,Great surtantannagar Tribe,Indic Riverine,3,Archery,19
-5000,initial,7,Great surtantannagar Tribe,Indic Riverine,6,Calendar,19
-5000,initial,8,Visurvara Tribe,Indic Riverine,100,Cordage and Knots,19
-5000,initial,8,Visurvara Tribe,Indic Riverine,101,Hide Working and Tailored Clothing,19
-5000,initial,8,Visurvara Tribe,Indic Riverine,102,Hafted Stone Tools,19
-5000,initial,8,Visurvara Tribe,Indic Riverine,105,Food Preservation,19
-5000,initial,8,Visurvara Tribe,Indic Riverine,106,Storage Pits and Containers,19
-5000,initial,8,Visurvara Tribe,Indic Riverine,107,Seasonal Aggregation Camps,19
-5000,initial,8,Visurvara Tribe,Indic Riverine,110,Dog Domestication,19
-5000,initial,8,Visurvara Tribe,Indic Riverine,111,Grinding Stones,19
-5000,initial,8,Visurvara Tribe,Indic Riverine,112,Proto-cultivation,19
-5000,initial,8,Visurvara Tribe,Indic Riverine,113,Sedentism,19
-5000,initial,8,Visurvara Tribe,Indic Riverine,114,Enclosures and Herd Management,19
-5000,initial,8,Visurvara Tribe,Indic Riverine,115,Counting Tokens and Tallies,19
-5000,initial,8,Visurvara Tribe,Indic Riverine,116,Charcoal Firing,19
-5000,initial,8,Visurvara Tribe,Indic Riverine,1,Pottery,19
-5000,initial,8,Visurvara Tribe,Indic Riverine,2,Animal Husbandry,19
-5000,initial,8,Visurvara Tribe,Indic Riverine,4,Mining,19
-5000,initial,8,Visurvara Tribe,Indic Riverine,20,Agriculture,19
-5000,initial,8,Visurvara Tribe,Indic Riverine,3,Archery,19
-5000,initial,8,Visurvara Tribe,Indic Riverine,6,Calendar,19
-5000,initial,9,Rakannagar Tribe,Indic Riverine,100,Cordage and Knots,19
-5000,initial,9,Rakannagar Tribe,Indic Riverine,101,Hide Working and Tailored Clothing,19
-5000,initial,9,Rakannagar Tribe,Indic Riverine,102,Hafted Stone Tools,19
-5000,initial,9,Rakannagar Tribe,Indic Riverine,105,Food Preservation,19
-5000,initial,9,Rakannagar Tribe,Indic Riverine,106,Storage Pits and Containers,19
-5000,initial,9,Rakannagar Tribe,Indic Riverine,107,Seasonal Aggregation Camps,19
-5000,initial,9,Rakannagar Tribe,Indic Riverine,110,Dog Domestication,19
-5000,initial,9,Rakannagar Tribe,Indic Riverine,111,Grinding Stones,19
-5000,initial,9,Rakannagar Tribe,Indic Riverine,112,Proto-cultivation,19
-5000,initial,9,Rakannagar Tribe,Indic Riverine,113,Sedentism,19
-5000,initial,9,Rakannagar Tribe,Indic Riverine,114,Enclosures and Herd Management,19
-5000,initial,9,Rakannagar Tribe,Indic Riverine,115,Counting Tokens and Tallies,19
-5000,initial,9,Rakannagar Tribe,Indic Riverine,116,Charcoal Firing,19
-5000,initial,9,Rakannagar Tribe,Indic Riverine,1,Pottery,19
-5000,initial,9,Rakannagar Tribe,Indic Riverine,2,Animal Husbandry,19
-5000,initial,9,Rakannagar Tribe,Indic Riverine,4,Mining,19
-5000,initial,9,Rakannagar Tribe,Indic Riverine,20,Agriculture,19
-5000,initial,9,Rakannagar Tribe,Indic Riverine,3,Archery,19
-5000,initial,9,Rakannagar Tribe,Indic Riverine,6,Calendar,19
-5000,initial,10,Old varvividesh Tribe,Indic Riverine,100,Cordage and Knots,19
-5000,initial,10,Old varvividesh Tribe,Indic Riverine,101,Hide Working and Tailored Clothing,19
-5000,initial,10,Old varvividesh Tribe,Indic Riverine,102,Hafted Stone Tools,19
-5000,initial,10,Old varvividesh Tribe,Indic Riverine,105,Food Preservation,19
-5000,initial,10,Old varvividesh Tribe,Indic Riverine,106,Storage Pits and Containers,19
-5000,initial,10,Old varvividesh Tribe,Indic Riverine,107,Seasonal Aggregation Camps,19
-5000,initial,10,Old varvividesh Tribe,Indic Riverine,110,Dog Domestication,19
-5000,initial,10,Old varvividesh Tribe,Indic Riverine,111,Grinding Stones,19
-5000,initial,10,Old varvividesh Tribe,Indic Riverine,112,Proto-cultivation,19
-5000,initial,10,Old varvividesh Tribe,Indic Riverine,113,Sedentism,19
-5000,initial,10,Old varvividesh Tribe,Indic Riverine,114,Enclosures and Herd Management,19
-5000,initial,10,Old varvividesh Tribe,Indic Riverine,115,Counting Tokens and Tallies,19
-5000,initial,10,Old varvividesh Tribe,Indic Riverine,116,Charcoal Firing,19
-5000,initial,10,Old varvividesh Tribe,Indic Riverine,1,Pottery,19
-5000,initial,10,Old varvividesh Tribe,Indic Riverine,2,Animal Husbandry,19
-5000,initial,10,Old varvividesh Tribe,Indic Riverine,4,Mining,19
-5000,initial,10,Old varvividesh Tribe,Indic Riverine,20,Agriculture,19
-5000,initial,10,Old varvividesh Tribe,Indic Riverine,3,Archery,19
-5000,initial,10,Old varvividesh Tribe,Indic Riverine,6,Calendar,19
-5000,initial,11,South rakandrapur Tribe,Indic Riverine,100,Cordage and Knots,19
-5000,initial,11,South rakandrapur Tribe,Indic Riverine,101,Hide Working and Tailored Clothing,19
-5000,initial,11,South rakandrapur Tribe,Indic Riverine,102,Hafted Stone Tools,19
-5000,initial,11,South rakandrapur Tribe,Indic Riverine,105,Food Preservation,19
-5000,initial,11,South rakandrapur Tribe,Indic Riverine,106,Storage Pits and Containers,19
-5000,initial,11,South rakandrapur Tribe,Indic Riverine,107,Seasonal Aggregation Camps,19
-5000,initial,11,South rakandrapur Tribe,Indic Riverine,110,Dog Domestication,19
-5000,initial,11,South rakandrapur Tribe,Indic Riverine,111,Grinding Stones,19
-5000,initial,11,South rakandrapur Tribe,Indic Riverine,112,Proto-cultivation,19
-5000,initial,11,South rakandrapur Tribe,Indic Riverine,113,Sedentism,19
-5000,initial,11,South rakandrapur Tribe,Indic Riverine,114,Enclosures and Herd Management,19
-5000,initial,11,South rakandrapur Tribe,Indic Riverine,115,Counting Tokens and Tallies,19
-5000,initial,11,South rakandrapur Tribe,Indic Riverine,116,Charcoal Firing,19
-5000,initial,11,South rakandrapur Tribe,Indic Riverine,1,Pottery,19
-5000,initial,11,South rakandrapur Tribe,Indic Riverine,2,Animal Husbandry,19
-5000,initial,11,South rakandrapur Tribe,Indic Riverine,4,Mining,19
-5000,initial,11,South rakandrapur Tribe,Indic Riverine,20,Agriculture,19
-5000,initial,11,South rakandrapur Tribe,Indic Riverine,3,Archery,19
-5000,initial,11,South rakandrapur Tribe,Indic Riverine,6,Calendar,19
-5000,initial,12,South shatansura Tribe,Indic Riverine,100,Cordage and Knots,19
-5000,initial,12,South shatansura Tribe,Indic Riverine,101,Hide Working and Tailored Clothing,19
-5000,initial,12,South shatansura Tribe,Indic Riverine,102,Hafted Stone Tools,19
-5000,initial,12,South shatansura Tribe,Indic Riverine,105,Food Preservation,19
-5000,initial,12,South shatansura Tribe,Indic Riverine,106,Storage Pits and Containers,19
-5000,initial,12,South shatansura Tribe,Indic Riverine,107,Seasonal Aggregation Camps,19
-5000,initial,12,South shatansura Tribe,Indic Riverine,110,Dog Domestication,19
-5000,initial,12,South shatansura Tribe,Indic Riverine,111,Grinding Stones,19
-5000,initial,12,South shatansura Tribe,Indic Riverine,112,Proto-cultivation,19
-5000,initial,12,South shatansura Tribe,Indic Riverine,113,Sedentism,19
-5000,initial,12,South shatansura Tribe,Indic Riverine,114,Enclosures and Herd Management,19
-5000,initial,12,South shatansura Tribe,Indic Riverine,115,Counting Tokens and Tallies,19
-5000,initial,12,South shatansura Tribe,Indic Riverine,116,Charcoal Firing,19
-5000,initial,12,South shatansura Tribe,Indic Riverine,1,Pottery,19
-5000,initial,12,South shatansura Tribe,Indic Riverine,2,Animal Husbandry,19
-5000,initial,12,South shatansura Tribe,Indic Riverine,4,Mining,19
-5000,initial,12,South shatansura Tribe,Indic Riverine,20,Agriculture,19
-5000,initial,12,South shatansura Tribe,Indic Riverine,3,Archery,19
-5000,initial,12,South shatansura Tribe,Indic Riverine,6,Calendar,19
-5000,initial,13,Great sursurranagar Tribe,Indic Riverine,100,Cordage and Knots,19
-5000,initial,13,Great sursurranagar Tribe,Indic Riverine,101,Hide Working and Tailored Clothing,19
-5000,initial,13,Great sursurranagar Tribe,Indic Riverine,102,Hafted Stone Tools,19
-5000,initial,13,Great sursurranagar Tribe,Indic Riverine,105,Food Preservation,19
-5000,initial,13,Great sursurranagar Tribe,Indic Riverine,106,Storage Pits and Containers,19
-5000,initial,13,Great sursurranagar Tribe,Indic Riverine,107,Seasonal Aggregation Camps,19
-5000,initial,13,Great sursurranagar Tribe,Indic Riverine,110,Dog Domestication,19
-5000,initial,13,Great sursurranagar Tribe,Indic Riverine,111,Grinding Stones,19
-5000,initial,13,Great sursurranagar Tribe,Indic Riverine,112,Proto-cultivation,19
-5000,initial,13,Great sursurranagar Tribe,Indic Riverine,113,Sedentism,19
-5000,initial,13,Great sursurranagar Tribe,Indic Riverine,114,Enclosures and Herd Management,19
-5000,initial,13,Great sursurranagar Tribe,Indic Riverine,115,Counting Tokens and Tallies,19
-5000,initial,13,Great sursurranagar Tribe,Indic Riverine,116,Charcoal Firing,19
-5000,initial,13,Great sursurranagar Tribe,Indic Riverine,1,Pottery,19
-5000,initial,13,Great sursurranagar Tribe,Indic Riverine,2,Animal Husbandry,19
-5000,initial,13,Great sursurranagar Tribe,Indic Riverine,4,Mining,19
-5000,initial,13,Great sursurranagar Tribe,Indic Riverine,20,Agriculture,19
-5000,initial,13,Great sursurranagar Tribe,Indic Riverine,3,Archery,19
-5000,initial,13,Great sursurranagar Tribe,Indic Riverine,6,Calendar,19
-5000,initial,14,South zhowei Tribe,East Riverine,100,Cordage and Knots,19
-5000,initial,14,South zhowei Tribe,East Riverine,101,Hide Working and Tailored Clothing,19
-5000,initial,14,South zhowei Tribe,East Riverine,102,Hafted Stone Tools,19
-5000,initial,14,South zhowei Tribe,East Riverine,105,Food Preservation,19
-5000,initial,14,South zhowei Tribe,East Riverine,106,Storage Pits and Containers,19
-5000,initial,14,South zhowei Tribe,East Riverine,107,Seasonal Aggregation Camps,19
-5000,initial,14,South zhowei Tribe,East Riverine,110,Dog Domestication,19
-5000,initial,14,South zhowei Tribe,East Riverine,111,Grinding Stones,19
-5000,initial,14,South zhowei Tribe,East Riverine,112,Proto-cultivation,19
-5000,initial,14,South zhowei Tribe,East Riverine,113,Sedentism,19
-5000,initial,14,South zhowei Tribe,East Riverine,114,Enclosures and Herd Management,19
-5000,initial,14,South zhowei Tribe,East Riverine,115,Counting Tokens and Tallies,19
-5000,initial,14,South zhowei Tribe,East Riverine,116,Charcoal Firing,19
-5000,initial,14,South zhowei Tribe,East Riverine,1,Pottery,19
-5000,initial,14,South zhowei Tribe,East Riverine,2,Animal Husbandry,19
-5000,initial,14,South zhowei Tribe,East Riverine,4,Mining,19
-5000,initial,14,South zhowei Tribe,East Riverine,20,Agriculture,19
-5000,initial,14,South zhowei Tribe,East Riverine,3,Archery,19
-5000,initial,14,South zhowei Tribe,East Riverine,6,Calendar,19
-5000,initial,15,Old minliling Tribe,East Riverine,100,Cordage and Knots,19
-5000,initial,15,Old minliling Tribe,East Riverine,101,Hide Working and Tailored Clothing,19
-5000,initial,15,Old minliling Tribe,East Riverine,102,Hafted Stone Tools,19
-5000,initial,15,Old minliling Tribe,East Riverine,105,Food Preservation,19
-5000,initial,15,Old minliling Tribe,East Riverine,106,Storage Pits and Containers,19
-5000,initial,15,Old minliling Tribe,East Riverine,107,Seasonal Aggregation Camps,19
-5000,initial,15,Old minliling Tribe,East Riverine,110,Dog Domestication,19
-5000,initial,15,Old minliling Tribe,East Riverine,111,Grinding Stones,19
-5000,initial,15,Old minliling Tribe,East Riverine,112,Proto-cultivation,19
-5000,initial,15,Old minliling Tribe,East Riverine,113,Sedentism,19
-5000,initial,15,Old minliling Tribe,East Riverine,114,Enclosures and Herd Management,19
-5000,initial,15,Old minliling Tribe,East Riverine,115,Counting Tokens and Tallies,19
-5000,initial,15,Old minliling Tribe,East Riverine,116,Charcoal Firing,19
-5000,initial,15,Old minliling Tribe,East Riverine,1,Pottery,19
-5000,initial,15,Old minliling Tribe,East Riverine,2,Animal Husbandry,19
-5000,initial,15,Old minliling Tribe,East Riverine,4,Mining,19
-5000,initial,15,Old minliling Tribe,East Riverine,20,Agriculture,19
-5000,initial,15,Old minliling Tribe,East Riverine,3,Archery,19
-5000,initial,15,Old minliling Tribe,East Riverine,6,Calendar,19
-5000,initial,16,Great qinhanweiling Tribe,East Riverine,100,Cordage and Knots,19
-5000,initial,16,Great qinhanweiling Tribe,East Riverine,101,Hide Working and Tailored Clothing,19
-5000,initial,16,Great qinhanweiling Tribe,East Riverine,102,Hafted Stone Tools,19
-5000,initial,16,Great qinhanweiling Tribe,East Riverine,105,Food Preservation,19
-5000,initial,16,Great qinhanweiling Tribe,East Riverine,106,Storage Pits and Containers,19
-5000,initial,16,Great qinhanweiling Tribe,East Riverine,107,Seasonal Aggregation Camps,19
-5000,initial,16,Great qinhanweiling Tribe,East Riverine,110,Dog Domestication,19
-5000,initial,16,Great qinhanweiling Tribe,East Riverine,111,Grinding Stones,19
-5000,initial,16,Great qinhanweiling Tribe,East Riverine,112,Proto-cultivation,19
-5000,initial,16,Great qinhanweiling Tribe,East Riverine,113,Sedentism,19
-5000,initial,16,Great qinhanweiling Tribe,East Riverine,114,Enclosures and Herd Management,19
-5000,initial,16,Great qinhanweiling Tribe,East Riverine,115,Counting Tokens and Tallies,19
-5000,initial,16,Great qinhanweiling Tribe,East Riverine,116,Charcoal Firing,19
-5000,initial,16,Great qinhanweiling Tribe,East Riverine,1,Pottery,19
-5000,initial,16,Great qinhanweiling Tribe,East Riverine,2,Animal Husbandry,19
-5000,initial,16,Great qinhanweiling Tribe,East Riverine,4,Mining,19
-5000,initial,16,Great qinhanweiling Tribe,East Riverine,20,Agriculture,19
-5000,initial,16,Great qinhanweiling Tribe,East Riverine,3,Archery,19
-5000,initial,16,Great qinhanweiling Tribe,East Riverine,6,Calendar,19
-5000,initial,17,New qinlinling Tribe,East Riverine,100,Cordage and Knots,19
-5000,initial,17,New qinlinling Tribe,East Riverine,101,Hide Working and Tailored Clothing,19
-5000,initial,17,New qinlinling Tribe,East Riverine,102,Hafted Stone Tools,19
-5000,initial,17,New qinlinling Tribe,East Riverine,105,Food Preservation,19
-5000,initial,17,New qinlinling Tribe,East Riverine,106,Storage Pits and Containers,19
-5000,initial,17,New qinlinling Tribe,East Riverine,107,Seasonal Aggregation Camps,19
-5000,initial,17,New qinlinling Tribe,East Riverine,110,Dog Domestication,19
-5000,initial,17,New qinlinling Tribe,East Riverine,111,Grinding Stones,19
-5000,initial,17,New qinlinling Tribe,East Riverine,112,Proto-cultivation,19
-5000,initial,17,New qinlinling Tribe,East Riverine,113,Sedentism,19
-5000,initial,17,New qinlinling Tribe,East Riverine,114,Enclosures and Herd Management,19
-5000,initial,17,New qinlinling Tribe,East Riverine,115,Counting Tokens and Tallies,19
-5000,initial,17,New qinlinling Tribe,East Riverine,116,Charcoal Firing,19
-5000,initial,17,New qinlinling Tribe,East Riverine,1,Pottery,19
-5000,initial,17,New qinlinling Tribe,East Riverine,2,Animal Husbandry,19
-5000,initial,17,New qinlinling Tribe,East Riverine,4,Mining,19
-5000,initial,17,New qinlinling Tribe,East Riverine,20,Agriculture,19
-5000,initial,17,New qinlinling Tribe,East Riverine,3,Archery,19
-5000,initial,17,New qinlinling Tribe,East Riverine,6,Calendar,19
-5000,initial,18,Old xiazhotaizhou Tribe,East Riverine,100,Cordage and Knots,19
-5000,initial,18,Old xiazhotaizhou Tribe,East Riverine,101,Hide Working and Tailored Clothing,19
-5000,initial,18,Old xiazhotaizhou Tribe,East Riverine,102,Hafted Stone Tools,19
-5000,initial,18,Old xiazhotaizhou Tribe,East Riverine,105,Food Preservation,19
-5000,initial,18,Old xiazhotaizhou Tribe,East Riverine,106,Storage Pits and Containers,19
-5000,initial,18,Old xiazhotaizhou Tribe,East Riverine,107,Seasonal Aggregation Camps,19
-5000,initial,18,Old xiazhotaizhou Tribe,East Riverine,110,Dog Domestication,19
-5000,initial,18,Old xiazhotaizhou Tribe,East Riverine,111,Grinding Stones,19
-5000,initial,18,Old xiazhotaizhou Tribe,East Riverine,112,Proto-cultivation,19
-5000,initial,18,Old xiazhotaizhou Tribe,East Riverine,113,Sedentism,19
-5000,initial,18,Old xiazhotaizhou Tribe,East Riverine,114,Enclosures and Herd Management,19
-5000,initial,18,Old xiazhotaizhou Tribe,East Riverine,115,Counting Tokens and Tallies,19
-5000,initial,18,Old xiazhotaizhou Tribe,East Riverine,116,Charcoal Firing,19
-5000,initial,18,Old xiazhotaizhou Tribe,East Riverine,1,Pottery,19
-5000,initial,18,Old xiazhotaizhou Tribe,East Riverine,2,Animal Husbandry,19
-5000,initial,18,Old xiazhotaizhou Tribe,East Riverine,4,Mining,19
-5000,initial,18,Old xiazhotaizhou Tribe,East Riverine,20,Agriculture,19
-5000,initial,18,Old xiazhotaizhou Tribe,East Riverine,3,Archery,19
-5000,initial,18,Old xiazhotaizhou Tribe,East Riverine,6,Calendar,19
-5000,initial,19,New lihanzhou Tribe,East Riverine,100,Cordage and Knots,19
-5000,initial,19,New lihanzhou Tribe,East Riverine,101,Hide Working and Tailored Clothing,19
-5000,initial,19,New lihanzhou Tribe,East Riverine,102,Hafted Stone Tools,19
-5000,initial,19,New lihanzhou Tribe,East Riverine,105,Food Preservation,19
-5000,initial,19,New lihanzhou Tribe,East Riverine,106,Storage Pits and Containers,19
-5000,initial,19,New lihanzhou Tribe,East Riverine,107,Seasonal Aggregation Camps,19
-5000,initial,19,New lihanzhou Tribe,East Riverine,110,Dog Domestication,19
-5000,initial,19,New lihanzhou Tribe,East Riverine,111,Grinding Stones,19
-5000,initial,19,New lihanzhou Tribe,East Riverine,112,Proto-cultivation,19
-5000,initial,19,New lihanzhou Tribe,East Riverine,113,Sedentism,19
-5000,initial,19,New lihanzhou Tribe,East Riverine,114,Enclosures and Herd Management,19
-5000,initial,19,New lihanzhou Tribe,East Riverine,115,Counting Tokens and Tallies,19
-5000,initial,19,New lihanzhou Tribe,East Riverine,116,Charcoal Firing,19
-5000,initial,19,New lihanzhou Tribe,East Riverine,1,Pottery,19
-5000,initial,19,New lihanzhou Tribe,East Riverine,2,Animal Husbandry,19
-5000,initial,19,New lihanzhou Tribe,East Riverine,4,Mining,19
-5000,initial,19,New lihanzhou Tribe,East Riverine,20,Agriculture,19
-5000,initial,19,New lihanzhou Tribe,East Riverine,3,Archery,19
-5000,initial,19,New lihanzhou Tribe,East Riverine,6,Calendar,19
-5000,initial,20,New linlinzhoshan Tribe,East Riverine,100,Cordage and Knots,19
-5000,initial,20,New linlinzhoshan Tribe,East Riverine,101,Hide Working and Tailored Clothing,19
-5000,initial,20,New linlinzhoshan Tribe,East Riverine,102,Hafted Stone Tools,19
-5000,initial,20,New linlinzhoshan Tribe,East Riverine,105,Food Preservation,19
-5000,initial,20,New linlinzhoshan Tribe,East Riverine,106,Storage Pits and Containers,19
-5000,initial,20,New linlinzhoshan Tribe,East Riverine,107,Seasonal Aggregation Camps,19
-5000,initial,20,New linlinzhoshan Tribe,East Riverine,110,Dog Domestication,19
-5000,initial,20,New linlinzhoshan Tribe,East Riverine,111,Grinding Stones,19
-5000,initial,20,New linlinzhoshan Tribe,East Riverine,112,Proto-cultivation,19
-5000,initial,20,New linlinzhoshan Tribe,East Riverine,113,Sedentism,19
-5000,initial,20,New linlinzhoshan Tribe,East Riverine,114,Enclosures and Herd Management,19
-5000,initial,20,New linlinzhoshan Tribe,East Riverine,115,Counting Tokens and Tallies,19
-5000,initial,20,New linlinzhoshan Tribe,East Riverine,116,Charcoal Firing,19
-5000,initial,20,New linlinzhoshan Tribe,East Riverine,1,Pottery,19
-5000,initial,20,New linlinzhoshan Tribe,East Riverine,2,Animal Husbandry,19
-5000,initial,20,New linlinzhoshan Tribe,East Riverine,4,Mining,19
-5000,initial,20,New linlinzhoshan Tribe,East Riverine,20,Agriculture,19
-5000,initial,20,New linlinzhoshan Tribe,East Riverine,3,Archery,19
-5000,initial,20,New linlinzhoshan Tribe,East Riverine,6,Calendar,19
-5000,initial,21,North hanlishan Tribe,East Riverine,100,Cordage and Knots,19
-5000,initial,21,North hanlishan Tribe,East Riverine,101,Hide Working and Tailored Clothing,19
-5000,initial,21,North hanlishan Tribe,East Riverine,102,Hafted Stone Tools,19
-5000,initial,21,North hanlishan Tribe,East Riverine,105,Food Preservation,19
-5000,initial,21,North hanlishan Tribe,East Riverine,106,Storage Pits and Containers,19
-5000,initial,21,North hanlishan Tribe,East Riverine,107,Seasonal Aggregation Camps,19
-5000,initial,21,North hanlishan Tribe,East Riverine,110,Dog Domestication,19
-5000,initial,21,North hanlishan Tribe,East Riverine,111,Grinding Stones,19
-5000,initial,21,North hanlishan Tribe,East Riverine,112,Proto-cultivation,19
-5000,initial,21,North hanlishan Tribe,East Riverine,113,Sedentism,19
-5000,initial,21,North hanlishan Tribe,East Riverine,114,Enclosures and Herd Management,19
-5000,initial,21,North hanlishan Tribe,East Riverine,115,Counting Tokens and Tallies,19
-5000,initial,21,North hanlishan Tribe,East Riverine,116,Charcoal Firing,19
-5000,initial,21,North hanlishan Tribe,East Riverine,1,Pottery,19
-5000,initial,21,North hanlishan Tribe,East Riverine,2,Animal Husbandry,19
-5000,initial,21,North hanlishan Tribe,East Riverine,4,Mining,19
-5000,initial,21,North hanlishan Tribe,East Riverine,20,Agriculture,19
-5000,initial,21,North hanlishan Tribe,East Riverine,3,Archery,19
-5000,initial,21,North hanlishan Tribe,East Riverine,6,Calendar,19
-5000,initial,22,Renqinguo Tribe,East Riverine,100,Cordage and Knots,19
-5000,initial,22,Renqinguo Tribe,East Riverine,101,Hide Working and Tailored Clothing,19
-5000,initial,22,Renqinguo Tribe,East Riverine,102,Hafted Stone Tools,19
-5000,initial,22,Renqinguo Tribe,East Riverine,105,Food Preservation,19
-5000,initial,22,Renqinguo Tribe,East Riverine,106,Storage Pits and Containers,19
-5000,initial,22,Renqinguo Tribe,East Riverine,107,Seasonal Aggregation Camps,19
-5000,initial,22,Renqinguo Tribe,East Riverine,110,Dog Domestication,19
-5000,initial,22,Renqinguo Tribe,East Riverine,111,Grinding Stones,19
-5000,initial,22,Renqinguo Tribe,East Riverine,112,Proto-cultivation,19
-5000,initial,22,Renqinguo Tribe,East Riverine,113,Sedentism,19
-5000,initial,22,Renqinguo Tribe,East Riverine,114,Enclosures and Herd Management,19
-5000,initial,22,Renqinguo Tribe,East Riverine,115,Counting Tokens and Tallies,19
-5000,initial,22,Renqinguo Tribe,East Riverine,116,Charcoal Firing,19
-5000,initial,22,Renqinguo Tribe,East Riverine,1,Pottery,19
-5000,initial,22,Renqinguo Tribe,East Riverine,2,Animal Husbandry,19
-5000,initial,22,Renqinguo Tribe,East Riverine,4,Mining,19
-5000,initial,22,Renqinguo Tribe,East Riverine,20,Agriculture,19
-5000,initial,22,Renqinguo Tribe,East Riverine,3,Archery,19
-5000,initial,22,Renqinguo Tribe,East Riverine,6,Calendar,19
-5000,initial,23,New xiamintaizhou Tribe,East Riverine,100,Cordage and Knots,19
-5000,initial,23,New xiamintaizhou Tribe,East Riverine,101,Hide Working and Tailored Clothing,19
-5000,initial,23,New xiamintaizhou Tribe,East Riverine,102,Hafted Stone Tools,19
-5000,initial,23,New xiamintaizhou Tribe,East Riverine,105,Food Preservation,19
-5000,initial,23,New xiamintaizhou Tribe,East Riverine,106,Storage Pits and Containers,19
-5000,initial,23,New xiamintaizhou Tribe,East Riverine,107,Seasonal Aggregation Camps,19
-5000,initial,23,New xiamintaizhou Tribe,East Riverine,110,Dog Domestication,19
-5000,initial,23,New xiamintaizhou Tribe,East Riverine,111,Grinding Stones,19
-5000,initial,23,New xiamintaizhou Tribe,East Riverine,112,Proto-cultivation,19
-5000,initial,23,New xiamintaizhou Tribe,East Riverine,113,Sedentism,19
-5000,initial,23,New xiamintaizhou Tribe,East Riverine,114,Enclosures and Herd Management,19
-5000,initial,23,New xiamintaizhou Tribe,East Riverine,115,Counting Tokens and Tallies,19
-5000,initial,23,New xiamintaizhou Tribe,East Riverine,116,Charcoal Firing,19
-5000,initial,23,New xiamintaizhou Tribe,East Riverine,1,Pottery,19
-5000,initial,23,New xiamintaizhou Tribe,East Riverine,2,Animal Husbandry,19
-5000,initial,23,New xiamintaizhou Tribe,East Riverine,4,Mining,19
-5000,initial,23,New xiamintaizhou Tribe,East Riverine,20,Agriculture,19
-5000,initial,23,New xiamintaizhou Tribe,East Riverine,3,Archery,19
-5000,initial,23,New xiamintaizhou Tribe,East Riverine,6,Calendar,19
-5000,initial,24,Old taiweixiaguo Tribe,East Riverine,100,Cordage and Knots,19
-5000,initial,24,Old taiweixiaguo Tribe,East Riverine,101,Hide Working and Tailored Clothing,19
-5000,initial,24,Old taiweixiaguo Tribe,East Riverine,102,Hafted Stone Tools,19
-5000,initial,24,Old taiweixiaguo Tribe,East Riverine,105,Food Preservation,19
-5000,initial,24,Old taiweixiaguo Tribe,East Riverine,106,Storage Pits and Containers,19
-5000,initial,24,Old taiweixiaguo Tribe,East Riverine,107,Seasonal Aggregation Camps,19
-5000,initial,24,Old taiweixiaguo Tribe,East Riverine,110,Dog Domestication,19
-5000,initial,24,Old taiweixiaguo Tribe,East Riverine,111,Grinding Stones,19
-5000,initial,24,Old taiweixiaguo Tribe,East Riverine,112,Proto-cultivation,19
-5000,initial,24,Old taiweixiaguo Tribe,East Riverine,113,Sedentism,19
-5000,initial,24,Old taiweixiaguo Tribe,East Riverine,114,Enclosures and Herd Management,19
-5000,initial,24,Old taiweixiaguo Tribe,East Riverine,115,Counting Tokens and Tallies,19
-5000,initial,24,Old taiweixiaguo Tribe,East Riverine,116,Charcoal Firing,19
-5000,initial,24,Old taiweixiaguo Tribe,East Riverine,1,Pottery,19
-5000,initial,24,Old taiweixiaguo Tribe,East Riverine,2,Animal Husbandry,19
-5000,initial,24,Old taiweixiaguo Tribe,East Riverine,4,Mining,19
-5000,initial,24,Old taiweixiaguo Tribe,East Riverine,20,Agriculture,19
-5000,initial,24,Old taiweixiaguo Tribe,East Riverine,3,Archery,19
-5000,initial,24,Old taiweixiaguo Tribe,East Riverine,6,Calendar,19
-5000,initial,26,Great hantailing Tribe,East Riverine,100,Cordage and Knots,19
-5000,initial,26,Great hantailing Tribe,East Riverine,101,Hide Working and Tailored Clothing,19
-5000,initial,26,Great hantailing Tribe,East Riverine,102,Hafted Stone Tools,19
-5000,initial,26,Great hantailing Tribe,East Riverine,105,Food Preservation,19
-5000,initial,26,Great hantailing Tribe,East Riverine,106,Storage Pits and Containers,19
-5000,initial,26,Great hantailing Tribe,East Riverine,107,Seasonal Aggregation Camps,19
-5000,initial,26,Great hantailing Tribe,East Riverine,110,Dog Domestication,19
-5000,initial,26,Great hantailing Tribe,East Riverine,111,Grinding Stones,19
-5000,initial,26,Great hantailing Tribe,East Riverine,112,Proto-cultivation,19
-5000,initial,26,Great hantailing Tribe,East Riverine,113,Sedentism,19
-5000,initial,26,Great hantailing Tribe,East Riverine,114,Enclosures and Herd Management,19
-5000,initial,26,Great hantailing Tribe,East Riverine,115,Counting Tokens and Tallies,19
-5000,initial,26,Great hantailing Tribe,East Riverine,116,Charcoal Firing,19
-5000,initial,26,Great hantailing Tribe,East Riverine,1,Pottery,19
-5000,initial,26,Great hantailing Tribe,East Riverine,2,Animal Husbandry,19
-5000,initial,26,Great hantailing Tribe,East Riverine,4,Mining,19
-5000,initial,26,Great hantailing Tribe,East Riverine,20,Agriculture,19
-5000,initial,26,Great hantailing Tribe,East Riverine,3,Archery,19
-5000,initial,26,Great hantailing Tribe,East Riverine,6,Calendar,19
-5000,initial,27,Great liren Tribe,East Riverine,100,Cordage and Knots,19
-5000,initial,27,Great liren Tribe,East Riverine,101,Hide Working and Tailored Clothing,19
-5000,initial,27,Great liren Tribe,East Riverine,102,Hafted Stone Tools,19
-5000,initial,27,Great liren Tribe,East Riverine,105,Food Preservation,19
-5000,initial,27,Great liren Tribe,East Riverine,106,Storage Pits and Containers,19
-5000,initial,27,Great liren Tribe,East Riverine,107,Seasonal Aggregation Camps,19
-5000,initial,27,Great liren Tribe,East Riverine,110,Dog Domestication,19
-5000,initial,27,Great liren Tribe,East Riverine,111,Grinding Stones,19
-5000,initial,27,Great liren Tribe,East Riverine,112,Proto-cultivation,19
-5000,initial,27,Great liren Tribe,East Riverine,113,Sedentism,19
-5000,initial,27,Great liren Tribe,East Riverine,114,Enclosures and Herd Management,19
-5000,initial,27,Great liren Tribe,East Riverine,115,Counting Tokens and Tallies,19
-5000,initial,27,Great liren Tribe,East Riverine,116,Charcoal Firing,19
-5000,initial,27,Great liren Tribe,East Riverine,1,Pottery,19
-5000,initial,27,Great liren Tribe,East Riverine,2,Animal Husbandry,19
-5000,initial,27,Great liren Tribe,East Riverine,4,Mining,19
-5000,initial,27,Great liren Tribe,East Riverine,20,Agriculture,19
-5000,initial,27,Great liren Tribe,East Riverine,3,Archery,19
-5000,initial,27,Great liren Tribe,East Riverine,6,Calendar,19
-5000,initial,28,North kalasheshan Tribe,Fertile Crescent,100,Cordage and Knots,21
-5000,initial,28,North kalasheshan Tribe,Fertile Crescent,101,Hide Working and Tailored Clothing,21
-5000,initial,28,North kalasheshan Tribe,Fertile Crescent,102,Hafted Stone Tools,21
-5000,initial,28,North kalasheshan Tribe,Fertile Crescent,105,Food Preservation,21
-5000,initial,28,North kalasheshan Tribe,Fertile Crescent,106,Storage Pits and Containers,21
-5000,initial,28,North kalasheshan Tribe,Fertile Crescent,107,Seasonal Aggregation Camps,21
-5000,initial,28,North kalasheshan Tribe,Fertile Crescent,110,Dog Domestication,21
-5000,initial,28,North kalasheshan Tribe,Fertile Crescent,111,Grinding Stones,21
-5000,initial,28,North kalasheshan Tribe,Fertile Crescent,112,Proto-cultivation,21
-5000,initial,28,North kalasheshan Tribe,Fertile Crescent,113,Sedentism,21
-5000,initial,28,North kalasheshan Tribe,Fertile Crescent,114,Enclosures and Herd Management,21
-5000,initial,28,North kalasheshan Tribe,Fertile Crescent,115,Counting Tokens and Tallies,21
-5000,initial,28,North kalasheshan Tribe,Fertile Crescent,116,Charcoal Firing,21
-5000,initial,28,North kalasheshan Tribe,Fertile Crescent,1,Pottery,21
-5000,initial,28,North kalasheshan Tribe,Fertile Crescent,119,Native Copper Working,21
-5000,initial,28,North kalasheshan Tribe,Fertile Crescent,2,Animal Husbandry,21
-5000,initial,28,North kalasheshan Tribe,Fertile Crescent,4,Mining,21
-5000,initial,28,North kalasheshan Tribe,Fertile Crescent,20,Agriculture,21
-5000,initial,28,North kalasheshan Tribe,Fertile Crescent,3,Archery,21
-5000,initial,28,North kalasheshan Tribe,Fertile Crescent,6,Calendar,21
-5000,initial,28,North kalasheshan Tribe,Fertile Crescent,10,Irrigation,21
-5000,initial,29,Eshninan Tribe,Fertile Crescent,100,Cordage and Knots,21
-5000,initial,29,Eshninan Tribe,Fertile Crescent,101,Hide Working and Tailored Clothing,21
-5000,initial,29,Eshninan Tribe,Fertile Crescent,102,Hafted Stone Tools,21
-5000,initial,29,Eshninan Tribe,Fertile Crescent,105,Food Preservation,21
-5000,initial,29,Eshninan Tribe,Fertile Crescent,106,Storage Pits and Containers,21
-5000,initial,29,Eshninan Tribe,Fertile Crescent,107,Seasonal Aggregation Camps,21
-5000,initial,29,Eshninan Tribe,Fertile Crescent,110,Dog Domestication,21
-5000,initial,29,Eshninan Tribe,Fertile Crescent,111,Grinding Stones,21
-5000,initial,29,Eshninan Tribe,Fertile Crescent,112,Proto-cultivation,21
-5000,initial,29,Eshninan Tribe,Fertile Crescent,113,Sedentism,21
-5000,initial,29,Eshninan Tribe,Fertile Crescent,114,Enclosures and Herd Management,21
-5000,initial,29,Eshninan Tribe,Fertile Crescent,115,Counting Tokens and Tallies,21
-5000,initial,29,Eshninan Tribe,Fertile Crescent,116,Charcoal Firing,21
-5000,initial,29,Eshninan Tribe,Fertile Crescent,1,Pottery,21
-5000,initial,29,Eshninan Tribe,Fertile Crescent,119,Native Copper Working,21
-5000,initial,29,Eshninan Tribe,Fertile Crescent,2,Animal Husbandry,21
-5000,initial,29,Eshninan Tribe,Fertile Crescent,4,Mining,21
-5000,initial,29,Eshninan Tribe,Fertile Crescent,20,Agriculture,21
-5000,initial,29,Eshninan Tribe,Fertile Crescent,3,Archery,21
-5000,initial,29,Eshninan Tribe,Fertile Crescent,6,Calendar,21
-5000,initial,29,Eshninan Tribe,Fertile Crescent,10,Irrigation,21
-5000,initial,30,Esheshbelad Tribe,Fertile Crescent,100,Cordage and Knots,21
-5000,initial,30,Esheshbelad Tribe,Fertile Crescent,101,Hide Working and Tailored Clothing,21
-5000,initial,30,Esheshbelad Tribe,Fertile Crescent,102,Hafted Stone Tools,21
-5000,initial,30,Esheshbelad Tribe,Fertile Crescent,105,Food Preservation,21
-5000,initial,30,Esheshbelad Tribe,Fertile Crescent,106,Storage Pits and Containers,21
-5000,initial,30,Esheshbelad Tribe,Fertile Crescent,107,Seasonal Aggregation Camps,21
-5000,initial,30,Esheshbelad Tribe,Fertile Crescent,110,Dog Domestication,21
-5000,initial,30,Esheshbelad Tribe,Fertile Crescent,111,Grinding Stones,21
-5000,initial,30,Esheshbelad Tribe,Fertile Crescent,112,Proto-cultivation,21
-5000,initial,30,Esheshbelad Tribe,Fertile Crescent,113,Sedentism,21
-5000,initial,30,Esheshbelad Tribe,Fertile Crescent,114,Enclosures and Herd Management,21
-5000,initial,30,Esheshbelad Tribe,Fertile Crescent,115,Counting Tokens and Tallies,21
-5000,initial,30,Esheshbelad Tribe,Fertile Crescent,116,Charcoal Firing,21
-5000,initial,30,Esheshbelad Tribe,Fertile Crescent,1,Pottery,21
-5000,initial,30,Esheshbelad Tribe,Fertile Crescent,119,Native Copper Working,21
-5000,initial,30,Esheshbelad Tribe,Fertile Crescent,2,Animal Husbandry,21
-5000,initial,30,Esheshbelad Tribe,Fertile Crescent,4,Mining,21
-5000,initial,30,Esheshbelad Tribe,Fertile Crescent,20,Agriculture,21
-5000,initial,30,Esheshbelad Tribe,Fertile Crescent,3,Archery,21
-5000,initial,30,Esheshbelad Tribe,Fertile Crescent,6,Calendar,21
-5000,initial,30,Esheshbelad Tribe,Fertile Crescent,10,Irrigation,21
-5000,initial,31,New eshninar Tribe,Fertile Crescent,100,Cordage and Knots,21
-5000,initial,31,New eshninar Tribe,Fertile Crescent,101,Hide Working and Tailored Clothing,21
-5000,initial,31,New eshninar Tribe,Fertile Crescent,102,Hafted Stone Tools,21
-5000,initial,31,New eshninar Tribe,Fertile Crescent,105,Food Preservation,21
-5000,initial,31,New eshninar Tribe,Fertile Crescent,106,Storage Pits and Containers,21
-5000,initial,31,New eshninar Tribe,Fertile Crescent,107,Seasonal Aggregation Camps,21
-5000,initial,31,New eshninar Tribe,Fertile Crescent,110,Dog Domestication,21
-5000,initial,31,New eshninar Tribe,Fertile Crescent,111,Grinding Stones,21
-5000,initial,31,New eshninar Tribe,Fertile Crescent,112,Proto-cultivation,21
-5000,initial,31,New eshninar Tribe,Fertile Crescent,113,Sedentism,21
-5000,initial,31,New eshninar Tribe,Fertile Crescent,114,Enclosures and Herd Management,21
-5000,initial,31,New eshninar Tribe,Fertile Crescent,115,Counting Tokens and Tallies,21
-5000,initial,31,New eshninar Tribe,Fertile Crescent,116,Charcoal Firing,21
-5000,initial,31,New eshninar Tribe,Fertile Crescent,1,Pottery,21
-5000,initial,31,New eshninar Tribe,Fertile Crescent,119,Native Copper Working,21
-5000,initial,31,New eshninar Tribe,Fertile Crescent,2,Animal Husbandry,21
-5000,initial,31,New eshninar Tribe,Fertile Crescent,4,Mining,21
-5000,initial,31,New eshninar Tribe,Fertile Crescent,20,Agriculture,21
-5000,initial,31,New eshninar Tribe,Fertile Crescent,3,Archery,21
-5000,initial,31,New eshninar Tribe,Fertile Crescent,6,Calendar,21
-5000,initial,31,New eshninar Tribe,Fertile Crescent,10,Irrigation,21
-5000,initial,32,Old barsamar Tribe,Fertile Crescent,100,Cordage and Knots,21
-5000,initial,32,Old barsamar Tribe,Fertile Crescent,101,Hide Working and Tailored Clothing,21
-5000,initial,32,Old barsamar Tribe,Fertile Crescent,102,Hafted Stone Tools,21
-5000,initial,32,Old barsamar Tribe,Fertile Crescent,105,Food Preservation,21
-5000,initial,32,Old barsamar Tribe,Fertile Crescent,106,Storage Pits and Containers,21
-5000,initial,32,Old barsamar Tribe,Fertile Crescent,107,Seasonal Aggregation Camps,21
-5000,initial,32,Old barsamar Tribe,Fertile Crescent,110,Dog Domestication,21
-5000,initial,32,Old barsamar Tribe,Fertile Crescent,111,Grinding Stones,21
-5000,initial,32,Old barsamar Tribe,Fertile Crescent,112,Proto-cultivation,21
-5000,initial,32,Old barsamar Tribe,Fertile Crescent,113,Sedentism,21
-5000,initial,32,Old barsamar Tribe,Fertile Crescent,114,Enclosures and Herd Management,21
-5000,initial,32,Old barsamar Tribe,Fertile Crescent,115,Counting Tokens and Tallies,21
-5000,initial,32,Old barsamar Tribe,Fertile Crescent,116,Charcoal Firing,21
-5000,initial,32,Old barsamar Tribe,Fertile Crescent,1,Pottery,21
-5000,initial,32,Old barsamar Tribe,Fertile Crescent,119,Native Copper Working,21
-5000,initial,32,Old barsamar Tribe,Fertile Crescent,2,Animal Husbandry,21
-5000,initial,32,Old barsamar Tribe,Fertile Crescent,4,Mining,21
-5000,initial,32,Old barsamar Tribe,Fertile Crescent,20,Agriculture,21
-5000,initial,32,Old barsamar Tribe,Fertile Crescent,3,Archery,21
-5000,initial,32,Old barsamar Tribe,Fertile Crescent,6,Calendar,21
-5000,initial,32,Old barsamar Tribe,Fertile Crescent,10,Irrigation,21
-5000,initial,33,South nineshur Tribe,Fertile Crescent,100,Cordage and Knots,21
-5000,initial,33,South nineshur Tribe,Fertile Crescent,101,Hide Working and Tailored Clothing,21
-5000,initial,33,South nineshur Tribe,Fertile Crescent,102,Hafted Stone Tools,21
-5000,initial,33,South nineshur Tribe,Fertile Crescent,105,Food Preservation,21
-5000,initial,33,South nineshur Tribe,Fertile Crescent,106,Storage Pits and Containers,21
-5000,initial,33,South nineshur Tribe,Fertile Crescent,107,Seasonal Aggregation Camps,21
-5000,initial,33,South nineshur Tribe,Fertile Crescent,110,Dog Domestication,21
-5000,initial,33,South nineshur Tribe,Fertile Crescent,111,Grinding Stones,21
-5000,initial,33,South nineshur Tribe,Fertile Crescent,112,Proto-cultivation,21
-5000,initial,33,South nineshur Tribe,Fertile Crescent,113,Sedentism,21
-5000,initial,33,South nineshur Tribe,Fertile Crescent,114,Enclosures and Herd Management,21
-5000,initial,33,South nineshur Tribe,Fertile Crescent,115,Counting Tokens and Tallies,21
-5000,initial,33,South nineshur Tribe,Fertile Crescent,116,Charcoal Firing,21
-5000,initial,33,South nineshur Tribe,Fertile Crescent,1,Pottery,21
-5000,initial,33,South nineshur Tribe,Fertile Crescent,119,Native Copper Working,21
-5000,initial,33,South nineshur Tribe,Fertile Crescent,2,Animal Husbandry,21
-5000,initial,33,South nineshur Tribe,Fertile Crescent,4,Mining,21
-5000,initial,33,South nineshur Tribe,Fertile Crescent,20,Agriculture,21
-5000,initial,33,South nineshur Tribe,Fertile Crescent,3,Archery,21
-5000,initial,33,South nineshur Tribe,Fertile Crescent,6,Calendar,21
-5000,initial,33,South nineshur Tribe,Fertile Crescent,10,Irrigation,21
-5000,initial,34,North ninninar Tribe,Fertile Crescent,100,Cordage and Knots,21
-5000,initial,34,North ninninar Tribe,Fertile Crescent,101,Hide Working and Tailored Clothing,21
-5000,initial,34,North ninninar Tribe,Fertile Crescent,102,Hafted Stone Tools,21
-5000,initial,34,North ninninar Tribe,Fertile Crescent,105,Food Preservation,21
-5000,initial,34,North ninninar Tribe,Fertile Crescent,106,Storage Pits and Containers,21
-5000,initial,34,North ninninar Tribe,Fertile Crescent,107,Seasonal Aggregation Camps,21
-5000,initial,34,North ninninar Tribe,Fertile Crescent,110,Dog Domestication,21
-5000,initial,34,North ninninar Tribe,Fertile Crescent,111,Grinding Stones,21
-5000,initial,34,North ninninar Tribe,Fertile Crescent,112,Proto-cultivation,21
-5000,initial,34,North ninninar Tribe,Fertile Crescent,113,Sedentism,21
-5000,initial,34,North ninninar Tribe,Fertile Crescent,114,Enclosures and Herd Management,21
-5000,initial,34,North ninninar Tribe,Fertile Crescent,115,Counting Tokens and Tallies,21
-5000,initial,34,North ninninar Tribe,Fertile Crescent,116,Charcoal Firing,21
-5000,initial,34,North ninninar Tribe,Fertile Crescent,1,Pottery,21
-5000,initial,34,North ninninar Tribe,Fertile Crescent,119,Native Copper Working,21
-5000,initial,34,North ninninar Tribe,Fertile Crescent,2,Animal Husbandry,21
-5000,initial,34,North ninninar Tribe,Fertile Crescent,4,Mining,21
-5000,initial,34,North ninninar Tribe,Fertile Crescent,20,Agriculture,21
-5000,initial,34,North ninninar Tribe,Fertile Crescent,3,Archery,21
-5000,initial,34,North ninninar Tribe,Fertile Crescent,6,Calendar,21
-5000,initial,34,North ninninar Tribe,Fertile Crescent,10,Irrigation,21
-5000,initial,35,Ashtaman Tribe,Fertile Crescent,100,Cordage and Knots,21
-5000,initial,35,Ashtaman Tribe,Fertile Crescent,101,Hide Working and Tailored Clothing,21
-5000,initial,35,Ashtaman Tribe,Fertile Crescent,102,Hafted Stone Tools,21
-5000,initial,35,Ashtaman Tribe,Fertile Crescent,105,Food Preservation,21
-5000,initial,35,Ashtaman Tribe,Fertile Crescent,106,Storage Pits and Containers,21
-5000,initial,35,Ashtaman Tribe,Fertile Crescent,107,Seasonal Aggregation Camps,21
-5000,initial,35,Ashtaman Tribe,Fertile Crescent,110,Dog Domestication,21
-5000,initial,35,Ashtaman Tribe,Fertile Crescent,111,Grinding Stones,21
-5000,initial,35,Ashtaman Tribe,Fertile Crescent,112,Proto-cultivation,21
-5000,initial,35,Ashtaman Tribe,Fertile Crescent,113,Sedentism,21
-5000,initial,35,Ashtaman Tribe,Fertile Crescent,114,Enclosures and Herd Management,21
-5000,initial,35,Ashtaman Tribe,Fertile Crescent,115,Counting Tokens and Tallies,21
-5000,initial,35,Ashtaman Tribe,Fertile Crescent,116,Charcoal Firing,21
-5000,initial,35,Ashtaman Tribe,Fertile Crescent,1,Pottery,21
-5000,initial,35,Ashtaman Tribe,Fertile Crescent,119,Native Copper Working,21
-5000,initial,35,Ashtaman Tribe,Fertile Crescent,2,Animal Husbandry,21
-5000,initial,35,Ashtaman Tribe,Fertile Crescent,4,Mining,21
-5000,initial,35,Ashtaman Tribe,Fertile Crescent,20,Agriculture,21
-5000,initial,35,Ashtaman Tribe,Fertile Crescent,3,Archery,21
-5000,initial,35,Ashtaman Tribe,Fertile Crescent,6,Calendar,21
-5000,initial,35,Ashtaman Tribe,Fertile Crescent,10,Irrigation,21
-5000,initial,36,North ashbar Tribe,Fertile Crescent,100,Cordage and Knots,21
-5000,initial,36,North ashbar Tribe,Fertile Crescent,101,Hide Working and Tailored Clothing,21
-5000,initial,36,North ashbar Tribe,Fertile Crescent,102,Hafted Stone Tools,21
-5000,initial,36,North ashbar Tribe,Fertile Crescent,105,Food Preservation,21
-5000,initial,36,North ashbar Tribe,Fertile Crescent,106,Storage Pits and Containers,21
-5000,initial,36,North ashbar Tribe,Fertile Crescent,107,Seasonal Aggregation Camps,21
-5000,initial,36,North ashbar Tribe,Fertile Crescent,110,Dog Domestication,21
-5000,initial,36,North ashbar Tribe,Fertile Crescent,111,Grinding Stones,21
-5000,initial,36,North ashbar Tribe,Fertile Crescent,112,Proto-cultivation,21
-5000,initial,36,North ashbar Tribe,Fertile Crescent,113,Sedentism,21
-5000,initial,36,North ashbar Tribe,Fertile Crescent,114,Enclosures and Herd Management,21
-5000,initial,36,North ashbar Tribe,Fertile Crescent,115,Counting Tokens and Tallies,21
-5000,initial,36,North ashbar Tribe,Fertile Crescent,116,Charcoal Firing,21
-5000,initial,36,North ashbar Tribe,Fertile Crescent,1,Pottery,21
-5000,initial,36,North ashbar Tribe,Fertile Crescent,119,Native Copper Working,21
-5000,initial,36,North ashbar Tribe,Fertile Crescent,2,Animal Husbandry,21
-5000,initial,36,North ashbar Tribe,Fertile Crescent,4,Mining,21
-5000,initial,36,North ashbar Tribe,Fertile Crescent,20,Agriculture,21
-5000,initial,36,North ashbar Tribe,Fertile Crescent,3,Archery,21
-5000,initial,36,North ashbar Tribe,Fertile Crescent,6,Calendar,21
-5000,initial,36,North ashbar Tribe,Fertile Crescent,10,Irrigation,21
-5000,initial,38,North tambararar Tribe,Fertile Crescent,100,Cordage and Knots,21
-5000,initial,38,North tambararar Tribe,Fertile Crescent,101,Hide Working and Tailored Clothing,21
-5000,initial,38,North tambararar Tribe,Fertile Crescent,102,Hafted Stone Tools,21
-5000,initial,38,North tambararar Tribe,Fertile Crescent,105,Food Preservation,21
-5000,initial,38,North tambararar Tribe,Fertile Crescent,106,Storage Pits and Containers,21
-5000,initial,38,North tambararar Tribe,Fertile Crescent,107,Seasonal Aggregation Camps,21
-5000,initial,38,North tambararar Tribe,Fertile Crescent,110,Dog Domestication,21
-5000,initial,38,North tambararar Tribe,Fertile Crescent,111,Grinding Stones,21
-5000,initial,38,North tambararar Tribe,Fertile Crescent,112,Proto-cultivation,21
-5000,initial,38,North tambararar Tribe,Fertile Crescent,113,Sedentism,21
-5000,initial,38,North tambararar Tribe,Fertile Crescent,114,Enclosures and Herd Management,21
-5000,initial,38,North tambararar Tribe,Fertile Crescent,115,Counting Tokens and Tallies,21
-5000,initial,38,North tambararar Tribe,Fertile Crescent,116,Charcoal Firing,21
-5000,initial,38,North tambararar Tribe,Fertile Crescent,1,Pottery,21
-5000,initial,38,North tambararar Tribe,Fertile Crescent,119,Native Copper Working,21
-5000,initial,38,North tambararar Tribe,Fertile Crescent,2,Animal Husbandry,21
-5000,initial,38,North tambararar Tribe,Fertile Crescent,4,Mining,21
-5000,initial,38,North tambararar Tribe,Fertile Crescent,20,Agriculture,21
-5000,initial,38,North tambararar Tribe,Fertile Crescent,3,Archery,21
-5000,initial,38,North tambararar Tribe,Fertile Crescent,6,Calendar,21
-5000,initial,38,North tambararar Tribe,Fertile Crescent,10,Irrigation,21
-5000,initial,39,Great linvialorgrad Tribe,Monsoon Coastal,100,Cordage and Knots,20
-5000,initial,39,Great linvialorgrad Tribe,Monsoon Coastal,101,Hide Working and Tailored Clothing,20
-5000,initial,39,Great linvialorgrad Tribe,Monsoon Coastal,102,Hafted Stone Tools,20
-5000,initial,39,Great linvialorgrad Tribe,Monsoon Coastal,104,Fishing Technology,20
-5000,initial,39,Great linvialorgrad Tribe,Monsoon Coastal,105,Food Preservation,20
-5000,initial,39,Great linvialorgrad Tribe,Monsoon Coastal,106,Storage Pits and Containers,20
-5000,initial,39,Great linvialorgrad Tribe,Monsoon Coastal,107,Seasonal Aggregation Camps,20
-5000,initial,39,Great linvialorgrad Tribe,Monsoon Coastal,108,Watercraft,20
-5000,initial,39,Great linvialorgrad Tribe,Monsoon Coastal,110,Dog Domestication,20
-5000,initial,39,Great linvialorgrad Tribe,Monsoon Coastal,111,Grinding Stones,20
-5000,initial,39,Great linvialorgrad Tribe,Monsoon Coastal,112,Proto-cultivation,20
-5000,initial,39,Great linvialorgrad Tribe,Monsoon Coastal,113,Sedentism,20
-5000,initial,39,Great linvialorgrad Tribe,Monsoon Coastal,114,Enclosures and Herd Management,20
-5000,initial,39,Great linvialorgrad Tribe,Monsoon Coastal,116,Charcoal Firing,20
-5000,initial,39,Great linvialorgrad Tribe,Monsoon Coastal,1,Pottery,20
-5000,initial,39,Great linvialorgrad Tribe,Monsoon Coastal,2,Animal Husbandry,20
-5000,initial,39,Great linvialorgrad Tribe,Monsoon Coastal,20,Agriculture,20
-5000,initial,39,Great linvialorgrad Tribe,Monsoon Coastal,3,Archery,20
-5000,initial,39,Great linvialorgrad Tribe,Monsoon Coastal,5,Sailing,20
-5000,initial,39,Great linvialorgrad Tribe,Monsoon Coastal,6,Calendar,20
-5000,initial,40,South rombel Tribe,Monsoon Coastal,100,Cordage and Knots,20
-5000,initial,40,South rombel Tribe,Monsoon Coastal,101,Hide Working and Tailored Clothing,20
-5000,initial,40,South rombel Tribe,Monsoon Coastal,102,Hafted Stone Tools,20
-5000,initial,40,South rombel Tribe,Monsoon Coastal,104,Fishing Technology,20
-5000,initial,40,South rombel Tribe,Monsoon Coastal,105,Food Preservation,20
-5000,initial,40,South rombel Tribe,Monsoon Coastal,106,Storage Pits and Containers,20
-5000,initial,40,South rombel Tribe,Monsoon Coastal,107,Seasonal Aggregation Camps,20
-5000,initial,40,South rombel Tribe,Monsoon Coastal,108,Watercraft,20
-5000,initial,40,South rombel Tribe,Monsoon Coastal,110,Dog Domestication,20
-5000,initial,40,South rombel Tribe,Monsoon Coastal,111,Grinding Stones,20
-5000,initial,40,South rombel Tribe,Monsoon Coastal,112,Proto-cultivation,20
-5000,initial,40,South rombel Tribe,Monsoon Coastal,113,Sedentism,20
-5000,initial,40,South rombel Tribe,Monsoon Coastal,114,Enclosures and Herd Management,20
-5000,initial,40,South rombel Tribe,Monsoon Coastal,116,Charcoal Firing,20
-5000,initial,40,South rombel Tribe,Monsoon Coastal,1,Pottery,20
-5000,initial,40,South rombel Tribe,Monsoon Coastal,2,Animal Husbandry,20
-5000,initial,40,South rombel Tribe,Monsoon Coastal,20,Agriculture,20
-5000,initial,40,South rombel Tribe,Monsoon Coastal,3,Archery,20
-5000,initial,40,South rombel Tribe,Monsoon Coastal,5,Sailing,20
-5000,initial,40,South rombel Tribe,Monsoon Coastal,6,Calendar,20
-5000,initial,41,Great gargartergrad Tribe,Monsoon Coastal,100,Cordage and Knots,20
-5000,initial,41,Great gargartergrad Tribe,Monsoon Coastal,101,Hide Working and Tailored Clothing,20
-5000,initial,41,Great gargartergrad Tribe,Monsoon Coastal,102,Hafted Stone Tools,20
-5000,initial,41,Great gargartergrad Tribe,Monsoon Coastal,104,Fishing Technology,20
-5000,initial,41,Great gargartergrad Tribe,Monsoon Coastal,105,Food Preservation,20
-5000,initial,41,Great gargartergrad Tribe,Monsoon Coastal,106,Storage Pits and Containers,20
-5000,initial,41,Great gargartergrad Tribe,Monsoon Coastal,107,Seasonal Aggregation Camps,20
-5000,initial,41,Great gargartergrad Tribe,Monsoon Coastal,108,Watercraft,20
-5000,initial,41,Great gargartergrad Tribe,Monsoon Coastal,110,Dog Domestication,20
-5000,initial,41,Great gargartergrad Tribe,Monsoon Coastal,111,Grinding Stones,20
-5000,initial,41,Great gargartergrad Tribe,Monsoon Coastal,112,Proto-cultivation,20
-5000,initial,41,Great gargartergrad Tribe,Monsoon Coastal,113,Sedentism,20
-5000,initial,41,Great gargartergrad Tribe,Monsoon Coastal,114,Enclosures and Herd Management,20
-5000,initial,41,Great gargartergrad Tribe,Monsoon Coastal,116,Charcoal Firing,20
-5000,initial,41,Great gargartergrad Tribe,Monsoon Coastal,1,Pottery,20
-5000,initial,41,Great gargartergrad Tribe,Monsoon Coastal,2,Animal Husbandry,20
-5000,initial,41,Great gargartergrad Tribe,Monsoon Coastal,20,Agriculture,20
-5000,initial,41,Great gargartergrad Tribe,Monsoon Coastal,3,Archery,20
-5000,initial,41,Great gargartergrad Tribe,Monsoon Coastal,5,Sailing,20
-5000,initial,41,Great gargartergrad Tribe,Monsoon Coastal,6,Calendar,20
-5000,initial,42,Great dusromviaia Tribe,Monsoon Coastal,100,Cordage and Knots,20
-5000,initial,42,Great dusromviaia Tribe,Monsoon Coastal,101,Hide Working and Tailored Clothing,20
-5000,initial,42,Great dusromviaia Tribe,Monsoon Coastal,102,Hafted Stone Tools,20
-5000,initial,42,Great dusromviaia Tribe,Monsoon Coastal,104,Fishing Technology,20
-5000,initial,42,Great dusromviaia Tribe,Monsoon Coastal,105,Food Preservation,20
-5000,initial,42,Great dusromviaia Tribe,Monsoon Coastal,106,Storage Pits and Containers,20
-5000,initial,42,Great dusromviaia Tribe,Monsoon Coastal,107,Seasonal Aggregation Camps,20
-5000,initial,42,Great dusromviaia Tribe,Monsoon Coastal,108,Watercraft,20
-5000,initial,42,Great dusromviaia Tribe,Monsoon Coastal,110,Dog Domestication,20
-5000,initial,42,Great dusromviaia Tribe,Monsoon Coastal,111,Grinding Stones,20
-5000,initial,42,Great dusromviaia Tribe,Monsoon Coastal,112,Proto-cultivation,20
-5000,initial,42,Great dusromviaia Tribe,Monsoon Coastal,113,Sedentism,20
-5000,initial,42,Great dusromviaia Tribe,Monsoon Coastal,114,Enclosures and Herd Management,20
-5000,initial,42,Great dusromviaia Tribe,Monsoon Coastal,116,Charcoal Firing,20
-5000,initial,42,Great dusromviaia Tribe,Monsoon Coastal,1,Pottery,20
-5000,initial,42,Great dusromviaia Tribe,Monsoon Coastal,2,Animal Husbandry,20
-5000,initial,42,Great dusromviaia Tribe,Monsoon Coastal,20,Agriculture,20
-5000,initial,42,Great dusromviaia Tribe,Monsoon Coastal,3,Archery,20
-5000,initial,42,Great dusromviaia Tribe,Monsoon Coastal,5,Sailing,20
-5000,initial,42,Great dusromviaia Tribe,Monsoon Coastal,6,Calendar,20
-5000,initial,43,Linlinstan Tribe,Monsoon Coastal,100,Cordage and Knots,20
-5000,initial,43,Linlinstan Tribe,Monsoon Coastal,101,Hide Working and Tailored Clothing,20
-5000,initial,43,Linlinstan Tribe,Monsoon Coastal,102,Hafted Stone Tools,20
-5000,initial,43,Linlinstan Tribe,Monsoon Coastal,104,Fishing Technology,20
-5000,initial,43,Linlinstan Tribe,Monsoon Coastal,105,Food Preservation,20
-5000,initial,43,Linlinstan Tribe,Monsoon Coastal,106,Storage Pits and Containers,20
-5000,initial,43,Linlinstan Tribe,Monsoon Coastal,107,Seasonal Aggregation Camps,20
-5000,initial,43,Linlinstan Tribe,Monsoon Coastal,108,Watercraft,20
-5000,initial,43,Linlinstan Tribe,Monsoon Coastal,110,Dog Domestication,20
-5000,initial,43,Linlinstan Tribe,Monsoon Coastal,111,Grinding Stones,20
-5000,initial,43,Linlinstan Tribe,Monsoon Coastal,112,Proto-cultivation,20
-5000,initial,43,Linlinstan Tribe,Monsoon Coastal,113,Sedentism,20
-5000,initial,43,Linlinstan Tribe,Monsoon Coastal,114,Enclosures and Herd Management,20
-5000,initial,43,Linlinstan Tribe,Monsoon Coastal,116,Charcoal Firing,20
-5000,initial,43,Linlinstan Tribe,Monsoon Coastal,1,Pottery,20
-5000,initial,43,Linlinstan Tribe,Monsoon Coastal,2,Animal Husbandry,20
-5000,initial,43,Linlinstan Tribe,Monsoon Coastal,20,Agriculture,20
-5000,initial,43,Linlinstan Tribe,Monsoon Coastal,3,Archery,20
-5000,initial,43,Linlinstan Tribe,Monsoon Coastal,5,Sailing,20
-5000,initial,43,Linlinstan Tribe,Monsoon Coastal,6,Calendar,20
-5000,initial,44,North marrankinland Tribe,Monsoon Coastal,100,Cordage and Knots,20
-5000,initial,44,North marrankinland Tribe,Monsoon Coastal,101,Hide Working and Tailored Clothing,20
-5000,initial,44,North marrankinland Tribe,Monsoon Coastal,102,Hafted Stone Tools,20
-5000,initial,44,North marrankinland Tribe,Monsoon Coastal,104,Fishing Technology,20
-5000,initial,44,North marrankinland Tribe,Monsoon Coastal,105,Food Preservation,20
-5000,initial,44,North marrankinland Tribe,Monsoon Coastal,106,Storage Pits and Containers,20
-5000,initial,44,North marrankinland Tribe,Monsoon Coastal,107,Seasonal Aggregation Camps,20
-5000,initial,44,North marrankinland Tribe,Monsoon Coastal,108,Watercraft,20
-5000,initial,44,North marrankinland Tribe,Monsoon Coastal,110,Dog Domestication,20
-5000,initial,44,North marrankinland Tribe,Monsoon Coastal,111,Grinding Stones,20
-5000,initial,44,North marrankinland Tribe,Monsoon Coastal,112,Proto-cultivation,20
-5000,initial,44,North marrankinland Tribe,Monsoon Coastal,113,Sedentism,20
-5000,initial,44,North marrankinland Tribe,Monsoon Coastal,114,Enclosures and Herd Management,20
-5000,initial,44,North marrankinland Tribe,Monsoon Coastal,116,Charcoal Firing,20
-5000,initial,44,North marrankinland Tribe,Monsoon Coastal,1,Pottery,20
-5000,initial,44,North marrankinland Tribe,Monsoon Coastal,2,Animal Husbandry,20
-5000,initial,44,North marrankinland Tribe,Monsoon Coastal,20,Agriculture,20
-5000,initial,44,North marrankinland Tribe,Monsoon Coastal,3,Archery,20
-5000,initial,44,North marrankinland Tribe,Monsoon Coastal,5,Sailing,20
-5000,initial,44,North marrankinland Tribe,Monsoon Coastal,6,Calendar,20
-5000,initial,45,Great lorbelgargrad Tribe,Steppe Nomadic,100,Cordage and Knots,14
-5000,initial,45,Great lorbelgargrad Tribe,Steppe Nomadic,101,Hide Working and Tailored Clothing,14
-5000,initial,45,Great lorbelgargrad Tribe,Steppe Nomadic,102,Hafted Stone Tools,14
-5000,initial,45,Great lorbelgargrad Tribe,Steppe Nomadic,105,Food Preservation,14
-5000,initial,45,Great lorbelgargrad Tribe,Steppe Nomadic,106,Storage Pits and Containers,14
-5000,initial,45,Great lorbelgargrad Tribe,Steppe Nomadic,107,Seasonal Aggregation Camps,14
-5000,initial,45,Great lorbelgargrad Tribe,Steppe Nomadic,110,Dog Domestication,14
-5000,initial,45,Great lorbelgargrad Tribe,Steppe Nomadic,111,Grinding Stones,14
-5000,initial,45,Great lorbelgargrad Tribe,Steppe Nomadic,113,Sedentism,14
-5000,initial,45,Great lorbelgargrad Tribe,Steppe Nomadic,114,Enclosures and Herd Management,14
-5000,initial,45,Great lorbelgargrad Tribe,Steppe Nomadic,2,Animal Husbandry,14
-5000,initial,45,Great lorbelgargrad Tribe,Steppe Nomadic,4,Mining,14
-5000,initial,45,Great lorbelgargrad Tribe,Steppe Nomadic,3,Archery,14
-5000,initial,45,Great lorbelgargrad Tribe,Steppe Nomadic,6,Calendar,14
-5000,initial,46,New belzenstan Tribe,Steppe Nomadic,100,Cordage and Knots,14
-5000,initial,46,New belzenstan Tribe,Steppe Nomadic,101,Hide Working and Tailored Clothing,14
-5000,initial,46,New belzenstan Tribe,Steppe Nomadic,102,Hafted Stone Tools,14
-5000,initial,46,New belzenstan Tribe,Steppe Nomadic,105,Food Preservation,14
-5000,initial,46,New belzenstan Tribe,Steppe Nomadic,106,Storage Pits and Containers,14
-5000,initial,46,New belzenstan Tribe,Steppe Nomadic,107,Seasonal Aggregation Camps,14
-5000,initial,46,New belzenstan Tribe,Steppe Nomadic,110,Dog Domestication,14
-5000,initial,46,New belzenstan Tribe,Steppe Nomadic,111,Grinding Stones,14
-5000,initial,46,New belzenstan Tribe,Steppe Nomadic,113,Sedentism,14
-5000,initial,46,New belzenstan Tribe,Steppe Nomadic,114,Enclosures and Herd Management,14
-5000,initial,46,New belzenstan Tribe,Steppe Nomadic,2,Animal Husbandry,14
-5000,initial,46,New belzenstan Tribe,Steppe Nomadic,4,Mining,14
-5000,initial,46,New belzenstan Tribe,Steppe Nomadic,3,Archery,14
-5000,initial,46,New belzenstan Tribe,Steppe Nomadic,6,Calendar,14
-5000,initial,47,Zenvia Tribe,Steppe Nomadic,100,Cordage and Knots,14
-5000,initial,47,Zenvia Tribe,Steppe Nomadic,101,Hide Working and Tailored Clothing,14
-5000,initial,47,Zenvia Tribe,Steppe Nomadic,102,Hafted Stone Tools,14
-5000,initial,47,Zenvia Tribe,Steppe Nomadic,105,Food Preservation,14
-5000,initial,47,Zenvia Tribe,Steppe Nomadic,106,Storage Pits and Containers,14
-5000,initial,47,Zenvia Tribe,Steppe Nomadic,107,Seasonal Aggregation Camps,14
-5000,initial,47,Zenvia Tribe,Steppe Nomadic,110,Dog Domestication,14
-5000,initial,47,Zenvia Tribe,Steppe Nomadic,111,Grinding Stones,14
-5000,initial,47,Zenvia Tribe,Steppe Nomadic,113,Sedentism,14
-5000,initial,47,Zenvia Tribe,Steppe Nomadic,114,Enclosures and Herd Management,14
-5000,initial,47,Zenvia Tribe,Steppe Nomadic,2,Animal Husbandry,14
-5000,initial,47,Zenvia Tribe,Steppe Nomadic,4,Mining,14
-5000,initial,47,Zenvia Tribe,Steppe Nomadic,3,Archery,14
-5000,initial,47,Zenvia Tribe,Steppe Nomadic,6,Calendar,14
-5000,initial,48,Ofimau Tribe,Nile Floodplain,100,Cordage and Knots,19
-5000,initial,48,Ofimau Tribe,Nile Floodplain,101,Hide Working and Tailored Clothing,19
-5000,initial,48,Ofimau Tribe,Nile Floodplain,102,Hafted Stone Tools,19
-5000,initial,48,Ofimau Tribe,Nile Floodplain,105,Food Preservation,19
-5000,initial,48,Ofimau Tribe,Nile Floodplain,106,Storage Pits and Containers,19
-5000,initial,48,Ofimau Tribe,Nile Floodplain,107,Seasonal Aggregation Camps,19
-5000,initial,48,Ofimau Tribe,Nile Floodplain,110,Dog Domestication,19
-5000,initial,48,Ofimau Tribe,Nile Floodplain,111,Grinding Stones,19
-5000,initial,48,Ofimau Tribe,Nile Floodplain,112,Proto-cultivation,19
-5000,initial,48,Ofimau Tribe,Nile Floodplain,113,Sedentism,19
-5000,initial,48,Ofimau Tribe,Nile Floodplain,114,Enclosures and Herd Management,19
-5000,initial,48,Ofimau Tribe,Nile Floodplain,115,Counting Tokens and Tallies,19
-5000,initial,48,Ofimau Tribe,Nile Floodplain,116,Charcoal Firing,19
-5000,initial,48,Ofimau Tribe,Nile Floodplain,1,Pottery,19
-5000,initial,48,Ofimau Tribe,Nile Floodplain,2,Animal Husbandry,19
-5000,initial,48,Ofimau Tribe,Nile Floodplain,20,Agriculture,19
-5000,initial,48,Ofimau Tribe,Nile Floodplain,3,Archery,19
-5000,initial,48,Ofimau Tribe,Nile Floodplain,6,Calendar,19
-5000,initial,48,Ofimau Tribe,Nile Floodplain,10,Irrigation,19
-5000,initial,49,Old zumachi Tribe,Nile Floodplain,100,Cordage and Knots,19
-5000,initial,49,Old zumachi Tribe,Nile Floodplain,101,Hide Working and Tailored Clothing,19
-5000,initial,49,Old zumachi Tribe,Nile Floodplain,102,Hafted Stone Tools,19
-5000,initial,49,Old zumachi Tribe,Nile Floodplain,105,Food Preservation,19
-5000,initial,49,Old zumachi Tribe,Nile Floodplain,106,Storage Pits and Containers,19
-5000,initial,49,Old zumachi Tribe,Nile Floodplain,107,Seasonal Aggregation Camps,19
-5000,initial,49,Old zumachi Tribe,Nile Floodplain,110,Dog Domestication,19
-5000,initial,49,Old zumachi Tribe,Nile Floodplain,111,Grinding Stones,19
-5000,initial,49,Old zumachi Tribe,Nile Floodplain,112,Proto-cultivation,19
-5000,initial,49,Old zumachi Tribe,Nile Floodplain,113,Sedentism,19
-5000,initial,49,Old zumachi Tribe,Nile Floodplain,114,Enclosures and Herd Management,19
-5000,initial,49,Old zumachi Tribe,Nile Floodplain,115,Counting Tokens and Tallies,19
-5000,initial,49,Old zumachi Tribe,Nile Floodplain,116,Charcoal Firing,19
-5000,initial,49,Old zumachi Tribe,Nile Floodplain,1,Pottery,19
-5000,initial,49,Old zumachi Tribe,Nile Floodplain,2,Animal Husbandry,19
-5000,initial,49,Old zumachi Tribe,Nile Floodplain,20,Agriculture,19
-5000,initial,49,Old zumachi Tribe,Nile Floodplain,3,Archery,19
-5000,initial,49,Old zumachi Tribe,Nile Floodplain,6,Calendar,19
-5000,initial,49,Old zumachi Tribe,Nile Floodplain,10,Irrigation,19
-5000,initial,50,South ofichi Tribe,North Saharan,100,Cordage and Knots,19
-5000,initial,50,South ofichi Tribe,North Saharan,101,Hide Working and Tailored Clothing,19
-5000,initial,50,South ofichi Tribe,North Saharan,102,Hafted Stone Tools,19
-5000,initial,50,South ofichi Tribe,North Saharan,105,Food Preservation,19
-5000,initial,50,South ofichi Tribe,North Saharan,106,Storage Pits and Containers,19
-5000,initial,50,South ofichi Tribe,North Saharan,107,Seasonal Aggregation Camps,19
-5000,initial,50,South ofichi Tribe,North Saharan,110,Dog Domestication,19
-5000,initial,50,South ofichi Tribe,North Saharan,111,Grinding Stones,19
-5000,initial,50,South ofichi Tribe,North Saharan,112,Proto-cultivation,19
-5000,initial,50,South ofichi Tribe,North Saharan,113,Sedentism,19
-5000,initial,50,South ofichi Tribe,North Saharan,114,Enclosures and Herd Management,19
-5000,initial,50,South ofichi Tribe,North Saharan,115,Counting Tokens and Tallies,19
-5000,initial,50,South ofichi Tribe,North Saharan,116,Charcoal Firing,19
-5000,initial,50,South ofichi Tribe,North Saharan,1,Pottery,19
-5000,initial,50,South ofichi Tribe,North Saharan,2,Animal Husbandry,19
-5000,initial,50,South ofichi Tribe,North Saharan,4,Mining,19
-5000,initial,50,South ofichi Tribe,North Saharan,20,Agriculture,19
-5000,initial,50,South ofichi Tribe,North Saharan,3,Archery,19
-5000,initial,50,South ofichi Tribe,North Saharan,6,Calendar,19
-5000,initial,51,Great kabar Tribe,West Sahel,100,Cordage and Knots,15
-5000,initial,51,Great kabar Tribe,West Sahel,101,Hide Working and Tailored Clothing,15
-5000,initial,51,Great kabar Tribe,West Sahel,102,Hafted Stone Tools,15
-5000,initial,51,Great kabar Tribe,West Sahel,105,Food Preservation,15
-5000,initial,51,Great kabar Tribe,West Sahel,106,Storage Pits and Containers,15
-5000,initial,51,Great kabar Tribe,West Sahel,107,Seasonal Aggregation Camps,15
-5000,initial,51,Great kabar Tribe,West Sahel,111,Grinding Stones,15
-5000,initial,51,Great kabar Tribe,West Sahel,112,Proto-cultivation,15
-5000,initial,51,Great kabar Tribe,West Sahel,113,Sedentism,15
-5000,initial,51,Great kabar Tribe,West Sahel,116,Charcoal Firing,15
-5000,initial,51,Great kabar Tribe,West Sahel,1,Pottery,15
-5000,initial,51,Great kabar Tribe,West Sahel,4,Mining,15
-5000,initial,51,Great kabar Tribe,West Sahel,20,Agriculture,15
-5000,initial,51,Great kabar Tribe,West Sahel,3,Archery,15
-5000,initial,51,Great kabar Tribe,West Sahel,6,Calendar,15
-5000,initial,52,Zutanu Tribe,West Sahel,100,Cordage and Knots,15
-5000,initial,52,Zutanu Tribe,West Sahel,101,Hide Working and Tailored Clothing,15
-5000,initial,52,Zutanu Tribe,West Sahel,102,Hafted Stone Tools,15
-5000,initial,52,Zutanu Tribe,West Sahel,105,Food Preservation,15
-5000,initial,52,Zutanu Tribe,West Sahel,106,Storage Pits and Containers,15
-5000,initial,52,Zutanu Tribe,West Sahel,107,Seasonal Aggregation Camps,15
-5000,initial,52,Zutanu Tribe,West Sahel,111,Grinding Stones,15
-5000,initial,52,Zutanu Tribe,West Sahel,112,Proto-cultivation,15
-5000,initial,52,Zutanu Tribe,West Sahel,113,Sedentism,15
-5000,initial,52,Zutanu Tribe,West Sahel,116,Charcoal Firing,15
-5000,initial,52,Zutanu Tribe,West Sahel,1,Pottery,15
-5000,initial,52,Zutanu Tribe,West Sahel,4,Mining,15
-5000,initial,52,Zutanu Tribe,West Sahel,20,Agriculture,15
-5000,initial,52,Zutanu Tribe,West Sahel,3,Archery,15
-5000,initial,52,Zutanu Tribe,West Sahel,6,Calendar,15
-5000,initial,53,Selam Tribe,East Horn,100,Cordage and Knots,15
-5000,initial,53,Selam Tribe,East Horn,101,Hide Working and Tailored Clothing,15
-5000,initial,53,Selam Tribe,East Horn,102,Hafted Stone Tools,15
-5000,initial,53,Selam Tribe,East Horn,105,Food Preservation,15
-5000,initial,53,Selam Tribe,East Horn,106,Storage Pits and Containers,15
-5000,initial,53,Selam Tribe,East Horn,107,Seasonal Aggregation Camps,15
-5000,initial,53,Selam Tribe,East Horn,111,Grinding Stones,15
-5000,initial,53,Selam Tribe,East Horn,112,Proto-cultivation,15
-5000,initial,53,Selam Tribe,East Horn,113,Sedentism,15
-5000,initial,53,Selam Tribe,East Horn,116,Charcoal Firing,15
-5000,initial,53,Selam Tribe,East Horn,1,Pottery,15
-5000,initial,53,Selam Tribe,East Horn,4,Mining,15
-5000,initial,53,Selam Tribe,East Horn,20,Agriculture,15
-5000,initial,53,Selam Tribe,East Horn,3,Archery,15
-5000,initial,53,Selam Tribe,East Horn,6,Calendar,15
-5000,initial,54,New barchiara Tribe,East Horn,100,Cordage and Knots,15
-5000,initial,54,New barchiara Tribe,East Horn,101,Hide Working and Tailored Clothing,15
-5000,initial,54,New barchiara Tribe,East Horn,102,Hafted Stone Tools,15
-5000,initial,54,New barchiara Tribe,East Horn,105,Food Preservation,15
-5000,initial,54,New barchiara Tribe,East Horn,106,Storage Pits and Containers,15
-5000,initial,54,New barchiara Tribe,East Horn,107,Seasonal Aggregation Camps,15
-5000,initial,54,New barchiara Tribe,East Horn,111,Grinding Stones,15
-5000,initial,54,New barchiara Tribe,East Horn,112,Proto-cultivation,15
-5000,initial,54,New barchiara Tribe,East Horn,113,Sedentism,15
-5000,initial,54,New barchiara Tribe,East Horn,116,Charcoal Firing,15
-5000,initial,54,New barchiara Tribe,East Horn,1,Pottery,15
-5000,initial,54,New barchiara Tribe,East Horn,4,Mining,15
-5000,initial,54,New barchiara Tribe,East Horn,20,Agriculture,15
-5000,initial,54,New barchiara Tribe,East Horn,3,Archery,15
-5000,initial,54,New barchiara Tribe,East Horn,6,Calendar,15
-5000,initial,55,North tanngolama Tribe,Central Forest,100,Cordage and Knots,13
-5000,initial,55,North tanngolama Tribe,Central Forest,101,Hide Working and Tailored Clothing,13
-5000,initial,55,North tanngolama Tribe,Central Forest,102,Hafted Stone Tools,13
-5000,initial,55,North tanngolama Tribe,Central Forest,105,Food Preservation,13
-5000,initial,55,North tanngolama Tribe,Central Forest,106,Storage Pits and Containers,13
-5000,initial,55,North tanngolama Tribe,Central Forest,107,Seasonal Aggregation Camps,13
-5000,initial,55,North tanngolama Tribe,Central Forest,111,Grinding Stones,13
-5000,initial,55,North tanngolama Tribe,Central Forest,113,Sedentism,13
-5000,initial,55,North tanngolama Tribe,Central Forest,116,Charcoal Firing,13
-5000,initial,55,North tanngolama Tribe,Central Forest,1,Pottery,13
-5000,initial,55,North tanngolama Tribe,Central Forest,4,Mining,13
-5000,initial,55,North tanngolama Tribe,Central Forest,3,Archery,13
-5000,initial,55,North tanngolama Tribe,Central Forest,6,Calendar,13
-5000,initial,56,New selnoria Tribe,Mediterranean Highland,100,Cordage and Knots,20
-5000,initial,56,New selnoria Tribe,Mediterranean Highland,101,Hide Working and Tailored Clothing,20
-5000,initial,56,New selnoria Tribe,Mediterranean Highland,102,Hafted Stone Tools,20
-5000,initial,56,New selnoria Tribe,Mediterranean Highland,105,Food Preservation,20
-5000,initial,56,New selnoria Tribe,Mediterranean Highland,106,Storage Pits and Containers,20
-5000,initial,56,New selnoria Tribe,Mediterranean Highland,107,Seasonal Aggregation Camps,20
-5000,initial,56,New selnoria Tribe,Mediterranean Highland,110,Dog Domestication,20
-5000,initial,56,New selnoria Tribe,Mediterranean Highland,111,Grinding Stones,20
-5000,initial,56,New selnoria Tribe,Mediterranean Highland,112,Proto-cultivation,20
-5000,initial,56,New selnoria Tribe,Mediterranean Highland,113,Sedentism,20
-5000,initial,56,New selnoria Tribe,Mediterranean Highland,114,Enclosures and Herd Management,20
-5000,initial,56,New selnoria Tribe,Mediterranean Highland,115,Counting Tokens and Tallies,20
-5000,initial,56,New selnoria Tribe,Mediterranean Highland,116,Charcoal Firing,20
-5000,initial,56,New selnoria Tribe,Mediterranean Highland,1,Pottery,20
-5000,initial,56,New selnoria Tribe,Mediterranean Highland,119,Native Copper Working,20
-5000,initial,56,New selnoria Tribe,Mediterranean Highland,2,Animal Husbandry,20
-5000,initial,56,New selnoria Tribe,Mediterranean Highland,4,Mining,20
-5000,initial,56,New selnoria Tribe,Mediterranean Highland,20,Agriculture,20
-5000,initial,56,New selnoria Tribe,Mediterranean Highland,3,Archery,20
-5000,initial,56,New selnoria Tribe,Mediterranean Highland,6,Calendar,20
-5000,initial,57,New venrom Tribe,Mediterranean Highland,100,Cordage and Knots,20
-5000,initial,57,New venrom Tribe,Mediterranean Highland,101,Hide Working and Tailored Clothing,20
-5000,initial,57,New venrom Tribe,Mediterranean Highland,102,Hafted Stone Tools,20
-5000,initial,57,New venrom Tribe,Mediterranean Highland,105,Food Preservation,20
-5000,initial,57,New venrom Tribe,Mediterranean Highland,106,Storage Pits and Containers,20
-5000,initial,57,New venrom Tribe,Mediterranean Highland,107,Seasonal Aggregation Camps,20
-5000,initial,57,New venrom Tribe,Mediterranean Highland,110,Dog Domestication,20
-5000,initial,57,New venrom Tribe,Mediterranean Highland,111,Grinding Stones,20
-5000,initial,57,New venrom Tribe,Mediterranean Highland,112,Proto-cultivation,20
-5000,initial,57,New venrom Tribe,Mediterranean Highland,113,Sedentism,20
-5000,initial,57,New venrom Tribe,Mediterranean Highland,114,Enclosures and Herd Management,20
-5000,initial,57,New venrom Tribe,Mediterranean Highland,115,Counting Tokens and Tallies,20
-5000,initial,57,New venrom Tribe,Mediterranean Highland,116,Charcoal Firing,20
-5000,initial,57,New venrom Tribe,Mediterranean Highland,1,Pottery,20
-5000,initial,57,New venrom Tribe,Mediterranean Highland,119,Native Copper Working,20
-5000,initial,57,New venrom Tribe,Mediterranean Highland,2,Animal Husbandry,20
-5000,initial,57,New venrom Tribe,Mediterranean Highland,4,Mining,20
-5000,initial,57,New venrom Tribe,Mediterranean Highland,20,Agriculture,20
-5000,initial,57,New venrom Tribe,Mediterranean Highland,3,Archery,20
-5000,initial,57,New venrom Tribe,Mediterranean Highland,6,Calendar,20
-5000,initial,58,South seltarvenland Tribe,Mediterranean Urban,100,Cordage and Knots,22
-5000,initial,58,South seltarvenland Tribe,Mediterranean Urban,101,Hide Working and Tailored Clothing,22
-5000,initial,58,South seltarvenland Tribe,Mediterranean Urban,102,Hafted Stone Tools,22
-5000,initial,58,South seltarvenland Tribe,Mediterranean Urban,104,Fishing Technology,22
-5000,initial,58,South seltarvenland Tribe,Mediterranean Urban,105,Food Preservation,22
-5000,initial,58,South seltarvenland Tribe,Mediterranean Urban,106,Storage Pits and Containers,22
-5000,initial,58,South seltarvenland Tribe,Mediterranean Urban,107,Seasonal Aggregation Camps,22
-5000,initial,58,South seltarvenland Tribe,Mediterranean Urban,108,Watercraft,22
-5000,initial,58,South seltarvenland Tribe,Mediterranean Urban,110,Dog Domestication,22
-5000,initial,58,South seltarvenland Tribe,Mediterranean Urban,111,Grinding Stones,22
-5000,initial,58,South seltarvenland Tribe,Mediterranean Urban,112,Proto-cultivation,22
-5000,initial,58,South seltarvenland Tribe,Mediterranean Urban,113,Sedentism,22
-5000,initial,58,South seltarvenland Tribe,Mediterranean Urban,114,Enclosures and Herd Management,22
-5000,initial,58,South seltarvenland Tribe,Mediterranean Urban,115,Counting Tokens and Tallies,22
-5000,initial,58,South seltarvenland Tribe,Mediterranean Urban,116,Charcoal Firing,22
-5000,initial,58,South seltarvenland Tribe,Mediterranean Urban,1,Pottery,22
-5000,initial,58,South seltarvenland Tribe,Mediterranean Urban,2,Animal Husbandry,22
-5000,initial,58,South seltarvenland Tribe,Mediterranean Urban,4,Mining,22
-5000,initial,58,South seltarvenland Tribe,Mediterranean Urban,20,Agriculture,22
-5000,initial,58,South seltarvenland Tribe,Mediterranean Urban,3,Archery,22
-5000,initial,58,South seltarvenland Tribe,Mediterranean Urban,5,Sailing,22
-5000,initial,58,South seltarvenland Tribe,Mediterranean Urban,6,Calendar,22
-5000,initial,59,Great bellenvenia Tribe,Mediterranean Urban,100,Cordage and Knots,22
-5000,initial,59,Great bellenvenia Tribe,Mediterranean Urban,101,Hide Working and Tailored Clothing,22
-5000,initial,59,Great bellenvenia Tribe,Mediterranean Urban,102,Hafted Stone Tools,22
-5000,initial,59,Great bellenvenia Tribe,Mediterranean Urban,104,Fishing Technology,22
-5000,initial,59,Great bellenvenia Tribe,Mediterranean Urban,105,Food Preservation,22
-5000,initial,59,Great bellenvenia Tribe,Mediterranean Urban,106,Storage Pits and Containers,22
-5000,initial,59,Great bellenvenia Tribe,Mediterranean Urban,107,Seasonal Aggregation Camps,22
-5000,initial,59,Great bellenvenia Tribe,Mediterranean Urban,108,Watercraft,22
-5000,initial,59,Great bellenvenia Tribe,Mediterranean Urban,110,Dog Domestication,22
-5000,initial,59,Great bellenvenia Tribe,Mediterranean Urban,111,Grinding Stones,22
-5000,initial,59,Great bellenvenia Tribe,Mediterranean Urban,112,Proto-cultivation,22
-5000,initial,59,Great bellenvenia Tribe,Mediterranean Urban,113,Sedentism,22
-5000,initial,59,Great bellenvenia Tribe,Mediterranean Urban,114,Enclosures and Herd Management,22
-5000,initial,59,Great bellenvenia Tribe,Mediterranean Urban,115,Counting Tokens and Tallies,22
-5000,initial,59,Great bellenvenia Tribe,Mediterranean Urban,116,Charcoal Firing,22
-5000,initial,59,Great bellenvenia Tribe,Mediterranean Urban,1,Pottery,22
-5000,initial,59,Great bellenvenia Tribe,Mediterranean Urban,2,Animal Husbandry,22
-5000,initial,59,Great bellenvenia Tribe,Mediterranean Urban,4,Mining,22
-5000,initial,59,Great bellenvenia Tribe,Mediterranean Urban,20,Agriculture,22
-5000,initial,59,Great bellenvenia Tribe,Mediterranean Urban,3,Archery,22
-5000,initial,59,Great bellenvenia Tribe,Mediterranean Urban,5,Sailing,22
-5000,initial,59,Great bellenvenia Tribe,Mediterranean Urban,6,Calendar,22
-5000,initial,60,Dorlenbelland Tribe,Central Plain,100,Cordage and Knots,18
-5000,initial,60,Dorlenbelland Tribe,Central Plain,101,Hide Working and Tailored Clothing,18
-5000,initial,60,Dorlenbelland Tribe,Central Plain,102,Hafted Stone Tools,18
-5000,initial,60,Dorlenbelland Tribe,Central Plain,105,Food Preservation,18
-5000,initial,60,Dorlenbelland Tribe,Central Plain,106,Storage Pits and Containers,18
-5000,initial,60,Dorlenbelland Tribe,Central Plain,107,Seasonal Aggregation Camps,18
-5000,initial,60,Dorlenbelland Tribe,Central Plain,110,Dog Domestication,18
-5000,initial,60,Dorlenbelland Tribe,Central Plain,111,Grinding Stones,18
-5000,initial,60,Dorlenbelland Tribe,Central Plain,112,Proto-cultivation,18
-5000,initial,60,Dorlenbelland Tribe,Central Plain,113,Sedentism,18
-5000,initial,60,Dorlenbelland Tribe,Central Plain,114,Enclosures and Herd Management,18
-5000,initial,60,Dorlenbelland Tribe,Central Plain,116,Charcoal Firing,18
-5000,initial,60,Dorlenbelland Tribe,Central Plain,1,Pottery,18
-5000,initial,60,Dorlenbelland Tribe,Central Plain,2,Animal Husbandry,18
-5000,initial,60,Dorlenbelland Tribe,Central Plain,4,Mining,18
-5000,initial,60,Dorlenbelland Tribe,Central Plain,20,Agriculture,18
-5000,initial,60,Dorlenbelland Tribe,Central Plain,3,Archery,18
-5000,initial,60,Dorlenbelland Tribe,Central Plain,6,Calendar,18
-5000,initial,61,Dorselum Tribe,Central Plain,100,Cordage and Knots,18
-5000,initial,61,Dorselum Tribe,Central Plain,101,Hide Working and Tailored Clothing,18
-5000,initial,61,Dorselum Tribe,Central Plain,102,Hafted Stone Tools,18
-5000,initial,61,Dorselum Tribe,Central Plain,105,Food Preservation,18
-5000,initial,61,Dorselum Tribe,Central Plain,106,Storage Pits and Containers,18
-5000,initial,61,Dorselum Tribe,Central Plain,107,Seasonal Aggregation Camps,18
-5000,initial,61,Dorselum Tribe,Central Plain,110,Dog Domestication,18
-5000,initial,61,Dorselum Tribe,Central Plain,111,Grinding Stones,18
-5000,initial,61,Dorselum Tribe,Central Plain,112,Proto-cultivation,18
-5000,initial,61,Dorselum Tribe,Central Plain,113,Sedentism,18
-5000,initial,61,Dorselum Tribe,Central Plain,114,Enclosures and Herd Management,18
-5000,initial,61,Dorselum Tribe,Central Plain,116,Charcoal Firing,18
-5000,initial,61,Dorselum Tribe,Central Plain,1,Pottery,18
-5000,initial,61,Dorselum Tribe,Central Plain,2,Animal Husbandry,18
-5000,initial,61,Dorselum Tribe,Central Plain,4,Mining,18
-5000,initial,61,Dorselum Tribe,Central Plain,20,Agriculture,18
-5000,initial,61,Dorselum Tribe,Central Plain,3,Archery,18
-5000,initial,61,Dorselum Tribe,Central Plain,6,Calendar,18
-5000,initial,62,Old tarnoria Tribe,Atlantic Fringe,100,Cordage and Knots,15
-5000,initial,62,Old tarnoria Tribe,Atlantic Fringe,101,Hide Working and Tailored Clothing,15
-5000,initial,62,Old tarnoria Tribe,Atlantic Fringe,102,Hafted Stone Tools,15
-5000,initial,62,Old tarnoria Tribe,Atlantic Fringe,105,Food Preservation,15
-5000,initial,62,Old tarnoria Tribe,Atlantic Fringe,106,Storage Pits and Containers,15
-5000,initial,62,Old tarnoria Tribe,Atlantic Fringe,107,Seasonal Aggregation Camps,15
-5000,initial,62,Old tarnoria Tribe,Atlantic Fringe,111,Grinding Stones,15
-5000,initial,62,Old tarnoria Tribe,Atlantic Fringe,112,Proto-cultivation,15
-5000,initial,62,Old tarnoria Tribe,Atlantic Fringe,113,Sedentism,15
-5000,initial,62,Old tarnoria Tribe,Atlantic Fringe,116,Charcoal Firing,15
-5000,initial,62,Old tarnoria Tribe,Atlantic Fringe,1,Pottery,15
-5000,initial,62,Old tarnoria Tribe,Atlantic Fringe,4,Mining,15
-5000,initial,62,Old tarnoria Tribe,Atlantic Fringe,20,Agriculture,15
-5000,initial,62,Old tarnoria Tribe,Atlantic Fringe,3,Archery,15
-5000,initial,62,Old tarnoria Tribe,Atlantic Fringe,6,Calendar,15
-5000,initial,63,South venlenvenum Tribe,Atlantic Fringe,100,Cordage and Knots,15
-5000,initial,63,South venlenvenum Tribe,Atlantic Fringe,101,Hide Working and Tailored Clothing,15
-5000,initial,63,South venlenvenum Tribe,Atlantic Fringe,102,Hafted Stone Tools,15
-5000,initial,63,South venlenvenum Tribe,Atlantic Fringe,105,Food Preservation,15
-5000,initial,63,South venlenvenum Tribe,Atlantic Fringe,106,Storage Pits and Containers,15
-5000,initial,63,South venlenvenum Tribe,Atlantic Fringe,107,Seasonal Aggregation Camps,15
-5000,initial,63,South venlenvenum Tribe,Atlantic Fringe,111,Grinding Stones,15
-5000,initial,63,South venlenvenum Tribe,Atlantic Fringe,112,Proto-cultivation,15
-5000,initial,63,South venlenvenum Tribe,Atlantic Fringe,113,Sedentism,15
-5000,initial,63,South venlenvenum Tribe,Atlantic Fringe,116,Charcoal Firing,15
-5000,initial,63,South venlenvenum Tribe,Atlantic Fringe,1,Pottery,15
-5000,initial,63,South venlenvenum Tribe,Atlantic Fringe,4,Mining,15
-5000,initial,63,South venlenvenum Tribe,Atlantic Fringe,20,Agriculture,15
-5000,initial,63,South venlenvenum Tribe,Atlantic Fringe,3,Archery,15
-5000,initial,63,South venlenvenum Tribe,Atlantic Fringe,6,Calendar,15
-5000,initial,64,South tarbelia Tribe,Northern Maritime,100,Cordage and Knots,11
-5000,initial,64,South tarbelia Tribe,Northern Maritime,101,Hide Working and Tailored Clothing,11
-5000,initial,64,South tarbelia Tribe,Northern Maritime,102,Hafted Stone Tools,11
-5000,initial,64,South tarbelia Tribe,Northern Maritime,105,Food Preservation,11
-5000,initial,64,South tarbelia Tribe,Northern Maritime,106,Storage Pits and Containers,11
-5000,initial,64,South tarbelia Tribe,Northern Maritime,107,Seasonal Aggregation Camps,11
-5000,initial,64,South tarbelia Tribe,Northern Maritime,111,Grinding Stones,11
-5000,initial,64,South tarbelia Tribe,Northern Maritime,113,Sedentism,11
-5000,initial,64,South tarbelia Tribe,Northern Maritime,4,Mining,11
-5000,initial,64,South tarbelia Tribe,Northern Maritime,3,Archery,11
-5000,initial,64,South tarbelia Tribe,Northern Maritime,6,Calendar,11
-5000,initial,65,Great mixnahtan Tribe,Mesoamerican,100,Cordage and Knots,14
-5000,initial,65,Great mixnahtan Tribe,Mesoamerican,101,Hide Working and Tailored Clothing,14
-5000,initial,65,Great mixnahtan Tribe,Mesoamerican,102,Hafted Stone Tools,14
-5000,initial,65,Great mixnahtan Tribe,Mesoamerican,105,Food Preservation,14
-5000,initial,65,Great mixnahtan Tribe,Mesoamerican,106,Storage Pits and Containers,14
-5000,initial,65,Great mixnahtan Tribe,Mesoamerican,107,Seasonal Aggregation Camps,14
-5000,initial,65,Great mixnahtan Tribe,Mesoamerican,111,Grinding Stones,14
-5000,initial,65,Great mixnahtan Tribe,Mesoamerican,112,Proto-cultivation,14
-5000,initial,65,Great mixnahtan Tribe,Mesoamerican,113,Sedentism,14
-5000,initial,65,Great mixnahtan Tribe,Mesoamerican,116,Charcoal Firing,14
-5000,initial,65,Great mixnahtan Tribe,Mesoamerican,1,Pottery,14
-5000,initial,65,Great mixnahtan Tribe,Mesoamerican,20,Agriculture,14
-5000,initial,65,Great mixnahtan Tribe,Mesoamerican,3,Archery,14
-5000,initial,65,Great mixnahtan Tribe,Mesoamerican,6,Calendar,14
-5000,initial,66,South xocxocpan Tribe,Mesoamerican,100,Cordage and Knots,14
-5000,initial,66,South xocxocpan Tribe,Mesoamerican,101,Hide Working and Tailored Clothing,14
-5000,initial,66,South xocxocpan Tribe,Mesoamerican,102,Hafted Stone Tools,14
-5000,initial,66,South xocxocpan Tribe,Mesoamerican,105,Food Preservation,14
-5000,initial,66,South xocxocpan Tribe,Mesoamerican,106,Storage Pits and Containers,14
-5000,initial,66,South xocxocpan Tribe,Mesoamerican,107,Seasonal Aggregation Camps,14
-5000,initial,66,South xocxocpan Tribe,Mesoamerican,111,Grinding Stones,14
-5000,initial,66,South xocxocpan Tribe,Mesoamerican,112,Proto-cultivation,14
-5000,initial,66,South xocxocpan Tribe,Mesoamerican,113,Sedentism,14
-5000,initial,66,South xocxocpan Tribe,Mesoamerican,116,Charcoal Firing,14
-5000,initial,66,South xocxocpan Tribe,Mesoamerican,1,Pottery,14
-5000,initial,66,South xocxocpan Tribe,Mesoamerican,20,Agriculture,14
-5000,initial,66,South xocxocpan Tribe,Mesoamerican,3,Archery,14
-5000,initial,66,South xocxocpan Tribe,Mesoamerican,6,Calendar,14
-5000,initial,67,New calchitem Tribe,Mesoamerican,100,Cordage and Knots,14
-5000,initial,67,New calchitem Tribe,Mesoamerican,101,Hide Working and Tailored Clothing,14
-5000,initial,67,New calchitem Tribe,Mesoamerican,102,Hafted Stone Tools,14
-5000,initial,67,New calchitem Tribe,Mesoamerican,105,Food Preservation,14
-5000,initial,67,New calchitem Tribe,Mesoamerican,106,Storage Pits and Containers,14
-5000,initial,67,New calchitem Tribe,Mesoamerican,107,Seasonal Aggregation Camps,14
-5000,initial,67,New calchitem Tribe,Mesoamerican,111,Grinding Stones,14
-5000,initial,67,New calchitem Tribe,Mesoamerican,112,Proto-cultivation,14
-5000,initial,67,New calchitem Tribe,Mesoamerican,113,Sedentism,14
-5000,initial,67,New calchitem Tribe,Mesoamerican,116,Charcoal Firing,14
-5000,initial,67,New calchitem Tribe,Mesoamerican,1,Pottery,14
-5000,initial,67,New calchitem Tribe,Mesoamerican,20,Agriculture,14
-5000,initial,67,New calchitem Tribe,Mesoamerican,3,Archery,14
-5000,initial,67,New calchitem Tribe,Mesoamerican,6,Calendar,14
-5000,initial,68,Tolchipan Tribe,Mesoamerican,100,Cordage and Knots,14
-5000,initial,68,Tolchipan Tribe,Mesoamerican,101,Hide Working and Tailored Clothing,14
-5000,initial,68,Tolchipan Tribe,Mesoamerican,102,Hafted Stone Tools,14
-5000,initial,68,Tolchipan Tribe,Mesoamerican,105,Food Preservation,14
-5000,initial,68,Tolchipan Tribe,Mesoamerican,106,Storage Pits and Containers,14
-5000,initial,68,Tolchipan Tribe,Mesoamerican,107,Seasonal Aggregation Camps,14
-5000,initial,68,Tolchipan Tribe,Mesoamerican,111,Grinding Stones,14
-5000,initial,68,Tolchipan Tribe,Mesoamerican,112,Proto-cultivation,14
-5000,initial,68,Tolchipan Tribe,Mesoamerican,113,Sedentism,14
-5000,initial,68,Tolchipan Tribe,Mesoamerican,116,Charcoal Firing,14
-5000,initial,68,Tolchipan Tribe,Mesoamerican,1,Pottery,14
-5000,initial,68,Tolchipan Tribe,Mesoamerican,20,Agriculture,14
-5000,initial,68,Tolchipan Tribe,Mesoamerican,3,Archery,14
-5000,initial,68,Tolchipan Tribe,Mesoamerican,6,Calendar,14
-5000,initial,69,South chicalcalan Tribe,Mesoamerican,100,Cordage and Knots,14
-5000,initial,69,South chicalcalan Tribe,Mesoamerican,101,Hide Working and Tailored Clothing,14
-5000,initial,69,South chicalcalan Tribe,Mesoamerican,102,Hafted Stone Tools,14
-5000,initial,69,South chicalcalan Tribe,Mesoamerican,105,Food Preservation,14
-5000,initial,69,South chicalcalan Tribe,Mesoamerican,106,Storage Pits and Containers,14
-5000,initial,69,South chicalcalan Tribe,Mesoamerican,107,Seasonal Aggregation Camps,14
-5000,initial,69,South chicalcalan Tribe,Mesoamerican,111,Grinding Stones,14
-5000,initial,69,South chicalcalan Tribe,Mesoamerican,112,Proto-cultivation,14
-5000,initial,69,South chicalcalan Tribe,Mesoamerican,113,Sedentism,14
-5000,initial,69,South chicalcalan Tribe,Mesoamerican,116,Charcoal Firing,14
-5000,initial,69,South chicalcalan Tribe,Mesoamerican,1,Pottery,14
-5000,initial,69,South chicalcalan Tribe,Mesoamerican,20,Agriculture,14
-5000,initial,69,South chicalcalan Tribe,Mesoamerican,3,Archery,14
-5000,initial,69,South chicalcalan Tribe,Mesoamerican,6,Calendar,14
-5000,initial,70,North chimixtan Tribe,Mesoamerican,100,Cordage and Knots,14
-5000,initial,70,North chimixtan Tribe,Mesoamerican,101,Hide Working and Tailored Clothing,14
-5000,initial,70,North chimixtan Tribe,Mesoamerican,102,Hafted Stone Tools,14
-5000,initial,70,North chimixtan Tribe,Mesoamerican,105,Food Preservation,14
-5000,initial,70,North chimixtan Tribe,Mesoamerican,106,Storage Pits and Containers,14
-5000,initial,70,North chimixtan Tribe,Mesoamerican,107,Seasonal Aggregation Camps,14
-5000,initial,70,North chimixtan Tribe,Mesoamerican,111,Grinding Stones,14
-5000,initial,70,North chimixtan Tribe,Mesoamerican,112,Proto-cultivation,14
-5000,initial,70,North chimixtan Tribe,Mesoamerican,113,Sedentism,14
-5000,initial,70,North chimixtan Tribe,Mesoamerican,116,Charcoal Firing,14
-5000,initial,70,North chimixtan Tribe,Mesoamerican,1,Pottery,14
-5000,initial,70,North chimixtan Tribe,Mesoamerican,20,Agriculture,14
-5000,initial,70,North chimixtan Tribe,Mesoamerican,3,Archery,14
-5000,initial,70,North chimixtan Tribe,Mesoamerican,6,Calendar,14
-5000,initial,71,North calchichico Tribe,Mesoamerican,100,Cordage and Knots,14
-5000,initial,71,North calchichico Tribe,Mesoamerican,101,Hide Working and Tailored Clothing,14
-5000,initial,71,North calchichico Tribe,Mesoamerican,102,Hafted Stone Tools,14
-5000,initial,71,North calchichico Tribe,Mesoamerican,105,Food Preservation,14
-5000,initial,71,North calchichico Tribe,Mesoamerican,106,Storage Pits and Containers,14
-5000,initial,71,North calchichico Tribe,Mesoamerican,107,Seasonal Aggregation Camps,14
-5000,initial,71,North calchichico Tribe,Mesoamerican,111,Grinding Stones,14
-5000,initial,71,North calchichico Tribe,Mesoamerican,112,Proto-cultivation,14
-5000,initial,71,North calchichico Tribe,Mesoamerican,113,Sedentism,14
-5000,initial,71,North calchichico Tribe,Mesoamerican,116,Charcoal Firing,14
-5000,initial,71,North calchichico Tribe,Mesoamerican,1,Pottery,14
-5000,initial,71,North calchichico Tribe,Mesoamerican,20,Agriculture,14
-5000,initial,71,North calchichico Tribe,Mesoamerican,3,Archery,14
-5000,initial,71,North calchichico Tribe,Mesoamerican,6,Calendar,14
-5000,initial,72,Great xocteoan Tribe,Mesoamerican,100,Cordage and Knots,14
-5000,initial,72,Great xocteoan Tribe,Mesoamerican,101,Hide Working and Tailored Clothing,14
-5000,initial,72,Great xocteoan Tribe,Mesoamerican,102,Hafted Stone Tools,14
-5000,initial,72,Great xocteoan Tribe,Mesoamerican,105,Food Preservation,14
-5000,initial,72,Great xocteoan Tribe,Mesoamerican,106,Storage Pits and Containers,14
-5000,initial,72,Great xocteoan Tribe,Mesoamerican,107,Seasonal Aggregation Camps,14
-5000,initial,72,Great xocteoan Tribe,Mesoamerican,111,Grinding Stones,14
-5000,initial,72,Great xocteoan Tribe,Mesoamerican,112,Proto-cultivation,14
-5000,initial,72,Great xocteoan Tribe,Mesoamerican,113,Sedentism,14
-5000,initial,72,Great xocteoan Tribe,Mesoamerican,116,Charcoal Firing,14
-5000,initial,72,Great xocteoan Tribe,Mesoamerican,1,Pottery,14
-5000,initial,72,Great xocteoan Tribe,Mesoamerican,20,Agriculture,14
-5000,initial,72,Great xocteoan Tribe,Mesoamerican,3,Archery,14
-5000,initial,72,Great xocteoan Tribe,Mesoamerican,6,Calendar,14
-5000,initial,73,South xocxoc Tribe,Mesoamerican,100,Cordage and Knots,14
-5000,initial,73,South xocxoc Tribe,Mesoamerican,101,Hide Working and Tailored Clothing,14
-5000,initial,73,South xocxoc Tribe,Mesoamerican,102,Hafted Stone Tools,14
-5000,initial,73,South xocxoc Tribe,Mesoamerican,105,Food Preservation,14
-5000,initial,73,South xocxoc Tribe,Mesoamerican,106,Storage Pits and Containers,14
-5000,initial,73,South xocxoc Tribe,Mesoamerican,107,Seasonal Aggregation Camps,14
-5000,initial,73,South xocxoc Tribe,Mesoamerican,111,Grinding Stones,14
-5000,initial,73,South xocxoc Tribe,Mesoamerican,112,Proto-cultivation,14
-5000,initial,73,South xocxoc Tribe,Mesoamerican,113,Sedentism,14
-5000,initial,73,South xocxoc Tribe,Mesoamerican,116,Charcoal Firing,14
-5000,initial,73,South xocxoc Tribe,Mesoamerican,1,Pottery,14
-5000,initial,73,South xocxoc Tribe,Mesoamerican,20,Agriculture,14
-5000,initial,73,South xocxoc Tribe,Mesoamerican,3,Archery,14
-5000,initial,73,South xocxoc Tribe,Mesoamerican,6,Calendar,14
-5000,initial,74,Old calnahitzco Tribe,Mesoamerican,100,Cordage and Knots,14
-5000,initial,74,Old calnahitzco Tribe,Mesoamerican,101,Hide Working and Tailored Clothing,14
-5000,initial,74,Old calnahitzco Tribe,Mesoamerican,102,Hafted Stone Tools,14
-5000,initial,74,Old calnahitzco Tribe,Mesoamerican,105,Food Preservation,14
-5000,initial,74,Old calnahitzco Tribe,Mesoamerican,106,Storage Pits and Containers,14
-5000,initial,74,Old calnahitzco Tribe,Mesoamerican,107,Seasonal Aggregation Camps,14
-5000,initial,74,Old calnahitzco Tribe,Mesoamerican,111,Grinding Stones,14
-5000,initial,74,Old calnahitzco Tribe,Mesoamerican,112,Proto-cultivation,14
-5000,initial,74,Old calnahitzco Tribe,Mesoamerican,113,Sedentism,14
-5000,initial,74,Old calnahitzco Tribe,Mesoamerican,116,Charcoal Firing,14
-5000,initial,74,Old calnahitzco Tribe,Mesoamerican,1,Pottery,14
-5000,initial,74,Old calnahitzco Tribe,Mesoamerican,20,Agriculture,14
-5000,initial,74,Old calnahitzco Tribe,Mesoamerican,3,Archery,14
-5000,initial,74,Old calnahitzco Tribe,Mesoamerican,6,Calendar,14
-5000,initial,75,Old intiinti Tribe,Andean Highland,100,Cordage and Knots,15
-5000,initial,75,Old intiinti Tribe,Andean Highland,101,Hide Working and Tailored Clothing,15
-5000,initial,75,Old intiinti Tribe,Andean Highland,102,Hafted Stone Tools,15
-5000,initial,75,Old intiinti Tribe,Andean Highland,105,Food Preservation,15
-5000,initial,75,Old intiinti Tribe,Andean Highland,106,Storage Pits and Containers,15
-5000,initial,75,Old intiinti Tribe,Andean Highland,107,Seasonal Aggregation Camps,15
-5000,initial,75,Old intiinti Tribe,Andean Highland,111,Grinding Stones,15
-5000,initial,75,Old intiinti Tribe,Andean Highland,112,Proto-cultivation,15
-5000,initial,75,Old intiinti Tribe,Andean Highland,113,Sedentism,15
-5000,initial,75,Old intiinti Tribe,Andean Highland,116,Charcoal Firing,15
-5000,initial,75,Old intiinti Tribe,Andean Highland,1,Pottery,15
-5000,initial,75,Old intiinti Tribe,Andean Highland,4,Mining,15
-5000,initial,75,Old intiinti Tribe,Andean Highland,20,Agriculture,15
-5000,initial,75,Old intiinti Tribe,Andean Highland,3,Archery,15
-5000,initial,75,Old intiinti Tribe,Andean Highland,6,Calendar,15
-5000,initial,76,South sumkusruma Tribe,Andean Highland,100,Cordage and Knots,15
-5000,initial,76,South sumkusruma Tribe,Andean Highland,101,Hide Working and Tailored Clothing,15
-5000,initial,76,South sumkusruma Tribe,Andean Highland,102,Hafted Stone Tools,15
-5000,initial,76,South sumkusruma Tribe,Andean Highland,105,Food Preservation,15
-5000,initial,76,South sumkusruma Tribe,Andean Highland,106,Storage Pits and Containers,15
-5000,initial,76,South sumkusruma Tribe,Andean Highland,107,Seasonal Aggregation Camps,15
-5000,initial,76,South sumkusruma Tribe,Andean Highland,111,Grinding Stones,15
-5000,initial,76,South sumkusruma Tribe,Andean Highland,112,Proto-cultivation,15
-5000,initial,76,South sumkusruma Tribe,Andean Highland,113,Sedentism,15
-5000,initial,76,South sumkusruma Tribe,Andean Highland,116,Charcoal Firing,15
-5000,initial,76,South sumkusruma Tribe,Andean Highland,1,Pottery,15
-5000,initial,76,South sumkusruma Tribe,Andean Highland,4,Mining,15
-5000,initial,76,South sumkusruma Tribe,Andean Highland,20,Agriculture,15
-5000,initial,76,South sumkusruma Tribe,Andean Highland,3,Archery,15
-5000,initial,76,South sumkusruma Tribe,Andean Highland,6,Calendar,15
-5000,initial,77,New pachqoriintimarca Tribe,Andean Highland,100,Cordage and Knots,15
-5000,initial,77,New pachqoriintimarca Tribe,Andean Highland,101,Hide Working and Tailored Clothing,15
-5000,initial,77,New pachqoriintimarca Tribe,Andean Highland,102,Hafted Stone Tools,15
-5000,initial,77,New pachqoriintimarca Tribe,Andean Highland,105,Food Preservation,15
-5000,initial,77,New pachqoriintimarca Tribe,Andean Highland,106,Storage Pits and Containers,15
-5000,initial,77,New pachqoriintimarca Tribe,Andean Highland,107,Seasonal Aggregation Camps,15
-5000,initial,77,New pachqoriintimarca Tribe,Andean Highland,111,Grinding Stones,15
-5000,initial,77,New pachqoriintimarca Tribe,Andean Highland,112,Proto-cultivation,15
-5000,initial,77,New pachqoriintimarca Tribe,Andean Highland,113,Sedentism,15
-5000,initial,77,New pachqoriintimarca Tribe,Andean Highland,116,Charcoal Firing,15
-5000,initial,77,New pachqoriintimarca Tribe,Andean Highland,1,Pottery,15
-5000,initial,77,New pachqoriintimarca Tribe,Andean Highland,4,Mining,15
-5000,initial,77,New pachqoriintimarca Tribe,Andean Highland,20,Agriculture,15
-5000,initial,77,New pachqoriintimarca Tribe,Andean Highland,3,Archery,15
-5000,initial,77,New pachqoriintimarca Tribe,Andean Highland,6,Calendar,15
-5000,initial,78,North suyupachmarca Tribe,Andean Highland,100,Cordage and Knots,15
-5000,initial,78,North suyupachmarca Tribe,Andean Highland,101,Hide Working and Tailored Clothing,15
-5000,initial,78,North suyupachmarca Tribe,Andean Highland,102,Hafted Stone Tools,15
-5000,initial,78,North suyupachmarca Tribe,Andean Highland,105,Food Preservation,15
-5000,initial,78,North suyupachmarca Tribe,Andean Highland,106,Storage Pits and Containers,15
-5000,initial,78,North suyupachmarca Tribe,Andean Highland,107,Seasonal Aggregation Camps,15
-5000,initial,78,North suyupachmarca Tribe,Andean Highland,111,Grinding Stones,15
-5000,initial,78,North suyupachmarca Tribe,Andean Highland,112,Proto-cultivation,15
-5000,initial,78,North suyupachmarca Tribe,Andean Highland,113,Sedentism,15
-5000,initial,78,North suyupachmarca Tribe,Andean Highland,116,Charcoal Firing,15
-5000,initial,78,North suyupachmarca Tribe,Andean Highland,1,Pottery,15
-5000,initial,78,North suyupachmarca Tribe,Andean Highland,4,Mining,15
-5000,initial,78,North suyupachmarca Tribe,Andean Highland,20,Agriculture,15
-5000,initial,78,North suyupachmarca Tribe,Andean Highland,3,Archery,15
-5000,initial,78,North suyupachmarca Tribe,Andean Highland,6,Calendar,15
-5000,initial,79,North kussuyupachmarca Tribe,Andean Highland,100,Cordage and Knots,15
-5000,initial,79,North kussuyupachmarca Tribe,Andean Highland,101,Hide Working and Tailored Clothing,15
-5000,initial,79,North kussuyupachmarca Tribe,Andean Highland,102,Hafted Stone Tools,15
-5000,initial,79,North kussuyupachmarca Tribe,Andean Highland,105,Food Preservation,15
-5000,initial,79,North kussuyupachmarca Tribe,Andean Highland,106,Storage Pits and Containers,15
-5000,initial,79,North kussuyupachmarca Tribe,Andean Highland,107,Seasonal Aggregation Camps,15
-5000,initial,79,North kussuyupachmarca Tribe,Andean Highland,111,Grinding Stones,15
-5000,initial,79,North kussuyupachmarca Tribe,Andean Highland,112,Proto-cultivation,15
-5000,initial,79,North kussuyupachmarca Tribe,Andean Highland,113,Sedentism,15
-5000,initial,79,North kussuyupachmarca Tribe,Andean Highland,116,Charcoal Firing,15
-5000,initial,79,North kussuyupachmarca Tribe,Andean Highland,1,Pottery,15
-5000,initial,79,North kussuyupachmarca Tribe,Andean Highland,4,Mining,15
-5000,initial,79,North kussuyupachmarca Tribe,Andean Highland,20,Agriculture,15
-5000,initial,79,North kussuyupachmarca Tribe,Andean Highland,3,Archery,15
-5000,initial,79,North kussuyupachmarca Tribe,Andean Highland,6,Calendar,15
-5000,initial,80,South rumllaqa Tribe,Andean Highland,100,Cordage and Knots,15
-5000,initial,80,South rumllaqa Tribe,Andean Highland,101,Hide Working and Tailored Clothing,15
-5000,initial,80,South rumllaqa Tribe,Andean Highland,102,Hafted Stone Tools,15
-5000,initial,80,South rumllaqa Tribe,Andean Highland,105,Food Preservation,15
-5000,initial,80,South rumllaqa Tribe,Andean Highland,106,Storage Pits and Containers,15
-5000,initial,80,South rumllaqa Tribe,Andean Highland,107,Seasonal Aggregation Camps,15
-5000,initial,80,South rumllaqa Tribe,Andean Highland,111,Grinding Stones,15
-5000,initial,80,South rumllaqa Tribe,Andean Highland,112,Proto-cultivation,15
-5000,initial,80,South rumllaqa Tribe,Andean Highland,113,Sedentism,15
-5000,initial,80,South rumllaqa Tribe,Andean Highland,116,Charcoal Firing,15
-5000,initial,80,South rumllaqa Tribe,Andean Highland,1,Pottery,15
-5000,initial,80,South rumllaqa Tribe,Andean Highland,4,Mining,15
-5000,initial,80,South rumllaqa Tribe,Andean Highland,20,Agriculture,15
-5000,initial,80,South rumllaqa Tribe,Andean Highland,3,Archery,15
-5000,initial,80,South rumllaqa Tribe,Andean Highland,6,Calendar,15
-5000,initial,81,Pachsummarca Tribe,Andean Highland,100,Cordage and Knots,15
-5000,initial,81,Pachsummarca Tribe,Andean Highland,101,Hide Working and Tailored Clothing,15
-5000,initial,81,Pachsummarca Tribe,Andean Highland,102,Hafted Stone Tools,15
-5000,initial,81,Pachsummarca Tribe,Andean Highland,105,Food Preservation,15
-5000,initial,81,Pachsummarca Tribe,Andean Highland,106,Storage Pits and Containers,15
-5000,initial,81,Pachsummarca Tribe,Andean Highland,107,Seasonal Aggregation Camps,15
-5000,initial,81,Pachsummarca Tribe,Andean Highland,111,Grinding Stones,15
-5000,initial,81,Pachsummarca Tribe,Andean Highland,112,Proto-cultivation,15
-5000,initial,81,Pachsummarca Tribe,Andean Highland,113,Sedentism,15
-5000,initial,81,Pachsummarca Tribe,Andean Highland,116,Charcoal Firing,15
-5000,initial,81,Pachsummarca Tribe,Andean Highland,1,Pottery,15
-5000,initial,81,Pachsummarca Tribe,Andean Highland,4,Mining,15
-5000,initial,81,Pachsummarca Tribe,Andean Highland,20,Agriculture,15
-5000,initial,81,Pachsummarca Tribe,Andean Highland,3,Archery,15
-5000,initial,81,Pachsummarca Tribe,Andean Highland,6,Calendar,15
-5000,initial,82,Old kinkinbelgrad Tribe,Eastern Woodland,100,Cordage and Knots,11
-5000,initial,82,Old kinkinbelgrad Tribe,Eastern Woodland,101,Hide Working and Tailored Clothing,11
-5000,initial,82,Old kinkinbelgrad Tribe,Eastern Woodland,102,Hafted Stone Tools,11
-5000,initial,82,Old kinkinbelgrad Tribe,Eastern Woodland,105,Food Preservation,11
-5000,initial,82,Old kinkinbelgrad Tribe,Eastern Woodland,106,Storage Pits and Containers,11
-5000,initial,82,Old kinkinbelgrad Tribe,Eastern Woodland,107,Seasonal Aggregation Camps,11
-5000,initial,82,Old kinkinbelgrad Tribe,Eastern Woodland,111,Grinding Stones,11
-5000,initial,82,Old kinkinbelgrad Tribe,Eastern Woodland,113,Sedentism,11
-5000,initial,82,Old kinkinbelgrad Tribe,Eastern Woodland,4,Mining,11
-5000,initial,82,Old kinkinbelgrad Tribe,Eastern Woodland,3,Archery,11
-5000,initial,82,Old kinkinbelgrad Tribe,Eastern Woodland,6,Calendar,11
-5000,initial,83,South belquiia Tribe,Eastern Woodland,100,Cordage and Knots,11
-5000,initial,83,South belquiia Tribe,Eastern Woodland,101,Hide Working and Tailored Clothing,11
-5000,initial,83,South belquiia Tribe,Eastern Woodland,102,Hafted Stone Tools,11
-5000,initial,83,South belquiia Tribe,Eastern Woodland,105,Food Preservation,11
-5000,initial,83,South belquiia Tribe,Eastern Woodland,106,Storage Pits and Containers,11
-5000,initial,83,South belquiia Tribe,Eastern Woodland,107,Seasonal Aggregation Camps,11
-5000,initial,83,South belquiia Tribe,Eastern Woodland,111,Grinding Stones,11
-5000,initial,83,South belquiia Tribe,Eastern Woodland,113,Sedentism,11
-5000,initial,83,South belquiia Tribe,Eastern Woodland,4,Mining,11
-5000,initial,83,South belquiia Tribe,Eastern Woodland,3,Archery,11
-5000,initial,83,South belquiia Tribe,Eastern Woodland,6,Calendar,11
-5000,initial,84,North quigarstan Tribe,Eastern Woodland,100,Cordage and Knots,11
-5000,initial,84,North quigarstan Tribe,Eastern Woodland,101,Hide Working and Tailored Clothing,11
-5000,initial,84,North quigarstan Tribe,Eastern Woodland,102,Hafted Stone Tools,11
-5000,initial,84,North quigarstan Tribe,Eastern Woodland,105,Food Preservation,11
-5000,initial,84,North quigarstan Tribe,Eastern Woodland,106,Storage Pits and Containers,11
-5000,initial,84,North quigarstan Tribe,Eastern Woodland,107,Seasonal Aggregation Camps,11
-5000,initial,84,North quigarstan Tribe,Eastern Woodland,111,Grinding Stones,11
-5000,initial,84,North quigarstan Tribe,Eastern Woodland,113,Sedentism,11
-5000,initial,84,North quigarstan Tribe,Eastern Woodland,4,Mining,11
-5000,initial,84,North quigarstan Tribe,Eastern Woodland,3,Archery,11
-5000,initial,84,North quigarstan Tribe,Eastern Woodland,6,Calendar,11
-5000,initial,85,New duskinloria Tribe,Eastern Woodland,100,Cordage and Knots,11
-5000,initial,85,New duskinloria Tribe,Eastern Woodland,101,Hide Working and Tailored Clothing,11
-5000,initial,85,New duskinloria Tribe,Eastern Woodland,102,Hafted Stone Tools,11
-5000,initial,85,New duskinloria Tribe,Eastern Woodland,105,Food Preservation,11
-5000,initial,85,New duskinloria Tribe,Eastern Woodland,106,Storage Pits and Containers,11
-5000,initial,85,New duskinloria Tribe,Eastern Woodland,107,Seasonal Aggregation Camps,11
-5000,initial,85,New duskinloria Tribe,Eastern Woodland,111,Grinding Stones,11
-5000,initial,85,New duskinloria Tribe,Eastern Woodland,113,Sedentism,11
-5000,initial,85,New duskinloria Tribe,Eastern Woodland,4,Mining,11
-5000,initial,85,New duskinloria Tribe,Eastern Woodland,3,Archery,11
-5000,initial,85,New duskinloria Tribe,Eastern Woodland,6,Calendar,11
-5000,initial,86,Great termarland Tribe,Eastern Woodland,100,Cordage and Knots,11
-5000,initial,86,Great termarland Tribe,Eastern Woodland,101,Hide Working and Tailored Clothing,11
-5000,initial,86,Great termarland Tribe,Eastern Woodland,102,Hafted Stone Tools,11
-5000,initial,86,Great termarland Tribe,Eastern Woodland,105,Food Preservation,11
-5000,initial,86,Great termarland Tribe,Eastern Woodland,106,Storage Pits and Containers,11
-5000,initial,86,Great termarland Tribe,Eastern Woodland,107,Seasonal Aggregation Camps,11
-5000,initial,86,Great termarland Tribe,Eastern Woodland,111,Grinding Stones,11
-5000,initial,86,Great termarland Tribe,Eastern Woodland,113,Sedentism,11
-5000,initial,86,Great termarland Tribe,Eastern Woodland,4,Mining,11
-5000,initial,86,Great termarland Tribe,Eastern Woodland,3,Archery,11
-5000,initial,86,Great termarland Tribe,Eastern Woodland,6,Calendar,11
-5000,initial,87,Old linrangrad Tribe,Eastern Woodland,100,Cordage and Knots,11
-5000,initial,87,Old linrangrad Tribe,Eastern Woodland,101,Hide Working and Tailored Clothing,11
-5000,initial,87,Old linrangrad Tribe,Eastern Woodland,102,Hafted Stone Tools,11
-5000,initial,87,Old linrangrad Tribe,Eastern Woodland,105,Food Preservation,11
-5000,initial,87,Old linrangrad Tribe,Eastern Woodland,106,Storage Pits and Containers,11
-5000,initial,87,Old linrangrad Tribe,Eastern Woodland,107,Seasonal Aggregation Camps,11
-5000,initial,87,Old linrangrad Tribe,Eastern Woodland,111,Grinding Stones,11
-5000,initial,87,Old linrangrad Tribe,Eastern Woodland,113,Sedentism,11
-5000,initial,87,Old linrangrad Tribe,Eastern Woodland,4,Mining,11
-5000,initial,87,Old linrangrad Tribe,Eastern Woodland,3,Archery,11
-5000,initial,87,Old linrangrad Tribe,Eastern Woodland,6,Calendar,11
-5000,initial,88,Rommarzengrad Tribe,Eastern Woodland,100,Cordage and Knots,11
-5000,initial,88,Rommarzengrad Tribe,Eastern Woodland,101,Hide Working and Tailored Clothing,11
-5000,initial,88,Rommarzengrad Tribe,Eastern Woodland,102,Hafted Stone Tools,11
-5000,initial,88,Rommarzengrad Tribe,Eastern Woodland,105,Food Preservation,11
-5000,initial,88,Rommarzengrad Tribe,Eastern Woodland,106,Storage Pits and Containers,11
-5000,initial,88,Rommarzengrad Tribe,Eastern Woodland,107,Seasonal Aggregation Camps,11
-5000,initial,88,Rommarzengrad Tribe,Eastern Woodland,111,Grinding Stones,11
-5000,initial,88,Rommarzengrad Tribe,Eastern Woodland,113,Sedentism,11
-5000,initial,88,Rommarzengrad Tribe,Eastern Woodland,4,Mining,11
-5000,initial,88,Rommarzengrad Tribe,Eastern Woodland,3,Archery,11
-5000,initial,88,Rommarzengrad Tribe,Eastern Woodland,6,Calendar,11
-5000,initial,89,North quigarzengrad Tribe,Western Plains,100,Cordage and Knots,11
-5000,initial,89,North quigarzengrad Tribe,Western Plains,101,Hide Working and Tailored Clothing,11
-5000,initial,89,North quigarzengrad Tribe,Western Plains,102,Hafted Stone Tools,11
-5000,initial,89,North quigarzengrad Tribe,Western Plains,105,Food Preservation,11
-5000,initial,89,North quigarzengrad Tribe,Western Plains,106,Storage Pits and Containers,11
-5000,initial,89,North quigarzengrad Tribe,Western Plains,107,Seasonal Aggregation Camps,11
-5000,initial,89,North quigarzengrad Tribe,Western Plains,111,Grinding Stones,11
-5000,initial,89,North quigarzengrad Tribe,Western Plains,113,Sedentism,11
-5000,initial,89,North quigarzengrad Tribe,Western Plains,4,Mining,11
-5000,initial,89,North quigarzengrad Tribe,Western Plains,3,Archery,11
-5000,initial,89,North quigarzengrad Tribe,Western Plains,6,Calendar,11
-5000,initial,90,Old dusromia Tribe,Western Plains,100,Cordage and Knots,11
-5000,initial,90,Old dusromia Tribe,Western Plains,101,Hide Working and Tailored Clothing,11
-5000,initial,90,Old dusromia Tribe,Western Plains,102,Hafted Stone Tools,11
-5000,initial,90,Old dusromia Tribe,Western Plains,105,Food Preservation,11
-5000,initial,90,Old dusromia Tribe,Western Plains,106,Storage Pits and Containers,11
-5000,initial,90,Old dusromia Tribe,Western Plains,107,Seasonal Aggregation Camps,11
-5000,initial,90,Old dusromia Tribe,Western Plains,111,Grinding Stones,11
-5000,initial,90,Old dusromia Tribe,Western Plains,113,Sedentism,11
-5000,initial,90,Old dusromia Tribe,Western Plains,4,Mining,11
-5000,initial,90,Old dusromia Tribe,Western Plains,3,Archery,11
-5000,initial,90,Old dusromia Tribe,Western Plains,6,Calendar,11
-5000,initial,91,South dussolland Tribe,Western Plains,100,Cordage and Knots,11
-5000,initial,91,South dussolland Tribe,Western Plains,101,Hide Working and Tailored Clothing,11
-5000,initial,91,South dussolland Tribe,Western Plains,102,Hafted Stone Tools,11
-5000,initial,91,South dussolland Tribe,Western Plains,105,Food Preservation,11
-5000,initial,91,South dussolland Tribe,Western Plains,106,Storage Pits and Containers,11
-5000,initial,91,South dussolland Tribe,Western Plains,107,Seasonal Aggregation Camps,11
-5000,initial,91,South dussolland Tribe,Western Plains,111,Grinding Stones,11
-5000,initial,91,South dussolland Tribe,Western Plains,113,Sedentism,11
-5000,initial,91,South dussolland Tribe,Western Plains,4,Mining,11
-5000,initial,91,South dussolland Tribe,Western Plains,3,Archery,11
-5000,initial,91,South dussolland Tribe,Western Plains,6,Calendar,11
-5000,initial,92,North terbelstan Tribe,Western Plains,100,Cordage and Knots,11
-5000,initial,92,North terbelstan Tribe,Western Plains,101,Hide Working and Tailored Clothing,11
-5000,initial,92,North terbelstan Tribe,Western Plains,102,Hafted Stone Tools,11
-5000,initial,92,North terbelstan Tribe,Western Plains,105,Food Preservation,11
-5000,initial,92,North terbelstan Tribe,Western Plains,106,Storage Pits and Containers,11
-5000,initial,92,North terbelstan Tribe,Western Plains,107,Seasonal Aggregation Camps,11
-5000,initial,92,North terbelstan Tribe,Western Plains,111,Grinding Stones,11
-5000,initial,92,North terbelstan Tribe,Western Plains,113,Sedentism,11
-5000,initial,92,North terbelstan Tribe,Western Plains,4,Mining,11
-5000,initial,92,North terbelstan Tribe,Western Plains,3,Archery,11
-5000,initial,92,North terbelstan Tribe,Western Plains,6,Calendar,11
-5000,initial,93,Old belrania Tribe,Western Plains,100,Cordage and Knots,11
-5000,initial,93,Old belrania Tribe,Western Plains,101,Hide Working and Tailored Clothing,11
-5000,initial,93,Old belrania Tribe,Western Plains,102,Hafted Stone Tools,11
-5000,initial,93,Old belrania Tribe,Western Plains,105,Food Preservation,11
-5000,initial,93,Old belrania Tribe,Western Plains,106,Storage Pits and Containers,11
-5000,initial,93,Old belrania Tribe,Western Plains,107,Seasonal Aggregation Camps,11
-5000,initial,93,Old belrania Tribe,Western Plains,111,Grinding Stones,11
-5000,initial,93,Old belrania Tribe,Western Plains,113,Sedentism,11
-5000,initial,93,Old belrania Tribe,Western Plains,4,Mining,11
-5000,initial,93,Old belrania Tribe,Western Plains,3,Archery,11
-5000,initial,93,Old belrania Tribe,Western Plains,6,Calendar,11
-5000,initial,94,Viaviaia Tribe,Western Plains,100,Cordage and Knots,11
-5000,initial,94,Viaviaia Tribe,Western Plains,101,Hide Working and Tailored Clothing,11
-5000,initial,94,Viaviaia Tribe,Western Plains,102,Hafted Stone Tools,11
-5000,initial,94,Viaviaia Tribe,Western Plains,105,Food Preservation,11
-5000,initial,94,Viaviaia Tribe,Western Plains,106,Storage Pits and Containers,11
-5000,initial,94,Viaviaia Tribe,Western Plains,107,Seasonal Aggregation Camps,11
-5000,initial,94,Viaviaia Tribe,Western Plains,111,Grinding Stones,11
-5000,initial,94,Viaviaia Tribe,Western Plains,113,Sedentism,11
-5000,initial,94,Viaviaia Tribe,Western Plains,4,Mining,11
-5000,initial,94,Viaviaia Tribe,Western Plains,3,Archery,11
-5000,initial,94,Viaviaia Tribe,Western Plains,6,Calendar,11
-5000,initial,95,South lorranbelstan Tribe,Western Plains,100,Cordage and Knots,11
-5000,initial,95,South lorranbelstan Tribe,Western Plains,101,Hide Working and Tailored Clothing,11
-5000,initial,95,South lorranbelstan Tribe,Western Plains,102,Hafted Stone Tools,11
-5000,initial,95,South lorranbelstan Tribe,Western Plains,105,Food Preservation,11
-5000,initial,95,South lorranbelstan Tribe,Western Plains,106,Storage Pits and Containers,11
-5000,initial,95,South lorranbelstan Tribe,Western Plains,107,Seasonal Aggregation Camps,11
-5000,initial,95,South lorranbelstan Tribe,Western Plains,111,Grinding Stones,11
-5000,initial,95,South lorranbelstan Tribe,Western Plains,113,Sedentism,11
-5000,initial,95,South lorranbelstan Tribe,Western Plains,4,Mining,11
-5000,initial,95,South lorranbelstan Tribe,Western Plains,3,Archery,11
-5000,initial,95,South lorranbelstan Tribe,Western Plains,6,Calendar,11
-5000,initial,96,South viaranquiland Tribe,Western Plains,100,Cordage and Knots,11
-5000,initial,96,South viaranquiland Tribe,Western Plains,101,Hide Working and Tailored Clothing,11
-5000,initial,96,South viaranquiland Tribe,Western Plains,102,Hafted Stone Tools,11
-5000,initial,96,South viaranquiland Tribe,Western Plains,105,Food Preservation,11
-5000,initial,96,South viaranquiland Tribe,Western Plains,106,Storage Pits and Containers,11
-5000,initial,96,South viaranquiland Tribe,Western Plains,107,Seasonal Aggregation Camps,11
-5000,initial,96,South viaranquiland Tribe,Western Plains,111,Grinding Stones,11
-5000,initial,96,South viaranquiland Tribe,Western Plains,113,Sedentism,11
-5000,initial,96,South viaranquiland Tribe,Western Plains,4,Mining,11
-5000,initial,96,South viaranquiland Tribe,Western Plains,3,Archery,11
-5000,initial,96,South viaranquiland Tribe,Western Plains,6,Calendar,11
-5000,initial,97,Great marsolstan Tribe,Caribbean Seafaring,100,Cordage and Knots,12
-5000,initial,97,Great marsolstan Tribe,Caribbean Seafaring,101,Hide Working and Tailored Clothing,12
-5000,initial,97,Great marsolstan Tribe,Caribbean Seafaring,102,Hafted Stone Tools,12
-5000,initial,97,Great marsolstan Tribe,Caribbean Seafaring,104,Fishing Technology,12
-5000,initial,97,Great marsolstan Tribe,Caribbean Seafaring,105,Food Preservation,12
-5000,initial,97,Great marsolstan Tribe,Caribbean Seafaring,106,Storage Pits and Containers,12
-5000,initial,97,Great marsolstan Tribe,Caribbean Seafaring,107,Seasonal Aggregation Camps,12
-5000,initial,97,Great marsolstan Tribe,Caribbean Seafaring,108,Watercraft,12
-5000,initial,97,Great marsolstan Tribe,Caribbean Seafaring,113,Sedentism,12
-5000,initial,97,Great marsolstan Tribe,Caribbean Seafaring,3,Archery,12
-5000,initial,97,Great marsolstan Tribe,Caribbean Seafaring,5,Sailing,12
-5000,initial,97,Great marsolstan Tribe,Caribbean Seafaring,6,Calendar,12
-5000,initial,98,South kirikiri Tribe,Oceanic Navigators,100,Cordage and Knots,12
-5000,initial,98,South kirikiri Tribe,Oceanic Navigators,101,Hide Working and Tailored Clothing,12
-5000,initial,98,South kirikiri Tribe,Oceanic Navigators,102,Hafted Stone Tools,12
-5000,initial,98,South kirikiri Tribe,Oceanic Navigators,104,Fishing Technology,12
-5000,initial,98,South kirikiri Tribe,Oceanic Navigators,105,Food Preservation,12
-5000,initial,98,South kirikiri Tribe,Oceanic Navigators,106,Storage Pits and Containers,12
-5000,initial,98,South kirikiri Tribe,Oceanic Navigators,107,Seasonal Aggregation Camps,12
-5000,initial,98,South kirikiri Tribe,Oceanic Navigators,108,Watercraft,12
-5000,initial,98,South kirikiri Tribe,Oceanic Navigators,113,Sedentism,12
-5000,initial,98,South kirikiri Tribe,Oceanic Navigators,3,Archery,12
-5000,initial,98,South kirikiri Tribe,Oceanic Navigators,5,Sailing,12
-5000,initial,98,South kirikiri Tribe,Oceanic Navigators,6,Calendar,12
-5000,initial,99,North ramoa Tribe,Oceanic Navigators,100,Cordage and Knots,12
-5000,initial,99,North ramoa Tribe,Oceanic Navigators,101,Hide Working and Tailored Clothing,12
-5000,initial,99,North ramoa Tribe,Oceanic Navigators,102,Hafted Stone Tools,12
-5000,initial,99,North ramoa Tribe,Oceanic Navigators,104,Fishing Technology,12
-5000,initial,99,North ramoa Tribe,Oceanic Navigators,105,Food Preservation,12
-5000,initial,99,North ramoa Tribe,Oceanic Navigators,106,Storage Pits and Containers,12
-5000,initial,99,North ramoa Tribe,Oceanic Navigators,107,Seasonal Aggregation Camps,12
-5000,initial,99,North ramoa Tribe,Oceanic Navigators,108,Watercraft,12
-5000,initial,99,North ramoa Tribe,Oceanic Navigators,113,Sedentism,12
-5000,initial,99,North ramoa Tribe,Oceanic Navigators,3,Archery,12
-5000,initial,99,North ramoa Tribe,Oceanic Navigators,5,Sailing,12
-5000,initial,99,North ramoa Tribe,Oceanic Navigators,6,Calendar,12
-4955,initial,100,Old terterland Tribe,Eastern Woodland,100,Cordage and Knots,8
-4955,initial,100,Old terterland Tribe,Eastern Woodland,101,Hide Working and Tailored Clothing,8
-4955,initial,100,Old terterland Tribe,Eastern Woodland,102,Hafted Stone Tools,8
-4955,initial,100,Old terterland Tribe,Eastern Woodland,105,Food Preservation,8
-4955,initial,100,Old terterland Tribe,Eastern Woodland,106,Storage Pits and Containers,8
-4955,initial,100,Old terterland Tribe,Eastern Woodland,107,Seasonal Aggregation Camps,8
-4955,initial,100,Old terterland Tribe,Eastern Woodland,111,Grinding Stones,8
-4955,initial,100,Old terterland Tribe,Eastern Woodland,3,Archery,8
-4945,initial,101,Old artamkalan Tribe,Fertile Crescent,100,Cordage and Knots,12
-4945,initial,101,Old artamkalan Tribe,Fertile Crescent,101,Hide Working and Tailored Clothing,12
-4945,initial,101,Old artamkalan Tribe,Fertile Crescent,102,Hafted Stone Tools,12
-4945,initial,101,Old artamkalan Tribe,Fertile Crescent,105,Food Preservation,12
-4945,initial,101,Old artamkalan Tribe,Fertile Crescent,106,Storage Pits and Containers,12
-4945,initial,101,Old artamkalan Tribe,Fertile Crescent,107,Seasonal Aggregation Camps,12
-4945,initial,101,Old artamkalan Tribe,Fertile Crescent,110,Dog Domestication,12
-4945,initial,101,Old artamkalan Tribe,Fertile Crescent,111,Grinding Stones,12
-4945,initial,101,Old artamkalan Tribe,Fertile Crescent,116,Charcoal Firing,12
-4945,initial,101,Old artamkalan Tribe,Fertile Crescent,119,Native Copper Working,12
-4945,initial,101,Old artamkalan Tribe,Fertile Crescent,4,Mining,12
-4945,initial,101,Old artamkalan Tribe,Fertile Crescent,3,Archery,12
-4940,initial,102,South tarrombel Tribe,Mediterranean Highland,100,Cordage and Knots,10
-4940,initial,102,South tarrombel Tribe,Mediterranean Highland,101,Hide Working and Tailored Clothing,10
-4940,initial,102,South tarrombel Tribe,Mediterranean Highland,102,Hafted Stone Tools,10
-4940,initial,102,South tarrombel Tribe,Mediterranean Highland,105,Food Preservation,10
-4940,initial,102,South tarrombel Tribe,Mediterranean Highland,106,Storage Pits and Containers,10
-4940,initial,102,South tarrombel Tribe,Mediterranean Highland,107,Seasonal Aggregation Camps,10
-4940,initial,102,South tarrombel Tribe,Mediterranean Highland,110,Dog Domestication,10
-4940,initial,102,South tarrombel Tribe,Mediterranean Highland,111,Grinding Stones,10
-4940,initial,102,South tarrombel Tribe,Mediterranean Highland,116,Charcoal Firing,10
-4940,initial,102,South tarrombel Tribe,Mediterranean Highland,3,Archery,10
-4930,initial,103,New bellinna Tribe,Western Plains,100,Cordage and Knots,8
-4930,initial,103,New bellinna Tribe,Western Plains,101,Hide Working and Tailored Clothing,8
-4930,initial,103,New bellinna Tribe,Western Plains,102,Hafted Stone Tools,8
-4930,initial,103,New bellinna Tribe,Western Plains,105,Food Preservation,8
-4930,initial,103,New bellinna Tribe,Western Plains,106,Storage Pits and Containers,8
-4930,initial,103,New bellinna Tribe,Western Plains,107,Seasonal Aggregation Camps,8
-4930,initial,103,New bellinna Tribe,Western Plains,111,Grinding Stones,8
-4930,initial,103,New bellinna Tribe,Western Plains,3,Archery,8
-4930,initial,104,Old ranalpur Tribe,Indic Riverine,100,Cordage and Knots,18
-4930,initial,104,Old ranalpur Tribe,Indic Riverine,101,Hide Working and Tailored Clothing,18
-4930,initial,104,Old ranalpur Tribe,Indic Riverine,102,Hafted Stone Tools,18
-4930,initial,104,Old ranalpur Tribe,Indic Riverine,105,Food Preservation,18
-4930,initial,104,Old ranalpur Tribe,Indic Riverine,106,Storage Pits and Containers,18
-4930,initial,104,Old ranalpur Tribe,Indic Riverine,107,Seasonal Aggregation Camps,18
-4930,initial,104,Old ranalpur Tribe,Indic Riverine,110,Dog Domestication,18
-4930,initial,104,Old ranalpur Tribe,Indic Riverine,111,Grinding Stones,18
-4930,initial,104,Old ranalpur Tribe,Indic Riverine,112,Proto-cultivation,18
-4930,initial,104,Old ranalpur Tribe,Indic Riverine,113,Sedentism,18
-4930,initial,104,Old ranalpur Tribe,Indic Riverine,114,Enclosures and Herd Management,18
-4930,initial,104,Old ranalpur Tribe,Indic Riverine,115,Counting Tokens and Tallies,18
-4930,initial,104,Old ranalpur Tribe,Indic Riverine,116,Charcoal Firing,18
-4930,initial,104,Old ranalpur Tribe,Indic Riverine,1,Pottery,18
-4930,initial,104,Old ranalpur Tribe,Indic Riverine,4,Mining,18
-4930,initial,104,Old ranalpur Tribe,Indic Riverine,20,Agriculture,18
-4930,initial,104,Old ranalpur Tribe,Indic Riverine,3,Archery,18
-4930,initial,104,Old ranalpur Tribe,Indic Riverine,6,Calendar,18
-4920,initial,105,Solnadusland Tribe,Steppe Nomadic,100,Cordage and Knots,9
-4920,initial,105,Solnadusland Tribe,Steppe Nomadic,101,Hide Working and Tailored Clothing,9
-4920,initial,105,Solnadusland Tribe,Steppe Nomadic,102,Hafted Stone Tools,9
-4920,initial,105,Solnadusland Tribe,Steppe Nomadic,105,Food Preservation,9
-4920,initial,105,Solnadusland Tribe,Steppe Nomadic,106,Storage Pits and Containers,9
-4920,initial,105,Solnadusland Tribe,Steppe Nomadic,107,Seasonal Aggregation Camps,9
-4920,initial,105,Solnadusland Tribe,Steppe Nomadic,110,Dog Domestication,9
-4920,initial,105,Solnadusland Tribe,Steppe Nomadic,111,Grinding Stones,9
-4920,initial,105,Solnadusland Tribe,Steppe Nomadic,3,Archery,9
-4915,initial,106,New kalarninad Tribe,Fertile Crescent,100,Cordage and Knots,12
-4915,initial,106,New kalarninad Tribe,Fertile Crescent,101,Hide Working and Tailored Clothing,12
-4915,initial,106,New kalarninad Tribe,Fertile Crescent,102,Hafted Stone Tools,12
-4915,initial,106,New kalarninad Tribe,Fertile Crescent,105,Food Preservation,12
-4915,initial,106,New kalarninad Tribe,Fertile Crescent,106,Storage Pits and Containers,12
-4915,initial,106,New kalarninad Tribe,Fertile Crescent,107,Seasonal Aggregation Camps,12
-4915,initial,106,New kalarninad Tribe,Fertile Crescent,110,Dog Domestication,12
-4915,initial,106,New kalarninad Tribe,Fertile Crescent,111,Grinding Stones,12
-4915,initial,106,New kalarninad Tribe,Fertile Crescent,116,Charcoal Firing,12
-4915,initial,106,New kalarninad Tribe,Fertile Crescent,119,Native Copper Working,12
-4915,initial,106,New kalarninad Tribe,Fertile Crescent,4,Mining,12
-4915,initial,106,New kalarninad Tribe,Fertile Crescent,3,Archery,12
-4820,initial,107,New urar Tribe,Fertile Crescent,100,Cordage and Knots,12
-4820,initial,107,New urar Tribe,Fertile Crescent,101,Hide Working and Tailored Clothing,12
-4820,initial,107,New urar Tribe,Fertile Crescent,102,Hafted Stone Tools,12
-4820,initial,107,New urar Tribe,Fertile Crescent,105,Food Preservation,12
-4820,initial,107,New urar Tribe,Fertile Crescent,106,Storage Pits and Containers,12
-4820,initial,107,New urar Tribe,Fertile Crescent,107,Seasonal Aggregation Camps,12
-4820,initial,107,New urar Tribe,Fertile Crescent,110,Dog Domestication,12
-4820,initial,107,New urar Tribe,Fertile Crescent,111,Grinding Stones,12
-4820,initial,107,New urar Tribe,Fertile Crescent,116,Charcoal Firing,12
-4820,initial,107,New urar Tribe,Fertile Crescent,119,Native Copper Working,12
-4820,initial,107,New urar Tribe,Fertile Crescent,4,Mining,12
-4820,initial,107,New urar Tribe,Fertile Crescent,3,Archery,12
-4805,initial,108,Old belkinmarstan Tribe,Eastern Woodland,100,Cordage and Knots,9
-4805,initial,108,Old belkinmarstan Tribe,Eastern Woodland,101,Hide Working and Tailored Clothing,9
-4805,initial,108,Old belkinmarstan Tribe,Eastern Woodland,102,Hafted Stone Tools,9
-4805,initial,108,Old belkinmarstan Tribe,Eastern Woodland,105,Food Preservation,9
-4805,initial,108,Old belkinmarstan Tribe,Eastern Woodland,106,Storage Pits and Containers,9
-4805,initial,108,Old belkinmarstan Tribe,Eastern Woodland,107,Seasonal Aggregation Camps,9
-4805,initial,108,Old belkinmarstan Tribe,Eastern Woodland,111,Grinding Stones,9
-4805,initial,108,Old belkinmarstan Tribe,Eastern Woodland,4,Mining,9
-4805,initial,108,Old belkinmarstan Tribe,Eastern Woodland,3,Archery,9
-4805,initial,109,Old ranranromland Tribe,Eastern Woodland,100,Cordage and Knots,8
-4805,initial,109,Old ranranromland Tribe,Eastern Woodland,101,Hide Working and Tailored Clothing,8
-4805,initial,109,Old ranranromland Tribe,Eastern Woodland,102,Hafted Stone Tools,8
-4805,initial,109,Old ranranromland Tribe,Eastern Woodland,105,Food Preservation,8
-4805,initial,109,Old ranranromland Tribe,Eastern Woodland,106,Storage Pits and Containers,8
-4805,initial,109,Old ranranromland Tribe,Eastern Woodland,107,Seasonal Aggregation Camps,8
-4805,initial,109,Old ranranromland Tribe,Eastern Woodland,111,Grinding Stones,8
-4805,initial,109,Old ranranromland Tribe,Eastern Woodland,3,Archery,8
-4800,initial,110,South llaqintiyu Tribe,Andean Highland,100,Cordage and Knots,10
-4800,initial,110,South llaqintiyu Tribe,Andean Highland,101,Hide Working and Tailored Clothing,10
-4800,initial,110,South llaqintiyu Tribe,Andean Highland,102,Hafted Stone Tools,10
-4800,initial,110,South llaqintiyu Tribe,Andean Highland,105,Food Preservation,10
-4800,initial,110,South llaqintiyu Tribe,Andean Highland,106,Storage Pits and Containers,10
-4800,initial,110,South llaqintiyu Tribe,Andean Highland,107,Seasonal Aggregation Camps,10
-4800,initial,110,South llaqintiyu Tribe,Andean Highland,111,Grinding Stones,10
-4800,initial,110,South llaqintiyu Tribe,Andean Highland,116,Charcoal Firing,10
-4800,initial,110,South llaqintiyu Tribe,Andean Highland,4,Mining,10
-4800,initial,110,South llaqintiyu Tribe,Andean Highland,3,Archery,10
-4765,initial,111,South pachpachintia Tribe,Andean Highland,100,Cordage and Knots,10
-4765,initial,111,South pachpachintia Tribe,Andean Highland,101,Hide Working and Tailored Clothing,10
-4765,initial,111,South pachpachintia Tribe,Andean Highland,102,Hafted Stone Tools,10
-4765,initial,111,South pachpachintia Tribe,Andean Highland,105,Food Preservation,10
-4765,initial,111,South pachpachintia Tribe,Andean Highland,106,Storage Pits and Containers,10
-4765,initial,111,South pachpachintia Tribe,Andean Highland,107,Seasonal Aggregation Camps,10
-4765,initial,111,South pachpachintia Tribe,Andean Highland,111,Grinding Stones,10
-4765,initial,111,South pachpachintia Tribe,Andean Highland,116,Charcoal Firing,10
-4765,initial,111,South pachpachintia Tribe,Andean Highland,4,Mining,10
-4765,initial,111,South pachpachintia Tribe,Andean Highland,3,Archery,10
-4740,initial,112,North renminzhou Tribe,East Riverine,100,Cordage and Knots,11
-4740,initial,112,North renminzhou Tribe,East Riverine,101,Hide Working and Tailored Clothing,11
-4740,initial,112,North renminzhou Tribe,East Riverine,102,Hafted Stone Tools,11
-4740,initial,112,North renminzhou Tribe,East Riverine,105,Food Preservation,11
-4740,initial,112,North renminzhou Tribe,East Riverine,106,Storage Pits and Containers,11
-4740,initial,112,North renminzhou Tribe,East Riverine,107,Seasonal Aggregation Camps,11
-4740,initial,112,North renminzhou Tribe,East Riverine,110,Dog Domestication,11
-4740,initial,112,North renminzhou Tribe,East Riverine,111,Grinding Stones,11
-4740,initial,112,North renminzhou Tribe,East Riverine,116,Charcoal Firing,11
-4740,initial,112,North renminzhou Tribe,East Riverine,4,Mining,11
-4740,initial,112,North renminzhou Tribe,East Riverine,3,Archery,11
-4690,initial,113,Old lizhoguo Tribe,East Riverine,100,Cordage and Knots,10
-4690,initial,113,Old lizhoguo Tribe,East Riverine,101,Hide Working and Tailored Clothing,10
-4690,initial,113,Old lizhoguo Tribe,East Riverine,102,Hafted Stone Tools,10
-4690,initial,113,Old lizhoguo Tribe,East Riverine,105,Food Preservation,10
-4690,initial,113,Old lizhoguo Tribe,East Riverine,106,Storage Pits and Containers,10
-4690,initial,113,Old lizhoguo Tribe,East Riverine,107,Seasonal Aggregation Camps,10
-4690,initial,113,Old lizhoguo Tribe,East Riverine,110,Dog Domestication,10
-4690,initial,113,Old lizhoguo Tribe,East Riverine,111,Grinding Stones,10
-4690,initial,113,Old lizhoguo Tribe,East Riverine,116,Charcoal Firing,10
-4690,initial,113,Old lizhoguo Tribe,East Riverine,3,Archery,10
-4680,initial,114,South vitanpur Tribe,Indic Riverine,100,Cordage and Knots,10
-4680,initial,114,South vitanpur Tribe,Indic Riverine,101,Hide Working and Tailored Clothing,10
-4680,initial,114,South vitanpur Tribe,Indic Riverine,102,Hafted Stone Tools,10
-4680,initial,114,South vitanpur Tribe,Indic Riverine,105,Food Preservation,10
-4680,initial,114,South vitanpur Tribe,Indic Riverine,106,Storage Pits and Containers,10
-4680,initial,114,South vitanpur Tribe,Indic Riverine,107,Seasonal Aggregation Camps,10
-4680,initial,114,South vitanpur Tribe,Indic Riverine,110,Dog Domestication,10
-4680,initial,114,South vitanpur Tribe,Indic Riverine,111,Grinding Stones,10
-4680,initial,114,South vitanpur Tribe,Indic Riverine,116,Charcoal Firing,10
-4680,initial,114,South vitanpur Tribe,Indic Riverine,3,Archery,10
-4665,initial,115,South qorisum Tribe,Andean Highland,100,Cordage and Knots,9
-4665,initial,115,South qorisum Tribe,Andean Highland,101,Hide Working and Tailored Clothing,9
-4665,initial,115,South qorisum Tribe,Andean Highland,102,Hafted Stone Tools,9
-4665,initial,115,South qorisum Tribe,Andean Highland,105,Food Preservation,9
-4665,initial,115,South qorisum Tribe,Andean Highland,106,Storage Pits and Containers,9
-4665,initial,115,South qorisum Tribe,Andean Highland,107,Seasonal Aggregation Camps,9
-4665,initial,115,South qorisum Tribe,Andean Highland,111,Grinding Stones,9
-4665,initial,115,South qorisum Tribe,Andean Highland,116,Charcoal Firing,9
-4665,initial,115,South qorisum Tribe,Andean Highland,3,Archery,9
-4665,initial,116,Great marviadusgrad Tribe,Western Plains,100,Cordage and Knots,8
-4665,initial,116,Great marviadusgrad Tribe,Western Plains,101,Hide Working and Tailored Clothing,8
-4665,initial,116,Great marviadusgrad Tribe,Western Plains,102,Hafted Stone Tools,8
-4665,initial,116,Great marviadusgrad Tribe,Western Plains,105,Food Preservation,8
-4665,initial,116,Great marviadusgrad Tribe,Western Plains,106,Storage Pits and Containers,8
-4665,initial,116,Great marviadusgrad Tribe,Western Plains,107,Seasonal Aggregation Camps,8
-4665,initial,116,Great marviadusgrad Tribe,Western Plains,111,Grinding Stones,8
-4665,initial,116,Great marviadusgrad Tribe,Western Plains,3,Archery,8
-4640,initial,117,North belquistan Tribe,Eastern Woodland,100,Cordage and Knots,8
-4640,initial,117,North belquistan Tribe,Eastern Woodland,101,Hide Working and Tailored Clothing,8
-4640,initial,117,North belquistan Tribe,Eastern Woodland,102,Hafted Stone Tools,8
-4640,initial,117,North belquistan Tribe,Eastern Woodland,105,Food Preservation,8
-4640,initial,117,North belquistan Tribe,Eastern Woodland,106,Storage Pits and Containers,8
-4640,initial,117,North belquistan Tribe,Eastern Woodland,107,Seasonal Aggregation Camps,8
-4640,initial,117,North belquistan Tribe,Eastern Woodland,111,Grinding Stones,8
-4640,initial,117,North belquistan Tribe,Eastern Woodland,3,Archery,8
-4570,initial,118,North renzhoren Tribe,East Riverine,100,Cordage and Knots,10
-4570,initial,118,North renzhoren Tribe,East Riverine,101,Hide Working and Tailored Clothing,10
-4570,initial,118,North renzhoren Tribe,East Riverine,102,Hafted Stone Tools,10
-4570,initial,118,North renzhoren Tribe,East Riverine,105,Food Preservation,10
-4570,initial,118,North renzhoren Tribe,East Riverine,106,Storage Pits and Containers,10
-4570,initial,118,North renzhoren Tribe,East Riverine,107,Seasonal Aggregation Camps,10
-4570,initial,118,North renzhoren Tribe,East Riverine,110,Dog Domestication,10
-4570,initial,118,North renzhoren Tribe,East Riverine,111,Grinding Stones,10
-4570,initial,118,North renzhoren Tribe,East Riverine,116,Charcoal Firing,10
-4570,initial,118,North renzhoren Tribe,East Riverine,3,Archery,10
-4540,initial,119,New mitdravara Tribe,Indic Riverine,100,Cordage and Knots,11
-4540,initial,119,New mitdravara Tribe,Indic Riverine,101,Hide Working and Tailored Clothing,11
-4540,initial,119,New mitdravara Tribe,Indic Riverine,102,Hafted Stone Tools,11
-4540,initial,119,New mitdravara Tribe,Indic Riverine,105,Food Preservation,11
-4540,initial,119,New mitdravara Tribe,Indic Riverine,106,Storage Pits and Containers,11
-4540,initial,119,New mitdravara Tribe,Indic Riverine,107,Seasonal Aggregation Camps,11
-4540,initial,119,New mitdravara Tribe,Indic Riverine,110,Dog Domestication,11
-4540,initial,119,New mitdravara Tribe,Indic Riverine,111,Grinding Stones,11
-4540,initial,119,New mitdravara Tribe,Indic Riverine,116,Charcoal Firing,11
-4540,initial,119,New mitdravara Tribe,Indic Riverine,4,Mining,11
-4540,initial,119,New mitdravara Tribe,Indic Riverine,3,Archery,11
-4505,initial,120,Tergargrad Tribe,Western Plains,100,Cordage and Knots,8
-4505,initial,120,Tergargrad Tribe,Western Plains,101,Hide Working and Tailored Clothing,8
-4505,initial,120,Tergargrad Tribe,Western Plains,102,Hafted Stone Tools,8
-4505,initial,120,Tergargrad Tribe,Western Plains,105,Food Preservation,8
-4505,initial,120,Tergargrad Tribe,Western Plains,106,Storage Pits and Containers,8
-4505,initial,120,Tergargrad Tribe,Western Plains,107,Seasonal Aggregation Camps,8
-4505,initial,120,Tergargrad Tribe,Western Plains,111,Grinding Stones,8
-4505,initial,120,Tergargrad Tribe,Western Plains,3,Archery,8
-4485,initial,121,Belvia Kingdom,Western Plains,100,Cordage and Knots,8
-4485,initial,121,Belvia Kingdom,Western Plains,101,Hide Working and Tailored Clothing,8
-4485,initial,121,Belvia Kingdom,Western Plains,102,Hafted Stone Tools,8
-4485,initial,121,Belvia Kingdom,Western Plains,105,Food Preservation,8
-4485,initial,121,Belvia Kingdom,Western Plains,106,Storage Pits and Containers,8
-4485,initial,121,Belvia Kingdom,Western Plains,107,Seasonal Aggregation Camps,8
-4485,initial,121,Belvia Kingdom,Western Plains,111,Grinding Stones,8
-4485,initial,121,Belvia Kingdom,Western Plains,3,Archery,8
-4455,initial,122,South seofise Tribe,Nile Floodplain,100,Cordage and Knots,10
-4455,initial,122,South seofise Tribe,Nile Floodplain,101,Hide Working and Tailored Clothing,10
-4455,initial,122,South seofise Tribe,Nile Floodplain,102,Hafted Stone Tools,10
-4455,initial,122,South seofise Tribe,Nile Floodplain,105,Food Preservation,10
-4455,initial,122,South seofise Tribe,Nile Floodplain,106,Storage Pits and Containers,10
-4455,initial,122,South seofise Tribe,Nile Floodplain,107,Seasonal Aggregation Camps,10
-4455,initial,122,South seofise Tribe,Nile Floodplain,110,Dog Domestication,10
-4455,initial,122,South seofise Tribe,Nile Floodplain,111,Grinding Stones,10
-4455,initial,122,South seofise Tribe,Nile Floodplain,116,Charcoal Firing,10
-4455,initial,122,South seofise Tribe,Nile Floodplain,3,Archery,10
-4320,initial,123,North kanvar Kingdom,Indic Riverine,100,Cordage and Knots,11
-4320,initial,123,North kanvar Kingdom,Indic Riverine,101,Hide Working and Tailored Clothing,11
-4320,initial,123,North kanvar Kingdom,Indic Riverine,102,Hafted Stone Tools,11
-4320,initial,123,North kanvar Kingdom,Indic Riverine,105,Food Preservation,11
-4320,initial,123,North kanvar Kingdom,Indic Riverine,106,Storage Pits and Containers,11
-4320,initial,123,North kanvar Kingdom,Indic Riverine,107,Seasonal Aggregation Camps,11
-4320,initial,123,North kanvar Kingdom,Indic Riverine,110,Dog Domestication,11
-4320,initial,123,North kanvar Kingdom,Indic Riverine,111,Grinding Stones,11
-4320,initial,123,North kanvar Kingdom,Indic Riverine,116,Charcoal Firing,11
-4320,initial,123,North kanvar Kingdom,Indic Riverine,4,Mining,11
-4320,initial,123,North kanvar Kingdom,Indic Riverine,3,Archery,11
-4320,initial,124,North tanshadesh Kingdom,Indic Riverine,100,Cordage and Knots,10
-4320,initial,124,North tanshadesh Kingdom,Indic Riverine,101,Hide Working and Tailored Clothing,10
-4320,initial,124,North tanshadesh Kingdom,Indic Riverine,102,Hafted Stone Tools,10
-4320,initial,124,North tanshadesh Kingdom,Indic Riverine,105,Food Preservation,10
-4320,initial,124,North tanshadesh Kingdom,Indic Riverine,106,Storage Pits and Containers,10
-4320,initial,124,North tanshadesh Kingdom,Indic Riverine,107,Seasonal Aggregation Camps,10
-4320,initial,124,North tanshadesh Kingdom,Indic Riverine,110,Dog Domestication,10
-4320,initial,124,North tanshadesh Kingdom,Indic Riverine,111,Grinding Stones,10
-4320,initial,124,North tanshadesh Kingdom,Indic Riverine,116,Charcoal Firing,10
-4320,initial,124,North tanshadesh Kingdom,Indic Riverine,3,Archery,10
-4305,initial,125,Great urarbarad Tribe,Fertile Crescent,100,Cordage and Knots,12
-4305,initial,125,Great urarbarad Tribe,Fertile Crescent,101,Hide Working and Tailored Clothing,12
-4305,initial,125,Great urarbarad Tribe,Fertile Crescent,102,Hafted Stone Tools,12
-4305,initial,125,Great urarbarad Tribe,Fertile Crescent,105,Food Preservation,12
-4305,initial,125,Great urarbarad Tribe,Fertile Crescent,106,Storage Pits and Containers,12
-4305,initial,125,Great urarbarad Tribe,Fertile Crescent,107,Seasonal Aggregation Camps,12
-4305,initial,125,Great urarbarad Tribe,Fertile Crescent,110,Dog Domestication,12
-4305,initial,125,Great urarbarad Tribe,Fertile Crescent,111,Grinding Stones,12
-4305,initial,125,Great urarbarad Tribe,Fertile Crescent,116,Charcoal Firing,12
-4305,initial,125,Great urarbarad Tribe,Fertile Crescent,119,Native Copper Working,12
-4305,initial,125,Great urarbarad Tribe,Fertile Crescent,4,Mining,12
-4305,initial,125,Great urarbarad Tribe,Fertile Crescent,3,Archery,12
-4245,initial,126,Old sebarene Tribe,Central Forest,100,Cordage and Knots,9
-4245,initial,126,Old sebarene Tribe,Central Forest,101,Hide Working and Tailored Clothing,9
-4245,initial,126,Old sebarene Tribe,Central Forest,102,Hafted Stone Tools,9
-4245,initial,126,Old sebarene Tribe,Central Forest,105,Food Preservation,9
-4245,initial,126,Old sebarene Tribe,Central Forest,106,Storage Pits and Containers,9
-4245,initial,126,Old sebarene Tribe,Central Forest,107,Seasonal Aggregation Camps,9
-4245,initial,126,Old sebarene Tribe,Central Forest,111,Grinding Stones,9
-4245,initial,126,Old sebarene Tribe,Central Forest,116,Charcoal Firing,9
-4245,initial,126,Old sebarene Tribe,Central Forest,3,Archery,9
-4225,initial,127,New minrenqinzhou Tribe,East Riverine,100,Cordage and Knots,10
-4225,initial,127,New minrenqinzhou Tribe,East Riverine,101,Hide Working and Tailored Clothing,10
-4225,initial,127,New minrenqinzhou Tribe,East Riverine,102,Hafted Stone Tools,10
-4225,initial,127,New minrenqinzhou Tribe,East Riverine,105,Food Preservation,10
-4225,initial,127,New minrenqinzhou Tribe,East Riverine,106,Storage Pits and Containers,10
-4225,initial,127,New minrenqinzhou Tribe,East Riverine,107,Seasonal Aggregation Camps,10
-4225,initial,127,New minrenqinzhou Tribe,East Riverine,110,Dog Domestication,10
-4225,initial,127,New minrenqinzhou Tribe,East Riverine,111,Grinding Stones,10
-4225,initial,127,New minrenqinzhou Tribe,East Riverine,116,Charcoal Firing,10
-4225,initial,127,New minrenqinzhou Tribe,East Riverine,3,Archery,10
-4220,initial,128,Great qintailin Tribe,East Riverine,100,Cordage and Knots,10
-4220,initial,128,Great qintailin Tribe,East Riverine,101,Hide Working and Tailored Clothing,10
-4220,initial,128,Great qintailin Tribe,East Riverine,102,Hafted Stone Tools,10
-4220,initial,128,Great qintailin Tribe,East Riverine,105,Food Preservation,10
-4220,initial,128,Great qintailin Tribe,East Riverine,106,Storage Pits and Containers,10
-4220,initial,128,Great qintailin Tribe,East Riverine,107,Seasonal Aggregation Camps,10
-4220,initial,128,Great qintailin Tribe,East Riverine,110,Dog Domestication,10
-4220,initial,128,Great qintailin Tribe,East Riverine,111,Grinding Stones,10
-4220,initial,128,Great qintailin Tribe,East Riverine,116,Charcoal Firing,10
-4220,initial,128,Great qintailin Tribe,East Riverine,3,Archery,10
-4125,initial,129,Old lamngou Tribe,North Saharan,100,Cordage and Knots,10
-4125,initial,129,Old lamngou Tribe,North Saharan,101,Hide Working and Tailored Clothing,10
-4125,initial,129,Old lamngou Tribe,North Saharan,102,Hafted Stone Tools,10
-4125,initial,129,Old lamngou Tribe,North Saharan,105,Food Preservation,10
-4125,initial,129,Old lamngou Tribe,North Saharan,106,Storage Pits and Containers,10
-4125,initial,129,Old lamngou Tribe,North Saharan,107,Seasonal Aggregation Camps,10
-4125,initial,129,Old lamngou Tribe,North Saharan,110,Dog Domestication,10
-4125,initial,129,Old lamngou Tribe,North Saharan,111,Grinding Stones,10
-4125,initial,129,Old lamngou Tribe,North Saharan,116,Charcoal Firing,10
-4125,initial,129,Old lamngou Tribe,North Saharan,3,Archery,10
-4085,initial,130,North urkalbelan Kingdom,Fertile Crescent,100,Cordage and Knots,10
-4085,initial,130,North urkalbelan Kingdom,Fertile Crescent,101,Hide Working and Tailored Clothing,10
-4085,initial,130,North urkalbelan Kingdom,Fertile Crescent,102,Hafted Stone Tools,10
-4085,initial,130,North urkalbelan Kingdom,Fertile Crescent,105,Food Preservation,10
-4085,initial,130,North urkalbelan Kingdom,Fertile Crescent,106,Storage Pits and Containers,10
-4085,initial,130,North urkalbelan Kingdom,Fertile Crescent,107,Seasonal Aggregation Camps,10
-4085,initial,130,North urkalbelan Kingdom,Fertile Crescent,110,Dog Domestication,10
-4085,initial,130,North urkalbelan Kingdom,Fertile Crescent,111,Grinding Stones,10
-4085,initial,130,North urkalbelan Kingdom,Fertile Crescent,116,Charcoal Firing,10
-4085,initial,130,North urkalbelan Kingdom,Fertile Crescent,3,Archery,10
-4060,initial,131,Great ayaintiyu Kingdom,Andean Highland,100,Cordage and Knots,10
-4060,initial,131,Great ayaintiyu Kingdom,Andean Highland,101,Hide Working and Tailored Clothing,10
-4060,initial,131,Great ayaintiyu Kingdom,Andean Highland,102,Hafted Stone Tools,10
-4060,initial,131,Great ayaintiyu Kingdom,Andean Highland,105,Food Preservation,10
-4060,initial,131,Great ayaintiyu Kingdom,Andean Highland,106,Storage Pits and Containers,10
-4060,initial,131,Great ayaintiyu Kingdom,Andean Highland,107,Seasonal Aggregation Camps,10
-4060,initial,131,Great ayaintiyu Kingdom,Andean Highland,111,Grinding Stones,10
-4060,initial,131,Great ayaintiyu Kingdom,Andean Highland,116,Charcoal Firing,10
-4060,initial,131,Great ayaintiyu Kingdom,Andean Highland,4,Mining,10
-4060,initial,131,Great ayaintiyu Kingdom,Andean Highland,3,Archery,10
-3990,initial,132,Viaduslorland Kingdom,Steppe Nomadic,100,Cordage and Knots,9
-3990,initial,132,Viaduslorland Kingdom,Steppe Nomadic,101,Hide Working and Tailored Clothing,9
-3990,initial,132,Viaduslorland Kingdom,Steppe Nomadic,102,Hafted Stone Tools,9
-3990,initial,132,Viaduslorland Kingdom,Steppe Nomadic,105,Food Preservation,9
-3990,initial,132,Viaduslorland Kingdom,Steppe Nomadic,106,Storage Pits and Containers,9
-3990,initial,132,Viaduslorland Kingdom,Steppe Nomadic,107,Seasonal Aggregation Camps,9
-3990,initial,132,Viaduslorland Kingdom,Steppe Nomadic,110,Dog Domestication,9
-3990,initial,132,Viaduslorland Kingdom,Steppe Nomadic,111,Grinding Stones,9
-3990,initial,132,Viaduslorland Kingdom,Steppe Nomadic,3,Archery,9
-3970,initial,133,North litailing Kingdom,East Riverine,100,Cordage and Knots,11
-3970,initial,133,North litailing Kingdom,East Riverine,101,Hide Working and Tailored Clothing,11
-3970,initial,133,North litailing Kingdom,East Riverine,102,Hafted Stone Tools,11
-3970,initial,133,North litailing Kingdom,East Riverine,105,Food Preservation,11
-3970,initial,133,North litailing Kingdom,East Riverine,106,Storage Pits and Containers,11
-3970,initial,133,North litailing Kingdom,East Riverine,107,Seasonal Aggregation Camps,11
-3970,initial,133,North litailing Kingdom,East Riverine,110,Dog Domestication,11
-3970,initial,133,North litailing Kingdom,East Riverine,111,Grinding Stones,11
-3970,initial,133,North litailing Kingdom,East Riverine,116,Charcoal Firing,11
-3970,initial,133,North litailing Kingdom,East Riverine,4,Mining,11
-3970,initial,133,North litailing Kingdom,East Riverine,3,Archery,11
-3905,initial,134,Great tanofiu Kingdom,North Saharan,100,Cordage and Knots,10
-3905,initial,134,Great tanofiu Kingdom,North Saharan,101,Hide Working and Tailored Clothing,10
-3905,initial,134,Great tanofiu Kingdom,North Saharan,102,Hafted Stone Tools,10
-3905,initial,134,Great tanofiu Kingdom,North Saharan,105,Food Preservation,10
-3905,initial,134,Great tanofiu Kingdom,North Saharan,106,Storage Pits and Containers,10
-3905,initial,134,Great tanofiu Kingdom,North Saharan,107,Seasonal Aggregation Camps,10
-3905,initial,134,Great tanofiu Kingdom,North Saharan,110,Dog Domestication,10
-3905,initial,134,Great tanofiu Kingdom,North Saharan,111,Grinding Stones,10
-3905,initial,134,Great tanofiu Kingdom,North Saharan,116,Charcoal Firing,10
-3905,initial,134,Great tanofiu Kingdom,North Saharan,3,Archery,10
-3870,initial,135,South karkarven Tribe,Atlantic Fringe,100,Cordage and Knots,10
-3870,initial,135,South karkarven Tribe,Atlantic Fringe,101,Hide Working and Tailored Clothing,10
-3870,initial,135,South karkarven Tribe,Atlantic Fringe,102,Hafted Stone Tools,10
-3870,initial,135,South karkarven Tribe,Atlantic Fringe,105,Food Preservation,10
-3870,initial,135,South karkarven Tribe,Atlantic Fringe,106,Storage Pits and Containers,10
-3870,initial,135,South karkarven Tribe,Atlantic Fringe,107,Seasonal Aggregation Camps,10
-3870,initial,135,South karkarven Tribe,Atlantic Fringe,111,Grinding Stones,10
-3870,initial,135,South karkarven Tribe,Atlantic Fringe,116,Charcoal Firing,10
-3870,initial,135,South karkarven Tribe,Atlantic Fringe,4,Mining,10
-3870,initial,135,South karkarven Tribe,Atlantic Fringe,3,Archery,10
-3841,unlock,12,South shatansura Tribe,Indic Riverine,103,Bone and Antler Tools,17
-3840,initial,136,North kusaya Kingdom,Andean Highland,100,Cordage and Knots,10
-3840,initial,136,North kusaya Kingdom,Andean Highland,101,Hide Working and Tailored Clothing,10
-3840,initial,136,North kusaya Kingdom,Andean Highland,102,Hafted Stone Tools,10
-3840,initial,136,North kusaya Kingdom,Andean Highland,105,Food Preservation,10
-3840,initial,136,North kusaya Kingdom,Andean Highland,106,Storage Pits and Containers,10
-3840,initial,136,North kusaya Kingdom,Andean Highland,107,Seasonal Aggregation Camps,10
-3840,initial,136,North kusaya Kingdom,Andean Highland,111,Grinding Stones,10
-3840,initial,136,North kusaya Kingdom,Andean Highland,116,Charcoal Firing,10
-3840,initial,136,North kusaya Kingdom,Andean Highland,4,Mining,10
-3840,initial,136,North kusaya Kingdom,Andean Highland,3,Archery,10
-3795,initial,137,New lentarnorland Tribe,Mediterranean Urban,100,Cordage and Knots,10
-3795,initial,137,New lentarnorland Tribe,Mediterranean Urban,101,Hide Working and Tailored Clothing,10
-3795,initial,137,New lentarnorland Tribe,Mediterranean Urban,102,Hafted Stone Tools,10
-3795,initial,137,New lentarnorland Tribe,Mediterranean Urban,105,Food Preservation,10
-3795,initial,137,New lentarnorland Tribe,Mediterranean Urban,106,Storage Pits and Containers,10
-3795,initial,137,New lentarnorland Tribe,Mediterranean Urban,107,Seasonal Aggregation Camps,10
-3795,initial,137,New lentarnorland Tribe,Mediterranean Urban,110,Dog Domestication,10
-3795,initial,137,New lentarnorland Tribe,Mediterranean Urban,111,Grinding Stones,10
-3795,initial,137,New lentarnorland Tribe,Mediterranean Urban,116,Charcoal Firing,10
-3795,initial,137,New lentarnorland Tribe,Mediterranean Urban,3,Archery,10
-3740,unlock,12,South shatansura Tribe,Indic Riverine,104,Fishing Technology,18
-3740,initial,138,Old rumayasum Kingdom,Andean Highland,100,Cordage and Knots,9
-3740,initial,138,Old rumayasum Kingdom,Andean Highland,101,Hide Working and Tailored Clothing,9
-3740,initial,138,Old rumayasum Kingdom,Andean Highland,102,Hafted Stone Tools,9
-3740,initial,138,Old rumayasum Kingdom,Andean Highland,105,Food Preservation,9
-3740,initial,138,Old rumayasum Kingdom,Andean Highland,106,Storage Pits and Containers,9
-3740,initial,138,Old rumayasum Kingdom,Andean Highland,107,Seasonal Aggregation Camps,9
-3740,initial,138,Old rumayasum Kingdom,Andean Highland,111,Grinding Stones,9
-3740,initial,138,Old rumayasum Kingdom,Andean Highland,116,Charcoal Firing,9
-3740,initial,138,Old rumayasum Kingdom,Andean Highland,3,Archery,9
-3675,unlock,70,North chimixtan Tribe,Mesoamerican,115,Counting Tokens and Tallies,14
-3670,initial,139,Zenna Tribe,Steppe Nomadic,100,Cordage and Knots,9
-3670,initial,139,Zenna Tribe,Steppe Nomadic,101,Hide Working and Tailored Clothing,9
-3670,initial,139,Zenna Tribe,Steppe Nomadic,102,Hafted Stone Tools,9
-3670,initial,139,Zenna Tribe,Steppe Nomadic,105,Food Preservation,9
-3670,initial,139,Zenna Tribe,Steppe Nomadic,106,Storage Pits and Containers,9
-3670,initial,139,Zenna Tribe,Steppe Nomadic,107,Seasonal Aggregation Camps,9
-3670,initial,139,Zenna Tribe,Steppe Nomadic,110,Dog Domestication,9
-3670,initial,139,Zenna Tribe,Steppe Nomadic,111,Grinding Stones,9
-3670,initial,139,Zenna Tribe,Steppe Nomadic,3,Archery,9
-3645,initial,140,New ngochiofiara Kingdom,North Saharan,100,Cordage and Knots,10
-3645,initial,140,New ngochiofiara Kingdom,North Saharan,101,Hide Working and Tailored Clothing,10
-3645,initial,140,New ngochiofiara Kingdom,North Saharan,102,Hafted Stone Tools,10
-3645,initial,140,New ngochiofiara Kingdom,North Saharan,105,Food Preservation,10
-3645,initial,140,New ngochiofiara Kingdom,North Saharan,106,Storage Pits and Containers,10
-3645,initial,140,New ngochiofiara Kingdom,North Saharan,107,Seasonal Aggregation Camps,10
-3645,initial,140,New ngochiofiara Kingdom,North Saharan,110,Dog Domestication,10
-3645,initial,140,New ngochiofiara Kingdom,North Saharan,111,Grinding Stones,10
-3645,initial,140,New ngochiofiara Kingdom,North Saharan,116,Charcoal Firing,10
-3645,initial,140,New ngochiofiara Kingdom,North Saharan,3,Archery,10
-3598,unlock,70,North chimixtan Tribe,Mesoamerican,110,Dog Domestication,15
-3550,initial,141,North ngolamene Tribe,Nile Floodplain,100,Cordage and Knots,10
-3550,initial,141,North ngolamene Tribe,Nile Floodplain,101,Hide Working and Tailored Clothing,10
-3550,initial,141,North ngolamene Tribe,Nile Floodplain,102,Hafted Stone Tools,10
-3550,initial,141,North ngolamene Tribe,Nile Floodplain,105,Food Preservation,10
-3550,initial,141,North ngolamene Tribe,Nile Floodplain,106,Storage Pits and Containers,10
-3550,initial,141,North ngolamene Tribe,Nile Floodplain,107,Seasonal Aggregation Camps,10
-3550,initial,141,North ngolamene Tribe,Nile Floodplain,110,Dog Domestication,10
-3550,initial,141,North ngolamene Tribe,Nile Floodplain,111,Grinding Stones,10
-3550,initial,141,North ngolamene Tribe,Nile Floodplain,116,Charcoal Firing,10
-3550,initial,141,North ngolamene Tribe,Nile Floodplain,3,Archery,10
-3525,initial,142,Renliling Tribe,East Riverine,100,Cordage and Knots,10
-3525,initial,142,Renliling Tribe,East Riverine,101,Hide Working and Tailored Clothing,10
-3525,initial,142,Renliling Tribe,East Riverine,102,Hafted Stone Tools,10
-3525,initial,142,Renliling Tribe,East Riverine,105,Food Preservation,10
-3525,initial,142,Renliling Tribe,East Riverine,106,Storage Pits and Containers,10
-3525,initial,142,Renliling Tribe,East Riverine,107,Seasonal Aggregation Camps,10
-3525,initial,142,Renliling Tribe,East Riverine,110,Dog Domestication,10
-3525,initial,142,Renliling Tribe,East Riverine,111,Grinding Stones,10
-3525,initial,142,Renliling Tribe,East Riverine,116,Charcoal Firing,10
-3525,initial,142,Renliling Tribe,East Riverine,3,Archery,10
-3515,initial,143,North maofikaene Kingdom,Central Forest,100,Cordage and Knots,9
-3515,initial,143,North maofikaene Kingdom,Central Forest,101,Hide Working and Tailored Clothing,9
-3515,initial,143,North maofikaene Kingdom,Central Forest,102,Hafted Stone Tools,9
-3515,initial,143,North maofikaene Kingdom,Central Forest,105,Food Preservation,9
-3515,initial,143,North maofikaene Kingdom,Central Forest,106,Storage Pits and Containers,9
-3515,initial,143,North maofikaene Kingdom,Central Forest,107,Seasonal Aggregation Camps,9
-3515,initial,143,North maofikaene Kingdom,Central Forest,111,Grinding Stones,9
-3515,initial,143,North maofikaene Kingdom,Central Forest,116,Charcoal Firing,9
-3515,initial,143,North maofikaene Kingdom,Central Forest,3,Archery,9
-3499,unlock,12,South shatansura Tribe,Indic Riverine,7,Wheel,19
-3445,initial,144,North shadramita Tribe,Indic Riverine,100,Cordage and Knots,10
-3445,initial,144,North shadramita Tribe,Indic Riverine,101,Hide Working and Tailored Clothing,10
-3445,initial,144,North shadramita Tribe,Indic Riverine,102,Hafted Stone Tools,10
-3445,initial,144,North shadramita Tribe,Indic Riverine,105,Food Preservation,10
-3445,initial,144,North shadramita Tribe,Indic Riverine,106,Storage Pits and Containers,10
-3445,initial,144,North shadramita Tribe,Indic Riverine,107,Seasonal Aggregation Camps,10
-3445,initial,144,North shadramita Tribe,Indic Riverine,110,Dog Domestication,10
-3445,initial,144,North shadramita Tribe,Indic Riverine,111,Grinding Stones,10
-3445,initial,144,North shadramita Tribe,Indic Riverine,116,Charcoal Firing,10
-3445,initial,144,North shadramita Tribe,Indic Riverine,3,Archery,10
-3440,initial,145,North vivarvi Kingdom,Indic Riverine,100,Cordage and Knots,10
-3440,initial,145,North vivarvi Kingdom,Indic Riverine,101,Hide Working and Tailored Clothing,10
-3440,initial,145,North vivarvi Kingdom,Indic Riverine,102,Hafted Stone Tools,10
-3440,initial,145,North vivarvi Kingdom,Indic Riverine,105,Food Preservation,10
-3440,initial,145,North vivarvi Kingdom,Indic Riverine,106,Storage Pits and Containers,10
-3440,initial,145,North vivarvi Kingdom,Indic Riverine,107,Seasonal Aggregation Camps,10
-3440,initial,145,North vivarvi Kingdom,Indic Riverine,110,Dog Domestication,10
-3440,initial,145,North vivarvi Kingdom,Indic Riverine,111,Grinding Stones,10
-3440,initial,145,North vivarvi Kingdom,Indic Riverine,116,Charcoal Firing,10
-3440,initial,145,North vivarvi Kingdom,Indic Riverine,3,Archery,10
-3416,unlock,70,North chimixtan Tribe,Mesoamerican,103,Bone and Antler Tools,16
-3415,initial,146,New ninasharar Kingdom,Fertile Crescent,100,Cordage and Knots,10
-3415,initial,146,New ninasharar Kingdom,Fertile Crescent,101,Hide Working and Tailored Clothing,10
-3415,initial,146,New ninasharar Kingdom,Fertile Crescent,102,Hafted Stone Tools,10
-3415,initial,146,New ninasharar Kingdom,Fertile Crescent,105,Food Preservation,10
-3415,initial,146,New ninasharar Kingdom,Fertile Crescent,106,Storage Pits and Containers,10
-3415,initial,146,New ninasharar Kingdom,Fertile Crescent,107,Seasonal Aggregation Camps,10
-3415,initial,146,New ninasharar Kingdom,Fertile Crescent,110,Dog Domestication,10
-3415,initial,146,New ninasharar Kingdom,Fertile Crescent,111,Grinding Stones,10
-3415,initial,146,New ninasharar Kingdom,Fertile Crescent,116,Charcoal Firing,10
-3415,initial,146,New ninasharar Kingdom,Fertile Crescent,3,Archery,10
-3374,unlock,12,South shatansura Tribe,Indic Riverine,117,Proto-writing and Administrative Notation,20
-3361,unlock,5,New vitanvia Tribe,Indic Riverine,104,Fishing Technology,17
-3351,unlock,70,North chimixtan Tribe,Mesoamerican,114,Enclosures and Herd Management,17
-3327,unlock,70,North chimixtan Tribe,Mesoamerican,10,Irrigation,18
-3321,unlock,42,Great dusromviaia Tribe,Monsoon Coastal,109,Long-distance Exchange Networks,19
-3314,unlock,41,Great gargartergrad Tribe,Monsoon Coastal,115,Counting Tokens and Tallies,19
-3305,initial,147,North mintai Kingdom,East Riverine,100,Cordage and Knots,10
-3305,initial,147,North mintai Kingdom,East Riverine,101,Hide Working and Tailored Clothing,10
-3305,initial,147,North mintai Kingdom,East Riverine,102,Hafted Stone Tools,10
-3305,initial,147,North mintai Kingdom,East Riverine,105,Food Preservation,10
-3305,initial,147,North mintai Kingdom,East Riverine,106,Storage Pits and Containers,10
-3305,initial,147,North mintai Kingdom,East Riverine,107,Seasonal Aggregation Camps,10
-3305,initial,147,North mintai Kingdom,East Riverine,110,Dog Domestication,10
-3305,initial,147,North mintai Kingdom,East Riverine,111,Grinding Stones,10
-3305,initial,147,North mintai Kingdom,East Riverine,116,Charcoal Firing,10
-3305,initial,147,North mintai Kingdom,East Riverine,3,Archery,10
-3304,unlock,43,Linlinstan Tribe,Monsoon Coastal,10,Irrigation,19
-3286,unlock,43,Linlinstan Tribe,Monsoon Coastal,109,Long-distance Exchange Networks,20
-3282,unlock,5,New vitanvia Tribe,Indic Riverine,117,Proto-writing and Administrative Notation,18
-3280,initial,148,New solgargarstan Tribe,Caribbean Seafaring,100,Cordage and Knots,7
-3280,initial,148,New solgargarstan Tribe,Caribbean Seafaring,101,Hide Working and Tailored Clothing,7
-3280,initial,148,New solgargarstan Tribe,Caribbean Seafaring,102,Hafted Stone Tools,7
-3280,initial,148,New solgargarstan Tribe,Caribbean Seafaring,105,Food Preservation,7
-3280,initial,148,New solgargarstan Tribe,Caribbean Seafaring,106,Storage Pits and Containers,7
-3280,initial,148,New solgargarstan Tribe,Caribbean Seafaring,107,Seasonal Aggregation Camps,7
-3280,initial,148,New solgargarstan Tribe,Caribbean Seafaring,3,Archery,7
-3279,unlock,52,Empire of Old matanchiara,West Sahel,104,Fishing Technology,14
-3269,unlock,43,Linlinstan Tribe,Monsoon Coastal,103,Bone and Antler Tools,21
-3255,initial,149,New zenlorvia Tribe,Steppe Nomadic,100,Cordage and Knots,10
-3255,initial,149,New zenlorvia Tribe,Steppe Nomadic,101,Hide Working and Tailored Clothing,10
-3255,initial,149,New zenlorvia Tribe,Steppe Nomadic,102,Hafted Stone Tools,10
-3255,initial,149,New zenlorvia Tribe,Steppe Nomadic,105,Food Preservation,10
-3255,initial,149,New zenlorvia Tribe,Steppe Nomadic,106,Storage Pits and Containers,10
-3255,initial,149,New zenlorvia Tribe,Steppe Nomadic,107,Seasonal Aggregation Camps,10
-3255,initial,149,New zenlorvia Tribe,Steppe Nomadic,110,Dog Domestication,10
-3255,initial,149,New zenlorvia Tribe,Steppe Nomadic,111,Grinding Stones,10
-3255,initial,149,New zenlorvia Tribe,Steppe Nomadic,4,Mining,10
-3255,initial,149,New zenlorvia Tribe,Steppe Nomadic,3,Archery,10
-3245,unlock,12,South shatansura Tribe,Indic Riverine,10,Irrigation,21
-3241,unlock,42,Great dusromviaia Tribe,Monsoon Coastal,7,Wheel,20
-3233,unlock,71,Kingdom of Great calitzchi,Mesoamerican,10,Irrigation,14
-3223,unlock,41,Great gargartergrad Tribe,Monsoon Coastal,7,Wheel,20
-3220,initial,150,Great nalkansura Kingdom,Indic Riverine,100,Cordage and Knots,10
-3220,initial,150,Great nalkansura Kingdom,Indic Riverine,101,Hide Working and Tailored Clothing,10
-3220,initial,150,Great nalkansura Kingdom,Indic Riverine,102,Hafted Stone Tools,10
-3220,initial,150,Great nalkansura Kingdom,Indic Riverine,105,Food Preservation,10
-3220,initial,150,Great nalkansura Kingdom,Indic Riverine,106,Storage Pits and Containers,10
-3220,initial,150,Great nalkansura Kingdom,Indic Riverine,107,Seasonal Aggregation Camps,10
-3220,initial,150,Great nalkansura Kingdom,Indic Riverine,110,Dog Domestication,10
-3220,initial,150,Great nalkansura Kingdom,Indic Riverine,111,Grinding Stones,10
-3220,initial,150,Great nalkansura Kingdom,Indic Riverine,116,Charcoal Firing,10
-3220,initial,150,Great nalkansura Kingdom,Indic Riverine,3,Archery,10
-3219,unlock,71,Kingdom of Great calitzchi,Mesoamerican,110,Dog Domestication,15
-3217,unlock,7,Great surtantannagar Tribe,Indic Riverine,104,Fishing Technology,17
-3215,initial,151,North marlinia Kingdom,Steppe Nomadic,100,Cordage and Knots,9
-3215,initial,151,North marlinia Kingdom,Steppe Nomadic,101,Hide Working and Tailored Clothing,9
-3215,initial,151,North marlinia Kingdom,Steppe Nomadic,102,Hafted Stone Tools,9
-3215,initial,151,North marlinia Kingdom,Steppe Nomadic,105,Food Preservation,9
-3215,initial,151,North marlinia Kingdom,Steppe Nomadic,106,Storage Pits and Containers,9
-3215,initial,151,North marlinia Kingdom,Steppe Nomadic,107,Seasonal Aggregation Camps,9
-3215,initial,151,North marlinia Kingdom,Steppe Nomadic,110,Dog Domestication,9
-3215,initial,151,North marlinia Kingdom,Steppe Nomadic,111,Grinding Stones,9
-3215,initial,151,North marlinia Kingdom,Steppe Nomadic,3,Archery,9
-3210,initial,152,New vivarvara Tribe,Indic Riverine,100,Cordage and Knots,10
-3210,initial,152,New vivarvara Tribe,Indic Riverine,101,Hide Working and Tailored Clothing,10
-3210,initial,152,New vivarvara Tribe,Indic Riverine,102,Hafted Stone Tools,10
-3210,initial,152,New vivarvara Tribe,Indic Riverine,105,Food Preservation,10
-3210,initial,152,New vivarvara Tribe,Indic Riverine,106,Storage Pits and Containers,10
-3210,initial,152,New vivarvara Tribe,Indic Riverine,107,Seasonal Aggregation Camps,10
-3210,initial,152,New vivarvara Tribe,Indic Riverine,110,Dog Domestication,10
-3210,initial,152,New vivarvara Tribe,Indic Riverine,111,Grinding Stones,10
-3210,initial,152,New vivarvara Tribe,Indic Riverine,116,Charcoal Firing,10
-3210,initial,152,New vivarvara Tribe,Indic Riverine,3,Archery,10
-3205,initial,153,New norbelland Tribe,Atlantic Fringe,100,Cordage and Knots,9
-3205,initial,153,New norbelland Tribe,Atlantic Fringe,101,Hide Working and Tailored Clothing,9
-3205,initial,153,New norbelland Tribe,Atlantic Fringe,102,Hafted Stone Tools,9
-3205,initial,153,New norbelland Tribe,Atlantic Fringe,105,Food Preservation,9
-3205,initial,153,New norbelland Tribe,Atlantic Fringe,106,Storage Pits and Containers,9
-3205,initial,153,New norbelland Tribe,Atlantic Fringe,107,Seasonal Aggregation Camps,9
-3205,initial,153,New norbelland Tribe,Atlantic Fringe,111,Grinding Stones,9
-3205,initial,153,New norbelland Tribe,Atlantic Fringe,116,Charcoal Firing,9
-3205,initial,153,New norbelland Tribe,Atlantic Fringe,3,Archery,9
-3204,unlock,51,Kingdom of South barchiseara,West Sahel,103,Bone and Antler Tools,14
-3202,unlock,0,Kingdom of South visharapur,Indic Riverine,104,Fishing Technology,17
-3200,unlock,12,South shatansura Tribe,Indic Riverine,11,Writing,22
-3199,unlock,51,Kingdom of South barchiseara,West Sahel,104,Fishing Technology,15
-3194,unlock,70,North chimixtan Tribe,Mesoamerican,117,Proto-writing and Administrative Notation,19
-3190,unlock,5,New vitanvia Tribe,Indic Riverine,10,Irrigation,19
-3185,unlock,7,Great surtantannagar Tribe,Indic Riverine,10,Irrigation,18
-3185,initial,154,Dussolgrad Tribe,Eastern Woodland,100,Cordage and Knots,8
-3185,initial,154,Dussolgrad Tribe,Eastern Woodland,101,Hide Working and Tailored Clothing,8
-3185,initial,154,Dussolgrad Tribe,Eastern Woodland,102,Hafted Stone Tools,8
-3185,initial,154,Dussolgrad Tribe,Eastern Woodland,105,Food Preservation,8
-3185,initial,154,Dussolgrad Tribe,Eastern Woodland,106,Storage Pits and Containers,8
-3185,initial,154,Dussolgrad Tribe,Eastern Woodland,107,Seasonal Aggregation Camps,8
-3185,initial,154,Dussolgrad Tribe,Eastern Woodland,111,Grinding Stones,8
-3185,initial,154,Dussolgrad Tribe,Eastern Woodland,3,Archery,8
-3183,unlock,66,Kingdom of South yucitz,Mesoamerican,103,Bone and Antler Tools,14
-3167,unlock,41,Great gargartergrad Tribe,Monsoon Coastal,10,Irrigation,21
-3164,unlock,71,Kingdom of Great calitzchi,Mesoamerican,115,Counting Tokens and Tallies,16
-3163,unlock,42,Great dusromviaia Tribe,Monsoon Coastal,12,Shipbuilding,21
-3153,unlock,54,Kingdom of North kazu,East Horn,104,Fishing Technology,14
-3150,unlock,52,Empire of Old matanchiara,West Sahel,10,Irrigation,15
-3145,initial,155,Great ratanea Tribe,Oceanic Navigators,100,Cordage and Knots,7
-3145,initial,155,Great ratanea Tribe,Oceanic Navigators,101,Hide Working and Tailored Clothing,7
-3145,initial,155,Great ratanea Tribe,Oceanic Navigators,102,Hafted Stone Tools,7
-3145,initial,155,Great ratanea Tribe,Oceanic Navigators,105,Food Preservation,7
-3145,initial,155,Great ratanea Tribe,Oceanic Navigators,106,Storage Pits and Containers,7
-3145,initial,155,Great ratanea Tribe,Oceanic Navigators,107,Seasonal Aggregation Camps,7
-3145,initial,155,Great ratanea Tribe,Oceanic Navigators,3,Archery,7
-3136,unlock,53,Kingdom of South chichibarara,East Horn,110,Dog Domestication,14
-3136,unlock,54,Kingdom of North kazu,East Horn,115,Counting Tokens and Tallies,15
-3135,initial,156,Old mixnahtempan Tribe,Mesoamerican,100,Cordage and Knots,13
-3135,initial,156,Old mixnahtempan Tribe,Mesoamerican,101,Hide Working and Tailored Clothing,13
-3135,initial,156,Old mixnahtempan Tribe,Mesoamerican,102,Hafted Stone Tools,13
-3135,initial,156,Old mixnahtempan Tribe,Mesoamerican,105,Food Preservation,13
-3135,initial,156,Old mixnahtempan Tribe,Mesoamerican,106,Storage Pits and Containers,13
-3135,initial,156,Old mixnahtempan Tribe,Mesoamerican,107,Seasonal Aggregation Camps,13
-3135,initial,156,Old mixnahtempan Tribe,Mesoamerican,111,Grinding Stones,13
-3135,initial,156,Old mixnahtempan Tribe,Mesoamerican,112,Proto-cultivation,13
-3135,initial,156,Old mixnahtempan Tribe,Mesoamerican,113,Sedentism,13
-3135,initial,156,Old mixnahtempan Tribe,Mesoamerican,116,Charcoal Firing,13
-3135,initial,156,Old mixnahtempan Tribe,Mesoamerican,20,Agriculture,13
-3135,initial,156,Old mixnahtempan Tribe,Mesoamerican,3,Archery,13
-3135,initial,156,Old mixnahtempan Tribe,Mesoamerican,6,Calendar,13
-3105,initial,157,Dorsel Tribe,Mediterranean Urban,100,Cordage and Knots,11
-3105,initial,157,Dorsel Tribe,Mediterranean Urban,101,Hide Working and Tailored Clothing,11
-3105,initial,157,Dorsel Tribe,Mediterranean Urban,102,Hafted Stone Tools,11
-3105,initial,157,Dorsel Tribe,Mediterranean Urban,105,Food Preservation,11
-3105,initial,157,Dorsel Tribe,Mediterranean Urban,106,Storage Pits and Containers,11
-3105,initial,157,Dorsel Tribe,Mediterranean Urban,107,Seasonal Aggregation Camps,11
-3105,initial,157,Dorsel Tribe,Mediterranean Urban,110,Dog Domestication,11
-3105,initial,157,Dorsel Tribe,Mediterranean Urban,111,Grinding Stones,11
-3105,initial,157,Dorsel Tribe,Mediterranean Urban,116,Charcoal Firing,11
-3105,initial,157,Dorsel Tribe,Mediterranean Urban,4,Mining,11
-3105,initial,157,Dorsel Tribe,Mediterranean Urban,3,Archery,11
-3098,unlock,66,Kingdom of South yucitz,Mesoamerican,110,Dog Domestication,15
-3097,unlock,70,North chimixtan Tribe,Mesoamerican,7,Wheel,19
-3091,unlock,5,New vitanvia Tribe,Indic Riverine,118,Numeracy and Measurement,20
-3084,unlock,71,Kingdom of Great calitzchi,Mesoamerican,103,Bone and Antler Tools,17
-3079,unlock,12,South shatansura Tribe,Indic Riverine,108,Watercraft,23
-3072,unlock,12,South shatansura Tribe,Indic Riverine,118,Numeracy and Measurement,24
-3060,initial,158,North minweirenling Kingdom,East Riverine,100,Cordage and Knots,10
-3060,initial,158,North minweirenling Kingdom,East Riverine,101,Hide Working and Tailored Clothing,10
-3060,initial,158,North minweirenling Kingdom,East Riverine,102,Hafted Stone Tools,10
-3060,initial,158,North minweirenling Kingdom,East Riverine,105,Food Preservation,10
-3060,initial,158,North minweirenling Kingdom,East Riverine,106,Storage Pits and Containers,10
-3060,initial,158,North minweirenling Kingdom,East Riverine,107,Seasonal Aggregation Camps,10
-3060,initial,158,North minweirenling Kingdom,East Riverine,110,Dog Domestication,10
-3060,initial,158,North minweirenling Kingdom,East Riverine,111,Grinding Stones,10
-3060,initial,158,North minweirenling Kingdom,East Riverine,116,Charcoal Firing,10
-3060,initial,158,North minweirenling Kingdom,East Riverine,3,Archery,10
-3055,unlock,11,Kingdom of South mitvidesh,Indic Riverine,103,Bone and Antler Tools,17
-3050,unlock,54,Kingdom of North kazu,East Horn,114,Enclosures and Herd Management,16
-3050,initial,159,New beltarven Tribe,Mediterranean Highland,100,Cordage and Knots,10
-3050,initial,159,New beltarven Tribe,Mediterranean Highland,101,Hide Working and Tailored Clothing,10
-3050,initial,159,New beltarven Tribe,Mediterranean Highland,102,Hafted Stone Tools,10
-3050,initial,159,New beltarven Tribe,Mediterranean Highland,105,Food Preservation,10
-3050,initial,159,New beltarven Tribe,Mediterranean Highland,106,Storage Pits and Containers,10
-3050,initial,159,New beltarven Tribe,Mediterranean Highland,107,Seasonal Aggregation Camps,10
-3050,initial,159,New beltarven Tribe,Mediterranean Highland,110,Dog Domestication,10
-3050,initial,159,New beltarven Tribe,Mediterranean Highland,111,Grinding Stones,10
-3050,initial,159,New beltarven Tribe,Mediterranean Highland,116,Charcoal Firing,10
-3050,initial,159,New beltarven Tribe,Mediterranean Highland,3,Archery,10
-3047,unlock,12,South shatansura Tribe,Indic Riverine,15,Currency,25
-3045,unlock,38,Kingdom of North bararum,Fertile Crescent,103,Bone and Antler Tools,13
-3041,unlock,41,Great gargartergrad Tribe,Monsoon Coastal,109,Long-distance Exchange Networks,22
-3037,unlock,5,New vitanvia Tribe,Indic Riverine,7,Wheel,20
-3028,unlock,70,North chimixtan Tribe,Mesoamerican,17,Roads,20
-3023,unlock,11,Kingdom of South mitvidesh,Indic Riverine,7,Wheel,18
-3023,unlock,69,Kingdom of New mixtemtoltan,Mesoamerican,114,Enclosures and Herd Management,14
-3017,unlock,5,New vitanvia Tribe,Indic Riverine,103,Bone and Antler Tools,21
-2996,unlock,11,Kingdom of South mitvidesh,Indic Riverine,104,Fishing Technology,19
-2995,unlock,12,South shatansura Tribe,Indic Riverine,5,Sailing,26
-2979,unlock,68,Tolchipan Tribe,Mesoamerican,103,Bone and Antler Tools,14
-2976,unlock,54,Kingdom of North kazu,East Horn,110,Dog Domestication,17
-2975,unlock,12,South shatansura Tribe,Indic Riverine,14,Formal Mathematics,28
-2975,unlock,12,South shatansura Tribe,Indic Riverine,17,Roads,28
-2967,unlock,54,Kingdom of North kazu,East Horn,117,Proto-writing and Administrative Notation,18
-2965,unlock,10,Old varvividesh Tribe,Indic Riverine,104,Fishing Technology,17
-2962,unlock,54,Kingdom of North kazu,East Horn,10,Irrigation,19
-2962,unlock,69,Kingdom of New mixtemtoltan,Mesoamerican,10,Irrigation,15
-2961,unlock,12,South shatansura Tribe,Indic Riverine,19,Alphabet,29
-2959,unlock,11,Kingdom of South mitvidesh,Indic Riverine,10,Irrigation,20
-2958,unlock,54,Kingdom of North kazu,East Horn,108,Watercraft,20
-2953,unlock,0,Kingdom of South visharapur,Indic Riverine,10,Irrigation,18
-2951,unlock,0,Kingdom of South visharapur,Indic Riverine,103,Bone and Antler Tools,19
-2950,initial,160,Llaqqorimarca Kingdom,Andean Highland,100,Cordage and Knots,10
-2950,initial,160,Llaqqorimarca Kingdom,Andean Highland,101,Hide Working and Tailored Clothing,10
-2950,initial,160,Llaqqorimarca Kingdom,Andean Highland,102,Hafted Stone Tools,10
-2950,initial,160,Llaqqorimarca Kingdom,Andean Highland,105,Food Preservation,10
-2950,initial,160,Llaqqorimarca Kingdom,Andean Highland,106,Storage Pits and Containers,10
-2950,initial,160,Llaqqorimarca Kingdom,Andean Highland,107,Seasonal Aggregation Camps,10
-2950,initial,160,Llaqqorimarca Kingdom,Andean Highland,111,Grinding Stones,10
-2950,initial,160,Llaqqorimarca Kingdom,Andean Highland,116,Charcoal Firing,10
-2950,initial,160,Llaqqorimarca Kingdom,Andean Highland,4,Mining,10
-2950,initial,160,Llaqqorimarca Kingdom,Andean Highland,3,Archery,10
-2947,unlock,42,Great dusromviaia Tribe,Monsoon Coastal,103,Bone and Antler Tools,22
-2947,unlock,53,Kingdom of South chichibarara,East Horn,115,Counting Tokens and Tallies,15
-2946,unlock,54,Kingdom of North kazu,East Horn,7,Wheel,21
-2935,initial,161,New xiaqin Kingdom,East Riverine,100,Cordage and Knots,10
-2935,initial,161,New xiaqin Kingdom,East Riverine,101,Hide Working and Tailored Clothing,10
-2935,initial,161,New xiaqin Kingdom,East Riverine,102,Hafted Stone Tools,10
-2935,initial,161,New xiaqin Kingdom,East Riverine,105,Food Preservation,10
-2935,initial,161,New xiaqin Kingdom,East Riverine,106,Storage Pits and Containers,10
-2935,initial,161,New xiaqin Kingdom,East Riverine,107,Seasonal Aggregation Camps,10
-2935,initial,161,New xiaqin Kingdom,East Riverine,110,Dog Domestication,10
-2935,initial,161,New xiaqin Kingdom,East Riverine,111,Grinding Stones,10
-2935,initial,161,New xiaqin Kingdom,East Riverine,116,Charcoal Firing,10
-2935,initial,161,New xiaqin Kingdom,East Riverine,3,Archery,10
-2934,unlock,42,Great dusromviaia Tribe,Monsoon Coastal,17,Roads,23
-2934,unlock,51,Kingdom of South barchiseara,West Sahel,115,Counting Tokens and Tallies,16
-2930,unlock,69,Kingdom of New mixtemtoltan,Mesoamerican,103,Bone and Antler Tools,16
-2930,initial,162,New markinrom Kingdom,Eastern Woodland,100,Cordage and Knots,8
-2930,initial,162,New markinrom Kingdom,Eastern Woodland,101,Hide Working and Tailored Clothing,8
-2930,initial,162,New markinrom Kingdom,Eastern Woodland,102,Hafted Stone Tools,8
-2930,initial,162,New markinrom Kingdom,Eastern Woodland,105,Food Preservation,8
-2930,initial,162,New markinrom Kingdom,Eastern Woodland,106,Storage Pits and Containers,8
-2930,initial,162,New markinrom Kingdom,Eastern Woodland,107,Seasonal Aggregation Camps,8
-2930,initial,162,New markinrom Kingdom,Eastern Woodland,111,Grinding Stones,8
-2930,initial,162,New markinrom Kingdom,Eastern Woodland,3,Archery,8
-2920,unlock,66,Kingdom of South yucitz,Mesoamerican,10,Irrigation,16
-2918,unlock,67,Kingdom of Great temnahpan,Mesoamerican,104,Fishing Technology,14
-2917,unlock,7,Great surtantannagar Tribe,Indic Riverine,108,Watercraft,19
-2917,unlock,42,Great dusromviaia Tribe,Monsoon Coastal,10,Irrigation,24
-2911,unlock,51,Kingdom of South barchiseara,West Sahel,10,Irrigation,17
-2909,unlock,7,Great surtantannagar Tribe,Indic Riverine,7,Wheel,20
-2890,unlock,68,Tolchipan Tribe,Mesoamerican,110,Dog Domestication,15
-2888,unlock,51,Kingdom of South barchiseara,West Sahel,108,Watercraft,18
-2887,unlock,12,South shatansura Tribe,Indic Riverine,109,Long-distance Exchange Networks,30
-2883,unlock,43,Linlinstan Tribe,Monsoon Coastal,7,Wheel,22
-2882,unlock,54,Kingdom of North kazu,East Horn,5,Sailing,21
-2881,unlock,51,Kingdom of South barchiseara,West Sahel,110,Dog Domestication,19
-2880,initial,163,Old ashtam Kingdom,Fertile Crescent,100,Cordage and Knots,12
-2880,initial,163,Old ashtam Kingdom,Fertile Crescent,101,Hide Working and Tailored Clothing,12
-2880,initial,163,Old ashtam Kingdom,Fertile Crescent,102,Hafted Stone Tools,12
-2880,initial,163,Old ashtam Kingdom,Fertile Crescent,105,Food Preservation,12
-2880,initial,163,Old ashtam Kingdom,Fertile Crescent,106,Storage Pits and Containers,12
-2880,initial,163,Old ashtam Kingdom,Fertile Crescent,107,Seasonal Aggregation Camps,12
-2880,initial,163,Old ashtam Kingdom,Fertile Crescent,110,Dog Domestication,12
-2880,initial,163,Old ashtam Kingdom,Fertile Crescent,111,Grinding Stones,12
-2880,initial,163,Old ashtam Kingdom,Fertile Crescent,116,Charcoal Firing,12
-2880,initial,163,Old ashtam Kingdom,Fertile Crescent,119,Native Copper Working,12
-2880,initial,163,Old ashtam Kingdom,Fertile Crescent,4,Mining,12
-2880,initial,163,Old ashtam Kingdom,Fertile Crescent,3,Archery,12
-2873,unlock,8,Kingdom of Old vivinagar,Indic Riverine,117,Proto-writing and A