{
  "n": 16,
  "agg": {
    "max_unlocked": {
      "mean": 32.625,
      "min": 27.0,
      "max": 43.0,
      "stdev": 5.543859215384171
    },
    "top1_max": {
      "mean": 0.06044275,
      "min": 0.040966,
      "max": 0.085236,
      "stdev": 0.013409304896693936
    },
    "top1_final": {
      "mean": 0.0407804375,
      "min": 0.02111,
      "max": 0.074179,
      "stdev": 0.014906403464487796
    },
    "wars_active_max": {
      "mean": 4.375,
      "min": 2.0,
      "max": 8.0,
      "stdev": 1.5761900266148114
    },
    "major_wars_final": {
      "mean": 0.0405769375,
      "min": 0.028388,
      "max": 0.052911,
      "stdev": 0.008212691028742877
    },
    "civil_conflict_max": {
      "mean": 11.5,
      "min": 7.0,
      "max": 19.0,
      "stdev": 3.3541019662496847
    },
    "civil_conflict_final": {
      "mean": 0.0625,
      "min": 0.0,
      "max": 1.0,
      "stdev": 0.24206145913796356
    },
    "fragmentation_max": {
      "mean": 0.0,
      "min": 0.0,
      "max": 0.0,
      "stdev": 0.0
    },
    "fragmentation_final": {
      "mean": 0.0,
      "min": 0.0,
      "max": 0.0,
      "stdev": 0.0
    },
    "hab0_final": {
      "mean": 0.45206837499999997,
      "min": 0.396484,
      "max": 0.517805,
      "stdev": 0.029428343970726155
    },
    "habs_final": {
      "mean": 0.3284549375,
      "min": 0.280049,
      "max": 0.366322,
      "stdev": 0.021731599718120005
    },
    "founder_count_final": {
      "mean": 9.9375,
      "min": 5.0,
      "max": 15.0,
      "stdev": 3.2106998847603307
    },
    "founder_share_final": {
      "mean": 0.028370375,
      "min": 0.01385,
      "max": 0.040761,
      "stdev": 0.00924989087013328
    },
    "median_state_age_final": {
      "mean": 1521.09375,
      "min": 1112.5,
      "max": 2015.0,
      "stdev": 222.48765546865178
    },
    "p90_state_age_final": {
      "mean": 5353.125,
      "min": 3555.0,
      "max": 6281.0,
      "stdev": 700.4680466480966
    },
    "election_count_max": {
      "mean": 71.6875,
      "min": 42.0,
      "max": 122.0,
      "stdev": 23.026394501745166
    },
    "election_count_final": {
      "mean": 34.875,
      "min": 15.0,
      "max": 64.0,
      "stdev": 12.854352375751958
    },
    "tech_cap_final": {
      "mean": 1.0,
      "min": 1.0,
      "max": 1.0,
      "stdev": 0.0
    },
    "tech_cap_p90_final": {
      "mean": 1.0,
      "min": 1.0,
      "max": 1.0,
      "stdev": 0.0
    }
  },
  "runs": [
    {
      "seed": 1,
      "max_unlocked": 43,
      "top1_max": 0.044588,
      "top1_final": 0.022718,
      "wars_active_max": 3.0,
      "major_wars_final": 0.040907,
      "civil_conflict_max": 12.0,
      "civil_conflict_final": 0.0,
      "fragmentation_max": 0.0,
      "fragmentation_final": 0.0,
      "hab0_final": 0.449056,
      "habs_final": 0.327061,
      "founder_count_final": 11.0,
      "founder_share_final": 0.032448,
      "median_state_age_final": 1770.0,
      "p90_state_age_final": 6281.0,
      "election_count_max": 42.0,
      "election_count_final": 22.0,
      "tech_cap_final": 1.0,
      "tech_cap_p90_final": 1.0
    },
    {
      "seed": 2,
      "max_unlocked": 36,
      "top1_max": 0.059964,
      "top1_final": 0.040388,
      "wars_active_max": 4.0,
      "major_wars_final": 0.044489,
      "civil_conflict_max": 15.0,
      "civil_conflict_final": 0.0,
      "fragmentation_max": 0.0,
      "fragmentation_final": 0.0,
      "hab0_final": 0.444563,
      "habs_final": 0.33616,
      "founder_count_final": 14.0,
      "founder_share_final": 0.03966,
      "median_state_age_final": 2015.0,
      "p90_state_age_final": 5763.0,
      "election_count_max": 48.0,
      "election_count_final": 17.0,
      "tech_cap_final": 1.0,
      "tech_cap_p90_final": 1.0
    },
    {
      "seed": 3,
      "max_unlocked": 42,
      "top1_max": 0.08002,
      "top1_final": 0.058884,
      "wars_active_max": 4.0,
      "major_wars_final": 0.030944,
      "civil_conflict_max": 9.0,
      "civil_conflict_final": 0.0,
      "fragmentation_max": 0.0,
      "fragmentation_final": 0.0,
      "hab0_final": 0.471186,
      "habs_final": 0.330768,
      "founder_count_final": 13.0,
      "founder_share_final": 0.040123,
      "median_state_age_final": 1597.5,
      "p90_state_age_final": 5681.5,
      "election_count_max": 42.0,
      "election_count_final": 15.0,
      "tech_cap_final": 1.0,
      "tech_cap_p90_final": 1.0
    },
    {
      "seed": 4,
      "max_unlocked": 28,
      "top1_max": 0.052566,
      "top1_final": 0.032213,
      "wars_active_max": 2.0,
      "major_wars_final": 0.033908,
      "civil_conflict_max": 9.0,
      "civil_conflict_final": 0.0,
      "fragmentation_max": 0.0,
      "fragmentation_final": 0.0,
      "hab0_final": 0.467311,
      "habs_final": 0.344979,
      "founder_count_final": 8.0,
      "founder_share_final": 0.022099,
      "median_state_age_final": 1442.5,
      "p90_state_age_final": 4610.0,
      "election_count_max": 83.0,
      "election_count_final": 44.0,
      "tech_cap_final": 1.0,
      "tech_cap_p90_final": 1.0
    },
    {
      "seed": 5,
      "max_unlocked": 28,
      "top1_max": 0.040966,
      "top1_final": 0.021515,
      "wars_active_max": 4.0,
      "major_wars_final": 0.051805,
      "civil_conflict_max": 11.0,
      "civil_conflict_final": 0.0,
      "fragmentation_max": 0.0,
      "fragmentation_final": 0.0,
      "hab0_final": 0.483038,
      "habs_final": 0.33133,
      "founder_count_final": 9.0,
      "founder_share_final": 0.02514,
      "median_state_age_final": 1700.0,
      "p90_state_age_final": 5447.5,
      "election_count_max": 79.0,
      "election_count_final": 37.0,
      "tech_cap_final": 1.0,
      "tech_cap_p90_final": 1.0
    },
    {
      "seed": 6,
      "max_unlocked": 35,
      "top1_max": 0.049279,
      "top1_final": 0.026774,
      "wars_active_max": 4.0,
      "major_wars_final": 0.038418,
      "civil_conflict_max": 9.0,
      "civil_conflict_final": 0.0,
      "fragmentation_max": 0.0,
      "fragmentation_final": 0.0,
      "hab0_final": 0.396484,
      "habs_final": 0.301281,
      "founder_count_final": 10.0,
      "founder_share_final": 0.02907,
      "median_state_age_final": 1112.5,
      "p90_state_age_final": 3555.0,
      "election_count_max": 97.0,
      "election_count_final": 41.0,
      "tech_cap_final": 1.0,
      "tech_cap_p90_final": 1.0
    },
    {
      "seed": 7,
      "max_unlocked": 36,
      "top1_max": 0.065455,
      "top1_final": 0.04316,
      "wars_active_max": 4.0,
      "major_wars_final": 0.028388,
      "civil_conflict_max": 17.0,
      "civil_conflict_final": 1.0,
      "fragmentation_max": 0.0,
      "fragmentation_final": 0.0,
      "hab0_final": 0.42732,
      "habs_final": 0.294597,
      "founder_count_final": 5.0,
      "founder_share_final": 0.01506,
      "median_state_age_final": 1620.0,
      "p90_state_age_final": 6172.0,
      "election_count_max": 56.0,
      "election_count_final": 20.0,
      "tech_cap_final": 1.0,
      "tech_cap_p90_final": 1.0
    },
    {
      "seed": 8,
      "max_unlocked": 27,
      "top1_max": 0.069342,
      "top1_final": 0.03583,
      "wars_active_max": 3.0,
      "major_wars_final": 0.033457,
      "civil_conflict_max": 7.0,
      "civil_conflict_final": 0.0,
      "fragmentation_max": 0.0,
      "fragmentation_final": 0.0,
      "hab0_final": 0.432319,
      "habs_final": 0.318917,
      "founder_count_final": 6.0,
      "founder_share_final": 0.016997,
      "median_state_age_final": 1630.0,
      "p90_state_age_final": 4615.0,
      "election_count_max": 44.0,
      "election_count_final": 26.0,
      "tech_cap_final": 1.0,
      "tech_cap_p90_final": 1.0
    },
    {
      "seed": 9,
      "max_unlocked": 33,
      "top1_max": 0.04457,
      "top1_final": 0.035471,
      "wars_active_max": 4.0,
      "major_wars_final": 0.052361,
      "civil_conflict_max": 12.0,
      "civil_conflict_final": 0.0,
      "fragmentation_max": 0.0,