{
  "iteration": 1,
  "subsystem_group": "tech",
  "selected_lane": "explore",
  "lane_scout": [
    {
      "lane": "exploit",
      "group": "food",
      "path": "food.baseForaging",
      "old": 19.5,
      "new": 21.0,
      "scout_objective": 87.03560933102594,
      "scout_delta_vs_incumbent": -1.197189794013525,
      "scout_paired": {
        "n": 2,
        "mean_diff": -1.197189794013525,
        "std_diff": 0.2138965664883301,
        "stderr": 0.15124771263641745,
        "z": 1.96,
        "lcb": -1.493635310780903,
        "ucb": -0.9007442772461468
      }
    },
    {
      "lane": "explore",
      "group": "tech",
      "path": "tech.diffusionBase",
      "old": 0.015,
      "new": 0.016,
      "scout_objective": 87.95675570055991,
      "scout_delta_vs_incumbent": -0.2760434244795533,
      "scout_paired": {
        "n": 2,
        "mean_diff": -0.2760434244795462,
        "std_diff": 0.31599302200898904,
        "stderr": 0.2234408086701861,
        "z": 1.96,
        "lcb": -0.7139874094731109,
        "ucb": 0.16190056051401852
      }
    }
  ],
  "parameter_edits": [
    {
      "path": "tech.diffusionBase",
      "old": 0.015,
      "new": 0.016,
      "recommended_step": 0.001,
      "direction": 1
    }
  ],
  "top_violations_before": [
    "DEPLETION_IGNORED"
  ],
  "top_violations_after": [],
  "top_violations_after_long": null,
  "objective_tuning": 87.95675570055991,
  "objective_tuning_inner": 87.95675570055991,
  "objective_tuning_medium": null,
  "objective_tuning_long": null,
  "score_delta": -0.2760434244795533,
  "score_delta_inner": -0.2760434244795533,
  "score_delta_medium": null,
  "racing": {
    "enabled": true,
    "stages": [
      {
        "stage_seed_count": 2,
        "candidate_objective": 87.95675570055991,
        "incumbent_objective": 88.23279912503946,
        "objective_delta": -0.2760434244795533,
        "paired": {
          "n": 2,
          "mean_diff": -0.2760434244795462,
          "std_diff": 0.31599302200898904,
          "stderr": 0.2234408086701861,
          "z": 1.96,
          "lcb": -0.7139874094731109,
          "ucb": 0.16190056051401852
        }
      }
    ],
    "early_reject": true,
    "early_reject_reason": "OBJECTIVE_MARGIN"
  },
  "paired_stats": {
    "inner": {
      "n": 2,
      "mean_diff": -0.2760434244795462,
      "std_diff": 0.31599302200898904,
      "stderr": 0.2234408086701861,
      "z": 1.96,
      "lcb": -0.7139874094731109,
      "ucb": 0.16190056051401852
    },
    "long": {
      "n": 0,
      "lcb": 0.0,
      "ucb": 0.0
    },
    "holdout": {
      "n": 0,
      "lcb": 0.0,
      "ucb": 0.0
    }
  },
  "gates": {
    "metric_availability": true,
    "canary_pass": false,
    "backend_parity_pass": false,
    "medium_required": false,
    "medium_pass": true,
    "long_ran": false,
    "holdout_pass": false,
    "tuning_hardfails": [],
    "medium_hardfails": [],
    "medium_holdout_hardfails": [],
    "long_hardfails": [],
    "holdout_hardfails": []
  },
  "holdout_objective": null,
  "accepted": false,
  "best_so_far": {
    "objective": 89.77825944745751,
    "holdout_objective": 90.06853769648532,
    "config_path": "/mnt/c/WS/WorldSimulation10028/out/fine_tuning_struct_step13/best_sim_config.toml",
    "config_hash16": "62be78b2205646c3"
  },
  "canary_detail": [],
  "parity_detail": [],
  "curriculum": {
    "enabled": true,
    "inner_end_year": -1000,
    "medium_end_year": 1,
    "long_end_year": 2025
  }
}