year,worldPopulation,urbanShare,medianCountryPop,medianCountryArea,warFrequencyPerCentury,tradeIntensity,tradeActivePairShare,capabilityTier1Share,capabilityTier2Share,capabilityTier3Share,collapseCount,foodSecurityMean,foodSecurityP10,diseaseBurdenMean,diseaseBurdenP90,stabilityMean,stabilityP10,legitimacyMean,legitimacyP10,lowStabilityPopShare,lowLegitimacyPopShare
-5000,16904129.000000,0.024569,156000.500000,425.000000,0.000000,0.001775,0.000808,0.000000,0.000000,0.000000,7,0.992882,1.000000,0.000155,0.000157,0.979213,0.951250,0.704096,0.700720,0.000000,0.000000
-4980,18725301.000000,0.027459,167622.000000,386.000000,0.000000,0.000000,0.000000,0.000000,0.000000,0.000000,25,0.926718,0.717144,0.000085,0.000141,0.927542,0.900000,0.695605,0.428760,0.000000,0.039095
