{
  "violations": [
    {
      "id": "STORAGE_SMOOTHING_CHEAT",
      "severity": 99.43847097666666,
      "hardfail": false,
      "details": {
        "adequacy_var": 1.4038225583333256e-05,
        "loss_share": 0.03950099634796276
      }
    }
  ]
}