{
  "violations": [
    {
      "id": "STORAGE_SMOOTHING_CHEAT",
      "severity": 99.37587777777777,
      "hardfail": false,
      "details": {
        "adequacy_var": 1.5603055555555686e-05,
        "loss_share": 0.013928596181294937
      }
    }
  ]
}