{
  "run_count": 4,
  "weights": {
    "food_stability": 1.0,
    "innovation_urban": 1.0,
    "empire_logistics": 1.0,
    "disease_transition": 1.0,
    "trade_inequality": 1.0,
    "variance_penalty": 1.0,
    "brittleness_penalty": 1.0
  },
  "median_run_score": 0.5883064863024726,
  "stdev_run_score": 0.06773222774629603,
  "variance_penalty": 0.4515481849753069,
  "brittleness_penalty": 0.8511327349235094,
  "aggregate_score": 0.3277703023227093,
  "runs": [
    {
      "run": "out/tune_trial2b/seed_101",
      "food_stability": 0.6089449911109318,
      "innovation_urban": 0.5980152803360101,
      "empire_logistics": 0.833973008368476,
      "disease_transition": 0.4508967050417217,
      "trade_inequality": 0.5,
      "run_score": 0.5983659969714279
    },
    {
      "run": "out/tune_trial2b/seed_202",
      "food_stability": 0.6862238168766188,
      "innovation_urban": 0.5731057311201454,
      "empire_logistics": 0.8686915375685874,
      "disease_transition": 0.43373703171968,
      "trade_inequality": 0.5,
      "run_score": 0.6123516234570063
    },
    {
      "run": "out/tune_trial2b/seed_303",
      "food_stability": 0.47317762150223613,
      "innovation_urban": 0.5824605845911726,
      "empire_logistics": 0.21004437548233043,
      "disease_transition": 0.4464493815987559,
      "trade_inequality": 0.5,
      "run_score": 0.442426392634899
    },
    {
      "run": "out/tune_trial2b/seed_404",
      "food_stability": 0.5693354661107236,
      "innovation_urban": 0.5402579133394495,
      "empire_logistics": 0.8488856258475775,
      "disease_transition": 0.448282729556616,
      "trade_inequality": 0.48447314331322044,
      "run_score": 0.5782469756335173
    }
  ]
}