year,worldPopulation,urbanShare,medianCountryPop,medianCountryArea,warFrequencyPerCentury,tradeIntensity,tradeActivePairShare,capabilityTier1Share,capabilityTier2Share,capabilityTier3Share,collapseCount,foodSecurityMean,foodSecurityP10,diseaseBurdenMean,diseaseBurdenP90,stabilityMean,stabilityP10,legitimacyMean,legitimacyP10,lowStabilityPopShare,lowLegitimacyPopShare
-5000,5394772.000000,0.026063,31774.000000,93.000000,0.000000,0.000253,0.000707,0.000000,0.000000,0.000000,0,1.000000,1.000000,0.000617,0.000624,0.998925,0.998700,0.704709,0.703400,0.000000,0.000000
-4980,6199041.000000,0.029215,37084.500000,101.000000,0.000000,0.000973,0.000303,0.000000,0.000000,0.000000,0,0.963347,0.836195,0.000039,0.000038,0.987631,0.991230,0.760395,0.635300,0.000000,0.032116
-4960,6779356.000000,0.029141,38981.000000,119.000000,0.000000,0.000609,0.000198,0.000000,0.000000,0.000000,10,0.966278,0.833992,0.000040,0.000045,0.936102,0.846600,0.752703,0.450000,0.019983,0.019983
