year,event_type,country_index,country_name,country_culture,tech_id,tech_name,total_unlocked_techs
-5000,initial,0,North surnaltan Tribe,Indic Riverine,100,Cordage and Knots,19
-5000,initial,0,North surnaltan Tribe,Indic Riverine,101,Hide Working and Tailored Clothing,19
-5000,initial,0,North surnaltan Tribe,Indic Riverine,102,Hafted Stone Tools,19
-5000,initial,0,North surnaltan Tribe,Indic Riverine,105,Food Preservation,19
-5000,initial,0,North surnaltan Tribe,Indic Riverine,106,Storage Pits and Containers,19
-5000,initial,0,North surnaltan Tribe,Indic Riverine,107,Seasonal Aggregation Camps,19
-5000,initial,0,North surnaltan Tribe,Indic Riverine,110,Dog Domestication,19
-5000,initial,0,North surnaltan Tribe,Indic Riverine,111,Grinding Stones,19
-5000,initial,0,North surnaltan Tribe,Indic Riverine,112,Proto-cultivation,19
-5000,initial,0,North surnaltan Tribe,Indic Riverine,113,Sedentism,19
-5000,initial,0,North surnaltan Tribe,Indic Riverine,114,Enclosures and Herd Management,19
-5000,initial,0,North surnaltan Tribe,Indic Riverine,115,Counting Tokens and Tallies,19
-5000,initial,0,North surnaltan Tribe,Indic Riverine,116,Charcoal Firing,19
-5000,initial,0,North surnaltan Tribe,Indic Riverine,1,Pottery,19
-5000,initial,0,North surnaltan Tribe,Indic Riverine,2,Animal Husbandry,19
-5000,initial,0,North surnaltan Tribe,Indic Riverine,4,Mining,19
-5000,initial,0,North surnaltan Tribe,Indic Riverine,20,Agriculture,19
-5000,initial,0,North surnaltan Tribe,Indic Riverine,3,Archery,19
-5000,initial,0,North surnaltan Tribe,Indic Riverine,6,Calendar,19
-5000,initial,1,Great ravardesh Tribe,Indic Riverine,100,Cordage and Knots,19
-5000,initial,1,Great ravardesh Tribe,Indic Riverine,101,Hide Working and Tailored Clothing,19
-5000,initial,1,Great ravardesh Tribe,Indic Riverine,102,Hafted Stone Tools,19
-5000,initial,1,Great ravardesh Tribe,Indic Riverine,105,Food Preservation,19
-5000,initial,1,Great ravardesh Tribe,Indic Riverine,106,Storage Pits and Containers,19
-5000,initial,1,Great ravardesh Tribe,Indic Riverine,107,Seasonal Aggregation Camps,19
-5000,initial,1,Great ravardesh Tribe,Indic Riverine,110,Dog Domestication,19
-5000,initial,1,Great ravardesh Tribe,Indic Riverine,111,Grinding Stones,19
-5000,initial,1,Great ravardesh Tribe,Indic Riverine,112,Proto-cultivation,19
-5000,initial,1,Great ravardesh Tribe,Indic Riverine,113,Sedentism,19
-5000,initial,1,Great ravardesh Tribe,Indic Riverine,114,Enclosures and Herd Management,19
-5000,initial,1,Great ravardesh Tribe,Indic Riverine,115,Counting Tokens and Tallies,19
-5000,initial,1,Great ravardesh Tribe,Indic Riverine,116,Charcoal Firing,19
-5000,initial,1,Great ravardesh Tribe,Indic Riverine,1,Pottery,19
-5000,initial,1,Great ravardesh Tribe,Indic Riverine,2,Animal Husbandry,19
-5000,initial,1,Great ravardesh Tribe,Indic Riverine,4,Mining,19
-5000,initial,1,Great ravardesh Tribe,Indic Riverine,20,Agriculture,19
-5000,initial,1,Great ravardesh Tribe,Indic Riverine,3,Archery,19
-5000,initial,1,Great ravardesh Tribe,Indic Riverine,6,Calendar,19
-5000,initial,2,New dravartana Tribe,Indic Riverine,100,Cordage and Knots,19
-5000,initial,2,New dravartana Tribe,Indic Riverine,101,Hide Working and Tailored Clothing,19
-5000,initial,2,New dravartana Tribe,Indic Riverine,102,Hafted Stone Tools,19
-5000,initial,2,New dravartana Tribe,Indic Riverine,105,Food Preservation,19
-5000,initial,2,New dravartana Tribe,Indic Riverine,106,Storage Pits and Containers,19
-5000,initial,2,New dravartana Tribe,Indic Riverine,107,Seasonal Aggregation Camps,19
-5000,initial,2,New dravartana Tribe,Indic Riverine,110,Dog Domestication,19
-5000,initial,2,New dravartana Tribe,Indic Riverine,111,Grinding Stones,19
-5000,initial,2,New dravartana Tribe,Indic Riverine,112,Proto-cultivation,19
-5000,initial,2,New dravartana Tribe,Indic Riverine,113,Sedentism,19
-5000,initial,2,New dravartana Tribe,Indic Riverine,114,Enclosures and Herd Management,19
-5000,initial,2,New dravartana Tribe,Indic Riverine,115,Counting Tokens and Tallies,19
-5000,initial,2,New dravartana Tribe,Indic Riverine,116,Charcoal Firing,19
-5000,initial,2,New dravartana Tribe,Indic Riverine,1,Pottery,19
-5000,initial,2,New dravartana Tribe,Indic Riverine,2,Animal Husbandry,19
-5000,initial,2,New dravartana Tribe,Indic Riverine,4,Mining,19
-5000,initial,2,New dravartana Tribe,Indic Riverine,20,Agriculture,19
-5000,initial,2,New dravartana Tribe,Indic Riverine,3,Archery,19
-5000,initial,2,New dravartana Tribe,Indic Riverine,6,Calendar,19
-5000,initial,3,Old kandramit Tribe,Indic Riverine,100,Cordage and Knots,19
-5000,initial,3,Old kandramit Tribe,Indic Riverine,101,Hide Working and Tailored Clothing,19
-5000,initial,3,Old kandramit Tribe,Indic Riverine,102,Hafted Stone Tools,19
-5000,initial,3,Old kandramit Tribe,Indic Riverine,105,Food Preservation,19
-5000,initial,3,Old kandramit Tribe,Indic Riverine,106,Storage Pits and Containers,19
-5000,initial,3,Old kandramit Tribe,Indic Riverine,107,Seasonal Aggregation Camps,19
-5000,initial,3,Old kandramit Tribe,Indic Riverine,110,Dog Domestication,19
-5000,initial,3,Old kandramit Tribe,Indic Riverine,111,Grinding Stones,19
-5000,initial,3,Old kandramit Tribe,Indic Riverine,112,Proto-cultivation,19
-5000,initial,3,Old kandramit Tribe,Indic Riverine,113,Sedentism,19
-5000,initial,3,Old kandramit Tribe,Indic Riverine,114,Enclosures and Herd Management,19
-5000,initial,3,Old kandramit Tribe,Indic Riverine,115,Counting Tokens and Tallies,19
-5000,initial,3,Old kandramit Tribe,Indic Riverine,116,Charcoal Firing,19
-5000,initial,3,Old kandramit Tribe,Indic Riverine,1,Pottery,19
-5000,initial,3,Old kandramit Tribe,Indic Riverine,2,Animal Husbandry,19
-5000,initial,3,Old kandramit Tribe,Indic Riverine,4,Mining,19
-5000,initial,3,Old kandramit Tribe,Indic Riverine,20,Agriculture,19
-5000,initial,3,Old kandramit Tribe,Indic Riverine,3,Archery,19
-5000,initial,3,Old kandramit Tribe,Indic Riverine,6,Calendar,19
-5000,initial,4,Great nalshasurnagar Tribe,Indic Riverine,100,Cordage and Knots,19
-5000,initial,4,Great nalshasurnagar Tribe,Indic Riverine,101,Hide Working and Tailored Clothing,19
-5000,initial,4,Great nalshasurnagar Tribe,Indic Riverine,102,Hafted Stone Tools,19
-5000,initial,4,Great nalshasurnagar Tribe,Indic Riverine,105,Food Preservation,19
-5000,initial,4,Great nalshasurnagar Tribe,Indic Riverine,106,Storage Pits and Containers,19
-5000,initial,4,Great nalshasurnagar Tribe,Indic Riverine,107,Seasonal Aggregation Camps,19
-5000,initial,4,Great nalshasurnagar Tribe,Indic Riverine,110,Dog Domestication,19
-5000,initial,4,Great nalshasurnagar Tribe,Indic Riverine,111,Grinding Stones,19
-5000,initial,4,Great nalshasurnagar Tribe,Indic Riverine,112,Proto-cultivation,19
-5000,initial,4,Great nalshasurnagar Tribe,Indic Riverine,113,Sedentism,19
-5000,initial,4,Great nalshasurnagar Tribe,Indic Riverine,114,Enclosures and Herd Management,19
-5000,initial,4,Great nalshasurnagar Tribe,Indic Riverine,115,Counting Tokens and Tallies,19
-5000,initial,4,Great nalshasurnagar Tribe,Indic Riverine,116,Charcoal Firing,19
-5000,initial,4,Great nalshasurnagar Tribe,Indic Riverine,1,Pottery,19
-5000,initial,4,Great nalshasurnagar Tribe,Indic Riverine,2,Animal Husbandry,19
-5000,initial,4,Great nalshasurnagar Tribe,Indic Riverine,4,Mining,19
-5000,initial,4,Great nalshasurnagar Tribe,Indic Riverine,20,Agriculture,19
-5000,initial,4,Great nalshasurnagar Tribe,Indic Riverine,3,Archery,19
-5000,initial,4,Great nalshasurnagar Tribe,Indic Riverine,6,Calendar,19
-5000,initial,5,Great drasha Tribe,Indic Riverine,100,Cordage and Knots,19
-5000,initial,5,Great drasha Tribe,Indic Riverine,101,Hide Working and Tailored Clothing,19
-5000,initial,5,Great drasha Tribe,Indic Riverine,102,Hafted Stone Tools,19
-5000,initial,5,Great drasha Tribe,Indic Riverine,105,Food Preservation,19
-5000,initial,5,Great drasha Tribe,Indic Riverine,106,Storage Pits and Containers,19
-5000,initial,5,Great drasha Tribe,Indic Riverine,107,Seasonal Aggregation Camps,19
-5000,initial,5,Great drasha Tribe,Indic Riverine,110,Dog Domestication,19
-5000,initial,5,Great drasha Tribe,Indic Riverine,111,Grinding Stones,19
-5000,initial,5,Great drasha Tribe,Indic Riverine,112,Proto-cultivation,19
-5000,initial,5,Great drasha Tribe,Indic Riverine,113,Sedentism,19
-5000,initial,5,Great drasha Tribe,Indic Riverine,114,Enclosures and Herd Management,19
-5000,initial,5,Great drasha Tribe,Indic Riverine,115,Counting Tokens and Tallies,19
-5000,initial,5,Great drasha Tribe,Indic Riverine,116,Charcoal Firing,19
-5000,initial,5,Great drasha Tribe,Indic Riverine,1,Pottery,19
-5000,initial,5,Great drasha Tribe,Indic Riverine,2,Animal Husbandry,19
-5000,initial,5,Great drasha Tribe,Indic Riverine,4,Mining,19
-5000,initial,5,Great drasha Tribe,Indic Riverine,20,Agriculture,19
-5000,initial,5,Great drasha Tribe,Indic Riverine,3,Archery,19
-5000,initial,5,Great drasha Tribe,Indic Riverine,6,Calendar,19
-5000,initial,6,Great dradrakandesh Tribe,Indic Riverine,100,Cordage and Knots,19
-5000,initial,6,Great dradrakandesh Tribe,Indic Riverine,101,Hide Working and Tailored Clothing,19
-5000,initial,6,Great dradrakandesh Tribe,Indic Riverine,102,Hafted Stone Tools,19
-5000,initial,6,Great dradrakandesh Tribe,Indic Riverine,105,Food Preservation,19
-5000,initial,6,Great dradrakandesh Tribe,Indic Riverine,106,Storage Pits and Containers,19
-5000,initial,6,Great dradrakandesh Tribe,Indic Riverine,107,Seasonal Aggregation Camps,19
-5000,initial,6,Great dradrakandesh Tribe,Indic Riverine,110,Dog Domestication,19
-5000,initial,6,Great dradrakandesh Tribe,Indic Riverine,111,Grinding Stones,19
-5000,initial,6,Great dradrakandesh Tribe,Indic Riverine,112,Proto-cultivation,19
-5000,initial,6,Great dradrakandesh Tribe,Indic Riverine,113,Sedentism,19
-5000,initial,6,Great dradrakandesh Tribe,Indic Riverine,114,Enclosures and Herd Management,19
-5000,initial,6,Great dradrakandesh Tribe,Indic Riverine,115,Counting Tokens and Tallies,19
-5000,initial,6,Great dradrakandesh Tribe,Indic Riverine,116,Charcoal Firing,19
-5000,initial,6,Great dradrakandesh Tribe,Indic Riverine,1,Pottery,19
-5000,initial,6,Great dradrakandesh Tribe,Indic Riverine,2,Animal Husbandry,19
-5000,initial,6,Great dradrakandesh Tribe,Indic Riverine,4,Mining,19
-5000,initial,6,Great dradrakandesh Tribe,Indic Riverine,20,Agriculture,19
-5000,initial,6,Great dradrakandesh Tribe,Indic Riverine,3,Archery,19
-5000,initial,6,Great dradrakandesh Tribe,Indic Riverine,6,Calendar,19
-5000,initial,7,Mitvar Tribe,Indic Riverine,100,Cordage and Knots,19
-5000,initial,7,Mitvar Tribe,Indic Riverine,101,Hide Working and Tailored Clothing,19
-5000,initial,7,Mitvar Tribe,Indic Riverine,102,Hafted Stone Tools,19
-5000,initial,7,Mitvar Tribe,Indic Riverine,105,Food Preservation,19
-5000,initial,7,Mitvar Tribe,Indic Riverine,106,Storage Pits and Containers,19
-5000,initial,7,Mitvar Tribe,Indic Riverine,107,Seasonal Aggregation Camps,19
-5000,initial,7,Mitvar Tribe,Indic Riverine,110,Dog Domestication,19
-5000,initial,7,Mitvar Tribe,Indic Riverine,111,Grinding Stones,19
-5000,initial,7,Mitvar Tribe,Indic Riverine,112,Proto-cultivation,19
-5000,initial,7,Mitvar Tribe,Indic Riverine,113,Sedentism,19
-5000,initial,7,Mitvar Tribe,Indic Riverine,114,Enclosures and Herd Management,19
-5000,initial,7,Mitvar Tribe,Indic Riverine,115,Counting Tokens and Tallies,19
-5000,initial,7,Mitvar Tribe,Indic Riverine,116,Charcoal Firing,19
-5000,initial,7,Mitvar Tribe,Indic Riverine,1,Pottery,19
-5000,initial,7,Mitvar Tribe,Indic Riverine,2,Animal Husbandry,19
-5000,initial,7,Mitvar Tribe,Indic Riverine,4,Mining,19
-5000,initial,7,Mitvar Tribe,Indic Riverine,20,Agriculture,19
-5000,initial,7,Mitvar Tribe,Indic Riverine,3,Archery,19
-5000,initial,7,Mitvar Tribe,Indic Riverine,6,Calendar,19
-5000,initial,8,Shavar Tribe,Indic Riverine,100,Cordage and Knots,19
-5000,initial,8,Shavar Tribe,Indic Riverine,101,Hide Working and Tailored Clothing,19
-5000,initial,8,Shavar Tribe,Indic Riverine,102,Hafted Stone Tools,19
-5000,initial,8,Shavar Tribe,Indic Riverine,105,Food Preservation,19
-5000,initial,8,Shavar Tribe,Indic Riverine,106,Storage Pits and Containers,19
-5000,initial,8,Shavar Tribe,Indic Riverine,107,Seasonal Aggregation Camps,19
-5000,initial,8,Shavar Tribe,Indic Riverine,110,Dog Domestication,19
-5000,initial,8,Shavar Tribe,Indic Riverine,111,Grinding Stones,19
-5000,initial,8,Shavar Tribe,Indic Riverine,112,Proto-cultivation,19
-5000,initial,8,Shavar Tribe,Indic Riverine,113,Sedentism,19
-5000,initial,8,Shavar Tribe,Indic Riverine,114,Enclosures and Herd Management,19
-5000,initial,8,Shavar Tribe,Indic Riverine,115,Counting Tokens and Tallies,19
-5000,initial,8,Shavar Tribe,Indic Riverine,116,Charcoal Firing,19
-5000,initial,8,Shavar Tribe,Indic Riverine,1,Pottery,19
-5000,initial,8,Shavar Tribe,Indic Riverine,2,Animal Husbandry,19
-5000,initial,8,Shavar Tribe,Indic Riverine,4,Mining,19
-5000,initial,8,Shavar Tribe,Indic Riverine,20,Agriculture,19
-5000,initial,8,Shavar Tribe,Indic Riverine,3,Archery,19
-5000,initial,8,Shavar Tribe,Indic Riverine,6,Calendar,19
-5000,initial,9,Mitnaldesh Tribe,Indic Riverine,100,Cordage and Knots,19
-5000,initial,9,Mitnaldesh Tribe,Indic Riverine,101,Hide Working and Tailored Clothing,19
-5000,initial,9,Mitnaldesh Tribe,Indic Riverine,102,Hafted Stone Tools,19
-5000,initial,9,Mitnaldesh Tribe,Indic Riverine,105,Food Preservation,19
-5000,initial,9,Mitnaldesh Tribe,Indic Riverine,106,Storage Pits and Containers,19
-5000,initial,9,Mitnaldesh Tribe,Indic Riverine,107,Seasonal Aggregation Camps,19
-5000,initial,9,Mitnaldesh Tribe,Indic Riverine,110,Dog Domestication,19
-5000,initial,9,Mitnaldesh Tribe,Indic Riverine,111,Grinding Stones,19
-5000,initial,9,Mitnaldesh Tribe,Indic Riverine,112,Proto-cultivation,19
-5000,initial,9,Mitnaldesh Tribe,Indic Riverine,113,Sedentism,19
-5000,initial,9,Mitnaldesh Tribe,Indic Riverine,114,Enclosures and Herd Management,19
-5000,initial,9,Mitnaldesh Tribe,Indic Riverine,115,Counting Tokens and Tallies,19
-5000,initial,9,Mitnaldesh Tribe,Indic Riverine,116,Charcoal Firing,19
-5000,initial,9,Mitnaldesh Tribe,Indic Riverine,1,Pottery,19
-5000,initial,9,Mitnaldesh Tribe,Indic Riverine,2,Animal Husbandry,19
-5000,initial,9,Mitnaldesh Tribe,Indic Riverine,4,Mining,19
-5000,initial,9,Mitnaldesh Tribe,Indic Riverine,20,Agriculture,19
-5000,initial,9,Mitnaldesh Tribe,Indic Riverine,3,Archery,19
-5000,initial,9,Mitnaldesh Tribe,Indic Riverine,6,Calendar,19
-5000,initial,10,New ranalsurnagar Tribe,Indic Riverine,100,Cordage and Knots,19
-5000,initial,10,New ranalsurnagar Tribe,Indic Riverine,101,Hide Working and Tailored Clothing,19
-5000,initial,10,New ranalsurnagar Tribe,Indic Riverine,102,Hafted Stone Tools,19
-5000,initial,10,New ranalsurnagar Tribe,Indic Riverine,105,Food Preservation,19
-5000,initial,10,New ranalsurnagar Tribe,Indic Riverine,106,Storage Pits and Containers,19
-5000,initial,10,New ranalsurnagar Tribe,Indic Riverine,107,Seasonal Aggregation Camps,19
-5000,initial,10,New ranalsurnagar Tribe,Indic Riverine,110,Dog Domestication,19
-5000,initial,10,New ranalsurnagar Tribe,Indic Riverine,111,Grinding Stones,19
-5000,initial,10,New ranalsurnagar Tribe,Indic Riverine,112,Proto-cultivation,19
-5000,initial,10,New ranalsurnagar Tribe,Indic Riverine,113,Sedentism,19
-5000,initial,10,New ranalsurnagar Tribe,Indic Riverine,114,Enclosures and Herd Management,19
-5000,initial,10,New ranalsurnagar Tribe,Indic Riverine,115,Counting Tokens and Tallies,19
-5000,initial,10,New ranalsurnagar Tribe,Indic Riverine,116,Charcoal Firing,19
-5000,initial,10,New ranalsurnagar Tribe,Indic Riverine,1,Pottery,19
-5000,initial,10,New ranalsurnagar Tribe,Indic Riverine,2,Animal Husbandry,19
-5000,initial,10,New ranalsurnagar Tribe,Indic Riverine,4,Mining,19
-5000,initial,10,New ranalsurnagar Tribe,Indic Riverine,20,Agriculture,19
-5000,initial,10,New ranalsurnagar Tribe,Indic Riverine,3,Archery,19
-5000,initial,10,New ranalsurnagar Tribe,Indic Riverine,6,Calendar,19
-5000,initial,11,Old kannaldesh Tribe,Indic Riverine,100,Cordage and Knots,19
-5000,initial,11,Old kannaldesh Tribe,Indic Riverine,101,Hide Working and Tailored Clothing,19
-5000,initial,11,Old kannaldesh Tribe,Indic Riverine,102,Hafted Stone Tools,19
-5000,initial,11,Old kannaldesh Tribe,Indic Riverine,105,Food Preservation,19
-5000,initial,11,Old kannaldesh Tribe,Indic Riverine,106,Storage Pits and Containers,19
-5000,initial,11,Old kannaldesh Tribe,Indic Riverine,107,Seasonal Aggregation Camps,19
-5000,initial,11,Old kannaldesh Tribe,Indic Riverine,110,Dog Domestication,19
-5000,initial,11,Old kannaldesh Tribe,Indic Riverine,111,Grinding Stones,19
-5000,initial,11,Old kannaldesh Tribe,Indic Riverine,112,Proto-cultivation,19
-5000,initial,11,Old kannaldesh Tribe,Indic Riverine,113,Sedentism,19
-5000,initial,11,Old kannaldesh Tribe,Indic Riverine,114,Enclosures and Herd Management,19
-5000,initial,11,Old kannaldesh Tribe,Indic Riverine,115,Counting Tokens and Tallies,19
-5000,initial,11,Old kannaldesh Tribe,Indic Riverine,116,Charcoal Firing,19
-5000,initial,11,Old kannaldesh Tribe,Indic Riverine,1,Pottery,19
-5000,initial,11,Old kannaldesh Tribe,Indic Riverine,2,Animal Husbandry,19
-5000,initial,11,Old kannaldesh Tribe,Indic Riverine,4,Mining,19
-5000,initial,11,Old kannaldesh Tribe,Indic Riverine,20,Agriculture,19
-5000,initial,11,Old kannaldesh Tribe,Indic Riverine,3,Archery,19
-5000,initial,11,Old kannaldesh Tribe,Indic Riverine,6,Calendar,19
-5000,initial,14,Great qintailinling Tribe,East Riverine,100,Cordage and Knots,19
-5000,initial,14,Great qintailinling Tribe,East Riverine,101,Hide Working and Tailored Clothing,19
-5000,initial,14,Great qintailinling Tribe,East Riverine,102,Hafted Stone Tools,19
-5000,initial,14,Great qintailinling Tribe,East Riverine,105,Food Preservation,19
-5000,initial,14,Great qintailinling Tribe,East Riverine,106,Storage Pits and Containers,19
-5000,initial,14,Great qintailinling Tribe,East Riverine,107,Seasonal Aggregation Camps,19
-5000,initial,14,Great qintailinling Tribe,East Riverine,110,Dog Domestication,19
-5000,initial,14,Great qintailinling Tribe,East Riverine,111,Grinding Stones,19
-5000,initial,14,Great qintailinling Tribe,East Riverine,112,Proto-cultivation,19
-5000,initial,14,Great qintailinling Tribe,East Riverine,113,Sedentism,19
-5000,initial,14,Great qintailinling Tribe,East Riverine,114,Enclosures and Herd Management,19
-5000,initial,14,Great qintailinling Tribe,East Riverine,115,Counting Tokens and Tallies,19
-5000,initial,14,Great qintailinling Tribe,East Riverine,116,Charcoal Firing,19
-5000,initial,14,Great qintailinling Tribe,East Riverine,1,Pottery,19
-5000,initial,14,Great qintailinling Tribe,East Riverine,2,Animal Husbandry,19
-5000,initial,14,Great qintailinling Tribe,East Riverine,4,Mining,19
-5000,initial,14,Great qintailinling Tribe,East Riverine,20,Agriculture,19
-5000,initial,14,Great qintailinling Tribe,East Riverine,3,Archery,19
-5000,initial,14,Great qintailinling Tribe,East Riverine,6,Calendar,19
-5000,initial,15,New xialishan Tribe,East Riverine,100,Cordage and Knots,19
-5000,initial,15,New xialishan Tribe,East Riverine,101,Hide Working and Tailored Clothing,19
-5000,initial,15,New xialishan Tribe,East Riverine,102,Hafted Stone Tools,19
-5000,initial,15,New xialishan Tribe,East Riverine,105,Food Preservation,19
-5000,initial,15,New xialishan Tribe,East Riverine,106,Storage Pits and Containers,19
-5000,initial,15,New xialishan Tribe,East Riverine,107,Seasonal Aggregation Camps,19
-5000,initial,15,New xialishan Tribe,East Riverine,110,Dog Domestication,19
-5000,initial,15,New xialishan Tribe,East Riverine,111,Grinding Stones,19
-5000,initial,15,New xialishan Tribe,East Riverine,112,Proto-cultivation,19
-5000,initial,15,New xialishan Tribe,East Riverine,113,Sedentism,19
-5000,initial,15,New xialishan Tribe,East Riverine,114,Enclosures and Herd Management,19
-5000,initial,15,New xialishan Tribe,East Riverine,115,Counting Tokens and Tallies,19
-5000,initial,15,New xialishan Tribe,East Riverine,116,Charcoal Firing,19
-5000,initial,15,New xialishan Tribe,East Riverine,1,Pottery,19
-5000,initial,15,New xialishan Tribe,East Riverine,2,Animal Husbandry,19
-5000,initial,15,New xialishan Tribe,East Riverine,4,Mining,19
-5000,initial,15,New xialishan Tribe,East Riverine,20,Agriculture,19
-5000,initial,15,New xialishan Tribe,East Riverine,3,Archery,19
-5000,initial,15,New xialishan Tribe,East Riverine,6,Calendar,19
-5000,initial,16,South minzhoshan Tribe,East Riverine,100,Cordage and Knots,19
-5000,initial,16,South minzhoshan Tribe,East Riverine,101,Hide Working and Tailored Clothing,19
-5000,initial,16,South minzhoshan Tribe,East Riverine,102,Hafted Stone Tools,19
-5000,initial,16,South minzhoshan Tribe,East Riverine,105,Food Preservation,19
-5000,initial,16,South minzhoshan Tribe,East Riverine,106,Storage Pits and Containers,19
-5000,initial,16,South minzhoshan Tribe,East Riverine,107,Seasonal Aggregation Camps,19
-5000,initial,16,South minzhoshan Tribe,East Riverine,110,Dog Domestication,19
-5000,initial,16,South minzhoshan Tribe,East Riverine,111,Grinding Stones,19
-5000,initial,16,South minzhoshan Tribe,East Riverine,112,Proto-cultivation,19
-5000,initial,16,South minzhoshan Tribe,East Riverine,113,Sedentism,19
-5000,initial,16,South minzhoshan Tribe,East Riverine,114,Enclosures and Herd Management,19
-5000,initial,16,South minzhoshan Tribe,East Riverine,115,Counting Tokens and Tallies,19
-5000,initial,16,South minzhoshan Tribe,East Riverine,116,Charcoal Firing,19
-5000,initial,16,South minzhoshan Tribe,East Riverine,1,Pottery,19
-5000,initial,16,South minzhoshan Tribe,East Riverine,2,Animal Husbandry,19
-5000,initial,16,South minzhoshan Tribe,East Riverine,4,Mining,19
-5000,initial,16,South minzhoshan Tribe,East Riverine,20,Agriculture,19
-5000,initial,16,South minzhoshan Tribe,East Riverine,3,Archery,19
-5000,initial,16,South minzhoshan Tribe,East Riverine,6,Calendar,19
-5000,initial,17,North qintaishan Tribe,East Riverine,100,Cordage and Knots,19
-5000,initial,17,North qintaishan Tribe,East Riverine,101,Hide Working and Tailored Clothing,19
-5000,initial,17,North qintaishan Tribe,East Riverine,102,Hafted Stone Tools,19
-5000,initial,17,North qintaishan Tribe,East Riverine,105,Food Preservation,19
-5000,initial,17,North qintaishan Tribe,East Riverine,106,Storage Pits and Containers,19
-5000,initial,17,North qintaishan Tribe,East Riverine,107,Seasonal Aggregation Camps,19
-5000,initial,17,North qintaishan Tribe,East Riverine,110,Dog Domestication,19
-5000,initial,17,North qintaishan Tribe,East Riverine,111,Grinding Stones,19
-5000,initial,17,North qintaishan Tribe,East Riverine,112,Proto-cultivation,19
-5000,initial,17,North qintaishan Tribe,East Riverine,113,Sedentism,19
-5000,initial,17,North qintaishan Tribe,East Riverine,114,Enclosures and Herd Management,19
-5000,initial,17,North qintaishan Tribe,East Riverine,115,Counting Tokens and Tallies,19
-5000,initial,17,North qintaishan Tribe,East Riverine,116,Charcoal Firing,19
-5000,initial,17,North qintaishan Tribe,East Riverine,1,Pottery,19
-5000,initial,17,North qintaishan Tribe,East Riverine,2,Animal Husbandry,19
-5000,initial,17,North qintaishan Tribe,East Riverine,4,Mining,19
-5000,initial,17,North qintaishan Tribe,East Riverine,20,Agriculture,19
-5000,initial,17,North qintaishan Tribe,East Riverine,3,Archery,19
-5000,initial,17,North qintaishan Tribe,East Riverine,6,Calendar,19
-5000,initial,18,North xiali Tribe,East Riverine,100,Cordage and Knots,19
-5000,initial,18,North xiali Tribe,East Riverine,101,Hide Working and Tailored Clothing,19
-5000,initial,18,North xiali Tribe,East Riverine,102,Hafted Stone Tools,19
-5000,initial,18,North xiali Tribe,East Riverine,105,Food Preservation,19
-5000,initial,18,North xiali Tribe,East Riverine,106,Storage Pits and Containers,19
-5000,initial,18,North xiali Tribe,East Riverine,107,Seasonal Aggregation Camps,19
-5000,initial,18,North xiali Tribe,East Riverine,110,Dog Domestication,19
-5000,initial,18,North xiali Tribe,East Riverine,111,Grinding Stones,19
-5000,initial,18,North xiali Tribe,East Riverine,112,Proto-cultivation,19
-5000,initial,18,North xiali Tribe,East Riverine,113,Sedentism,19
-5000,initial,18,North xiali Tribe,East Riverine,114,Enclosures and Herd Management,19
-5000,initial,18,North xiali Tribe,East Riverine,115,Counting Tokens and Tallies,19
-5000,initial,18,North xiali Tribe,East Riverine,116,Charcoal Firing,19
-5000,initial,18,North xiali Tribe,East Riverine,1,Pottery,19
-5000,initial,18,North xiali Tribe,East Riverine,2,Animal Husbandry,19
-5000,initial,18,North xiali Tribe,East Riverine,4,Mining,19
-5000,initial,18,North xiali Tribe,East Riverine,20,Agriculture,19
-5000,initial,18,North xiali Tribe,East Riverine,3,Archery,19
-5000,initial,18,North xiali Tribe,East Riverine,6,Calendar,19
-5000,initial,19,Renrenzho Tribe,East Riverine,100,Cordage and Knots,19
-5000,initial,19,Renrenzho Tribe,East Riverine,101,Hide Working and Tailored Clothing,19
-5000,initial,19,Renrenzho Tribe,East Riverine,102,Hafted Stone Tools,19
-5000,initial,19,Renrenzho Tribe,East Riverine,105,Food Preservation,19
-5000,initial,19,Renrenzho Tribe,East Riverine,106,Storage Pits and Containers,19
-5000,initial,19,Renrenzho Tribe,East Riverine,107,Seasonal Aggregation Camps,19
-5000,initial,19,Renrenzho Tribe,East Riverine,110,Dog Domestication,19
-5000,initial,19,Renrenzho Tribe,East Riverine,111,Grinding Stones,19
-5000,initial,19,Renrenzho Tribe,East Riverine,112,Proto-cultivation,19
-5000,initial,19,Renrenzho Tribe,East Riverine,113,Sedentism,19
-5000,initial,19,Renrenzho Tribe,East Riverine,114,Enclosures and Herd Management,19
-5000,initial,19,Renrenzho Tribe,East Riverine,115,Counting Tokens and Tallies,19
-5000,initial,19,Renrenzho Tribe,East Riverine,116,Charcoal Firing,19
-5000,initial,19,Renrenzho Tribe,East Riverine,1,Pottery,19
-5000,initial,19,Renrenzho Tribe,East Riverine,2,Animal Husbandry,19
-5000,initial,19,Renrenzho Tribe,East Riverine,4,Mining,19
-5000,initial,19,Renrenzho Tribe,East Riverine,20,Agriculture,19
-5000,initial,19,Renrenzho Tribe,East Riverine,3,Archery,19
-5000,initial,19,Renrenzho Tribe,East Riverine,6,Calendar,19
-5000,initial,20,Great linminqinzhou Tribe,East Riverine,100,Cordage and Knots,19
-5000,initial,20,Great linminqinzhou Tribe,East Riverine,101,Hide Working and Tailored Clothing,19
-5000,initial,20,Great linminqinzhou Tribe,East Riverine,102,Hafted Stone Tools,19
-5000,initial,20,Great linminqinzhou Tribe,East Riverine,105,Food Preservation,19
-5000,initial,20,Great linminqinzhou Tribe,East Riverine,106,Storage Pits and Containers,19
-5000,initial,20,Great linminqinzhou Tribe,East Riverine,107,Seasonal Aggregation Camps,19
-5000,initial,20,Great linminqinzhou Tribe,East Riverine,110,Dog Domestication,19
-5000,initial,20,Great linminqinzhou Tribe,East Riverine,111,Grinding Stones,19
-5000,initial,20,Great linminqinzhou Tribe,East Riverine,112,Proto-cultivation,19
-5000,initial,20,Great linminqinzhou Tribe,East Riverine,113,Sedentism,19
-5000,initial,20,Great linminqinzhou Tribe,East Riverine,114,Enclosures and Herd Management,19
-5000,initial,20,Great linminqinzhou Tribe,East Riverine,115,Counting Tokens and Tallies,19
-5000,initial,20,Great linminqinzhou Tribe,East Riverine,116,Charcoal Firing,19
-5000,initial,20,Great linminqinzhou Tribe,East Riverine,1,Pottery,19
-5000,initial,20,Great linminqinzhou Tribe,East Riverine,2,Animal Husbandry,19
-5000,initial,20,Great linminqinzhou Tribe,East Riverine,4,Mining,19
-5000,initial,20,Great linminqinzhou Tribe,East Riverine,20,Agriculture,19
-5000,initial,20,Great linminqinzhou Tribe,East Riverine,3,Archery,19
-5000,initial,20,Great linminqinzhou Tribe,East Riverine,6,Calendar,19
-5000,initial,21,Great tairenling Tribe,East Riverine,100,Cordage and Knots,19
-5000,initial,21,Great tairenling Tribe,East Riverine,101,Hide Working and Tailored Clothing,19
-5000,initial,21,Great tairenling Tribe,East Riverine,102,Hafted Stone Tools,19
-5000,initial,21,Great tairenling Tribe,East Riverine,105,Food Preservation,19
-5000,initial,21,Great tairenling Tribe,East Riverine,106,Storage Pits and Containers,19
-5000,initial,21,Great tairenling Tribe,East Riverine,107,Seasonal Aggregation Camps,19
-5000,initial,21,Great tairenling Tribe,East Riverine,110,Dog Domestication,19
-5000,initial,21,Great tairenling Tribe,East Riverine,111,Grinding Stones,19
-5000,initial,21,Great tairenling Tribe,East Riverine,112,Proto-cultivation,19
-5000,initial,21,Great tairenling Tribe,East Riverine,113,Sedentism,19
-5000,initial,21,Great tairenling Tribe,East Riverine,114,Enclosures and Herd Management,19
-5000,initial,21,Great tairenling Tribe,East Riverine,115,Counting Tokens and Tallies,19
-5000,initial,21,Great tairenling Tribe,East Riverine,116,Charcoal Firing,19
-5000,initial,21,Great tairenling Tribe,East Riverine,1,Pottery,19
-5000,initial,21,Great tairenling Tribe,East Riverine,2,Animal Husbandry,19
-5000,initial,21,Great tairenling Tribe,East Riverine,4,Mining,19
-5000,initial,21,Great tairenling Tribe,East Riverine,20,Agriculture,19
-5000,initial,21,Great tairenling Tribe,East Riverine,3,Archery,19
-5000,initial,21,Great tairenling Tribe,East Riverine,6,Calendar,19
-5000,initial,22,Old taiminrenshan Tribe,East Riverine,100,Cordage and Knots,19
-5000,initial,22,Old taiminrenshan Tribe,East Riverine,101,Hide Working and Tailored Clothing,19
-5000,initial,22,Old taiminrenshan Tribe,East Riverine,102,Hafted Stone Tools,19
-5000,initial,22,Old taiminrenshan Tribe,East Riverine,105,Food Preservation,19
-5000,initial,22,Old taiminrenshan Tribe,East Riverine,106,Storage Pits and Containers,19
-5000,initial,22,Old taiminrenshan Tribe,East Riverine,107,Seasonal Aggregation Camps,19
-5000,initial,22,Old taiminrenshan Tribe,East Riverine,110,Dog Domestication,19
-5000,initial,22,Old taiminrenshan Tribe,East Riverine,111,Grinding Stones,19
-5000,initial,22,Old taiminrenshan Tribe,East Riverine,112,Proto-cultivation,19
-5000,initial,22,Old taiminrenshan Tribe,East Riverine,113,Sedentism,19
-5000,initial,22,Old taiminrenshan Tribe,East Riverine,114,Enclosures and Herd Management,19
-5000,initial,22,Old taiminrenshan Tribe,East Riverine,115,Counting Tokens and Tallies,19
-5000,initial,22,Old taiminrenshan Tribe,East Riverine,116,Charcoal Firing,19
-5000,initial,22,Old taiminrenshan Tribe,East Riverine,1,Pottery,19
-5000,initial,22,Old taiminrenshan Tribe,East Riverine,2,Animal Husbandry,19
-5000,initial,22,Old taiminrenshan Tribe,East Riverine,4,Mining,19
-5000,initial,22,Old taiminrenshan Tribe,East Riverine,20,Agriculture,19
-5000,initial,22,Old taiminrenshan Tribe,East Riverine,3,Archery,19
-5000,initial,22,Old taiminrenshan Tribe,East Riverine,6,Calendar,19
-5000,initial,23,New renrenxiashan Tribe,East Riverine,100,Cordage and Knots,19
-5000,initial,23,New renrenxiashan Tribe,East Riverine,101,Hide Working and Tailored Clothing,19
-5000,initial,23,New renrenxiashan Tribe,East Riverine,102,Hafted Stone Tools,19
-5000,initial,23,New renrenxiashan Tribe,East Riverine,105,Food Preservation,19
-5000,initial,23,New renrenxiashan Tribe,East Riverine,106,Storage Pits and Containers,19
-5000,initial,23,New renrenxiashan Tribe,East Riverine,107,Seasonal Aggregation Camps,19
-5000,initial,23,New renrenxiashan Tribe,East Riverine,110,Dog Domestication,19
-5000,initial,23,New renrenxiashan Tribe,East Riverine,111,Grinding Stones,19
-5000,initial,23,New renrenxiashan Tribe,East Riverine,112,Proto-cultivation,19
-5000,initial,23,New renrenxiashan Tribe,East Riverine,113,Sedentism,19
-5000,initial,23,New renrenxiashan Tribe,East Riverine,114,Enclosures and Herd Management,19
-5000,initial,23,New renrenxiashan Tribe,East Riverine,115,Counting Tokens and Tallies,19
-5000,initial,23,New renrenxiashan Tribe,East Riverine,116,Charcoal Firing,19
-5000,initial,23,New renrenxiashan Tribe,East Riverine,1,Pottery,19
-5000,initial,23,New renrenxiashan Tribe,East Riverine,2,Animal Husbandry,19
-5000,initial,23,New renrenxiashan Tribe,East Riverine,4,Mining,19
-5000,initial,23,New renrenxiashan Tribe,East Riverine,20,Agriculture,19
-5000,initial,23,New renrenxiashan Tribe,East Riverine,3,Archery,19
-5000,initial,23,New renrenxiashan Tribe,East Riverine,6,Calendar,19
-5000,initial,24,Old linzhoxiashan Tribe,East Riverine,100,Cordage and Knots,19
-5000,initial,24,Old linzhoxiashan Tribe,East Riverine,101,Hide Working and Tailored Clothing,19
-5000,initial,24,Old linzhoxiashan Tribe,East Riverine,102,Hafted Stone Tools,19
-5000,initial,24,Old linzhoxiashan Tribe,East Riverine,105,Food Preservation,19
-5000,initial,24,Old linzhoxiashan Tribe,East Riverine,106,Storage Pits and Containers,19
-5000,initial,24,Old linzhoxiashan Tribe,East Riverine,107,Seasonal Aggregation Camps,19
-5000,initial,24,Old linzhoxiashan Tribe,East Riverine,110,Dog Domestication,19
-5000,initial,24,Old linzhoxiashan Tribe,East Riverine,111,Grinding Stones,19
-5000,initial,24,Old linzhoxiashan Tribe,East Riverine,112,Proto-cultivation,19
-5000,initial,24,Old linzhoxiashan Tribe,East Riverine,113,Sedentism,19
-5000,initial,24,Old linzhoxiashan Tribe,East Riverine,114,Enclosures and Herd Management,19
-5000,initial,24,Old linzhoxiashan Tribe,East Riverine,115,Counting Tokens and Tallies,19
-5000,initial,24,Old linzhoxiashan Tribe,East Riverine,116,Charcoal Firing,19
-5000,initial,24,Old linzhoxiashan Tribe,East Riverine,1,Pottery,19
-5000,initial,24,Old linzhoxiashan Tribe,East Riverine,2,Animal Husbandry,19
-5000,initial,24,Old linzhoxiashan Tribe,East Riverine,4,Mining,19
-5000,initial,24,Old linzhoxiashan Tribe,East Riverine,20,Agriculture,19
-5000,initial,24,Old linzhoxiashan Tribe,East Riverine,3,Archery,19
-5000,initial,24,Old linzhoxiashan Tribe,East Riverine,6,Calendar,19
-5000,initial,25,Great qinliqinguo Tribe,East Riverine,100,Cordage and Knots,19
-5000,initial,25,Great qinliqinguo Tribe,East Riverine,101,Hide Working and Tailored Clothing,19
-5000,initial,25,Great qinliqinguo Tribe,East Riverine,102,Hafted Stone Tools,19
-5000,initial,25,Great qinliqinguo Tribe,East Riverine,105,Food Preservation,19
-5000,initial,25,Great qinliqinguo Tribe,East Riverine,106,Storage Pits and Containers,19
-5000,initial,25,Great qinliqinguo Tribe,East Riverine,107,Seasonal Aggregation Camps,19
-5000,initial,25,Great qinliqinguo Tribe,East Riverine,110,Dog Domestication,19
-5000,initial,25,Great qinliqinguo Tribe,East Riverine,111,Grinding Stones,19
-5000,initial,25,Great qinliqinguo Tribe,East Riverine,112,Proto-cultivation,19
-5000,initial,25,Great qinliqinguo Tribe,East Riverine,113,Sedentism,19
-5000,initial,25,Great qinliqinguo Tribe,East Riverine,114,Enclosures and Herd Management,19
-5000,initial,25,Great qinliqinguo Tribe,East Riverine,115,Counting Tokens and Tallies,19
-5000,initial,25,Great qinliqinguo Tribe,East Riverine,116,Charcoal Firing,19
-5000,initial,25,Great qinliqinguo Tribe,East Riverine,1,Pottery,19
-5000,initial,25,Great qinliqinguo Tribe,East Riverine,2,Animal Husbandry,19
-5000,initial,25,Great qinliqinguo Tribe,East Riverine,4,Mining,19
-5000,initial,25,Great qinliqinguo Tribe,East Riverine,20,Agriculture,19
-5000,initial,25,Great qinliqinguo Tribe,East Riverine,3,Archery,19
-5000,initial,25,Great qinliqinguo Tribe,East Riverine,6,Calendar,19
-5000,initial,26,Old linxialing Tribe,East Riverine,100,Cordage and Knots,19
-5000,initial,26,Old linxialing Tribe,East Riverine,101,Hide Working and Tailored Clothing,19
-5000,initial,26,Old linxialing Tribe,East Riverine,102,Hafted Stone Tools,19
-5000,initial,26,Old linxialing Tribe,East Riverine,105,Food Preservation,19
-5000,initial,26,Old linxialing Tribe,East Riverine,106,Storage Pits and Containers,19
-5000,initial,26,Old linxialing Tribe,East Riverine,107,Seasonal Aggregation Camps,19
-5000,initial,26,Old linxialing Tribe,East Riverine,110,Dog Domestication,19
-5000,initial,26,Old linxialing Tribe,East Riverine,111,Grinding Stones,19
-5000,initial,26,Old linxialing Tribe,East Riverine,112,Proto-cultivation,19
-5000,initial,26,Old linxialing Tribe,East Riverine,113,Sedentism,19
-5000,initial,26,Old linxialing Tribe,East Riverine,114,Enclosures and Herd Management,19
-5000,initial,26,Old linxialing Tribe,East Riverine,115,Counting Tokens and Tallies,19
-5000,initial,26,Old linxialing Tribe,East Riverine,116,Charcoal Firing,19
-5000,initial,26,Old linxialing Tribe,East Riverine,1,Pottery,19
-5000,initial,26,Old linxialing Tribe,East Riverine,2,Animal Husbandry,19
-5000,initial,26,Old linxialing Tribe,East Riverine,4,Mining,19
-5000,initial,26,Old linxialing Tribe,East Riverine,20,Agriculture,19
-5000,initial,26,Old linxialing Tribe,East Riverine,3,Archery,19
-5000,initial,26,Old linxialing Tribe,East Riverine,6,Calendar,19
-5000,initial,27,Weilishan Tribe,East Riverine,100,Cordage and Knots,19
-5000,initial,27,Weilishan Tribe,East Riverine,101,Hide Working and Tailored Clothing,19
-5000,initial,27,Weilishan Tribe,East Riverine,102,Hafted Stone Tools,19
-5000,initial,27,Weilishan Tribe,East Riverine,105,Food Preservation,19
-5000,initial,27,Weilishan Tribe,East Riverine,106,Storage Pits and Containers,19
-5000,initial,27,Weilishan Tribe,East Riverine,107,Seasonal Aggregation Camps,19
-5000,initial,27,Weilishan Tribe,East Riverine,110,Dog Domestication,19
-5000,initial,27,Weilishan Tribe,East Riverine,111,Grinding Stones,19
-5000,initial,27,Weilishan Tribe,East Riverine,112,Proto-cultivation,19
-5000,initial,27,Weilishan Tribe,East Riverine,113,Sedentism,19
-5000,initial,27,Weilishan Tribe,East Riverine,114,Enclosures and Herd Management,19
-5000,initial,27,Weilishan Tribe,East Riverine,115,Counting Tokens and Tallies,19
-5000,initial,27,Weilishan Tribe,East Riverine,116,Charcoal Firing,19
-5000,initial,27,Weilishan Tribe,East Riverine,1,Pottery,19
-5000,initial,27,Weilishan Tribe,East Riverine,2,Animal Husbandry,19
-5000,initial,27,Weilishan Tribe,East Riverine,4,Mining,19
-5000,initial,27,Weilishan Tribe,East Riverine,20,Agriculture,19
-5000,initial,27,Weilishan Tribe,East Riverine,3,Archery,19
-5000,initial,27,Weilishan Tribe,East Riverine,6,Calendar,19
-5000,initial,28,Urninnin Tribe,Fertile Crescent,100,Cordage and Knots,21
-5000,initial,28,Urninnin Tribe,Fertile Crescent,101,Hide Working and Tailored Clothing,21
-5000,initial,28,Urninnin Tribe,Fertile Crescent,102,Hafted Stone Tools,21
-5000,initial,28,Urninnin Tribe,Fertile Crescent,105,Food Preservation,21
-5000,initial,28,Urninnin Tribe,Fertile Crescent,106,Storage Pits and Containers,21
-5000,initial,28,Urninnin Tribe,Fertile Crescent,107,Seasonal Aggregation Camps,21
-5000,initial,28,Urninnin Tribe,Fertile Crescent,110,Dog Domestication,21
-5000,initial,28,Urninnin Tribe,Fertile Crescent,111,Grinding Stones,21
-5000,initial,28,Urninnin Tribe,Fertile Crescent,112,Proto-cultivation,21
-5000,initial,28,Urninnin Tribe,Fertile Crescent,113,Sedentism,21
-5000,initial,28,Urninnin Tribe,Fertile Crescent,114,Enclosures and Herd Management,21
-5000,initial,28,Urninnin Tribe,Fertile Crescent,115,Counting Tokens and Tallies,21
-5000,initial,28,Urninnin Tribe,Fertile Crescent,116,Charcoal Firing,21
-5000,initial,28,Urninnin Tribe,Fertile Crescent,1,Pottery,21
-5000,initial,28,Urninnin Tribe,Fertile Crescent,119,Native Copper Working,21
-5000,initial,28,Urninnin Tribe,Fertile Crescent,2,Animal Husbandry,21
-5000,initial,28,Urninnin Tribe,Fertile Crescent,4,Mining,21
-5000,initial,28,Urninnin Tribe,Fertile Crescent,20,Agriculture,21
-5000,initial,28,Urninnin Tribe,Fertile Crescent,3,Archery,21
-5000,initial,28,Urninnin Tribe,Fertile Crescent,6,Calendar,21
-5000,initial,28,Urninnin Tribe,Fertile Crescent,10,Irrigation,21
-5000,initial,29,South eshninad Tribe,Fertile Crescent,100,Cordage and Knots,21
-5000,initial,29,South eshninad Tribe,Fertile Crescent,101,Hide Working and Tailored Clothing,21
-5000,initial,29,South eshninad Tribe,Fertile Crescent,102,Hafted Stone Tools,21
-5000,initial,29,South eshninad Tribe,Fertile Crescent,105,Food Preservation,21
-5000,initial,29,South eshninad Tribe,Fertile Crescent,106,Storage Pits and Containers,21
-5000,initial,29,South eshninad Tribe,Fertile Crescent,107,Seasonal Aggregation Camps,21
-5000,initial,29,South eshninad Tribe,Fertile Crescent,110,Dog Domestication,21
-5000,initial,29,South eshninad Tribe,Fertile Crescent,111,Grinding Stones,21
-5000,initial,29,South eshninad Tribe,Fertile Crescent,112,Proto-cultivation,21
-5000,initial,29,South eshninad Tribe,Fertile Crescent,113,Sedentism,21
-5000,initial,29,South eshninad Tribe,Fertile Crescent,114,Enclosures and Herd Management,21
-5000,initial,29,South eshninad Tribe,Fertile Crescent,115,Counting Tokens and Tallies,21
-5000,initial,29,South eshninad Tribe,Fertile Crescent,116,Charcoal Firing,21
-5000,initial,29,South eshninad Tribe,Fertile Crescent,1,Pottery,21
-5000,initial,29,South eshninad Tribe,Fertile Crescent,119,Native Copper Working,21
-5000,initial,29,South eshninad Tribe,Fertile Crescent,2,Animal Husbandry,21
-5000,initial,29,South eshninad Tribe,Fertile Crescent,4,Mining,21
-5000,initial,29,South eshninad Tribe,Fertile Crescent,20,Agriculture,21
-5000,initial,29,South eshninad Tribe,Fertile Crescent,3,Archery,21
-5000,initial,29,South eshninad Tribe,Fertile Crescent,6,Calendar,21
-5000,initial,29,South eshninad Tribe,Fertile Crescent,10,Irrigation,21
-5000,initial,30,Great barsamash Tribe,Fertile Crescent,100,Cordage and Knots,21
-5000,initial,30,Great barsamash Tribe,Fertile Crescent,101,Hide Working and Tailored Clothing,21
-5000,initial,30,Great barsamash Tribe,Fertile Crescent,102,Hafted Stone Tools,21
-5000,initial,30,Great barsamash Tribe,Fertile Crescent,105,Food Preservation,21
-5000,initial,30,Great barsamash Tribe,Fertile Crescent,106,Storage Pits and Containers,21
-5000,initial,30,Great barsamash Tribe,Fertile Crescent,107,Seasonal Aggregation Camps,21
-5000,initial,30,Great barsamash Tribe,Fertile Crescent,110,Dog Domestication,21
-5000,initial,30,Great barsamash Tribe,Fertile Crescent,111,Grinding Stones,21
-5000,initial,30,Great barsamash Tribe,Fertile Crescent,112,Proto-cultivation,21
-5000,initial,30,Great barsamash Tribe,Fertile Crescent,113,Sedentism,21
-5000,initial,30,Great barsamash Tribe,Fertile Crescent,114,Enclosures and Herd Management,21
-5000,initial,30,Great barsamash Tribe,Fertile Crescent,115,Counting Tokens and Tallies,21
-5000,initial,30,Great barsamash Tribe,Fertile Crescent,116,Charcoal Firing,21
-5000,initial,30,Great barsamash Tribe,Fertile Crescent,1,Pottery,21
-5000,initial,30,Great barsamash Tribe,Fertile Crescent,119,Native Copper Working,21
-5000,initial,30,Great barsamash Tribe,Fertile Crescent,2,Animal Husbandry,21
-5000,initial,30,Great barsamash Tribe,Fertile Crescent,4,Mining,21
-5000,initial,30,Great barsamash Tribe,Fertile Crescent,20,Agriculture,21
-5000,initial,30,Great barsamash Tribe,Fertile Crescent,3,Archery,21
-5000,initial,30,Great barsamash Tribe,Fertile Crescent,6,Calendar,21
-5000,initial,30,Great barsamash Tribe,Fertile Crescent,10,Irrigation,21
-5000,initial,31,New ninesharum Tribe,Fertile Crescent,100,Cordage and Knots,21
-5000,initial,31,New ninesharum Tribe,Fertile Crescent,101,Hide Working and Tailored Clothing,21
-5000,initial,31,New ninesharum Tribe,Fertile Crescent,102,Hafted Stone Tools,21
-5000,initial,31,New ninesharum Tribe,Fertile Crescent,105,Food Preservation,21
-5000,initial,31,New ninesharum Tribe,Fertile Crescent,106,Storage Pits and Containers,21
-5000,initial,31,New ninesharum Tribe,Fertile Crescent,107,Seasonal Aggregation Camps,21
-5000,initial,31,New ninesharum Tribe,Fertile Crescent,110,Dog Domestication,21
-5000,initial,31,New ninesharum Tribe,Fertile Crescent,111,Grinding Stones,21
-5000,initial,31,New ninesharum Tribe,Fertile Crescent,112,Proto-cultivation,21
-5000,initial,31,New ninesharum Tribe,Fertile Crescent,113,Sedentism,21
-5000,initial,31,New ninesharum Tribe,Fertile Crescent,114,Enclosures and Herd Management,21
-5000,initial,31,New ninesharum Tribe,Fertile Crescent,115,Counting Tokens and Tallies,21
-5000,initial,31,New ninesharum Tribe,Fertile Crescent,116,Charcoal Firing,21
-5000,initial,31,New ninesharum Tribe,Fertile Crescent,1,Pottery,21
-5000,initial,31,New ninesharum Tribe,Fertile Crescent,119,Native Copper Working,21
-5000,initial,31,New ninesharum Tribe,Fertile Crescent,2,Animal Husbandry,21
-5000,initial,31,New ninesharum Tribe,Fertile Crescent,4,Mining,21
-5000,initial,31,New ninesharum Tribe,Fertile Crescent,20,Agriculture,21
-5000,initial,31,New ninesharum Tribe,Fertile Crescent,3,Archery,21
-5000,initial,31,New ninesharum Tribe,Fertile Crescent,6,Calendar,21
-5000,initial,31,New ninesharum Tribe,Fertile Crescent,10,Irrigation,21
-5000,initial,32,New barashashad Tribe,Fertile Crescent,100,Cordage and Knots,21
-5000,initial,32,New barashashad Tribe,Fertile Crescent,101,Hide Working and Tailored Clothing,21
-5000,initial,32,New barashashad Tribe,Fertile Crescent,102,Hafted Stone Tools,21
-5000,initial,32,New barashashad Tribe,Fertile Crescent,105,Food Preservation,21
-5000,initial,32,New barashashad Tribe,Fertile Crescent,106,Storage Pits and Containers,21
-5000,initial,32,New barashashad Tribe,Fertile Crescent,107,Seasonal Aggregation Camps,21
-5000,initial,32,New barashashad Tribe,Fertile Crescent,110,Dog Domestication,21
-5000,initial,32,New barashashad Tribe,Fertile Crescent,111,Grinding Stones,21
-5000,initial,32,New barashashad Tribe,Fertile Crescent,112,Proto-cultivation,21
-5000,initial,32,New barashashad Tribe,Fertile Crescent,113,Sedentism,21
-5000,initial,32,New barashashad Tribe,Fertile Crescent,114,Enclosures and Herd Management,21
-5000,initial,32,New barashashad Tribe,Fertile Crescent,115,Counting Tokens and Tallies,21
-5000,initial,32,New barashashad Tribe,Fertile Crescent,116,Charcoal Firing,21
-5000,initial,32,New barashashad Tribe,Fertile Crescent,1,Pottery,21
-5000,initial,32,New barashashad Tribe,Fertile Crescent,119,Native Copper Working,21
-5000,initial,32,New barashashad Tribe,Fertile Crescent,2,Animal Husbandry,21
-5000,initial,32,New barashashad Tribe,Fertile Crescent,4,Mining,21
-5000,initial,32,New barashashad Tribe,Fertile Crescent,20,Agriculture,21
-5000,initial,32,New barashashad Tribe,Fertile Crescent,3,Archery,21
-5000,initial,32,New barashashad Tribe,Fertile Crescent,6,Calendar,21
-5000,initial,32,New barashashad Tribe,Fertile Crescent,10,Irrigation,21
-5000,initial,33,Great arbeluran Tribe,Fertile Crescent,100,Cordage and Knots,21
-5000,initial,33,Great arbeluran Tribe,Fertile Crescent,101,Hide Working and Tailored Clothing,21
-5000,initial,33,Great arbeluran Tribe,Fertile Crescent,102,Hafted Stone Tools,21
-5000,initial,33,Great arbeluran Tribe,Fertile Crescent,105,Food Preservation,21
-5000,initial,33,Great arbeluran Tribe,Fertile Crescent,106,Storage Pits and Containers,21
-5000,initial,33,Great arbeluran Tribe,Fertile Crescent,107,Seasonal Aggregation Camps,21
-5000,initial,33,Great arbeluran Tribe,Fertile Crescent,110,Dog Domestication,21
-5000,initial,33,Great arbeluran Tribe,Fertile Crescent,111,Grinding Stones,21
-5000,initial,33,Great arbeluran Tribe,Fertile Crescent,112,Proto-cultivation,21
-5000,initial,33,Great arbeluran Tribe,Fertile Crescent,113,Sedentism,21
-5000,initial,33,Great arbeluran Tribe,Fertile Crescent,114,Enclosures and Herd Management,21
-5000,initial,33,Great arbeluran Tribe,Fertile Crescent,115,Counting Tokens and Tallies,21
-5000,initial,33,Great arbeluran Tribe,Fertile Crescent,116,Charcoal Firing,21
-5000,initial,33,Great arbeluran Tribe,Fertile Crescent,1,Pottery,21
-5000,initial,33,Great arbeluran Tribe,Fertile Crescent,119,Native Copper Working,21
-5000,initial,33,Great arbeluran Tribe,Fertile Crescent,2,Animal Husbandry,21
-5000,initial,33,Great arbeluran Tribe,Fertile Crescent,4,Mining,21
-5000,initial,33,Great arbeluran Tribe,Fertile Crescent,20,Agriculture,21
-5000,initial,33,Great arbeluran Tribe,Fertile Crescent,3,Archery,21
-5000,initial,33,Great arbeluran Tribe,Fertile Crescent,6,Calendar,21
-5000,initial,33,Great arbeluran Tribe,Fertile Crescent,10,Irrigation,21
-5000,initial,34,Great arkal Tribe,Fertile Crescent,100,Cordage and Knots,21
-5000,initial,34,Great arkal Tribe,Fertile Crescent,101,Hide Working and Tailored Clothing,21
-5000,initial,34,Great arkal Tribe,Fertile Crescent,102,Hafted Stone Tools,21
-5000,initial,34,Great arkal Tribe,Fertile Crescent,105,Food Preservation,21
-5000,initial,34,Great arkal Tribe,Fertile Crescent,106,Storage Pits and Containers,21
-5000,initial,34,Great arkal Tribe,Fertile Crescent,107,Seasonal Aggregation Camps,21
-5000,initial,34,Great arkal Tribe,Fertile Crescent,110,Dog Domestication,21
-5000,initial,34,Great arkal Tribe,Fertile Crescent,111,Grinding Stones,21
-5000,initial,34,Great arkal Tribe,Fertile Crescent,112,Proto-cultivation,21
-5000,initial,34,Great arkal Tribe,Fertile Crescent,113,Sedentism,21
-5000,initial,34,Great arkal Tribe,Fertile Crescent,114,Enclosures and Herd Management,21
-5000,initial,34,Great arkal Tribe,Fertile Crescent,115,Counting Tokens and Tallies,21
-5000,initial,34,Great arkal Tribe,Fertile Crescent,116,Charcoal Firing,21
-5000,initial,34,Great arkal Tribe,Fertile Crescent,1,Pottery,21
-5000,initial,34,Great arkal Tribe,Fertile Crescent,119,Native Copper Working,21
-5000,initial,34,Great arkal Tribe,Fertile Crescent,2,Animal Husbandry,21
-5000,initial,34,Great arkal Tribe,Fertile Crescent,4,Mining,21
-5000,initial,34,Great arkal Tribe,Fertile Crescent,20,Agriculture,21
-5000,initial,34,Great arkal Tribe,Fertile Crescent,3,Archery,21
-5000,initial,34,Great arkal Tribe,Fertile Crescent,6,Calendar,21
-5000,initial,34,Great arkal Tribe,Fertile Crescent,10,Irrigation,21
-5000,initial,35,Old arashbaran Tribe,Fertile Crescent,100,Cordage and Knots,21
-5000,initial,35,Old arashbaran Tribe,Fertile Crescent,101,Hide Working and Tailored Clothing,21
-5000,initial,35,Old arashbaran Tribe,Fertile Crescent,102,Hafted Stone Tools,21
-5000,initial,35,Old arashbaran Tribe,Fertile Crescent,105,Food Preservation,21
-5000,initial,35,Old arashbaran Tribe,Fertile Crescent,106,Storage Pits and Containers,21
-5000,initial,35,Old arashbaran Tribe,Fertile Crescent,107,Seasonal Aggregation Camps,21
-5000,initial,35,Old arashbaran Tribe,Fertile Crescent,110,Dog Domestication,21
-5000,initial,35,Old arashbaran Tribe,Fertile Crescent,111,Grinding Stones,21
-5000,initial,35,Old arashbaran Tribe,Fertile Crescent,112,Proto-cultivation,21
-5000,initial,35,Old arashbaran Tribe,Fertile Crescent,113,Sedentism,21
-5000,initial,35,Old arashbaran Tribe,Fertile Crescent,114,Enclosures and Herd Management,21
-5000,initial,35,Old arashbaran Tribe,Fertile Crescent,115,Counting Tokens and Tallies,21
-5000,initial,35,Old arashbaran Tribe,Fertile Crescent,116,Charcoal Firing,21
-5000,initial,35,Old arashbaran Tribe,Fertile Crescent,1,Pottery,21
-5000,initial,35,Old arashbaran Tribe,Fertile Crescent,119,Native Copper Working,21
-5000,initial,35,Old arashbaran Tribe,Fertile Crescent,2,Animal Husbandry,21
-5000,initial,35,Old arashbaran Tribe,Fertile Crescent,4,Mining,21
-5000,initial,35,Old arashbaran Tribe,Fertile Crescent,20,Agriculture,21
-5000,initial,35,Old arashbaran Tribe,Fertile Crescent,3,Archery,21
-5000,initial,35,Old arashbaran Tribe,Fertile Crescent,6,Calendar,21
-5000,initial,35,Old arashbaran Tribe,Fertile Crescent,10,Irrigation,21
-5000,initial,36,Great kalsamsamad Tribe,Fertile Crescent,100,Cordage and Knots,21
-5000,initial,36,Great kalsamsamad Tribe,Fertile Crescent,101,Hide Working and Tailored Clothing,21
-5000,initial,36,Great kalsamsamad Tribe,Fertile Crescent,102,Hafted Stone Tools,21
-5000,initial,36,Great kalsamsamad Tribe,Fertile Crescent,105,Food Preservation,21
-5000,initial,36,Great kalsamsamad Tribe,Fertile Crescent,106,Storage Pits and Containers,21
-5000,initial,36,Great kalsamsamad Tribe,Fertile Crescent,107,Seasonal Aggregation Camps,21
-5000,initial,36,Great kalsamsamad Tribe,Fertile Crescent,110,Dog Domestication,21
-5000,initial,36,Great kalsamsamad Tribe,Fertile Crescent,111,Grinding Stones,21
-5000,initial,36,Great kalsamsamad Tribe,Fertile Crescent,112,Proto-cultivation,21
-5000,initial,36,Great kalsamsamad Tribe,Fertile Crescent,113,Sedentism,21
-5000,initial,36,Great kalsamsamad Tribe,Fertile Crescent,114,Enclosures and Herd Management,21
-5000,initial,36,Great kalsamsamad Tribe,Fertile Crescent,115,Counting Tokens and Tallies,21
-5000,initial,36,Great kalsamsamad Tribe,Fertile Crescent,116,Charcoal Firing,21
-5000,initial,36,Great kalsamsamad Tribe,Fertile Crescent,1,Pottery,21
-5000,initial,36,Great kalsamsamad Tribe,Fertile Crescent,119,Native Copper Working,21
-5000,initial,36,Great kalsamsamad Tribe,Fertile Crescent,2,Animal Husbandry,21
-5000,initial,36,Great kalsamsamad Tribe,Fertile Crescent,4,Mining,21
-5000,initial,36,Great kalsamsamad Tribe,Fertile Crescent,20,Agriculture,21
-5000,initial,36,Great kalsamsamad Tribe,Fertile Crescent,3,Archery,21
-5000,initial,36,Great kalsamsamad Tribe,Fertile Crescent,6,Calendar,21
-5000,initial,36,Great kalsamsamad Tribe,Fertile Crescent,10,Irrigation,21
-5000,initial,37,South arashash Tribe,Fertile Crescent,100,Cordage and Knots,21
-5000,initial,37,South arashash Tribe,Fertile Crescent,101,Hide Working and Tailored Clothing,21
-5000,initial,37,South arashash Tribe,Fertile Crescent,102,Hafted Stone Tools,21
-5000,initial,37,South arashash Tribe,Fertile Crescent,105,Food Preservation,21
-5000,initial,37,South arashash Tribe,Fertile Crescent,106,Storage Pits and Containers,21
-5000,initial,37,South arashash Tribe,Fertile Crescent,107,Seasonal Aggregation Camps,21
-5000,initial,37,South arashash Tribe,Fertile Crescent,110,Dog Domestication,21
-5000,initial,37,South arashash Tribe,Fertile Crescent,111,Grinding Stones,21
-5000,initial,37,South arashash Tribe,Fertile Crescent,112,Proto-cultivation,21
-5000,initial,37,South arashash Tribe,Fertile Crescent,113,Sedentism,21
-5000,initial,37,South arashash Tribe,Fertile Crescent,114,Enclosures and Herd Management,21
-5000,initial,37,South arashash Tribe,Fertile Crescent,115,Counting Tokens and Tallies,21
-5000,initial,37,South arashash Tribe,Fertile Crescent,116,Charcoal Firing,21
-5000,initial,37,South arashash Tribe,Fertile Crescent,1,Pottery,21
-5000,initial,37,South arashash Tribe,Fertile Crescent,119,Native Copper Working,21
-5000,initial,37,South arashash Tribe,Fertile Crescent,2,Animal Husbandry,21
-5000,initial,37,South arashash Tribe,Fertile Crescent,4,Mining,21
-5000,initial,37,South arashash Tribe,Fertile Crescent,20,Agriculture,21
-5000,initial,37,South arashash Tribe,Fertile Crescent,3,Archery,21
-5000,initial,37,South arashash Tribe,Fertile Crescent,6,Calendar,21
-5000,initial,37,South arashash Tribe,Fertile Crescent,10,Irrigation,21
-5000,initial,38,New sambarsaman Tribe,Fertile Crescent,100,Cordage and Knots,21
-5000,initial,38,New sambarsaman Tribe,Fertile Crescent,101,Hide Working and Tailored Clothing,21
-5000,initial,38,New sambarsaman Tribe,Fertile Crescent,102,Hafted Stone Tools,21
-5000,initial,38,New sambarsaman Tribe,Fertile Crescent,105,Food Preservation,21
-5000,initial,38,New sambarsaman Tribe,Fertile Crescent,106,Storage Pits and Containers,21
-5000,initial,38,New sambarsaman Tribe,Fertile Crescent,107,Seasonal Aggregation Camps,21
-5000,initial,38,New sambarsaman Tribe,Fertile Crescent,110,Dog Domestication,21
-5000,initial,38,New sambarsaman Tribe,Fertile Crescent,111,Grinding Stones,21
-5000,initial,38,New sambarsaman Tribe,Fertile Crescent,112,Proto-cultivation,21
-5000,initial,38,New sambarsaman Tribe,Fertile Crescent,113,Sedentism,21
-5000,initial,38,New sambarsaman Tribe,Fertile Crescent,114,Enclosures and Herd Management,21
-5000,initial,38,New sambarsaman Tribe,Fertile Crescent,115,Counting Tokens and Tallies,21
-5000,initial,38,New sambarsaman Tribe,Fertile Crescent,116,Charcoal Firing,21
-5000,initial,38,New sambarsaman Tribe,Fertile Crescent,1,Pottery,21
-5000,initial,38,New sambarsaman Tribe,Fertile Crescent,119,Native Copper Working,21
-5000,initial,38,New sambarsaman Tribe,Fertile Crescent,2,Animal Husbandry,21
-5000,initial,38,New sambarsaman Tribe,Fertile Crescent,4,Mining,21
-5000,initial,38,New sambarsaman Tribe,Fertile Crescent,20,Agriculture,21
-5000,initial,38,New sambarsaman Tribe,Fertile Crescent,3,Archery,21
-5000,initial,38,New sambarsaman Tribe,Fertile Crescent,6,Calendar,21
-5000,initial,38,New sambarsaman Tribe,Fertile Crescent,10,Irrigation,21
-5000,initial,39,Romkinia Tribe,Monsoon Coastal,100,Cordage and Knots,20
-5000,initial,39,Romkinia Tribe,Monsoon Coastal,101,Hide Working and Tailored Clothing,20
-5000,initial,39,Romkinia Tribe,Monsoon Coastal,102,Hafted Stone Tools,20
-5000,initial,39,Romkinia Tribe,Monsoon Coastal,104,Fishing Technology,20
-5000,initial,39,Romkinia Tribe,Monsoon Coastal,105,Food Preservation,20
-5000,initial,39,Romkinia Tribe,Monsoon Coastal,106,Storage Pits and Containers,20
-5000,initial,39,Romkinia Tribe,Monsoon Coastal,107,Seasonal Aggregation Camps,20
-5000,initial,39,Romkinia Tribe,Monsoon Coastal,108,Watercraft,20
-5000,initial,39,Romkinia Tribe,Monsoon Coastal,110,Dog Domestication,20
-5000,initial,39,Romkinia Tribe,Monsoon Coastal,111,Grinding Stones,20
-5000,initial,39,Romkinia Tribe,Monsoon Coastal,112,Proto-cultivation,20
-5000,initial,39,Romkinia Tribe,Monsoon Coastal,113,Sedentism,20
-5000,initial,39,Romkinia Tribe,Monsoon Coastal,114,Enclosures and Herd Management,20
-5000,initial,39,Romkinia Tribe,Monsoon Coastal,116,Charcoal Firing,20
-5000,initial,39,Romkinia Tribe,Monsoon Coastal,1,Pottery,20
-5000,initial,39,Romkinia Tribe,Monsoon Coastal,2,Animal Husbandry,20
-5000,initial,39,Romkinia Tribe,Monsoon Coastal,20,Agriculture,20
-5000,initial,39,Romkinia Tribe,Monsoon Coastal,3,Archery,20
-5000,initial,39,Romkinia Tribe,Monsoon Coastal,5,Sailing,20
-5000,initial,39,Romkinia Tribe,Monsoon Coastal,6,Calendar,20
-5000,initial,40,New quilorquigrad Tribe,Monsoon Coastal,100,Cordage and Knots,20
-5000,initial,40,New quilorquigrad Tribe,Monsoon Coastal,101,Hide Working and Tailored Clothing,20
-5000,initial,40,New quilorquigrad Tribe,Monsoon Coastal,102,Hafted Stone Tools,20
-5000,initial,40,New quilorquigrad Tribe,Monsoon Coastal,104,Fishing Technology,20
-5000,initial,40,New quilorquigrad Tribe,Monsoon Coastal,105,Food Preservation,20
-5000,initial,40,New quilorquigrad Tribe,Monsoon Coastal,106,Storage Pits and Containers,20
-5000,initial,40,New quilorquigrad Tribe,Monsoon Coastal,107,Seasonal Aggregation Camps,20
-5000,initial,40,New quilorquigrad Tribe,Monsoon Coastal,108,Watercraft,20
-5000,initial,40,New quilorquigrad Tribe,Monsoon Coastal,110,Dog Domestication,20
-5000,initial,40,New quilorquigrad Tribe,Monsoon Coastal,111,Grinding Stones,20
-5000,initial,40,New quilorquigrad Tribe,Monsoon Coastal,112,Proto-cultivation,20
-5000,initial,40,New quilorquigrad Tribe,Monsoon Coastal,113,Sedentism,20
-5000,initial,40,New quilorquigrad Tribe,Monsoon Coastal,114,Enclosures and Herd Management,20
-5000,initial,40,New quilorquigrad Tribe,Monsoon Coastal,116,Charcoal Firing,20
-5000,initial,40,New quilorquigrad Tribe,Monsoon Coastal,1,Pottery,20
-5000,initial,40,New quilorquigrad Tribe,Monsoon Coastal,2,Animal Husbandry,20
-5000,initial,40,New quilorquigrad Tribe,Monsoon Coastal,20,Agriculture,20
-5000,initial,40,New quilorquigrad Tribe,Monsoon Coastal,3,Archery,20
-5000,initial,40,New quilorquigrad Tribe,Monsoon Coastal,5,Sailing,20
-5000,initial,40,New quilorquigrad Tribe,Monsoon Coastal,6,Calendar,20
-5000,initial,41,North quizenranland Tribe,Monsoon Coastal,100,Cordage and Knots,20
-5000,initial,41,North quizenranland Tribe,Monsoon Coastal,101,Hide Working and Tailored Clothing,20
-5000,initial,41,North quizenranland Tribe,Monsoon Coastal,102,Hafted Stone Tools,20
-5000,initial,41,North quizenranland Tribe,Monsoon Coastal,104,Fishing Technology,20
-5000,initial,41,North quizenranland Tribe,Monsoon Coastal,105,Food Preservation,20
-5000,initial,41,North quizenranland Tribe,Monsoon Coastal,106,Storage Pits and Containers,20
-5000,initial,41,North quizenranland Tribe,Monsoon Coastal,107,Seasonal Aggregation Camps,20
-5000,initial,41,North quizenranland Tribe,Monsoon Coastal,108,Watercraft,20
-5000,initial,41,North quizenranland Tribe,Monsoon Coastal,110,Dog Domestication,20
-5000,initial,41,North quizenranland Tribe,Monsoon Coastal,111,Grinding Stones,20
-5000,initial,41,North quizenranland Tribe,Monsoon Coastal,112,Proto-cultivation,20
-5000,initial,41,North quizenranland Tribe,Monsoon Coastal,113,Sedentism,20
-5000,initial,41,North quizenranland Tribe,Monsoon Coastal,114,Enclosures and Herd Management,20
-5000,initial,41,North quizenranland Tribe,Monsoon Coastal,116,Charcoal Firing,20
-5000,initial,41,North quizenranland Tribe,Monsoon Coastal,1,Pottery,20
-5000,initial,41,North quizenranland Tribe,Monsoon Coastal,2,Animal Husbandry,20
-5000,initial,41,North quizenranland Tribe,Monsoon Coastal,20,Agriculture,20
-5000,initial,41,North quizenranland Tribe,Monsoon Coastal,3,Archery,20
-5000,initial,41,North quizenranland Tribe,Monsoon Coastal,5,Sailing,20
-5000,initial,41,North quizenranland Tribe,Monsoon Coastal,6,Calendar,20
-5000,initial,42,North nater Tribe,Monsoon Coastal,100,Cordage and Knots,20
-5000,initial,42,North nater Tribe,Monsoon Coastal,101,Hide Working and Tailored Clothing,20
-5000,initial,42,North nater Tribe,Monsoon Coastal,102,Hafted Stone Tools,20
-5000,initial,42,North nater Tribe,Monsoon Coastal,104,Fishing Technology,20
-5000,initial,42,North nater Tribe,Monsoon Coastal,105,Food Preservation,20
-5000,initial,42,North nater Tribe,Monsoon Coastal,106,Storage Pits and Containers,20
-5000,initial,42,North nater Tribe,Monsoon Coastal,107,Seasonal Aggregation Camps,20
-5000,initial,42,North nater Tribe,Monsoon Coastal,108,Watercraft,20
-5000,initial,42,North nater Tribe,Monsoon Coastal,110,Dog Domestication,20
-5000,initial,42,North nater Tribe,Monsoon Coastal,111,Grinding Stones,20
-5000,initial,42,North nater Tribe,Monsoon Coastal,112,Proto-cultivation,20
-5000,initial,42,North nater Tribe,Monsoon Coastal,113,Sedentism,20
-5000,initial,42,North nater Tribe,Monsoon Coastal,114,Enclosures and Herd Management,20
-5000,initial,42,North nater Tribe,Monsoon Coastal,116,Charcoal Firing,20
-5000,initial,42,North nater Tribe,Monsoon Coastal,1,Pottery,20
-5000,initial,42,North nater Tribe,Monsoon Coastal,2,Animal Husbandry,20
-5000,initial,42,North nater Tribe,Monsoon Coastal,20,Agriculture,20
-5000,initial,42,North nater Tribe,Monsoon Coastal,3,Archery,20
-5000,initial,42,North nater Tribe,Monsoon Coastal,5,Sailing,20
-5000,initial,42,North nater Tribe,Monsoon Coastal,6,Calendar,20
-5000,initial,43,Ranzennaland Tribe,Monsoon Coastal,100,Cordage and Knots,20
-5000,initial,43,Ranzennaland Tribe,Monsoon Coastal,101,Hide Working and Tailored Clothing,20
-5000,initial,43,Ranzennaland Tribe,Monsoon Coastal,102,Hafted Stone Tools,20
-5000,initial,43,Ranzennaland Tribe,Monsoon Coastal,104,Fishing Technology,20
-5000,initial,43,Ranzennaland Tribe,Monsoon Coastal,105,Food Preservation,20
-5000,initial,43,Ranzennaland Tribe,Monsoon Coastal,106,Storage Pits and Containers,20
-5000,initial,43,Ranzennaland Tribe,Monsoon Coastal,107,Seasonal Aggregation Camps,20
-5000,initial,43,Ranzennaland Tribe,Monsoon Coastal,108,Watercraft,20
-5000,initial,43,Ranzennaland Tribe,Monsoon Coastal,110,Dog Domestication,20
-5000,initial,43,Ranzennaland Tribe,Monsoon Coastal,111,Grinding Stones,20
-5000,initial,43,Ranzennaland Tribe,Monsoon Coastal,112,Proto-cultivation,20
-5000,initial,43,Ranzennaland Tribe,Monsoon Coastal,113,Sedentism,20
-5000,initial,43,Ranzennaland Tribe,Monsoon Coastal,114,Enclosures and Herd Management,20
-5000,initial,43,Ranzennaland Tribe,Monsoon Coastal,116,Charcoal Firing,20
-5000,initial,43,Ranzennaland Tribe,Monsoon Coastal,1,Pottery,20
-5000,initial,43,Ranzennaland Tribe,Monsoon Coastal,2,Animal Husbandry,20
-5000,initial,43,Ranzennaland Tribe,Monsoon Coastal,20,Agriculture,20
-5000,initial,43,Ranzennaland Tribe,Monsoon Coastal,3,Archery,20
-5000,initial,43,Ranzennaland Tribe,Monsoon Coastal,5,Sailing,20
-5000,initial,43,Ranzennaland Tribe,Monsoon Coastal,6,Calendar,20
-5000,initial,44,Old quigarter Tribe,Monsoon Coastal,100,Cordage and Knots,20
-5000,initial,44,Old quigarter Tribe,Monsoon Coastal,101,Hide Working and Tailored Clothing,20
-5000,initial,44,Old quigarter Tribe,Monsoon Coastal,102,Hafted Stone Tools,20
-5000,initial,44,Old quigarter Tribe,Monsoon Coastal,104,Fishing Technology,20
-5000,initial,44,Old quigarter Tribe,Monsoon Coastal,105,Food Preservation,20
-5000,initial,44,Old quigarter Tribe,Monsoon Coastal,106,Storage Pits and Containers,20
-5000,initial,44,Old quigarter Tribe,Monsoon Coastal,107,Seasonal Aggregation Camps,20
-5000,initial,44,Old quigarter Tribe,Monsoon Coastal,108,Watercraft,20
-5000,initial,44,Old quigarter Tribe,Monsoon Coastal,110,Dog Domestication,20
-5000,initial,44,Old quigarter Tribe,Monsoon Coastal,111,Grinding Stones,20
-5000,initial,44,Old quigarter Tribe,Monsoon Coastal,112,Proto-cultivation,20
-5000,initial,44,Old quigarter Tribe,Monsoon Coastal,113,Sedentism,20
-5000,initial,44,Old quigarter Tribe,Monsoon Coastal,114,Enclosures and Herd Management,20
-5000,initial,44,Old quigarter Tribe,Monsoon Coastal,116,Charcoal Firing,20
-5000,initial,44,Old quigarter Tribe,Monsoon Coastal,1,Pottery,20
-5000,initial,44,Old quigarter Tribe,Monsoon Coastal,2,Animal Husbandry,20
-5000,initial,44,Old quigarter Tribe,Monsoon Coastal,20,Agriculture,20
-5000,initial,44,Old quigarter Tribe,Monsoon Coastal,3,Archery,20
-5000,initial,44,Old quigarter Tribe,Monsoon Coastal,5,Sailing,20
-5000,initial,44,Old quigarter Tribe,Monsoon Coastal,6,Calendar,20
-5000,initial,45,New viadus Tribe,Steppe Nomadic,100,Cordage and Knots,14
-5000,initial,45,New viadus Tribe,Steppe Nomadic,101,Hide Working and Tailored Clothing,14
-5000,initial,45,New viadus Tribe,Steppe Nomadic,102,Hafted Stone Tools,14
-5000,initial,45,New viadus Tribe,Steppe Nomadic,105,Food Preservation,14
-5000,initial,45,New viadus Tribe,Steppe Nomadic,106,Storage Pits and Containers,14
-5000,initial,45,New viadus Tribe,Steppe Nomadic,107,Seasonal Aggregation Camps,14
-5000,initial,45,New viadus Tribe,Steppe Nomadic,110,Dog Domestication,14
-5000,initial,45,New viadus Tribe,Steppe Nomadic,111,Grinding Stones,14
-5000,initial,45,New viadus Tribe,Steppe Nomadic,113,Sedentism,14
-5000,initial,45,New viadus Tribe,Steppe Nomadic,114,Enclosures and Herd Management,14
-5000,initial,45,New viadus Tribe,Steppe Nomadic,2,Animal Husbandry,14
-5000,initial,45,New viadus Tribe,Steppe Nomadic,4,Mining,14
-5000,initial,45,New viadus Tribe,Steppe Nomadic,3,Archery,14
-5000,initial,45,New viadus Tribe,Steppe Nomadic,6,Calendar,14
-5000,initial,46,Quilormaria Tribe,Steppe Nomadic,100,Cordage and Knots,14
-5000,initial,46,Quilormaria Tribe,Steppe Nomadic,101,Hide Working and Tailored Clothing,14
-5000,initial,46,Quilormaria Tribe,Steppe Nomadic,102,Hafted Stone Tools,14
-5000,initial,46,Quilormaria Tribe,Steppe Nomadic,105,Food Preservation,14
-5000,initial,46,Quilormaria Tribe,Steppe Nomadic,106,Storage Pits and Containers,14
-5000,initial,46,Quilormaria Tribe,Steppe Nomadic,107,Seasonal Aggregation Camps,14
-5000,initial,46,Quilormaria Tribe,Steppe Nomadic,110,Dog Domestication,14
-5000,initial,46,Quilormaria Tribe,Steppe Nomadic,111,Grinding Stones,14
-5000,initial,46,Quilormaria Tribe,Steppe Nomadic,113,Sedentism,14
-5000,initial,46,Quilormaria Tribe,Steppe Nomadic,114,Enclosures and Herd Management,14
-5000,initial,46,Quilormaria Tribe,Steppe Nomadic,2,Animal Husbandry,14
-5000,initial,46,Quilormaria Tribe,Steppe Nomadic,4,Mining,14
-5000,initial,46,Quilormaria Tribe,Steppe Nomadic,3,Archery,14
-5000,initial,46,Quilormaria Tribe,Steppe Nomadic,6,Calendar,14
-5000,initial,47,South terbelsolstan Tribe,Steppe Nomadic,100,Cordage and Knots,14
-5000,initial,47,South terbelsolstan Tribe,Steppe Nomadic,101,Hide Working and Tailored Clothing,14
-5000,initial,47,South terbelsolstan Tribe,Steppe Nomadic,102,Hafted Stone Tools,14
-5000,initial,47,South terbelsolstan Tribe,Steppe Nomadic,105,Food Preservation,14
-5000,initial,47,South terbelsolstan Tribe,Steppe Nomadic,106,Storage Pits and Containers,14
-5000,initial,47,South terbelsolstan Tribe,Steppe Nomadic,107,Seasonal Aggregation Camps,14
-5000,initial,47,South terbelsolstan Tribe,Steppe Nomadic,110,Dog Domestication,14
-5000,initial,47,South terbelsolstan Tribe,Steppe Nomadic,111,Grinding Stones,14
-5000,initial,47,South terbelsolstan Tribe,Steppe Nomadic,113,Sedentism,14
-5000,initial,47,South terbelsolstan Tribe,Steppe Nomadic,114,Enclosures and Herd Management,14
-5000,initial,47,South terbelsolstan Tribe,Steppe Nomadic,2,Animal Husbandry,14
-5000,initial,47,South terbelsolstan Tribe,Steppe Nomadic,4,Mining,14
-5000,initial,47,South terbelsolstan Tribe,Steppe Nomadic,3,Archery,14
-5000,initial,47,South terbelsolstan Tribe,Steppe Nomadic,6,Calendar,14
-5000,initial,48,North ngoma Tribe,Nile Floodplain,100,Cordage and Knots,19
-5000,initial,48,North ngoma Tribe,Nile Floodplain,101,Hide Working and Tailored Clothing,19
-5000,initial,48,North ngoma Tribe,Nile Floodplain,102,Hafted Stone Tools,19
-5000,initial,48,North ngoma Tribe,Nile Floodplain,105,Food Preservation,19
-5000,initial,48,North ngoma Tribe,Nile Floodplain,106,Storage Pits and Containers,19
-5000,initial,48,North ngoma Tribe,Nile Floodplain,107,Seasonal Aggregation Camps,19
-5000,initial,48,North ngoma Tribe,Nile Floodplain,110,Dog Domestication,19
-5000,initial,48,North ngoma Tribe,Nile Floodplain,111,Grinding Stones,19
-5000,initial,48,North ngoma Tribe,Nile Floodplain,112,Proto-cultivation,19
-5000,initial,48,North ngoma Tribe,Nile Floodplain,113,Sedentism,19
-5000,initial,48,North ngoma Tribe,Nile Floodplain,114,Enclosures and Herd Management,19
-5000,initial,48,North ngoma Tribe,Nile Floodplain,115,Counting Tokens and Tallies,19
-5000,initial,48,North ngoma Tribe,Nile Floodplain,116,Charcoal Firing,19
-5000,initial,48,North ngoma Tribe,Nile Floodplain,1,Pottery,19
-5000,initial,48,North ngoma Tribe,Nile Floodplain,2,Animal Husbandry,19
-5000,initial,48,North ngoma Tribe,Nile Floodplain,20,Agriculture,19
-5000,initial,48,North ngoma Tribe,Nile Floodplain,3,Archery,19
-5000,initial,48,North ngoma Tribe,Nile Floodplain,6,Calendar,19
-5000,initial,48,North ngoma Tribe,Nile Floodplain,10,Irrigation,19
-5000,initial,49,Old tanka Tribe,Nile Floodplain,100,Cordage and Knots,19
-5000,initial,49,Old tanka Tribe,Nile Floodplain,101,Hide Working and Tailored Clothing,19
-5000,initial,49,Old tanka Tribe,Nile Floodplain,102,Hafted Stone Tools,19
-5000,initial,49,Old tanka Tribe,Nile Floodplain,105,Food Preservation,19
-5000,initial,49,Old tanka Tribe,Nile Floodplain,106,Storage Pits and Containers,19
-5000,initial,49,Old tanka Tribe,Nile Floodplain,107,Seasonal Aggregation Camps,19
-5000,initial,49,Old tanka Tribe,Nile Floodplain,110,Dog Domestication,19
-5000,initial,49,Old tanka Tribe,Nile Floodplain,111,Grinding Stones,19
-5000,initial,49,Old tanka Tribe,Nile Floodplain,112,Proto-cultivation,19
-5000,initial,49,Old tanka Tribe,Nile Floodplain,113,Sedentism,19
-5000,initial,49,Old tanka Tribe,Nile Floodplain,114,Enclosures and Herd Management,19
-5000,initial,49,Old tanka Tribe,Nile Floodplain,115,Counting Tokens and Tallies,19
-5000,initial,49,Old tanka Tribe,Nile Floodplain,116,Charcoal Firing,19
-5000,initial,49,Old tanka Tribe,Nile Floodplain,1,Pottery,19
-5000,initial,49,Old tanka Tribe,Nile Floodplain,2,Animal Husbandry,19
-5000,initial,49,Old tanka Tribe,Nile Floodplain,20,Agriculture,19
-5000,initial,49,Old tanka Tribe,Nile Floodplain,3,Archery,19
-5000,initial,49,Old tanka Tribe,Nile Floodplain,6,Calendar,19
-5000,initial,49,Old tanka Tribe,Nile Floodplain,10,Irrigation,19
-5000,initial,50,South kangobara Tribe,North Saharan,100,Cordage and Knots,19
-5000,initial,50,South kangobara Tribe,North Saharan,101,Hide Working and Tailored Clothing,19
-5000,initial,50,South kangobara Tribe,North Saharan,102,Hafted Stone Tools,19
-5000,initial,50,South kangobara Tribe,North Saharan,105,Food Preservation,19
-5000,initial,50,South kangobara Tribe,North Saharan,106,Storage Pits and Containers,19
-5000,initial,50,South kangobara Tribe,North Saharan,107,Seasonal Aggregation Camps,19
-5000,initial,50,South kangobara Tribe,North Saharan,110,Dog Domestication,19
-5000,initial,50,South kangobara Tribe,North Saharan,111,Grinding Stones,19
-5000,initial,50,South kangobara Tribe,North Saharan,112,Proto-cultivation,19
-5000,initial,50,South kangobara Tribe,North Saharan,113,Sedentism,19
-5000,initial,50,South kangobara Tribe,North Saharan,114,Enclosures and Herd Management,19
-5000,initial,50,South kangobara Tribe,North Saharan,115,Counting Tokens and Tallies,19
-5000,initial,50,South kangobara Tribe,North Saharan,116,Charcoal Firing,19
-5000,initial,50,South kangobara Tribe,North Saharan,1,Pottery,19
-5000,initial,50,South kangobara Tribe,North Saharan,2,Animal Husbandry,19
-5000,initial,50,South kangobara Tribe,North Saharan,4,Mining,19
-5000,initial,50,South kangobara Tribe,North Saharan,20,Agriculture,19
-5000,initial,50,South kangobara Tribe,North Saharan,3,Archery,19
-5000,initial,50,South kangobara Tribe,North Saharan,6,Calendar,19
-5000,initial,51,New lamtanene Tribe,West Sahel,100,Cordage and Knots,15
-5000,initial,51,New lamtanene Tribe,West Sahel,101,Hide Working and Tailored Clothing,15
-5000,initial,51,New lamtanene Tribe,West Sahel,102,Hafted Stone Tools,15
-5000,initial,51,New lamtanene Tribe,West Sahel,105,Food Preservation,15
-5000,initial,51,New lamtanene Tribe,West Sahel,106,Storage Pits and Containers,15
-5000,initial,51,New lamtanene Tribe,West Sahel,107,Seasonal Aggregation Camps,15
-5000,initial,51,New lamtanene Tribe,West Sahel,111,Grinding Stones,15
-5000,initial,51,New lamtanene Tribe,West Sahel,112,Proto-cultivation,15
-5000,initial,51,New lamtanene Tribe,West Sahel,113,Sedentism,15
-5000,initial,51,New lamtanene Tribe,West Sahel,116,Charcoal Firing,15
-5000,initial,51,New lamtanene Tribe,West Sahel,1,Pottery,15
-5000,initial,51,New lamtanene Tribe,West Sahel,4,Mining,15
-5000,initial,51,New lamtanene Tribe,West Sahel,20,Agriculture,15
-5000,initial,51,New lamtanene Tribe,West Sahel,3,Archery,15
-5000,initial,51,New lamtanene Tribe,West Sahel,6,Calendar,15
-5000,initial,52,Katanngou Tribe,West Sahel,100,Cordage and Knots,15
-5000,initial,52,Katanngou Tribe,West Sahel,101,Hide Working and Tailored Clothing,15
-5000,initial,52,Katanngou Tribe,West Sahel,102,Hafted Stone Tools,15
-5000,initial,52,Katanngou Tribe,West Sahel,105,Food Preservation,15
-5000,initial,52,Katanngou Tribe,West Sahel,106,Storage Pits and Containers,15
-5000,initial,52,Katanngou Tribe,West Sahel,107,Seasonal Aggregation Camps,15
-5000,initial,52,Katanngou Tribe,West Sahel,111,Grinding Stones,15
-5000,initial,52,Katanngou Tribe,West Sahel,112,Proto-cultivation,15
-5000,initial,52,Katanngou Tribe,West Sahel,113,Sedentism,15
-5000,initial,52,Katanngou Tribe,West Sahel,116,Charcoal Firing,15
-5000,initial,52,Katanngou Tribe,West Sahel,1,Pottery,15
-5000,initial,52,Katanngou Tribe,West Sahel,4,Mining,15
-5000,initial,52,Katanngou Tribe,West Sahel,20,Agriculture,15
-5000,initial,52,Katanngou Tribe,West Sahel,3,Archery,15
-5000,initial,52,Katanngou Tribe,West Sahel,6,Calendar,15
-5000,initial,53,South kamaene Tribe,East Horn,100,Cordage and Knots,15
-5000,initial,53,South kamaene Tribe,East Horn,101,Hide Working and Tailored Clothing,15
-5000,initial,53,South kamaene Tribe,East Horn,102,Hafted Stone Tools,15
-5000,initial,53,South kamaene Tribe,East Horn,105,Food Preservation,15
-5000,initial,53,South kamaene Tribe,East Horn,106,Storage Pits and Containers,15
-5000,initial,53,South kamaene Tribe,East Horn,107,Seasonal Aggregation Camps,15
-5000,initial,53,South kamaene Tribe,East Horn,111,Grinding Stones,15
-5000,initial,53,South kamaene Tribe,East Horn,112,Proto-cultivation,15
-5000,initial,53,South kamaene Tribe,East Horn,113,Sedentism,15
-5000,initial,53,South kamaene Tribe,East Horn,116,Charcoal Firing,15
-5000,initial,53,South kamaene Tribe,East Horn,1,Pottery,15
-5000,initial,53,South kamaene Tribe,East Horn,4,Mining,15
-5000,initial,53,South kamaene Tribe,East Horn,20,Agriculture,15
-5000,initial,53,South kamaene Tribe,East Horn,3,Archery,15
-5000,initial,53,South kamaene Tribe,East Horn,6,Calendar,15
-5000,initial,54,North zungolama Tribe,East Horn,100,Cordage and Knots,15
-5000,initial,54,North zungolama Tribe,East Horn,101,Hide Working and Tailored Clothing,15
-5000,initial,54,North zungolama Tribe,East Horn,102,Hafted Stone Tools,15
-5000,initial,54,North zungolama Tribe,East Horn,105,Food Preservation,15
-5000,initial,54,North zungolama Tribe,East Horn,106,Storage Pits and Containers,15
-5000,initial,54,North zungolama Tribe,East Horn,107,Seasonal Aggregation Camps,15
-5000,initial,54,North zungolama Tribe,East Horn,111,Grinding Stones,15
-5000,initial,54,North zungolama Tribe,East Horn,112,Proto-cultivation,15
-5000,initial,54,North zungolama Tribe,East Horn,113,Sedentism,15
-5000,initial,54,North zungolama Tribe,East Horn,116,Charcoal Firing,15
-5000,initial,54,North zungolama Tribe,East Horn,1,Pottery,15
-5000,initial,54,North zungolama Tribe,East Horn,4,Mining,15
-5000,initial,54,North zungolama Tribe,East Horn,20,Agriculture,15
-5000,initial,54,North zungolama Tribe,East Horn,3,Archery,15
-5000,initial,54,North zungolama Tribe,East Horn,6,Calendar,15
-5000,initial,55,Ofibarara Tribe,Central Forest,100,Cordage and Knots,13
-5000,initial,55,Ofibarara Tribe,Central Forest,101,Hide Working and Tailored Clothing,13
-5000,initial,55,Ofibarara Tribe,Central Forest,102,Hafted Stone Tools,13
-5000,initial,55,Ofibarara Tribe,Central Forest,105,Food Preservation,13
-5000,initial,55,Ofibarara Tribe,Central Forest,106,Storage Pits and Containers,13
-5000,initial,55,Ofibarara Tribe,Central Forest,107,Seasonal Aggregation Camps,13
-5000,initial,55,Ofibarara Tribe,Central Forest,111,Grinding Stones,13
-5000,initial,55,Ofibarara Tribe,Central Forest,113,Sedentism,13
-5000,initial,55,Ofibarara Tribe,Central Forest,116,Charcoal Firing,13
-5000,initial,55,Ofibarara Tribe,Central Forest,1,Pottery,13
-5000,initial,55,Ofibarara Tribe,Central Forest,4,Mining,13
-5000,initial,55,Ofibarara Tribe,Central Forest,3,Archery,13
-5000,initial,55,Ofibarara Tribe,Central Forest,6,Calendar,13
-5000,initial,56,Alallenum Tribe,Mediterranean Highland,100,Cordage and Knots,20
-5000,initial,56,Alallenum Tribe,Mediterranean Highland,101,Hide Working and Tailored Clothing,20
-5000,initial,56,Alallenum Tribe,Mediterranean Highland,102,Hafted Stone Tools,20
-5000,initial,56,Alallenum Tribe,Mediterranean Highland,105,Food Preservation,20
-5000,initial,56,Alallenum Tribe,Mediterranean Highland,106,Storage Pits and Containers,20
-5000,initial,56,Alallenum Tribe,Mediterranean Highland,107,Seasonal Aggregation Camps,20
-5000,initial,56,Alallenum Tribe,Mediterranean Highland,110,Dog Domestication,20
-5000,initial,56,Alallenum Tribe,Mediterranean Highland,111,Grinding Stones,20
-5000,initial,56,Alallenum Tribe,Mediterranean Highland,112,Proto-cultivation,20
-5000,initial,56,Alallenum Tribe,Mediterranean Highland,113,Sedentism,20
-5000,initial,56,Alallenum Tribe,Mediterranean Highland,114,Enclosures and Herd Management,20
-5000,initial,56,Alallenum Tribe,Mediterranean Highland,115,Counting Tokens and Tallies,20
-5000,initial,56,Alallenum Tribe,Mediterranean Highland,116,Charcoal Firing,20
-5000,initial,56,Alallenum Tribe,Mediterranean Highland,1,Pottery,20
-5000,initial,56,Alallenum Tribe,Mediterranean Highland,119,Native Copper Working,20
-5000,initial,56,Alallenum Tribe,Mediterranean Highland,2,Animal Husbandry,20
-5000,initial,56,Alallenum Tribe,Mediterranean Highland,4,Mining,20
-5000,initial,56,Alallenum Tribe,Mediterranean Highland,20,Agriculture,20
-5000,initial,56,Alallenum Tribe,Mediterranean Highland,3,Archery,20
-5000,initial,56,Alallenum Tribe,Mediterranean Highland,6,Calendar,20
-5000,initial,57,Old dorbelbelia Tribe,Mediterranean Highland,100,Cordage and Knots,20
-5000,initial,57,Old dorbelbelia Tribe,Mediterranean Highland,101,Hide Working and Tailored Clothing,20
-5000,initial,57,Old dorbelbelia Tribe,Mediterranean Highland,102,Hafted Stone Tools,20
-5000,initial,57,Old dorbelbelia Tribe,Mediterranean Highland,105,Food Preservation,20
-5000,initial,57,Old dorbelbelia Tribe,Mediterranean Highland,106,Storage Pits and Containers,20
-5000,initial,57,Old dorbelbelia Tribe,Mediterranean Highland,107,Seasonal Aggregation Camps,20
-5000,initial,57,Old dorbelbelia Tribe,Mediterranean Highland,110,Dog Domestication,20
-5000,initial,57,Old dorbelbelia Tribe,Mediterranean Highland,111,Grinding Stones,20
-5000,initial,57,Old dorbelbelia Tribe,Mediterranean Highland,112,Proto-cultivation,20
-5000,initial,57,Old dorbelbelia Tribe,Mediterranean Highland,113,Sedentism,20
-5000,initial,57,Old dorbelbelia Tribe,Mediterranean Highland,114,Enclosures and Herd Management,20
-5000,initial,57,Old dorbelbelia Tribe,Mediterranean Highland,115,Counting Tokens and Tallies,20
-5000,initial,57,Old dorbelbelia Tribe,Mediterranean Highland,116,Charcoal Firing,20
-5000,initial,57,Old dorbelbelia Tribe,Mediterranean Highland,1,Pottery,20
-5000,initial,57,Old dorbelbelia Tribe,Mediterranean Highland,119,Native Copper Working,20
-5000,initial,57,Old dorbelbelia Tribe,Mediterranean Highland,2,Animal Husbandry,20
-5000,initial,57,Old dorbelbelia Tribe,Mediterranean Highland,4,Mining,20
-5000,initial,57,Old dorbelbelia Tribe,Mediterranean Highland,20,Agriculture,20
-5000,initial,57,Old dorbelbelia Tribe,Mediterranean Highland,3,Archery,20
-5000,initial,57,Old dorbelbelia Tribe,Mediterranean Highland,6,Calendar,20
-5000,initial,58,North selnortar Tribe,Mediterranean Urban,100,Cordage and Knots,22
-5000,initial,58,North selnortar Tribe,Mediterranean Urban,101,Hide Working and Tailored Clothing,22
-5000,initial,58,North selnortar Tribe,Mediterranean Urban,102,Hafted Stone Tools,22
-5000,initial,58,North selnortar Tribe,Mediterranean Urban,104,Fishing Technology,22
-5000,initial,58,North selnortar Tribe,Mediterranean Urban,105,Food Preservation,22
-5000,initial,58,North selnortar Tribe,Mediterranean Urban,106,Storage Pits and Containers,22
-5000,initial,58,North selnortar Tribe,Mediterranean Urban,107,Seasonal Aggregation Camps,22
-5000,initial,58,North selnortar Tribe,Mediterranean Urban,108,Watercraft,22
-5000,initial,58,North selnortar Tribe,Mediterranean Urban,110,Dog Domestication,22
-5000,initial,58,North selnortar Tribe,Mediterranean Urban,111,Grinding Stones,22
-5000,initial,58,North selnortar Tribe,Mediterranean Urban,112,Proto-cultivation,22
-5000,initial,58,North selnortar Tribe,Mediterranean Urban,113,Sedentism,22
-5000,initial,58,North selnortar Tribe,Mediterranean Urban,114,Enclosures and Herd Management,22
-5000,initial,58,North selnortar Tribe,Mediterranean Urban,115,Counting Tokens and Tallies,22
-5000,initial,58,North selnortar Tribe,Mediterranean Urban,116,Charcoal Firing,22
-5000,initial,58,North selnortar Tribe,Mediterranean Urban,1,Pottery,22
-5000,initial,58,North selnortar Tribe,Mediterranean Urban,2,Animal Husbandry,22
-5000,initial,58,North selnortar Tribe,Mediterranean Urban,4,Mining,22
-5000,initial,58,North selnortar Tribe,Mediterranean Urban,20,Agriculture,22
-5000,initial,58,North selnortar Tribe,Mediterranean Urban,3,Archery,22
-5000,initial,58,North selnortar Tribe,Mediterranean Urban,5,Sailing,22
-5000,initial,58,North selnortar Tribe,Mediterranean Urban,6,Calendar,22
-5000,initial,59,Old romselum Tribe,Mediterranean Urban,100,Cordage and Knots,22
-5000,initial,59,Old romselum Tribe,Mediterranean Urban,101,Hide Working and Tailored Clothing,22
-5000,initial,59,Old romselum Tribe,Mediterranean Urban,102,Hafted Stone Tools,22
-5000,initial,59,Old romselum Tribe,Mediterranean Urban,104,Fishing Technology,22
-5000,initial,59,Old romselum Tribe,Mediterranean Urban,105,Food Preservation,22
-5000,initial,59,Old romselum Tribe,Mediterranean Urban,106,Storage Pits and Containers,22
-5000,initial,59,Old romselum Tribe,Mediterranean Urban,107,Seasonal Aggregation Camps,22
-5000,initial,59,Old romselum Tribe,Mediterranean Urban,108,Watercraft,22
-5000,initial,59,Old romselum Tribe,Mediterranean Urban,110,Dog Domestication,22
-5000,initial,59,Old romselum Tribe,Mediterranean Urban,111,Grinding Stones,22
-5000,initial,59,Old romselum Tribe,Mediterranean Urban,112,Proto-cultivation,22
-5000,initial,59,Old romselum Tribe,Mediterranean Urban,113,Sedentism,22
-5000,initial,59,Old romselum Tribe,Mediterranean Urban,114,Enclosures and Herd Management,22
-5000,initial,59,Old romselum Tribe,Mediterranean Urban,115,Counting Tokens and Tallies,22
-5000,initial,59,Old romselum Tribe,Mediterranean Urban,116,Charcoal Firing,22
-5000,initial,59,Old romselum Tribe,Mediterranean Urban,1,Pottery,22
-5000,initial,59,Old romselum Tribe,Mediterranean Urban,2,Animal Husbandry,22
-5000,initial,59,Old romselum Tribe,Mediterranean Urban,4,Mining,22
-5000,initial,59,Old romselum Tribe,Mediterranean Urban,20,Agriculture,22
-5000,initial,59,Old romselum Tribe,Mediterranean Urban,3,Archery,22
-5000,initial,59,Old romselum Tribe,Mediterranean Urban,5,Sailing,22
-5000,initial,59,Old romselum Tribe,Mediterranean Urban,6,Calendar,22
-5000,initial,60,North ventarbelia Tribe,Central Plain,100,Cordage and Knots,18
-5000,initial,60,North ventarbelia Tribe,Central Plain,101,Hide Working and Tailored Clothing,18
-5000,initial,60,North ventarbelia Tribe,Central Plain,102,Hafted Stone Tools,18
-5000,initial,60,North ventarbelia Tribe,Central Plain,105,Food Preservation,18
-5000,initial,60,North ventarbelia Tribe,Central Plain,106,Storage Pits and Containers,18
-5000,initial,60,North ventarbelia Tribe,Central Plain,107,Seasonal Aggregation Camps,18
-5000,initial,60,North ventarbelia Tribe,Central Plain,110,Dog Domestication,18
-5000,initial,60,North ventarbelia Tribe,Central Plain,111,Grinding Stones,18
-5000,initial,60,North ventarbelia Tribe,Central Plain,112,Proto-cultivation,18
-5000,initial,60,North ventarbelia Tribe,Central Plain,113,Sedentism,18
-5000,initial,60,North ventarbelia Tribe,Central Plain,114,Enclosures and Herd Management,18
-5000,initial,60,North ventarbelia Tribe,Central Plain,116,Charcoal Firing,18
-5000,initial,60,North ventarbelia Tribe,Central Plain,1,Pottery,18
-5000,initial,60,North ventarbelia Tribe,Central Plain,2,Animal Husbandry,18
-5000,initial,60,North ventarbelia Tribe,Central Plain,4,Mining,18
-5000,initial,60,North ventarbelia Tribe,Central Plain,20,Agriculture,18
-5000,initial,60,North ventarbelia Tribe,Central Plain,3,Archery,18
-5000,initial,60,North ventarbelia Tribe,Central Plain,6,Calendar,18
-5000,initial,61,Old venromum Tribe,Central Plain,100,Cordage and Knots,18
-5000,initial,61,Old venromum Tribe,Central Plain,101,Hide Working and Tailored Clothing,18
-5000,initial,61,Old venromum Tribe,Central Plain,102,Hafted Stone Tools,18
-5000,initial,61,Old venromum Tribe,Central Plain,105,Food Preservation,18
-5000,initial,61,Old venromum Tribe,Central Plain,106,Storage Pits and Containers,18
-5000,initial,61,Old venromum Tribe,Central Plain,107,Seasonal Aggregation Camps,18
-5000,initial,61,Old venromum Tribe,Central Plain,110,Dog Domestication,18
-5000,initial,61,Old venromum Tribe,Central Plain,111,Grinding Stones,18
-5000,initial,61,Old venromum Tribe,Central Plain,112,Proto-cultivation,18
-5000,initial,61,Old venromum Tribe,Central Plain,113,Sedentism,18
-5000,initial,61,Old venromum Tribe,Central Plain,114,Enclosures and Herd Management,18
-5000,initial,61,Old venromum Tribe,Central Plain,116,Charcoal Firing,18
-5000,initial,61,Old venromum Tribe,Central Plain,1,Pottery,18
-5000,initial,61,Old venromum Tribe,Central Plain,2,Animal Husbandry,18
-5000,initial,61,Old venromum Tribe,Central Plain,4,Mining,18
-5000,initial,61,Old venromum Tribe,Central Plain,20,Agriculture,18
-5000,initial,61,Old venromum Tribe,Central Plain,3,Archery,18
-5000,initial,61,Old venromum Tribe,Central Plain,6,Calendar,18
-5000,initial,62,Great belromkaria Tribe,Atlantic Fringe,100,Cordage and Knots,15
-5000,initial,62,Great belromkaria Tribe,Atlantic Fringe,101,Hide Working and Tailored Clothing,15
-5000,initial,62,Great belromkaria Tribe,Atlantic Fringe,102,Hafted Stone Tools,15
-5000,initial,62,Great belromkaria Tribe,Atlantic Fringe,105,Food Preservation,15
-5000,initial,62,Great belromkaria Tribe,Atlantic Fringe,106,Storage Pits and Containers,15
-5000,initial,62,Great belromkaria Tribe,Atlantic Fringe,107,Seasonal Aggregation Camps,15
-5000,initial,62,Great belromkaria Tribe,Atlantic Fringe,111,Grinding Stones,15
-5000,initial,62,Great belromkaria Tribe,Atlantic Fringe,112,Proto-cultivation,15
-5000,initial,62,Great belromkaria Tribe,Atlantic Fringe,113,Sedentism,15
-5000,initial,62,Great belromkaria Tribe,Atlantic Fringe,116,Charcoal Firing,15
-5000,initial,62,Great belromkaria Tribe,Atlantic Fringe,1,Pottery,15
-5000,initial,62,Great belromkaria Tribe,Atlantic Fringe,4,Mining,15
-5000,initial,62,Great belromkaria Tribe,Atlantic Fringe,20,Agriculture,15
-5000,initial,62,Great belromkaria Tribe,Atlantic Fringe,3,Archery,15
-5000,initial,62,Great belromkaria Tribe,Atlantic Fringe,6,Calendar,15
-5000,initial,63,Old romlenromland Tribe,Atlantic Fringe,100,Cordage and Knots,15
-5000,initial,63,Old romlenromland Tribe,Atlantic Fringe,101,Hide Working and Tailored Clothing,15
-5000,initial,63,Old romlenromland Tribe,Atlantic Fringe,102,Hafted Stone Tools,15
-5000,initial,63,Old romlenromland Tribe,Atlantic Fringe,105,Food Preservation,15
-5000,initial,63,Old romlenromland Tribe,Atlantic Fringe,106,Storage Pits and Containers,15
-5000,initial,63,Old romlenromland Tribe,Atlantic Fringe,107,Seasonal Aggregation Camps,15
-5000,initial,63,Old romlenromland Tribe,Atlantic Fringe,111,Grinding Stones,15
-5000,initial,63,Old romlenromland Tribe,Atlantic Fringe,112,Proto-cultivation,15
-5000,initial,63,Old romlenromland Tribe,Atlantic Fringe,113,Sedentism,15
-5000,initial,63,Old romlenromland Tribe,Atlantic Fringe,116,Charcoal Firing,15
-5000,initial,63,Old romlenromland Tribe,Atlantic Fringe,1,Pottery,15
-5000,initial,63,Old romlenromland Tribe,Atlantic Fringe,4,Mining,15
-5000,initial,63,Old romlenromland Tribe,Atlantic Fringe,20,Agriculture,15
-5000,initial,63,Old romlenromland Tribe,Atlantic Fringe,3,Archery,15
-5000,initial,63,Old romlenromland Tribe,Atlantic Fringe,6,Calendar,15
-5000,initial,64,Great venvenum Tribe,Northern Maritime,100,Cordage and Knots,11
-5000,initial,64,Great venvenum Tribe,Northern Maritime,101,Hide Working and Tailored Clothing,11
-5000,initial,64,Great venvenum Tribe,Northern Maritime,102,Hafted Stone Tools,11
-5000,initial,64,Great venvenum Tribe,Northern Maritime,105,Food Preservation,11
-5000,initial,64,Great venvenum Tribe,Northern Maritime,106,Storage Pits and Containers,11
-5000,initial,64,Great venvenum Tribe,Northern Maritime,107,Seasonal Aggregation Camps,11
-5000,initial,64,Great venvenum Tribe,Northern Maritime,111,Grinding Stones,11
-5000,initial,64,Great venvenum Tribe,Northern Maritime,113,Sedentism,11
-5000,initial,64,Great venvenum Tribe,Northern Maritime,4,Mining,11
-5000,initial,64,Great venvenum Tribe,Northern Maritime,3,Archery,11
-5000,initial,64,Great venvenum Tribe,Northern Maritime,6,Calendar,11
-5000,initial,65,Great teoxocco Tribe,Mesoamerican,100,Cordage and Knots,14
-5000,initial,65,Great teoxocco Tribe,Mesoamerican,101,Hide Working and Tailored Clothing,14
-5000,initial,65,Great teoxocco Tribe,Mesoamerican,102,Hafted Stone Tools,14
-5000,initial,65,Great teoxocco Tribe,Mesoamerican,105,Food Preservation,14
-5000,initial,65,Great teoxocco Tribe,Mesoamerican,106,Storage Pits and Containers,14
-5000,initial,65,Great teoxocco Tribe,Mesoamerican,107,Seasonal Aggregation Camps,14
-5000,initial,65,Great teoxocco Tribe,Mesoamerican,111,Grinding Stones,14
-5000,initial,65,Great teoxocco Tribe,Mesoamerican,112,Proto-cultivation,14
-5000,initial,65,Great teoxocco Tribe,Mesoamerican,113,Sedentism,14
-5000,initial,65,Great teoxocco Tribe,Mesoamerican,116,Charcoal Firing,14
-5000,initial,65,Great teoxocco Tribe,Mesoamerican,1,Pottery,14
-5000,initial,65,Great teoxocco Tribe,Mesoamerican,20,Agriculture,14
-5000,initial,65,Great teoxocco Tribe,Mesoamerican,3,Archery,14
-5000,initial,65,Great teoxocco Tribe,Mesoamerican,6,Calendar,14
-5000,initial,66,North mixmixmix Tribe,Mesoamerican,100,Cordage and Knots,14
-5000,initial,66,North mixmixmix Tribe,Mesoamerican,101,Hide Working and Tailored Clothing,14
-5000,initial,66,North mixmixmix Tribe,Mesoamerican,102,Hafted Stone Tools,14
-5000,initial,66,North mixmixmix Tribe,Mesoamerican,105,Food Preservation,14
-5000,initial,66,North mixmixmix Tribe,Mesoamerican,106,Storage Pits and Containers,14
-5000,initial,66,North mixmixmix Tribe,Mesoamerican,107,Seasonal Aggregation Camps,14
-5000,initial,66,North mixmixmix Tribe,Mesoamerican,111,Grinding Stones,14
-5000,initial,66,North mixmixmix Tribe,Mesoamerican,112,Proto-cultivation,14
-5000,initial,66,North mixmixmix Tribe,Mesoamerican,113,Sedentism,14
-5000,initial,66,North mixmixmix Tribe,Mesoamerican,116,Charcoal Firing,14
-5000,initial,66,North mixmixmix Tribe,Mesoamerican,1,Pottery,14
-5000,initial,66,North mixmixmix Tribe,Mesoamerican,20,Agriculture,14
-5000,initial,66,North mixmixmix Tribe,Mesoamerican,3,Archery,14
-5000,initial,66,North mixmixmix Tribe,Mesoamerican,6,Calendar,14
-5000,initial,67,Chinahpan Tribe,Mesoamerican,100,Cordage and Knots,14
-5000,initial,67,Chinahpan Tribe,Mesoamerican,101,Hide Working and Tailored Clothing,14
-5000,initial,67,Chinahpan Tribe,Mesoamerican,102,Hafted Stone Tools,14
-5000,initial,67,Chinahpan Tribe,Mesoamerican,105,Food Preservation,14
-5000,initial,67,Chinahpan Tribe,Mesoamerican,106,Storage Pits and Containers,14
-5000,initial,67,Chinahpan Tribe,Mesoamerican,107,Seasonal Aggregation Camps,14
-5000,initial,67,Chinahpan Tribe,Mesoamerican,111,Grinding Stones,14
-5000,initial,67,Chinahpan Tribe,Mesoamerican,112,Proto-cultivation,14
-5000,initial,67,Chinahpan Tribe,Mesoamerican,113,Sedentism,14
-5000,initial,67,Chinahpan Tribe,Mesoamerican,116,Charcoal Firing,14
-5000,initial,67,Chinahpan Tribe,Mesoamerican,1,Pottery,14
-5000,initial,67,Chinahpan Tribe,Mesoamerican,20,Agriculture,14
-5000,initial,67,Chinahpan Tribe,Mesoamerican,3,Archery,14
-5000,initial,67,Chinahpan Tribe,Mesoamerican,6,Calendar,14
-5000,initial,69,South nahcal Tribe,Mesoamerican,100,Cordage and Knots,14
-5000,initial,69,South nahcal Tribe,Mesoamerican,101,Hide Working and Tailored Clothing,14
-5000,initial,69,South nahcal Tribe,Mesoamerican,102,Hafted Stone Tools,14
-5000,initial,69,South nahcal Tribe,Mesoamerican,105,Food Preservation,14
-5000,initial,69,South nahcal Tribe,Mesoamerican,106,Storage Pits and Containers,14
-5000,initial,69,South nahcal Tribe,Mesoamerican,107,Seasonal Aggregation Camps,14
-5000,initial,69,South nahcal Tribe,Mesoamerican,111,Grinding Stones,14
-5000,initial,69,South nahcal Tribe,Mesoamerican,112,Proto-cultivation,14
-5000,initial,69,South nahcal Tribe,Mesoamerican,113,Sedentism,14
-5000,initial,69,South nahcal Tribe,Mesoamerican,116,Charcoal Firing,14
-5000,initial,69,South nahcal Tribe,Mesoamerican,1,Pottery,14
-5000,initial,69,South nahcal Tribe,Mesoamerican,20,Agriculture,14
-5000,initial,69,South nahcal Tribe,Mesoamerican,3,Archery,14
-5000,initial,69,South nahcal Tribe,Mesoamerican,6,Calendar,14
-5000,initial,70,Old caltemtolpan Tribe,Mesoamerican,100,Cordage and Knots,14
-5000,initial,70,Old caltemtolpan Tribe,Mesoamerican,101,Hide Working and Tailored Clothing,14
-5000,initial,70,Old caltemtolpan Tribe,Mesoamerican,102,Hafted Stone Tools,14
-5000,initial,70,Old caltemtolpan Tribe,Mesoamerican,105,Food Preservation,14
-5000,initial,70,Old caltemtolpan Tribe,Mesoamerican,106,Storage Pits and Containers,14
-5000,initial,70,Old caltemtolpan Tribe,Mesoamerican,107,Seasonal Aggregation Camps,14
-5000,initial,70,Old caltemtolpan Tribe,Mesoamerican,111,Grinding Stones,14
-5000,initial,70,Old caltemtolpan Tribe,Mesoamerican,112,Proto-cultivation,14
-5000,initial,70,Old caltemtolpan Tribe,Mesoamerican,113,Sedentism,14
-5000,initial,70,Old caltemtolpan Tribe,Mesoamerican,116,Charcoal Firing,14
-5000,initial,70,Old caltemtolpan Tribe,Mesoamerican,1,Pottery,14
-5000,initial,70,Old caltemtolpan Tribe,Mesoamerican,20,Agriculture,14
-5000,initial,70,Old caltemtolpan Tribe,Mesoamerican,3,Archery,14
-5000,initial,70,Old caltemtolpan Tribe,Mesoamerican,6,Calendar,14
-5000,initial,71,North tolnahco Tribe,Mesoamerican,100,Cordage and Knots,14
-5000,initial,71,North tolnahco Tribe,Mesoamerican,101,Hide Working and Tailored Clothing,14
-5000,initial,71,North tolnahco Tribe,Mesoamerican,102,Hafted Stone Tools,14
-5000,initial,71,North tolnahco Tribe,Mesoamerican,105,Food Preservation,14
-5000,initial,71,North tolnahco Tribe,Mesoamerican,106,Storage Pits and Containers,14
-5000,initial,71,North tolnahco Tribe,Mesoamerican,107,Seasonal Aggregation Camps,14
-5000,initial,71,North tolnahco Tribe,Mesoamerican,111,Grinding Stones,14
-5000,initial,71,North tolnahco Tribe,Mesoamerican,112,Proto-cultivation,14
-5000,initial,71,North tolnahco Tribe,Mesoamerican,113,Sedentism,14
-5000,initial,71,North tolnahco Tribe,Mesoamerican,116,Charcoal Firing,14
-5000,initial,71,North tolnahco Tribe,Mesoamerican,1,Pottery,14
-5000,initial,71,North tolnahco Tribe,Mesoamerican,20,Agriculture,14
-5000,initial,71,North tolnahco Tribe,Mesoamerican,3,Archery,14
-5000,initial,71,North tolnahco Tribe,Mesoamerican,6,Calendar,14
-5000,initial,72,South nahitzitztan Tribe,Mesoamerican,100,Cordage and Knots,14
-5000,initial,72,South nahitzitztan Tribe,Mesoamerican,101,Hide Working and Tailored Clothing,14
-5000,initial,72,South nahitzitztan Tribe,Mesoamerican,102,Hafted Stone Tools,14
-5000,initial,72,South nahitzitztan Tribe,Mesoamerican,105,Food Preservation,14
-5000,initial,72,South nahitzitztan Tribe,Mesoamerican,106,Storage Pits and Containers,14
-5000,initial,72,South nahitzitztan Tribe,Mesoamerican,107,Seasonal Aggregation Camps,14
-5000,initial,72,South nahitzitztan Tribe,Mesoamerican,111,Grinding Stones,14
-5000,initial,72,South nahitzitztan Tribe,Mesoamerican,112,Proto-cultivation,14
-5000,initial,72,South nahitzitztan Tribe,Mesoamerican,113,Sedentism,14
-5000,initial,72,South nahitzitztan Tribe,Mesoamerican,116,Charcoal Firing,14
-5000,initial,72,South nahitzitztan Tribe,Mesoamerican,1,Pottery,14
-5000,initial,72,South nahitzitztan Tribe,Mesoamerican,20,Agriculture,14
-5000,initial,72,South nahitzitztan Tribe,Mesoamerican,3,Archery,14
-5000,initial,72,South nahitzitztan Tribe,Mesoamerican,6,Calendar,14
-5000,initial,73,South yucchian Tribe,Mesoamerican,100,Cordage and Knots,14
-5000,initial,73,South yucchian Tribe,Mesoamerican,101,Hide Working and Tailored Clothing,14
-5000,initial,73,South yucchian Tribe,Mesoamerican,102,Hafted Stone Tools,14
-5000,initial,73,South yucchian Tribe,Mesoamerican,105,Food Preservation,14
-5000,initial,73,South yucchian Tribe,Mesoamerican,106,Storage Pits and Containers,14
-5000,initial,73,South yucchian Tribe,Mesoamerican,107,Seasonal Aggregation Camps,14
-5000,initial,73,South yucchian Tribe,Mesoamerican,111,Grinding Stones,14
-5000,initial,73,South yucchian Tribe,Mesoamerican,112,Proto-cultivation,14
-5000,initial,73,South yucchian Tribe,Mesoamerican,113,Sedentism,14
-5000,initial,73,South yucchian Tribe,Mesoamerican,116,Charcoal Firing,14
-5000,initial,73,South yucchian Tribe,Mesoamerican,1,Pottery,14
-5000,initial,73,South yucchian Tribe,Mesoamerican,20,Agriculture,14
-5000,initial,73,South yucchian Tribe,Mesoamerican,3,Archery,14
-5000,initial,73,South yucchian Tribe,Mesoamerican,6,Calendar,14
-5000,initial,74,South calxocan Tribe,Mesoamerican,100,Cordage and Knots,14
-5000,initial,74,South calxocan Tribe,Mesoamerican,101,Hide Working and Tailored Clothing,14
-5000,initial,74,South calxocan Tribe,Mesoamerican,102,Hafted Stone Tools,14
-5000,initial,74,South calxocan Tribe,Mesoamerican,105,Food Preservation,14
-5000,initial,74,South calxocan Tribe,Mesoamerican,106,Storage Pits and Containers,14
-5000,initial,74,South calxocan Tribe,Mesoamerican,107,Seasonal Aggregation Camps,14
-5000,initial,74,South calxocan Tribe,Mesoamerican,111,Grinding Stones,14
-5000,initial,74,South calxocan Tribe,Mesoamerican,112,Proto-cultivation,14
-5000,initial,74,South calxocan Tribe,Mesoamerican,113,Sedentism,14
-5000,initial,74,South calxocan Tribe,Mesoamerican,116,Charcoal Firing,14
-5000,initial,74,South calxocan Tribe,Mesoamerican,1,Pottery,14
-5000,initial,74,South calxocan Tribe,Mesoamerican,20,Agriculture,14
-5000,initial,74,South calxocan Tribe,Mesoamerican,3,Archery,14
-5000,initial,74,South calxocan Tribe,Mesoamerican,6,Calendar,14
-5000,initial,75,New ayarumrumna Tribe,Andean Highland,100,Cordage and Knots,15
-5000,initial,75,New ayarumrumna Tribe,Andean Highland,101,Hide Working and Tailored Clothing,15
-5000,initial,75,New ayarumrumna Tribe,Andean Highland,102,Hafted Stone Tools,15
-5000,initial,75,New ayarumrumna Tribe,Andean Highland,105,Food Preservation,15
-5000,initial,75,New ayarumrumna Tribe,Andean Highland,106,Storage Pits and Containers,15
-5000,initial,75,New ayarumrumna Tribe,Andean Highland,107,Seasonal Aggregation Camps,15
-5000,initial,75,New ayarumrumna Tribe,Andean Highland,111,Grinding Stones,15
-5000,initial,75,New ayarumrumna Tribe,Andean Highland,112,Proto-cultivation,15
-5000,initial,75,New ayarumrumna Tribe,Andean Highland,113,Sedentism,15
-5000,initial,75,New ayarumrumna Tribe,Andean Highland,116,Charcoal Firing,15
-5000,initial,75,New ayarumrumna Tribe,Andean Highland,1,Pottery,15
-5000,initial,75,New ayarumrumna Tribe,Andean Highland,4,Mining,15
-5000,initial,75,New ayarumrumna Tribe,Andean Highland,20,Agriculture,15
-5000,initial,75,New ayarumrumna Tribe,Andean Highland,3,Archery,15
-5000,initial,75,New ayarumrumna Tribe,Andean Highland,6,Calendar,15
-5000,initial,76,South qorituppacha Tribe,Andean Highland,100,Cordage and Knots,15
-5000,initial,76,South qorituppacha Tribe,Andean Highland,101,Hide Working and Tailored Clothing,15
-5000,initial,76,South qorituppacha Tribe,Andean Highland,102,Hafted Stone Tools,15
-5000,initial,76,South qorituppacha Tribe,Andean Highland,105,Food Preservation,15
-5000,initial,76,South qorituppacha Tribe,Andean Highland,106,Storage Pits and Containers,15
-5000,initial,76,South qorituppacha Tribe,Andean Highland,107,Seasonal Aggregation Camps,15
-5000,initial,76,South qorituppacha Tribe,Andean Highland,111,Grinding Stones,15
-5000,initial,76,South qorituppacha Tribe,Andean Highland,112,Proto-cultivation,15
-5000,initial,76,South qorituppacha Tribe,Andean Highland,113,Sedentism,15
-5000,initial,76,South qorituppacha Tribe,Andean Highland,116,Charcoal Firing,15
-5000,initial,76,South qorituppacha Tribe,Andean Highland,1,Pottery,15
-5000,initial,76,South qorituppacha Tribe,Andean Highland,4,Mining,15
-5000,initial,76,South qorituppacha Tribe,Andean Highland,20,Agriculture,15
-5000,initial,76,South qorituppacha Tribe,Andean Highland,3,Archery,15
-5000,initial,76,South qorituppacha Tribe,Andean Highland,6,Calendar,15
-5000,initial,77,South intitupayaa Tribe,Andean Highland,100,Cordage and Knots,15
-5000,initial,77,South intitupayaa Tribe,Andean Highland,101,Hide Working and Tailored Clothing,15
-5000,initial,77,South intitupayaa Tribe,Andean Highland,102,Hafted Stone Tools,15
-5000,initial,77,South intitupayaa Tribe,Andean Highland,105,Food Preservation,15
-5000,initial,77,South intitupayaa Tribe,Andean Highland,106,Storage Pits and Containers,15
-5000,initial,77,South intitupayaa Tribe,Andean Highland,107,Seasonal Aggregation Camps,15
-5000,initial,77,South intitupayaa Tribe,Andean Highland,111,Grinding Stones,15
-5000,initial,77,South intitupayaa Tribe,Andean Highland,112,Proto-cultivation,15
-5000,initial,77,South intitupayaa Tribe,Andean Highland,113,Sedentism,15
-5000,initial,77,South intitupayaa Tribe,Andean Highland,116,Charcoal Firing,15
-5000,initial,77,South intitupayaa Tribe,Andean Highland,1,Pottery,15
-5000,initial,77,South intitupayaa Tribe,Andean Highland,4,Mining,15
-5000,initial,77,South intitupayaa Tribe,Andean Highland,20,Agriculture,15
-5000,initial,77,South intitupayaa Tribe,Andean Highland,3,Archery,15
-5000,initial,77,South intitupayaa Tribe,Andean Highland,6,Calendar,15
-5000,initial,78,North qoriintikusyu Tribe,Andean Highland,100,Cordage and Knots,15
-5000,initial,78,North qoriintikusyu Tribe,Andean Highland,101,Hide Working and Tailored Clothing,15
-5000,initial,78,North qoriintikusyu Tribe,Andean Highland,102,Hafted Stone Tools,15
-5000,initial,78,North qoriintikusyu Tribe,Andean Highland,105,Food Preservation,15
-5000,initial,78,North qoriintikusyu Tribe,Andean Highland,106,Storage Pits and Containers,15
-5000,initial,78,North qoriintikusyu Tribe,Andean Highland,107,Seasonal Aggregation Camps,15
-5000,initial,78,North qoriintikusyu Tribe,Andean Highland,111,Grinding Stones,15
-5000,initial,78,North qoriintikusyu Tribe,Andean Highland,112,Proto-cultivation,15
-5000,initial,78,North qoriintikusyu Tribe,Andean Highland,113,Sedentism,15
-5000,initial,78,North qoriintikusyu Tribe,Andean Highland,116,Charcoal Firing,15
-5000,initial,78,North qoriintikusyu Tribe,Andean Highland,1,Pottery,15
-5000,initial,78,North qoriintikusyu Tribe,Andean Highland,4,Mining,15
-5000,initial,78,North qoriintikusyu Tribe,Andean Highland,20,Agriculture,15
-5000,initial,78,North qoriintikusyu Tribe,Andean Highland,3,Archery,15
-5000,initial,78,North qoriintikusyu Tribe,Andean Highland,6,Calendar,15
-5000,initial,79,North intiayaintina Tribe,Andean Highland,100,Cordage and Knots,15
-5000,initial,79,North intiayaintina Tribe,Andean Highland,101,Hide Working and Tailored Clothing,15
-5000,initial,79,North intiayaintina Tribe,Andean Highland,102,Hafted Stone Tools,15
-5000,initial,79,North intiayaintina Tribe,Andean Highland,105,Food Preservation,15
-5000,initial,79,North intiayaintina Tribe,Andean Highland,106,Storage Pits and Containers,15
-5000,initial,79,North intiayaintina Tribe,Andean Highland,107,Seasonal Aggregation Camps,15
-5000,initial,79,North intiayaintina Tribe,Andean Highland,111,Grinding Stones,15
-5000,initial,79,North intiayaintina Tribe,Andean Highland,112,Proto-cultivation,15
-5000,initial,79,North intiayaintina Tribe,Andean Highland,113,Sedentism,15
-5000,initial,79,North intiayaintina Tribe,Andean Highland,116,Charcoal Firing,15
-5000,initial,79,North intiayaintina Tribe,Andean Highland,1,Pottery,15
-5000,initial,79,North intiayaintina Tribe,Andean Highland,4,Mining,15
-5000,initial,79,North intiayaintina Tribe,Andean Highland,20,Agriculture,15
-5000,initial,79,North intiayaintina Tribe,Andean Highland,3,Archery,15
-5000,initial,79,North intiayaintina Tribe,Andean Highland,6,Calendar,15
-5000,initial,80,Great kussuyuintina Tribe,Andean Highland,100,Cordage and Knots,15
-5000,initial,80,Great kussuyuintina Tribe,Andean Highland,101,Hide Working and Tailored Clothing,15
-5000,initial,80,Great kussuyuintina Tribe,Andean Highland,102,Hafted Stone Tools,15
-5000,initial,80,Great kussuyuintina Tribe,Andean Highland,105,Food Preservation,15
-5000,initial,80,Great kussuyuintina Tribe,Andean Highland,106,Storage Pits and Containers,15
-5000,initial,80,Great kussuyuintina Tribe,Andean Highland,107,Seasonal Aggregation Camps,15
-5000,initial,80,Great kussuyuintina Tribe,Andean Highland,111,Grinding Stones,15
-5000,initial,80,Great kussuyuintina Tribe,Andean Highland,112,Proto-cultivation,15
-5000,initial,80,Great kussuyuintina Tribe,Andean Highland,113,Sedentism,15
-5000,initial,80,Great kussuyuintina Tribe,Andean Highland,116,Charcoal Firing,15
-5000,initial,80,Great kussuyuintina Tribe,Andean Highland,1,Pottery,15
-5000,initial,80,Great kussuyuintina Tribe,Andean Highland,4,Mining,15
-5000,initial,80,Great kussuyuintina Tribe,Andean Highland,20,Agriculture,15
-5000,initial,80,Great kussuyuintina Tribe,Andean Highland,3,Archery,15
-5000,initial,80,Great kussuyuintina Tribe,Andean Highland,6,Calendar,15
-5000,initial,81,South qoriqorina Tribe,Andean Highland,100,Cordage and Knots,15
-5000,initial,81,South qoriqorina Tribe,Andean Highland,101,Hide Working and Tailored Clothing,15
-5000,initial,81,South qoriqorina Tribe,Andean Highland,102,Hafted Stone Tools,15
-5000,initial,81,South qoriqorina Tribe,Andean Highland,105,Food Preservation,15
-5000,initial,81,South qoriqorina Tribe,Andean Highland,106,Storage Pits and Containers,15
-5000,initial,81,South qoriqorina Tribe,Andean Highland,107,Seasonal Aggregation Camps,15
-5000,initial,81,South qoriqorina Tribe,Andean Highland,111,Grinding Stones,15
-5000,initial,81,South qoriqorina Tribe,Andean Highland,112,Proto-cultivation,15
-5000,initial,81,South qoriqorina Tribe,Andean Highland,113,Sedentism,15
-5000,initial,81,South qoriqorina Tribe,Andean Highland,116,Charcoal Firing,15
-5000,initial,81,South qoriqorina Tribe,Andean Highland,1,Pottery,15
-5000,initial,81,South qoriqorina Tribe,Andean Highland,4,Mining,15
-5000,initial,81,South qoriqorina Tribe,Andean Highland,20,Agriculture,15
-5000,initial,81,South qoriqorina Tribe,Andean Highland,3,Archery,15
-5000,initial,81,South qoriqorina Tribe,Andean Highland,6,Calendar,15
-5000,initial,82,North nakin Tribe,Eastern Woodland,100,Cordage and Knots,11
-5000,initial,82,North nakin Tribe,Eastern Woodland,101,Hide Working and Tailored Clothing,11
-5000,initial,82,North nakin Tribe,Eastern Woodland,102,Hafted Stone Tools,11
-5000,initial,82,North nakin Tribe,Eastern Woodland,105,Food Preservation,11
-5000,initial,82,North nakin Tribe,Eastern Woodland,106,Storage Pits and Containers,11
-5000,initial,82,North nakin Tribe,Eastern Woodland,107,Seasonal Aggregation Camps,11
-5000,initial,82,North nakin Tribe,Eastern Woodland,111,Grinding Stones,11
-5000,initial,82,North nakin Tribe,Eastern Woodland,113,Sedentism,11
-5000,initial,82,North nakin Tribe,Eastern Woodland,4,Mining,11
-5000,initial,82,North nakin Tribe,Eastern Woodland,3,Archery,11
-5000,initial,82,North nakin Tribe,Eastern Woodland,6,Calendar,11
-5000,initial,83,North lorzen Tribe,Eastern Woodland,100,Cordage and Knots,11
-5000,initial,83,North lorzen Tribe,Eastern Woodland,101,Hide Working and Tailored Clothing,11
-5000,initial,83,North lorzen Tribe,Eastern Woodland,102,Hafted Stone Tools,11
-5000,initial,83,North lorzen Tribe,Eastern Woodland,105,Food Preservation,11
-5000,initial,83,North lorzen Tribe,Eastern Woodland,106,Storage Pits and Containers,11
-5000,initial,83,North lorzen Tribe,Eastern Woodland,107,Seasonal Aggregation Camps,11
-5000,initial,83,North lorzen Tribe,Eastern Woodland,111,Grinding Stones,11
-5000,initial,83,North lorzen Tribe,Eastern Woodland,113,Sedentism,11
-5000,initial,83,North lorzen Tribe,Eastern Woodland,4,Mining,11
-5000,initial,83,North lorzen Tribe,Eastern Woodland,3,Archery,11
-5000,initial,83,North lorzen Tribe,Eastern Woodland,6,Calendar,11
-5000,initial,84,North sollorkin Tribe,Eastern Woodland,100,Cordage and Knots,11
-5000,initial,84,North sollorkin Tribe,Eastern Woodland,101,Hide Working and Tailored Clothing,11
-5000,initial,84,North sollorkin Tribe,Eastern Woodland,102,Hafted Stone Tools,11
-5000,initial,84,North sollorkin Tribe,Eastern Woodland,105,Food Preservation,11
-5000,initial,84,North sollorkin Tribe,Eastern Woodland,106,Storage Pits and Containers,11
-5000,initial,84,North sollorkin Tribe,Eastern Woodland,107,Seasonal Aggregation Camps,11
-5000,initial,84,North sollorkin Tribe,Eastern Woodland,111,Grinding Stones,11
-5000,initial,84,North sollorkin Tribe,Eastern Woodland,113,Sedentism,11
-5000,initial,84,North sollorkin Tribe,Eastern Woodland,4,Mining,11
-5000,initial,84,North sollorkin Tribe,Eastern Woodland,3,Archery,11
-5000,initial,84,North sollorkin Tribe,Eastern Woodland,6,Calendar,11
-5000,initial,85,Belterland Tribe,Eastern Woodland,100,Cordage and Knots,11
-5000,initial,85,Belterland Tribe,Eastern Woodland,101,Hide Working and Tailored Clothing,11
-5000,initial,85,Belterland Tribe,Eastern Woodland,102,Hafted Stone Tools,11
-5000,initial,85,Belterland Tribe,Eastern Woodland,105,Food Preservation,11
-5000,initial,85,Belterland Tribe,Eastern Woodland,106,Storage Pits and Containers,11
-5000,initial,85,Belterland Tribe,Eastern Woodland,107,Seasonal Aggregation Camps,11
-5000,initial,85,Belterland Tribe,Eastern Woodland,111,Grinding Stones,11
-5000,initial,85,Belterland Tribe,Eastern Woodland,113,Sedentism,11
-5000,initial,85,Belterland Tribe,Eastern Woodland,4,Mining,11
-5000,initial,85,Belterland Tribe,Eastern Woodland,3,Archery,11
-5000,initial,85,Belterland Tribe,Eastern Woodland,6,Calendar,11
-5000,initial,86,South marlorland Tribe,Eastern Woodland,100,Cordage and Knots,11
-5000,initial,86,South marlorland Tribe,Eastern Woodland,101,Hide Working and Tailored Clothing,11
-5000,initial,86,South marlorland Tribe,Eastern Woodland,102,Hafted Stone Tools,11
-5000,initial,86,South marlorland Tribe,Eastern Woodland,105,Food Preservation,11
-5000,initial,86,South marlorland Tribe,Eastern Woodland,106,Storage Pits and Containers,11
-5000,initial,86,South marlorland Tribe,Eastern Woodland,107,Seasonal Aggregation Camps,11
-5000,initial,86,South marlorland Tribe,Eastern Woodland,111,Grinding Stones,11
-5000,initial,86,South marlorland Tribe,Eastern Woodland,113,Sedentism,11
-5000,initial,86,South marlorland Tribe,Eastern Woodland,4,Mining,11
-5000,initial,86,South marlorland Tribe,Eastern Woodland,3,Archery,11
-5000,initial,86,South marlorland Tribe,Eastern Woodland,6,Calendar,11
-5000,initial,87,North ranlorbelia Tribe,Eastern Woodland,100,Cordage and Knots,11
-5000,initial,87,North ranlorbelia Tribe,Eastern Woodland,101,Hide Working and Tailored Clothing,11
-5000,initial,87,North ranlorbelia Tribe,Eastern Woodland,102,Hafted Stone Tools,11
-5000,initial,87,North ranlorbelia Tribe,Eastern Woodland,105,Food Preservation,11
-5000,initial,87,North ranlorbelia Tribe,Eastern Woodland,106,Storage Pits and Containers,11
-5000,initial,87,North ranlorbelia Tribe,Eastern Woodland,107,Seasonal Aggregation Camps,11
-5000,initial,87,North ranlorbelia Tribe,Eastern Woodland,111,Grinding Stones,11
-5000,initial,87,North ranlorbelia Tribe,Eastern Woodland,113,Sedentism,11
-5000,initial,87,North ranlorbelia Tribe,Eastern Woodland,4,Mining,11
-5000,initial,87,North ranlorbelia Tribe,Eastern Woodland,3,Archery,11
-5000,initial,87,North ranlorbelia Tribe,Eastern Woodland,6,Calendar,11
-5000,initial,88,North marzenstan Tribe,Eastern Woodland,100,Cordage and Knots,11
-5000,initial,88,North marzenstan Tribe,Eastern Woodland,101,Hide Working and Tailored Clothing,11
-5000,initial,88,North marzenstan Tribe,Eastern Woodland,102,Hafted Stone Tools,11
-5000,initial,88,North marzenstan Tribe,Eastern Woodland,105,Food Preservation,11
-5000,initial,88,North marzenstan Tribe,Eastern Woodland,106,Storage Pits and Containers,11
-5000,initial,88,North marzenstan Tribe,Eastern Woodland,107,Seasonal Aggregation Camps,11
-5000,initial,88,North marzenstan Tribe,Eastern Woodland,111,Grinding Stones,11
-5000,initial,88,North marzenstan Tribe,Eastern Woodland,113,Sedentism,11
-5000,initial,88,North marzenstan Tribe,Eastern Woodland,4,Mining,11
-5000,initial,88,North marzenstan Tribe,Eastern Woodland,3,Archery,11
-5000,initial,88,North marzenstan Tribe,Eastern Woodland,6,Calendar,11
-5000,initial,89,New zenbelstan Tribe,Western Plains,100,Cordage and Knots,11
-5000,initial,89,New zenbelstan Tribe,Western Plains,101,Hide Working and Tailored Clothing,11
-5000,initial,89,New zenbelstan Tribe,Western Plains,102,Hafted Stone Tools,11
-5000,initial,89,New zenbelstan Tribe,Western Plains,105,Food Preservation,11
-5000,initial,89,New zenbelstan Tribe,Western Plains,106,Storage Pits and Containers,11
-5000,initial,89,New zenbelstan Tribe,Western Plains,107,Seasonal Aggregation Camps,11
-5000,initial,89,New zenbelstan Tribe,Western Plains,111,Grinding Stones,11
-5000,initial,89,New zenbelstan Tribe,Western Plains,113,Sedentism,11
-5000,initial,89,New zenbelstan Tribe,Western Plains,4,Mining,11
-5000,initial,89,New zenbelstan Tribe,Western Plains,3,Archery,11
-5000,initial,89,New zenbelstan Tribe,Western Plains,6,Calendar,11
-5000,initial,90,Great viagargrad Tribe,Western Plains,100,Cordage and Knots,11
-5000,initial,90,Great viagargrad Tribe,Western Plains,101,Hide Working and Tailored Clothing,11
-5000,initial,90,Great viagargrad Tribe,Western Plains,102,Hafted Stone Tools,11
-5000,initial,90,Great viagargrad Tribe,Western Plains,105,Food Preservation,11
-5000,initial,90,Great viagargrad Tribe,Western Plains,106,Storage Pits and Containers,11
-5000,initial,90,Great viagargrad Tribe,Western Plains,107,Seasonal Aggregation Camps,11
-5000,initial,90,Great viagargrad Tribe,Western Plains,111,Grinding Stones,11
-5000,initial,90,Great viagargrad Tribe,Western Plains,113,Sedentism,11
-5000,initial,90,Great viagargrad Tribe,Western Plains,4,Mining,11
-5000,initial,90,Great viagargrad Tribe,Western Plains,3,Archery,11
-5000,initial,90,Great viagargrad Tribe,Western Plains,6,Calendar,11
-5000,initial,91,South quiquilor Tribe,Western Plains,100,Cordage and Knots,11
-5000,initial,91,South quiquilor Tribe,Western Plains,101,Hide Working and Tailored Clothing,11
-5000,initial,91,South quiquilor Tribe,Western Plains,102,Hafted Stone Tools,11
-5000,initial,91,South quiquilor Tribe,Western Plains,105,Food Preservation,11
-5000,initial,91,South quiquilor Tribe,Western Plains,106,Storage Pits and Containers,11
-5000,initial,91,South quiquilor Tribe,Western Plains,107,Seasonal Aggregation Camps,11
-5000,initial,91,South quiquilor Tribe,Western Plains,111,Grinding Stones,11
-5000,initial,91,South quiquilor Tribe,Western Plains,113,Sedentism,11
-5000,initial,91,South quiquilor Tribe,Western Plains,4,Mining,11
-5000,initial,91,South quiquilor Tribe,Western Plains,3,Archery,11
-5000,initial,91,South quiquilor Tribe,Western Plains,6,Calendar,11
-5000,initial,92,South zenzenranstan Tribe,Western Plains,100,Cordage and Knots,11
-5000,initial,92,South zenzenranstan Tribe,Western Plains,101,Hide Working and Tailored Clothing,11
-5000,initial,92,South zenzenranstan Tribe,Western Plains,102,Hafted Stone Tools,11
-5000,initial,92,South zenzenranstan Tribe,Western Plains,105,Food Preservation,11
-5000,initial,92,South zenzenranstan Tribe,Western Plains,106,Storage Pits and Containers,11
-5000,initial,92,South zenzenranstan Tribe,Western Plains,107,Seasonal Aggregation Camps,11
-5000,initial,92,South zenzenranstan Tribe,Western Plains,111,Grinding Stones,11
-5000,initial,92,South zenzenranstan Tribe,Western Plains,113,Sedentism,11
-5000,initial,92,South zenzenranstan Tribe,Western Plains,4,Mining,11
-5000,initial,92,South zenzenranstan Tribe,Western Plains,3,Archery,11
-5000,initial,92,South zenzenranstan Tribe,Western Plains,6,Calendar,11
-5000,initial,93,Great soltergrad Tribe,Western Plains,100,Cordage and Knots,11
-5000,initial,93,Great soltergrad Tribe,Western Plains,101,Hide Working and Tailored Clothing,11
-5000,initial,93,Great soltergrad Tribe,Western Plains,102,Hafted Stone Tools,11
-5000,initial,93,Great soltergrad Tribe,Western Plains,105,Food Preservation,11
-5000,initial,93,Great soltergrad Tribe,Western Plains,106,Storage Pits and Containers,11
-5000,initial,93,Great soltergrad Tribe,Western Plains,107,Seasonal Aggregation Camps,11
-5000,initial,93,Great soltergrad Tribe,Western Plains,111,Grinding Stones,11
-5000,initial,93,Great soltergrad Tribe,Western Plains,113,Sedentism,11
-5000,initial,93,Great soltergrad Tribe,Western Plains,4,Mining,11
-5000,initial,93,Great soltergrad Tribe,Western Plains,3,Archery,11
-5000,initial,93,Great soltergrad Tribe,Western Plains,6,Calendar,11
-5000,initial,94,New solranmargrad Tribe,Western Plains,100,Cordage and Knots,11
-5000,initial,94,New solranmargrad Tribe,Western Plains,101,Hide Working and Tailored Clothing,11
-5000,initial,94,New solranmargrad Tribe,Western Plains,102,Hafted Stone Tools,11
-5000,initial,94,New solranmargrad Tribe,Western Plains,105,Food Preservation,11
-5000,initial,94,New solranmargrad Tribe,Western Plains,106,Storage Pits and Containers,11
-5000,initial,94,New solranmargrad Tribe,Western Plains,107,Seasonal Aggregation Camps,11
-5000,initial,94,New solranmargrad Tribe,Western Plains,111,Grinding Stones,11
-5000,initial,94,New solranmargrad Tribe,Western Plains,113,Sedentism,11
-5000,initial,94,New solranmargrad Tribe,Western Plains,4,Mining,11
-5000,initial,94,New solranmargrad Tribe,Western Plains,3,Archery,11
-5000,initial,94,New solranmargrad Tribe,Western Plains,6,Calendar,11
-5000,initial,95,North marlintergrad Tribe,Western Plains,100,Cordage and Knots,11
-5000,initial,95,North marlintergrad Tribe,Western Plains,101,Hide Working and Tailored Clothing,11
-5000,initial,95,North marlintergrad Tribe,Western Plains,102,Hafted Stone Tools,11
-5000,initial,95,North marlintergrad Tribe,Western Plains,105,Food Preservation,11
-5000,initial,95,North marlintergrad Tribe,Western Plains,106,Storage Pits and Containers,11
-5000,initial,95,North marlintergrad Tribe,Western Plains,107,Seasonal Aggregation Camps,11
-5000,initial,95,North marlintergrad Tribe,Western Plains,111,Grinding Stones,11
-5000,initial,95,North marlintergrad Tribe,Western Plains,113,Sedentism,11
-5000,initial,95,North marlintergrad Tribe,Western Plains,4,Mining,11
-5000,initial,95,North marlintergrad Tribe,Western Plains,3,Archery,11
-5000,initial,95,North marlintergrad Tribe,Western Plains,6,Calendar,11
-5000,initial,96,Viagarstan Tribe,Western Plains,100,Cordage and Knots,11
-5000,initial,96,Viagarstan Tribe,Western Plains,101,Hide Working and Tailored Clothing,11
-5000,initial,96,Viagarstan Tribe,Western Plains,102,Hafted Stone Tools,11
-5000,initial,96,Viagarstan Tribe,Western Plains,105,Food Preservation,11
-5000,initial,96,Viagarstan Tribe,Western Plains,106,Storage Pits and Containers,11
-5000,initial,96,Viagarstan Tribe,Western Plains,107,Seasonal Aggregation Camps,11
-5000,initial,96,Viagarstan Tribe,Western Plains,111,Grinding Stones,11
-5000,initial,96,Viagarstan Tribe,Western Plains,113,Sedentism,11
-5000,initial,96,Viagarstan Tribe,Western Plains,4,Mining,11
-5000,initial,96,Viagarstan Tribe,Western Plains,3,Archery,11
-5000,initial,96,Viagarstan Tribe,Western Plains,6,Calendar,11
-5000,initial,97,Solbel Tribe,Caribbean Seafaring,100,Cordage and Knots,12
-5000,initial,97,Solbel Tribe,Caribbean Seafaring,101,Hide Working and Tailored Clothing,12
-5000,initial,97,Solbel Tribe,Caribbean Seafaring,102,Hafted Stone Tools,12
-5000,initial,97,Solbel Tribe,Caribbean Seafaring,104,Fishing Technology,12
-5000,initial,97,Solbel Tribe,Caribbean Seafaring,105,Food Preservation,12
-5000,initial,97,Solbel Tribe,Caribbean Seafaring,106,Storage Pits and Containers,12
-5000,initial,97,Solbel Tribe,Caribbean Seafaring,107,Seasonal Aggregation Camps,12
-5000,initial,97,Solbel Tribe,Caribbean Seafaring,108,Watercraft,12
-5000,initial,97,Solbel Tribe,Caribbean Seafaring,113,Sedentism,12
-5000,initial,97,Solbel Tribe,Caribbean Seafaring,3,Archery,12
-5000,initial,97,Solbel Tribe,Caribbean Seafaring,5,Sailing,12
-5000,initial,97,Solbel Tribe,Caribbean Seafaring,6,Calendar,12
-5000,initial,98,Nuinuihana Tribe,Oceanic Navigators,100,Cordage and Knots,12
-5000,initial,98,Nuinuihana Tribe,Oceanic Navigators,101,Hide Working and Tailored Clothing,12
-5000,initial,98,Nuinuihana Tribe,Oceanic Navigators,102,Hafted Stone Tools,12
-5000,initial,98,Nuinuihana Tribe,Oceanic Navigators,104,Fishing Technology,12
-5000,initial,98,Nuinuihana Tribe,Oceanic Navigators,105,Food Preservation,12
-5000,initial,98,Nuinuihana Tribe,Oceanic Navigators,106,Storage Pits and Containers,12
-5000,initial,98,Nuinuihana Tribe,Oceanic Navigators,107,Seasonal Aggregation Camps,12
-5000,initial,98,Nuinuihana Tribe,Oceanic Navigators,108,Watercraft,12
-5000,initial,98,Nuinuihana Tribe,Oceanic Navigators,113,Sedentism,12
-5000,initial,98,Nuinuihana Tribe,Oceanic Navigators,3,Archery,12
-5000,initial,98,Nuinuihana Tribe,Oceanic Navigators,5,Sailing,12
-5000,initial,98,Nuinuihana Tribe,Oceanic Navigators,6,Calendar,12
-5000,initial,99,Old hanaranuia Tribe,Oceanic Navigators,100,Cordage and Knots,12
-5000,initial,99,Old hanaranuia Tribe,Oceanic Navigators,101,Hide Working and Tailored Clothing,12
-5000,initial,99,Old hanaranuia Tribe,Oceanic Navigators,102,Hafted Stone Tools,12
-5000,initial,99,Old hanaranuia Tribe,Oceanic Navigators,104,Fishing Technology,12
-5000,initial,99,Old hanaranuia Tribe,Oceanic Navigators,105,Food Preservation,12
-5000,initial,99,Old hanaranuia Tribe,Oceanic Navigators,106,Storage Pits and Containers,12
-5000,initial,99,Old hanaranuia Tribe,Oceanic Navigators,107,Seasonal Aggregation Camps,12
-5000,initial,99,Old hanaranuia Tribe,Oceanic Navigators,108,Watercraft,12
-5000,initial,99,Old hanaranuia Tribe,Oceanic Navigators,113,Sedentism,12
-5000,initial,99,Old hanaranuia Tribe,Oceanic Navigators,3,Archery,12
-5000,initial,99,Old hanaranuia Tribe,Oceanic Navigators,5,Sailing,12
-5000,initial,99,Old hanaranuia Tribe,Oceanic Navigators,6,Calendar,12
-4975,initial,100,New belalia Tribe,Northern Maritime,100,Cordage and Knots,8
-4975,initial,100,New belalia Tribe,Northern Maritime,101,Hide Working and Tailored Clothing,8
-4975,initial,100,New belalia Tribe,Northern Maritime,102,Hafted Stone Tools,8
-4975,initial,100,New belalia Tribe,Northern Maritime,105,Food Preservation,8
-4975,initial,100,New belalia Tribe,Northern Maritime,106,Storage Pits and Containers,8
-4975,initial,100,New belalia Tribe,Northern Maritime,107,Seasonal Aggregation Camps,8
-4975,initial,100,New belalia Tribe,Northern Maritime,111,Grinding Stones,8
-4975,initial,100,New belalia Tribe,Northern Maritime,3,Archery,8
-4975,initial,101,Tupqorikusmarca Tribe,Andean Highland,100,Cordage and Knots,10
-4975,initial,101,Tupqorikusmarca Tribe,Andean Highland,101,Hide Working and Tailored Clothing,10
-4975,initial,101,Tupqorikusmarca Tribe,Andean Highland,102,Hafted Stone Tools,10
-4975,initial,101,Tupqorikusmarca Tribe,Andean Highland,105,Food Preservation,10
-4975,initial,101,Tupqorikusmarca Tribe,Andean Highland,106,Storage Pits and Containers,10
-4975,initial,101,Tupqorikusmarca Tribe,Andean Highland,107,Seasonal Aggregation Camps,10
-4975,initial,101,Tupqorikusmarca Tribe,Andean Highland,111,Grinding Stones,10
-4975,initial,101,Tupqorikusmarca Tribe,Andean Highland,116,Charcoal Firing,10
-4975,initial,101,Tupqorikusmarca Tribe,Andean Highland,4,Mining,10
-4975,initial,101,Tupqorikusmarca Tribe,Andean Highland,3,Archery,10
-4975,initial,102,New naduslorgrad Tribe,Steppe Nomadic,100,Cordage and Knots,9
-4975,initial,102,New naduslorgrad Tribe,Steppe Nomadic,101,Hide Working and Tailored Clothing,9
-4975,initial,102,New naduslorgrad Tribe,Steppe Nomadic,102,Hafted Stone Tools,9
-4975,initial,102,New naduslorgrad Tribe,Steppe Nomadic,105,Food Preservation,9
-4975,initial,102,New naduslorgrad Tribe,Steppe Nomadic,106,Storage Pits and Containers,9
-4975,initial,102,New naduslorgrad Tribe,Steppe Nomadic,107,Seasonal Aggregation Camps,9
-4975,initial,102,New naduslorgrad Tribe,Steppe Nomadic,110,Dog Domestication,9
-4975,initial,102,New naduslorgrad Tribe,Steppe Nomadic,111,Grinding Stones,9
-4975,initial,102,New naduslorgrad Tribe,Steppe Nomadic,3,Archery,9
-4970,initial,103,Great garsoldusstan Tribe,Caribbean Seafaring,100,Cordage and Knots,7
-4970,initial,103,Great garsoldusstan Tribe,Caribbean Seafaring,101,Hide Working and Tailored Clothing,7
-4970,initial,103,Great garsoldusstan Tribe,Caribbean Seafaring,102,Hafted Stone Tools,7
-4970,initial,103,Great garsoldusstan Tribe,Caribbean Seafaring,105,Food Preservation,7
-4970,initial,103,Great garsoldusstan Tribe,Caribbean Seafaring,106,Storage Pits and Containers,7
-4970,initial,103,Great garsoldusstan Tribe,Caribbean Seafaring,107,Seasonal Aggregation Camps,7
-4970,initial,103,Great garsoldusstan Tribe,Caribbean Seafaring,3,Archery,7
-4970,initial,104,Barurad Tribe,Fertile Crescent,100,Cordage and Knots,12
-4970,initial,104,Barurad Tribe,Fertile Crescent,101,Hide Working and Tailored Clothing,12
-4970,initial,104,Barurad Tribe,Fertile Crescent,102,Hafted Stone Tools,12
-4970,initial,104,Barurad Tribe,Fertile Crescent,105,Food Preservation,12
-4970,initial,104,Barurad Tribe,Fertile Crescent,106,Storage Pits and Containers,12
-4970,initial,104,Barurad Tribe,Fertile Crescent,107,Seasonal Aggregation Camps,12
-4970,initial,104,Barurad Tribe,Fertile Crescent,110,Dog Domestication,12
-4970,initial,104,Barurad Tribe,Fertile Crescent,111,Grinding Stones,12
-4970,initial,104,Barurad Tribe,Fertile Crescent,116,Charcoal Firing,12
-4970,initial,104,Barurad Tribe,Fertile Crescent,119,Native Copper Working,12
-4970,initial,104,Barurad Tribe,Fertile Crescent,4,Mining,12
-4970,initial,104,Barurad Tribe,Fertile Crescent,3,Archery,12
-4965,initial,105,New marmar Tribe,Western Plains,100,Cordage and Knots,8
-4965,initial,105,New marmar Tribe,Western Plains,101,Hide Working and Tailored Clothing,8
-4965,initial,105,New marmar Tribe,Western Plains,102,Hafted Stone Tools,8
-4965,initial,105,New marmar Tribe,Western Plains,105,Food Preservation,8
-4965,initial,105,New marmar Tribe,Western Plains,106,Storage Pits and Containers,8
-4965,initial,105,New marmar Tribe,Western Plains,107,Seasonal Aggregation Camps,8
-4965,initial,105,New marmar Tribe,Western Plains,111,Grinding Stones,8
-4965,initial,105,New marmar Tribe,Western Plains,3,Archery,8
-4960,initial,106,Dradrasurnagar Tribe,Indic Riverine,100,Cordage and Knots,17
-4960,initial,106,Dradrasurnagar Tribe,Indic Riverine,101,Hide Working and Tailored Clothing,17
-4960,initial,106,Dradrasurnagar Tribe,Indic Riverine,102,Hafted Stone Tools,17
-4960,initial,106,Dradrasurnagar Tribe,Indic Riverine,105,Food Preservation,17
-4960,initial,106,Dradrasurnagar Tribe,Indic Riverine,106,Storage Pits and Containers,17
-4960,initial,106,Dradrasurnagar Tribe,Indic Riverine,107,Seasonal Aggregation Camps,17
-4960,initial,106,Dradrasurnagar Tribe,Indic Riverine,110,Dog Domestication,17
-4960,initial,106,Dradrasurnagar Tribe,Indic Riverine,111,Grinding Stones,17
-4960,initial,106,Dradrasurnagar Tribe,Indic Riverine,112,Proto-cultivation,17
-4960,initial,106,Dradrasurnagar Tribe,Indic Riverine,113,Sedentism,17
-4960,initial,106,Dradrasurnagar Tribe,Indic Riverine,114,Enclosures and Herd Management,17
-4960,initial,106,Dradrasurnagar Tribe,Indic Riverine,115,Counting Tokens and Tallies,17
-4960,initial,106,Dradrasurnagar Tribe,Indic Riverine,116,Charcoal Firing,17
-4960,initial,106,Dradrasurnagar Tribe,Indic Riverine,1,Pottery,17
-4960,initial,106,Dradrasurnagar Tribe,Indic Riverine,20,Agriculture,17
-4960,initial,106,Dradrasurnagar Tribe,Indic Riverine,3,Archery,17
-4960,initial,106,Dradrasurnagar Tribe,Indic Riverine,6,Calendar,17
-4960,initial,107,South minrenhan Tribe,East Riverine,100,Cordage and Knots,10
-4960,initial,107,South minrenhan Tribe,East Riverine,101,Hide Working and Tailored Clothing,10
-4960,initial,107,South minrenhan Tribe,East Riverine,102,Hafted Stone Tools,10
-4960,initial,107,South minrenhan Tribe,East Riverine,105,Food Preservation,10
-4960,initial,107,South minrenhan Tribe,East Riverine,106,Storage Pits and Containers,10
-4960,initial,107,South minrenhan Tribe,East Riverine,107,Seasonal Aggregation Camps,10
-4960,initial,107,South minrenhan Tribe,East Riverine,110,Dog Domestication,10
-4960,initial,107,South minrenhan Tribe,East Riverine,111,Grinding Stones,10
-4960,initial,107,South minrenhan Tribe,East Riverine,116,Charcoal Firing,10
-4960,initial,107,South minrenhan Tribe,East Riverine,3,Archery,10
-4955,initial,108,South ninkalum Tribe,Fertile Crescent,100,Cordage and Knots,10
-4955,initial,108,South ninkalum Tribe,Fertile Crescent,101,Hide Working and Tailored Clothing,10
-4955,initial,108,South ninkalum Tribe,Fertile Crescent,102,Hafted Stone Tools,10
-4955,initial,108,South ninkalum Tribe,Fertile Crescent,105,Food Preservation,10
-4955,initial,108,South ninkalum Tribe,Fertile Crescent,106,Storage Pits and Containers,10
-4955,initial,108,South ninkalum Tribe,Fertile Crescent,107,Seasonal Aggregation Camps,10
-4955,initial,108,South ninkalum Tribe,Fertile Crescent,110,Dog Domestication,10
-4955,initial,108,South ninkalum Tribe,Fertile Crescent,111,Grinding Stones,10
-4955,initial,108,South ninkalum Tribe,Fertile Crescent,116,Charcoal Firing,10
-4955,initial,108,South ninkalum Tribe,Fertile Crescent,3,Archery,10
-4950,initial,109,South dorlenland Tribe,Atlantic Fringe,100,Cordage and Knots,10
-4950,initial,109,South dorlenland Tribe,Atlantic Fringe,101,Hide Working and Tailored Clothing,10
-4950,initial,109,South dorlenland Tribe,Atlantic Fringe,102,Hafted Stone Tools,10
-4950,initial,109,South dorlenland Tribe,Atlantic Fringe,105,Food Preservation,10
-4950,initial,109,South dorlenland Tribe,Atlantic Fringe,106,Storage Pits and Containers,10
-4950,initial,109,South dorlenland Tribe,Atlantic Fringe,107,Seasonal Aggregation Camps,10
-4950,initial,109,South dorlenland Tribe,Atlantic Fringe,111,Grinding Stones,10
-4950,initial,109,South dorlenland Tribe,Atlantic Fringe,116,Charcoal Firing,10
-4950,initial,109,South dorlenland Tribe,Atlantic Fringe,4,Mining,10
-4950,initial,109,South dorlenland Tribe,Atlantic Fringe,3,Archery,10
-4950,initial,110,New qorisuyuayana Tribe,Andean Highland,100,Cordage and Knots,10
-4950,initial,110,New qorisuyuayana Tribe,Andean Highland,101,Hide Working and Tailored Clothing,10
-4950,initial,110,New qorisuyuayana Tribe,Andean Highland,102,Hafted Stone Tools,10
-4950,initial,110,New qorisuyuayana Tribe,Andean Highland,105,Food Preservation,10
-4950,initial,110,New qorisuyuayana Tribe,Andean Highland,106,Storage Pits and Containers,10
-4950,initial,110,New qorisuyuayana Tribe,Andean Highland,107,Seasonal Aggregation Camps,10
-4950,initial,110,New qorisuyuayana Tribe,Andean Highland,111,Grinding Stones,10
-4950,initial,110,New qorisuyuayana Tribe,Andean Highland,116,Charcoal Firing,10
-4950,initial,110,New qorisuyuayana Tribe,Andean Highland,4,Mining,10
-4950,initial,110,New qorisuyuayana Tribe,Andean Highland,3,Archery,10
-4945,initial,111,Ashash Tribe,Fertile Crescent,100,Cordage and Knots,12
-4945,initial,111,Ashash Tribe,Fertile Crescent,101,Hide Working and Tailored Clothing,12
-4945,initial,111,Ashash Tribe,Fertile Crescent,102,Hafted Stone Tools,12
-4945,initial,111,Ashash Tribe,Fertile Crescent,105,Food Preservation,12
-4945,initial,111,Ashash Tribe,Fertile Crescent,106,Storage Pits and Containers,12
-4945,initial,111,Ashash Tribe,Fertile Crescent,107,Seasonal Aggregation Camps,12
-4945,initial,111,Ashash Tribe,Fertile Crescent,110,Dog Domestication,12
-4945,initial,111,Ashash Tribe,Fertile Crescent,111,Grinding Stones,12
-4945,initial,111,Ashash Tribe,Fertile Crescent,116,Charcoal Firing,12
-4945,initial,111,Ashash Tribe,Fertile Crescent,119,Native Copper Working,12
-4945,initial,111,Ashash Tribe,Fertile Crescent,4,Mining,12
-4945,initial,111,Ashash Tribe,Fertile Crescent,3,Archery,12
-4945,initial,112,New linzhozholing Tribe,East Riverine,100,Cordage and Knots,10
-4945,initial,112,New linzhozholing Tribe,East Riverine,101,Hide Working and Tailored Clothing,10
-4945,initial,112,New linzhozholing Tribe,East Riverine,102,Hafted Stone Tools,10
-4945,initial,112,New linzhozholing Tribe,East Riverine,105,Food Preservation,10
-4945,initial,112,New linzhozholing Tribe,East Riverine,106,Storage Pits and Containers,10
-4945,initial,112,New linzhozholing Tribe,East Riverine,107,Seasonal Aggregation Camps,10
-4945,initial,112,New linzhozholing Tribe,East Riverine,110,Dog Domestication,10
-4945,initial,112,New linzhozholing Tribe,East Riverine,111,Grinding Stones,10
-4945,initial,112,New linzhozholing Tribe,East Riverine,116,Charcoal Firing,10
-4945,initial,112,New linzhozholing Tribe,East Riverine,3,Archery,10
-4930,initial,113,Great sollorqui Tribe,Western Plains,100,Cordage and Knots,8
-4930,initial,113,Great sollorqui Tribe,Western Plains,101,Hide Working and Tailored Clothing,8
-4930,initial,113,Great sollorqui Tribe,Western Plains,102,Hafted Stone Tools,8
-4930,initial,113,Great sollorqui Tribe,Western Plains,105,Food Preservation,8
-4930,initial,113,Great sollorqui Tribe,Western Plains,106,Storage Pits and Containers,8
-4930,initial,113,Great sollorqui Tribe,Western Plains,107,Seasonal Aggregation Camps,8
-4930,initial,113,Great sollorqui Tribe,Western Plains,111,Grinding Stones,8
-4930,initial,113,Great sollorqui Tribe,Western Plains,3,Archery,8
-4925,initial,114,Great selamchiara Tribe,Nile Floodplain,100,Cordage and Knots,16
-4925,initial,114,Great selamchiara Tribe,Nile Floodplain,101,Hide Working and Tailored Clothing,16
-4925,initial,114,Great selamchiara Tribe,Nile Floodplain,102,Hafted Stone Tools,16
-4925,initial,114,Great selamchiara Tribe,Nile Floodplain,105,Food Preservation,16
-4925,initial,114,Great selamchiara Tribe,Nile Floodplain,106,Storage Pits and Containers,16
-4925,initial,114,Great selamchiara Tribe,Nile Floodplain,107,Seasonal Aggregation Camps,16
-4925,initial,114,Great selamchiara Tribe,Nile Floodplain,110,Dog Domestication,16
-4925,initial,114,Great selamchiara Tribe,Nile Floodplain,111,Grinding Stones,16
-4925,initial,114,Great selamchiara Tribe,Nile Floodplain,112,Proto-cultivation,16
-4925,initial,114,Great selamchiara Tribe,Nile Floodplain,113,Sedentism,16
-4925,initial,114,Great selamchiara Tribe,Nile Floodplain,114,Enclosures and Herd Management,16
-4925,initial,114,Great selamchiara Tribe,Nile Floodplain,115,Counting Tokens and Tallies,16
-4925,initial,114,Great selamchiara Tribe,Nile Floodplain,116,Charcoal Firing,16
-4925,initial,114,Great selamchiara Tribe,Nile Floodplain,1,Pottery,16
-4925,initial,114,Great selamchiara Tribe,Nile Floodplain,3,Archery,16
-4925,initial,114,Great selamchiara Tribe,Nile Floodplain,6,Calendar,16
-4905,initial,115,Great romlorsolstan Tribe,Monsoon Coastal,100,Cordage and Knots,19
-4905,initial,115,Great romlorsolstan Tribe,Monsoon Coastal,101,Hide Working and Tailored Clothing,19
-4905,initial,115,Great romlorsolstan Tribe,Monsoon Coastal,102,Hafted Stone Tools,19
-4905,initial,115,Great romlorsolstan Tribe,Monsoon Coastal,104,Fishing Technology,19
-4905,initial,115,Great romlorsolstan Tribe,Monsoon Coastal,105,Food Preservation,19
-4905,initial,115,Great romlorsolstan Tribe,Monsoon Coastal,106,Storage Pits and Containers,19
-4905,initial,115,Great romlorsolstan Tribe,Monsoon Coastal,107,Seasonal Aggregation Camps,19
-4905,initial,115,Great romlorsolstan Tribe,Monsoon Coastal,108,Watercraft,19
-4905,initial,115,Great romlorsolstan Tribe,Monsoon Coastal,110,Dog Domestication,19
-4905,initial,115,Great romlorsolstan Tribe,Monsoon Coastal,111,Grinding Stones,19
-4905,initial,115,Great romlorsolstan Tribe,Monsoon Coastal,112,Proto-cultivation,19
-4905,initial,115,Great romlorsolstan Tribe,Monsoon Coastal,113,Sedentism,19
-4905,initial,115,Great romlorsolstan Tribe,Monsoon Coastal,114,Enclosures and Herd Management,19
-4905,initial,115,Great romlorsolstan Tribe,Monsoon Coastal,116,Charcoal Firing,19
-4905,initial,115,Great romlorsolstan Tribe,Monsoon Coastal,1,Pottery,19
-4905,initial,115,Great romlorsolstan Tribe,Monsoon Coastal,20,Agriculture,19
-4905,initial,115,Great romlorsolstan Tribe,Monsoon Coastal,3,Archery,19
-4905,initial,115,Great romlorsolstan Tribe,Monsoon Coastal,5,Sailing,19
-4905,initial,115,Great romlorsolstan Tribe,Monsoon Coastal,6,Calendar,19
-4900,initial,116,Kusqorisuyua Tribe,Andean Highland,100,Cordage and Knots,10
-4900,initial,116,Kusqorisuyua Tribe,Andean Highland,101,Hide Working and Tailored Clothing,10
-4900,initial,116,Kusqorisuyua Tribe,Andean Highland,102,Hafted Stone Tools,10
-4900,initial,116,Kusqorisuyua Tribe,Andean Highland,105,Food Preservation,10
-4900,initial,116,Kusqorisuyua Tribe,Andean Highland,106,Storage Pits and Containers,10
-4900,initial,116,Kusqorisuyua Tribe,Andean Highland,107,Seasonal Aggregation Camps,10
-4900,initial,116,Kusqorisuyua Tribe,Andean Highland,111,Grinding Stones,10
-4900,initial,116,Kusqorisuyua Tribe,Andean Highland,116,Charcoal Firing,10
-4900,initial,116,Kusqorisuyua Tribe,Andean Highland,4,Mining,10
-4900,initial,116,Kusqorisuyua Tribe,Andean Highland,3,Archery,10
-4885,initial,117,North qinqinwei Tribe,East Riverine,100,Cordage and Knots,10
-4885,initial,117,North qinqinwei Tribe,East Riverine,101,Hide Working and Tailored Clothing,10
-4885,initial,117,North qinqinwei Tribe,East Riverine,102,Hafted Stone Tools,10
-4885,initial,117,North qinqinwei Tribe,East Riverine,105,Food Preservation,10
-4885,initial,117,North qinqinwei Tribe,East Riverine,106,Storage Pits and Containers,10
-4885,initial,117,North qinqinwei Tribe,East Riverine,107,Seasonal Aggregation Camps,10
-4885,initial,117,North qinqinwei Tribe,East Riverine,110,Dog Domestication,10
-4885,initial,117,North qinqinwei Tribe,East Riverine,111,Grinding Stones,10
-4885,initial,117,North qinqinwei Tribe,East Riverine,116,Charcoal Firing,10
-4885,initial,117,North qinqinwei Tribe,East Riverine,3,Archery,10
-4885,initial,118,Shanalpur Tribe,Indic Riverine,100,Cordage and Knots,11
-4885,initial,118,Shanalpur Tribe,Indic Riverine,101,Hide Working and Tailored Clothing,11
-4885,initial,118,Shanalpur Tribe,Indic Riverine,102,Hafted Stone Tools,11
-4885,initial,118,Shanalpur Tribe,Indic Riverine,105,Food Preservation,11
-4885,initial,118,Shanalpur Tribe,Indic Riverine,106,Storage Pits and Containers,11
-4885,initial,118,Shanalpur Tribe,Indic Riverine,107,Seasonal Aggregation Camps,11
-4885,initial,118,Shanalpur Tribe,Indic Riverine,110,Dog Domestication,11
-4885,initial,118,Shanalpur Tribe,Indic Riverine,111,Grinding Stones,11
-4885,initial,118,Shanalpur Tribe,Indic Riverine,116,Charcoal Firing,11
-4885,initial,118,Shanalpur Tribe,Indic Riverine,4,Mining,11
-4885,initial,118,Shanalpur Tribe,Indic Riverine,3,Archery,11
-4870,initial,119,North belromromgrad Tribe,Western Plains,100,Cordage and Knots,8
-4870,initial,119,North belromromgrad Tribe,Western Plains,101,Hide Working and Tailored Clothing,8
-4870,initial,119,North belromromgrad Tribe,Western Plains,102,Hafted Stone Tools,8
-4870,initial,119,North belromromgrad Tribe,Western Plains,105,Food Preservation,8
-4870,initial,119,North belromromgrad Tribe,Western Plains,106,Storage Pits and Containers,8
-4870,initial,119,North belromromgrad Tribe,Western Plains,107,Seasonal Aggregation Camps,8
-4870,initial,119,North belromromgrad Tribe,Western Plains,111,Grinding Stones,8
-4870,initial,119,North belromromgrad Tribe,Western Plains,3,Archery,8
-4850,initial,120,Old selbelnorland Tribe,Mediterranean Highland,100,Cordage and Knots,10
-4850,initial,120,Old selbelnorland Tribe,Mediterranean Highland,101,Hide Working and Tailored Clothing,10
-4850,initial,120,Old selbelnorland Tribe,Mediterranean Highland,102,Hafted Stone Tools,10
-4850,initial,120,Old selbelnorland Tribe,Mediterranean Highland,105,Food Preservation,10
-4850,initial,120,Old selbelnorland Tribe,Mediterranean Highland,106,Storage Pits and Containers,10
-4850,initial,120,Old selbelnorland Tribe,Mediterranean Highland,107,Seasonal Aggregation Camps,10
-4850,initial,120,Old selbelnorland Tribe,Mediterranean Highland,110,Dog Domestication,10
-4850,initial,120,Old selbelnorland Tribe,Mediterranean Highland,111,Grinding Stones,10
-4850,initial,120,Old selbelnorland Tribe,Mediterranean Highland,116,Charcoal Firing,10
-4850,initial,120,Old selbelnorland Tribe,Mediterranean Highland,3,Archery,10
-4780,initial,121,South solromgarland Tribe,Western Plains,100,Cordage and Knots,8
-4780,initial,121,South solromgarland Tribe,Western Plains,101,Hide Working and Tailored Clothing,8
-4780,initial,121,South solromgarland Tribe,Western Plains,102,Hafted Stone Tools,8
-4780,initial,121,South solromgarland Tribe,Western Plains,105,Food Preservation,8
-4780,initial,121,South solromgarland Tribe,Western Plains,106,Storage Pits and Containers,8
-4780,initial,121,South solromgarland Tribe,Western Plains,107,Seasonal Aggregation Camps,8
-4780,initial,121,South solromgarland Tribe,Western Plains,111,Grinding Stones,8
-4780,initial,121,South solromgarland Tribe,Western Plains,3,Archery,8
-4775,initial,122,New ranromlin Tribe,Eastern Woodland,100,Cordage and Knots,9
-4775,initial,122,New ranromlin Tribe,Eastern Woodland,101,Hide Working and Tailored Clothing,9
-4775,initial,122,New ranromlin Tribe,Eastern Woodland,102,Hafted Stone Tools,9
-4775,initial,122,New ranromlin Tribe,Eastern Woodland,105,Food Preservation,9
-4775,initial,122,New ranromlin Tribe,Eastern Woodland,106,Storage Pits and Containers,9
-4775,initial,122,New ranromlin Tribe,Eastern Woodland,107,Seasonal Aggregation Camps,9
-4775,initial,122,New ranromlin Tribe,Eastern Woodland,111,Grinding Stones,9
-4775,initial,122,New ranromlin Tribe,Eastern Woodland,4,Mining,9
-4775,initial,122,New ranromlin Tribe,Eastern Woodland,3,Archery,9
-4770,initial,123,Tupqori Tribe,Andean Highland,100,Cordage and Knots,10
-4770,initial,123,Tupqori Tribe,Andean Highland,101,Hide Working and Tailored Clothing,10
-4770,initial,123,Tupqori Tribe,Andean Highland,102,Hafted Stone Tools,10
-4770,initial,123,Tupqori Tribe,Andean Highland,105,Food Preservation,10
-4770,initial,123,Tupqori Tribe,Andean Highland,106,Storage Pits and Containers,10
-4770,initial,123,Tupqori Tribe,Andean Highland,107,Seasonal Aggregation Camps,10
-4770,initial,123,Tupqori Tribe,Andean Highland,111,Grinding Stones,10
-4770,initial,123,Tupqori Tribe,Andean Highland,116,Charcoal Firing,10
-4770,initial,123,Tupqori Tribe,Andean Highland,4,Mining,10
-4770,initial,123,Tupqori Tribe,Andean Highland,3,Archery,10
-4755,initial,124,South belrom Tribe,Eastern Woodland,100,Cordage and Knots,8
-4755,initial,124,South belrom Tribe,Eastern Woodland,101,Hide Working and Tailored Clothing,8
-4755,initial,124,South belrom Tribe,Eastern Woodland,102,Hafted Stone Tools,8
-4755,initial,124,South belrom Tribe,Eastern Woodland,105,Food Preservation,8
-4755,initial,124,South belrom Tribe,Eastern Woodland,106,Storage Pits and Containers,8
-4755,initial,124,South belrom Tribe,Eastern Woodland,107,Seasonal Aggregation Camps,8
-4755,initial,124,South belrom Tribe,Eastern Woodland,111,Grinding Stones,8
-4755,initial,124,South belrom Tribe,Eastern Woodland,3,Archery,8
-4745,initial,125,Great selbelalburg Kingdom,Northern Maritime,100,Cordage and Knots,8
-4745,initial,125,Great selbelalburg Kingdom,Northern Maritime,101,Hide Working and Tailored Clothing,8
-4745,initial,125,Great selbelalburg Kingdom,Northern Maritime,102,Hafted Stone Tools,8
-4745,initial,125,Great selbelalburg Kingdom,Northern Maritime,105,Food Preservation,8
-4745,initial,125,Great selbelalburg Kingdom,Northern Maritime,106,Storage Pits and Containers,8
-4745,initial,125,Great selbelalburg Kingdom,Northern Maritime,107,Seasonal Aggregation Camps,8
-4745,initial,125,Great selbelalburg Kingdom,Northern Maritime,111,Grinding Stones,8
-4745,initial,125,Great selbelalburg Kingdom,Northern Maritime,3,Archery,8
-4740,initial,126,New ayaayaruma Tribe,Andean Highland,100,Cordage and Knots,10
-4740,initial,126,New ayaayaruma Tribe,Andean Highland,101,Hide Working and Tailored Clothing,10
-4740,initial,126,New ayaayaruma Tribe,Andean Highland,102,Hafted Stone Tools,10
-4740,initial,126,New ayaayaruma Tribe,Andean Highland,105,Food Preservation,10
-4740,initial,126,New ayaayaruma Tribe,Andean Highland,106,Storage Pits and Containers,10
-4740,initial,126,New ayaayaruma Tribe,Andean Highland,107,Seasonal Aggregation Camps,10
-4740,initial,126,New ayaayaruma Tribe,Andean Highland,111,Grinding Stones,10
-4740,initial,126,New ayaayaruma Tribe,Andean Highland,116,Charcoal Firing,10
-4740,initial,126,New ayaayaruma Tribe,Andean Highland,4,Mining,10
-4740,initial,126,New ayaayaruma Tribe,Andean Highland,3,Archery,10
-4680,initial,127,North llaqsuyuayayu Kingdom,Andean Highland,100,Cordage and Knots,10
-4680,initial,127,North llaqsuyuayayu Kingdom,Andean Highland,101,Hide Working and Tailored Clothing,10
-4680,initial,127,North llaqsuyuayayu Kingdom,Andean Highland,102,Hafted Stone Tools,10
-4680,initial,127,North llaqsuyuayayu Kingdom,Andean Highland,105,Food Preservation,10
-4680,initial,127,North llaqsuyuayayu Kingdom,Andean Highland,106,Storage Pits and Containers,10
-4680,initial,127,North llaqsuyuayayu Kingdom,Andean Highland,107,Seasonal Aggregation Camps,10
-4680,initial,127,North llaqsuyuayayu Kingdom,Andean Highland,111,Grinding Stones,10
-4680,initial,127,North llaqsuyuayayu Kingdom,Andean Highland,116,Charcoal Firing,10
-4680,initial,127,North llaqsuyuayayu Kingdom,Andean Highland,4,Mining,10
-4680,initial,127,North llaqsuyuayayu Kingdom,Andean Highland,3,Archery,10
-4675,initial,128,North linnaqui Kingdom,Western Plains,100,Cordage and Knots,8
-4675,initial,128,North linnaqui Kingdom,Western Plains,101,Hide Working and Tailored Clothing,8
-4675,initial,128,North linnaqui Kingdom,Western Plains,102,Hafted Stone Tools,8
-4675,initial,128,North linnaqui Kingdom,Western Plains,105,Food Preservation,8
-4675,initial,128,North linnaqui Kingdom,Western Plains,106,Storage Pits and Containers,8
-4675,initial,128,North linnaqui Kingdom,Western Plains,107,Seasonal Aggregation Camps,8
-4675,initial,128,North linnaqui Kingdom,Western Plains,111,Grinding Stones,8
-4675,initial,128,North linnaqui Kingdom,Western Plains,3,Archery,8
-4640,initial,129,South samninashan Kingdom,Fertile Crescent,100,Cordage and Knots,10
-4640,initial,129,South samninashan Kingdom,Fertile Crescent,101,Hide Working and Tailored Clothing,10
-4640,initial,129,South samninashan Kingdom,Fertile Crescent,102,Hafted Stone Tools,10
-4640,initial,129,South samninashan Kingdom,Fertile Crescent,105,Food Preservation,10
-4640,initial,129,South samninashan Kingdom,Fertile Crescent,106,Storage Pits and Containers,10
-4640,initial,129,South samninashan Kingdom,Fertile Crescent,107,Seasonal Aggregation Camps,10
-4640,initial,129,South samninashan Kingdom,Fertile Crescent,110,Dog Domestication,10
-4640,initial,129,South samninashan Kingdom,Fertile Crescent,111,Grinding Stones,10
-4640,initial,129,South samninashan Kingdom,Fertile Crescent,116,Charcoal Firing,10
-4640,initial,129,South samninashan Kingdom,Fertile Crescent,3,Archery,10
-4595,initial,130,Lamlam Tribe,Central Forest,100,Cordage and Knots,10
-4595,initial,130,Lamlam Tribe,Central Forest,101,Hide Working and Tailored Clothing,10
-4595,initial,130,Lamlam Tribe,Central Forest,102,Hafted Stone Tools,10
-4595,initial,130,Lamlam Tribe,Central Forest,105,Food Preservation,10
-4595,initial,130,Lamlam Tribe,Central Forest,106,Storage Pits and Containers,10
-4595,initial,130,Lamlam Tribe,Central Forest,107,Seasonal Aggregation Camps,10
-4595,initial,130,Lamlam Tribe,Central Forest,111,Grinding Stones,10
-4595,initial,130,Lamlam Tribe,Central Forest,116,Charcoal Firing,10
-4595,initial,130,Lamlam Tribe,Central Forest,4,Mining,10
-4595,initial,130,Lamlam Tribe,Central Forest,3,Archery,10
-4520,initial,131,Great vitanvarnagar Tribe,Indic Riverine,100,Cordage and Knots,10
-4520,initial,131,Great vitanvarnagar Tribe,Indic Riverine,101,Hide Working and Tailored Clothing,10
-4520,initial,131,Great vitanvarnagar Tribe,Indic Riverine,102,Hafted Stone Tools,10
-4520,initial,131,Great vitanvarnagar Tribe,Indic Riverine,105,Food Preservation,10
-4520,initial,131,Great vitanvarnagar Tribe,Indic Riverine,106,Storage Pits and Containers,10
-4520,initial,131,Great vitanvarnagar Tribe,Indic Riverine,107,Seasonal Aggregation Camps,10
-4520,initial,131,Great vitanvarnagar Tribe,Indic Riverine,110,Dog Domestication,10
-4520,initial,131,Great vitanvarnagar Tribe,Indic Riverine,111,Grinding Stones,10
-4520,initial,131,Great vitanvarnagar Tribe,Indic Riverine,116,Charcoal Firing,10
-4520,initial,131,Great vitanvarnagar Tribe,Indic Riverine,3,Archery,10
-4445,initial,132,Old xialiqinzhou Tribe,East Riverine,100,Cordage and Knots,11
-4445,initial,132,Old xialiqinzhou Tribe,East Riverine,101,Hide Working and Tailored Clothing,11
-4445,initial,132,Old xialiqinzhou Tribe,East Riverine,102,Hafted Stone Tools,11
-4445,initial,132,Old xialiqinzhou Tribe,East Riverine,105,Food Preservation,11
-4445,initial,132,Old xialiqinzhou Tribe,East Riverine,106,Storage Pits and Containers,11
-4445,initial,132,Old xialiqinzhou Tribe,East Riverine,107,Seasonal Aggregation Camps,11
-4445,initial,132,Old xialiqinzhou Tribe,East Riverine,110,Dog Domestication,11
-4445,initial,132,Old xialiqinzhou Tribe,East Riverine,111,Grinding Stones,11
-4445,initial,132,Old xialiqinzhou Tribe,East Riverine,116,Charcoal Firing,11
-4445,initial,132,Old xialiqinzhou Tribe,East Riverine,4,Mining,11
-4445,initial,132,Old xialiqinzhou Tribe,East Riverine,3,Archery,11
-4375,initial,133,South barsengoene Kingdom,Central Forest,100,Cordage and Knots,10
-4375,initial,133,South barsengoene Kingdom,Central Forest,101,Hide Working and Tailored Clothing,10
-4375,initial,133,South barsengoene Kingdom,Central Forest,102,Hafted Stone Tools,10
-4375,initial,133,South barsengoene Kingdom,Central Forest,105,Food Preservation,10
-4375,initial,133,South barsengoene Kingdom,Central Forest,106,Storage Pits and Containers,10
-4375,initial,133,South barsengoene Kingdom,Central Forest,107,Seasonal Aggregation Camps,10
-4375,initial,133,South barsengoene Kingdom,Central Forest,111,Grinding Stones,10
-4375,initial,133,South barsengoene Kingdom,Central Forest,116,Charcoal Firing,10
-4375,initial,133,South barsengoene Kingdom,Central Forest,4,Mining,10
-4375,initial,133,South barsengoene Kingdom,Central Forest,3,Archery,10
-4305,initial,134,Old zenranland Kingdom,Caribbean Seafaring,100,Cordage and Knots,7
-4305,initial,134,Old zenranland Kingdom,Caribbean Seafaring,101,Hide Working and Tailored Clothing,7
-4305,initial,134,Old zenranland Kingdom,Caribbean Seafaring,102,Hafted Stone Tools,7
-4305,initial,134,Old zenranland Kingdom,Caribbean Seafaring,105,Food Preservation,7
-4305,initial,134,Old zenranland Kingdom,Caribbean Seafaring,106,Storage Pits and Containers,7
-4305,initial,134,Old zenranland Kingdom,Caribbean Seafaring,107,Seasonal Aggregation Camps,7
-4305,initial,134,Old zenranland Kingdom,Caribbean Seafaring,3,Archery,7
-4285,initial,135,South pachkus Tribe,Andean Highland,100,Cordage and Knots,10
-4285,initial,135,South pachkus Tribe,Andean Highland,101,Hide Working and Tailored Clothing,10
-4285,initial,135,South pachkus Tribe,Andean Highland,102,Hafted Stone Tools,10
-4285,initial,135,South pachkus Tribe,Andean Highland,105,Food Preservation,10
-4285,initial,135,South pachkus Tribe,Andean Highland,106,Storage Pits and Containers,10
-4285,initial,135,South pachkus Tribe,Andean Highland,107,Seasonal Aggregation Camps,10
-4285,initial,135,South pachkus Tribe,Andean Highland,111,Grinding Stones,10
-4285,initial,135,South pachkus Tribe,Andean Highland,116,Charcoal Firing,10
-4285,initial,135,South pachkus Tribe,Andean Highland,4,Mining,10
-4285,initial,135,South pachkus Tribe,Andean Highland,3,Archery,10
-4240,initial,136,North xiarenlin Tribe,East Riverine,100,Cordage and Knots,10
-4240,initial,136,North xiarenlin Tribe,East Riverine,101,Hide Working and Tailored Clothing,10
-4240,initial,136,North xiarenlin Tribe,East Riverine,102,Hafted Stone Tools,10
-4240,initial,136,North xiarenlin Tribe,East Riverine,105,Food Preservation,10
-4240,initial,136,North xiarenlin Tribe,East Riverine,106,Storage Pits and Containers,10
-4240,initial,136,North xiarenlin Tribe,East Riverine,107,Seasonal Aggregation Camps,10
-4240,initial,136,North xiarenlin Tribe,East Riverine,110,Dog Domestication,10
-4240,initial,136,North xiarenlin Tribe,East Riverine,111,Grinding Stones,10
-4240,initial,136,North xiarenlin Tribe,East Riverine,116,Charcoal Firing,10
-4240,initial,136,North xiarenlin Tribe,East Riverine,3,Archery,10
-4230,initial,137,Great kankannagar Tribe,Indic Riverine,100,Cordage and Knots,10
-4230,initial,137,Great kankannagar Tribe,Indic Riverine,101,Hide Working and Tailored Clothing,10
-4230,initial,137,Great kankannagar Tribe,Indic Riverine,102,Hafted Stone Tools,10
-4230,initial,137,Great kankannagar Tribe,Indic Riverine,105,Food Preservation,10
-4230,initial,137,Great kankannagar Tribe,Indic Riverine,106,Storage Pits and Containers,10
-4230,initial,137,Great kankannagar Tribe,Indic Riverine,107,Seasonal Aggregation Camps,10
-4230,initial,137,Great kankannagar Tribe,Indic Riverine,110,Dog Domestication,10
-4230,initial,137,Great kankannagar Tribe,Indic Riverine,111,Grinding Stones,10
-4230,initial,137,Great kankannagar Tribe,Indic Riverine,116,Charcoal Firing,10
-4230,initial,137,Great kankannagar Tribe,Indic Riverine,3,Archery,10
-4185,initial,138,New kuspachrum Kingdom,Andean Highland,100,Cordage and Knots,10
-4185,initial,138,New kuspachrum Kingdom,Andean Highland,101,Hide Working and Tailored Clothing,10
-4185,initial,138,New kuspachrum Kingdom,Andean Highland,102,Hafted Stone Tools,10
-4185,initial,138,New kuspachrum Kingdom,Andean Highland,105,Food Preservation,10
-4185,initial,138,New kuspachrum Kingdom,Andean Highland,106,Storage Pits and Containers,10
-4185,initial,138,New kuspachrum Kingdom,Andean Highland,107,Seasonal Aggregation Camps,10
-4185,initial,138,New kuspachrum Kingdom,Andean Highland,111,Grinding Stones,10
-4185,initial,138,New kuspachrum Kingdom,Andean Highland,116,Charcoal Firing,10
-4185,initial,138,New kuspachrum Kingdom,Andean Highland,4,Mining,10
-4185,initial,138,New kuspachrum Kingdom,Andean Highland,3,Archery,10
-4165,initial,139,North qinqinxiaguo Tribe,East Riverine,100,Cordage and Knots,10
-4165,initial,139,North qinqinxiaguo Tribe,East Riverine,101,Hide Working and Tailored Clothing,10
-4165,initial,139,North qinqinxiaguo Tribe,East Riverine,102,Hafted Stone Tools,10
-4165,initial,139,North qinqinxiaguo Tribe,East Riverine,105,Food Preservation,10
-4165,initial,139,North qinqinxiaguo Tribe,East Riverine,106,Storage Pits and Containers,10
-4165,initial,139,North qinqinxiaguo Tribe,East Riverine,107,Seasonal Aggregation Camps,10
-4165,initial,139,North qinqinxiaguo Tribe,East Riverine,110,Dog Domestication,10
-4165,initial,139,North qinqinxiaguo Tribe,East Riverine,111,Grinding Stones,10
-4165,initial,139,North qinqinxiaguo Tribe,East Riverine,116,Charcoal Firing,10
-4165,initial,139,North qinqinxiaguo Tribe,East Riverine,3,Archery,10
-4135,initial,140,New qinminliling Kingdom,East Riverine,100,Cordage and Knots,10
-4135,initial,140,New qinminliling Kingdom,East Riverine,101,Hide Working and Tailored Clothing,10
-4135,initial,140,New qinminliling Kingdom,East Riverine,102,Hafted Stone Tools,10
-4135,initial,140,New qinminliling Kingdom,East Riverine,105,Food Preservation,10
-4135,initial,140,New qinminliling Kingdom,East Riverine,106,Storage Pits and Containers,10
-4135,initial,140,New qinminliling Kingdom,East Riverine,107,Seasonal Aggregation Camps,10
-4135,initial,140,New qinminliling Kingdom,East Riverine,110,Dog Domestication,10
-4135,initial,140,New qinminliling Kingdom,East Riverine,111,Grinding Stones,10
-4135,initial,140,New qinminliling Kingdom,East Riverine,116,Charcoal Firing,10
-4135,initial,140,New qinminliling Kingdom,East Riverine,3,Archery,10
-4075,initial,141,South zengarstan Tribe,Monsoon Coastal,100,Cordage and Knots,19
-4075,initial,141,South zengarstan Tribe,Monsoon Coastal,101,Hide Working and Tailored Clothing,19
-4075,initial,141,South zengarstan Tribe,Monsoon Coastal,102,Hafted Stone Tools,19
-4075,initial,141,South zengarstan Tribe,Monsoon Coastal,104,Fishing Technology,19
-4075,initial,141,South zengarstan Tribe,Monsoon Coastal,105,Food Preservation,19
-4075,initial,141,South zengarstan Tribe,Monsoon Coastal,106,Storage Pits and Containers,19
-4075,initial,141,South zengarstan Tribe,Monsoon Coastal,107,Seasonal Aggregation Camps,19
-4075,initial,141,South zengarstan Tribe,Monsoon Coastal,108,Watercraft,19
-4075,initial,141,South zengarstan Tribe,Monsoon Coastal,110,Dog Domestication,19
-4075,initial,141,South zengarstan Tribe,Monsoon Coastal,111,Grinding Stones,19
-4075,initial,141,South zengarstan Tribe,Monsoon Coastal,112,Proto-cultivation,19
-4075,initial,141,South zengarstan Tribe,Monsoon Coastal,113,Sedentism,19
-4075,initial,141,South zengarstan Tribe,Monsoon Coastal,114,Enclosures and Herd Management,19
-4075,initial,141,South zengarstan Tribe,Monsoon Coastal,116,Charcoal Firing,19
-4075,initial,141,South zengarstan Tribe,Monsoon Coastal,1,Pottery,19
-4075,initial,141,South zengarstan Tribe,Monsoon Coastal,20,Agriculture,19
-4075,initial,141,South zengarstan Tribe,Monsoon Coastal,3,Archery,19
-4075,initial,141,South zengarstan Tribe,Monsoon Coastal,5,Sailing,19
-4075,initial,141,South zengarstan Tribe,Monsoon Coastal,6,Calendar,19
-4025,initial,142,New xiaminguo Tribe,East Riverine,100,Cordage and Knots,11
-4025,initial,142,New xiaminguo Tribe,East Riverine,101,Hide Working and Tailored Clothing,11
-4025,initial,142,New xiaminguo Tribe,East Riverine,102,Hafted Stone Tools,11
-4025,initial,142,New xiaminguo Tribe,East Riverine,105,Food Preservation,11
-4025,initial,142,New xiaminguo Tribe,East Riverine,106,Storage Pits and Containers,11
-4025,initial,142,New xiaminguo Tribe,East Riverine,107,Seasonal Aggregation Camps,11
-4025,initial,142,New xiaminguo Tribe,East Riverine,110,Dog Domestication,11
-4025,initial,142,New xiaminguo Tribe,East Riverine,111,Grinding Stones,11
-4025,initial,142,New xiaminguo Tribe,East Riverine,116,Charcoal Firing,11
-4025,initial,142,New xiaminguo Tribe,East Riverine,4,Mining,11
-4025,initial,142,New xiaminguo Tribe,East Riverine,3,Archery,11
-4015,initial,143,Great weizhominguo Tribe,East Riverine,100,Cordage and Knots,11
-4015,initial,143,Great weizhominguo Tribe,East Riverine,101,Hide Working and Tailored Clothing,11
-4015,initial,143,Great weizhominguo Tribe,East Riverine,102,Hafted Stone Tools,11
-4015,initial,143,Great weizhominguo Tribe,East Riverine,105,Food Preservation,11
-4015,initial,143,Great weizhominguo Tribe,East Riverine,106,Storage Pits and Containers,11
-4015,initial,143,Great weizhominguo Tribe,East Riverine,107,Seasonal Aggregation Camps,11
-4015,initial,143,Great weizhominguo Tribe,East Riverine,110,Dog Domestication,11
-4015,initial,143,Great weizhominguo Tribe,East Riverine,111,Grinding Stones,11
-4015,initial,143,Great weizhominguo Tribe,East Riverine,116,Charcoal Firing,11
-4015,initial,143,Great weizhominguo Tribe,East Riverine,4,Mining,11
-4015,initial,143,Great weizhominguo Tribe,East Riverine,3,Archery,11
-3995,initial,144,New weiren Tribe,East Riverine,100,Cordage and Knots,10
-3995,initial,144,New weiren Tribe,East Riverine,101,Hide Working and Tailored Clothing,10
-3995,initial,144,New weiren Tribe,East Riverine,102,Hafted Stone Tools,10
-3995,initial,144,New weiren Tribe,East Riverine,105,Food Preservation,10
-3995,initial,144,New weiren Tribe,East Riverine,106,Storage Pits and Containers,10
-3995,initial,144,New weiren Tribe,East Riverine,107,Seasonal Aggregation Camps,10
-3995,initial,144,New weiren Tribe,East Riverine,110,Dog Domestication,10
-3995,initial,144,New weiren Tribe,East Riverine,111,Grinding Stones,10
-3995,initial,144,New weiren Tribe,East Riverine,116,Charcoal Firing,10
-3995,initial,144,New weiren Tribe,East Riverine,3,Archery,10
-3950,initial,145,Old qinliweiguo Kingdom,East Riverine,100,Cordage and Knots,10
-3950,initial,145,Old qinliweiguo Kingdom,East Riverine,101,Hide Working and Tailored Clothing,10
-3950,initial,145,Old qinliweiguo Kingdom,East Riverine,102,Hafted Stone Tools,10
-3950,initial,145,Old qinliweiguo Kingdom,East Riverine,105,Food Preservation,10
-3950,initial,145,Old qinliweiguo Kingdom,East Riverine,106,Storage Pits and Containers,10
-3950,initial,145,Old qinliweiguo Kingdom,East Riverine,107,Seasonal Aggregation Camps,10
-3950,initial,145,Old qinliweiguo Kingdom,East Riverine,110,Dog Domestication,10
-3950,initial,145,Old qinliweiguo Kingdom,East Riverine,111,Grinding Stones,10
-3950,initial,145,Old qinliweiguo Kingdom,East Riverine,116,Charcoal Firing,10
-3950,initial,145,Old qinliweiguo Kingdom,East Riverine,3,Archery,10
-3915,initial,146,North kusayaayana Kingdom,Andean Highland,100,Cordage and Knots,10
-3915,initial,146,North kusayaayana Kingdom,Andean Highland,101,Hide Working and Tailored Clothing,10
-3915,initial,146,North kusayaayana Kingdom,Andean Highland,102,Hafted Stone Tools,10
-3915,initial,146,North kusayaayana Kingdom,Andean Highland,105,Food Preservation,10
-3915,initial,146,North kusayaayana Kingdom,Andean Highland,106,Storage Pits and Containers,10
-3915,initial,146,North kusayaayana Kingdom,Andean Highland,107,Seasonal Aggregation Camps,10
-3915,initial,146,North kusayaayana Kingdom,Andean Highland,111,Grinding Stones,10
-3915,initial,146,North kusayaayana Kingdom,Andean Highland,116,Charcoal Firing,10
-3915,initial,146,North kusayaayana Kingdom,Andean Highland,4,Mining,10
-3915,initial,146,North kusayaayana Kingdom,Andean Highland,3,Archery,10
-3805,initial,147,New belureshum Kingdom,Fertile Crescent,100,Cordage and Knots,11
-3805,initial,147,New belureshum Kingdom,Fertile Crescent,101,Hide Working and Tailored Clothing,11
-3805,initial,147,New belureshum Kingdom,Fertile Crescent,102,Hafted Stone Tools,11
-3805,initial,147,New belureshum Kingdom,Fertile Crescent,105,Food Preservation,11
-3805,initial,147,New belureshum Kingdom,Fertile Crescent,106,Storage Pits and Containers,11
-3805,initial,147,New belureshum Kingdom,Fertile Crescent,107,Seasonal Aggregation Camps,11
-3805,initial,147,New belureshum Kingdom,Fertile Crescent,110,Dog Domestication,11
-3805,initial,147,New belureshum Kingdom,Fertile Crescent,111,Grinding Stones,11
-3805,initial,147,New belureshum Kingdom,Fertile Crescent,116,Charcoal Firing,11
-3805,initial,147,New belureshum Kingdom,Fertile Crescent,4,Mining,11
-3805,initial,147,New belureshum Kingdom,Fertile Crescent,3,Archery,11
-3735,initial,148,North matana Tribe,North Saharan,100,Cordage and Knots,10
-3735,initial,148,North matana Tribe,North Saharan,101,Hide Working and Tailored Clothing,10
-3735,initial,148,North matana Tribe,North Saharan,102,Hafted Stone Tools,10
-3735,initial,148,North matana Tribe,North Saharan,105,Food Preservation,10
-3735,initial,148,North matana Tribe,North Saharan,106,Storage Pits and Containers,10
-3735,initial,148,North matana Tribe,North Saharan,107,Seasonal Aggregation Camps,10
-3735,initial,148,North matana Tribe,North Saharan,110,Dog Domestication,10
-3735,initial,148,North matana Tribe,North Saharan,111,Grinding Stones,10
-3735,initial,148,North matana Tribe,North Saharan,116,Charcoal Firing,10
-3735,initial,148,North matana Tribe,North Saharan,3,Archery,10
-3728,unlock,42,North nater Tribe,Monsoon Coastal,10,Irrigation,19
-3727,unlock,115,Great romlorsolstan Tribe,Monsoon Coastal,109,Long-distance Exchange Networks,19
-3720,initial,149,Linterstan Tribe,Monsoon Coastal,100,Cordage and Knots,10
-3720,initial,149,Linterstan Tribe,Monsoon Coastal,101,Hide Working and Tailored Clothing,10
-3720,initial,149,Linterstan Tribe,Monsoon Coastal,102,Hafted Stone Tools,10
-3720,initial,149,Linterstan Tribe,Monsoon Coastal,105,Food Preservation,10
-3720,initial,149,Linterstan Tribe,Monsoon Coastal,106,Storage Pits and Containers,10
-3720,initial,149,Linterstan Tribe,Monsoon Coastal,107,Seasonal Aggregation Camps,10
-3720,initial,149,Linterstan Tribe,Monsoon Coastal,110,Dog Domestication,10
-3720,initial,149,Linterstan Tribe,Monsoon Coastal,111,Grinding Stones,10
-3720,initial,149,Linterstan Tribe,Monsoon Coastal,116,Charcoal Firing,10
-3720,initial,149,Linterstan Tribe,Monsoon Coastal,3,Archery,10
-3690,initial,150,Great linxiashan Kingdom,East Riverine,100,Cordage and Knots,10
-3690,initial,150,Great linxiashan Kingdom,East Riverine,101,Hide Working and Tailored Clothing,10
-3690,initial,150,Great linxiashan Kingdom,East Riverine,102,Hafted Stone Tools,10
-3690,initial,150,Great linxiashan Kingdom,East Riverine,105,Food Preservation,10
-3690,initial,150,Great linxiashan Kingdom,East Riverine,106,Storage Pits and Containers,10
-3690,initial,150,Great linxiashan Kingdom,East Riverine,107,Seasonal Aggregation Camps,10
-3690,initial,150,Great linxiashan Kingdom,East Riverine,110,Dog Domestication,10
-3690,initial,150,Great linxiashan Kingdom,East Riverine,111,Grinding Stones,10
-3690,initial,150,Great linxiashan Kingdom,East Riverine,116,Charcoal Firing,10
-3690,initial,150,Great linxiashan Kingdom,East Riverine,3,Archery,10
-3635,initial,151,South garteria Kingdom,Eastern Woodland,100,Cordage and Knots,9
-3635,initial,151,South garteria Kingdom,Eastern Woodland,101,Hide Working and Tailored Clothing,9
-3635,initial,151,South garteria Kingdom,Eastern Woodland,102,Hafted Stone Tools,9
-3635,initial,151,South garteria Kingdom,Eastern Woodland,105,Food Preservation,9
-3635,initial,151,South garteria Kingdom,Eastern Woodland,106,Storage Pits and Containers,9
-3635,initial,151,South garteria Kingdom,Eastern Woodland,107,Seasonal Aggregation Camps,9
-3635,initial,151,South garteria Kingdom,Eastern Woodland,111,Grinding Stones,9
-3635,initial,151,South garteria Kingdom,Eastern Woodland,4,Mining,9
-3635,initial,151,South garteria Kingdom,Eastern Woodland,3,Archery,9
-3634,unlock,115,Great romlorsolstan Tribe,Monsoon Coastal,115,Counting Tokens and Tallies,20
-3631,unlock,39,Romkinia Tribe,Monsoon Coastal,109,Long-distance Exchange Networks,19
-3610,initial,152,Great lamzuara Tribe,East Horn,100,Cordage and Knots,14
-3610,initial,152,Great lamzuara Tribe,East Horn,101,Hide Working and Tailored Clothing,14
-3610,initial,152,Great lamzuara Tribe,East Horn,102,Hafted Stone Tools,14
-3610,initial,152,Great lamzuara Tribe,East Horn,105,Food Preservation,14
-3610,initial,152,Great lamzuara Tribe,East Horn,106,Storage Pits and Containers,14
-3610,initial,152,Great lamzuara Tribe,East Horn,107,Seasonal Aggregation Camps,14
-3610,initial,152,Great lamzuara Tribe,East Horn,111,Grinding Stones,14
-3610,initial,152,Great lamzuara Tribe,East Horn,112,Proto-cultivation,14
-3610,initial,152,Great lamzuara Tribe,East Horn,113,Sedentism,14
-3610,initial,152,Great lamzuara Tribe,East Horn,116,Charcoal Firing,14
-3610,initial,152,Great lamzuara Tribe,East Horn,1,Pottery,14
-3610,initial,152,Great lamzuara Tribe,East Horn,20,Agriculture,14
-3610,initial,152,Great lamzuara Tribe,East Horn,3,Archery,14
-3610,initial,152,Great lamzuara Tribe,East Horn,6,Calendar,14
-3605,initial,153,Great dornorland Tribe,Central Plain,100,Cordage and Knots,11
-3605,initial,153,Great dornorland Tribe,Central Plain,101,Hide Working and Tailored Clothing,11
-3605,initial,153,Great dornorland Tribe,Central Plain,102,Hafted Stone Tools,11
-3605,initial,153,Great dornorland Tribe,Central Plain,105,Food Preservation,11
-3605,initial,153,Great dornorland Tribe,Central Plain,106,Storage Pits and Containers,11
-3605,initial,153,Great dornorland Tribe,Central Plain,107,Seasonal Aggregation Camps,11
-3605,initial,153,Great dornorland Tribe,Central Plain,110,Dog Domestication,11
-3605,initial,153,Great dornorland Tribe,Central Plain,111,Grinding Stones,11
-3605,initial,153,Great dornorland Tribe,Central Plain,116,Charcoal Firing,11
-3605,initial,153,Great dornorland Tribe,Central Plain,4,Mining,11
-3605,initial,153,Great dornorland Tribe,Central Plain,3,Archery,11
-3602,unlock,9,Mitnaldesh Tribe,Indic Riverine,7,Wheel,17
-3597,unlock,39,Romkinia Tribe,Monsoon Coastal,115,Counting Tokens and Tallies,20
-3581,unlock,42,North nater Tribe,Monsoon Coastal,115,Counting Tokens and Tallies,20
-3579,unlock,42,North nater Tribe,Monsoon Coastal,12,Shipbuilding,21
-3551,unlock,42,North nater Tribe,Monsoon Coastal,7,Wheel,22
-3542,unlock,42,North nater Tribe,Monsoon Coastal,103,Bone and Antler Tools,23
-3528,unlock,115,Great romlorsolstan Tribe,Monsoon Coastal,7,Wheel,21
-3515,initial,154,South semachiara Kingdom,North Saharan,100,Cordage and Knots,10
-3515,initial,154,South semachiara Kingdom,North Saharan,101,Hide Working and Tailored Clothing,10
-3515,initial,154,South semachiara Kingdom,North Saharan,102,Hafted Stone Tools,10
-3515,initial,154,South semachiara Kingdom,North Saharan,105,Food Preservation,10
-3515,initial,154,South semachiara Kingdom,North Saharan,106,Storage Pits and Containers,10
-3515,initial,154,South semachiara Kingdom,North Saharan,107,Seasonal Aggregation Camps,10
-3515,initial,154,South semachiara Kingdom,North Saharan,110,Dog Domestication,10
-3515,initial,154,South semachiara Kingdom,North Saharan,111,Grinding Stones,10
-3515,initial,154,South semachiara Kingdom,North Saharan,116,Charcoal Firing,10
-3515,initial,154,South semachiara Kingdom,North Saharan,3,Archery,10
-3506,unlock,106,Dradrasurnagar Tribe,Indic Riverine,104,Fishing Technology,17
-3484,unlock,115,Great romlorsolstan Tribe,Monsoon Coastal,117,Proto-writing and Administrative Notation,22
-3465,initial,155,Old tanzumau Kingdom,North Saharan,100,Cordage and Knots,10
-3465,initial,155,Old tanzumau Kingdom,North Saharan,101,Hide Working and Tailored Clothing,10
-3465,initial,155,Old tanzumau Kingdom,North Saharan,102,Hafted Stone Tools,10
-3465,initial,155,Old tanzumau Kingdom,North Saharan,105,Food Preservation,10
-3465,initial,155,Old tanzumau Kingdom,North Saharan,106,Storage Pits and Containers,10
-3465,initial,155,Old tanzumau Kingdom,North Saharan,107,Seasonal Aggregation Camps,10
-3465,initial,155,Old tanzumau Kingdom,North Saharan,110,Dog Domestication,10
-3465,initial,155,Old tanzumau Kingdom,North Saharan,111,Grinding Stones,10
-3465,initial,155,Old tanzumau Kingdom,North Saharan,116,Charcoal Firing,10
-3465,initial,155,Old tanzumau Kingdom,North Saharan,3,Archery,10
-3446,unlock,115,Great romlorsolstan Tribe,Monsoon Coastal,103,Bone and Antler Tools,23
-3445,initial,156,North linqintaishan Tribe,East Riverine,100,Cordage and Knots,10
-3445,initial,156,North linqintaishan Tribe,East Riverine,101,Hide Working and Tailored Clothing,10
-3445,initial,156,North linqintaishan Tribe,East Riverine,102,Hafted Stone Tools,10
-3445,initial,156,North linqintaishan Tribe,East Riverine,105,Food Preservation,10
-3445,initial,156,North linqintaishan Tribe,East Riverine,106,Storage Pits and Containers,10
-3445,initial,156,North linqintaishan Tribe,East Riverine,107,Seasonal Aggregation Camps,10
-3445,initial,156,North linqintaishan Tribe,East Riverine,110,Dog Domestication,10
-3445,initial,156,North linqintaishan Tribe,East Riverine,111,Grinding Stones,10
-3445,initial,156,North linqintaishan Tribe,East Riverine,116,Charcoal Firing,10
-3445,initial,156,North linqintaishan Tribe,East Riverine,3,Archery,10
-3441,unlock,0,North surnaltan Tribe,Indic Riverine,103,Bone and Antler Tools,17
-3425,initial,157,North sharavipur Kingdom,Indic Riverine,100,Cordage and Knots,10
-3425,initial,157,North sharavipur Kingdom,Indic Riverine,101,Hide Working and Tailored Clothing,10
-3425,initial,157,North sharavipur Kingdom,Indic Riverine,102,Hafted Stone Tools,10
-3425,initial,157,North sharavipur Kingdom,Indic Riverine,105,Food Preservation,10
-3425,initial,157,North sharavipur Kingdom,Indic Riverine,106,Storage Pits and Containers,10
-3425,initial,157,North sharavipur Kingdom,Indic Riverine,107,Seasonal Aggregation Camps,10
-3425,initial,157,North sharavipur Kingdom,Indic Riverine,110,Dog Domestication,10
-3425,initial,157,North sharavipur Kingdom,Indic Riverine,111,Grinding Stones,10
-3425,initial,157,North sharavipur Kingdom,Indic Riverine,116,Charcoal Firing,10
-3425,initial,157,North sharavipur Kingdom,Indic Riverine,3,Archery,10
-3395,unlock,39,Romkinia Tribe,Monsoon Coastal,10,Irrigation,21
-3394,unlock,39,Romkinia Tribe,Monsoon Coastal,117,Proto-writing and Administrative Notation,22
-3367,unlock,106,Dradrasurnagar Tribe,Indic Riverine,117,Proto-writing and Administrative Notation,18
-3363,unlock,3,Kingdom of Great surtanpur,Indic Riverine,7,Wheel,17
-3347,unlock,3,Kingdom of Great surtanpur,Indic Riverine,104,Fishing Technology,18
-3347,unlock,72,South nahitzitztan Tribe,Mesoamerican,115,Counting Tokens and Tallies,14
-3347,unlock,106,Dradrasurnagar Tribe,Indic Riverine,103,Bone and Antler Tools,19
-3340,initial,158,Great surshadesh Kingdom,Indic Riverine,100,Cordage and Knots,10
-3340,initial,158,Great surshadesh Kingdom,Indic Riverine,101,Hide Working and Tailored Clothing,10
-3340,initial,158,Great surshadesh Kingdom,Indic Riverine,102,Hafted Stone Tools,10
-3340,initial,158,Great surshadesh Kingdom,Indic Riverine,105,Food Preservation,10
-3340,initial,158,Great surshadesh Kingdom,Indic Riverine,106,Storage Pits and Containers,10
-3340,initial,158,Great surshadesh Kingdom,Indic Riverine,107,Seasonal Aggregation Camps,10
-3340,initial,158,Great surshadesh Kingdom,Indic Riverine,110,Dog Domestication,10
-3340,initial,158,Great surshadesh Kingdom,Indic Riverine,111,Grinding Stones,10
-3340,initial,158,Great surshadesh Kingdom,Indic Riverine,116,Charcoal Firing,10
-3340,initial,158,Great surshadesh Kingdom,Indic Riverine,3,Archery,10
-3336,unlock,70,Kingdom of Old xocchitan,Mesoamerican,10,Irrigation,14
-3315,initial,159,Old eshkalad Kingdom,Fertile Crescent,100,Cordage and Knots,10
-3315,initial,159,Old eshkalad Kingdom,Fertile Crescent,101,Hide Working and Tailored Clothing,10
-3315,initial,159,Old eshkalad Kingdom,Fertile Crescent,102,Hafted Stone Tools,10
-3315,initial,159,Old eshkalad Kingdom,Fertile Crescent,105,Food Preservation,10
-3315,initial,159,Old eshkalad Kingdom,Fertile Crescent,106,Storage Pits and Containers,10
-3315,initial,159,Old eshkalad Kingdom,Fertile Crescent,107,Seasonal Aggregation Camps,10
-3315,initial,159,Old eshkalad Kingdom,Fertile Crescent,110,Dog Domestication,10
-3315,initial,159,Old eshkalad Kingdom,Fertile Crescent,111,Grinding Stones,10
-3315,initial,159,Old eshkalad Kingdom,Fertile Crescent,116,Charcoal Firing,10
-3315,initial,159,Old eshkalad Kingdom,Fertile Crescent,3,Archery,10
-3311,unlock,71,North tolnahco Tribe,Mesoamerican,104,Fishing Technology,14
-3308,unlock,115,Great romlorsolstan Tribe,Monsoon Coastal,10,Irrigation,24
-3305,unlock,0,North surnaltan Tribe,Indic Riverine,7,Wheel,18
-3302,unlock,72,South nahitzitztan Tribe,Mesoamerican,104,Fishing Technology,15
-3297,unlock,9,Mitnaldesh Tribe,Indic Riverine,103,Bone and Antler Tools,18
-3286,unlock,72,South nahitzitztan Tribe,Mesoamerican,10,Irrigation,16
-3283,unlock,39,Romkinia Tribe,Monsoon Coastal,103,Bone and Antler Tools,23
-3282,unlock,71,North tolnahco Tribe,Mesoamerican,115,Counting Tokens and Tallies,15
-3277,unlock,52,Katanngou Tribe,West Sahel,103,Bone and Antler Tools,14
-3277,unlock,53,Empire of South zutanlamara,East Horn,104,Fishing Technology,14
-3273,unlock,106,Dradrasurnagar Tribe,Indic Riverine,11,Writing,20
-3264,unlock,74,Kingdom of Old nahtemtan,Mesoamerican,115,Counting Tokens and Tallies,14
-3236,unlock,72,South nahitzitztan Tribe,Mesoamerican,103,Bone and Antler Tools,17
-3232,unlock,106,Dradrasurnagar Tribe,Indic Riverine,108,Watercraft,21
-3231,unlock,9,Mitnaldesh Tribe,Indic Riverine,104,Fishing Technology,19
-3231,unlock,72,South nahitzitztan Tribe,Mesoamerican,114,Enclosures and Herd Management,18
-3225,unlock,65,Great teoxocco Tribe,Mesoamerican,10,Irrigation,14
-3223,unlock,3,Kingdom of Great surtanpur,Indic Riverine,103,Bone and Antler Tools,19
-3223,unlock,39,Romkinia Tribe,Monsoon Coastal,118,Numeracy and Measurement,24
-3207,unlock,72,South nahitzitztan Tribe,Mesoamerican,110,Dog Domestication,19
-3205,unlock,39,Empire of South terranquigrad,Monsoon Coastal,15,Currency,25
-3199,unlock,0,North surnaltan Tribe,Indic Riverine,117,Proto-writing and Administrative Notation,19
-3196,unlock,48,Kingdom of New sengobarene,Nile Floodplain,104,Fishing Technology,18
-3192,unlock,74,Kingdom of Old nahtemtan,Mesoamerican,103,Bone and Antler Tools,15
-3191,unlock,74,Kingdom of Old nahtemtan,Mesoamerican,104,Fishing Technology,16
-3188,unlock,53,Empire of South zutanlamara,East Horn,103,Bone and Antler Tools,15
-3186,unlock,53,Empire of South zutanlamara,East Horn,115,Counting Tokens and Tallies,16
-3184,unlock,53,Empire of South zutanlamara,East Horn,10,Irrigation,17
-3179,unlock,3,Kingdom of Great surtanpur,Indic Riverine,117,Proto-writing and Administrative Notation,20
-3174,unlock,43,Ranzennaland Tribe,Monsoon Coastal,109,Long-distance Exchange Networks,19
-3172,unlock,65,Great teoxocco Tribe,Mesoamerican,110,Dog Domestication,15
-3162,unlock,70,Kingdom of Old xocchitan,Mesoamerican,104,Fishing Technology,15
-3145,initial,160,Qinlirenling Kingdom,East Riverine,100,Cordage and Knots,10
-3145,initial,160,Qinlirenling Kingdom,East Riverine,101,Hide Working and Tailored Clothing,10
-3145,initial,160,Qinlirenling Kingdom,East Riverine,102,Hafted Stone Tools,10
-3145,initial,160,Qinlirenling Kingdom,East Riverine,105,Food Preservation,10
-3145,initial,160,Qinlirenling Kingdom,East Riverine,106,Storage Pits and Containers,10
-3145,initial,160,Qinlirenling Kingdom,East Riverine,107,Seasonal Aggregation Camps,10
-3145,initial,160,Qinlirenling Kingdom,East Riverine,110,Dog Domestication,10
-3145,initial,160,Qinlirenling Kingdom,East Riverine,111,Grinding Stones,10
-3145,initial,160,Qinlirenling Kingdom,East Riverine,116,Charcoal Firing,10
-3145,initial,160,Qinlirenling Kingdom,East Riverine,3,Archery,10
-3140,unlock,71,North tolnahco Tribe,Mesoamerican,10,Irrigation,16
-3132,unlock,0,North surnaltan Tribe,Indic Riverine,17,Roads,20
-3132,unlock,115,Great romlorsolstan Tribe,Monsoon Coastal,12,Shipbuilding,25
-3130,unlock,39,Empire of South terranquigrad,Monsoon Coastal,12,Shipbuilding,26
-3118,unlock,9,Mitnaldesh Tribe,Indic Riverine,108,Watercraft,20
-3101,unlock,65,Great teoxocco Tribe,Mesoamerican,103,Bone and Antler Tools,16
-3099,unlock,52,Empire of South ofitana,West Sahel,114,Enclosures and Herd Management,15
-3095,unlock,0,North surnaltan Tribe,Indic Riverine,10,Irrigation,21
-3095,initial,161,Great kalashar Kingdom,Fertile Crescent,100,Cordage and Knots,10
-3095,initial,161,Great kalashar Kingdom,Fertile Crescent,101,Hide Working and Tailored Clothing,10
-3095,initial,161,Great kalashar Kingdom,Fertile Crescent,102,Hafted Stone Tools,10
-3095,initial,161,Great kalashar Kingdom,Fertile Crescent,105,Food Preservation,10
-3095,initial,161,Great kalashar Kingdom,Fertile Crescent,106,Storage Pits and Containers,10
-3095,initial,161,Great kalashar Kingdom,Fertile Crescent,107,Seasonal Aggregation Camps,10
-3095,initial,161,Great kalashar Kingdom,Fertile Crescent,110,Dog Domestication,10
-3095,initial,161,Great kalashar Kingdom,Fertile Crescent,111,Grinding Stones,10
-3095,initial,161,Great kalashar Kingdom,Fertile Crescent,116,Charcoal Firing,10
-3095,initial,161,Great kalashar Kingdom,Fertile Crescent,3,Archery,10
-3094,unlock,0,North surnaltan Tribe,Indic Riverine,11,Writing,22
-3086,unlock,42,North nater Tribe,Monsoon Coastal,109,Long-distance Exchange Networks,24
-3086,unlock,71,North tolnahco Tribe,Mesoamerican,110,Dog Domestication,17
-3085,unlock,106,Dradrasurnagar Tribe,Indic Riverine,10,Irrigation,22
-3083,unlock,72,South nahitzitztan Tribe,Mesoamerican,108,Watercraft,21
-3083,unlock,72,South nahitzitztan Tribe,Mesoamerican,7,Wheel,21
-3080,initial,162,Great kusllaqa Tribe,Andean Highland,100,Cordage and Knots,10
-3080,initial,162,Great kusllaqa Tribe,Andean Highland,101,Hide Working and Tailored Clothing,10
-3080,initial,162,Great kusllaqa Tribe,Andean Highland,102,Hafted Stone Tools,10
-3080,initial,162,Great kusllaqa Tribe,Andean Highland,105,Food Preservation,10
-3080,initial,162,Great kusllaqa Tribe,Andean Highland,106,Storage Pits and Containers,10
-3080,initial,162,Great kusllaqa Tribe,Andean Highland,107,Seasonal Aggregation Camps,10
-3080,initial,162,Great kusllaqa Tribe,Andean Highland,111,Grinding Stones,10
-3080,initial,162,Great kusllaqa Tribe,Andean Highland,116,Charcoal Firing,10
-3080,initial,162,Great kusllaqa Tribe,Andean Highland,4,Mining,10
-3080,initial,162,Great kusllaqa Tribe,Andean Highland,3,Archery,10
-3079,unlock,9,Mitnaldesh Tribe,Indic Riverine,117,Proto-writing and Administrative Notation,22
-3079,unlock,9,Mitnaldesh Tribe,Indic Riverine,17,Roads,22
-3072,unlock,70,Kingdom of Old xocchitan,Mesoamerican,110,Dog Domestication,16
-3068,unlock,9,Mitnaldesh Tribe,Indic Riverine,10,Irrigation,23
-3055,unlock,106,Dradrasurnagar Tribe,Indic Riverine,109,Long-distance Exchange Networks,23
-3046,unlock,52,Empire of South ofitana,West Sahel,115,Counting Tokens and Tallies,16
-3040,initial,163,Great shasurpur Kingdom,Indic Riverine,100,Cordage and Knots,10
-3040,initial,163,Great shasurpur Kingdom,Indic Riverine,101,Hide Working and Tailored Clothing,10
-3040,initial,163,Great shasurpur Kingdom,Indic Riverine,102,Hafted Stone Tools,10
-3040,initial,163,Great shasurpur Kingdom,Indic Riverine,105,Food Preservation,10
-3040,initial,163,Great shasurpur Kingdom,Indic Riverine,106,Storage Pits and Containers,10
-3040,initial,163,Great shasurpur Kingdom,Indic Riverine,107,Seasonal Aggregation Camps,10
-3040,initial,163,Great shasurpur Kingdom,Indic Riverine,110,Dog Domestication,10
-3040,initial,163,Great shasurpur Kingdom,Indic Riverine,111,Grinding Stones,10
-3040,initial,163,Great shasurpur Kingdom,Indic Riverine,116,Charcoal Firing,10
-3040,initial,163,Great shasurpur Kingdom,Indic Riverine,3,Archery,10
-3028,unlock,42,North nater Tribe,Monsoon Coastal,17,Roads,25
-3024,unlock,3,Kingdom of Great surtanpur,Indic Riverine,11,Writing,21
-3018,unlock,74,Kingdom of Old nahtemtan,Mesoamerican,10,Irrigation,17
-3013,unlock,4,Kingdom of Old kanshasur,Indic Riverine,104,Fishing Technology,17
-3013,unlock,53,Empire of South zutanlamara,East Horn,108,Watercraft,18
-3010,unlock,3,Kingdom of Great surtanpur,Indic Riverine,108,Watercraft,22
-3010,unlock,43,Ranzennaland Tribe,Monsoon Coastal,103,Bone and Antler Tools,20
-3008,unlock,72,South nahitzitztan Tribe,Mesoamerican,5,Sailing,22
-3008,unlock,74,Kingdom of Old nahtemtan,Mesoamerican,110,Dog Domestication,18
-3004,unlock,53,Empire of South zutanlamara,East Horn,110,Dog Domestication,19
-3004,unlock,65,Great teoxocco Tribe,Mesoamerican,114,Enclosures and Herd Management,17
-3002,unlock,9,Mitnaldesh Tribe,Indic Riverine,109,Long-distance Exchange Networks,24
-3001,unlock,11,Kingdom of New varmitpur,Indic Riverine,7,Wheel,17
-2981,unlock,43,Ranzennaland Tribe,Monsoon Coastal,10,Irrigation,21
-2979,unlock,106,Dradrasurnagar Tribe,Indic Riverine,5,Sailing,24
-2977,unlock,3,Kingdom of Great surtanpur,Indic Riverine,10,Irrigation,23
-2975,unlock,0,North surnaltan Tribe,Indic Riverine,118,Numeracy and Measurement,23
-2971,unlock,4,Kingdom of Old kanshasur,Indic Riverine,7,Wheel,18
-2971,unlock,43,Ranzennaland Tribe,Monsoon Coastal,7,Wheel,22
-2963,unlock,48,Kingdom of New sengobarene,Nile Floodplain,103,Bone and Antler Tools,19
-2963,unlock,74,Kingdom of Old nahtemtan,Mesoamerican,108,Watercraft,19
-2959,unlock,52,Empire of South ofitana,West Sahel,7,Wheel,17
-2943,unlock,40,Old dusqui,Monsoon Coastal,7,Wheel,18
-2932,unlock,8,Kingdom of North mitvarmitnagar,Indic Riverine,104,Fishing Technology,17
-2929,unlock,53,Empire of South zutanlamara,East Horn,114,Enclosures and Herd Management,20
-2925,initial,164,South xialiwei Kingdom,East Riverine,100,Cordage and Knots,10
-2925,initial,164,South xialiwei Kingdom,East Riverine,101,Hide Working and Tailored Clothing,10
-2925,initial,164,South xialiwei Kingdom,East Riverine,102,Hafted Stone Tools,10
-2925,initial,164,South xialiwei Kingdom,East Riverine,105,Food Preservation,10
-2925,initial,164,South xialiwei Kingdom,East Riverine,106,Storage Pits and Containers,10
-2925,initial,164,South xialiwei Kingdom,East Riverine,107,Seasonal Aggregation Camps,10
-2925,initial,164,South xialiwei Kingdom,East Riverine,110,Dog Domestication,10
-2925,initial,164,South xialiwei Kingdom,East Riverine,111,Grinding Stones,10
-2925,initial,164,South xialiwei Kingdom,East Riverine,116,Charcoal Firing,10
-2925,initial,164,South xialiwei Kingdom,East Riverine,3,Archery,10
-2924,unlock,52,Empire of South ofitana,West Sahel,10,Irrigation,18
-2921,unlock,4,Kingdom of Old kanshasur,Indic Riverine,10,Irrigation,19
-2919,unlock,74,Kingdom of Old nahtemtan,Mesoamerican,114,Enclosures and Herd Management,20
-2917,unlock,0,North surnaltan Tribe,Indic Riverine,19,Alphabet,24
-2915,initial,165,New tarlenselburg Tribe,Mediterranean Urban,100,Cordage and Knots,10
-2915,initial,165,New tarlenselburg Tribe,Mediterranean Urban,101,Hide Working and Tailored Clothing,10
-2915,initial,165,New tarlenselburg Tribe,Mediterranean Urban,102,Hafted Stone Tools,10
-2915,initial,165,New tarlenselburg Tribe,Mediterranean Urban,105,Food Preservation,10
-2915,initial,165,New tarlenselburg Tribe,Mediterranean Urban,106,Storage Pits and Containers,10
-2915,initial,165,New tarlenselburg Tribe,Mediterranean Urban,107,Seasonal Aggregation Camps,10
-2915,initial,165,New tarlenselburg Tribe,Mediterranean Urban,110,Dog Domestication,10
-2915,initial,165,New tarlenselburg Tribe,Mediterranean Urban,111,Grinding Stones,10
-2915,initial,165,New tarlenselburg Tribe,Mediterranean Urban,116,Charcoal Firing,10
-2915,initial,165,New tarlenselburg Tribe,Mediterranean Urban,3,Archery,10
-2907,unlock,53,Empire of South zutanlamara,East Horn,5,Sailing,21
-2898,unlock,72,South nahitzitztan Tribe,Mesoamerican,12,Shipbuilding,23
-2891,unlock,3,Kingdom of Great surtanpur,Indic Riverine,118,Numeracy and Measurement,24
-2886,unlock,41,North quizenranland Tribe,Monsoon Coastal,103,Bone and Antler Tools,19
-2870,unlock,11,Kingdom of New varmitpur,Indic Riverine,103,Bone and Antler Tools,18
-2870,unlock,43,Ranzennaland Tribe,Monsoon Coastal,115,Counting Tokens and Tallies,23
-2865,unlock,8,Kingdom of North mitvarmitnagar,Indic Riverine,10,Irrigation,18
-2860,unlock,106,Dradrasurnagar Tribe,Indic Riverine,7,Wheel,25
-2860,initial,166,Ayasum Kingdom,Andean Highland,100,Cordage and Knots,10
-2860,initial,166,Ayasum Kingdom,Andean Highland,101,Hide Working and Tailored Clothing,10
-2860,initial,166,Ayasum Kingdom,Andean Highland,102,Hafted Stone Tools,10
-2860,initial,166,Ayasum Kingdom,Andean Highland,105,Food Preservation,10
-2860,initial,166,Ayasum Kingdom,Andean Highland,106,Storage Pits and Containers,10
-2860,initial,166,Ayasum Kingdom,Andean Highland,107,Seasonal Aggregation Camps,10
-2860,initial,166,Ayasum Kingdom,Andean Highland,111,Grinding Stones,10
-2860,initial,166,Ayasum Kingdom,Andean Highland,116,Charcoal Firing,10
-2860,initial,166,Ayasum Kingdom,Andean Highland,4,Mining,10
-2860,initial,166,Ayasum Kingdom,Andean Highland,3,Archery,10
-2860,initial,167,North marranlorgrad Kingdom,Monsoon Coastal,100,Cordage and Knots,17
-2860,initial,167,North marranlorgrad Kingdom,Monsoon Coastal,101,Hide Working and Tailored Clothing,17
-2860,initial,167,North marranlorgrad Kingdom,Monsoon Coastal,102,Hafted Stone Tools,17
-2860,initial,167,North marranlorgrad Kingdom,Monsoon Coastal,104,Fishing Technology,17
-2860,initial,167,North marranlorgrad Kingdom,Monsoon Coastal,105,Food Preservation,17
-2860,initial,167,North marranlorgrad Kingdom,Monsoon Coastal,106,Storage Pits and Containers,17
-2860,initial,167,North marranlorgrad Kingdom,Monsoon Coastal,107,Seasonal Aggregation Camps,17
-2860,initial,167,North marranlorgrad Kingdom,Monsoon Coastal,108,Watercraft,17
-2860,initial,167,North marranlorgrad Kingdom,Monsoon Coastal,110,Dog Domestication,17
-2860,initial,167,North marranlorgrad Kingdom,Monsoon Coastal,111,Grinding Stones,17
-2860,initial,167,North marranlorgrad Kingdom,Monsoon Coastal,112,Proto-cultivation,17
-2860,initial,167,North marranlorgrad Kingdom,Monsoon Coastal,113,Sedentism,17
-2860,initial,167,North marranlorgrad Kingdom,Monsoon Coastal,114,Enclosures and Herd Management,17
-2860,initial,167,North marranlorgrad Kingdom,Monsoon Coastal,116,Charcoal Firing,17
-2860,initial,167,North marranlorgrad Kingdom,Monsoon Coastal,3,Archery,17
-2860,initial,167,North marranlorgrad Kingdom,Monsoon Coastal,5,Sailing,17
-2860,initial,167,North marranlorgrad Kingdom,Monsoon Coastal,6,Calendar,17
-2856,unlock,52,Empire of South ofitana,West Sahel,117,Proto-writing and Administrative Notation,19
-2850,unlock,48,Kingdom of New sengobarene,Nile Floodplain,7,Wheel,20
-2850,initial,168,New renweixiashan Kingdom,East Riverine,100,Cordage and Knots,10
-2850,initial,168,New renweixiashan Kingdom,East Riverine,101,Hide Working and Tailored Clothing,10
-2850,initial,168,New renweixiashan Kingdom,East Riverine,102,Hafted Stone Tools,10
-2850,initial,168,New renweixiashan Kingdom,East Riverine,105,Food Preservation,10
-2850,initial,168,New renweixiashan Kingdom,East Riverine,106,Storage Pits and Containers,10
-2850,initial,168,New renweixiashan Kingdom,East Riverine,107,Seasonal Aggregation Camps,10
-2850,initial,168,New renweixiashan Kingdom,East Riverine,110,Dog Domestication,10
-2850,initial,168,New renweixiashan Kingdom,East Riverine,111,Grinding Stones,10
-2850,initial,168,New r