{
  "iteration": 3,
  "subsystem_group": "tech",
  "selected_lane": "explore",
  "lane_scout": [
    {
      "lane": "exploit",
      "group": "food",
      "path": "food.baseForaging",
      "old": 19.5,
      "new": 18.0,
      "scout_objective": 83.77100659403479,
      "scout_delta_vs_incumbent": -2.69822356712055,
      "scout_paired": {
        "n": 2,
        "mean_diff": -2.698223567120557,
        "std_diff": 1.9289759963962823,
        "stderr": 1.3639920077978884,
        "z": 1.96,
        "lcb": -5.371647902404419,
        "ucb": -0.024799231836695856
      }
    },
    {
      "lane": "explore",
      "group": "tech",
      "path": "tech.diffusionBase",
      "old": 0.015,
      "new": 0.016,
      "scout_objective": 86.49208608277166,
      "scout_delta_vs_incumbent": 0.022855921616326214,
      "scout_paired": {
        "n": 2,
        "mean_diff": 0.022855921616326214,
        "std_diff": 0.5029485989066842,
        "stderr": 0.35563836487518935,
        "z": 1.96,
        "lcb": -0.6741952735390448,
        "ucb": 0.7199071167716973
      }
    }
  ],
  "parameter_edits": [
    {
      "path": "tech.diffusionBase",
      "old": 0.015,
      "new": 0.016,
      "recommended_step": 0.001,
      "direction": 1
    }
  ],
  "top_violations_before": [],
  "top_violations_after": [],
  "top_violations_after_long": null,
  "objective_tuning": 86.34943887002792,
  "objective_tuning_inner": 86.34943887002792,
  "objective_tuning_medium": null,
  "objective_tuning_long": null,
  "score_delta": -0.48568373814556765,
  "score_delta_inner": -0.48568373814556765,
  "score_delta_medium": null,
  "racing": {
    "enabled": true,
    "stages": [
      {
        "stage_seed_count": 2,
        "candidate_objective": 86.49208608277166,
        "incumbent_objective": 86.46923016115534,
        "objective_delta": 0.022855921616326214,
        "paired": {
          "n": 2,
          "mean_diff": 0.022855921616326214,
          "std_diff": 0.5029485989066842,
          "stderr": 0.35563836487518935,
          "z": 1.96,
          "lcb": -0.6741952735390448,
          "ucb": 0.7199071167716973
        }
      },
      {
        "stage_seed_count": 4,
        "candidate_objective": 86.34943887002792,
        "incumbent_objective": 86.83512260817349,
        "objective_delta": -0.48568373814556765,
        "paired": {
          "n": 4,
          "mean_diff": -0.23141390826461716,
          "std_diff": 0.5871920099149937,
          "stderr": 0.2935960049574968,
          "z": 1.96,
          "lcb": -0.8068620779813109,
          "ucb": 0.3440342614520766
        }
      }
    ],
    "early_reject": false,
    "early_reject_reason": ""
  },
  "paired_stats": {
    "inner": {
      "n": 4,
      "mean_diff": -0.23141390826461716,
      "std_diff": 0.5871920099149937,
      "stderr": 0.2935960049574968,
      "z": 1.96,
      "lcb": -0.8068620779813109,
      "ucb": 0.3440342614520766
    },
    "long": {
      "n": 0,
      "lcb": 0.0,
      "ucb": 0.0
    },
    "holdout": {
      "n": 0,
      "lcb": 0.0,
      "ucb": 0.0
    }
  },
  "gates": {
    "metric_availability": true,
    "canary_pass": false,
    "backend_parity_pass": false,
    "medium_required": false,
    "medium_pass": true,
    "long_ran": false,
    "holdout_pass": false,
    "tuning_hardfails": [],
    "medium_hardfails": [],
    "medium_holdout_hardfails": [],
    "long_hardfails": [],
    "holdout_hardfails": []
  },
  "holdout_objective": null,
  "accepted": false,
  "best_so_far": {
    "objective": 88.21915773715077,
    "holdout_objective": 88.6152345856278,
    "config_path": "/mnt/c/WS/WorldSimulation10028/out/fine_tuning_struct_step11/best_sim_config.toml",
    "config_hash16": "62be78b2205646c3"
  },
  "canary_detail": [],
  "parity_detail": [],
  "curriculum": {
    "enabled": true,
    "inner_end_year": -1000,
    "medium_end_year": 1,
    "long_end_year": 2025
  }
}