year,worldPopulation,urbanShare,medianCountryPop,medianCountryArea,warFrequencyPerCentury,tradeIntensity,tradeActivePairShare,capabilityTier1Share,capabilityTier2Share,capabilityTier3Share,collapseCount,foodSecurityMean,foodSecurityP10,diseaseBurdenMean,diseaseBurdenP90,stabilityMean,stabilityP10,legitimacyMean,legitimacyP10,lowStabilityPopShare,lowLegitimacyPopShare
-5000,17814071.000000,0.025259,166313.000000,483.500000,0.000000,0.001400,0.001010,0.000000,0.000000,0.000000,6,0.998810,1.000000,0.000152,0.000157,0.998224,0.997260,0.704507,0.701360,0.000000,0.000000
-4950,23303191.000000,0.027935,182881.500000,458.500000,0.000000,0.000000,0.000000,0.000000,0.000000,0.000000,47,0.962513,0.837863,0.000100,0.000183,0.806799,0.327580,0.609609,0.175320,0.021704,0.023912
-4900,26283183.000000,0.027306,176757.500000,425.500000,0.000000,0.000000,0.000000,0.000000,0.000000,0.000000,60,0.966805,0.853526,0.000119,0.000204,0.555817,0.006050,0.435051,0.010500,0.169775,0.225775
