{
  "violations": [
    {
      "id": "STORAGE_SMOOTHING_CHEAT",
      "severity": 99.49111793777777,
      "hardfail": false,
      "details": {
        "adequacy_var": 1.2722051555555451e-05,
        "loss_share": 0.03370059973554789
      }
    }
  ]
}