{
  "violations": [
    {
      "id": "STORAGE_SMOOTHING_CHEAT",
      "severity": 99.90418680777778,
      "hardfail": false,
      "details": {
        "adequacy_var": 2.395329805555573e-06,
        "loss_share": 0.028300585782181545
      }
    }
  ]
}