{
  "tuning": {
    "score_median": 40.10594745379787,
    "stddev": 0.13430986851504967,
    "hardfail_rate": 0.0,
    "variance_penalty": 0.0,
    "hardfail_penalty": 0.0,
    "objective": 40.10594745379787
  },
  "holdout": {
    "score_median": 38.81183010890724,
    "stddev": 0.7224709232396904,
    "hardfail_rate": 0.0,
    "variance_penalty": 0.0,
    "hardfail_penalty": 0.0,
    "objective": 38.81183010890724
  },
  "top3": [
    "STORAGE_SMOOTHING_CHEAT"
  ]
}