{
  "violations": [
    {
      "id": "STORAGE_SMOOTHING_CHEAT",
      "severity": 99.33340860444446,
      "hardfail": false,
      "details": {
        "adequacy_var": 1.6664784888888795e-05,
        "loss_share": 0.03352052737879989
      }
    }
  ]
}