{
  "violations": [
    {
      "id": "STORAGE_SMOOTHING_CHEAT",
      "severity": 98.43789570666667,
      "hardfail": false,
      "details": {
        "adequacy_var": 3.905260733333327e-05,
        "loss_share": 0.018767528283864104
      }
    }
  ]
}