{
  "n": 16,
  "agg": {
    "max_unlocked": {
      "mean": 21.8125,
      "min": 15.0,
      "max": 34.0,
      "stdev": 5.8440006630732
    },
    "top1_max": {
      "mean": 0.0571755625,
      "min": 0.039306,
      "max": 0.086177,
      "stdev": 0.014448492416895744
    },
    "top1_final": {
      "mean": 0.0410791875,
      "min": 0.022361,
      "max": 0.074127,
      "stdev": 0.016167342523659964
    },
    "wars_active_max": {
      "mean": 3.0,
      "min": 2.0,
      "max": 6.0,
      "stdev": 1.4142135623730951
    },
    "major_wars_final": {
      "mean": 0.0394815,
      "min": 0.029295,
      "max": 0.053993,
      "stdev": 0.006346623954907049
    },
    "civil_conflict_max": {
      "mean": 23.9375,
      "min": 17.0,
      "max": 35.0,
      "stdev": 5.617703601116741
    },
    "civil_conflict_final": {
      "mean": 0.1875,
      "min": 0.0,
      "max": 3.0,
      "stdev": 0.7261843774138906
    },
    "fragmentation_max": {
      "mean": 0.0,
      "min": 0.0,
      "max": 0.0,
      "stdev": 0.0
    },
    "fragmentation_final": {
      "mean": 0.0,
      "min": 0.0,
      "max": 0.0,
      "stdev": 0.0
    },
    "hab0_final": {
      "mean": 0.9673698125,
      "min": 0.958715,
      "max": 0.97168,
      "stdev": 0.003292609702400768
    },
    "habs_final": {
      "mean": 0.7019075,
      "min": 0.679941,
      "max": 0.721307,
      "stdev": 0.011776398961482243
    },
    "founder_count_final": {
      "mean": 10.1875,
      "min": 5.0,
      "max": 15.0,
      "stdev": 3.025284077570237
    },
    "founder_share_final": {
      "mean": 0.028630375,
      "min": 0.013699,
      "max": 0.044776,
      "stdev": 0.008753529115983736
    },
    "median_state_age_final": {
      "mean": 1560.3125,
      "min": 1165.0,
      "max": 1890.0,
      "stdev": 201.26916640099148
    },
    "p90_state_age_final": {
      "mean": 5202.09375,
      "min": 3625.0,
      "max": 6546.0,
      "stdev": 700.2099287613233
    },
    "election_count_max": {
      "mean": 239.6875,
      "min": 106.0,
      "max": 403.0,
      "stdev": 87.83060311616903
    },
    "election_count_final": {
      "mean": 30.5,
      "min": 12.0,
      "max": 54.0,
      "stdev": 12.139810542178983
    },
    "tech_cap_final": {
      "mean": 1.0,
      "min": 1.0,
      "max": 1.0,
      "stdev": 0.0
    },
    "tech_cap_p90_final": {
      "mean": 1.0,
      "min": 1.0,
      "max": 1.0,
      "stdev": 0.0
    }
  },
  "runs": [
    {
      "seed": 1,
      "max_unlocked": 32,
      "top1_max": 0.044735,
      "top1_final": 0.031462,
      "wars_active_max": 2.0,
      "major_wars_final": 0.04474,
      "civil_conflict_max": 35.0,
      "civil_conflict_final": 0.0,
      "fragmentation_max": 0.0,
      "fragmentation_final": 0.0,
      "hab0_final": 0.967413,
      "habs_final": 0.702905,
      "founder_count_final": 13.0,
      "founder_share_final": 0.036517,
      "median_state_age_final": 1890.0,
      "p90_state_age_final": 5165.0,
      "election_count_max": 238.0,
      "election_count_final": 27.0,
      "tech_cap_final": 1.0,
      "tech_cap_p90_final": 1.0
    },
    {
      "seed": 2,
      "max_unlocked": 27,
      "top1_max": 0.060008,
      "top1_final": 0.048459,
      "wars_active_max": 6.0,
      "major_wars_final": 0.042496,
      "civil_conflict_max": 28.0,
      "civil_conflict_final": 0.0,
      "fragmentation_max": 0.0,
      "fragmentation_final": 0.0,
      "hab0_final": 0.965787,
      "habs_final": 0.698097,
      "founder_count_final": 11.0,
      "founder_share_final": 0.031073,
      "median_state_age_final": 1802.5,
      "p90_state_age_final": 5607.5,
      "election_count_max": 108.0,
      "election_count_final": 16.0,
      "tech_cap_final": 1.0,
      "tech_cap_p90_final": 1.0
    },
    {
      "seed": 3,
      "max_unlocked": 23,
      "top1_max": 0.074297,
      "top1_final": 0.060538,
      "wars_active_max": 4.0,
      "major_wars_final": 0.033105,
      "civil_conflict_max": 18.0,
      "civil_conflict_final": 0.0,
      "fragmentation_max": 0.0,
      "fragmentation_final": 0.0,
      "hab0_final": 0.969799,
      "habs_final": 0.698118,
      "founder_count_final": 13.0,
      "founder_share_final": 0.036517,
      "median_state_age_final": 1455.0,
      "p90_state_age_final": 5517.5,
      "election_count_max": 106.0,
      "election_count_final": 12.0,
      "tech_cap_final": 1.0,
      "tech_cap_p90_final": 1.0
    },
    {
      "seed": 4,
      "max_unlocked": 16,
      "top1_max": 0.04436,
      "top1_final": 0.028948,
      "wars_active_max": 2.0,
      "major_wars_final": 0.03494,
      "civil_conflict_max": 19.0,
      "civil_conflict_final": 0.0,
      "fragmentation_max": 0.0,
      "fragmentation_final": 0.0,
      "hab0_final": 0.970517,
      "habs_final": 0.688562,
      "founder_count_final": 11.0,
      "founder_share_final": 0.031073,
      "median_state_age_final": 1397.5,
      "p90_state_age_final": 4895.0,
      "election_count_max": 292.0,
      "election_count_final": 43.0,
      "tech_cap_final": 1.0,
      "tech_cap_p90_final": 1.0
    },
    {
      "seed": 5,
      "max_unlocked": 23,
      "top1_max": 0.039306,
      "top1_final": 0.024029,
      "wars_active_max": 2.0,
      "major_wars_final": 0.038687,
      "civil_conflict_max": 25.0,
      "civil_conflict_final": 0.0,
      "fragmentation_max": 0.0,
      "fragmentation_final": 0.0,
      "hab0_final": 0.967966,
      "habs_final": 0.686747,
      "founder_count_final": 10.0,
      "founder_share_final": 0.028329,
      "median_state_age_final": 1730.0,
      "p90_state_age_final": 5799.0,
      "election_count_max": 195.0,
      "election_count_final": 26.0,
      "tech_cap_final": 1.0,
      "tech_cap_p90_final": 1.0
    },
    {
      "seed": 6,
      "max_unlocked": 20,
      "top1_max": 0.048487,
      "top1_final": 0.025866,
      "wars_active_max": 4.0,
      "major_wars_final": 0.038193,
      "civil_conflict_max": 20.0,
      "civil_conflict_final": 0.0,
      "fragmentation_max": 0.0,
      "fragmentation_final": 0.0,
      "hab0_final": 0.966072,
      "habs_final": 0.679941,
      "founder_count_final": 10.0,
      "founder_share_final": 0.028736,
      "median_state_age_final": 1342.5,
      "p90_state_age_final": 4427.5,
      "election_count_max": 293.0,
      "election_count_final": 30.0,
      "tech_cap_final": 1.0,
      "tech_cap_p90_final": 1.0
    },
    {
      "seed": 7,
      "max_unlocked": 23,
      "top1_max": 0.056685,
      "top1_final": 0.045156,
      "wars_active_max": 2.0,
      "major_wars_final": 0.029295,
      "civil_conflict_max": 31.0,
      "civil_conflict_final": 0.0,
      "fragmentation_max": 0.0,
      "fragmentation_final": 0.0,
      "hab0_final": 0.969897,
      "habs_final": 0.709766,
      "founder_count_final": 5.0,
      "founder_share_final": 0.01385,
      "median_state_age_final": 1675.0,
      "p90_state_age_final": 6065.0,
      "election_count_max": 198.0,
      "election_count_final": 23.0,
      "tech_cap_final": 1.0,
      "tech_cap_p90_final": 1.0
    },
    {
      "seed": 8,
      "max_unlocked": 20,
      "top1_max": 0.048419,
      "top1_final": 0.02636,
      "wars_active_max": 2.0,
      "major_wars_final": 0.038817,
      "civil_conflict_max": 17.0,
      "civil_conflict_final": 0.0,
      "fragmentation_max": 0.0,
      "fragmentation_final": 0.0,
      "hab0_final": 0.969189,
      "habs_final": 0.70687,
      "founder_count_final": 5.0,
      "founder_share_final": 0.013699,
      "median_state_age_final": 1165.0,
      "p90_state_age_final": 3625.0,
      "election_count_max": 343.0,
      "election_count_final": 49.0,
      "tech_cap_final": 1.0,
      "tech_cap_p90_final": 1.0
    },
    {
      "seed": 9,
      "max_unlocked": 15,
      "top1_max": 0.048307,
      "top1_final": 0.037304,
      "wars_active_max": 6.0,
      "major_wars_final": 0.043602,
      "civil_conflict_max": 28.0,
      "civil_conflict_final": 0.0,
      "fragmentation_max": 0.0,