{
  "n": 16,
  "agg": {
    "max_unlocked": {
      "mean": 34.6875,
      "min": 28.0,
      "max": 46.0,
      "stdev": 5.976189735107145
    },
    "top1_max": {
      "mean": 0.059285625,
      "min": 0.041947,
      "max": 0.08829,
      "stdev": 0.01405300943248011
    },
    "top1_final": {
      "mean": 0.0406328125,
      "min": 0.0196,
      "max": 0.073686,
      "stdev": 0.014472781251450729
    },
    "wars_active_max": {
      "mean": 4.375,
      "min": 2.0,
      "max": 8.0,
      "stdev": 1.2183492931011204
    },
    "major_wars_final": {
      "mean": 0.0387204375,
      "min": 0.025665,
      "max": 0.055647,
      "stdev": 0.008438919354460839
    },
    "civil_conflict_max": {
      "mean": 11.375,
      "min": 7.0,
      "max": 19.0,
      "stdev": 3.370367190678191
    },
    "civil_conflict_final": {
      "mean": 0.125,
      "min": 0.0,
      "max": 1.0,
      "stdev": 0.33071891388307384
    },
    "fragmentation_max": {
      "mean": 0.0,
      "min": 0.0,
      "max": 0.0,
      "stdev": 0.0
    },
    "fragmentation_final": {
      "mean": 0.0,
      "min": 0.0,
      "max": 0.0,
      "stdev": 0.0
    },
    "hab0_final": {
      "mean": 0.455610375,
      "min": 0.400303,
      "max": 0.522242,
      "stdev": 0.028451420419012028
    },
    "habs_final": {
      "mean": 0.3338505625,
      "min": 0.286846,
      "max": 0.375028,
      "stdev": 0.0211941496496343
    },
    "founder_count_final": {
      "mean": 10.25,
      "min": 4.0,
      "max": 15.0,
      "stdev": 3.3260336739125176
    },
    "founder_share_final": {
      "mean": 0.0285419375,
      "min": 0.011299,
      "max": 0.044118,
      "stdev": 0.009298647404789244
    },
    "median_state_age_final": {
      "mean": 1583.28125,
      "min": 1210.0,
      "max": 2120.0,
      "stdev": 255.85597564535698
    },
    "p90_state_age_final": {
      "mean": 5409.46875,
      "min": 4548.0,
      "max": 6293.0,
      "stdev": 605.1813124167314
    },
    "election_count_max": {
      "mean": 61.75,
      "min": 19.0,
      "max": 116.0,
      "stdev": 25.145824703119203
    },
    "election_count_final": {
      "mean": 27.8125,
      "min": 6.0,
      "max": 50.0,
      "stdev": 12.021952576432831
    },
    "tech_cap_final": {
      "mean": 1.0,
      "min": 1.0,
      "max": 1.0,
      "stdev": 0.0
    },
    "tech_cap_p90_final": {
      "mean": 1.0,
      "min": 1.0,
      "max": 1.0,
      "stdev": 0.0
    }
  },
  "runs": [
    {
      "seed": 1,
      "max_unlocked": 43,
      "top1_max": 0.041947,
      "top1_final": 0.026535,
      "wars_active_max": 4.0,
      "major_wars_final": 0.043164,
      "civil_conflict_max": 12.0,
      "civil_conflict_final": 0.0,
      "fragmentation_max": 0.0,
      "fragmentation_final": 0.0,
      "hab0_final": 0.457594,
      "habs_final": 0.331555,
      "founder_count_final": 13.0,
      "founder_share_final": 0.036212,
      "median_state_age_final": 1735.0,
      "p90_state_age_final": 6293.0,
      "election_count_max": 55.0,
      "election_count_final": 24.0,
      "tech_cap_final": 1.0,
      "tech_cap_p90_final": 1.0
    },
    {
      "seed": 2,
      "max_unlocked": 43,
      "top1_max": 0.061708,
      "top1_final": 0.043758,
      "wars_active_max": 4.0,
      "major_wars_final": 0.04659,
      "civil_conflict_max": 15.0,
      "civil_conflict_final": 0.0,
      "fragmentation_max": 0.0,
      "fragmentation_final": 0.0,
      "hab0_final": 0.457369,
      "habs_final": 0.349528,
      "founder_count_final": 13.0,
      "founder_share_final": 0.035813,
      "median_state_age_final": 1865.0,
      "p90_state_age_final": 6098.0,
      "election_count_max": 20.0,
      "election_count_final": 11.0,
      "tech_cap_final": 1.0,
      "tech_cap_p90_final": 1.0
    },
    {
      "seed": 3,
      "max_unlocked": 30,
      "top1_max": 0.08829,
      "top1_final": 0.049747,
      "wars_active_max": 4.0,
      "major_wars_final": 0.028076,
      "civil_conflict_max": 10.0,
      "civil_conflict_final": 1.0,
      "fragmentation_max": 0.0,
      "fragmentation_final": 0.0,
      "hab0_final": 0.46557,
      "habs_final": 0.327623,
      "founder_count_final": 11.0,
      "founder_share_final": 0.030303,
      "median_state_age_final": 2120.0,
      "p90_state_age_final": 5612.0,
      "election_count_max": 19.0,
      "election_count_final": 6.0,
      "tech_cap_final": 1.0,
      "tech_cap_p90_final": 1.0
    },
    {
      "seed": 4,
      "max_unlocked": 28,
      "top1_max": 0.043656,
      "top1_final": 0.0196,
      "wars_active_max": 4.0,
      "major_wars_final": 0.028394,
      "civil_conflict_max": 9.0,
      "civil_conflict_final": 0.0,
      "fragmentation_max": 0.0,
      "fragmentation_final": 0.0,
      "hab0_final": 0.471018,
      "habs_final": 0.353348,
      "founder_count_final": 8.0,
      "founder_share_final": 0.021858,
      "median_state_age_final": 1540.0,
      "p90_state_age_final": 4615.0,
      "election_count_max": 74.0,
      "election_count_final": 39.0,
      "tech_cap_final": 1.0,
      "tech_cap_p90_final": 1.0
    },
    {
      "seed": 5,
      "max_unlocked": 39,
      "top1_max": 0.056762,
      "top1_final": 0.043579,
      "wars_active_max": 4.0,
      "major_wars_final": 0.04118,
      "civil_conflict_max": 11.0,
      "civil_conflict_final": 0.0,
      "fragmentation_max": 0.0,
      "fragmentation_final": 0.0,
      "hab0_final": 0.489216,
      "habs_final": 0.350932,
      "founder_count_final": 10.0,
      "founder_share_final": 0.027397,
      "median_state_age_final": 1900.0,
      "p90_state_age_final": 6096.0,
      "election_count_max": 47.0,
      "election_count_final": 20.0,
      "tech_cap_final": 1.0,
      "tech_cap_p90_final": 1.0
    },
    {
      "seed": 6,
      "max_unlocked": 35,
      "top1_max": 0.065144,
      "top1_final": 0.045283,
      "wars_active_max": 4.0,
      "major_wars_final": 0.037581,
      "civil_conflict_max": 7.0,
      "civil_conflict_final": 0.0,
      "fragmentation_max": 0.0,
      "fragmentation_final": 0.0,
      "hab0_final": 0.401988,
      "habs_final": 0.3133,
      "founder_count_final": 11.0,
      "founder_share_final": 0.030812,
      "median_state_age_final": 1210.0,
      "p90_state_age_final": 4548.0,
      "election_count_max": 64.0,
      "election_count_final": 26.0,
      "tech_cap_final": 1.0,
      "tech_cap_p90_final": 1.0
    },
    {
      "seed": 7,
      "max_unlocked": 37,
      "top1_max": 0.054531,
      "top1_final": 0.035245,
      "wars_active_max": 5.0,
      "major_wars_final": 0.028854,
      "civil_conflict_max": 17.0,
      "civil_conflict_final": 0.0,
      "fragmentation_max": 0.0,
      "fragmentation_final": 0.0,
      "hab0_final": 0.436363,
      "habs_final": 0.298135,
      "founder_count_final": 4.0,
      "founder_share_final": 0.011299,
      "median_state_age_final": 1262.5,
      "p90_state_age_final": 5006.0,
      "election_count_max": 38.0,
      "election_count_final": 17.0,
      "tech_cap_final": 1.0,
      "tech_cap_p90_final": 1.0
    },
    {
      "seed": 8,
      "max_unlocked": 28,
      "top1_max": 0.055251,
      "top1_final": 0.043357,
      "wars_active_max": 4.0,
      "major_wars_final": 0.041616,
      "civil_conflict_max": 9.0,
      "civil_conflict_final": 0.0,
      "fragmentation_max": 0.0,
      "fragmentation_final": 0.0,
      "hab0_final": 0.433386,
      "habs_final": 0.322512,
      "founder_count_final": 6.0,
      "founder_share_final": 0.016901,
      "median_state_age_final": 1380.0,
      "p90_state_age_final": 4685.0,
      "election_count_max": 116.0,
      "election_count_final": 50.0,
      "tech_cap_final": 1.0,
      "tech_cap_p90_final": 1.0
    },
    {
      "seed": 9,
      "max_unlocked": 28,
      "top1_max": 0.04457,
      "top1_final": 0.026437,
      "wars_active_max": 4.0,
      "major_wars_final": 0.048849,
      "civil_conflict_max": 12.0,
      "civil_conflict_final": 0.0,
      "fragmentation_max": 0.0,