{
  "violations": [
    {
      "id": "STORAGE_SMOOTHING_CHEAT",
      "severity": 99.83765447444445,
      "hardfail": false,
      "details": {
        "adequacy_var": 4.0586381388887845e-06,
        "loss_share": 0.03157807126581214
      }
    }
  ]
}