{
  "n": 16,
  "agg": {
    "max_unlocked": {
      "mean": 33.125,
      "min": 26,
      "max": 42,
      "stdev": 5.543859215384171
    },
    "top1_max": {
      "mean": 0.060384,
      "min": 0.0389,
      "max": 0.089704,
      "stdev": 0.016556527617528984
    },
    "top1_final": {
      "mean": 0.04086,
      "min": 0.017979,
      "max": 0.077867,
      "stdev": 0.01618108776473325
    },
    "wars_active_max": {
      "mean": 3.6875,
      "min": 2.0,
      "max": 5.0,
      "stdev": 0.9164298936634487
    },
    "major_wars_final": {
      "mean": 0.0393196875,
      "min": 0.025358,
      "max": 0.053349,
      "stdev": 0.007624419852673628
    },
    "civil_conflict_max": {
      "mean": 11.0625,
      "min": 6.0,
      "max": 16.0,
      "stdev": 2.816663584810937
    },
    "civil_conflict_final": {
      "mean": 0.1875,
      "min": 0.0,
      "max": 3.0,
      "stdev": 0.7261843774138906
    },
    "fragmentation_max": {
      "mean": 0.0,
      "min": 0.0,
      "max": 0.0,
      "stdev": 0.0
    },
    "fragmentation_final": {
      "mean": 0.0,
      "min": 0.0,
      "max": 0.0,
      "stdev": 0.0
    },
    "hab0_final": {
      "mean": 0.4504569375,
      "min": 0.398169,
      "max": 0.529656,
      "stdev": 0.029327031262703595
    },
    "habs_final": {
      "mean": 0.3292166875,
      "min": 0.279881,
      "max": 0.377387,
      "stdev": 0.021731368916035727
    },
    "founder_count_final": {
      "mean": 10.6875,
      "min": 4.0,
      "max": 18.0,
      "stdev": 3.600672680208519
    },
    "founder_share_final": {
      "mean": 0.029899,
      "min": 0.011173,
      "max": 0.049046,
      "stdev": 0.009666466566176082
    },
    "median_state_age_final": {
      "mean": 1574.0625,
      "min": 1190.0,
      "max": 2005.0,
      "stdev": 264.14199986702226
    },
    "p90_state_age_final": {
      "mean": 5374.59375,
      "min": 4088.5,
      "max": 6074.0,
      "stdev": 562.5993028665584
    },
    "election_count_max": {
      "mean": 76.4375,
      "min": 37.0,
      "max": 140.0,
      "stdev": 24.420710344910116
    },
    "election_count_final": {
      "mean": 37.0,
      "min": 20.0,
      "max": 65.0,
      "stdev": 11.651180197731044
    }
  },
  "runs": [
    {
      "seed": 1,
      "max_unlocked": 42,
      "top1_max": 0.051902,
      "top1_final": 0.031513,
      "wars_active_max": 4.0,
      "major_wars_final": 0.048566,
      "civil_conflict_max": 12.0,
      "civil_conflict_final": 0.0,
      "fragmentation_max": 0.0,
      "fragmentation_final": 0.0,
      "hab0_final": 0.453325,
      "habs_final": 0.332678,
      "founder_count_final": 9.0,
      "founder_share_final": 0.02439,
      "median_state_age_final": 2005.0,
      "p90_state_age_final": 5872.0,
      "election_count_max": 66.0,
      "election_count_final": 30.0
    },
    {
      "seed": 2,
      "max_unlocked": 37,
      "top1_max": 0.061001,
      "top1_final": 0.042508,
      "wars_active_max": 4.0,
      "major_wars_final": 0.043227,
      "civil_conflict_max": 16.0,
      "civil_conflict_final": 0.0,
      "fragmentation_max": 0.0,
      "fragmentation_final": 0.0,
      "hab0_final": 0.447652,
      "habs_final": 0.340935,
      "founder_count_final": 10.0,
      "founder_share_final": 0.028409,
      "median_state_age_final": 1770.0,
      "p90_state_age_final": 5140.0,
      "election_count_max": 78.0,
      "election_count_final": 42.0
    },
    {
      "seed": 3,
      "max_unlocked": 31,
      "top1_max": 0.056719,
      "top1_final": 0.044536,
      "wars_active_max": 2.0,
      "major_wars_final": 0.035307,
      "civil_conflict_max": 9.0,
      "civil_conflict_final": 0.0,
      "fragmentation_max": 0.0,
      "fragmentation_final": 0.0,
      "hab0_final": 0.469333,
      "habs_final": 0.327398,
      "founder_count_final": 11.0,
      "founder_share_final": 0.031073,
      "median_state_age_final": 1955.0,
      "p90_state_age_final": 5846.5,
      "election_count_max": 49.0,
      "election_count_final": 20.0
    },
    {
      "seed": 4,
      "max_unlocked": 31,
      "top1_max": 0.089704,
      "top1_final": 0.046773,
      "wars_active_max": 4.0,
      "major_wars_final": 0.040211,
      "civil_conflict_max": 8.0,
      "civil_conflict_final": 0.0,
      "fragmentation_max": 0.0,
      "fragmentation_final": 0.0,
      "hab0_final": 0.443159,
      "habs_final": 0.32341,
      "founder_count_final": 12.0,
      "founder_share_final": 0.034582,
      "median_state_age_final": 1350.0,
      "p90_state_age_final": 4808.0,
      "election_count_max": 140.0,
      "election_count_final": 65.0
    },
    {
      "seed": 5,
      "max_unlocked": 37,
      "top1_max": 0.077629,
      "top1_final": 0.017979,
      "wars_active_max": 2.0,
      "major_wars_final": 0.048907,
      "civil_conflict_max": 11.0,
      "civil_conflict_final": 0.0,
      "fragmentation_max": 0.0,
      "fragmentation_final": 0.0,
      "hab0_final": 0.47259,
      "habs_final": 0.334307,
      "founder_count_final": 12.0,
      "founder_share_final": 0.033426,
      "median_state_age_final": 1695.0,
      "p90_state_age_final": 6074.0,
      "election_count_max": 37.0,
      "election_count_final": 20.0
    },
    {
      "seed": 6,
      "max_unlocked": 29,
      "top1_max": 0.043506,
      "top1_final": 0.026815,
      "wars_active_max": 4.0,
      "major_wars_final": 0.037104,
      "civil_conflict_max": 6.0,
      "civil_conflict_final": 0.0,
      "fragmentation_max": 0.0,
      "fragmentation_final": 0.0,
      "hab0_final": 0.408728,
      "habs_final": 0.319816,
      "founder_count_final": 15.0,
      "founder_share_final": 0.041667,
      "median_state_age_final": 1190.0,
      "p90_state_age_final": 4088.5,
      "election_count_max": 66.0,
      "election_count_final": 33.0
    },
    {
      "seed": 7,
      "max_unlocked": 26,
      "top1_max": 0.039,
      "top1_final": 0.033997,
      "wars_active_max": 5.0,
      "major_wars_final": 0.033244,
      "civil_conflict_max": 15.0,
      "civil_conflict_final": 0.0,
      "fragmentation_max": 0.0,
      "fragmentation_final": 0.0,
      "hab0_final": 0.430465,
      "habs_final": 0.287857,
      "founder_count_final": 6.0,
      "founder_share_final": 0.017647,
      "median_state_age_final": 1867.5,
      "p90_state_age_final": 5866.0,
      "election_count_max": 88.0,
      "election_count_final": 43.0
    },
    {
      "seed": 8,
      "max_unlocked": 28,
      "top1_max": 0.078967,
      "top1_final": 0.065462,
      "wars_active_max": 4.0,
      "major_wars_final": 0.037988,
      "civil_conflict_max": 8.0,
      "civil_conflict_final": 0.0,
      "fragmentation_max": 0.0,
      "fragmentation_final": 0.0,
      "hab0_final": 0.42013,
      "habs_final": 0.326106,
      "founder_count_final": 7.0,
      "founder_share_final": 0.019553,
      "median_state_age_final": 1202.5,
      "p90_state_age_final": 4537.5,
      "election_count_max": 54.0,
      "election_count_final": 26.0
    },
    {
      "seed": 9,
      "max_unlocked": 28,
      "top1_max": 0.048141,
      "top1_final": 0.036178,
      "wars_active_max": 4.0,
      "major_wars_final": 0.051476,
      "civil_conflict_max": 14.0,
      "civil_conflict_final": 0.0,
      "fragmentation_max": 0.0,
      "fragmentation_final": 0.0,
      "hab0_final": 0.529656,
      "habs_final": 0.377387,
      "founder_count_final": 10.0,
      "founder_share_final": 0.028571,
      "median_state_age_final": 1710.0,
      "p90_state_age_final": 5957.0,
      "election_count_max": 64.0,
      "election_count_final": 28.0
    },
    {
      "seed": 10,
      "max_unlocked": 35,
      "top1_max": 0.077019,
      "top1_final": 0.061369,
      "wars_active_max": 4.0,
      "major_wars_final": 0.025358,
      "civil_conflict_max": 10.0,
      "civil_conflict_final": 0.0,
      "fragmentation_max": 0.0,
      "fragmentation_final": 0.0,
      "hab0_final": 0.468715,
      "habs_final": 0.346214,
      "founder_count_final": 15.0,