{
  "violations": [
    {
      "id": "STORAGE_SMOOTHING_CHEAT",
      "severity": 99.17197975444445,
      "hardfail": false,
      "details": {
        "adequacy_var": 2.0700506138888855e-05,
        "loss_share": 0.011335674333930646
      }
    }
  ]
}