{
  "n": 16,
  "agg": {
    "max_unlocked": {
      "mean": 33.375,
      "min": 26,
      "max": 45,
      "stdev": 6.4408365139941255
    },
    "top1_max": {
      "mean": 0.0564210625,
      "min": 0.03985,
      "max": 0.076554,
      "stdev": 0.009965853811068761
    },
    "top1_final": {
      "mean": 0.0416875,
      "min": 0.023865,
      "max": 0.063673,
      "stdev": 0.01009299925071829
    },
    "wars_active_max": {
      "mean": 4.25,
      "min": 2.0,
      "max": 7.0,
      "stdev": 1.299038105676658
    },
    "major_wars_final": {
      "mean": 0.037183375,
      "min": 0.024218,
      "max": 0.051808,
      "stdev": 0.007923514410245936
    },
    "civil_conflict_max": {
      "mean": 11.875,
      "min": 7.0,
      "max": 19.0,
      "stdev": 3.179524335494226
    },
    "civil_conflict_final": {
      "mean": 0.125,
      "min": 0.0,
      "max": 2.0,
      "stdev": 0.4841229182759271
    },
    "fragmentation_max": {
      "mean": 0.0,
      "min": 0.0,
      "max": 0.0,
      "stdev": 0.0
    },
    "fragmentation_final": {
      "mean": 0.0,
      "min": 0.0,
      "max": 0.0,
      "stdev": 0.0
    },
    "hab0_final": {
      "mean": 0.451924375,
      "min": 0.393002,
      "max": 0.504325,
      "stdev": 0.02923356297322266
    },
    "habs_final": {
      "mean": 0.330178625,
      "min": 0.282015,
      "max": 0.36767,
      "stdev": 0.020711421966136824
    },
    "founder_count_final": {
      "mean": 10.8125,
      "min": 6.0,
      "max": 16.0,
      "stdev": 2.833256739160784
    },
    "founder_share_final": {
      "mean": 0.030455375,
      "min": 0.016807,
      "max": 0.043732,
      "stdev": 0.008068013222558266
    },
    "median_state_age_final": {
      "mean": 1656.5625,
      "min": 1040.0,
      "max": 2002.5,
      "stdev": 230.03714883416114
    },
    "p90_state_age_final": {
      "mean": 5430.375,
      "min": 4284.5,
      "max": 6065.5,
      "stdev": 505.3621071815733
    },
    "election_count_max": {
      "mean": 71.375,
      "min": 37.0,
      "max": 121.0,
      "stdev": 25.134326627144798
    },
    "election_count_final": {
      "mean": 34.125,
      "min": 16.0,
      "max": 52.0,
      "stdev": 12.077225467796815
    }
  },
  "runs": [
    {
      "seed": 1,
      "max_unlocked": 45,
      "top1_max": 0.047145,
      "top1_final": 0.039214,
      "wars_active_max": 7.0,
      "major_wars_final": 0.036515,
      "civil_conflict_max": 14.0,
      "civil_conflict_final": 0.0,
      "fragmentation_max": 0.0,
      "fragmentation_final": 0.0,
      "hab0_final": 0.449674,
      "habs_final": 0.334307,
      "founder_count_final": 10.0,
      "founder_share_final": 0.027701,
      "median_state_age_final": 1805.0,
      "p90_state_age_final": 5450.0,
      "election_count_max": 121.0,
      "election_count_final": 49.0
    },
    {
      "seed": 2,
      "max_unlocked": 33,
      "top1_max": 0.060327,
      "top1_final": 0.044785,
      "wars_active_max": 4.0,
      "major_wars_final": 0.044646,
      "civil_conflict_max": 14.0,
      "civil_conflict_final": 0.0,
      "fragmentation_max": 0.0,
      "fragmentation_final": 0.0,
      "hab0_final": 0.457931,
      "habs_final": 0.344417,
      "founder_count_final": 12.0,
      "founder_share_final": 0.033708,
      "median_state_age_final": 1942.5,
      "p90_state_age_final": 5930.0,
      "election_count_max": 58.0,
      "election_count_final": 25.0
    },
    {
      "seed": 3,
      "max_unlocked": 42,
      "top1_max": 0.060619,
      "top1_final": 0.037676,
      "wars_active_max": 2.0,
      "major_wars_final": 0.029983,
      "civil_conflict_max": 7.0,
      "civil_conflict_final": 0.0,
      "fragmentation_max": 0.0,
      "fragmentation_final": 0.0,
      "hab0_final": 0.470456,
      "habs_final": 0.324141,
      "founder_count_final": 14.0,
      "founder_share_final": 0.040936,
      "median_state_age_final": 1845.0,
      "p90_state_age_final": 6065.5,
      "election_count_max": 37.0,
      "election_count_final": 17.0
    },
    {
      "seed": 4,
      "max_unlocked": 28,
      "top1_max": 0.058347,
      "top1_final": 0.031298,
      "wars_active_max": 4.0,
      "major_wars_final": 0.035242,
      "civil_conflict_max": 8.0,
      "civil_conflict_final": 0.0,
      "fragmentation_max": 0.0,
      "fragmentation_final": 0.0,
      "hab0_final": 0.470175,
      "habs_final": 0.34071,
      "founder_count_final": 11.0,
      "founder_share_final": 0.031161,
      "median_state_age_final": 1610.0,
      "p90_state_age_final": 4763.0,
      "election_count_max": 62.0,
      "election_count_final": 37.0
    },
    {
      "seed": 5,
      "max_unlocked": 28,
      "top1_max": 0.042138,
      "top1_final": 0.023865,
      "wars_active_max": 4.0,
      "major_wars_final": 0.042695,
      "civil_conflict_max": 11.0,
      "civil_conflict_final": 0.0,
      "fragmentation_max": 0.0,
      "fragmentation_final": 0.0,
      "hab0_final": 0.478488,
      "habs_final": 0.335486,
      "founder_count_final": 8.0,
      "founder_share_final": 0.022346,
      "median_state_age_final": 2002.5,
      "p90_state_age_final": 5050.0,
      "election_count_max": 92.0,
      "election_count_final": 52.0
    },
    {
      "seed": 6,
      "max_unlocked": 32,
      "top1_max": 0.076554,
      "top1_final": 0.053963,
      "wars_active_max": 4.0,
      "major_wars_final": 0.045984,
      "civil_conflict_max": 9.0,
      "civil_conflict_final": 0.0,
      "fragmentation_max": 0.0,
      "fragmentation_final": 0.0,
      "hab0_final": 0.394911,
      "habs_final": 0.313806,
      "founder_count_final": 15.0,
      "founder_share_final": 0.043732,
      "median_state_age_final": 1600.0,
      "p90_state_age_final": 5287.0,
      "election_count_max": 71.0,
      "election_count_final": 37.0
    },
    {
      "seed": 7,
      "max_unlocked": 28,
      "top1_max": 0.042212,
      "top1_final": 0.032355,
      "wars_active_max": 4.0,
      "major_wars_final": 0.024218,
      "civil_conflict_max": 15.0,
      "civil_conflict_final": 0.0,
      "fragmentation_max": 0.0,
      "fragmentation_final": 0.0,
      "hab0_final": 0.453381,
      "habs_final": 0.312739,
      "founder_count_final": 6.0,
      "founder_share_final": 0.016807,
      "median_state_age_final": 1775.0,
      "p90_state_age_final": 6049.0,
      "election_count_max": 42.0,
      "election_count_final": 16.0
    },
    {
      "seed": 8,
      "max_unlocked": 28,
      "top1_max": 0.06348,
      "top1_final": 0.045221,
      "wars_active_max": 4.0,
      "major_wars_final": 0.025447,
      "civil_conflict_max": 8.0,
      "civil_conflict_final": 0.0,
      "fragmentation_max": 0.0,
      "fragmentation_final": 0.0,
      "hab0_final": 0.414233,
      "habs_final": 0.302404,
      "founder_count_final": 11.0,
      "founder_share_final": 0.030387,
      "median_state_age_final": 1040.0,
      "p90_state_age_final": 4284.5,
      "election_count_max": 89.0,
      "election_count_final": 44.0
    },
    {
      "seed": 9,
      "max_unlocked": 26,
      "top1_max": 0.057862,
      "top1_final": 0.04408,
      "wars_active_max": 2.0,
      "major_wars_final": 0.039052,
      "civil_conflict_max": 13.0,
      "civil_conflict_final": 0.0,
      "fragmentation_max": 0.0,
      "fragmentation_final": 0.0,
      "hab0_final": 0.504325,
      "habs_final": 0.36767,
      "founder_count_final": 9.0,
      "founder_share_final": 0.025641,
      "median_state_age_final": 1885.0,
      "p90_state_age_final": 5790.0,
      "election_count_max": 55.0,
      "election_count_final": 27.0
    },
    {
      "seed": 10,
      "max_unlocked": 28,
      "top1_max": 0.055012,
      "top1_final": 0.043673,
      "wars_active_max": 5.0,
      "major_wars_final": 0.038851,
      "civil_conflict_max": 9.0,
      "civil_conflict_final": 0.0,
      "fragmentation_max": 0.0,
      "fragmentation_final": 0.0,
      "hab0_final": 0.451921,
      "habs_final": 0.33206,
      "founder_count_final": 12.0,