{
  "violations": [
    {
      "id": "STORAGE_SMOOTHING_CHEAT",
      "severity": 99.49160768444445,
      "hardfail": false,
      "details": {
        "adequacy_var": 1.270980788888886e-05,
        "loss_share": 0.01355151439785339
      }
    }
  ]
}