{
  "violations": [
    {
      "id": "STORAGE_SMOOTHING_CHEAT",
      "severity": 99.18530513777777,
      "hardfail": false,
      "details": {
        "adequacy_var": 2.036737155555553e-05,
        "loss_share": 0.02801200141160542
      }
    }
  ]
}