{
  "violations": [
    {
      "id": "STORAGE_SMOOTHING_CHEAT",
      "severity": 99.5121609111111,
      "hardfail": false,
      "details": {
        "adequacy_var": 1.2195977222222311e-05,
        "loss_share": 0.015581458339639148
      }
    }
  ]
}