{
  "violations": [
    {
      "id": "STORAGE_SMOOTHING_CHEAT",
      "severity": 99.57586863,
      "hardfail": false,
      "details": {
        "adequacy_var": 1.0603284250000074e-05,
        "loss_share": 0.011844057265801953
      }
    }
  ]
}