{
  "violations": [
    {
      "id": "STORAGE_SMOOTHING_CHEAT",
      "severity": 99.88760419444446,
      "hardfail": false,
      "details": {
        "adequacy_var": 2.809895138888811e-06,
        "loss_share": 0.03045994209389799
      }
    }
  ]
}