{
  "n": 16,
  "agg": {
    "max_unlocked": {
      "mean": 31.3125,
      "min": 26,
      "max": 41,
      "stdev": 5.416626602415936
    },
    "top1_max": {
      "mean": 0.06469875,
      "min": 0.043414,
      "max": 0.119891,
      "stdev": 0.02106298246776795
    },
    "top1_final": {
      "mean": 0.04889775,
      "min": 0.026897,
      "max": 0.10429,
      "stdev": 0.02276058570066904
    },
    "wars_active_max": {
      "mean": 3.6875,
      "min": 2.0,
      "max": 6.0,
      "stdev": 1.2103072956898178
    },
    "major_wars_final": {
      "mean": 0.03982025,
      "min": 0.029164,
      "max": 0.049796,
      "stdev": 0.006071243051262237
    },
    "civil_conflict_max": {
      "mean": 11.3125,
      "min": 7.0,
      "max": 19.0,
      "stdev": 3.440907402125201
    },
    "civil_conflict_final": {
      "mean": 0.125,
      "min": 0.0,
      "max": 2.0,
      "stdev": 0.4841229182759271
    },
    "fragmentation_max": {
      "mean": 0.0,
      "min": 0.0,
      "max": 0.0,
      "stdev": 0.0
    },
    "fragmentation_final": {
      "mean": 0.0,
      "min": 0.0,
      "max": 0.0,
      "stdev": 0.0
    },
    "hab0_final": {
      "mean": 0.4506080625,
      "min": 0.396091,
      "max": 0.509492,
      "stdev": 0.026366318140927318
    },
    "habs_final": {
      "mean": 0.329694125,
      "min": 0.293642,
      "max": 0.358627,
      "stdev": 0.01613705655422868
    },
    "founder_count_final": {
      "mean": 10.6875,
      "min": 5.0,
      "max": 15.0,
      "stdev": 3.440907402125201
    },
    "founder_share_final": {
      "mean": 0.0300635625,
      "min": 0.01462,
      "max": 0.044776,
      "stdev": 0.009897986209128287
    },
    "median_state_age_final": {
      "mean": 1801.875,
      "min": 1235.0,
      "max": 2505.0,
      "stdev": 400.2816391305002
    },
    "p90_state_age_final": {
      "mean": 5474.78125,
      "min": 3970.0,
      "max": 6264.5,
      "stdev": 571.5019676461644
    },
    "election_count_max": {
      "mean": 64.125,
      "min": 21.0,
      "max": 109.0,
      "stdev": 25.536432307587525
    },
    "election_count_final": {
      "mean": 28.75,
      "min": 6.0,
      "max": 56.0,
      "stdev": 13.740906083661296
    }
  },
  "runs": [
    {
      "seed": 1,
      "max_unlocked": 41,
      "top1_max": 0.081322,
      "top1_final": 0.077652,
      "wars_active_max": 2.0,
      "major_wars_final": 0.045707,
      "civil_conflict_max": 14.0,
      "civil_conflict_final": 0.0,
      "fragmentation_max": 0.0,
      "fragmentation_final": 0.0,
      "hab0_final": 0.440126,
      "habs_final": 0.334756,
      "founder_count_final": 10.0,
      "founder_share_final": 0.028169,
      "median_state_age_final": 1880.0,
      "p90_state_age_final": 5516.0,
      "election_count_max": 23.0,
      "election_count_final": 6.0
    },
    {
      "seed": 2,
      "max_unlocked": 31,
      "top1_max": 0.066532,
      "top1_final": 0.05266,
      "wars_active_max": 4.0,
      "major_wars_final": 0.040485,
      "civil_conflict_max": 14.0,
      "civil_conflict_final": 0.0,
      "fragmentation_max": 0.0,
      "fragmentation_final": 0.0,
      "hab0_final": 0.44563,
      "habs_final": 0.334251,
      "founder_count_final": 11.0,
      "founder_share_final": 0.030899,
      "median_state_age_final": 2307.5,
      "p90_state_age_final": 5362.5,
      "election_count_max": 56.0,
      "election_count_final": 26.0
    },
    {
      "seed": 3,
      "max_unlocked": 40,
      "top1_max": 0.084052,
      "top1_final": 0.054436,
      "wars_active_max": 4.0,
      "major_wars_final": 0.043501,
      "civil_conflict_max": 7.0,
      "civil_conflict_final": 0.0,
      "fragmentation_max": 0.0,
      "fragmentation_final": 0.0,
      "hab0_final": 0.477533,
      "habs_final": 0.339025,
      "founder_count_final": 15.0,
      "founder_share_final": 0.044776,
      "median_state_age_final": 2460.0,
      "p90_state_age_final": 6073.0,
      "election_count_max": 21.0,
      "election_count_final": 6.0
    },
    {
      "seed": 4,
      "max_unlocked": 28,
      "top1_max": 0.043414,
      "top1_final": 0.030656,
      "wars_active_max": 4.0,
      "major_wars_final": 0.042119,
      "civil_conflict_max": 8.0,
      "civil_conflict_final": 0.0,
      "fragmentation_max": 0.0,
      "fragmentation_final": 0.0,
      "hab0_final": 0.454055,
      "habs_final": 0.332004,
      "founder_count_final": 10.0,
      "founder_share_final": 0.027548,
      "median_state_age_final": 1785.0,
      "p90_state_age_final": 5388.0,
      "election_count_max": 56.0,
      "election_count_final": 28.0
    },
    {
      "seed": 5,
      "max_unlocked": 28,
      "top1_max": 0.047398,
      "top1_final": 0.027927,
      "wars_active_max": 4.0,
      "major_wars_final": 0.049796,
      "civil_conflict_max": 11.0,
      "civil_conflict_final": 0.0,
      "fragmentation_max": 0.0,
      "fragmentation_final": 0.0,
      "hab0_final": 0.473321,
      "habs_final": 0.326387,
      "founder_count_final": 9.0,
      "founder_share_final": 0.025641,
      "median_state_age_final": 1450.0,
      "p90_state_age_final": 4850.0,
      "election_count_max": 93.0,
      "election_count_final": 42.0
    },
    {
      "seed": 6,
      "max_unlocked": 26,
      "top1_max": 0.046289,
      "top1_final": 0.035977,
      "wars_active_max": 2.0,
      "major_wars_final": 0.03606,
      "civil_conflict_max": 7.0,
      "civil_conflict_final": 0.0,
      "fragmentation_max": 0.0,
      "fragmentation_final": 0.0,
      "hab0_final": 0.396091,
      "habs_final": 0.305605,
      "founder_count_final": 15.0,
      "founder_share_final": 0.041783,
      "median_state_age_final": 1395.0,
      "p90_state_age_final": 5135.0,
      "election_count_max": 96.0,
      "election_count_final": 47.0
    },
    {
      "seed": 7,
      "max_unlocked": 41,
      "top1_max": 0.095381,
      "top1_final": 0.092295,
      "wars_active_max": 4.0,
      "major_wars_final": 0.03146,
      "civil_conflict_max": 15.0,
      "civil_conflict_final": 0.0,
      "fragmentation_max": 0.0,
      "fragmentation_final": 0.0,
      "hab0_final": 0.468266,
      "habs_final": 0.338463,
      "founder_count_final": 6.0,
      "founder_share_final": 0.016949,
      "median_state_age_final": 2230.0,
      "p90_state_age_final": 5980.5,
      "election_count_max": 58.0,
      "election_count_final": 19.0
    },
    {
      "seed": 8,
      "max_unlocked": 28,
      "top1_max": 0.062644,
      "top1_final": 0.033271,
      "wars_active_max": 2.0,
      "major_wars_final": 0.042551,
      "civil_conflict_max": 8.0,
      "civil_conflict_final": 0.0,
      "fragmentation_max": 0.0,
      "fragmentation_final": 0.0,
      "hab0_final": 0.42951,
      "habs_final": 0.308751,
      "founder_count_final": 9.0,
      "founder_share_final": 0.024931,
      "median_state_age_final": 1235.0,
      "p90_state_age_final": 3970.0,
      "election_count_max": 31.0,
      "election_count_final": 11.0
    },
    {
      "seed": 9,
      "max_unlocked": 26,
      "top1_max": 0.044556,
      "top1_final": 0.030172,
      "wars_active_max": 2.0,
      "major_wars_final": 0.046897,
      "civil_conflict_max": 13.0,
      "civil_conflict_final": 0.0,
      "fragmentation_max": 0.0,
      "fragmentation_final": 0.0,
      "hab0_final": 0.509492,
      "habs_final": 0.358627,
      "founder_count_final": 8.0,
      "founder_share_final": 0.021798,
      "median_state_age_final": 1985.0,
      "p90_state_age_final": 6080.0,
      "election_count_max": 67.0,
      "election_count_final": 32.0
    },
    {
      "seed": 10,
      "max_unlocked": 28,
      "top1_max": 0.077935,
      "top1_final": 0.057051,
      "wars_active_max": 4.0,
      "major_wars_final": 0.030493,
      "civil_conflict_max": 10.0,
      "civil_conflict_final": 0.0,
      "fragmentation_max": 0.0,
      "fragmentation_final": 0.0,
      "hab0_final": 0.440463,
      "habs_final": 0.313806,
      "founder_count_final": 15.0,